subject_id,y_true,score,calibration
sub01,0,100.02785195402947,absolute
sub01,0,87.41732358668088,absolute
sub01,0,203.30977117620546,absolute
sub01,0,107.39874180579527,absolute
sub01,0,58.52973268849093,absolute
sub01,0,26.540291638807947,absolute
sub01,0,33.2973434731844,absolute
sub01,0,42.43823477719767,absolute
sub01,0,32.67615257479581,absolute
sub01,0,28.926210759841897,absolute
sub01,0,9.016843363989956,absolute
sub01,0,13.940701567590132,absolute
sub01,0,35.853698845027765,absolute
sub01,0,24.842664249407488,absolute
sub01,1,16.753644829366046,absolute
sub01,1,18.59289904141506,absolute
sub01,1,15.896028327562373,absolute
sub01,1,18.769526777805314,absolute
sub01,1,26.635899528784464,absolute
sub01,1,32.72909196608377,absolute
sub01,1,61.64518915202197,absolute
sub01,1,38.02264613566317,absolute
sub01,1,18.17167766263193,absolute
sub01,1,9.41236966166335,absolute
sub01,1,16.177462919187466,absolute
sub01,1,19.17799678194899,absolute
sub01,1,29.798047870398165,absolute
sub01,1,25.922010655200797,absolute
sub02,0,16.489745097964228,absolute
sub02,0,43.17430665948899,absolute
sub02,0,39.60404018403368,absolute
sub02,0,52.009356189097076,absolute
sub02,0,76.81027061426563,absolute
sub02,0,14.125362084632721,absolute
sub02,0,26.942238485860408,absolute
sub02,0,11.357200065564344,absolute
sub02,0,23.012467885545544,absolute
sub02,0,52.5796758625306,absolute
sub02,0,48.5044376851422,absolute
sub02,0,77.94734386184498,absolute
sub02,0,27.693883305976975,absolute
sub02,0,74.4504291730496,absolute
sub02,1,12.307767396293345,absolute
sub02,1,18.46218568536598,absolute
sub02,1,13.854433328939201,absolute
sub02,1,15.627180973095157,absolute
sub02,1,25.295619494885692,absolute
sub02,1,41.20312628066829,absolute
sub02,1,20.034204253107223,absolute
sub02,1,12.533075563523761,absolute
sub02,1,24.294114355025386,absolute
sub02,1,37.216890203510566,absolute
sub02,1,29.908706957944794,absolute
sub02,1,20.63368594723057,absolute
sub02,1,12.250070521159643,absolute
sub02,1,13.814493137763804,absolute
sub03,0,-0.8085978984908899,absolute
sub03,0,-2.8538668629154507,absolute
sub03,0,8.705042331346492,absolute
sub03,0,10.934294110780417,absolute
sub03,0,27.652975110290217,absolute
sub03,0,17.51499063796111,absolute
sub03,0,31.91171338287766,absolute
sub03,0,45.11221904261765,absolute
sub03,0,22.860622350964324,absolute
sub03,0,6.625257220443301,absolute
sub03,0,9.450498081744827,absolute
sub03,0,11.22569652083462,absolute
sub03,0,6.845316354316003,absolute
sub03,0,5.5319960626786795,absolute
sub03,1,-1.4548897467007582,absolute
sub03,1,1.8586659565811219,absolute
sub03,1,3.3414639939397945,absolute
sub03,1,-0.6012540983008283,absolute
sub03,1,10.010146501784881,absolute
sub03,1,14.200313940760998,absolute
sub03,1,14.607609363076683,absolute
sub03,1,24.983031950042395,absolute
sub03,1,30.42288326747489,absolute
sub03,1,5.547229659321599,absolute
sub03,1,7.181902553856633,absolute
sub03,1,3.898709109395188,absolute
sub03,1,0.619579903535534,absolute
sub03,1,1.3657786679574928,absolute
sub04,0,4.632490890399482,absolute
sub04,0,8.085674873826665,absolute
sub04,0,9.12330591365471,absolute
sub04,0,20.133988689074663,absolute
sub04,0,20.86603638177623,absolute
sub04,0,6.6791750221033865,absolute
sub04,0,10.132644782463663,absolute
sub04,0,18.41347300137691,absolute
sub04,0,14.315561746100338,absolute
sub04,0,20.18868794745722,absolute
sub04,0,12.83976577888284,absolute
sub04,0,10.11340535813203,absolute
sub04,0,11.248939546197901,absolute
sub04,0,19.482141888176894,absolute
sub04,1,14.109909485521529,absolute
sub04,1,6.790451651563109,absolute
sub04,1,10.934619304347153,absolute
sub04,1,12.895626106712415,absolute
sub04,1,5.2178102783689235,absolute
sub04,1,1.7178483854327358,absolute
sub04,1,2.591000604751923,absolute
sub04,1,0.9654304418805653,absolute
sub04,1,-1.3351674809044711,absolute
sub04,1,3.7922510014272954,absolute
sub04,1,9.496991246716387,absolute
sub04,1,5.703038881906197,absolute
sub04,1,9.331669581300408,absolute
sub04,1,7.101075041590081,absolute
sub05,0,26.722734618120302,absolute
sub05,0,32.196442267863155,absolute
sub05,0,26.77013259788064,absolute
sub05,0,38.35324885110819,absolute
sub05,0,17.17373509971967,absolute
sub05,0,32.381543763564565,absolute
sub05,0,25.793979152254117,absolute
sub05,0,19.427731539498954,absolute
sub05,0,17.03404135495387,absolute
sub05,0,11.206399824839405,absolute
sub05,0,17.26588353010242,absolute
sub05,0,43.48971703077621,absolute
sub05,0,28.76083366440506,absolute
sub05,0,16.158562116539027,absolute
sub05,1,-5.1192093458890415,absolute
sub05,1,2.493766519845806,absolute
sub05,1,-9.304495547836538,absolute
sub05,1,-2.527727317463314,absolute
sub05,1,20.204357135837423,absolute
sub05,1,28.254534623095996,absolute
sub05,1,15.589139087276195,absolute
sub05,1,6.267446354708496,absolute
sub05,1,44.42917115767252,absolute
sub05,1,63.580724868162264,absolute
sub05,1,68.87683702978133,absolute
sub05,1,56.07576717663479,absolute
sub05,1,13.117442995239745,absolute
sub05,1,8.729287530494402,absolute
sub06,0,2.2832186704067943,absolute
sub06,0,-6.713312472352658,absolute
sub06,0,-0.25297639461128313,absolute
sub06,0,-1.6561629329653087,absolute
sub06,0,1.9217483073822945,absolute
sub06,0,-2.5205438942702076,absolute
sub06,0,6.297089711911695,absolute
sub06,0,2.677160698922742,absolute
sub06,0,3.114390151774323,absolute
sub06,0,4.1798159925181215,absolute
sub06,0,-10.564901440248935,absolute
sub06,0,-5.361103911140418,absolute
sub06,0,7.98367014046473,absolute
sub06,0,10.100103255505857,absolute
sub06,1,-1.370196972068229,absolute
sub06,1,-7.589391968947908,absolute
sub06,1,-6.554211559004599,absolute
sub06,1,-52.36750388331332,absolute
sub06,1,-20.669433389796396,absolute
sub06,1,-22.785777968062224,absolute
sub06,1,9.8465998003647,absolute
sub06,1,2.9712704374722216,absolute
sub06,1,-2.997114089916389,absolute
sub06,1,-0.7474084514494062,absolute
sub06,1,-6.1165298547562035,absolute
sub06,1,-23.891393086841074,absolute
sub06,1,-6.015504130395659,absolute
sub06,1,-6.396668825713747,absolute
sub07,0,4.184631996332458,absolute
sub07,0,4.995569679002069,absolute
sub07,0,21.840101040701423,absolute
sub07,0,15.595573696412297,absolute
sub07,0,46.012099571922576,absolute
sub07,0,37.18804702329986,absolute
sub07,0,45.15047670299105,absolute
sub07,0,20.141582240751568,absolute
sub07,0,7.713531832868974,absolute
sub07,0,34.833725374226525,absolute
sub07,0,37.417210674575934,absolute
sub07,0,60.7701912955511,absolute
sub07,0,59.73184003911005,absolute
sub07,0,84.31195785837113,absolute
sub07,1,13.227841705331082,absolute
sub07,1,12.188775596272722,absolute
sub07,1,10.804650119897763,absolute
sub07,1,3.012835623516051,absolute
sub07,1,4.969233092245747,absolute
sub07,1,10.589392621972426,absolute
sub07,1,2.7885772228945416,absolute
sub07,1,-10.812036314281913,absolute
sub07,1,-4.947829037748293,absolute
sub07,1,-35.58737122693008,absolute
sub07,1,-3.475615324409673,absolute
sub07,1,12.053112794942885,absolute
sub07,1,20.903221781149163,absolute
sub07,1,4.732634664423916,absolute
sub08,0,40.28634605018903,absolute
sub08,0,32.83909881171162,absolute
sub08,0,10.328583828720902,absolute
sub08,0,-0.6968527567623413,absolute
sub08,0,9.349778661155966,absolute
sub08,0,10.975272640945581,absolute
sub08,0,24.25430979713809,absolute
sub08,0,57.84547780591961,absolute
sub08,0,32.81452803707583,absolute
sub08,0,40.50012964270917,absolute
sub08,0,54.419387206911914,absolute
sub08,0,22.33662082967547,absolute
sub08,0,31.20361636487776,absolute
sub08,0,44.508547882206514,absolute
sub08,1,23.353576958136497,absolute
sub08,1,51.233927738473554,absolute
sub08,1,37.620936897638906,absolute
sub08,1,32.06835340232651,absolute
sub08,1,-50.735887123075166,absolute
sub08,1,-64.3433300096247,absolute
sub08,1,5.1503992114221955,absolute
sub08,1,26.150278211328708,absolute
sub08,1,27.39407090317266,absolute
sub08,1,21.435749077525905,absolute
sub08,1,47.593221404332695,absolute
sub08,1,4.606079931841548,absolute
sub08,1,16.391069763055096,absolute
sub08,1,22.98672685066598,absolute
sub09,0,11.58691820729548,absolute
sub09,0,10.546193087519066,absolute
sub09,0,11.395836719467725,absolute
sub09,0,10.479445479955706,absolute
sub09,0,4.930174127792053,absolute
sub09,0,3.0609833719228057,absolute
sub09,0,1.196957173050031,absolute
sub09,0,9.15409922709931,absolute
sub09,0,6.940641719875381,absolute
sub09,0,0.4205480266969822,absolute
sub09,0,-2.6704579313872268,absolute
sub09,0,-1.5140850541775368,absolute
sub09,0,0.4327328022400138,absolute
sub09,0,1.0821919970195866,absolute
sub09,1,5.642099604565778,absolute
sub09,1,-1.0166362771610133,absolute
sub09,1,1.1174496254014445,absolute
sub09,1,7.953757211534271,absolute
sub09,1,3.238293754356485,absolute
sub09,1,52.923760528359935,absolute
sub09,1,46.69142940744241,absolute
sub09,1,26.457392857149294,absolute
sub09,1,10.174688219115707,absolute
sub09,1,12.36036752174914,absolute
sub09,1,7.757582044299838,absolute
sub09,1,8.681973964513892,absolute
sub09,1,0.7384831257284372,absolute
sub09,1,0.9832080502936986,absolute
sub10,0,-0.5737112136454632,absolute
sub10,0,13.921829617648394,absolute
sub10,0,28.34884441112037,absolute
sub10,0,19.800013659701396,absolute
sub10,0,12.137466508813965,absolute
sub10,0,24.212168738437736,absolute
sub10,0,28.169493508699322,absolute
sub10,0,5.0274192142271925,absolute
sub10,0,5.940173586558447,absolute
sub10,0,10.996501377218465,absolute
sub10,0,23.48896906904466,absolute
sub10,0,13.009308505227207,absolute
sub10,0,11.53582102977212,absolute
sub10,0,-0.7218818340541562,absolute
sub10,1,44.64415794401308,absolute
sub10,1,13.474217876416278,absolute
sub10,1,5.426025386376586,absolute
sub10,1,19.794070924907334,absolute
sub10,1,8.195654763473067,absolute
sub10,1,9.22053978224783,absolute
sub10,1,18.947112679040217,absolute
sub10,1,11.053779462368707,absolute
sub10,1,4.843876550639711,absolute
sub10,1,5.355342850243622,absolute
sub10,1,8.930686810185671,absolute
sub10,1,8.593186570396005,absolute
sub10,1,2.257775726312488,absolute
sub10,1,1.410223779318887,absolute
sub11,0,3.4217990553674227,absolute
sub11,0,9.491769896747456,absolute
sub11,0,55.92763971959968,absolute
sub11,0,24.864338321908445,absolute
sub11,0,35.94983715915328,absolute
sub11,0,58.89337068477892,absolute
sub11,0,40.214107561018004,absolute
sub11,0,42.25303218437715,absolute
sub11,0,8.677748866758211,absolute
sub11,0,15.352797461402266,absolute
sub11,0,63.39670214385314,absolute
sub11,0,53.76058319923819,absolute
sub11,0,64.37461614308032,absolute
sub11,0,2.4154672940086757,absolute
sub11,1,3.9374537167940185,absolute
sub11,1,7.254714276038647,absolute
sub11,1,11.189647246647779,absolute
sub11,1,9.275337129537338,absolute
sub11,1,9.040318807799247,absolute
sub11,1,2.8525346849367796,absolute
sub11,1,2.888859481257322,absolute
sub11,1,8.172915557977355,absolute
sub11,1,17.003890925664635,absolute
sub11,1,23.717320548284516,absolute
sub11,1,9.077536790533363,absolute
sub11,1,8.780323737613353,absolute
sub11,1,15.561794447221263,absolute
sub11,1,15.762696428676936,absolute
sub12,0,-3.9875941401345107,absolute
sub12,0,1.2326052579725468,absolute
sub12,0,6.307521367232648,absolute
sub12,0,8.243891861799874,absolute
sub12,0,-0.5704070479272989,absolute
sub12,0,1.9853945204416454,absolute
sub12,0,6.4498892050136725,absolute
sub12,0,18.018007353753326,absolute
sub12,0,9.090910560186423,absolute
sub12,0,8.802324458633997,absolute
sub12,0,8.069237998715868,absolute
sub12,0,16.436518310646544,absolute
sub12,0,16.818391774749255,absolute
sub12,0,22.16525857843217,absolute
sub12,1,2.8891644695812575,absolute
sub12,1,2.459502188306944,absolute
sub12,1,1.4390298447802308,absolute
sub12,1,3.810734022655054,absolute
sub12,1,3.4814697619233654,absolute
sub12,1,6.231837628536869,absolute
sub12,1,5.439542548563159,absolute
sub12,1,4.901978546222491,absolute
sub12,1,10.969122013131628,absolute
sub12,1,15.389474822850271,absolute
sub12,1,8.817340938570032,absolute
sub12,1,3.6132731877903304,absolute
sub12,1,5.280698851239293,absolute
sub12,1,-4.150572305067755,absolute
sub13,0,15.134330671239956,absolute
sub13,0,12.047614577149993,absolute
sub13,0,5.7003413431180405,absolute
sub13,0,7.596619112387335,absolute
sub13,0,5.288812215780169,absolute
sub13,0,1.1169374651221302,absolute
sub13,0,6.969778034355078,absolute
sub13,0,-4.600470900401563,absolute
sub13,0,29.62151532430712,absolute
sub13,0,11.244850218780487,absolute
sub13,0,10.753209279989658,absolute
sub13,0,18.498059761386127,absolute
sub13,0,7.847377157539266,absolute
sub13,0,-0.14326803391601034,absolute
sub13,1,11.39034656653526,absolute
sub13,1,12.293742899409148,absolute
sub13,1,14.11027471279595,absolute
sub13,1,10.217340811983496,absolute
sub13,1,15.760138701654515,absolute
sub13,1,22.86482489288326,absolute
sub13,1,28.710213732212864,absolute
sub13,1,6.948196892428949,absolute
sub13,1,3.638233862119437,absolute
sub13,1,-2.3247196260722975,absolute
sub13,1,16.33089172930987,absolute
sub13,1,22.694818540747768,absolute
sub13,1,0.776294026631912,absolute
sub13,1,6.191189327342374,absolute
sub14,0,53.33317703230489,absolute
sub14,0,54.61197921544217,absolute
sub14,0,31.559316101210253,absolute
sub14,0,45.58240928133475,absolute
sub14,0,35.36422891406794,absolute
sub14,0,20.111776210219503,absolute
sub14,0,30.699477663334267,absolute
sub14,0,41.65769723865176,absolute
sub14,0,50.114547605452024,absolute
sub14,0,53.703793386228135,absolute
sub14,0,47.34341061309428,absolute
sub14,0,37.31595203943897,absolute
sub14,0,19.323914130747045,absolute
sub14,0,46.77571293430752,absolute
sub14,1,6.773495980868748,absolute
sub14,1,5.604584394502298,absolute
sub14,1,0.8282569421314585,absolute
sub14,1,9.0865435334256,absolute
sub14,1,16.41315774701217,absolute
sub14,1,1.868561425601021,absolute
sub14,1,17.74121604159883,absolute
sub14,1,8.36232265453129,absolute
sub14,1,3.058413843470787,absolute
sub14,1,4.374855040279175,absolute
sub14,1,0.4917511224936678,absolute
sub14,1,5.652977482914907,absolute
sub14,1,14.202158836379105,absolute
sub14,1,11.654542945902117,absolute
sub15,0,20.48261789186665,absolute
sub15,0,7.38395740021041,absolute
sub15,0,9.360025444431558,absolute
sub15,0,10.20655681081284,absolute
sub15,0,7.971696651448164,absolute
sub15,0,2.502939660045292,absolute
sub15,0,6.656462780965554,absolute
sub15,0,15.024822757229629,absolute
sub15,0,8.295355651847842,absolute
sub15,0,12.360819928717008,absolute
sub15,0,10.507773095222989,absolute
sub15,0,-0.13654641751349755,absolute
sub15,0,12.422732883433731,absolute
sub15,0,7.875041275013323,absolute
sub15,1,22.897071825851015,absolute
sub15,1,5.9682431645530345,absolute
sub15,1,9.896592377387146,absolute
sub15,1,73.7658394870827,absolute
sub15,1,62.68158730844739,absolute
sub15,1,65.09392277041192,absolute
sub15,1,8.921659056352192,absolute
sub15,1,9.996510810891259,absolute
sub15,1,12.13753578326255,absolute
sub15,1,62.40806730458119,absolute
sub15,1,47.16566288388662,absolute
sub15,1,17.742570431113585,absolute
sub15,1,3.291722682609058,absolute
sub15,1,7.6137415049165185,absolute
sub16,0,21.729286080076474,absolute
sub16,0,20.217719597576643,absolute
sub16,0,-0.04118974127183039,absolute
sub16,0,4.688586750277065,absolute
sub16,0,4.752994871227266,absolute
sub16,0,3.4229694352016855,absolute
sub16,0,2.1192705129198965,absolute
sub16,0,3.127591819358532,absolute
sub16,0,1.0309828660725984,absolute
sub16,0,6.883038847608432,absolute
sub16,0,9.921493502746907,absolute
sub16,0,8.56378905619731,absolute
sub16,0,9.504543730446056,absolute
sub16,0,10.113152924978776,absolute
sub16,1,24.807743717709403,absolute
sub16,1,15.941355122701154,absolute
sub16,1,3.2745900641994714,absolute
sub16,1,5.215176668198466,absolute
sub16,1,9.679515642930935,absolute
sub16,1,11.090982338606901,absolute
sub16,1,5.457831642299207,absolute
sub16,1,12.45083156395335,absolute
sub16,1,9.498100444633616,absolute
sub16,1,3.9695391519427417,absolute
sub16,1,5.6454274866490675,absolute
sub16,1,7.003161133003521,absolute
sub16,1,6.319567229593567,absolute
sub16,1,2.05675088469841,absolute
sub17,0,1.9927605051030055,absolute
sub17,0,-2.0311587905287403,absolute
sub17,0,-3.8884426136798895,absolute
sub17,0,-2.0909026511267457,absolute
sub17,0,2.8830226687729392,absolute
sub17,0,3.1830346173052346,absolute
sub17,0,3.0054008712993676,absolute
sub17,0,7.938954525847449,absolute
sub17,0,7.9538628583482325,absolute
sub17,0,4.376106253599323,absolute
sub17,0,0.9348814961977823,absolute
sub17,0,-1.0034932881712801,absolute
sub17,0,3.6044921954520586,absolute
sub17,0,7.216531751354181,absolute
sub17,1,2.168831996228379,absolute
sub17,1,4.018544745945399,absolute
sub17,1,-2.852833435827289,absolute
sub17,1,-2.6638571461184606,absolute
sub17,1,-3.125495369544309,absolute
sub17,1,3.0262228393208943,absolute
sub17,1,-0.840092046537658,absolute
sub17,1,1.5897968644901974,absolute
sub17,1,-0.7868707230446901,absolute
sub17,1,2.3996733269435913,absolute
sub17,1,10.61178303149585,absolute
sub17,1,9.996124837156009,absolute
sub17,1,7.013651466534816,absolute
sub17,1,8.039694340713725,absolute
sub18,0,-4.58942328491308,absolute
sub18,0,6.539175647858639,absolute
sub18,0,9.923648466149242,absolute
sub18,0,6.1682003654562205,absolute
sub18,0,2.334563007983816,absolute
sub18,0,2.417943027707694,absolute
sub18,0,-3.1453054039734374,absolute
sub18,0,2.949048586523409,absolute
sub18,0,16.61459875571218,absolute
sub18,0,6.096766572948442,absolute
sub18,0,2.170822122214098,absolute
sub18,0,0.749708011089117,absolute
sub18,0,-4.219866856070187,absolute
sub18,0,23.88969716431113,absolute
sub18,1,19.602057031097686,absolute
sub18,1,41.303199455559145,absolute
sub18,1,37.23114506030331,absolute
sub18,1,14.555310029821394,absolute
sub18,1,18.639700874822925,absolute
sub18,1,10.38245694435911,absolute
sub18,1,12.035677686211747,absolute
sub18,1,27.610742301821467,absolute
sub18,1,27.01829241049879,absolute
sub18,1,19.82813437246067,absolute
sub18,1,9.35493173567348,absolute
sub18,1,23.021574564223663,absolute
sub18,1,13.391359905394948,absolute
sub18,1,15.854797702791354,absolute
sub19,0,7.006635278681568,absolute
sub19,0,12.803955996997814,absolute
sub19,0,7.703528774840152,absolute
sub19,0,4.603205457403981,absolute
sub19,0,-3.1124507899174536,absolute
sub19,0,12.528252208454793,absolute
sub19,0,12.332787235880339,absolute
sub19,0,14.820656202332799,absolute
sub19,0,3.402138362497748,absolute
sub19,0,-0.7782382671348034,absolute
sub19,0,24.202490547410264,absolute
sub19,0,35.522913927338564,absolute
sub19,0,18.960944517429166,absolute
sub19,0,13.285798958951224,absolute
sub19,1,1.9041606918920861,absolute
sub19,1,1.3533061509492885,absolute
sub19,1,-1.3386579535647345,absolute
sub19,1,0.949843206211402,absolute
sub19,1,-3.2940822969879147,absolute
sub19,1,-1.6074577457496424,absolute
sub19,1,1.2026050769132317,absolute
sub19,1,-1.1050401899573317,absolute
sub19,1,2.7594648754038476,absolute
sub19,1,-1.177645302298548,absolute
sub19,1,2.207118625219643,absolute
sub19,1,2.8847739458465025,absolute
sub19,1,-0.23804159377119666,absolute
sub19,1,2.987121509598344,absolute
sub20,0,9.87332324114035,absolute
sub20,0,9.801117746953611,absolute
sub20,0,7.617187567882245,absolute
sub20,0,1.6342359171631173,absolute
sub20,0,-2.303486891866018,absolute
sub20,0,4.044057483119154,absolute
sub20,0,7.07501286291146,absolute
sub20,0,4.980306641992395,absolute
sub20,0,0.35280215297904616,absolute
sub20,0,0.28455436711303717,absolute
sub20,0,1.2718309930273592,absolute
sub20,0,1.3616236463317806,absolute
sub20,0,5.681046694027258,absolute
sub20,0,6.268117134991407,absolute
sub20,1,20.29370639455602,absolute
sub20,1,13.338673267753016,absolute
sub20,1,9.28174287778168,absolute
sub20,1,6.335279541897041,absolute
sub20,1,6.907309095594054,absolute
sub20,1,4.555455830334247,absolute
sub20,1,6.482111462696508,absolute
sub20,1,1.2285167567455624,absolute
sub20,1,7.964731428044622,absolute
sub20,1,14.187357244020752,absolute
sub20,1,14.576593718026405,absolute
sub20,1,1.285735297830517,absolute
sub20,1,1.0636579945686395,absolute
sub20,1,6.215765235091009,absolute
sub21,0,46.94866708972443,absolute
sub21,0,53.49822009564835,absolute
sub21,0,40.100074306944535,absolute
sub21,0,54.27061288748356,absolute
sub21,0,62.90625827436123,absolute
sub21,0,50.748761254076356,absolute
sub21,0,37.478357209611424,absolute
sub21,0,63.357327364977195,absolute
sub21,0,56.5013776654412,absolute
sub21,0,26.871502655248356,absolute
sub21,0,6.324568579996826,absolute
sub21,0,11.15701565461172,absolute
sub21,0,-0.550745908764011,absolute
sub21,0,12.18393541351353,absolute
sub21,1,79.52246661199693,absolute
sub21,1,63.33528248995441,absolute
sub21,1,79.9841251120795,absolute
sub21,1,45.825992894910286,absolute
sub21,1,28.071351645059288,absolute
sub21,1,42.97100856227285,absolute
sub21,1,46.778012123506166,absolute
sub21,1,23.629752364518524,absolute
sub21,1,24.354534077812094,absolute
sub21,1,35.15339209266849,absolute
sub21,1,25.250905587323793,absolute
sub21,1,30.919997697583362,absolute
sub21,1,22.885873604749722,absolute
sub21,1,25.30756782649108,absolute
sub22,0,-0.06236547637296974,absolute
sub22,0,26.861128373663902,absolute
sub22,0,18.932646017270653,absolute
sub22,0,26.99488697337712,absolute
sub22,0,5.4625970488519995,absolute
sub22,0,-3.765645692643396,absolute
sub22,0,-5.358127483332129,absolute
sub22,0,1.9465234142053889,absolute
sub22,0,1.426435239851632,absolute
sub22,0,5.055501444653312,absolute
sub22,0,1.2911302631595756,absolute
sub22,0,-1.8801718369893712,absolute
sub22,0,1.391038319192136,absolute
sub22,0,2.689248524069799,absolute
sub22,1,3.7931806700187627,absolute
sub22,1,0.21268057234745152,absolute
sub22,1,5.140529236716185,absolute
sub22,1,7.867810987619254,absolute
sub22,1,-0.7888473538867953,absolute
sub22,1,12.837317756488417,absolute
sub22,1,12.668885897911949,absolute
sub22,1,15.96321812174711,absolute
sub22,1,28.97057563650893,absolute
sub22,1,46.90617810389138,absolute
sub22,1,0.001069346006891958,absolute
sub22,1,15.964120622616942,absolute
sub22,1,6.844844350258512,absolute
sub22,1,-1.1541971500920885,absolute
sub23,0,-1.9510921492991133,absolute
sub23,0,3.0423830577232542,absolute
sub23,0,1.5437508796853006,absolute
sub23,0,-0.3740356679237779,absolute
sub23,0,6.111246314793944,absolute
sub23,0,4.609162221738773,absolute
sub23,0,0.6177553772967121,absolute
sub23,0,-8.35245294050756,absolute
sub23,0,-1.7522733916357236,absolute
sub23,0,-5.599572746912389,absolute
sub23,0,0.8407987747617607,absolute
sub23,0,1.416173135157656,absolute
sub23,0,0.7440004626179868,absolute
sub23,0,-1.3566864114686044,absolute
sub23,1,2.2923884954540727,absolute
sub23,1,18.426641415116066,absolute
sub23,1,7.140792379196764,absolute
sub23,1,1.022269698161504,absolute
sub23,1,6.966779303150102,absolute
sub23,1,10.102286302149208,absolute
sub23,1,5.455411781918201,absolute
sub23,1,7.717075897746776,absolute
sub23,1,4.763231090715882,absolute
sub23,1,4.922780744292989,absolute
sub23,1,2.357372477518904,absolute
sub23,1,3.7156758732661097,absolute
sub23,1,3.1352542468378473,absolute
sub23,1,1.5399600351969132,absolute
sub24,0,-0.3914123612917196,absolute
sub24,0,3.070288945665594,absolute
sub24,0,-0.6193479859768893,absolute
sub24,0,1.1546021662319677,absolute
sub24,0,1.0766755057802495,absolute
sub24,0,6.094885449693888,absolute
sub24,0,-5.010952288281928,absolute
sub24,0,5.409547622422704,absolute
sub24,0,5.721704803499897,absolute
sub24,0,33.26725116549463,absolute
sub24,0,30.082725464005215,absolute
sub24,0,26.95865390724028,absolute
sub24,0,6.4842871674309555,absolute
sub24,0,3.8341050502021106,absolute
sub24,1,4.768395564924427,absolute
sub24,1,5.9997121166244325,absolute
sub24,1,20.06353166186206,absolute
sub24,1,4.926631336313042,absolute
sub24,1,26.371271197490014,absolute
sub24,1,19.926012550116454,absolute
sub24,1,15.465231652995001,absolute
sub24,1,36.69174296708174,absolute
sub24,1,26.34471236744286,absolute
sub24,1,32.28088735592029,absolute
sub24,1,37.42991358207087,absolute
sub24,1,25.58579633523442,absolute
sub24,1,-59.93538080200688,absolute
sub24,1,-61.47986617929754,absolute
sub25,0,3.924239507537319,absolute
sub25,0,0.4103018728491293,absolute
sub25,0,14.613838420430346,absolute
sub25,0,25.651268086839426,absolute
sub25,0,8.496214002385694,absolute
sub25,0,-132.17146423650226,absolute
sub25,0,-117.16720792112447,absolute
sub25,0,43.17854603158878,absolute
sub25,0,20.218614759708025,absolute
sub25,0,44.10343244949507,absolute
sub25,0,63.48477634453499,absolute
sub25,0,38.75455693716703,absolute
sub25,0,1.3945668807677316,absolute
sub25,0,1.7299090480182895,absolute
sub25,1,8.392265928283065,absolute
sub25,1,4.621281545383386,absolute
sub25,1,17.52914287334119,absolute
sub25,1,6.418043445573206,absolute
sub25,1,24.71422559176083,absolute
sub25,1,36.245035706620854,absolute
sub25,1,46.34487157081504,absolute
sub25,1,39.07202548013555,absolute
sub25,1,11.076143520775984,absolute
sub25,1,19.55172188588795,absolute
sub25,1,14.583534827102548,absolute
sub25,1,19.4130530612064,absolute
sub25,1,27.277015964781665,absolute
sub25,1,4.946324877018213,absolute
sub26,0,16.493462581561268,absolute
sub26,0,-12.821802267846731,absolute
sub26,0,11.038103771164531,absolute
sub26,0,-9.290566562460642,absolute
sub26,0,-13.114393542943201,absolute
sub26,0,-4.684952400646901,absolute
sub26,0,0.30503400831937266,absolute
sub26,0,1.3358238123056478,absolute
sub26,0,11.718922744771268,absolute
sub26,0,7.915312411799372,absolute
sub26,0,1.7040628682543748,absolute
sub26,0,-11.329216734902827,absolute
sub26,0,-4.541037057258306,absolute
sub26,0,16.493154143272193,absolute
sub26,1,6.931383435882879,absolute
sub26,1,11.545843954772225,absolute
sub26,1,8.350971066427356,absolute
sub26,1,7.885583236523158,absolute
sub26,1,7.074760899535101,absolute
sub26,1,7.206827675325384,absolute
sub26,1,6.37946558669511,absolute
sub26,1,7.29327936511401,absolute
sub26,1,9.03344306641435,absolute
sub26,1,25.96697668885887,absolute
sub26,1,1.7431982067522505,absolute
sub26,1,6.073102015886511,absolute
sub26,1,2.4820862448659677,absolute
sub26,1,63.683740542728586,absolute
sub27,0,21.767952375634216,absolute
sub27,0,12.229017649755582,absolute
sub27,0,14.388263262386056,absolute
sub27,0,42.48821450038032,absolute
sub27,0,41.35613651448058,absolute
sub27,0,32.82360204441577,absolute
sub27,0,21.812104684221104,absolute
sub27,0,49.3274739640492,absolute
sub27,0,58.10882365029502,absolute
sub27,0,34.47935222799722,absolute
sub27,0,22.637778969110823,absolute
sub27,0,29.599457330533177,absolute
sub27,0,48.10519669531921,absolute
sub27,0,45.922739132146916,absolute
sub27,1,5.453927157136462,absolute
sub27,1,6.303096823176305,absolute
sub27,1,9.863668881368646,absolute
sub27,1,14.658137913009531,absolute
sub27,1,17.731348375091237,absolute
sub27,1,5.259703330882186,absolute
sub27,1,15.019332796440445,absolute
sub27,1,16.9099394149631,absolute
sub27,1,18.26942469632701,absolute
sub27,1,8.122008962629,absolute
sub27,1,16.143675367535053,absolute
sub27,1,11.031411938668317,absolute
sub27,1,14.21943782754481,absolute
sub27,1,34.752170951343,absolute
sub28,0,23.79786713930737,absolute
sub28,0,13.926382873895964,absolute
sub28,0,9.369738342394491,absolute
sub28,0,4.532001579846961,absolute
sub28,0,14.014580263452679,absolute
sub28,0,7.849457162579342,absolute
sub28,0,15.264684462950274,absolute
sub28,0,22.11083967439278,absolute
sub28,0,19.56425649128332,absolute
sub28,0,6.549878751620352,absolute
sub28,0,15.285001334575883,absolute
sub28,0,24.158770835726166,absolute
sub28,0,19.512012286669535,absolute
sub28,0,5.884024956607908,absolute
sub28,1,3.6460160749230446,absolute
sub28,1,4.124793079861338,absolute
sub28,1,4.128475690031256,absolute
sub28,1,10.257039933320668,absolute
sub28,1,15.801427756424282,absolute
sub28,1,-0.22968366132758866,absolute
sub28,1,2.5922210704892596,absolute
sub28,1,7.882956865443467,absolute
sub28,1,14.226468609330727,absolute
sub28,1,8.999984635759917,absolute
sub28,1,9.280186707105013,absolute
sub28,1,6.103194497954848,absolute
sub28,1,4.843455344324265,absolute
sub28,1,6.07563774149885,absolute
sub29,0,7.7540185843056495,absolute
sub29,0,-7.424446024723793,absolute
sub29,0,0.5915925388461456,absolute
sub29,0,3.7667117858739667,absolute
sub29,0,-1.4208952319159283,absolute
sub29,0,2.2130480084587276,absolute
sub29,0,7.1040179107928925,absolute
sub29,0,-5.133447655886906,absolute
sub29,0,-2.9766963925325567,absolute
sub29,0,6.161992290422524,absolute
sub29,0,0.6987765135069255,absolute
sub29,0,-3.618855833143158,absolute
sub29,0,-0.5727264278339119,absolute
sub29,0,3.131146857480795,absolute
sub29,1,3.66585180680146,absolute
sub29,1,13.008174111295784,absolute
sub29,1,8.018825044398879,absolute
sub29,1,7.759632145110822,absolute
sub29,1,22.77431273456032,absolute
sub29,1,11.382758446150074,absolute
sub29,1,5.970066019900972,absolute
sub29,1,2.3756669645759967,absolute
sub29,1,2.7147225187432924,absolute
sub29,1,-4.5202796622567565,absolute
sub29,1,-5.615555039098789,absolute
sub29,1,2.1370326267988107,absolute
sub29,1,8.32405427035336,absolute
sub29,1,29.61502115949115,absolute
sub30,0,15.969352746129605,absolute
sub30,0,35.73081789248386,absolute
sub30,0,36.994811102401904,absolute
sub30,0,14.634588827062657,absolute
sub30,0,12.144925620089419,absolute
sub30,0,60.42275222568151,absolute
sub30,0,81.26790519435497,absolute
sub30,0,45.30473416207796,absolute
sub30,0,48.36962099592256,absolute
sub30,0,40.839275943912156,absolute
sub30,0,48.559647590285294,absolute
sub30,0,54.22794799965324,absolute
sub30,0,35.346374327285105,absolute
sub30,0,62.21948830690376,absolute
sub30,1,1.0749150152567468,absolute
sub30,1,1.4165786928950368,absolute
sub30,1,6.6329770399317685,absolute
sub30,1,2.0662072800160334,absolute
sub30,1,5.954984905036315,absolute
sub30,1,12.921875723913349,absolute
sub30,1,7.968318123676232,absolute
sub30,1,3.122118711285951,absolute
sub30,1,5.53621464270088,absolute
sub30,1,9.258359469953863,absolute
sub30,1,2.17320549541366,absolute
sub30,1,0.6182113260269473,absolute
sub30,1,2.979585094574872,absolute
sub30,1,4.9663989782122115,absolute
sub31,0,11.886194680911334,absolute
sub31,0,9.283373976787717,absolute
sub31,0,12.339304642247196,absolute
sub31,0,17.056658969652347,absolute
sub31,0,21.253450441782004,absolute
sub31,0,18.07968490216457,absolute
sub31,0,12.311203854542667,absolute
sub31,0,15.884499489484124,absolute
sub31,0,2.8055626145519788,absolute
sub31,0,0.17255765871677928,absolute
sub31,0,11.60882303474032,absolute
sub31,0,6.238382496481872,absolute
sub31,0,31.584660279079223,absolute
sub31,0,10.862623373075241,absolute
sub31,1,-4.246831241065081,absolute
sub31,1,-6.561075334507054,absolute
sub31,1,2.4925806381684414,absolute
sub31,1,-0.6949310409863456,absolute
sub31,1,1.9584287303716295,absolute
sub31,1,0.20456407516928476,absolute
sub31,1,9.143261232394556,absolute
sub31,1,1.5635537568907134,absolute
sub31,1,-20.3369666617497,absolute
sub31,1,7.581010818873422,absolute
sub31,1,16.433440407395786,absolute
sub31,1,-1.2532152718024079,absolute
sub31,1,5.708171344981963,absolute
sub31,1,7.547681156763964,absolute
sub32,0,3.4099551717309993,absolute
sub32,0,2.2666167073493617,absolute
sub32,0,14.102108956646273,absolute
sub32,0,9.762631104874943,absolute
sub32,0,7.488653181012561,absolute
sub32,0,3.86686431099768,absolute
sub32,0,5.008585722670327,absolute
sub32,0,7.091351079968841,absolute
sub32,0,8.40100734869456,absolute
sub32,0,6.311554833445369,absolute
sub32,0,7.076880584834012,absolute
sub32,0,4.277694222331284,absolute
sub32,0,6.203206146649565,absolute
sub32,0,3.477226847544436,absolute
sub32,1,6.867025037568305,absolute
sub32,1,6.65485794983631,absolute
sub32,1,2.572431398602665,absolute
sub32,1,5.763822120705506,absolute
sub32,1,6.183558307149062,absolute
sub32,1,6.386797000836536,absolute
sub32,1,9.199333102152304,absolute
sub32,1,6.843170030441628,absolute
sub32,1,11.595233744190512,absolute
sub32,1,46.18190409168535,absolute
sub32,1,3.9128796958615046,absolute
sub32,1,7.369206790237891,absolute
sub32,1,5.468777465417239,absolute
sub32,1,6.148414213752085,absolute
sub33,0,19.656158400161925,absolute
sub33,0,14.539639698564619,absolute
sub33,0,24.771442664148633,absolute
sub33,0,26.515610102606434,absolute
sub33,0,21.431041488683842,absolute
sub33,0,27.623666665146942,absolute
sub33,0,20.12638493780217,absolute
sub33,0,30.826914523174995,absolute
sub33,0,17.121607344608563,absolute
sub33,0,11.893724717375498,absolute
sub33,0,13.512218963534336,absolute
sub33,0,5.622790813884922,absolute
sub33,0,2.2388565521602595,absolute
sub33,0,6.328508689066073,absolute
sub33,1,8.433110276800257,absolute
sub33,1,7.217539507442575,absolute
sub33,1,2.2292170689369253,absolute
sub33,1,26.522061920962603,absolute
sub33,1,26.79592572441051,absolute
sub33,1,25.23290929853864,absolute
sub33,1,19.19416326286093,absolute
sub33,1,29.311332548720372,absolute
sub33,1,50.57989914670506,absolute
sub33,1,40.244912610530655,absolute
sub33,1,48.560902269104766,absolute
sub33,1,42.09727473328947,absolute
sub33,1,108.50876418713818,absolute
sub33,1,78.3076435137301,absolute
sub34,0,15.113289171273106,absolute
sub34,0,12.305269630285949,absolute
sub34,0,19.290906435551335,absolute
sub34,0,21.187922569528478,absolute
sub34,0,12.475952675924686,absolute
sub34,0,9.328021314934157,absolute
sub34,0,24.06563594246343,absolute
sub34,0,22.291955973875766,absolute
sub34,0,22.291661238329556,absolute
sub34,0,26.92255260373323,absolute
sub34,0,-2.671522124886051,absolute
sub34,0,0.7235422167922314,absolute
sub34,0,-6.039935782493304,absolute
sub34,0,1.6590514798294478,absolute
sub34,1,13.89488249468047,absolute
sub34,1,20.181236067185836,absolute
sub34,1,23.8858298390685,absolute
sub34,1,73.79959083151664,absolute
sub34,1,49.23198887198907,absolute
sub34,1,13.949898266264695,absolute
sub34,1,13.584127161618873,absolute
sub34,1,48.93888611303515,absolute
sub34,1,39.738387710361536,absolute
sub34,1,27.62610992822462,absolute
sub34,1,22.6359597614822,absolute
sub34,1,24.237652972919186,absolute
sub34,1,21.341996968424954,absolute
sub34,1,7.797911109202247,absolute
sub35,0,12.490407398015861,absolute
sub35,0,9.134124429298849,absolute
sub35,0,9.313166539691695,absolute
sub35,0,7.070431625382336,absolute
sub35,0,2.7126130427204034,absolute
sub35,0,7.4351342115718815,absolute
sub35,0,10.318504412643493,absolute
sub35,0,2.350977588146024,absolute
sub35,0,2.9589937636926886,absolute
sub35,0,36.26650051421876,absolute
sub35,0,18.44558440953793,absolute
sub35,0,4.520663871384664,absolute
sub35,0,-3.936213601962211,absolute
sub35,0,2.3642922148607837,absolute
sub35,1,11.998241017648208,absolute
sub35,1,18.794341599411965,absolute
sub35,1,18.49138549365409,absolute
sub35,1,4.92618523363038,absolute
sub35,1,1.5834402436850878,absolute
sub35,1,2.000467788329954,absolute
sub35,1,2.252270986625136,absolute
sub35,1,29.077498371623673,absolute
sub35,1,28.41087743975292,absolute
sub35,1,31.426486793683015,absolute
sub35,1,11.676457261798037,absolute
sub35,1,12.568190359637088,absolute
sub35,1,12.291498246214088,absolute
sub35,1,39.508105788300284,absolute
sub36,0,15.2147152920176,absolute
sub36,0,-1.779460053574821,absolute
sub36,0,7.051268254399567,absolute
sub36,0,15.605715200420793,absolute
sub36,0,11.871359866507602,absolute
sub36,0,14.427316161868013,absolute
sub36,0,9.101286064063807,absolute
sub36,0,6.3822969429784795,absolute
sub36,0,11.500447486765331,absolute
sub36,0,14.205827734278062,absolute
sub36,0,15.620994806075146,absolute
sub36,0,9.964513839678691,absolute
sub36,0,20.994786925476276,absolute
sub36,0,7.516066873536389,absolute
sub36,1,62.251546715489006,absolute
sub36,1,71.3321030401602,absolute
sub36,1,22.486038335105352,absolute
sub36,1,9.720173320388804,absolute
sub36,1,25.161643508346838,absolute
sub36,1,21.390573111043064,absolute
sub36,1,17.497053366601406,absolute
sub36,1,20.246971276443986,absolute
sub36,1,20.025287735181124,absolute
sub36,1,16.66481279930422,absolute
sub36,1,19.357538416376673,absolute
sub36,1,28.557931571146074,absolute
sub36,1,21.253738986323505,absolute
sub36,1,26.425167498209653,absolute
sub37,0,15.201181201190112,absolute
sub37,0,1.4706205833272397,absolute
sub37,0,6.700706433053574,absolute
sub37,0,15.277355822932217,absolute
sub37,0,17.064920237021795,absolute
sub37,0,23.34513166251478,absolute
sub37,0,38.385362060055115,absolute
sub37,0,23.743544249466304,absolute
sub37,0,14.503002364492593,absolute
sub37,0,14.543218435783384,absolute
sub37,0,13.952882853256952,absolute
sub37,0,12.514977908812691,absolute
sub37,0,8.988390146823416,absolute
sub37,0,8.887399241438578,absolute
sub37,1,18.28803180681314,absolute
sub37,1,19.1689692789302,absolute
sub37,1,29.72299904683343,absolute
sub37,1,42.83695561614404,absolute
sub37,1,20.634220552370596,absolute
sub37,1,7.522122889774337,absolute
sub37,1,3.7174998911286017,absolute
sub37,1,4.859005384211665,absolute
sub37,1,16.670979472510094,absolute
sub37,1,9.240306567689686,absolute
sub37,1,9.731901105989065,absolute
sub37,1,14.770822670815422,absolute
sub37,1,15.381847053657705,absolute
sub37,1,16.436929180933113,absolute
sub38,0,3.2284105644840233,absolute
sub38,0,7.423570904322895,absolute
sub38,0,5.30412162104607,absolute
sub38,0,0.5832605340458437,absolute
sub38,0,-4.316479933420494,absolute
sub38,0,5.8710660207580645,absolute
sub38,0,16.167234785393084,absolute
sub38,0,-4.979891802568453,absolute
sub38,0,-1.23942665569306,absolute
sub38,0,-3.5210585030121235,absolute
sub38,0,0.04343708555045678,absolute
sub38,0,7.326779993703254,absolute
sub38,0,0.9876322703018607,absolute
sub38,0,-0.513725191408084,absolute
sub38,1,9.619668976678815,absolute
sub38,1,7.4090624290362435,absolute
sub38,1,1.9863523242319634,absolute
sub38,1,4.302211610090019,absolute
sub38,1,-4.02901844678249,absolute
sub38,1,1.4818095461897332,absolute
sub38,1,27.123007053223464,absolute
sub38,1,40.88889326686892,absolute
sub38,1,10.566637653141887,absolute
sub38,1,21.75428136752495,absolute
sub38,1,2.863556826635299,absolute
sub38,1,29.469658334298792,absolute
sub38,1,9.525729917555658,absolute
sub38,1,2.6608497699962417,absolute
sub39,0,11.116746212982473,absolute
sub39,0,41.16870383020108,absolute
sub39,0,21.067768228025564,absolute
sub39,0,23.286770551502627,absolute
sub39,0,13.292846500742348,absolute
sub39,0,17.347757324711406,absolute
sub39,0,50.761766392590715,absolute
sub39,0,26.805288850759347,absolute
sub39,0,11.508641241694086,absolute
sub39,0,18.66560680542195,absolute
sub39,0,6.506253148973032,absolute
sub39,0,45.191049599019074,absolute
sub39,0,19.658800534204584,absolute
sub39,0,14.047515605397892,absolute
sub39,1,4.380174718885493,absolute
sub39,1,4.050129124577278,absolute
sub39,1,-0.8657645563728336,absolute
sub39,1,5.469572241709561,absolute
sub39,1,12.027807310671932,absolute
sub39,1,7.8107490465270875,absolute
sub39,1,5.432309385566938,absolute
sub39,1,4.210814447462789,absolute
sub39,1,5.173777226638312,absolute
sub39,1,6.147906551072854,absolute
sub39,1,2.500712219798438,absolute
sub39,1,7.65082711883107,absolute
sub39,1,-4.418359816148064,absolute
sub39,1,1.8607842283041316,absolute
sub40,0,21.325094450208855,absolute
sub40,0,13.396267828935002,absolute
sub40,0,8.908063359631551,absolute
sub40,0,9.032808747656688,absolute
sub40,0,31.910412081037947,absolute
sub40,0,24.173239494067992,absolute
sub40,0,10.807635102023037,absolute
sub40,0,20.973703846470574,absolute
sub40,0,10.989035029229928,absolute
sub40,0,9.79602052818146,absolute
sub40,0,7.569009669448474,absolute
sub40,0,11.810424155406507,absolute
sub40,0,15.332423547854784,absolute
sub40,0,23.847639301367526,absolute
sub40,1,21.457207797142164,absolute
sub40,1,18.524791042208626,absolute
sub40,1,24.49058014821425,absolute
sub40,1,2.189598016418785,absolute
sub40,1,14.251221205709186,absolute
sub40,1,13.559356995789438,absolute
sub40,1,3.836454250625315,absolute
sub40,1,18.797031375493557,absolute
sub40,1,16.00917686095554,absolute
sub40,1,12.346453685355252,absolute
sub40,1,12.152489066747833,absolute
sub40,1,20.157087707354805,absolute
sub40,1,15.972768837367633,absolute
sub40,1,16.01803862571144,absolute
sub41,0,-3.7941235325504716,absolute
sub41,0,2.3076180763279077,absolute
sub41,0,6.45175245682554,absolute
sub41,0,7.093319439767243,absolute
sub41,0,10.461210171605302,absolute
sub41,0,5.928707319817888,absolute
sub41,0,-4.521227600887552,absolute
sub41,0,0.8536427317482518,absolute
sub41,0,6.224199861049028,absolute
sub41,0,0.5770491422667281,absolute
sub41,0,1.677142744568817,absolute
sub41,0,3.6618582282573793,absolute
sub41,0,4.331601249171636,absolute
sub41,0,4.4623336733273735,absolute
sub41,1,7.164531561619017,absolute
sub41,1,13.308337007876585,absolute
sub41,1,7.673665481121643,absolute
sub41,1,-5.019569587591296,absolute
sub41,1,-5.210258405053718,absolute
sub41,1,-3.830607367794677,absolute
sub41,1,-16.078497750157155,absolute
sub41,1,-9.784125255021186,absolute
sub41,1,-8.997871624314666,absolute
sub41,1,-17.119936026552526,absolute
sub41,1,1.6096434232425174,absolute
sub41,1,-7.104972840320395,absolute
sub41,1,-9.414511143281874,absolute
sub41,1,-5.408509987296536,absolute
sub42,0,5.502458903687151,absolute
sub42,0,4.313212810801812,absolute
sub42,0,14.260919656577878,absolute
sub42,0,11.04146298570622,absolute
sub42,0,5.685613945996518,absolute
sub42,0,25.954363527400254,absolute
sub42,0,30.64000816730556,absolute
sub42,0,25.084956869510137,absolute
sub42,0,9.616188856873999,absolute
sub42,0,3.909419010510559,absolute
sub42,0,7.243479436691548,absolute
sub42,0,26.744745077908117,absolute
sub42,0,38.154046013580945,absolute
sub42,0,13.891003888820414,absolute
sub42,1,10.930779770197468,absolute
sub42,1,13.393914921912375,absolute
sub42,1,12.714001929962608,absolute
sub42,1,7.334615649383928,absolute
sub42,1,13.107477025414287,absolute
sub42,1,18.375391601454467,absolute
sub42,1,19.756601888948865,absolute
sub42,1,18.999786031032098,absolute
sub42,1,23.537850309751263,absolute
sub42,1,27.061819133846228,absolute
sub42,1,12.361602142764983,absolute
sub42,1,9.210490503677304,absolute
sub42,1,11.643597389147237,absolute
sub42,1,17.497900978163404,absolute
sub43,0,4.3096157764129,absolute
sub43,0,-3.1770525568689814,absolute
sub43,0,3.275931448972543,absolute
sub43,0,-4.894841296218849,absolute
sub43,0,-6.247714512632524,absolute
sub43,0,-5.610844709588062,absolute
sub43,0,1.6436525170304053,absolute
sub43,0,3.2194960751881605,absolute
sub43,0,7.11399628345548,absolute
sub43,0,-2.268406957081358,absolute
sub43,0,12.744416573321143,absolute
sub43,0,4.49097374737898,absolute
sub43,0,-7.605876234636993,absolute
sub43,0,-8.314271277607487,absolute
sub43,1,3.1672546452173265,absolute
sub43,1,0.6748300107474405,absolute
sub43,1,-6.022973821894815,absolute
sub43,1,20.90139535963983,absolute
sub43,1,21.446370594069954,absolute
sub43,1,11.795520944080634,absolute
sub43,1,15.99830105746518,absolute
sub43,1,16.28376812210779,absolute
sub43,1,3.4927378673809084,absolute
sub43,1,2.242895137661286,absolute
sub43,1,8.136510574085623,absolute
sub43,1,15.29181242392043,absolute
sub43,1,9.263389969659986,absolute
sub43,1,3.687630051732923,absolute
sub44,0,5.8571548385515095,absolute
sub44,0,69.69341715198631,absolute
sub44,0,74.7048312198398,absolute
sub44,0,108.26098064051206,absolute
sub44,0,50.705466351412134,absolute
sub44,0,15.998351101113766,absolute
sub44,0,19.363680871986347,absolute
sub44,0,-51.762144860220786,absolute
sub44,0,-35.95857991296914,absolute
sub44,0,-2.711224240782328,absolute
sub44,0,5.054976126738878,absolute
sub44,0,4.609376149613768,absolute
sub44,0,6.237888001796053,absolute
sub44,0,6.097490551372255,absolute
sub44,1,27.32606692986295,absolute
sub44,1,25.752208662708846,absolute
sub44,1,32.0427782361571,absolute
sub44,1,20.026463019134194,absolute
sub44,1,13.579144762025459,absolute
sub44,1,46.5539329448224,absolute
sub44,1,42.05145366787926,absolute
sub44,1,10.481191165581757,absolute
sub44,1,4.53189669468769,absolute
sub44,1,2.4214591972882777,absolute
sub44,1,2.2906321164081134,absolute
sub44,1,1.9513596216926787,absolute
sub44,1,2.284260334924353,absolute
sub44,1,4.148685239337694,absolute
sub45,0,3.129446865074682,absolute
sub45,0,4.627283848564963,absolute
sub45,0,-7.983180773053182,absolute
sub45,0,-7.798290283594366,absolute
sub45,0,-2.4349683044622505,absolute
sub45,0,-3.342943322847445,absolute
sub45,0,-5.958973751648305,absolute
sub45,0,-8.175540994620318,absolute
sub45,0,-1.9304097372421076,absolute
sub45,0,-0.9276717445579794,absolute
sub45,0,-2.767849741964363,absolute
sub45,0,-3.8488938706397953,absolute
sub45,0,-5.142805002974379,absolute
sub45,0,-2.318971506479754,absolute
sub45,1,4.684571266002118,absolute
sub45,1,4.287388602493004,absolute
sub45,1,-1.1114840253402327,absolute
sub45,1,5.090017248122209,absolute
sub45,1,2.546008396678393,absolute
sub45,1,10.57415125353065,absolute
sub45,1,10.24752179154719,absolute
sub45,1,7.386068906139045,absolute
sub45,1,1.2076826973374328,absolute
sub45,1,1.2981620750923941,absolute
sub45,1,1.3515316438668332,absolute
sub45,1,12.73085548488757,absolute
sub45,1,8.077098729960632,absolute
sub45,1,6.313299547454858,absolute
sub46,0,5.855640989695622,absolute
sub46,0,4.368365547695825,absolute
sub46,0,4.307569792460692,absolute
sub46,0,7.2142900007950574,absolute
sub46,0,41.01214452054723,absolute
sub46,0,34.53239047132356,absolute
sub46,0,17.724777480222997,absolute
sub46,0,27.055552838492194,absolute
sub46,0,10.36696512953747,absolute
sub46,0,-6.3175187998031195,absolute
sub46,0,15.972933093156142,absolute
sub46,0,1.4395098237212756,absolute
sub46,0,7.108857484072652,absolute
sub46,0,-0.8533534059070722,absolute
sub46,1,-3.4687943430603982,absolute
sub46,1,2.755026962130121,absolute
sub46,1,-5.328195484125195,absolute
sub46,1,-3.5464728723786396,absolute
sub46,1,-0.9213520602549419,absolute
sub46,1,-0.16640230779960197,absolute
sub46,1,-9.89508407765078,absolute
sub46,1,-4.960644693910676,absolute
sub46,1,-1.3948394122126533,absolute
sub46,1,-8.458637786334432,absolute
sub46,1,-7.4816913884842435,absolute
sub46,1,-2.644138686810781,absolute
sub46,1,3.770027677818298,absolute
sub46,1,-3.3438985164550012,absolute
sub47,0,11.355581436828594,absolute
sub47,0,17.72226435301177,absolute
sub47,0,17.97037591022584,absolute
sub47,0,7.905521330654464,absolute
sub47,0,7.541307046305373,absolute
sub47,0,15.644909896285448,absolute
sub47,0,16.350591538709722,absolute
sub47,0,9.199979617288394,absolute
sub47,0,24.965719897127006,absolute
sub47,0,19.85725814692359,absolute
sub47,0,8.005673910822978,absolute
sub47,0,7.7076028061173325,absolute
sub47,0,11.997534445723256,absolute
sub47,0,10.197151817383507,absolute
sub47,1,32.44907748601075,absolute
sub47,1,40.75954094041735,absolute
sub47,1,41.27309153300128,absolute
sub47,1,44.625101553105594,absolute
sub47,1,27.04338052040929,absolute
sub47,1,34.26707762215705,absolute
sub47,1,54.901327998671135,absolute
sub47,1,32.32146218588475,absolute
sub47,1,14.225035126385514,absolute
sub47,1,2.2722025924297626,absolute
sub47,1,5.350365837148754,absolute
sub47,1,10.697892826443208,absolute
sub47,1,33.19567878220954,absolute
sub47,1,33.82932432473387,absolute
sub48,0,2.4843501046000775,absolute
sub48,0,6.327049782309437,absolute
sub48,0,9.379258988561403,absolute
sub48,0,14.605679411510888,absolute
sub48,0,19.19182539175041,absolute
sub48,0,35.0333255841106,absolute
sub48,0,13.21982777543116,absolute
sub48,0,16.839247409334412,absolute
sub48,0,39.0795838315077,absolute
sub48,0,33.598522289699154,absolute
sub48,0,53.84336218916833,absolute
sub48,0,34.93535285343792,absolute
sub48,0,24.696348710110204,absolute
sub48,0,5.134679746650231,absolute
sub48,1,1.9682569360744864,absolute
sub48,1,-0.7044343724777846,absolute
sub48,1,-0.7701256735753561,absolute
sub48,1,0.12083426421075912,absolute
sub48,1,15.34028456009034,absolute
sub48,1,24.123533758517453,absolute
sub48,1,1.7387071950083923,absolute
sub48,1,5.556396945211833,absolute
sub48,1,10.978690340172927,absolute
sub48,1,8.148955172012869,absolute
sub48,1,14.73047328585571,absolute
sub48,1,25.408191356485155,absolute
sub48,1,16.757820708716306,absolute
sub48,1,9.585716617270624,absolute
sub01,0,244.41092450525525,mean_subtraction
sub01,0,234.55418309523571,mean_subtraction
sub01,0,600.4735803681406,mean_subtraction
sub01,0,260.0464608989075,mean_subtraction
sub01,0,76.92618787695483,mean_subtraction
sub01,0,-21.091231629027664,mean_subtraction
sub01,0,-53.17096883448022,mean_subtraction
sub01,0,-25.341016525783225,mean_subtraction
sub01,0,-46.33439499566369,mean_subtraction
sub01,0,-39.74770022116551,mean_subtraction
sub01,0,-90.8975542582433,mean_subtraction
sub01,0,-88.36641896676313,mean_subtraction
sub01,0,0.3089937824027408,mean_subtraction
sub01,0,-53.719883048269786,mean_subtraction
sub01,1,-94.17606506664794,mean_subtraction
sub01,1,-95.28195348078897,mean_subtraction
sub01,1,-102.31141310095974,mean_subtraction
sub01,1,-89.5738420110501,mean_subtraction
sub01,1,-93.9684035563777,mean_subtraction
sub01,1,-45.60252991033782,mean_subtraction
sub01,1,4.845400522933257,mean_subtraction
sub01,1,-45.265814494522246,mean_subtraction
sub01,1,-82.67745556860632,mean_subtraction
sub01,1,-116.20198201422774,mean_subtraction
sub01,1,-97.82548693738742,mean_subtraction
sub01,1,-97.39846480285628,mean_subtraction
sub01,1,-66.86879866944376,mean_subtraction
sub01,1,-37.37015442409411,mean_subtraction
sub02,0,-32.52142598695695,mean_subtraction
sub02,0,25.51175805385642,mean_subtraction
sub02,0,23.278546401261888,mean_subtraction
sub02,0,58.89584941544319,mean_subtraction
sub02,0,132.35141543626662,mean_subtraction
sub02,0,-30.051694754606242,mean_subtraction
sub02,0,-45.941308087051816,mean_subtraction
sub02,0,-61.28517707009885,mean_subtraction
sub02,0,-18.68086309252844,mean_subtraction
sub02,0,60.738879775170254,mean_subtraction
sub02,0,68.9949107233275,mean_subtraction
sub02,0,130.5608305289026,mean_subtraction
sub02,0,-9.112501932015755,mean_subtraction
sub02,0,148.24592016766147,mean_subtraction
sub02,1,-41.72006102081302,mean_subtraction
sub02,1,-23.728512031670153,mean_subtraction
sub02,1,-40.76636999877145,mean_subtraction
sub02,1,-36.26311484558791,mean_subtraction
sub02,1,-28.15308792842547,mean_subtraction
sub02,1,50.159487428981436,mean_subtraction
sub02,1,-8.297362451000808,mean_subtraction
sub02,1,-67.78174448966365,mean_subtraction
sub02,1,-21.123359084696542,mean_subtraction
sub02,1,-0.045769536461463395,mean_subtraction
sub02,1,-0.8629501842256283,mean_subtraction
sub02,1,-23.920850225146896,mean_subtraction
sub02,1,-52.1803041340185,mean_subtraction
sub02,1,-56.242871217558786,mean_subtraction
sub03,0,-23.340062814254058,mean_subtraction
sub03,0,-12.897793392361628,mean_subtraction
sub03,0,3.1116538009406933,mean_subtraction
sub03,0,42.03644342424154,mean_subtraction
sub03,0,100.43329899690052,mean_subtraction
sub03,0,37.214966053847036,mean_subtraction
sub03,0,74.8918511743994,mean_subtraction
sub03,0,110.0747227038524,mean_subtraction
sub03,0,41.93742935229796,mean_subtraction
sub03,0,1.5464933434039487,mean_subtraction
sub03,0,4.66601766860071,mean_subtraction
sub03,0,25.153689940771052,mean_subtraction
sub03,0,2.7415714248227796,mean_subtraction
sub03,0,-10.08656038065922,mean_subtraction
sub03,1,-13.420554583226213,mean_subtraction
sub03,1,-14.244001310823808,mean_subtraction
sub03,1,-14.587299924905787,mean_subtraction
sub03,1,-16.103782257493314,mean_subtraction
sub03,1,1.9083228052906283,mean_subtraction
sub03,1,8.087483601275709,mean_subtraction
sub03,1,7.484564959529417,mean_subtraction
sub03,1,31.221432612463047,mean_subtraction
sub03,1,53.57801980044561,mean_subtraction
sub03,1,0.9248059180798184,mean_subtraction
sub03,1,-0.9906694533897084,mean_subtraction
sub03,1,-6.1766729865087795,mean_subtraction
sub03,1,-22.166645614001723,mean_subtraction
sub03,1,-21.919636342344276,mean_subtraction
sub04,0,-52.39538204804596,mean_subtraction
sub04,0,-39.85217197184749,mean_subtraction
sub04,0,-37.87910559270735,mean_subtraction
sub04,0,-6.262909993919421,mean_subtraction
sub04,0,-29.744852096918034,mean_subtraction
sub04,0,-45.88639926222387,mean_subtraction
sub04,0,-38.75386590940265,mean_subtraction
sub04,0,-17.588377274398738,mean_subtraction
sub04,0,-30.06402837008591,mean_subtraction
sub04,0,-23.546171607726492,mean_subtraction
sub04,0,-40.092052506395866,mean_subtraction
sub04,0,-38.475751773744975,mean_subtraction
sub04,0,-44.12553702660023,mean_subtraction
sub04,0,-26.020184420464165,mean_subtraction
sub04,1,-49.601867159620596,mean_subtraction
sub04,1,-51.70928811410165,mean_subtraction
sub04,1,-52.48336504326417,mean_subtraction
sub04,1,-54.241583798777185,mean_subtraction
sub04,1,-48.7904258588816,mean_subtraction
sub04,1,-50.06521680201553,mean_subtraction
sub04,1,-44.43402231288081,mean_subtraction
sub04,1,-46.09020341201388,mean_subtraction
sub04,1,-50.00003321538742,mean_subtraction
sub04,1,-46.43108744276896,mean_subtraction
sub04,1,-45.02940546671616,mean_subtraction
sub04,1,-48.9464963766876,mean_subtraction
sub04,1,-44.78395919329925,mean_subtraction
sub04,1,-37.08710080487117,mean_subtraction
sub05,0,7.165353028976311,mean_subtraction
sub05,0,29.139140797906002,mean_subtraction
sub05,0,23.819510946844893,mean_subtraction
sub05,0,27.088258916501726,mean_subtraction
sub05,0,-10.90350352870258,mean_subtraction
sub05,0,18.856830824844714,mean_subtraction
sub05,0,8.796755204502581,mean_subtraction
sub05,0,-10.662140973755006,mean_subtraction
sub05,0,-15.275710088359263,mean_subtraction
sub05,0,-21.75790421983204,mean_subtraction
sub05,0,-1.2343919027598047,mean_subtraction
sub05,0,57.949427230772436,mean_subtraction
sub05,0,11.759378291424351,mean_subtraction
sub05,0,-29.34889824651633,mean_subtraction
sub05,1,-48.1182134240813,mean_subtraction
sub05,1,-42.31578606574687,mean_subtraction
sub05,1,-60.69965298923745,mean_subtraction
sub05,1,-57.39451719650029,mean_subtraction
sub05,1,-22.236325631132804,mean_subtraction
sub05,1,-17.648918734492884,mean_subtraction
sub05,1,-28.354993357609715,mean_subtraction
sub05,1,-55.880745489244454,mean_subtraction
sub05,1,45.28957392241794,mean_subtraction
sub05,1,64.59390972004027,mean_subtraction
sub05,1,84.76126563791475,mean_subtraction
sub05,1,52.614321882080866,mean_subtraction
sub05,1,-15.775159359170628,mean_subtraction
sub05,1,-38.753932918166335,mean_subtraction
sub06,0,-10.977968158433168,mean_subtraction
sub06,0,-23.301826224416953,mean_subtraction
sub06,0,-15.42585031796429,mean_subtraction
sub06,0,-16.62251275260998,mean_subtraction
sub06,0,-19.438017077998254,mean_subtraction
sub06,0,-23.724807373493608,mean_subtraction
sub06,0,-8.444268615997267,mean_subtraction
sub06,0,-11.60739319924185,mean_subtraction
sub06,0,-10.779946305407885,mean_subtraction
sub06,0,-10.25048105256252,mean_subtraction
sub06,0,-32.12475677461867,mean_subtraction
sub06,0,-17.35486213036364,mean_subtraction
sub06,0,0.6523073951083111,mean_subtraction
sub06,0,1.172113718827294,mean_subtraction
sub06,1,-3.9398414934508517,mean_subtraction
sub06,1,2.5934876787276555,mean_subtraction
sub06,1,0.19220817433727563,mean_subtraction
sub06,1,-40.12004517864176,mean_subtraction
sub06,1,-18.906497969812566,mean_subtraction
sub06,1,-20.59854943362379,mean_subtraction
sub06,1,2.8676870465479705,mean_subtraction
sub06,1,-6.207914335400735,mean_subtraction
sub06,1,-9.641992853695877,mean_subtraction
sub06,1,-3.277663099612349,mean_subtraction
sub06,1,-8.471620423142767,mean_subtraction
sub06,1,-13.910892830750946,mean_subtraction
sub06,1,-5.960150735461391,mean_subtraction
sub06,1,-1.9791274871852818,mean_subtraction
sub07,0,-5.2559732343353724,mean_subtraction
sub07,0,-1.7150122106453014,mean_subtraction
sub07,0,26.794545204834165,mean_subtraction
sub07,0,35.22953370538928,mean_subtraction
sub07,0,116.7937097122134,mean_subtraction
sub07,0,58.33174636405214,mean_subtraction
sub07,0,90.02519569403795,mean_subtraction
sub07,0,42.50231948524534,mean_subtraction
sub07,0,2.722231502809355,mean_subtraction
sub07,0,78.06497942265196,mean_subtraction
sub07,0,74.61578298700616,mean_subtraction
sub07,0,117.15256276976032,mean_subtraction
sub07,0,140.85463713466694,mean_subtraction
sub07,0,192.7973869282774,mean_subtraction
sub07,1,-1.0876586724193114,mean_subtraction
sub07,1,-6.192900258880895,mean_subtraction
sub07,1,-3.3523245545704983,mean_subtraction
sub07,1,-8.031988814403098,mean_subtraction
sub07,1,-6.6400465521085685,mean_subtraction
sub07,1,-3.5259134494035993,mean_subtraction
sub07,1,-11.739049128106577,mean_subtraction
sub07,1,-17.416091843148937,mean_subtraction
sub07,1,-7.645617900520534,mean_subtraction
sub07,1,9.925425809841117,mean_subtraction
sub07,1,-11.245667537294619,mean_subtraction
sub07,1,19.71632539809563,mean_subtraction
sub07,1,13.46859450913432,mean_subtraction
sub07,1,-7.200918554640752,mean_subtraction
sub08,0,63.142952879120365,mean_subtraction
sub08,0,-10.356993537744767,mean_subtraction
sub08,0,-29.041169159660118,mean_subtraction
sub08,0,-79.57625154854938,mean_subtraction
sub08,0,-77.93064469887383,mean_subtraction
sub08,0,-66.49369994244589,mean_subtraction
sub08,0,-29.253155700277112,mean_subtraction
sub08,0,15.410987730100244,mean_subtraction
sub08,0,-41.163066616196545,mean_subtraction
sub08,0,-25.866082021356014,mean_subtraction
sub08,0,47.28448721245978,mean_subtraction
sub08,0,-21.625527413558203,mean_subtraction
sub08,0,5.437767087029521,mean_subtraction
sub08,0,43.83714546155638,mean_subtraction
sub08,1,-36.89562884616263,mean_subtraction
sub08,1,26.21935042956894,mean_subtraction
sub08,1,-3.147231956140497,mean_subtraction
sub08,1,-20.37950931040734,mean_subtraction
sub08,1,-117.37895445349581,mean_subtraction
sub08,1,-119.26292842692422,mean_subtraction
sub08,1,-71.01550850538008,mean_subtraction
sub08,1,-42.14234147904826,mean_subtraction
sub08,1,-26.660636187878463,mean_subtraction
sub08,1,-27.72698347547309,mean_subtraction
sub08,1,20.64975836385677,mean_subtraction
sub08,1,-1.6875094625767517,mean_subtraction
sub08,1,-34.36244321487147,mean_subtraction
sub08,1,-18.539145944475994,mean_subtraction
sub09,0,8.83335981498797,mean_subtraction
sub09,0,7.935095605173123,mean_subtraction
sub09,0,4.664755714215206,mean_subtraction
sub09,0,5.207623285503379,mean_subtraction
sub09,0,-2.7035828731208857,mean_subtraction
sub09,0,-10.480855751002329,mean_subtraction
sub09,0,-10.609665802647429,mean_subtraction
sub09,0,2.7024196244846115,mean_subtraction
sub09,0,-1.7666557715879097,mean_subtraction
sub09,0,-7.353332386941827,mean_subtraction
sub09,0,-13.685811023778614,mean_subtraction
sub09,0,-16.401043362983497,mean_subtraction
sub09,0,-14.366922943372407,mean_subtraction
sub09,0,-8.827127876989945,mean_subtraction
sub09,1,6.593659383189179,mean_subtraction
sub09,1,-9.834391519874195,mean_subtraction
sub09,1,-8.042502811570616,mean_subtraction
sub09,1,9.511150156473782,mean_subtraction
sub09,1,0.32392998064056144,mean_subtraction
sub09,1,77.1530330812109,mean_subtraction
sub09,1,53.357904694417556,mean_subtraction
sub09,1,40.05353536527757,mean_subtraction
sub09,1,18.216345009928148,mean_subtraction
sub09,1,21.96149307800997,mean_subtraction
sub09,1,5.044156121156195,mean_subtraction
sub09,1,6.477636869499934,mean_subtraction
sub09,1,-10.842838812086871,mean_subtraction
sub09,1,-7.028988823930062,mean_subtraction
sub10,0,-17.42543542552311,mean_subtraction
sub10,0,22.409155008689606,mean_subtraction
sub10,0,57.967328731595366,mean_subtraction
sub10,0,28.44145563016949,mean_subtraction
sub10,0,17.069883261461474,mean_subtraction
sub10,0,42.22553341597887,mean_subtraction
sub10,0,62.805812361141896,mean_subtraction
sub10,0,1.0738740903691988,mean_subtraction
sub10,0,8.853859491008393,mean_subtraction
sub10,0,10.835075290039512,mean_subtraction
sub10,0,50.147986747168915,mean_subtraction
sub10,0,24.165384731849088,mean_subtraction
sub10,0,15.398146553766074,mean_subtraction
sub10,0,-20.698541924634494,mean_subtraction
sub10,1,119.14733601936007,mean_subtraction
sub10,1,23.543217059427818,mean_subtraction
sub10,1,-17.585132310140978,mean_subtraction
sub10,1,28.018202970711943,mean_subtraction
sub10,1,-0.19583758005396185,mean_subtraction
sub10,1,4.440520944721345,mean_subtraction
sub10,1,36.92985544883162,mean_subtraction
sub10,1,20.890991587410987,mean_subtraction
sub10,1,-0.8529372597461267,mean_subtraction
sub10,1,-4.43342959722906,mean_subtraction
sub10,1,-7.102961806559445,mean_subtraction
sub10,1,-11.449227505436117,mean_subtraction
sub10,1,-24.041118645722094,mean_subtraction
sub10,1,-8.323668788795992,mean_subtraction
sub11,0,-56.1591670855224,mean_subtraction
sub11,0,-49.116236838491076,mean_subtraction
sub11,0,122.56024508919526,mean_subtraction
sub11,0,-0.0723450747978144,mean_subtraction
sub11,0,24.97983946590594,mean_subtraction
sub11,0,62.62372915846177,mean_subtraction
sub11,0,39.035476517994404,mean_subtraction
sub11,0,71.92932083360003,mean_subtraction
sub11,0,-30.025505402457902,mean_subtraction
sub11,0,-26.05942438729729,mean_subtraction
sub11,0,112.04369381150566,mean_subtraction
sub11,0,66.09223189194486,mean_subtraction
sub11,0,124.94224521362382,mean_subtraction
sub11,0,-54.16976908745743,mean_subtraction
sub11,1,-59.61383958528684,mean_subtraction
sub11,1,-45.28977287004869,mean_subtraction
sub11,1,-53.989687680491016,mean_subtraction
sub11,1,-45.16145265797195,mean_subtraction
sub11,1,-47.642785973367886,mean_subtraction
sub11,1,-58.792214251194935,mean_subtraction
sub11,1,-47.25126827461182,mean_subtraction
sub11,1,-63.41921500167296,mean_subtraction
sub11,1,-54.65443704843351,mean_subtraction
sub11,1,-55.29725342917704,mean_subtraction
sub11,1,-59.5748104037117,mean_subtraction
sub11,1,-49.34333710287493,mean_subtraction
sub11,1,-30.084415145799866,mean_subtraction
sub11,1,-30.324331453817244,mean_subtraction
sub12,0,-54.978329724995746,mean_subtraction
sub12,0,-50.63355811976412,mean_subtraction
sub12,0,-40.076855515484056,mean_subtraction
sub12,0,-31.90949125871644,mean_subtraction
sub12,0,-52.09515851530549,mean_subtraction
sub12,0,-50.302868893586954,mean_subtraction
sub12,0,-35.475994559600224,mean_subtraction
sub12,0,-17.665340680833634,mean_subtraction
sub12,0,-38.30831397950223,mean_subtraction
sub12,0,-39.527066822168706,mean_subtraction
sub12,0,-36.66439047829263,mean_subtraction
sub12,0,-11.384953565173868,mean_subtraction
sub12,0,-21.30020855726538,mean_subtraction
sub12,0,4.6944419148598415,mean_subtraction
sub12,1,-45.48977452112657,mean_subtraction
sub12,1,-44.076515534085715,mean_subtraction
sub12,1,-41.17060970109023,mean_subtraction
sub12,1,-42.399303315070924,mean_subtraction
sub12,1,-44.590475625596376,mean_subtraction
sub12,1,-40.71361497853113,mean_subtraction
sub12,1,-39.85135656410403,mean_subtraction
sub12,1,-42.2824583967483,mean_subtraction
sub12,1,-26.38994389129358,mean_subtraction
sub12,1,-12.79366194318797,mean_subtraction
sub12,1,-23.891739908003277,mean_subtraction
sub12,1,-37.70373820691744,mean_subtraction
sub12,1,-43.63152859657029,mean_subtraction
sub12,1,-63.15603128801562,mean_subtraction
sub13,0,-0.7341037436766021,mean_subtraction
sub13,0,-7.693297815917323,mean_subtraction
sub13,0,-18.17756770581433,mean_subtraction
sub13,0,-12.499268263799857,mean_subtraction
sub13,0,-20.417575767756386,mean_subtraction
sub13,0,-33.391907012625815,mean_subtraction
sub13,0,-15.8478528963346,mean_subtraction
sub13,0,-8.384536656675284,mean_subtraction
sub13,0,61.04376093666224,mean_subtraction
sub13,0,-10.103277567329336,mean_subtraction
sub13,0,-9.659844617374294,mean_subtraction
sub13,0,14.237959286508357,mean_subtraction
sub13,0,-10.642279586867312,mean_subtraction
sub13,0,-22.424340891307192,mean_subtraction
sub13,1,-7.232700480004817,mean_subtraction
sub13,1,-9.976641663216604,mean_subtraction
sub13,1,-7.04334371601743,mean_subtraction
sub13,1,-13.685470111829838,mean_subtraction
sub13,1,-12.003579983460378,mean_subtraction
sub13,1,0.19950425804870864,mean_subtraction
sub13,1,1.452655970959975,mean_subtraction
sub13,1,-20.678744193020634,mean_subtraction
sub13,1,-25.249895191013092,mean_subtraction
sub13,1,-35.35636632408862,mean_subtraction
sub13,1,-14.156867329079146,mean_subtraction
sub13,1,1.062085396898185,mean_subtraction
sub13,1,-14.582423751339446,mean_subtraction
sub13,1,-25.619852536801314,mean_subtraction
sub14,0,78.52615870884327,mean_subtraction
sub14,0,78.99828920529502,mean_subtraction
sub14,0,26.568926525203167,mean_subtraction
sub14,0,45.660088180501674,mean_subtraction
sub14,0,28.334902032202987,mean_subtraction
sub14,0,-27.01747968398999,mean_subtraction
sub14,0,-3.5660608882879967,mean_subtraction
sub14,0,25.2187877760928,mean_subtraction
sub14,0,49.74964860774211,mean_subtraction
sub14,0,54.46385027041076,mean_subtraction
sub14,0,36.26301356626623,mean_subtraction
sub14,0,17.45018108020795,mean_subtraction
sub14,0,-31.704076015620114,mean_subtraction
sub14,0,45.938624414130814,mean_subtraction
sub14,1,-64.6991842094468,mean_subtraction
sub14,1,-66.70445187730269,mean_subtraction
sub14,1,-68.50334034795787,mean_subtraction
sub14,1,-55.52756268047482,mean_subtraction
sub14,1,-42.77071853649016,mean_subtraction
sub14,1,-75.32522418007251,mean_subtraction
sub14,1,-42.15709501232681,mean_subtraction
sub14,1,-63.26181264607748,mean_subtraction
sub14,1,-72.5291366082048,mean_subtraction
sub14,1,-56.43426040142771,mean_subtraction
sub14,1,-69.28098269529295,mean_subtraction
sub14,1,-57.63737784828308,mean_subtraction
sub14,1,-48.22757997653222,mean_subtraction
sub14,1,-50.85906594842707,mean_subtraction
sub15,0,26.260340585797536,mean_subtraction
sub15,0,-11.903757291583716,mean_subtraction
sub15,0,-10.639819003224972,mean_subtraction
sub15,0,-16.041656526662027,mean_subtraction
sub15,0,-13.506068493808213,mean_subtraction
sub15,0,-24.00116324217541,mean_subtraction
sub15,0,-8.127211826726864,mean_subtraction
sub15,0,-3.6796053568256366,mean_subtraction
sub15,0,-28.488008280453606,mean_subtraction
sub15,0,-11.252074601138784,mean_subtraction
sub15,0,-12.509546118783273,mean_subtraction
sub15,0,-27.658121029469974,mean_subtraction
sub15,0,-7.266565768087145,mean_subtraction
sub15,0,-15.776439125079152,mean_subtraction
sub15,1,18.37188245204787,mean_subtraction
sub15,1,-7.492372400594787,mean_subtraction
sub15,1,-6.103565357839724,mean_subtraction
sub15,1,203.8795783311399,mean_subtraction
sub15,1,171.38284022707592,mean_subtraction
sub15,1,158.09349357464944,mean_subtraction
sub15,1,-7.054274856355077,mean_subtraction
sub15,1,-3.8200623263344986,mean_subtraction
sub15,1,-10.996490612098066,mean_subtraction
sub15,1,126.69869382026451,mean_subtraction
sub15,1,99.39345299567665,mean_subtraction
sub15,1,21.044863094960185,mean_subtraction
sub15,1,-13.48383314830754,mean_subtraction
sub15,1,-7.480237821424667,mean_subtraction
sub16,0,43.828178510889245,mean_subtraction
sub16,0,22.279624486214985,mean_subtraction
sub16,0,-32.68720700721673,mean_subtraction
sub16,0,-19.727939754901396,mean_subtraction
sub16,0,-13.132848792132972,mean_subtraction
sub16,0,-24.772191503127633,mean_subtraction
sub16,0,-26.95558952773853,mean_subtraction
sub16,0,-23.26769314382085,mean_subtraction
sub16,0,-20.204810513197785,mean_subtraction
sub16,0,-10.085068212421605,mean_subtraction
sub16,0,-7.352136582103241,mean_subtraction
sub16,0,-8.614677165588043,mean_subtraction
sub16,0,-7.094836388949718,mean_subtraction
sub16,0,-7.630954736225253,mean_subtraction
sub16,1,6.342347598460921,mean_subtraction
sub16,1,29.27699248630408,mean_subtraction
sub16,1,0.6191954454522183,mean_subtraction
sub16,1,-13.529307271816105,mean_subtraction
sub16,1,-11.818016148407743,mean_subtraction
sub16,1,-27.99749528453192,mean_subtraction
sub16,1,-18.35819639969964,mean_subtraction
sub16,1,-13.754031703339658,mean_subtraction
sub16,1,-12.464514265490777,mean_subtraction
sub16,1,-31.424851315217897,mean_subtraction
sub16,1,-29.735085935024234,mean_subtraction
sub16,1,-21.63496596744262,mean_subtraction
sub16,1,-21.255064824317706,mean_subtraction
sub16,1,-15.943732543100978,mean_subtraction
sub17,0,-9.56420879995203,mean_subtraction
sub17,0,-12.408684513937896,mean_subtraction
sub17,0,-15.219927754520345,mean_subtraction
sub17,0,-11.738938896678892,mean_subtraction
sub17,0,-3.6202678945475557,mean_subtraction
sub17,0,-6.406510621055611,mean_subtraction
sub17,0,-7.617583896015575,mean_subtraction
sub17,0,0.750916209147642,mean_subtraction
sub17,0,-1.8560990018588326,mean_subtraction
sub17,0,-1.5630312831234583,mean_subtraction
sub17,0,-8.78364994082585,mean_subtraction
sub17,0,-12.036668876665555,mean_subtraction
sub17,0,-3.92425492969901,mean_subtraction
sub17,0,-4.067219342893199,mean_subtraction
sub17,1,-2.971381443060707,mean_subtraction
sub17,1,-5.867020935062055,mean_subtraction
sub17,1,-15.312943716085394,mean_subtraction
sub17,1,-14.682639839870223,mean_subtraction
sub17,1,-12.637895224595953,mean_subtraction
sub17,1,-6.001172956853985,mean_subtraction
sub17,1,-5.3738995942005054,mean_subtraction
sub17,1,-5.8764994039472365,mean_subtraction
sub17,1,-11.942018160127846,mean_subtraction
sub17,1,-7.780940648106785,mean_subtraction
sub17,1,-5.1590246130660855,mean_subtraction
sub17,1,4.0615921142549185,mean_subtraction
sub17,1,-0.5160571855553053,mean_subtraction
sub17,1,7.890132946825724,mean_subtraction
sub18,0,-0.8809678802416672,mean_subtraction
sub18,0,-1.0221800829285559,mean_subtraction
sub18,0,-9.636633935987593,mean_subtraction
sub18,0,-12.575955242829972,mean_subtraction
sub18,0,-13.467372840048888,mean_subtraction
sub18,0,-12.051167751103945,mean_subtraction
sub18,0,-25.241586912334935,mean_subtraction
sub18,0,-5.965804622596255,mean_subtraction
sub18,0,10.999303522313124,mean_subtraction
sub18,0,-10.129639603609547,mean_subtraction
sub18,0,-13.842665219578302,mean_subtraction
sub18,0,-13.446151057295442,mean_subtraction
sub18,0,-17.77107969289471,mean_subtraction
sub18,0,24.799583993521104,mean_subtraction
sub18,1,7.008036995369652,mean_subtraction
sub18,1,63.93148053937693,mean_subtraction
sub18,1,65.14476719219765,mean_subtraction
sub18,1,17.084021937712404,mean_subtraction
sub18,1,19.337932665548475,mean_subtraction
sub18,1,1.934720096879613,mean_subtraction
sub18,1,8.241520265447253,mean_subtraction
sub18,1,20.74985000524213,mean_subtraction
sub18,1,22.60030290968878,mean_subtraction
sub18,1,3.771693680135259,mean_subtraction
sub18,1,-1.8334221621064861,mean_subtraction
sub18,1,13.141209299663716,mean_subtraction
sub18,1,11.86746466074077,mean_subtraction
sub18,1,16.900960476425535,mean_subtraction
sub19,0,-20.1015663976995,mean_subtraction
sub19,0,-11.150234636326598,mean_subtraction
sub19,0,-17.150871787348187,mean_subtraction
sub19,0,-28.7388356672392,mean_subtraction
sub19,0,-38.1187307216911,mean_subtraction
sub19,0,-5.616266197115032,mean_subtraction
sub19,0,-3.640432639143794,mean_subtraction
sub19,0,16.648002583813113,mean_subtraction
sub19,0,-28.154863480202856,mean_subtraction
sub19,0,-37.47911624475993,mean_subtraction
sub19,0,27.426328115234767,mean_subtraction
sub19,0,59.38831029830904,mean_subtraction
sub19,0,11.986897987990632,mean_subtraction
sub19,0,-4.517613749539915,mean_subtraction
sub19,1,-24.467547384179582,mean_subtraction
sub19,1,-30.208375836812632,mean_subtraction
sub19,1,-31.2126006775305,mean_subtraction
sub19,1,-28.810499825630732,mean_subtraction
sub19,1,-32.856730934546064,mean_subtraction
sub19,1,-34.40294644287479,mean_subtraction
sub19,1,-29.681091020512085,mean_subtraction
sub19,1,-35.572482755624335,mean_subtraction
sub19,1,-33.35649224910362,mean_subtraction
sub19,1,-36.21319146853917,mean_subtraction
sub19,1,-32.404925033279696,mean_subtraction
sub19,1,-27.761908885571685,mean_subtraction
sub19,1,-27.625208044039802,mean_subtraction
sub19,1,-26.255033094433127,mean_subtraction
sub20,0,-46.58709803990885,mean_subtraction
sub20,0,-48.05888133583797,mean_subtraction
sub20,0,-46.03168850151785,mean_subtraction
sub20,0,-55.709815519367,mean_subtraction
sub20,0,-55.617479250071185,mean_subtraction
sub20,0,-53.737284764539794,mean_subtraction
sub20,0,-50.159626570374414,mean_subtraction
sub20,0,-49.207372231597915,mean_subtraction
sub20,0,-57.67733398782946,mean_subtraction
sub20,0,-59.20197777165346,mean_subtraction
sub20,0,-55.539251023146875,mean_subtraction
sub20,0,-54.365321750921034,mean_subtraction
sub20,0,-48.444046855261135,mean_subtraction
sub20,0,-44.3744730308952,mean_subtraction
sub20,1,-41.63156252670099,mean_subtraction
sub20,1,-52.81294315849898,mean_subtraction
sub20,1,-41.27182709083138,mean_subtraction
sub20,1,-47.26029390823964,mean_subtraction
sub20,1,-51.266678958514476,mean_subtraction
sub20,1,-54.44402908307719,mean_subtraction
sub20,1,-47.47465043566538,mean_subtraction
sub20,1,-52.25126459649513,mean_subtraction
sub20,1,-41.967899523174665,mean_subtraction
sub20,1,-30.54176670035493,mean_subtraction
sub20,1,-22.230344869481453,mean_subtraction
sub20,1,-53.54619137733483,mean_subtraction
sub20,1,-56.143963371904725,mean_subtraction
sub20,1,-50.166433517254546,mean_subtraction
sub21,0,36.6947136141525,mean_subtraction
sub21,0,61.434459321115604,mean_subtraction
sub21,0,26.74452265128762,mean_subtraction
sub21,0,72.42506288563408,mean_subtraction
sub21,0,64.18574646263926,mean_subtraction
sub21,0,34.192112737692085,mean_subtraction
sub21,0,-8.441235598626998,mean_subtraction
sub21,0,85.21531949105326,mean_subtraction
sub21,0,101.18634102013351,mean_subtraction
sub21,0,-22.867970282207196,mean_subtraction
sub21,0,-77.67149264941764,mean_subtraction
sub21,0,-78.36011722948318,mean_subtraction
sub21,0,-93.70930581234896,mean_subtraction
sub21,0,-64.35079103032695,mean_subtraction
sub21,1,159.35101207799383,mean_subtraction
sub21,1,119.95076093579058,mean_subtraction
sub21,1,153.3608317568317,mean_subtraction
sub21,1,70.28245238850296,mean_subtraction
sub21,1,9.769840938926112,mean_subtraction
sub21,1,67.31873109551569,mean_subtraction
sub21,1,18.90934726823843,mean_subtraction
sub21,1,-66.6125719301653,mean_subtraction
sub21,1,-84.87600336565157,mean_subtraction
sub21,1,9.141494458326537,mean_subtraction
sub21,1,-32.86268615626626,mean_subtraction
sub21,1,-38.40603608296595,mean_subtraction
sub21,1,-37.31771523024707,mean_subtraction
sub21,1,-40.317581635474426,mean_subtraction
sub22,0,-12.678260899334688,mean_subtraction
sub22,0,39.00150672131605,mean_subtraction
sub22,0,24.059352916728027,mean_subtraction
sub22,0,44.759425054860685,mean_subtraction
sub22,0,-4.0782180436998186,mean_subtraction
sub22,0,-17.2674516543645,mean_subtraction
sub22,0,-18.69730438733535,mean_subtraction
sub22,0,-8.093544948521538,mean_subtraction
sub22,0,-8.147890683331852,mean_subtraction
sub22,0,-5.463433328293649,mean_subtraction
sub22,0,-14.975103682383926,mean_subtraction
sub22,0,-16.172455368912395,mean_subtraction
sub22,0,-9.38713315173111,mean_subtraction
sub22,0,-10.549062021471924,mean_subtraction
sub22,1,-6.206050971356939,mean_subtraction
sub22,1,-8.045116622426795,mean_subtraction
sub22,1,-11.060814432436498,mean_subtraction
sub22,1,-11.046342257203802,mean_subtraction
sub22,1,-7.220600865111047,mean_subtraction
sub22,1,16.18615830840993,mean_subtraction
sub22,1,12.851177601595918,mean_subtraction
sub22,1,-15.635611812085525,mean_subtraction
sub22,1,-5.82014547561085,mean_subtraction
sub22,1,-3.327631826264917,mean_subtraction
sub22,1,-5.153074544399855,mean_subtraction
sub22,1,-7.10136538938514,mean_subtraction
sub22,1,-7.442918577482568,mean_subtraction
sub22,1,-19.833636782527247,mean_subtraction
sub23,0,-17.37828910179421,mean_subtraction
sub23,0,-10.87265772824751,mean_subtraction
sub23,0,-11.90881878466922,mean_subtraction
sub23,0,-8.912134389030188,mean_subtraction
sub23,0,-0.6476540547882937,mean_subtraction
sub23,0,-5.5890908662452174,mean_subtraction
sub23,0,-11.83400471498409,mean_subtraction
sub23,0,-12.192562962150129,mean_subtraction
sub23,0,-6.834740057255259,mean_subtraction
sub23,0,-15.308773576834282,mean_subtraction
sub23,0,-8.846243569108285,mean_subtraction
sub23,0,-8.010694111783085,mean_subtraction
sub23,0,-12.439487877263868,mean_subtraction
sub23,0,-7.855088406141576,mean_subtraction
sub23,1,-6.105759512776864,mean_subtraction
sub23,1,24.51281258012786,mean_subtraction
sub23,1,-0.539366782248214,mean_subtraction
sub23,1,-2.806826088165742,mean_subtraction
sub23,1,5.770434757732575,mean_subtraction
sub23,1,6.26308625031488,mean_subtraction
sub23,1,-9.86583090567794,mean_subtraction
sub23,1,5.066214814730006,mean_subtraction
sub23,1,4.577962067413299,mean_subtraction
sub23,1,-1.4670502367146505,mean_subtraction
sub23,1,-7.092799660888112,mean_subtraction
sub23,1,-2.6716561125888934,mean_subtraction
sub23,1,-3.8175675193924588,mean_subtraction
sub23,1,-5.548615860567087,mean_subtraction
sub24,0,1.0201784148838358,mean_subtraction
sub24,0,5.09640077908367,mean_subtraction
sub24,0,0.5255040209466066,mean_subtraction
sub24,0,5.367222078531182,mean_subtraction
sub24,0,7.707447747284863,mean_subtraction
sub24,0,11.65904087030958,mean_subtraction
sub24,0,-8.9866237455726,mean_subtraction
sub24,0,9.419820342318044,mean_subtraction
sub24,0,9.97849211671251,mean_subtraction
sub24,0,78.26040076089637,mean_subtraction
sub24,0,77.36937409384336,mean_subtraction
sub24,0,63.43832656770298,mean_subtraction
sub24,0,16.15815077191284,mean_subtraction
sub24,0,12.828861956979047,mean_subtraction
sub24,1,13.409974967028859,mean_subtraction
sub24,1,12.514728365750415,mean_subtraction
sub24,1,43.20085320208659,mean_subtraction
sub24,1,25.17117618630163,mean_subtraction
sub24,1,65.55982434073402,mean_subtraction
sub24,1,66.84798384927745,mean_subtraction
sub24,1,42.01064705690476,mean_subtraction
sub24,1,83.51396731119445,mean_subtraction
sub24,1,60.29607980285048,mean_subtraction
sub24,1,74.36088295964547,mean_subtraction
sub24,1,88.1473409275601,mean_subtraction
sub24,1,58.88223450593506,mean_subtraction
sub24,1,-25.943732013193888,mean_subtraction
sub24,1,-27.672884921523007,mean_subtraction
sub25,0,-13.649965123550437,mean_subtraction
sub25,0,-15.481444606668164,mean_subtraction
sub25,0,9.925633037710538,mean_subtraction
sub25,0,29.41658513170068,mean_subtraction
sub25,0,35.7663544650377,mean_subtraction
sub25,0,-91.39249216354536,mean_subtraction
sub25,0,-83.27873352134121,mean_subtraction
sub25,0,66.90087131533423,mean_subtraction
sub25,0,10.245098930885352,mean_subtraction
sub25,0,69.24240120619001,mean_subtraction
sub25,0,116.37391370914067,mean_subtraction
sub25,0,71.2377923420933,mean_subtraction
sub25,0,-19.977106454854933,mean_subtraction
sub25,0,-14.917645596598916,mean_subtraction
sub25,1,-5.6252133532515565,mean_subtraction
sub25,1,-8.53726363934336,mean_subtraction
sub25,1,4.025893569044827,mean_subtraction
sub25,1,15.255563057901677,mean_subtraction
sub25,1,47.59757797185035,mean_subtraction
sub25,1,74.97004580209686,mean_subtraction
sub25,1,89.71141923683876,mean_subtraction
sub25,1,78.90552535089148,mean_subtraction
sub25,1,0.008367011111590363,mean_subtraction
sub25,1,22.8955353629738,mean_subtraction
sub25,1,15.092423192281075,mean_subtraction
sub25,1,30.28644265426423,mean_subtraction
sub25,1,41.05204744226549,mean_subtraction
sub25,1,-17.443664290335622,mean_subtraction
sub26,0,-50.640113428354255,mean_subtraction
sub26,0,-78.97678551213949,mean_subtraction
sub26,0,-32.139208579556744,mean_subtraction
sub26,0,-83.39059348671121,mean_subtraction
sub26,0,-79.74366726593053,mean_subtraction
sub26,0,-59.78334455247435,mean_subtraction
sub26,0,-74.91676579019817,mean_subtraction
sub26,0,-70.40584564714534,mean_subtraction
sub26,0,-53.38653331923431,mean_subtraction
sub26,0,-41.88603700821527,mean_subtraction
sub26,0,-55.84045610420456,mean_subtraction
sub26,0,-69.49932818799626,mean_subtraction
sub26,0,-62.6684488369035,mean_subtraction
sub26,0,-38.44521008743295,mean_subtraction
sub26,1,-93.72007759595093,mean_subtraction
sub26,1,-83.85867925251743,mean_subtraction
sub26,1,-92.63431120958008,mean_subtraction
sub26,1,-85.93502602290354,mean_subtraction
sub26,1,-75.53193905264418,mean_subtraction
sub26,1,-69.88421404488368,mean_subtraction
sub26,1,-68.54406937608977,mean_subtraction
sub26,1,-66.31677494697536,mean_subtraction
sub26,1,-83.90357286491903,mean_subtraction
sub26,1,-82.47951212893459,mean_subtraction
sub26,1,-95.65585710610578,mean_subtraction
sub26,1,-94.98467182445339,mean_subtraction
sub26,1,-94.47253179486563,mean_subtraction
sub26,1,-121.9015265261017,mean_subtraction
sub27,0,-51.907461389530184,mean_subtraction
sub27,0,-67.88945677053096,mean_subtraction
sub27,0,-77.14252352597815,mean_subtraction
sub27,0,10.696285563997433,mean_subtraction
sub27,0,9.81664330051851,mean_subtraction
sub27,0,-10.500313778194396,mean_subtraction
sub27,0,-26.828734876897972,mean_subtraction
sub27,0,1.40465771617002,mean_subtraction
sub27,0,29.630483022771536,mean_subtraction
sub27,0,-28.46472224099488,mean_subtraction
sub27,0,-66.53561076466458,mean_subtraction
sub27,0,-31.609972013174954,mean_subtraction
sub27,0,27.857690849229535,mean_subtraction
sub27,0,20.47320105708828,mean_subtraction
sub27,1,-86.66497737057455,mean_subtraction
sub27,1,-77.82280037091061,mean_subtraction
sub27,1,-62.381074423729636,mean_subtraction
sub27,1,-75.57231373078518,mean_subtraction
sub27,1,-69.65227337031327,mean_subtraction
sub27,1,-87.68001317546289,mean_subtraction
sub27,1,-64.63154213674328,mean_subtraction
sub27,1,-57.70899615668417,mean_subtraction
sub27,1,-54.18222642003119,mean_subtraction
sub27,1,-83.51876832804125,mean_subtraction
sub27,1,-70.79103561379124,mean_subtraction
sub27,1,-70.2298305271577,mean_subtraction
sub27,1,-40.78350889110942,mean_subtraction
sub27,1,-15.608262806758525,mean_subtraction
sub28,0,-0.5524773002680415,mean_subtraction
sub28,0,-27.548306423866514,mean_subtraction
sub28,0,-39.04171853844187,mean_subtraction
sub28,0,-45.79629271137379,mean_subtraction
sub28,0,-28.42989800174402,mean_subtraction
sub28,0,-39.094997669872505,mean_subtraction
sub28,0,-18.923795373835812,mean_subtraction
sub28,0,-7.785602124264751,mean_subtraction
sub28,0,1.240672512945198,mean_subtraction
sub28,0,-40.94986836145867,mean_subtraction
sub28,0,-21.764006237511374,mean_subtraction
sub28,0,-7.328293298972003,mean_subtraction
sub28,0,-12.576546830777412,mean_subtraction
sub28,0,-36.42595350853572,mean_subtraction
sub28,1,-42.376436572683154,mean_subtraction
sub28,1,-45.063312639597264,mean_subtraction
sub28,1,-47.49435311023018,mean_subtraction
sub28,1,-35.49409031662042,mean_subtraction
sub28,1,-31.28061917647325,mean_subtraction
sub28,1,-49.84948198391399,mean_subtraction
sub28,1,-51.8737306698156,mean_subtraction
sub28,1,-37.80218416534752,mean_subtraction
sub28,1,-25.786383514765117,mean_subtraction
sub28,1,-39.799639445509555,mean_subtraction
sub28,1,-39.89773650661759,mean_subtraction
sub28,1,-46.76989353899482,mean_subtraction
sub28,1,-43.56607242141676,mean_subtraction
sub28,1,-45.811388750932295,mean_subtraction
sub29,0,34.053401381732336,mean_subtraction
sub29,0,-12.146857109560864,mean_subtraction
sub29,0,-12.401949612699807,mean_subtraction
sub29,0,5.467879842365279,mean_subtraction
sub29,0,-1.76547183970427,mean_subtraction
sub29,0,9.23814892125201,mean_subtraction
sub29,0,17.339098235047494,mean_subtraction
sub29,0,-9.186301443746888,mean_subtraction
sub29,0,-11.428123439808976,mean_subtraction
sub29,0,-5.637650526012406,mean_subtraction
sub29,0,-9.130291519708466,mean_subtraction
sub29,0,-11.379916478313657,mean_subtraction
sub29,0,-3.738912531836368,mean_subtraction
sub29,0,-2.0038638529120663,mean_subtraction
sub29,1,-6.871295018698753,mean_subtraction
sub29,1,3.221650083075697,mean_subtraction
sub29,1,-2.9225708820511955,mean_subtraction
sub29,1,-2.573107120660891,mean_subtraction
sub29,1,37.71585351293623,mean_subtraction
sub29,1,18.25438779370111,mean_subtraction
sub29,1,-3.0139622652029048,mean_subtraction
sub29,1,-12.208858102989394,mean_subtraction
sub29,1,-10.882484494188935,mean_subtraction
sub29,1,-13.70699869791514,mean_subtraction
sub29,1,-17.80257333303515,mean_subtraction
sub29,1,-13.767819102137667,mean_subtraction
sub29,1,-17.630119324579045,mean_subtraction
sub29,1,67.97027144996896,mean_subtraction
sub30,0,-31.24392127155543,mean_subtraction
sub30,0,21.134031834954282,mean_subtraction
sub30,0,23.615348234414014,mean_subtraction
sub30,0,-27.138243524744208,mean_subtraction
sub30,0,-26.56756599016127,mean_subtraction
sub30,0,87.23123422032845,mean_subtraction
sub30,0,126.5232847946656,mean_subtraction
sub30,0,41.467364790504355,mean_subtraction
sub30,0,49.84029929559133,mean_subtraction
sub30,0,41.23070356695625,mean_subtraction
sub30,0,51.0083699094601,mean_subtraction
sub30,0,69.04048367947208,mean_subtraction
sub30,0,21.681333246267474,mean_subtraction
sub30,0,87.02662552100564,mean_subtraction
sub30,1,-50.09305921006491,mean_subtraction
sub30,1,-51.52786885996985,mean_subtraction
sub30,1,-44.401150202412076,mean_subtraction
sub30,1,-56.10197993721909,mean_subtraction
sub30,1,-53.08042064170636,mean_subtraction
sub30,1,-29.050075092539366,mean_subtraction
sub30,1,-36.46790071796388,mean_subtraction
sub30,1,-50.92966359082196,mean_subtraction
sub30,1,-44.72507516546027,mean_subtraction
sub30,1,-31.384433184769954,mean_subtraction
sub30,1,-52.2576063126437,mean_subtraction
sub30,1,-50.42069008762889,mean_subtraction
sub30,1,-44.76760935425253,mean_subtraction
sub30,1,-44.72342301863474,mean_subtraction
sub31,0,-14.75838595488601,mean_subtraction
sub31,0,-16.12020707642748,mean_subtraction
sub31,0,-4.470180533545302,mean_subtraction
sub31,0,8.25494519309777,mean_subtraction
sub31,0,11.271948081342318,mean_subtraction
sub31,0,18.92449466273713,mean_subtraction
sub31,0,6.92349979319196,mean_subtraction
sub31,0,7.184694204706571,mean_subtraction
sub31,0,-23.8397441063231,mean_subtraction
sub31,0,-25.425312052323957,mean_subtraction
sub31,0,-6.193884119647757,mean_subtraction
sub31,0,-20.0455824906635,mean_subtraction
sub31,0,43.83567502415372,mean_subtraction
sub31,0,2.1852972068766134,mean_subtraction
sub31,1,-16.067241668247338,mean_subtraction
sub31,1,-13.853146711723321,mean_subtraction
sub31,1,-8.610270859120488,mean_subtraction
sub31,1,-12.181483444181485,mean_subtraction
sub31,1,-13.802625902861763,mean_subtraction
sub31,1,-34.2875881082859,mean_subtraction
sub31,1,-19.268399922128076,mean_subtraction
sub31,1,-21.462890369351552,mean_subtraction
sub31,1,-13.607047605528376,mean_subtraction
sub31,1,54.36027764248251,mean_subtraction
sub31,1,36.077542855059434,mean_subtraction
sub31,1,-3.22022270643949,mean_subtraction
sub31,1,25.967783970220832,mean_subtraction
sub31,1,38.93637171590179,mean_subtraction
sub32,0,-7.089117293234571,mean_subtraction
sub32,0,0.29742482486668864,mean_subtraction
sub32,0,11.117705745282196,mean_subtraction
sub32,0,6.562858457614161,mean_subtraction
sub32,0,8.237956182137198,mean_subtraction
sub32,0,0.8065260709825613,mean_subtraction
sub32,0,4.11917621767464,mean_subtraction
sub32,0,8.62930746802582,mean_subtraction
sub32,0,9.245855904023362,mean_subtraction
sub32,0,0.5866278374277636,mean_subtraction
sub32,0,0.07128460207619056,mean_subtraction
sub32,0,3.317877280391941,mean_subtraction
sub32,0,5.609431032221138,mean_subtraction
sub32,0,0.1978604478159118,mean_subtraction
sub32,1,14.546100434398578,mean_subtraction
sub32,1,-0.8363557764451878,mean_subtraction
sub32,1,-9.105071103348033,mean_subtraction
sub32,1,-4.331510344652907,mean_subtraction
sub32,1,-6.267036411402796,mean_subtraction
sub32,1,2.8251926336716684,mean_subtraction
sub32,1,6.967773432286434,mean_subtraction
sub32,1,-3.8255834537616455,mean_subtraction
sub32,1,17.465137727721267,mean_subtraction
sub32,1,82.53089678573997,mean_subtraction
sub32,1,-6.196667671462631,mean_subtraction
sub32,1,1.677631962654786,mean_subtraction
sub32,1,-5.180578527588738,mean_subtraction
sub32,1,-5.703409248000546,mean_subtraction
sub33,0,14.914424604165898,mean_subtraction
sub33,0,31.497068449910497,mean_subtraction
sub33,0,7.572155125121877,mean_subtraction
sub33,0,4.318088446829789,mean_subtraction
sub33,0,-17.51439102165442,mean_subtraction
sub33,0,12.03876968363096,mean_subtraction
sub33,0,-10.095467613728502,mean_subtraction
sub33,0,-0.45284799447889124,mean_subtraction
sub33,0,-12.47119779824131,mean_subtraction
sub33,0,-35.33929572344629,mean_subtraction
sub33,0,-28.398066032726206,mean_subtraction
sub33,0,-41.33856911468578,mean_subtraction
sub33,0,-50.64658903545902,mean_subtraction
sub33,0,-42.90455622791912,mean_subtraction
sub33,1,-24.016009077988773,mean_subtraction
sub33,1,-29.718868473702276,mean_subtraction
sub33,1,-42.729215763088845,mean_subtraction
sub33,1,9.002739974718779,mean_subtraction
sub33,1,16.97546742163052,mean_subtraction
sub33,1,-6.2132262299271375,mean_subtraction
sub33,1,-49.717334731619005,mean_subtraction
sub33,1,-21.604315006169163,mean_subtraction
sub33,1,3.46879092754314,mean_subtraction
sub33,1,-50.50412076433358,mean_subtraction
sub33,1,14.897820943699966,mean_subtraction
sub33,1,51.608824806659925,mean_subtraction
sub33,1,200.82855054136175,mean_subtraction
sub33,1,131.12615368860276,mean_subtraction
sub34,0,-31.78231004873426,mean_subtraction
sub34,0,-34.13138146385775,mean_subtraction
sub34,0,-3.8683719686256937,mean_subtraction
sub34,0,-0.7223157269024704,mean_subtraction
sub34,0,-32.84981837849599,mean_subtraction
sub34,0,-38.65795023489404,mean_subtraction
sub34,0,-5.654477751958547,mean_subtraction
sub34,0,-20.296896477647085,mean_subtraction
sub34,0,-24.389356046025,mean_subtraction
sub34,0,1.5838823041999432,mean_subtraction
sub34,0,-30.925742225082463,mean_subtraction
sub34,0,-32.65532944911159,mean_subtraction
sub34,0,-51.87757683245238,mean_subtraction
sub34,0,-33.994484553993296,mean_subtraction
sub34,1,-39.17253107905438,mean_subtraction
sub34,1,-15.675335536039478,mean_subtraction
sub34,1,0.0091104185077844,mean_subtraction
sub34,1,-57.82464759833639,mean_subtraction
sub34,1,-54.32224143273713,mean_subtraction
sub34,1,-30.873143187641748,mean_subtraction
sub34,1,-37.153809489933174,mean_subtraction
sub34,1,83.35596220865384,mean_subtraction
sub34,1,64.80456234043645,mean_subtraction
sub34,1,45.183894047494114,mean_subtraction
sub34,1,20.185904000022283,mean_subtraction
sub34,1,-42.921064232739994,mean_subtraction
sub34,1,-21.942831672779462,mean_subtraction
sub34,1,-37.9636083151617,mean_subtraction
sub35,0,16.49765321750026,mean_subtraction
sub35,0,-8.510183216371141,mean_subtraction
sub35,0,-10.824287002996371,mean_subtraction
sub35,0,-16.12383291115772,mean_subtraction
sub35,0,-24.685208056680715,mean_subtraction
sub35,0,-11.038379780664382,mean_subtraction
sub35,0,2.0164806292407436,mean_subtraction
sub35,0,-10.723730782576226,mean_subtraction
sub35,0,-14.106749786143139,mean_subtraction
sub35,0,68.97051283249695,mean_subtraction
sub35,0,26.010157633408976,mean_subtraction
sub35,0,-10.582699594364511,mean_subtraction
sub35,0,-14.668120295532924,mean_subtraction
sub35,0,-8.547198889987012,mean_subtraction
sub35,1,0.42444684583164616,mean_subtraction
sub35,1,19.441217375224312,mean_subtraction
sub35,1,16.970798874317055,mean_subtraction
sub35,1,-10.211134107013098,mean_subtraction
sub35,1,-12.938907762999312,mean_subtraction
sub35,1,-11.521200831023028,mean_subtraction
sub35,1,-13.572654411917636,mean_subtraction
sub35,1,103.44060685416339,mean_subtraction
sub35,1,66.36656906809102,mean_subtraction
sub35,1,65.16777794510406,mean_subtraction
sub35,1,17.642115678840288,mean_subtraction
sub35,1,28.91396177751968,mean_subtraction
sub35,1,38.39640455182145,mean_subtraction
sub35,1,82.66883907623615,mean_subtraction
sub36,0,-1.2221408466063606,mean_subtraction
sub36,0,-34.49458538740967,mean_subtraction
sub36,0,-18.313945995873052,mean_subtraction
sub36,0,6.2326128916807155,mean_subtraction
sub36,0,-14.472462358286293,mean_subtraction
sub36,0,-17.654718943162774,mean_subtraction
sub36,0,-27.97901722449165,mean_subtraction
sub36,0,-27.169873952680998,mean_subtraction
sub36,0,2.5481939853786457,mean_subtraction
sub36,0,-2.2838671798394072,mean_subtraction
sub36,0,-6.319042951742182,mean_subtraction
sub36,0,-11.637499041129038,mean_subtraction
sub36,0,10.055928289334869,mean_subtraction
sub36,0,-21.250414356157986,mean_subtraction
sub36,1,100.80062594376467,mean_subtraction
sub36,1,123.2460517547093,mean_subtraction
sub36,1,6.637638960855173,mean_subtraction
sub36,1,-12.627798528973146,mean_subtraction
sub36,1,16.541214289030723,mean_subtraction
sub36,1,14.531461046171179,mean_subtraction
sub36,1,6.5559668298462315,mean_subtraction
sub36,1,13.069075743528952,mean_subtraction
sub36,1,2.793236161047464,mean_subtraction
sub36,1,-2.8954500790620092,mean_subtraction
sub36,1,-0.3599491156874751,mean_subtraction
sub36,1,20.793764677300445,mean_subtraction
sub36,1,10.798555456249456,mean_subtraction
sub36,1,18.795461136547296,mean_subtraction
sub37,0,-8.736513800064076,mean_subtraction
sub37,0,-35.11257429933955,mean_subtraction
sub37,0,-23.306114944408556,mean_subtraction
sub37,0,-2.6011053120614633,mean_subtraction
sub37,0,2.1374710618821946,mean_subtraction
sub37,0,7.899065750265639,mean_subtraction
sub37,0,48.02646528157777,mean_subtraction
sub37,0,19.99119801906767,mean_subtraction
sub37,0,-2.6412121743269252,mean_subtraction
sub37,0,2.0698140457799865,mean_subtraction
sub37,0,-4.277234812143249,mean_subtraction
sub37,0,1.7158478990509345,mean_subtraction
sub37,0,-9.80465814520001,mean_subtraction
sub37,0,-12.369970623886593,mean_subtraction
sub37,1,-2.040022022474514,mean_subtraction
sub37,1,0.06706021379855567,mean_subtraction
sub37,1,24.192348518755733,mean_subtraction
sub37,1,56.9319460147186,mean_subtraction
sub37,1,4.095319365577882,mean_subtraction
sub37,1,-20.158467011167478,mean_subtraction
sub37,1,-32.58165244091947,mean_subtraction
sub37,1,-31.31155041364183,mean_subtraction
sub37,1,-6.0523637707994045,mean_subtraction
sub37,1,-20.545421866721277,mean_subtraction
sub37,1,-23.416357219759924,mean_subtraction
sub37,1,-4.55097563014215,mean_subtraction
sub37,1,-2.653340493050929,mean_subtraction
sub37,1,17.25618659919933,mean_subtraction
sub38,0,-10.381721247386405,mean_subtraction
sub38,0,-1.694458162782525,mean_subtraction
sub38,0,-1.51256859884609,mean_subtraction
sub38,0,-3.050589255956412,mean_subtraction
sub38,0,-23.8540705798489,mean_subtraction
sub38,0,-3.640309502197444,mean_subtraction
sub38,0,6.2648090972859505,mean_subtraction
sub38,0,-14.357979793193293,mean_subtraction
sub38,0,-12.267385971885767,mean_subtraction
sub38,0,-5.100970360083253,mean_subtraction
sub38,0,-10.253546494570719,mean_subtraction
sub38,0,-7.386156180382957,mean_subtraction
sub38,0,-11.464086829883984,mean_subtraction
sub38,0,-10.775509904332633,mean_subtraction
sub38,1,28.284353467586826,mean_subtraction
sub38,1,8.376681085426087,mean_subtraction
sub38,1,-8.914647883654114,mean_subtraction
sub38,1,-10.53376696243334,mean_subtraction
sub38,1,-16.352540669161964,mean_subtraction
sub38,1,-5.322267163311217,mean_subtraction
sub38,1,53.58311848868448,mean_subtraction
sub38,1,90.37254450315842,mean_subtraction
sub38,1,14.445778752146149,mean_subtraction
sub38,1,47.12183426006171,mean_subtraction
sub38,1,4.2933922503058,mean_subtraction
sub38,1,56.588538581288546,mean_subtraction
sub38,1,5.249634733461887,mean_subtraction
sub38,1,-14.717603478101696,mean_subtraction
sub39,0,-30.096588925556247,mean_subtraction
sub39,0,37.95212959867676,mean_subtraction
sub39,0,12.77696958593107,mean_subtraction
sub39,0,15.08705870620752,mean_subtraction
sub39,0,-1.6392924258740713,mean_subtraction
sub39,0,-13.74641874479793,mean_subtraction
sub39,0,70.78433707418722,mean_subtraction
sub39,0,36.481835945386145,mean_subtraction
sub39,0,20.193040604013987,mean_subtraction
sub39,0,20.318219422671696,mean_subtraction
sub39,0,-14.33393671942294,mean_subtraction
sub39,0,75.01134097310153,mean_subtraction
sub39,0,20.18587826498579,mean_subtraction
sub39,0,-14.498690955849648,mean_subtraction
sub39,1,-45.757052944075475,mean_subtraction
sub39,1,-46.751331967298086,mean_subtraction
sub39,1,-45.81367643001325,mean_subtraction
sub39,1,-37.10709139329308,mean_subtraction
sub39,1,-38.48874678445594,mean_subtraction
sub39,1,-41.9446529630221,mean_subtraction
sub39,1,-45.73543936772944,mean_subtraction
sub39,1,-42.99626508792924,mean_subtraction
sub39,1,-40.373238090730595,mean_subtraction
sub39,1,-41.53210948885463,mean_subtraction
sub39,1,-47.2524052978398,mean_subtraction
sub39,1,-41.14073275688763,mean_subtraction
sub39,1,-53.78126145787802,mean_subtraction
sub39,1,-45.27222475490825,mean_subtraction
sub40,0,-2.449864220653118,mean_subtraction
sub40,0,-19.487050957736095,mean_subtraction
sub40,0,-54.494784828750745,mean_subtraction
sub40,0,-53.88391530399593,mean_subtraction
sub40,0,6.9063517083476835,mean_subtraction
sub40,0,-13.975003503584091,mean_subtraction
sub40,0,-41.162231830764654,mean_subtraction
sub40,0,-27.14994415600815,mean_subtraction
sub40,0,-52.1771573603194,mean_subtraction
sub40,0,-60.15250325371015,mean_subtraction
sub40,0,-56.25595571735293,mean_subtraction
sub40,0,-24.58742345990697,mean_subtraction
sub40,0,-15.963933620298205,mean_subtraction
sub40,0,18.527223290679807,mean_subtraction
sub40,1,-22.774002802168184,mean_subtraction
sub40,1,-27.19724984927857,mean_subtraction
sub40,1,1.8703470218569933,mean_subtraction
sub40,1,-46.89174891103113,mean_subtraction
sub40,1,-35.94089782571177,mean_subtraction
sub40,1,-37.0968673218898,mean_subtraction
sub40,1,-60.09940541146013,mean_subtraction
sub40,1,-13.365901377045613,mean_subtraction
sub40,1,-25.89095094902509,mean_subtraction
sub40,1,-46.094785261460025,mean_subtraction
sub40,1,-49.84939325270362,mean_subtraction
sub40,1,-19.12350548197753,mean_subtraction
sub40,1,-35.17881483085165,mean_subtraction
sub40,1,-22.03569250339712,mean_subtraction
sub41,0,4.373555215938667,mean_subtraction
sub41,0,2.0921296819680633,mean_subtraction
sub41,0,-2.7887456769304935,mean_subtraction
sub41,0,-2.5584281191841507,mean_subtraction
sub41,0,6.12363236205618,mean_subtraction
sub41,0,1.9635083603238188,mean_subtraction
sub41,0,-4.883459019694956,mean_subtraction
sub41,0,-12.23072518599035,mean_subtraction
sub41,0,-7.732544750142562,mean_subtraction
sub41,0,-10.33942408368525,mean_subtraction
sub41,0,-4.464183946078522,mean_subtraction
sub41,0,-1.6777664872625744,mean_subtraction
sub41,0,-4.168940199249659,mean_subtraction
sub41,0,2.2015498784466123,mean_subtraction
sub41,1,38.48569403567959,mean_subtraction
sub41,1,63.886527123911705,mean_subtraction
sub41,1,31.544374584736385,mean_subtraction
sub41,1,1.5362803215624354,mean_subtraction
sub41,1,-9.957971794494721,mean_subtraction
sub41,1,-7.038529901117763,mean_subtraction
sub41,1,-6.727421109499878,mean_subtraction
sub41,1,-0.24778223877709885,mean_subtraction
sub41,1,-7.032689317330153,mean_subtraction
sub41,1,-19.09291842475189,mean_subtraction
sub41,1,-3.7165872105601427,mean_subtraction
sub41,1,-5.078343437754492,mean_subtraction
sub41,1,-3.0980778705583654,mean_subtraction
sub41,1,-0.1408976057845024,mean_subtraction
sub42,0,-7.461143029891434,mean_subtraction
sub42,0,-2.1023483978382904,mean_subtraction
sub42,0,17.43145513299447,mean_subtraction
sub42,0,23.27090209316724,mean_subtraction
sub42,0,8.107127865559518,mean_subtraction
sub42,0,61.49030535664366,mean_subtraction
sub42,0,69.81874845941324,mean_subtraction
sub42,0,71.36813436870834,mean_subtraction
sub42,0,9.062542674916713,mean_subtraction
sub42,0,-5.961346277556572,mean_subtraction
sub42,0,-6.147376817407258,mean_subtraction
sub42,0,56.53694652508493,mean_subtraction
sub42,0,117.66336449739785,mean_subtraction
sub42,0,19.135562001943786,mean_subtraction
sub42,1,11.049344302855374,mean_subtraction
sub42,1,-3.761601004627578,mean_subtraction
sub42,1,-5.536988292046914,mean_subtraction
sub42,1,-7.9280690717303175,mean_subtraction
sub42,1,2.26568225826331,mean_subtraction
sub42,1,24.6090407156479,mean_subtraction
sub42,1,22.988504497967412,mean_subtraction
sub42,1,11.758714894758194,mean_subtraction
sub42,1,37.846627601217676,mean_subtraction
sub42,1,35.97007689161158,mean_subtraction
sub42,1,6.772485144486792,mean_subtraction
sub42,1,-3.9903846910293153,mean_subtraction
sub42,1,-1.2434303940505878,mean_subtraction
sub42,1,17.00045295177027,mean_subtraction
sub43,0,-45.48789511062518,mean_subtraction
sub43,0,-63.776206338399014,mean_subtraction
sub43,0,-62.4078343773436,mean_subtraction
sub43,0,-57.0838193374166,mean_subtraction
sub43,0,-49.52161344727201,mean_subtraction
sub43,0,-52.722909078638416,mean_subtraction
sub43,0,-52.38117567065005,mean_subtraction
sub43,0,-49.3176657423987,mean_subtraction
sub43,0,-45.90033284134477,mean_subtraction
sub43,0,-1.60209636064337,mean_subtraction
sub43,0,35.76612791662611,mean_subtraction
sub43,0,32.76872051926523,mean_subtraction
sub43,0,-53.2158611891417,mean_subtraction
sub43,0,-55.03782054719125,mean_subtraction
sub43,1,-47.96727277382674,mean_subtraction
sub43,1,-51.122628646620676,mean_subtraction
sub43,1,-54.181983377902036,mean_subtraction
sub43,1,8.067106068059397,mean_subtraction
sub43,1,18.843419926088732,mean_subtraction
sub43,1,-1.5864748512980837,mean_subtraction
sub43,1,-7.28542497055364,mean_subtraction
sub43,1,-12.118651812971217,mean_subtraction
sub43,1,-48.005337770193975,mean_subtraction
sub43,1,-48.12426259864732,mean_subtraction
sub43,1,-39.62815475269972,mean_subtraction
sub43,1,1.7231348625644058,mean_subtraction
sub43,1,-27.60248358462221,mean_subtraction
sub43,1,-36.92785869982063,mean_subtraction
sub44,0,-5.420283008846572,mean_subtraction
sub44,0,156.588513815192,mean_subtraction
sub44,0,182.9902105612739,mean_subtraction
sub44,0,237.10742745514355,mean_subtraction
sub44,0,80.82423029338248,mean_subtraction
sub44,0,-1.6784420426446869,mean_subtraction
sub44,0,16.775086650065333,mean_subtraction
sub44,0,50.79701322219579,mean_subtraction
sub44,0,27.135139496399677,mean_subtraction
sub44,0,11.398614155615034,mean_subtraction
sub44,0,-2.4091760291088065,mean_subtraction
sub44,0,-19.70291573362451,mean_subtraction
sub44,0,-18.50159796321473,mean_subtraction
sub44,0,-11.316886330871291,mean_subtraction
sub44,1,60.19185054301539,mean_subtraction
sub44,1,71.88064031863921,mean_subtraction
sub44,1,71.88605738465893,mean_subtraction
sub44,1,36.66686714483149,mean_subtraction
sub44,1,4.979746880450098,mean_subtraction
sub44,1,134.64848882703166,mean_subtraction
sub44,1,70.41984799158854,mean_subtraction
sub44,1,-11.102492384387476,mean_subtraction
sub44,1,-16.516993629051985,mean_subtraction
sub44,1,-25.272006988183495,mean_subtraction
sub44,1,-31.777541761770653,mean_subtraction
sub44,1,-30.352561539094484,mean_subtraction
sub44,1,-28.451320977797103,mean_subtraction
sub44,1,-26.89131351125129,mean_subtraction
sub45,0,-11.283609166448572,mean_subtraction
sub45,0,-12.721125785879014,mean_subtraction
sub45,0,-14.88867273165407,mean_subtraction
sub45,0,-14.390374739217329,mean_subtraction
sub45,0,-6.767473050501378,mean_subtraction
sub45,0,-4.287489395979191,mean_subtraction
sub45,0,-9.380390083746615,mean_subtraction
sub45,0,-16.743364544422214,mean_subtraction
sub45,0,-2.6620606242136424,mean_subtraction
sub45,0,-0.8662622752390069,mean_subtraction
sub45,0,-4.182233642215703,mean_subtraction
sub45,0,-7.915755466947767,mean_subtraction
sub45,0,-8.902884864604543,mean_subtraction
sub45,0,-6.921501169605939,mean_subtraction
sub45,1,17.707153591710746,mean_subtraction
sub45,1,17.297280687369202,mean_subtraction
sub45,1,5.416920355071864,mean_subtraction
sub45,1,7.355815777112621,mean_subtraction
sub45,1,-1.0638871738369042,mean_subtraction
sub45,1,23.70358064597264,mean_subtraction
sub45,1,15.483102318520855,mean_subtraction
sub45,1,38.612101505316694,mean_subtraction
sub45,1,18.1213769735818,mean_subtraction
sub45,1,1.7905249709612954,mean_subtraction
sub45,1,5.806349707540251,mean_subtraction
sub45,1,37.488478393781335,mean_subtraction
sub45,1,15.74620282384798,mean_subtraction
sub45,1,23.12550978058419,mean_subtraction
sub46,0,-93.9561324713469,mean_subtraction
sub46,0,-92.95968588653103,mean_subtraction
sub46,0,-95.7995501416526,mean_subtraction
sub46,0,-54.43064858988931,mean_subtraction
sub46,0,55.22208824312182,mean_subtraction
sub46,0,23.35598782790171,mean_subtraction
sub46,0,-41.64124430689409,mean_subtraction
sub46,0,-10.089550824675234,mean_subtraction
sub46,0,-71.39953617680241,mean_subtraction
sub46,0,-118.42520793207949,mean_subtraction
sub46,0,-66.04483487526923,mean_subtraction
sub46,0,-97.46878336704293,mean_subtraction
sub46,0,-106.74953016821613,mean_subtraction
sub46,0,-102.94373344206323,mean_subtraction
sub46,1,-107.52679487224714,mean_subtraction
sub46,1,-105.5415744227453,mean_subtraction
sub46,1,-105.73576270766773,mean_subtraction
sub46,1,-100.85052549306002,mean_subtraction
sub46,1,-98.27110918394287,mean_subtraction
sub46,1,-97.9392431497297,mean_subtraction
sub46,1,-113.35515103601544,mean_subtraction
sub46,1,-97.06290671749719,mean_subtraction
sub46,1,-94.98174277228036,mean_subtraction
sub46,1,-110.75820936391483,mean_subtraction
sub46,1,-111.126988447217,mean_subtraction
sub46,1,-101.02139622732341,mean_subtraction
sub46,1,-98.58819893871377,mean_subtraction
sub46,1,-107.41862984620778,mean_subtraction
sub47,0,-11.161441502755459,mean_subtraction
sub47,0,13.40805910777468,mean_subtraction
sub47,0,21.1180715792963,mean_subtraction
sub47,0,-15.766567803984886,mean_subtraction
sub47,0,-6.569468222166351,mean_subtraction
sub47,0,-2.3038609399552987,mean_subtraction
sub47,0,1.6824044466525416,mean_subtraction
sub47,0,-5.715385019466471,mean_subtraction
sub47,0,41.22692245070251,mean_subtraction
sub47,0,21.623041779826195,mean_subtraction
sub47,0,-16.26250013675396,mean_subtraction
sub47,0,-14.641257361852956,mean_subtraction
sub47,0,-1.2019320492282384,mean_subtraction
sub47,0,-1.7338526485932029,mean_subtraction
sub47,1,46.1489269506466,mean_subtraction
sub47,1,68.9832192826936,mean_subtraction
sub47,1,76.13310124024473,mean_subtraction
sub47,1,72.54821325821588,mean_subtraction
sub47,1,26.17735182225363,mean_subtraction
sub47,1,48.9739722108573,mean_subtraction
sub47,1,108.00083967704263,mean_subtraction
sub47,1,49.702690307934105,mean_subtraction
sub47,1,2.920480235675425,mean_subtraction
sub47,1,-15.447364293564416,mean_subtraction
sub47,1,-18.49146435973294,mean_subtraction
sub47,1,-2.0015492880227304,mean_subtraction
sub47,1,48.35395469465259,mean_subtraction
sub47,1,50.64064862725433,mean_subtraction
sub48,0,-72.88443438008831,mean_subtraction
sub48,0,-63.544001567485786,mean_subtraction
sub48,0,-59.542693166231125,mean_subtraction
sub48,0,-24.16058331802394,mean_subtraction
sub48,0,-13.363197508555908,mean_subtraction
sub48,0,40.106773559827474,mean_subtraction
sub48,0,-18.07819960804335,mean_subtraction
sub48,0,-27.58298392470445,mean_subtraction
sub48,0,26.30765677099205,mean_subtraction
sub48,0,30.69234526854785,mean_subtraction
sub48,0,73.88197710098635,mean_subtraction
sub48,0,22.32838256175236,mean_subtraction
sub48,0,-19.3022387682035,mean_subtraction
sub48,0,-69.34525369291832,mean_subtraction
sub48,1,-57.977847495094345,mean_subtraction
sub48,1,-69.63653095393414,mean_subtraction
sub48,1,-78.70069969896943,mean_subtraction
sub48,1,-77.95916184480703,mean_subtraction
sub48,1,-45.57396363049351,mean_subtraction
sub48,1,-35.394242275585405,mean_subtraction
sub48,1,-65.18245098036773,mean_subtraction
sub48,1,-61.384854336562,mean_subtraction
sub48,1,-46.87782095294146,mean_subtraction
sub48,1,-47.14729535987029,mean_subtraction
sub48,1,-31.199179884610885,mean_subtraction
sub48,1,-8.150514330947837,mean_subtraction
sub48,1,-36.00224906993923,mean_subtraction
sub48,1,-47.688696433255046,mean_subtraction
sub01,0,2.5422279248108337,zscore
sub01,0,0.49272646339989595,zscore
sub01,0,10.241743119411574,zscore
sub01,0,4.4147905924735085,zscore
sub01,0,-1.9408383267920337,zscore
sub01,0,-2.8532041146530975,zscore
sub01,0,-4.2959755292488975,zscore
sub01,0,-1.4846876573336272,zscore
sub01,0,-1.3653766767469817,zscore
sub01,0,-1.041184640945007,zscore
sub01,0,-1.1926418260363858,zscore
sub01,0,-0.7122740243949532,zscore
sub01,0,-3.4624317984752335,zscore
sub01,0,-6.5650149077815385,zscore
sub01,1,18.62742433110886,zscore
sub01,1,8.822105456657207,zscore
sub01,1,6.2668737205108975,zscore
sub01,1,11.324596755126192,zscore
sub01,1,16.625117580239024,zscore
sub01,1,-2.3818634521446675,zscore
sub01,1,11.685886714292364,zscore
sub01,1,10.362756113527661,zscore
sub01,1,14.33964459961264,zscore
sub01,1,4.3839895469079355,zscore
sub01,1,10.95227189506889,zscore
sub01,1,24.715220022421402,zscore
sub01,1,20.937734191203155,zscore
sub01,1,21.530523145134627,zscore
sub02,0,-1.9471618175875207,zscore
sub02,0,-1.7032448505744775,zscore
sub02,0,-3.178999083371143,zscore
sub02,0,-6.414563246826793,zscore
sub02,0,-1.9658113721445942,zscore
sub02,0,-5.5204055533111145,zscore
sub02,0,-5.485733504780512,zscore
sub02,0,0.30661381928645015,zscore
sub02,0,-0.009237703769515493,zscore
sub02,0,-2.898501857394815,zscore
sub02,0,-4.348291333792972,zscore
sub02,0,1.1061715432957393,zscore
sub02,0,-2.417841528106509,zscore
sub02,0,0.6037887255526234,zscore
sub02,1,3.699770266211916,zscore
sub02,1,0.8866459452801393,zscore
sub02,1,6.229741417270372,zscore
sub02,1,2.787057446434626,zscore
sub02,1,5.056637888262339,zscore
sub02,1,-1.4867245377713352,zscore
sub02,1,0.305806971373672,zscore
sub02,1,-1.088466644380682,zscore
sub02,1,-5.5599308238338345,zscore
sub02,1,-4.931882911702562,zscore
sub02,1,0.9073248177888044,zscore
sub02,1,-0.9552662635415325,zscore
sub02,1,1.82778473466322,zscore
sub02,1,0.372064803200545,zscore
sub03,0,0.8879588339622635,zscore
sub03,0,-2.9414310243657287,zscore
sub03,0,10.361295505182394,zscore
sub03,0,22.03805447576933,zscore
sub03,0,13.007906994797652,zscore
sub03,0,-3.5483505133284186,zscore
sub03,0,7.763455456891544,zscore
sub03,0,16.382684903230036,zscore
sub03,0,5.427436491268784,zscore
sub03,0,1.6009520205912715,zscore
sub03,0,1.371737814546991,zscore
sub03,0,7.589978362054833,zscore
sub03,0,0.19363096252129414,zscore
sub03,0,2.7312787186363083,zscore
sub03,1,0.018163807060346482,zscore
sub03,1,0.1259160110104047,zscore
sub03,1,3.3007339178120105,zscore
sub03,1,-1.2627116630441972,zscore
sub03,1,9.22652233098393,zscore
sub03,1,9.162162268082112,zscore
sub03,1,0.9932288258878057,zscore
sub03,1,-2.1625398137304823,zscore
sub03,1,2.092663479828308,zscore
sub03,1,-1.680823869299448,zscore
sub03,1,0.405383626311562,zscore
sub03,1,-0.6826828102152781,zscore
sub03,1,-0.9996382654570326,zscore
sub03,1,-3.7860895494431674,zscore
sub04,0,-1.48557168123583,zscore
sub04,0,-9.270859474261142,zscore
sub04,0,-8.428385542937852,zscore
sub04,0,-4.731625872715538,zscore
sub04,0,-2.4530250285763335,zscore
sub04,0,-3.570306459223718,zscore
sub04,0,-6.802327641741419,zscore
sub04,0,-0.7685130557444821,zscore
sub04,0,-2.623273374538355,zscore
sub04,0,-3.8229197325105395,zscore
sub04,0,-1.88811220502755,zscore
sub04,0,-5.174046177240584,zscore
sub04,0,-0.925732093098288,zscore
sub04,0,-0.6610593740207699,zscore
sub04,1,-3.7932783113283155,zscore
sub04,1,6.330913510084645,zscore
sub04,1,-0.21484882680661987,zscore
sub04,1,1.5822148881106601,zscore
sub04,1,3.283291067947672,zscore
sub04,1,5.54858390521164,zscore
sub04,1,10.472478403779752,zscore
sub04,1,8.811354260310393,zscore
sub04,1,0.37211909561211665,zscore
sub04,1,0.41130462485385205,zscore
sub04,1,-1.6543788488045408,zscore
sub04,1,-2.0961864233264382,zscore
sub04,1,-7.541160985989899,zscore
sub04,1,-7.088515391056008,zscore
sub05,0,-3.545248027253789,zscore
sub05,0,-1.3500873796481159,zscore
sub05,0,-2.125403979628973,zscore
sub05,0,-2.1238750253080436,zscore
sub05,0,-3.4813584922520295,zscore
sub05,0,-1.4463356000642718,zscore
sub05,0,-1.251452871727645,zscore
sub05,0,0.6080271721369315,zscore
sub05,0,0.3304568757493536,zscore
sub05,0,-1.9469477545526255,zscore
sub05,0,0.21890564154023723,zscore
sub05,0,6.197762767908374,zscore
sub05,0,5.776123622413337,zscore
sub05,0,-1.2078221045860575,zscore
sub05,1,9.563980969672711,zscore
sub05,1,19.101013388865184,zscore
sub05,1,4.060192095657464,zscore
sub05,1,6.1173241234525495,zscore
sub05,1,9.928065239516384,zscore
sub05,1,27.052236945186607,zscore
sub05,1,-0.33819988375212207,zscore
sub05,1,1.9639494368092694,zscore
sub05,1,2.420421038296983,zscore
sub05,1,4.521394472868488,zscore
sub05,1,42.63676454469702,zscore
sub05,1,39.02327019777171,zscore
sub05,1,6.18661737984694,zscore
sub05,1,3.032118280635218,zscore
sub06,0,-1.6532813957705832,zscore
sub06,0,-2.341184666542428,zscore
sub06,0,-1.0243601710682497,zscore
sub06,0,-4.910560603947658,zscore
sub06,0,-3.1706988750074623,zscore
sub06,0,-4.270133249946529,zscore
sub06,0,-2.5548295887817,zscore
sub06,0,-3.5307364521134925,zscore
sub06,0,-2.5678503741698187,zscore
sub06,0,-3.1945218326270246,zscore
sub06,0,-4.540955973010094,zscore
sub06,0,-2.841109286674583,zscore
sub06,0,-0.5418954226900219,zscore
sub06,0,-0.9783130071848207,zscore
sub06,1,0.668625376347,zscore
sub06,1,3.0149870063654824,zscore
sub06,1,0.918469102991987,zscore
sub06,1,2.9173437805156746,zscore
sub06,1,1.175737907442798,zscore
sub06,1,3.87498467693863,zscore
sub06,1,3.763196974536324,zscore
sub06,1,0.10606482248833682,zscore
sub06,1,-1.0438475723457497,zscore
sub06,1,2.533104817328387,zscore
sub06,1,2.2599255286490205,zscore
sub06,1,1.5243790933900763,zscore
sub06,1,1.338320599873265,zscore
sub06,1,2.134199073291815,zscore
sub07,0,-2.7561524026184205,zscore
sub07,0,-2.4991018354586743,zscore
sub07,0,3.4747839530735756,zscore
sub07,0,-2.909099797008901,zscore
sub07,0,1.923253664557462,zscore
sub07,0,1.483902180011747,zscore
sub07,0,1.3939314865637205,zscore
sub07,0,-0.9110233388137943,zscore
sub07,0,-1.109623092715599,zscore
sub07,0,5.192215897322216,zscore
sub07,0,2.1178135136290157,zscore
sub07,0,6.274996707412594,zscore
sub07,0,7.890233084998924,zscore
sub07,0,12.609348960108894,zscore
sub07,1,1.3822667204732073,zscore
sub07,1,6.198856698972026,zscore
sub07,1,7.20310874599158,zscore
sub07,1,5.290803862044109,zscore
sub07,1,0.9984153838818892,zscore
sub07,1,2.9656172735047317,zscore
sub07,1,5.768288586112821,zscore
sub07,1,19.308967607864854,zscore
sub07,1,5.973167201562811,zscore
sub07,1,8.970033526265608,zscore
sub07,1,2.5580676577948243,zscore
sub07,1,11.989187140323136,zscore
sub07,1,9.68662543326448,zscore
sub07,1,3.2108393232890067,zscore
sub08,0,1.9015182306172607,zscore
sub08,0,1.6276969159380448,zscore
sub08,0,-2.086135508267648,zscore
sub08,0,-4.55863762860284,zscore
sub08,0,-5.015851558751292,zscore
sub08,0,-4.34225539064623,zscore
sub08,0,0.5245047412659671,zscore
sub08,0,2.8301926569768385,zscore
sub08,0,-6.0219254178366874,zscore
sub08,0,-3.113529916880098,zscore
sub08,0,-1.6427937776489985,zscore
sub08,0,-4.491496495241529,zscore
sub08,0,-4.180775825592129,zscore
sub08,0,-0.7854533404762853,zscore
sub08,1,-0.15646416095357296,zscore
sub08,1,3.7709623209524454,zscore
sub08,1,6.045609677182263,zscore
sub08,1,0.008721259229145184,zscore
sub08,1,-31.834671135347104,zscore
sub08,1,-43.309478851250965,zscore
sub08,1,1.1718656874610616,zscore
sub08,1,3.066091648516479,zscore
sub08,1,4.51781874839865,zscore
sub08,1,7.52945435566024,zscore
sub08,1,13.19977529412413,zscore
sub08,1,4.2002802727358315,zscore
sub08,1,0.07403120549875064,zscore
sub08,1,3.203156283261593,zscore
sub09,0,0.23460175018901985,zscore
sub09,0,-0.317600337493368,zscore
sub09,0,-0.45464273495221785,zscore
sub09,0,8.955730847996454,zscore
sub09,0,6.645468570617046,zscore
sub09,0,2.5324531302798645,zscore
sub09,0,-2.45054581674783,zscore
sub09,0,-0.20634681708972313,zscore
sub09,0,-0.8973276955433611,zscore
sub09,0,-1.60319012722241,zscore
sub09,0,-3.205751541335911,zscore
sub09,0,-4.068212093839616,zscore
sub09,0,-3.1124219925088266,zscore
sub09,0,-1.7891312879817787,zscore
sub09,1,1.2066632125683718,zscore
sub09,1,-0.02928877742602287,zscore
sub09,1,-1.8432846741988178,zscore
sub09,1,-2.0036243723477654,zscore
sub09,1,-0.9353977146030061,zscore
sub09,1,10.150292980114747,zscore
sub09,1,16.343731304682432,zscore
sub09,1,4.839637293270997,zscore
sub09,1,0.9035468101985868,zscore
sub09,1,1.0693234316885483,zscore
sub09,1,2.234471676648947,zscore
sub09,1,1.2509370245456193,zscore
sub09,1,-0.23217450876600565,zscore
sub09,1,1.7617314582264343,zscore
sub10,0,-2.5402699502792982,zscore
sub10,0,-3.3634700234260944,zscore
sub10,0,25.169083827261503,zscore
sub10,0,18.59179706573604,zscore
sub10,0,13.199685109471435,zscore
sub10,0,31.78044147338076,zscore
sub10,0,43.38875225528415,zscore
sub10,0,2.228030690739952,zscore
sub10,0,-3.8705034814393673,zscore
sub10,0,1.2399223891403888,zscore
sub10,0,-1.5023195932559166,zscore
sub10,0,-2.316181657227392,zscore
sub10,0,-2.3070094520690105,zscore
sub10,0,-3.9682883611731303,zscore
sub10,1,0.48973163782574963,zscore
sub10,1,-3.190171332901049,zscore
sub10,1,2.7844731810776917,zscore
sub10,1,33.395128501585305,zscore
sub10,1,11.618509500184762,zscore
sub10,1,-2.445307090428103,zscore
sub10,1,-0.46683477875054435,zscore
sub10,1,-1.396064430404637,zscore
sub10,1,2.350546922642196,zscore
sub10,1,-3.228135760497671,zscore
sub10,1,2.20302576399079,zscore
sub10,1,1.0688939160041289,zscore
sub10,1,-8.214633737097278,zscore
sub10,1,0.9525772911700875,zscore
sub11,0,0.11059389948405896,zscore
sub11,0,-1.8414736134220435,zscore
sub11,0,-4.20718818546883,zscore
sub11,0,-13.26145047730531,zscore
sub11,0,-7.306945644374128,zscore
sub11,0,14.132048529516041,zscore
sub11,0,13.11115113535912,zscore
sub11,0,1.0929017104038024,zscore
sub11,0,-6.343319883600827,zscore
sub11,0,-4.046791847918419,zscore
sub11,0,15.955276176141918,zscore
sub11,0,20.278155163951755,zscore
sub11,0,25.415779877978217,zscore
sub11,0,1.6078343799809718,zscore
sub11,1,1.0201849800059488,zscore
sub11,1,-2.2840179051240397,zscore
sub11,1,-1.5955060109527834,zscore
sub11,1,2.6472088649764993,zscore
sub11,1,0.7404828045374121,zscore
sub11,1,0.2106400971201114,zscore
sub11,1,6.070138966815859,zscore
sub11,1,-21.67908828833317,zscore
sub11,1,9.84146067196729,zscore
sub11,1,10.755863968197337,zscore
sub11,1,4.8973243620777005,zscore
sub11,1,10.914319493049316,zscore
sub11,1,20.021713466573537,zscore
sub11,1,13.49161540327536,zscore
sub12,0,-4.039572534339307,zscore
sub12,0,-1.0565620272101315,zscore
sub12,0,-3.0880677552583813,zscore
sub12,0,-3.214070058887909,zscore
sub12,0,-1.9492633271176643,zscore
sub12,0,-2.314753512534666,zscore
sub12,0,-6.45131987688503,zscore
sub12,0,-4.121881186292507,zscore
sub12,0,-6.863833059802621,zscore
sub12,0,-4.263751477067252,zscore
sub12,0,-5.3813973637742105,zscore
sub12,0,-7.319270857640314,zscore
sub12,0,-2.6373301687165895,zscore
sub12,0,-6.2645424861595504,zscore
sub12,1,-0.6565194221655295,zscore
sub12,1,-1.9667129514496375,zscore
sub12,1,2.4840338913134095,zscore
sub12,1,2.9660474852059937,zscore
sub12,1,3.598167241142148,zscore
sub12,1,4.524025571959482,zscore
sub12,1,3.263772159283179,zscore
sub12,1,4.420067506838649,zscore
sub12,1,-1.3278567498883842,zscore
sub12,1,-4.976779367935343,zscore
sub12,1,0.254107531620547,zscore
sub12,1,3.7454054637511627,zscore
sub12,1,-0.24652341468738204,zscore
sub12,1,-9.703813308900536,zscore
sub13,0,-0.3571157380289901,zscore
sub13,0,-1.5571823723571352,zscore
sub13,0,-1.4484146703806504,zscore
sub13,0,3.7420326980842233,zscore
sub13,0,5.38497573928381,zscore
sub13,0,-3.8794464560895805,zscore
sub13,0,0.7310793766758804,zscore
sub13,0,-3.1622600543543515,zscore
sub13,0,-0.531250165188893,zscore
sub13,0,0.10610368071270099,zscore
sub13,0,1.324098236324225,zscore
sub13,0,0.21444957312414303,zscore
sub13,0,-2.7869684602008133,zscore
sub13,0,-1.5957991756363386,zscore
sub13,1,-2.5179033417038372,zscore
sub13,1,-0.13241767435678475,zscore
sub13,1,-1.8580167540557984,zscore
sub13,1,-0.5405612350354518,zscore
sub13,1,-1.0778752484675351,zscore
sub13,1,2.748806164623622,zscore
sub13,1,4.144511341604023,zscore
sub13,1,-6.455917443420784,zscore
sub13,1,-5.5445153205893245,zscore
sub13,1,-9.190080677217063,zscore
sub13,1,-3.8433420278335517,zscore
sub13,1,-1.2478445463037602,zscore
sub13,1,-1.2741101354780624,zscore
sub13,1,-2.5891111879381716,zscore
sub14,0,-0.830618944870293,zscore
sub14,0,-1.7704032726791281,zscore
sub14,0,-3.575266366268405,zscore
sub14,0,-6.19604441157723,zscore
sub14,0,-4.528134571603184,zscore
sub14,0,-8.158199321888024,zscore
sub14,0,-0.9432895400072467,zscore
sub14,0,-2.8085591402055785,zscore
sub14,0,1.444401825590919,zscore
sub14,0,2.1711165906516894,zscore
sub14,0,0.21793327540003374,zscore
sub14,0,-2.832241407873859,zscore
sub14,0,-0.6936423502199154,zscore
sub14,0,-0.5140994356982276,zscore
sub14,1,24.515410161749912,zscore
sub14,1,12.96808412137012,zscore
sub14,1,0.6145188242863076,zscore
sub14,1,-0.2542359818656966,zscore
sub14,1,-4.288635397174637,zscore
sub14,1,-4.999854456406542,zscore
sub14,1,-4.419839140857377,zscore
sub14,1,10.283061163784673,zscore
sub14,1,12.04146411034553,zscore
sub14,1,-1.8945270005239152,zscore
sub14,1,-2.3310673067706493,zscore
sub14,1,-1.1158108681548504,zscore
sub14,1,6.955397724784172,zscore
sub14,1,3.287200074482557,zscore
sub15,0,0.04979142971259612,zscore
sub15,0,-2.4228508072714803,zscore
sub15,0,-2.624151123380148,zscore
sub15,0,-6.043311075426278,zscore
sub15,0,-1.9007928942391183,zscore
sub15,0,-6.970290274838412,zscore
sub15,0,-8.315473601504683,zscore
sub15,0,-1.626475855287118,zscore
sub15,0,-3.3667327833903937,zscore
sub15,0,0.40781355413490006,zscore
sub15,0,-0.015095251861150294,zscore
sub15,0,-1.6603068845427795,zscore
sub15,0,-0.3979532391131708,zscore
sub15,0,-3.6510108411185644,zscore
sub15,1,4.070512865044057,zscore
sub15,1,1.3692974121950658,zscore
sub15,1,-3.6378825807079815,zscore
sub15,1,13.939051712661362,zscore
sub15,1,10.303734615193534,zscore
sub15,1,7.601001588448785,zscore
sub15,1,-1.1939871947929563,zscore
sub15,1,0.6672400513660697,zscore
sub15,1,-0.19585629960805961,zscore
sub15,1,7.943610411740208,zscore
sub15,1,6.691090849152992,zscore
sub15,1,-0.055208537322739004,zscore
sub15,1,-2.448808192984264,zscore
sub15,1,0.6901327320334789,zscore
sub16,0,-0.1870108841340795,zscore
sub16,0,-5.905764775598522,zscore
sub16,0,-6.137937320446918,zscore
sub16,0,-6.763345617934178,zscore
sub16,0,-5.642997899112661,zscore
sub16,0,-4.928891722489139,zscore
sub16,0,-4.212141176360445,zscore
sub16,0,-5.452633727475829,zscore
sub16,0,-4.816864625229725,zscore
sub16,0,-3.2745659227535335,zscore
sub16,0,-2.0489109107398185,zscore
sub16,0,-0.9780143901729088,zscore
sub16,0,-1.6743372146501296,zscore
sub16,0,-1.7569095446351368,zscore
sub16,1,-0.6965732736271983,zscore
sub16,1,4.240110738285424,zscore
sub16,1,-1.5498075011893095,zscore
sub16,1,-6.061637471135272,zscore
sub16,1,-1.9421031937057789,zscore
sub16,1,-2.36110204957198,zscore
sub16,1,-6.892256249465978,zscore
sub16,1,-0.32581974928735813,zscore
sub16,1,-1.8161552545320268,zscore
sub16,1,-0.9844156563792605,zscore
sub16,1,6.258044230428247,zscore
sub16,1,-0.4728223776918681,zscore
sub16,1,-0.6189650043542765,zscore
sub16,1,0.7364368196360802,zscore
sub17,0,-2.10894371428815,zscore
sub17,0,-2.6372668056881015,zscore
sub17,0,-0.37185451957164084,zscore
sub17,0,-1.4980715320203684,zscore
sub17,0,3.6308854502436074,zscore
sub17,0,3.9187086589252695,zscore
sub17,0,-1.9722170531310064,zscore
sub17,0,2.6542004330567743,zscore
sub17,0,2.936400921834688,zscore
sub17,0,-1.7226909361900251,zscore
sub17,0,-1.0647615979044522,zscore
sub17,0,-2.060031105902001,zscore
sub17,0,-2.7139179353948815,zscore
sub17,0,-0.3963424759842964,zscore
sub17,1,-4.453926679685727,zscore
sub17,1,-0.3771289819626149,zscore
sub17,1,-2.0200950857508233,zscore
sub17,1,2.4835069983721527,zscore
sub17,1,-3.1436510565209637,zscore
sub17,1,-0.3439781593622483,zscore
sub17,1,-2.3806425065333547,zscore
sub17,1,2.8214295813409156,zscore
sub17,1,-1.730248231679754,zscore
sub17,1,1.0407415967216842,zscore
sub17,1,1.0089741430096293,zscore
sub17,1,0.41473519840972467,zscore
sub17,1,0.20146649396895333,zscore
sub17,1,0.9259523438999474,zscore
sub18,0,-2.5634275358776297,zscore
sub18,0,-3.1947580867090166,zscore
sub18,0,-2.0542169676079456,zscore
sub18,0,-0.660201330808588,zscore
sub18,0,-1.7437500795633563,zscore
sub18,0,-1.8224844856000986,zscore
sub18,0,-2.1875579109922154,zscore
sub18,0,-3.004643471617372,zscore
sub18,0,-1.9057332118424486,zscore
sub18,0,-1.5692719911480937,zscore
sub18,0,-2.4997927652819065,zscore
sub18,0,-2.7938339355694977,zscore
sub18,0,-4.740990815727798,zscore
sub18,0,-2.5011494237080116,zscore
sub18,1,-1.073567095767142,zscore
sub18,1,7.232222768959165,zscore
sub18,1,11.18238629000176,zscore
sub18,1,4.224690689370437,zscore
sub18,1,6.8955074721054785,zscore
sub18,1,3.5910573913673405,zscore
sub18,1,1.7583013538306869,zscore
sub18,1,2.641670267716705,zscore
sub18,1,2.391643720886548,zscore
sub18,1,0.6697316543064338,zscore
sub18,1,0.30859743133864564,zscore
sub18,1,4.321847967926157,zscore
sub18,1,1.1506017762776861,zscore
sub18,1,1.5776224449771192,zscore
sub19,0,-1.9190925257993734,zscore
sub19,0,0.7220333837706376,zscore
sub19,0,-1.5219677124430102,zscore
sub19,0,-0.865872110160528,zscore
sub19,0,2.9947496492364842,zscore
sub19,0,-1.976318837839922,zscore
sub19,0,-1.1525050124701557,zscore
sub19,0,-1.494314414485681,zscore
sub19,0,-0.6081680070855346,zscore
sub19,0,-0.9739661519776635,zscore
sub19,0,-1.8284804789134208,zscore
sub19,0,-0.10937520358316716,zscore
sub19,0,-3.4149167343872233,zscore
sub19,0,-4.458478687354299,zscore
sub19,1,4.548214633953009,zscore
sub19,1,10.850703103299315,zscore
sub19,1,4.10037313715068,zscore
sub19,1,7.410158397252829,zscore
sub19,1,7.229948199579347,zscore
sub19,1,3.6802391169302786,zscore
sub19,1,8.522209751091669,zscore
sub19,1,3.1751363760192692,zscore
sub19,1,4.503052784041129,zscore
sub19,1,4.628311996432471,zscore
sub19,1,4.911208295839366,zscore
sub19,1,4.622620799978032,zscore
sub19,1,4.477781690019407,zscore
sub19,1,5.19680122719728,zscore
sub20,0,-0.5389814053418662,zscore
sub20,0,-0.6563569622986493,zscore
sub20,0,-3.5024566729853936,zscore
sub20,0,0.646917676818885,zscore
sub20,0,-1.8940333287562945,zscore
sub20,0,-3.418428215846217,zscore
sub20,0,-0.33245168218609344,zscore
sub20,0,-1.5130932107973987,zscore
sub20,0,-2.4101858845155864,zscore
sub20,0,-3.2657914012296243,zscore
sub20,0,-3.2034990545133555,zscore
sub20,0,-4.112393299855624,zscore
sub20,0,0.09229824254936358,zscore
sub20,0,-0.3796535196159323,zscore
sub20,1,-2.04692800408762,zscore
sub20,1,-5.0623173731021485,zscore
sub20,1,-4.442809896479922,zscore
sub20,1,-3.1194776328993847,zscore
sub20,1,-6.280697741663992,zscore
sub20,1,-7.312174495207605,zscore
sub20,1,-0.778162989277587,zscore
sub20,1,-3.0968859046787514,zscore
sub20,1,-3.8727165849837415,zscore
sub20,1,-1.6460059324838998,zscore
sub20,1,-1.7930530998077079,zscore
sub20,1,-3.7930402135365475,zscore
sub20,1,-5.699674648550912,zscore
sub20,1,-4.673125360989047,zscore
sub21,0,0.01751896424938587,zscore
sub21,0,-0.6942728237072927,zscore
sub21,0,-1.5720362070530216,zscore
sub21,0,-0.4849559755369732,zscore
sub21,0,-3.3582384634047773,zscore
sub21,0,-2.707663380541778,zscore
sub21,0,-2.150787602391527,zscore
sub21,0,-0.2770992597039378,zscore
sub21,0,1.8326344640453724,zscore
sub21,0,-6.895337379871272,zscore
sub21,0,-3.784947405694879,zscore
sub21,0,-4.898834173586041,zscore
sub21,0,-2.2532107140210433,zscore
sub21,0,-3.443863236272927,zscore
sub21,1,9.163950585456986,zscore
sub21,1,9.796856758682992,zscore
sub21,1,5.170762026941464,zscore
sub21,1,-2.2580692213297464,zscore
sub21,1,2.515245383123555,zscore
sub21,1,1.9479634950158542,zscore
sub21,1,3.5574814591308974,zscore
sub21,1,-7.578518176114574,zscore
sub21,1,-36.2687721232791,zscore
sub21,1,-8.578062963131437,zscore
sub21,1,-6.23566882606586,zscore
sub21,1,-6.467598521766099,zscore
sub21,1,-3.1445576194203997,zscore
sub21,1,-8.225780782753429,zscore
sub22,0,-1.3960195756800586,zscore
sub22,0,1.067261328319943,zscore
sub22,0,-3.0823831414645886,zscore
sub22,0,-0.3703576857446572,zscore
sub22,0,-2.301889732293541,zscore
sub22,0,-1.547358988301785,zscore
sub22,0,-3.2562305511687852,zscore
sub22,0,1.923724269353034,zscore
sub22,0,-0.09983792005646963,zscore
sub22,0,-0.39773627091784414,zscore
sub22,0,-1.913657315687812,zscore
sub22,0,-3.743314105479485,zscore
sub22,0,-2.530319449099431,zscore
sub22,0,-1.274630443662281,zscore
sub22,1,-1.3265056787910425,zscore
sub22,1,-0.23021330708093213,zscore
sub22,1,-3.269393267998263,zscore
sub22,1,-0.17521634721867013,zscore
sub22,1,4.968769868960948,zscore
sub22,1,2.370884789923665,zscore
sub22,1,-2.4606854690869264,zscore
sub22,1,-14.774472048372429,zscore
sub22,1,-19.4069463418316,zscore
sub22,1,-29.53463511037825,zscore
sub22,1,-15.760286654908988,zscore
sub22,1,3.0938121603011957,zscore
sub22,1,2.040852034979361,zscore
sub22,1,-2.83674799829272,zscore
sub23,0,-3.8906829719464304,zscore
sub23,0,-3.8454481217303687,zscore
sub23,0,-3.4656290055065058,zscore
sub23,0,-2.689769846109791,zscore
sub23,0,-2.760617174257411,zscore
sub23,0,-3.3934031149936135,zscore
sub23,0,-3.768864879234673,zscore
sub23,0,-3.994917859792596,zscore
sub23,0,-1.176528558479968,zscore
sub23,0,-5.613034754736558,zscore
sub23,0,-1.7282559604706256,zscore
sub23,0,-1.1088497835737638,zscore
sub23,0,-2.877622275425748,zscore
sub23,0,-1.4114215763797389,zscore
sub23,1,-1.894709025025461,zscore
sub23,1,2.2539652808406423,zscore
sub23,1,0.3606386167900155,zscore
sub23,1,2.191909745191306,zscore
sub23,1,2.059354729122343,zscore
sub23,1,2.9853955516416146,zscore
sub23,1,-2.74833453680185,zscore
sub23,1,-1.7888521585852528,zscore
sub23,1,-0.8077551531793947,zscore
sub23,1,-0.8699542492966286,zscore
sub23,1,-0.5411987723676708,zscore
sub23,1,2.5831410528439633,zscore
sub23,1,1.030852258261127,zscore
sub23,1,-1.048179038137317,zscore
sub24,0,-1.521554569879415,zscore
sub24,0,-1.4683914601040873,zscore
sub24,0,-4.744758578400019,zscore
sub24,0,-3.066316195676883,zscore
sub24,0,0.3667845768713608,zscore
sub24,0,0.5034283781052412,zscore
sub24,0,-3.503801465260381,zscore
sub24,0,-0.15782778557085653,zscore
sub24,0,-0.15552628956660375,zscore
sub24,0,26.741326527870857,zscore
sub24,0,31.768330800702593,zscore
sub24,0,18.739870057462433,zscore
sub24,0,-1.6946000384585924,zscore
sub24,0,-1.5868968449114151,zscore
sub24,1,-0.8506602072971972,zscore
sub24,1,-0.3495320239260076,zscore
sub24,1,4.860996615486712,zscore
sub24,1,-5.949040291925634,zscore
sub24,1,7.274351616355213,zscore
sub24,1,6.740799211645703,zscore
sub24,1,2.0106114113074334,zscore
sub24,1,6.39129400122286,zscore
sub24,1,4.844755259200003,zscore
sub24,1,10.0140242588243,zscore
sub24,1,14.0425266935947,zscore
sub24,1,7.656953735115756,zscore
sub24,1,-15.570221342624075,zscore
sub24,1,-16.342200714514814,zscore
sub25,0,-1.3699099352141573,zscore
sub25,0,-1.5151004795,zscore
sub25,0,-1.158945776672407,zscore
sub25,0,4.803965704500566,zscore
sub25,0,2.628946399784283,zscore
sub25,0,-15.870126038548502,zscore
sub25,0,-13.638012089340291,zscore
sub25,0,2.7432632186060815,zscore
sub25,0,3.6124999092636587,zscore
sub25,0,2.992505428081345,zscore
sub25,0,2.9078789768037723,zscore
sub25,0,0.47919933435763545,zscore
sub25,0,-2.132706127328068,zscore
sub25,0,-1.8888712529564584,zscore
sub25,1,-3.069628059861259,zscore
sub25,1,-4.0629148530885395,zscore
sub25,1,29.360238777030233,zscore
sub25,1,22.64218437272741,zscore
sub25,1,33.0288057814485,zscore
sub25,1,-0.9892153519826739,zscore
sub25,1,3.3411887714558755,zscore
sub25,1,1.3836113615255228,zscore
sub25,1,-13.566191758913266,zscore
sub25,1,15.535208318378482,zscore
sub25,1,17.931747587575295,zscore
sub25,1,5.289563794371864,zscore
sub25,1,2.734187584009545,zscore
sub25,1,-0.3801826142155117,zscore
sub26,0,-0.9818125706262446,zscore
sub26,0,1.4847616775331198,zscore
sub26,0,-1.3694037032781101,zscore
sub26,0,3.086372009259891,zscore
sub26,0,-0.9401327705622651,zscore
sub26,0,-1.7914255109341073,zscore
sub26,0,-0.7949475037790223,zscore
sub26,0,-3.058775693332459,zscore
sub26,0,-3.039486373084815,zscore
sub26,0,-3.739763094533887,zscore
sub26,0,-2.4620480086419487,zscore
sub26,0,-1.8714460537332784,zscore
sub26,0,-1.8941439200931427,zscore
sub26,0,-3.5889328920913046,zscore
sub26,1,-1.3095118681399265,zscore
sub26,1,-4.553560402400237,zscore
sub26,1,-10.098816204688317,zscore
sub26,1,-5.1391226079303,zscore
sub26,1,-0.31979076249547767,zscore
sub26,1,-1.3120096113129787,zscore
sub26,1,0.6853517079177798,zscore
sub26,1,-1.184652575684448,zscore
sub26,1,-5.685481146350934,zscore
sub26,1,-6.361403803319893,zscore
sub26,1,-3.3658905891362507,zscore
sub26,1,-4.446442422435515,zscore
sub26,1,-8.507559492222898,zscore
sub26,1,-1.0274060367663242,zscore
sub27,0,-2.846905659130893,zscore
sub27,0,-4.608733435011704,zscore
sub27,0,-3.1722630997535903,zscore
sub27,0,-1.8950287654329299,zscore
sub27,0,-0.9850128515696661,zscore
sub27,0,-3.024300134965968,zscore
sub27,0,-3.3179442950977487,zscore
sub27,0,-1.3711882063023177,zscore
sub27,0,-0.9418881164792798,zscore
sub27,0,-4.410690184425464,zscore
sub27,0,-3.0576264838227405,zscore
sub27,0,-6.133272618832736,zscore
sub27,0,-2.6834072265924322,zscore
sub27,0,-0.4906194565336637,zscore
sub27,1,-0.564215166554266,zscore
sub27,1,-3.647551606830963,zscore
sub27,1,-3.462749774196351,zscore
sub27,1,-2.4333889147268892,zscore
sub27,1,-1.6434756664020942,zscore
sub27,1,-2.2284550754752357,zscore
sub27,1,-4.297521922436662,zscore
sub27,1,-3.009700506395727,zscore
sub27,1,-1.3386630631490735,zscore
sub27,1,-3.2193768577366297,zscore
sub27,1,-1.5352718736381452,zscore
sub27,1,-1.206522749981752,zscore
sub27,1,-6.754445915300446,zscore
sub27,1,0.7408695325712723,zscore
sub28,0,-0.37741924077936695,zscore
sub28,0,-0.6048903885914388,zscore
sub28,0,0.23812090710609343,zscore
sub28,0,-0.8089479981570493,zscore
sub28,0,-0.7162957237015819,zscore
sub28,0,-1.8162923549035854,zscore
sub28,0,-2.667997454923593,zscore
sub28,0,0.332494644303317,zscore
sub28,0,-0.32081784760779886,zscore
sub28,0,-2.7773417333541777,zscore
sub28,0,-3.1117018574105586,zscore
sub28,0,-1.2495232686097557,zscore
sub28,0,-2.564730702154209,zscore
sub28,0,-1.601539983904654,zscore
sub28,1,4.48610661300005,zscore
sub28,1,-1.3261110422859004,zscore
sub28,1,3.4820472977195,zscore
sub28,1,2.1614186255950205,zscore
sub28,1,0.3739034005349852,zscore
sub28,1,5.0250775164825825,zscore
sub28,1,5.858269899261604,zscore
sub28,1,4.309990377884612,zscore
sub28,1,2.0418939478352867,zscore
sub28,1,4.585201651903713,zscore
sub28,1,6.982802172667613,zscore
sub28,1,4.488577848890108,zscore
sub28,1,5.980397246612194,zscore
sub28,1,9.952546433571621,zscore
sub29,0,4.072494584092627,zscore
sub29,0,-3.8995197743844288,zscore
sub29,0,-1.927757476169341,zscore
sub29,0,1.9000312372573498,zscore
sub29,0,1.4469540908991116,zscore
sub29,0,1.029980457571561,zscore
sub29,0,2.4097481000487364,zscore
sub29,0,-3.083067554128065,zscore
sub29,0,-1.6356610269658,zscore
sub29,0,-1.523695324926006,zscore
sub29,0,-3.6972375721280537,zscore
sub29,0,-3.831966454748654,zscore
sub29,0,-0.44240959281158254,zscore
sub29,0,-3.454893772777308,zscore
sub29,1,-2.4850248188940145,zscore
sub29,1,1.6550301658044742,zscore
sub29,1,1.785181546360254,zscore
sub29,1,-3.939143980699447,zscore
sub29,1,2.639635895824192,zscore
sub29,1,2.1929886785422026,zscore
sub29,1,2.1594914536307552,zscore
sub29,1,2.285523301136516,zscore
sub29,1,6.783762392631802,zscore
sub29,1,6.574380874030661,zscore
sub29,1,-1.0070335611991625,zscore
sub29,1,2.269728252354485,zscore
sub29,1,8.203557824115384,zscore
sub29,1,10.750785486310614,zscore
sub30,0,2.685572962095526,zscore
sub30,0,-1.845264728826705,zscore
sub30,0,-2.96203475107472,zscore
sub30,0,-1.2623647892159215,zscore
sub30,0,-4.210864071716376,zscore
sub30,0,-1.2318897188640332,zscore
sub30,0,3.6110893143310574,zscore
sub30,0,2.154628250902184,zscore
sub30,0,-0.5100961600947257,zscore
sub30,0,-1.836209102727052,zscore
sub30,0,0.14091897469498577,zscore
sub30,0,-1.843923148675513,zscore
sub30,0,-1.6045945878338561,zscore
sub30,0,-1.4989277298083212,zscore
sub30,1,19.52054259034997,zscore
sub30,1,71.80382534325975,zscore
sub30,1,52.084907429737115,zscore
sub30,1,48.03752092742267,zscore
sub30,1,32.023651004615026,zscore
sub30,1,28.910427679769942,zscore
sub30,1,34.90455620849053,zscore
sub30,1,28.759942002197377,zscore
sub30,1,30.705315981506907,zscore
sub30,1,37.73909370533757,zscore
sub30,1,43.89145078958616,zscore
sub30,1,39.24976315212193,zscore
sub30,1,19.518793107853217,zscore
sub30,1,15.850876459180984,zscore
sub31,0,-0.8991436646439988,zscore
sub31,0,-2.0541303997326343,zscore
sub31,0,-3.3186771129157777,zscore
sub31,0,0.46429055078180914,zscore
sub31,0,-0.5869140930811392,zscore
sub31,0,-1.739052352402036,zscore
sub31,0,0.07070088645696415,zscore
sub31,0,0.44595407045249114,zscore
sub31,0,-1.4615936815699895,zscore
sub31,0,-3.388421601173625,zscore
sub31,0,-1.3849498339163644,zscore
sub31,0,-4.578132443039991,zscore
sub31,0,0.443574182215257,zscore
sub31,0,-2.960089634765998,zscore
sub31,1,-12.533993443131932,zscore
sub31,1,1.3421491710353344,zscore
sub31,1,8.63298466192214,zscore
sub31,1,6.429136170990898,zscore
sub31,1,-0.6176378577651489,zscore
sub31,1,-0.8394085845433503,zscore
sub31,1,0.8244913667998677,zscore
sub31,1,0.03998717535926294,zscore
sub31,1,0.5901106358972861,zscore
sub31,1,0.05506677152391026,zscore
sub31,1,-1.3354531378093257,zscore
sub31,1,-2.021601953287072,zscore
sub31,1,-3.2183404161828983,zscore
sub31,1,1.4392871111777525,zscore
sub32,0,-0.790524029019112,zscore
sub32,0,-0.650729722663907,zscore
sub32,0,-0.19862527770648825,zscore
sub32,0,-0.3507744721431749,zscore
sub32,0,0.36440678575279556,zscore
sub32,0,-2.1163903956310044,zscore
sub32,0,-1.5679712300372934,zscore
sub32,0,-3.265660419754838,zscore
sub32,0,-0.6874583797558874,zscore
sub32,0,3.0019068713540444,zscore
sub32,0,1.5463435838369664,zscore
sub32,0,1.680904015503252,zscore
sub32,0,2.501904242042927,zscore
sub32,0,0.24965643442915214,zscore
sub32,1,5.051630711145741,zscore
sub32,1,0.7411942784342886,zscore
sub32,1,-1.1439411451026187,zscore
sub32,1,0.3489780137613314,zscore
sub32,1,-1.9285724179885033,zscore
sub32,1,-0.6687496173342504,zscore
sub32,1,1.1054726987270702,zscore
sub32,1,-0.8434230819391022,zscore
sub32,1,0.42548565101362323,zscore
sub32,1,16.592736540733895,zscore
sub32,1,-3.1881311755680084,zscore
sub32,1,1.2599267827981997,zscore
sub32,1,-0.5664828960376092,zscore
sub32,1,-2.920022019882904,zscore
sub33,0,-0.3159455258815401,zscore
sub33,0,-2.037713400956627,zscore
sub33,0,-2.081853740138441,zscore
sub33,0,-4.623885569446548,zscore
sub33,0,-3.3386168035069432,zscore
sub33,0,-5.622729731976417,zscore
sub33,0,-3.2880903949078424,zscore
sub33,0,-1.4808213837568827,zscore
sub33,0,-2.842230843451041,zscore
sub33,0,-1.9727416138831142,zscore
sub33,0,-4.2066971591262945,zscore
sub33,0,-4.8252144872685285,zscore
sub33,0,-4.916488721435966,zscore
sub33,0,-5.06587933641384,zscore
sub33,1,4.847189304172867,zscore
sub33,1,3.0225218451779843,zscore
sub33,1,3.008312131092577,zscore
sub33,1,1.193213985886255,zscore
sub33,1,3.349930438488544,zscore
sub33,1,0.3384104084235854,zscore
sub33,1,-13.945382751601649,zscore
sub33,1,4.654773788754525,zscore
sub33,1,4.919566546829051,zscore
sub33,1,5.423725350006658,zscore
sub33,1,3.048348177207054,zscore
sub33,1,0.4810623822076604,zscore
sub33,1,0.52793726456953,zscore
sub33,1,0.7232270605280839,zscore
sub34,0,-3.920520858785832,zscore
sub34,0,-4.172829154979555,zscore
sub34,0,-4.150937657608109,zscore
sub34,0,-5.278808417834503,zscore
sub34,0,-3.9100834984732997,zscore
sub34,0,-4.58953657829359,zscore
sub34,0,-3.4324569398548817,zscore
sub34,0,-5.501834319107527,zscore
sub34,0,-4.789579556113992,zscore
sub34,0,-4.146184737828975,zscore
sub34,0,-3.311590324604337,zscore
sub34,0,-0.5962570536169218,zscore
sub34,0,-3.972668200916034,zscore
sub34,0,-6.423852195339835,zscore
sub34,1,-18.740758625437472,zscore
sub34,1,-6.180594311880215,zscore
sub34,1,-1.462079303887126,zscore
sub34,1,8.661276883282488,zscore
sub34,1,20.490291405357162,zscore
sub34,1,11.451011821134731,zscore
sub34,1,6.6174337502764295,zscore
sub34,1,1.393050376903021,zscore
sub34,1,0.8168298286389407,zscore
sub34,1,-17.464787110717605,zscore
sub34,1,-22.1187123486672,zscore
sub34,1,-2.337655499064674,zscore
sub34,1,-5.38052061128087,zscore
sub34,1,1.2743957051867238,zscore
sub35,0,2.702094218500728,zscore
sub35,0,0.5291944415486776,zscore
sub35,0,-2.639047315717953,zscore
sub35,0,-4.45176958449442,zscore
sub35,0,-6.60972503510601,zscore
sub35,0,-6.034883439985272,zscore
sub35,0,-0.9029090375474578,zscore
sub35,0,-2.6883408638171447,zscore
sub35,0,-1.1194263818392018,zscore
sub35,0,6.30578992375111,zscore
sub35,0,2.22515889908005,zscore
sub35,0,-1.9261316974320652,zscore
sub35,0,-5.819559690451616,zscore
sub35,0,-3.6448334180623974,zscore
sub35,1,-2.710161734379223,zscore
sub35,1,-2.440255558295744,zscore
sub35,1,0.1505248195860242,zscore
sub35,1,-0.9585384126209515,zscore
sub35,1,1.311239542861693,zscore
sub35,1,4.2537777808137855,zscore
sub35,1,5.7705905956606145,zscore
sub35,1,27.18244255758032,zscore
sub35,1,14.724434234597103,zscore
sub35,1,12.277881076847926,zscore
sub35,1,10.398463761703704,zscore
sub35,1,8.805183374360974,zscore
sub35,1,-1.229750584959632,zscore
sub35,1,9.735732651352338,zscore
sub36,0,-0.6651547503024102,zscore
sub36,0,-4.739263893270495,zscore
sub36,0,-1.447734343834718,zscore
sub36,0,-1.8254857713779105,zscore
sub36,0,-0.894002837765894,zscore
sub36,0,0.024837426217989123,zscore
sub36,0,-0.7268388228353793,zscore
sub36,0,-4.137002824680705,zscore
sub36,0,-5.080900579693463,zscore
sub36,0,-2.690212015674128,zscore
sub36,0,-2.0327059178874323,zscore
sub36,0,-2.358059907254645,zscore
sub36,0,0.8881568735436747,zscore
sub36,0,-2.9500224933607515,zscore
sub36,1,11.696069248344777,zscore
sub36,1,13.815841885657601,zscore
sub36,1,0.7073710198899319,zscore
sub36,1,-5.231966343246823,zscore
sub36,1,3.8113876890943033,zscore
sub36,1,3.786184405790428,zscore
sub36,1,0.9022510964776148,zscore
sub36,1,-2.1525264794746657,zscore
sub36,1,-0.08633580653362988,zscore
sub36,1,-0.05852697031934467,zscore
sub36,1,0.35004664180522505,zscore
sub36,1,0.45322281203419035,zscore
sub36,1,1.99348549021579,zscore
sub36,1,-0.20353202823762168,zscore
sub37,0,-3.205337528622404,zscore
sub37,0,-5.360325896092677,zscore
sub37,0,-2.4136579068568276,zscore
sub37,0,0.6963021775163551,zscore
sub37,0,0.7769195053636825,zscore
sub37,0,-0.717897323372731,zscore
sub37,0,-2.1684360571377757,zscore
sub37,0,-0.9311030462277898,zscore
sub37,0,-0.6923324373688576,zscore
sub37,0,3.773191184342849,zscore
sub37,0,-0.20640961947167702,zscore
sub37,0,-1.5871471145242824,zscore
sub37,0,-0.059605118913990895,zscore
sub37,0,3.7057831972955,zscore
sub37,1,-3.8168091748984474,zscore
sub37,1,-3.1426243162491496,zscore
sub37,1,-2.2480516760689286,zscore
sub37,1,-0.2671072622385029,zscore
sub37,1,-1.1696495961474622,zscore
sub37,1,-4.3335637812287295,zscore
sub37,1,-5.155313884991903,zscore
sub37,1,-3.001385042266159,zscore
sub37,1,-3.180965161726901,zscore
sub37,1,-3.837176447329225,zscore
sub37,1,-1.8459385561052875,zscore
sub37,1,7.7132451239542394,zscore
sub37,1,4.825586508352268,zscore
sub37,1,-5.1702728048273965,zscore
sub38,0,-3.6131910638489106,zscore
sub38,0,-5.220328015540302,zscore
sub38,0,-2.72417572018305,zscore
sub38,0,-2.581308443680911,zscore
sub38,0,-5.245351216837397,zscore
sub38,0,-0.15609876696537983,zscore
sub38,0,0.04398208855366015,zscore
sub38,0,-3.206094712338149,zscore
sub38,0,-5.277170932511476,zscore
sub38,0,-3.287570516586026,zscore
sub38,0,-3.4722690705523216,zscore
sub38,0,-1.4340465521234662,zscore
sub38,0,-3.816135485783637,zscore
sub38,0,-1.9058234685942983,zscore
sub38,1,2.62727591440162,zscore
sub38,1,-2.1994720544451734,zscore
sub38,1,-2.574222938819746,zscore
sub38,1,-2.202922004505196,zscore
sub38,1,-1.3848435128078644,zscore
sub38,1,-1.8299989613844398,zscore
sub38,1,3.9360850445820503,zscore
sub38,1,5.616422484693926,zscore
sub38,1,-3.372440381543122,zscore
sub38,1,-1.6573903117919444,zscore
sub38,1,-6.139892496998415,zscore
sub38,1,1.0418447061327831,zscore
sub38,1,0.30743257484004205,zscore
sub38,1,-0.5054998226024288,zscore
sub39,0,-5.578949414094648,zscore
sub39,0,0.4027062706974891,zscore
sub39,0,-3.3585244974358233,zscore
sub39,0,-2.9783229793109536,zscore
sub39,0,-5.402315272442218,zscore
sub39,0,-5.333156523525169,zscore
sub39,0,0.05794337095337104,zscore
sub39,0,-0.6331638326068053,zscore
sub39,0,-4.368433068193738,zscore
sub39,0,0.8694573191659921,zscore
sub39,0,-5.018607581196624,zscore
sub39,0,1.6425159941944913,zscore
sub39,0,-6.085257870650157,zscore
sub39,0,-2.865985055670055,zscore
sub39,1,3.2415660775209627,zscore
sub39,1,7.468783144423265,zscore
sub39,1,1.749575076813923,zscore
sub39,1,4.833009031224069,zscore
sub39,1,12.355616494154601,zscore
sub39,1,8.688453512587849,zscore
sub39,1,3.8625672651853655,zscore
sub39,1,-4.655606796823665,zscore
sub39,1,-2.3089759441070017,zscore
sub39,1,-3.3462992401200653,zscore
sub39,1,6.281074207356944,zscore
sub39,1,7.2766724062853125,zscore
sub39,1,-1.271330396195561,zscore
sub39,1,1.623195237209031,zscore
sub40,0,-1.7125968570746934,zscore
sub40,0,-3.5542059697055683,zscore
sub40,0,-2.7089515023848745,zscore
sub40,0,-0.31657926997994823,zscore
sub40,0,0.7714710128829969,zscore
sub40,0,0.8558100175667326,zscore
sub40,0,-0.27157363767107756,zscore
sub40,0,1.0968031605198378,zscore
sub40,0,0.3451283452345878,zscore
sub40,0,2.430120785040798,zscore
sub40,0,-1.3303204775152295,zscore
sub40,0,-0.7338094570989608,zscore
sub40,0,-2.5615743369963053,zscore
sub40,0,-0.4180177688061809,zscore
sub40,1,-0.9935968733613574,zscore
sub40,1,-2.623259710466262,zscore
sub40,1,-2.6145481273967204,zscore
sub40,1,-5.348092825896723,zscore
sub40,1,-1.2447960830604523,zscore
sub40,1,-1.054990750772273,zscore
sub40,1,-1.54623633647919,zscore
sub40,1,-1.0932971382855428,zscore
sub40,1,0.09113201758622452,zscore
sub40,1,-0.7457929448639531,zscore
sub40,1,-2.409933699478583,zscore
sub40,1,-4.37037149996174,zscore
sub40,1,-2.049115062123171,zscore
sub40,1,-3.1460753293820867,zscore
sub41,0,0.828540431265835,zscore
sub41,0,-0.37176214116328143,zscore
sub41,0,-7.539844739390466,zscore
sub41,0,-0.7942628278607033,zscore
sub41,0,1.1494165958389297,zscore
sub41,0,0.0776674391705833,zscore
sub41,0,-3.6583322210155025,zscore
sub41,0,-6.445892160021021,zscore
sub41,0,-6.659544854604455,zscore
sub41,0,-5.055586477762914,zscore
sub41,0,-4.37982002801202,zscore
sub41,0,-3.2196194513190473,zscore
sub41,0,-2.698328633688015,zscore
sub41,0,2.375955861868028,zscore
sub41,1,11.158238329917031,zscore
sub41,1,21.231509938913845,zscore
sub41,1,11.002532776438848,zscore
sub41,1,-0.1723755364970943,zscore
sub41,1,-3.2909108066190678,zscore
sub41,1,-4.542497332072855,zscore
sub41,1,13.992938949961944,zscore
sub41,1,16.815523524573404,zscore
sub41,1,12.644004364018564,zscore
sub41,1,-9.064588871286537,zscore
sub41,1,-1.3491252311589543,zscore
sub41,1,3.3490820570617323,zscore
sub41,1,9.023280551075322,zscore
sub41,1,2.981611011993247,zscore
sub42,0,-6.875983690083636,zscore
sub42,0,-4.630529982861736,zscore
sub42,0,-0.5600483944356415,zscore
sub42,0,1.970753301481721,zscore
sub42,0,-2.00383399666917,zscore
sub42,0,4.819801475589227,zscore
sub42,0,6.050257291636612,zscore
sub42,0,6.162332438133465,zscore
sub42,0,-3.1823448512383226,zscore
sub42,0,-3.3210919681918236,zscore
sub42,0,-4.390980295222905,zscore
sub42,0,1.4671849806968658,zscore
sub42,0,12.30559516125742,zscore
sub42,0,0.5207476393890136,zscore
sub42,1,3.2787686844125687,zscore
sub42,1,0.06978543072148263,zscore
sub42,1,-0.8451777990215696,zscore
sub42,1,-2.5723428119450573,zscore
sub42,1,-1.016068869352208,zscore
sub42,1,5.388730265170361,zscore
sub42,1,6.163146903825904,zscore
sub42,1,1.66499887035458,zscore
sub42,1,3.7691298197620724,zscore
sub42,1,0.6862176991048325,zscore
sub42,1,-2.336428451805215,zscore
sub42,1,2.2686387501689977,zscore
sub42,1,2.782373496875839,zscore
sub42,1,8.00498664071818,zscore
sub43,0,-2.8965550126927364,zscore
sub43,0,-5.607553719578604,zscore
sub43,0,-2.899954587357175,zscore
sub43,0,-4.024713730873815,zscore
sub43,0,-1.6358393419697286,zscore
sub43,0,-3.259473090781384,zscore
sub43,0,-1.3502604958429183,zscore
sub43,0,-0.7237495839147763,zscore
sub43,0,-0.18713574675208716,zscore
sub43,0,-4.458852291718209,zscore
sub43,0,-0.5935973792494529,zscore
sub43,0,-1.306441350957676,zscore
sub43,0,-3.7525753518429767,zscore
sub43,0,-3.76780500576224,zscore
sub43,1,0.6327021987321844,zscore
sub43,1,0.2747916139127542,zscore
sub43,1,-0.7300746207539563,zscore
sub43,1,-1.297268707958883,zscore
sub43,1,-1.652122270873449,zscore
sub43,1,-1.848874426735717,zscore
sub43,1,-1.2619125336856036,zscore
sub43,1,-0.6430959221228054,zscore
sub43,1,-3.322389765954428,zscore
sub43,1,-3.850261562726653,zscore
sub43,1,-4.237842158133505,zscore
sub43,1,-0.9734609605026598,zscore
sub43,1,-3.196043238529683,zscore
sub43,1,-4.135616725943521,zscore
sub44,0,-0.1785782499600615,zscore
sub44,0,10.02531688944646,zscore
sub44,0,12.511397095772855,zscore
sub44,0,17.310041008968245,zscore
sub44,0,3.8456709448292186,zscore
sub44,0,-5.966467242129893,zscore
sub44,0,-6.032075192453851,zscore
sub44,0,-0.5095940608847337,zscore
sub44,0,-1.2056891290410054,zscore
sub44,0,-0.5703301286746335,zscore
sub44,0,-1.1961159058718205,zscore
sub44,0,-1.2062253604865025,zscore
sub44,0,-0.3787128141243431,zscore
sub44,0,0.18331936028623985,zscore
sub44,1,1.634289185513322,zscore
sub44,1,1.7459650898765624,zscore
sub44,1,10.715064458361478,zscore
sub44,1,2.2359278066233528,zscore
sub44,1,1.92999663423378,zscore
sub44,1,9.552007405252416,zscore
sub44,1,3.3574663319100018,zscore
sub44,1,-1.6966759395329019,zscore
sub44,1,-2.8542428184956576,zscore
sub44,1,-2.90593177481493,zscore
sub44,1,-1.0957027198272409,zscore
sub44,1,-1.9808957692271911,zscore
sub44,1,-2.9742456758300797,zscore
sub44,1,-0.5774383650391746,zscore
sub45,0,6.994478609327723,zscore
sub45,0,8.909767847797267,zscore
sub45,0,-2.877509839932054,zscore
sub45,0,-4.523940982158546,zscore
sub45,0,-1.8968415046397555,zscore
sub45,0,-1.45215663039808,zscore
sub45,0,-3.673206000487655,zscore
sub45,0,-6.6275349153345715,zscore
sub45,0,-2.6795048357448144,zscore
sub45,0,-0.16677303514932085,zscore
sub45,0,-1.4639524918728186,zscore
sub45,0,-1.8670509635977521,zscore
sub45,0,-0.9224982628073801,zscore
sub45,0,-0.6073720944595281,zscore
sub45,1,15.093082744133733,zscore
sub45,1,8.897271329025456,zscore
sub45,1,4.891177478551233,zscore
sub45,1,11.1786513515459,zscore
sub45,1,20.35659317642874,zscore
sub45,1,33.505988719710345,zscore
sub45,1,12.468486442228517,zscore
sub45,1,24.50621287007645,zscore
sub45,1,20.268256037312376,zscore
sub45,1,11.253904249458934,zscore
sub45,1,6.30036235390177,zscore
sub45,1,13.390620113349158,zscore
sub45,1,13.485943887934324,zscore
sub45,1,21.4718670689799,zscore
sub46,0,1.4332021696234385,zscore
sub46,0,2.0860919893151832,zscore
sub46,0,-2.4881577460553377,zscore
sub46,0,-9.274231373507549,zscore
sub46,0,-3.207526386945487,zscore
sub46,0,-4.252307327107328,zscore
sub46,0,-4.562316273222576,zscore
sub46,0,-0.669427987553035,zscore
sub46,0,-3.6202800963370767,zscore
sub46,0,-5.0891054084843095,zscore
sub46,0,-4.771459932005136,zscore
sub46,0,-8.169127173854093,zscore
sub46,0,-5.848886728049411,zscore
sub46,0,-4.090098139942246,zscore
sub46,1,6.325980325111857,zscore
sub46,1,5.888840304392094,zscore
sub46,1,2.038415141616862,zscore
sub46,1,2.8614126562475346,zscore
sub46,1,8.825352410543667,zscore
sub46,1,9.645222477300996,zscore
sub46,1,4.63859754362017,zscore
sub46,1,7.4443903268840845,zscore
sub46,1,-1.6394448820535719,zscore
sub46,1,0.28313012503138363,zscore
sub46,1,2.095474515092573,zscore
sub46,1,4.387704656857899,zscore
sub46,1,7.0111627210753955,zscore
sub46,1,6.061363519478453,zscore
sub47,0,-1.2420837870346482,zscore
sub47,0,0.16190112679691693,zscore
sub47,0,2.2563166935496324,zscore
sub47,0,-0.5035026568193396,zscore
sub47,0,-1.3086819819667785,zscore
sub47,0,0.1824677354843502,zscore
sub47,0,-1.1886863203437688,zscore
sub47,0,-2.2541130695802383,zscore
sub47,0,3.8917210962043964,zscore
sub47,0,2.0072858907824216,zscore
sub47,0,-0.947868681242354,zscore
sub47,0,-0.28799479818833285,zscore
sub47,0,0.41142801857342776,zscore
sub47,0,0.07156659430437551,zscore
sub47,1,-0.1424567007209505,zscore
sub47,1,-1.6848599983225707,zscore
sub47,1,-2.48658704031914,zscore
sub47,1,-2.0147740615731067,zscore
sub47,1,-3.6942128213871666,zscore
sub47,1,-4.164007043304334,zscore
sub47,1,3.295213878075343,zscore
sub47,1,0.5567038093834386,zscore
sub47,1,-2.8512656219063834,zscore
sub47,1,-6.2520289820935115,zscore
sub47,1,-4.382249683131354,zscore
sub47,1,-2.916900164689975,zscore
sub47,1,0.912494969878024,zscore
sub47,1,1.9834497757086955,zscore
sub48,0,0.351010979361434,zscore
sub48,0,1.7943453465918542,zscore
sub48,0,0.37243275851952445,zscore
sub48,0,1.612732412844969,zscore
sub48,0,0.7778869538839781,zscore
sub48,0,1.016872337050775,zscore
sub48,0,-3.308175938874411,zscore
sub48,0,-3.718241909347681,zscore
sub48,0,-0.9423445373523889,zscore
sub48,0,-3.732462434664962,zscore
sub48,0,0.24440707690332536,zscore
sub48,0,0.09918585076626513,zscore
sub48,0,-1.1408641319070187,zscore
sub48,0,-1.0172300667145566,zscore
sub48,1,-2.2457326175357744,zscore
sub48,1,-1.7754106610511395,zscore
sub48,1,-8.46631768543276,zscore
sub48,1,-5.064613807042193,zscore
sub48,1,0.3175934884457638,zscore
sub48,1,-1.2058378032186197,zscore
sub48,1,-0.44275826201992563,zscore
sub48,1,1.4730667560467599,zscore
sub48,1,6.953487498390784,zscore
sub48,1,2.3149557288893834,zscore
sub48,1,-0.5966671110739183,zscore
sub48,1,1.4118547151679772,zscore
sub48,1,-0.17408589992020673,zscore
sub48,1,3.781842367257599,zscore
