dataset,subject_id,segment_type,label,condition,start_sec,end_sec,window_uid
STEW,sub01,calibration,0,rest_no_task,0.0,4.0,STEW|sub01|calibration|0.000|4.000
STEW,sub01,calibration,0,rest_no_task,2.0,6.0,STEW|sub01|calibration|2.000|6.000
STEW,sub01,calibration,0,rest_no_task,4.0,8.0,STEW|sub01|calibration|4.000|8.000
STEW,sub01,calibration,0,rest_no_task,6.0,10.0,STEW|sub01|calibration|6.000|10.000
STEW,sub01,calibration,0,rest_no_task,8.0,12.0,STEW|sub01|calibration|8.000|12.000
STEW,sub01,calibration,0,rest_no_task,10.0,14.0,STEW|sub01|calibration|10.000|14.000
STEW,sub01,calibration,0,rest_no_task,12.0,16.0,STEW|sub01|calibration|12.000|16.000
STEW,sub01,calibration,0,rest_no_task,14.0,18.0,STEW|sub01|calibration|14.000|18.000
STEW,sub01,calibration,0,rest_no_task,16.0,20.0,STEW|sub01|calibration|16.000|20.000
STEW,sub01,calibration,0,rest_no_task,18.0,22.0,STEW|sub01|calibration|18.000|22.000
STEW,sub01,calibration,0,rest_no_task,20.0,24.0,STEW|sub01|calibration|20.000|24.000
STEW,sub01,calibration,0,rest_no_task,22.0,26.0,STEW|sub01|calibration|22.000|26.000
STEW,sub01,calibration,0,rest_no_task,24.0,28.0,STEW|sub01|calibration|24.000|28.000
STEW,sub01,calibration,0,rest_no_task,26.0,30.0,STEW|sub01|calibration|26.000|30.000
STEW,sub01,scored_rest,0,rest_no_task,30.0,34.0,STEW|sub01|scored_rest|30.000|34.000
STEW,sub01,scored_rest,0,rest_no_task,32.0,36.0,STEW|sub01|scored_rest|32.000|36.000
STEW,sub01,scored_rest,0,rest_no_task,34.0,38.0,STEW|sub01|scored_rest|34.000|38.000
STEW,sub01,scored_rest,0,rest_no_task,36.0,40.0,STEW|sub01|scored_rest|36.000|40.000
STEW,sub01,scored_rest,0,rest_no_task,38.0,42.0,STEW|sub01|scored_rest|38.000|42.000
STEW,sub01,scored_rest,0,rest_no_task,40.0,44.0,STEW|sub01|scored_rest|40.000|44.000
STEW,sub01,scored_rest,0,rest_no_task,42.0,46.0,STEW|sub01|scored_rest|42.000|46.000
STEW,sub01,scored_rest,0,rest_no_task,44.0,48.0,STEW|sub01|scored_rest|44.000|48.000
STEW,sub01,scored_rest,0,rest_no_task,46.0,50.0,STEW|sub01|scored_rest|46.000|50.000
STEW,sub01,scored_rest,0,rest_no_task,48.0,52.0,STEW|sub01|scored_rest|48.000|52.000
STEW,sub01,scored_rest,0,rest_no_task,50.0,54.0,STEW|sub01|scored_rest|50.000|54.000
STEW,sub01,scored_rest,0,rest_no_task,52.0,56.0,STEW|sub01|scored_rest|52.000|56.000
STEW,sub01,scored_rest,0,rest_no_task,54.0,58.0,STEW|sub01|scored_rest|54.000|58.000
STEW,sub01,scored_rest,0,rest_no_task,56.0,60.0,STEW|sub01|scored_rest|56.000|60.000
STEW,sub01,scored_task,1,high_workload,0.0,4.0,STEW|sub01|scored_task|0.000|4.000
STEW,sub01,scored_task,1,high_workload,2.0,6.0,STEW|sub01|scored_task|2.000|6.000
STEW,sub01,scored_task,1,high_workload,4.0,8.0,STEW|sub01|scored_task|4.000|8.000
STEW,sub01,scored_task,1,high_workload,6.0,10.0,STEW|sub01|scored_task|6.000|10.000
STEW,sub01,scored_task,1,high_workload,8.0,12.0,STEW|sub01|scored_task|8.000|12.000
STEW,sub01,scored_task,1,high_workload,10.0,14.0,STEW|sub01|scored_task|10.000|14.000
STEW,sub01,scored_task,1,high_workload,12.0,16.0,STEW|sub01|scored_task|12.000|16.000
STEW,sub01,scored_task,1,high_workload,14.0,18.0,STEW|sub01|scored_task|14.000|18.000
STEW,sub01,scored_task,1,high_workload,16.0,20.0,STEW|sub01|scored_task|16.000|20.000
STEW,sub01,scored_task,1,high_workload,18.0,22.0,STEW|sub01|scored_task|18.000|22.000
STEW,sub01,scored_task,1,high_workload,20.0,24.0,STEW|sub01|scored_task|20.000|24.000
STEW,sub01,scored_task,1,high_workload,22.0,26.0,STEW|sub01|scored_task|22.000|26.000
STEW,sub01,scored_task,1,high_workload,24.0,28.0,STEW|sub01|scored_task|24.000|28.000
STEW,sub01,scored_task,1,high_workload,26.0,30.0,STEW|sub01|scored_task|26.000|30.000
STEW,sub02,calibration,0,rest_no_task,0.0,4.0,STEW|sub02|calibration|0.000|4.000
STEW,sub02,calibration,0,rest_no_task,2.0,6.0,STEW|sub02|calibration|2.000|6.000
STEW,sub02,calibration,0,rest_no_task,4.0,8.0,STEW|sub02|calibration|4.000|8.000
STEW,sub02,calibration,0,rest_no_task,6.0,10.0,STEW|sub02|calibration|6.000|10.000
STEW,sub02,calibration,0,rest_no_task,8.0,12.0,STEW|sub02|calibration|8.000|12.000
STEW,sub02,calibration,0,rest_no_task,10.0,14.0,STEW|sub02|calibration|10.000|14.000
STEW,sub02,calibration,0,rest_no_task,12.0,16.0,STEW|sub02|calibration|12.000|16.000
STEW,sub02,calibration,0,rest_no_task,14.0,18.0,STEW|sub02|calibration|14.000|18.000
STEW,sub02,calibration,0,rest_no_task,16.0,20.0,STEW|sub02|calibration|16.000|20.000
STEW,sub02,calibration,0,rest_no_task,18.0,22.0,STEW|sub02|calibration|18.000|22.000
STEW,sub02,calibration,0,rest_no_task,20.0,24.0,STEW|sub02|calibration|20.000|24.000
STEW,sub02,calibration,0,rest_no_task,22.0,26.0,STEW|sub02|calibration|22.000|26.000
STEW,sub02,calibration,0,rest_no_task,24.0,28.0,STEW|sub02|calibration|24.000|28.000
STEW,sub02,calibration,0,rest_no_task,26.0,30.0,STEW|sub02|calibration|26.000|30.000
STEW,sub02,scored_rest,0,rest_no_task,30.0,34.0,STEW|sub02|scored_rest|30.000|34.000
STEW,sub02,scored_rest,0,rest_no_task,32.0,36.0,STEW|sub02|scored_rest|32.000|36.000
STEW,sub02,scored_rest,0,rest_no_task,34.0,38.0,STEW|sub02|scored_rest|34.000|38.000
STEW,sub02,scored_rest,0,rest_no_task,36.0,40.0,STEW|sub02|scored_rest|36.000|40.000
STEW,sub02,scored_rest,0,rest_no_task,38.0,42.0,STEW|sub02|scored_rest|38.000|42.000
STEW,sub02,scored_rest,0,rest_no_task,40.0,44.0,STEW|sub02|scored_rest|40.000|44.000
STEW,sub02,scored_rest,0,rest_no_task,42.0,46.0,STEW|sub02|scored_rest|42.000|46.000
STEW,sub02,scored_rest,0,rest_no_task,44.0,48.0,STEW|sub02|scored_rest|44.000|48.000
STEW,sub02,scored_rest,0,rest_no_task,46.0,50.0,STEW|sub02|scored_rest|46.000|50.000
STEW,sub02,scored_rest,0,rest_no_task,48.0,52.0,STEW|sub02|scored_rest|48.000|52.000
STEW,sub02,scored_rest,0,rest_no_task,50.0,54.0,STEW|sub02|scored_rest|50.000|54.000
STEW,sub02,scored_rest,0,rest_no_task,52.0,56.0,STEW|sub02|scored_rest|52.000|56.000
STEW,sub02,scored_rest,0,rest_no_task,54.0,58.0,STEW|sub02|scored_rest|54.000|58.000
STEW,sub02,scored_rest,0,rest_no_task,56.0,60.0,STEW|sub02|scored_rest|56.000|60.000
STEW,sub02,scored_task,1,high_workload,0.0,4.0,STEW|sub02|scored_task|0.000|4.000
STEW,sub02,scored_task,1,high_workload,2.0,6.0,STEW|sub02|scored_task|2.000|6.000
STEW,sub02,scored_task,1,high_workload,4.0,8.0,STEW|sub02|scored_task|4.000|8.000
STEW,sub02,scored_task,1,high_workload,6.0,10.0,STEW|sub02|scored_task|6.000|10.000
STEW,sub02,scored_task,1,high_workload,8.0,12.0,STEW|sub02|scored_task|8.000|12.000
STEW,sub02,scored_task,1,high_workload,10.0,14.0,STEW|sub02|scored_task|10.000|14.000
STEW,sub02,scored_task,1,high_workload,12.0,16.0,STEW|sub02|scored_task|12.000|16.000
STEW,sub02,scored_task,1,high_workload,14.0,18.0,STEW|sub02|scored_task|14.000|18.000
STEW,sub02,scored_task,1,high_workload,16.0,20.0,STEW|sub02|scored_task|16.000|20.000
STEW,sub02,scored_task,1,high_workload,18.0,22.0,STEW|sub02|scored_task|18.000|22.000
STEW,sub02,scored_task,1,high_workload,20.0,24.0,STEW|sub02|scored_task|20.000|24.000
STEW,sub02,scored_task,1,high_workload,22.0,26.0,STEW|sub02|scored_task|22.000|26.000
STEW,sub02,scored_task,1,high_workload,24.0,28.0,STEW|sub02|scored_task|24.000|28.000
STEW,sub02,scored_task,1,high_workload,26.0,30.0,STEW|sub02|scored_task|26.000|30.000
STEW,sub03,calibration,0,rest_no_task,0.0,4.0,STEW|sub03|calibration|0.000|4.000
STEW,sub03,calibration,0,rest_no_task,2.0,6.0,STEW|sub03|calibration|2.000|6.000
STEW,sub03,calibration,0,rest_no_task,4.0,8.0,STEW|sub03|calibration|4.000|8.000
STEW,sub03,calibration,0,rest_no_task,6.0,10.0,STEW|sub03|calibration|6.000|10.000
STEW,sub03,calibration,0,rest_no_task,8.0,12.0,STEW|sub03|calibration|8.000|12.000
STEW,sub03,calibration,0,rest_no_task,10.0,14.0,STEW|sub03|calibration|10.000|14.000
STEW,sub03,calibration,0,rest_no_task,12.0,16.0,STEW|sub03|calibration|12.000|16.000
STEW,sub03,calibration,0,rest_no_task,14.0,18.0,STEW|sub03|calibration|14.000|18.000
STEW,sub03,calibration,0,rest_no_task,16.0,20.0,STEW|sub03|calibration|16.000|20.000
STEW,sub03,calibration,0,rest_no_task,18.0,22.0,STEW|sub03|calibration|18.000|22.000
STEW,sub03,calibration,0,rest_no_task,20.0,24.0,STEW|sub03|calibration|20.000|24.000
STEW,sub03,calibration,0,rest_no_task,22.0,26.0,STEW|sub03|calibration|22.000|26.000
STEW,sub03,calibration,0,rest_no_task,24.0,28.0,STEW|sub03|calibration|24.000|28.000
STEW,sub03,calibration,0,rest_no_task,26.0,30.0,STEW|sub03|calibration|26.000|30.000
STEW,sub03,scored_rest,0,rest_no_task,30.0,34.0,STEW|sub03|scored_rest|30.000|34.000
STEW,sub03,scored_rest,0,rest_no_task,32.0,36.0,STEW|sub03|scored_rest|32.000|36.000
STEW,sub03,scored_rest,0,rest_no_task,34.0,38.0,STEW|sub03|scored_rest|34.000|38.000
STEW,sub03,scored_rest,0,rest_no_task,36.0,40.0,STEW|sub03|scored_rest|36.000|40.000
STEW,sub03,scored_rest,0,rest_no_task,38.0,42.0,STEW|sub03|scored_rest|38.000|42.000
STEW,sub03,scored_rest,0,rest_no_task,40.0,44.0,STEW|sub03|scored_rest|40.000|44.000
STEW,sub03,scored_rest,0,rest_no_task,42.0,46.0,STEW|sub03|scored_rest|42.000|46.000
STEW,sub03,scored_rest,0,rest_no_task,44.0,48.0,STEW|sub03|scored_rest|44.000|48.000
STEW,sub03,scored_rest,0,rest_no_task,46.0,50.0,STEW|sub03|scored_rest|46.000|50.000
STEW,sub03,scored_rest,0,rest_no_task,48.0,52.0,STEW|sub03|scored_rest|48.000|52.000
STEW,sub03,scored_rest,0,rest_no_task,50.0,54.0,STEW|sub03|scored_rest|50.000|54.000
STEW,sub03,scored_rest,0,rest_no_task,52.0,56.0,STEW|sub03|scored_rest|52.000|56.000
STEW,sub03,scored_rest,0,rest_no_task,54.0,58.0,STEW|sub03|scored_rest|54.000|58.000
STEW,sub03,scored_rest,0,rest_no_task,56.0,60.0,STEW|sub03|scored_rest|56.000|60.000
STEW,sub03,scored_task,1,high_workload,0.0,4.0,STEW|sub03|scored_task|0.000|4.000
STEW,sub03,scored_task,1,high_workload,2.0,6.0,STEW|sub03|scored_task|2.000|6.000
STEW,sub03,scored_task,1,high_workload,4.0,8.0,STEW|sub03|scored_task|4.000|8.000
STEW,sub03,scored_task,1,high_workload,6.0,10.0,STEW|sub03|scored_task|6.000|10.000
STEW,sub03,scored_task,1,high_workload,8.0,12.0,STEW|sub03|scored_task|8.000|12.000
STEW,sub03,scored_task,1,high_workload,10.0,14.0,STEW|sub03|scored_task|10.000|14.000
STEW,sub03,scored_task,1,high_workload,12.0,16.0,STEW|sub03|scored_task|12.000|16.000
STEW,sub03,scored_task,1,high_workload,14.0,18.0,STEW|sub03|scored_task|14.000|18.000
STEW,sub03,scored_task,1,high_workload,16.0,20.0,STEW|sub03|scored_task|16.000|20.000
STEW,sub03,scored_task,1,high_workload,18.0,22.0,STEW|sub03|scored_task|18.000|22.000
STEW,sub03,scored_task,1,high_workload,20.0,24.0,STEW|sub03|scored_task|20.000|24.000
STEW,sub03,scored_task,1,high_workload,22.0,26.0,STEW|sub03|scored_task|22.000|26.000
STEW,sub03,scored_task,1,high_workload,24.0,28.0,STEW|sub03|scored_task|24.000|28.000
STEW,sub03,scored_task,1,high_workload,26.0,30.0,STEW|sub03|scored_task|26.000|30.000
STEW,sub04,calibration,0,rest_no_task,0.0,4.0,STEW|sub04|calibration|0.000|4.000
STEW,sub04,calibration,0,rest_no_task,2.0,6.0,STEW|sub04|calibration|2.000|6.000
STEW,sub04,calibration,0,rest_no_task,4.0,8.0,STEW|sub04|calibration|4.000|8.000
STEW,sub04,calibration,0,rest_no_task,6.0,10.0,STEW|sub04|calibration|6.000|10.000
STEW,sub04,calibration,0,rest_no_task,8.0,12.0,STEW|sub04|calibration|8.000|12.000
STEW,sub04,calibration,0,rest_no_task,10.0,14.0,STEW|sub04|calibration|10.000|14.000
STEW,sub04,calibration,0,rest_no_task,12.0,16.0,STEW|sub04|calibration|12.000|16.000
STEW,sub04,calibration,0,rest_no_task,14.0,18.0,STEW|sub04|calibration|14.000|18.000
STEW,sub04,calibration,0,rest_no_task,16.0,20.0,STEW|sub04|calibration|16.000|20.000
STEW,sub04,calibration,0,rest_no_task,18.0,22.0,STEW|sub04|calibration|18.000|22.000
STEW,sub04,calibration,0,rest_no_task,20.0,24.0,STEW|sub04|calibration|20.000|24.000
STEW,sub04,calibration,0,rest_no_task,22.0,26.0,STEW|sub04|calibration|22.000|26.000
STEW,sub04,calibration,0,rest_no_task,24.0,28.0,STEW|sub04|calibration|24.000|28.000
STEW,sub04,calibration,0,rest_no_task,26.0,30.0,STEW|sub04|calibration|26.000|30.000
STEW,sub04,scored_rest,0,rest_no_task,30.0,34.0,STEW|sub04|scored_rest|30.000|34.000
STEW,sub04,scored_rest,0,rest_no_task,32.0,36.0,STEW|sub04|scored_rest|32.000|36.000
STEW,sub04,scored_rest,0,rest_no_task,34.0,38.0,STEW|sub04|scored_rest|34.000|38.000
STEW,sub04,scored_rest,0,rest_no_task,36.0,40.0,STEW|sub04|scored_rest|36.000|40.000
STEW,sub04,scored_rest,0,rest_no_task,38.0,42.0,STEW|sub04|scored_rest|38.000|42.000
STEW,sub04,scored_rest,0,rest_no_task,40.0,44.0,STEW|sub04|scored_rest|40.000|44.000
STEW,sub04,scored_rest,0,rest_no_task,42.0,46.0,STEW|sub04|scored_rest|42.000|46.000
STEW,sub04,scored_rest,0,rest_no_task,44.0,48.0,STEW|sub04|scored_rest|44.000|48.000
STEW,sub04,scored_rest,0,rest_no_task,46.0,50.0,STEW|sub04|scored_rest|46.000|50.000
STEW,sub04,scored_rest,0,rest_no_task,48.0,52.0,STEW|sub04|scored_rest|48.000|52.000
STEW,sub04,scored_rest,0,rest_no_task,50.0,54.0,STEW|sub04|scored_rest|50.000|54.000
STEW,sub04,scored_rest,0,rest_no_task,52.0,56.0,STEW|sub04|scored_rest|52.000|56.000
STEW,sub04,scored_rest,0,rest_no_task,54.0,58.0,STEW|sub04|scored_rest|54.000|58.000
STEW,sub04,scored_rest,0,rest_no_task,56.0,60.0,STEW|sub04|scored_rest|56.000|60.000
STEW,sub04,scored_task,1,high_workload,0.0,4.0,STEW|sub04|scored_task|0.000|4.000
STEW,sub04,scored_task,1,high_workload,2.0,6.0,STEW|sub04|scored_task|2.000|6.000
STEW,sub04,scored_task,1,high_workload,4.0,8.0,STEW|sub04|scored_task|4.000|8.000
STEW,sub04,scored_task,1,high_workload,6.0,10.0,STEW|sub04|scored_task|6.000|10.000
STEW,sub04,scored_task,1,high_workload,8.0,12.0,STEW|sub04|scored_task|8.000|12.000
STEW,sub04,scored_task,1,high_workload,10.0,14.0,STEW|sub04|scored_task|10.000|14.000
STEW,sub04,scored_task,1,high_workload,12.0,16.0,STEW|sub04|scored_task|12.000|16.000
STEW,sub04,scored_task,1,high_workload,14.0,18.0,STEW|sub04|scored_task|14.000|18.000
STEW,sub04,scored_task,1,high_workload,16.0,20.0,STEW|sub04|scored_task|16.000|20.000
STEW,sub04,scored_task,1,high_workload,18.0,22.0,STEW|sub04|scored_task|18.000|22.000
STEW,sub04,scored_task,1,high_workload,20.0,24.0,STEW|sub04|scored_task|20.000|24.000
STEW,sub04,scored_task,1,high_workload,22.0,26.0,STEW|sub04|scored_task|22.000|26.000
STEW,sub04,scored_task,1,high_workload,24.0,28.0,STEW|sub04|scored_task|24.000|28.000
STEW,sub04,scored_task,1,high_workload,26.0,30.0,STEW|sub04|scored_task|26.000|30.000
STEW,sub05,calibration,0,rest_no_task,0.0,4.0,STEW|sub05|calibration|0.000|4.000
STEW,sub05,calibration,0,rest_no_task,2.0,6.0,STEW|sub05|calibration|2.000|6.000
STEW,sub05,calibration,0,rest_no_task,4.0,8.0,STEW|sub05|calibration|4.000|8.000
STEW,sub05,calibration,0,rest_no_task,6.0,10.0,STEW|sub05|calibration|6.000|10.000
STEW,sub05,calibration,0,rest_no_task,8.0,12.0,STEW|sub05|calibration|8.000|12.000
STEW,sub05,calibration,0,rest_no_task,10.0,14.0,STEW|sub05|calibration|10.000|14.000
STEW,sub05,calibration,0,rest_no_task,12.0,16.0,STEW|sub05|calibration|12.000|16.000
STEW,sub05,calibration,0,rest_no_task,14.0,18.0,STEW|sub05|calibration|14.000|18.000
STEW,sub05,calibration,0,rest_no_task,16.0,20.0,STEW|sub05|calibration|16.000|20.000
STEW,sub05,calibration,0,rest_no_task,18.0,22.0,STEW|sub05|calibration|18.000|22.000
STEW,sub05,calibration,0,rest_no_task,20.0,24.0,STEW|sub05|calibration|20.000|24.000
STEW,sub05,calibration,0,rest_no_task,22.0,26.0,STEW|sub05|calibration|22.000|26.000
STEW,sub05,calibration,0,rest_no_task,24.0,28.0,STEW|sub05|calibration|24.000|28.000
STEW,sub05,calibration,0,rest_no_task,26.0,30.0,STEW|sub05|calibration|26.000|30.000
STEW,sub05,scored_rest,0,rest_no_task,30.0,34.0,STEW|sub05|scored_rest|30.000|34.000
STEW,sub05,scored_rest,0,rest_no_task,32.0,36.0,STEW|sub05|scored_rest|32.000|36.000
STEW,sub05,scored_rest,0,rest_no_task,34.0,38.0,STEW|sub05|scored_rest|34.000|38.000
STEW,sub05,scored_rest,0,rest_no_task,36.0,40.0,STEW|sub05|scored_rest|36.000|40.000
STEW,sub05,scored_rest,0,rest_no_task,38.0,42.0,STEW|sub05|scored_rest|38.000|42.000
STEW,sub05,scored_rest,0,rest_no_task,40.0,44.0,STEW|sub05|scored_rest|40.000|44.000
STEW,sub05,scored_rest,0,rest_no_task,42.0,46.0,STEW|sub05|scored_rest|42.000|46.000
STEW,sub05,scored_rest,0,rest_no_task,44.0,48.0,STEW|sub05|scored_rest|44.000|48.000
STEW,sub05,scored_rest,0,rest_no_task,46.0,50.0,STEW|sub05|scored_rest|46.000|50.000
STEW,sub05,scored_rest,0,rest_no_task,48.0,52.0,STEW|sub05|scored_rest|48.000|52.000
STEW,sub05,scored_rest,0,rest_no_task,50.0,54.0,STEW|sub05|scored_rest|50.000|54.000
STEW,sub05,scored_rest,0,rest_no_task,52.0,56.0,STEW|sub05|scored_rest|52.000|56.000
STEW,sub05,scored_rest,0,rest_no_task,54.0,58.0,STEW|sub05|scored_rest|54.000|58.000
STEW,sub05,scored_rest,0,rest_no_task,56.0,60.0,STEW|sub05|scored_rest|56.000|60.000
STEW,sub05,scored_task,1,high_workload,0.0,4.0,STEW|sub05|scored_task|0.000|4.000
STEW,sub05,scored_task,1,high_workload,2.0,6.0,STEW|sub05|scored_task|2.000|6.000
STEW,sub05,scored_task,1,high_workload,4.0,8.0,STEW|sub05|scored_task|4.000|8.000
STEW,sub05,scored_task,1,high_workload,6.0,10.0,STEW|sub05|scored_task|6.000|10.000
STEW,sub05,scored_task,1,high_workload,8.0,12.0,STEW|sub05|scored_task|8.000|12.000
STEW,sub05,scored_task,1,high_workload,10.0,14.0,STEW|sub05|scored_task|10.000|14.000
STEW,sub05,scored_task,1,high_workload,12.0,16.0,STEW|sub05|scored_task|12.000|16.000
STEW,sub05,scored_task,1,high_workload,14.0,18.0,STEW|sub05|scored_task|14.000|18.000
STEW,sub05,scored_task,1,high_workload,16.0,20.0,STEW|sub05|scored_task|16.000|20.000
STEW,sub05,scored_task,1,high_workload,18.0,22.0,STEW|sub05|scored_task|18.000|22.000
STEW,sub05,scored_task,1,high_workload,20.0,24.0,STEW|sub05|scored_task|20.000|24.000
STEW,sub05,scored_task,1,high_workload,22.0,26.0,STEW|sub05|scored_task|22.000|26.000
STEW,sub05,scored_task,1,high_workload,24.0,28.0,STEW|sub05|scored_task|24.000|28.000
STEW,sub05,scored_task,1,high_workload,26.0,30.0,STEW|sub05|scored_task|26.000|30.000
STEW,sub06,calibration,0,rest_no_task,0.0,4.0,STEW|sub06|calibration|0.000|4.000
STEW,sub06,calibration,0,rest_no_task,2.0,6.0,STEW|sub06|calibration|2.000|6.000
STEW,sub06,calibration,0,rest_no_task,4.0,8.0,STEW|sub06|calibration|4.000|8.000
STEW,sub06,calibration,0,rest_no_task,6.0,10.0,STEW|sub06|calibration|6.000|10.000
STEW,sub06,calibration,0,rest_no_task,8.0,12.0,STEW|sub06|calibration|8.000|12.000
STEW,sub06,calibration,0,rest_no_task,10.0,14.0,STEW|sub06|calibration|10.000|14.000
STEW,sub06,calibration,0,rest_no_task,12.0,16.0,STEW|sub06|calibration|12.000|16.000
STEW,sub06,calibration,0,rest_no_task,14.0,18.0,STEW|sub06|calibration|14.000|18.000
STEW,sub06,calibration,0,rest_no_task,16.0,20.0,STEW|sub06|calibration|16.000|20.000
STEW,sub06,calibration,0,rest_no_task,18.0,22.0,STEW|sub06|calibration|18.000|22.000
STEW,sub06,calibration,0,rest_no_task,20.0,24.0,STEW|sub06|calibration|20.000|24.000
STEW,sub06,calibration,0,rest_no_task,22.0,26.0,STEW|sub06|calibration|22.000|26.000
STEW,sub06,calibration,0,rest_no_task,24.0,28.0,STEW|sub06|calibration|24.000|28.000
STEW,sub06,calibration,0,rest_no_task,26.0,30.0,STEW|sub06|calibration|26.000|30.000
STEW,sub06,scored_rest,0,rest_no_task,30.0,34.0,STEW|sub06|scored_rest|30.000|34.000
STEW,sub06,scored_rest,0,rest_no_task,32.0,36.0,STEW|sub06|scored_rest|32.000|36.000
STEW,sub06,scored_rest,0,rest_no_task,34.0,38.0,STEW|sub06|scored_rest|34.000|38.000
STEW,sub06,scored_rest,0,rest_no_task,36.0,40.0,STEW|sub06|scored_rest|36.000|40.000
STEW,sub06,scored_rest,0,rest_no_task,38.0,42.0,STEW|sub06|scored_rest|38.000|42.000
STEW,sub06,scored_rest,0,rest_no_task,40.0,44.0,STEW|sub06|scored_rest|40.000|44.000
STEW,sub06,scored_rest,0,rest_no_task,42.0,46.0,STEW|sub06|scored_rest|42.000|46.000
STEW,sub06,scored_rest,0,rest_no_task,44.0,48.0,STEW|sub06|scored_rest|44.000|48.000
STEW,sub06,scored_rest,0,rest_no_task,46.0,50.0,STEW|sub06|scored_rest|46.000|50.000
STEW,sub06,scored_rest,0,rest_no_task,48.0,52.0,STEW|sub06|scored_rest|48.000|52.000
STEW,sub06,scored_rest,0,rest_no_task,50.0,54.0,STEW|sub06|scored_rest|50.000|54.000
STEW,sub06,scored_rest,0,rest_no_task,52.0,56.0,STEW|sub06|scored_rest|52.000|56.000
STEW,sub06,scored_rest,0,rest_no_task,54.0,58.0,STEW|sub06|scored_rest|54.000|58.000
STEW,sub06,scored_rest,0,rest_no_task,56.0,60.0,STEW|sub06|scored_rest|56.000|60.000
STEW,sub06,scored_task,1,high_workload,0.0,4.0,STEW|sub06|scored_task|0.000|4.000
STEW,sub06,scored_task,1,high_workload,2.0,6.0,STEW|sub06|scored_task|2.000|6.000
STEW,sub06,scored_task,1,high_workload,4.0,8.0,STEW|sub06|scored_task|4.000|8.000
STEW,sub06,scored_task,1,high_workload,6.0,10.0,STEW|sub06|scored_task|6.000|10.000
STEW,sub06,scored_task,1,high_workload,8.0,12.0,STEW|sub06|scored_task|8.000|12.000
STEW,sub06,scored_task,1,high_workload,10.0,14.0,STEW|sub06|scored_task|10.000|14.000
STEW,sub06,scored_task,1,high_workload,12.0,16.0,STEW|sub06|scored_task|12.000|16.000
STEW,sub06,scored_task,1,high_workload,14.0,18.0,STEW|sub06|scored_task|14.000|18.000
STEW,sub06,scored_task,1,high_workload,16.0,20.0,STEW|sub06|scored_task|16.000|20.000
STEW,sub06,scored_task,1,high_workload,18.0,22.0,STEW|sub06|scored_task|18.000|22.000
STEW,sub06,scored_task,1,high_workload,20.0,24.0,STEW|sub06|scored_task|20.000|24.000
STEW,sub06,scored_task,1,high_workload,22.0,26.0,STEW|sub06|scored_task|22.000|26.000
STEW,sub06,scored_task,1,high_workload,24.0,28.0,STEW|sub06|scored_task|24.000|28.000
STEW,sub06,scored_task,1,high_workload,26.0,30.0,STEW|sub06|scored_task|26.000|30.000
STEW,sub07,calibration,0,rest_no_task,0.0,4.0,STEW|sub07|calibration|0.000|4.000
STEW,sub07,calibration,0,rest_no_task,2.0,6.0,STEW|sub07|calibration|2.000|6.000
STEW,sub07,calibration,0,rest_no_task,4.0,8.0,STEW|sub07|calibration|4.000|8.000
STEW,sub07,calibration,0,rest_no_task,6.0,10.0,STEW|sub07|calibration|6.000|10.000
STEW,sub07,calibration,0,rest_no_task,8.0,12.0,STEW|sub07|calibration|8.000|12.000
STEW,sub07,calibration,0,rest_no_task,10.0,14.0,STEW|sub07|calibration|10.000|14.000
STEW,sub07,calibration,0,rest_no_task,12.0,16.0,STEW|sub07|calibration|12.000|16.000
STEW,sub07,calibration,0,rest_no_task,14.0,18.0,STEW|sub07|calibration|14.000|18.000
STEW,sub07,calibration,0,rest_no_task,16.0,20.0,STEW|sub07|calibration|16.000|20.000
STEW,sub07,calibration,0,rest_no_task,18.0,22.0,STEW|sub07|calibration|18.000|22.000
STEW,sub07,calibration,0,rest_no_task,20.0,24.0,STEW|sub07|calibration|20.000|24.000
STEW,sub07,calibration,0,rest_no_task,22.0,26.0,STEW|sub07|calibration|22.000|26.000
STEW,sub07,calibration,0,rest_no_task,24.0,28.0,STEW|sub07|calibration|24.000|28.000
STEW,sub07,calibration,0,rest_no_task,26.0,30.0,STEW|sub07|calibration|26.000|30.000
STEW,sub07,scored_rest,0,rest_no_task,30.0,34.0,STEW|sub07|scored_rest|30.000|34.000
STEW,sub07,scored_rest,0,rest_no_task,32.0,36.0,STEW|sub07|scored_rest|32.000|36.000
STEW,sub07,scored_rest,0,rest_no_task,34.0,38.0,STEW|sub07|scored_rest|34.000|38.000
STEW,sub07,scored_rest,0,rest_no_task,36.0,40.0,STEW|sub07|scored_rest|36.000|40.000
STEW,sub07,scored_rest,0,rest_no_task,38.0,42.0,STEW|sub07|scored_rest|38.000|42.000
STEW,sub07,scored_rest,0,rest_no_task,40.0,44.0,STEW|sub07|scored_rest|40.000|44.000
STEW,sub07,scored_rest,0,rest_no_task,42.0,46.0,STEW|sub07|scored_rest|42.000|46.000
STEW,sub07,scored_rest,0,rest_no_task,44.0,48.0,STEW|sub07|scored_rest|44.000|48.000
STEW,sub07,scored_rest,0,rest_no_task,46.0,50.0,STEW|sub07|scored_rest|46.000|50.000
STEW,sub07,scored_rest,0,rest_no_task,48.0,52.0,STEW|sub07|scored_rest|48.000|52.000
STEW,sub07,scored_rest,0,rest_no_task,50.0,54.0,STEW|sub07|scored_rest|50.000|54.000
STEW,sub07,scored_rest,0,rest_no_task,52.0,56.0,STEW|sub07|scored_rest|52.000|56.000
STEW,sub07,scored_rest,0,rest_no_task,54.0,58.0,STEW|sub07|scored_rest|54.000|58.000
STEW,sub07,scored_rest,0,rest_no_task,56.0,60.0,STEW|sub07|scored_rest|56.000|60.000
STEW,sub07,scored_task,1,high_workload,0.0,4.0,STEW|sub07|scored_task|0.000|4.000
STEW,sub07,scored_task,1,high_workload,2.0,6.0,STEW|sub07|scored_task|2.000|6.000
STEW,sub07,scored_task,1,high_workload,4.0,8.0,STEW|sub07|scored_task|4.000|8.000
STEW,sub07,scored_task,1,high_workload,6.0,10.0,STEW|sub07|scored_task|6.000|10.000
STEW,sub07,scored_task,1,high_workload,8.0,12.0,STEW|sub07|scored_task|8.000|12.000
STEW,sub07,scored_task,1,high_workload,10.0,14.0,STEW|sub07|scored_task|10.000|14.000
STEW,sub07,scored_task,1,high_workload,12.0,16.0,STEW|sub07|scored_task|12.000|16.000
STEW,sub07,scored_task,1,high_workload,14.0,18.0,STEW|sub07|scored_task|14.000|18.000
STEW,sub07,scored_task,1,high_workload,16.0,20.0,STEW|sub07|scored_task|16.000|20.000
STEW,sub07,scored_task,1,high_workload,18.0,22.0,STEW|sub07|scored_task|18.000|22.000
STEW,sub07,scored_task,1,high_workload,20.0,24.0,STEW|sub07|scored_task|20.000|24.000
STEW,sub07,scored_task,1,high_workload,22.0,26.0,STEW|sub07|scored_task|22.000|26.000
STEW,sub07,scored_task,1,high_workload,24.0,28.0,STEW|sub07|scored_task|24.000|28.000
STEW,sub07,scored_task,1,high_workload,26.0,30.0,STEW|sub07|scored_task|26.000|30.000
STEW,sub08,calibration,0,rest_no_task,0.0,4.0,STEW|sub08|calibration|0.000|4.000
STEW,sub08,calibration,0,rest_no_task,2.0,6.0,STEW|sub08|calibration|2.000|6.000
STEW,sub08,calibration,0,rest_no_task,4.0,8.0,STEW|sub08|calibration|4.000|8.000
STEW,sub08,calibration,0,rest_no_task,6.0,10.0,STEW|sub08|calibration|6.000|10.000
STEW,sub08,calibration,0,rest_no_task,8.0,12.0,STEW|sub08|calibration|8.000|12.000
STEW,sub08,calibration,0,rest_no_task,10.0,14.0,STEW|sub08|calibration|10.000|14.000
STEW,sub08,calibration,0,rest_no_task,12.0,16.0,STEW|sub08|calibration|12.000|16.000
STEW,sub08,calibration,0,rest_no_task,14.0,18.0,STEW|sub08|calibration|14.000|18.000
STEW,sub08,calibration,0,rest_no_task,16.0,20.0,STEW|sub08|calibration|16.000|20.000
STEW,sub08,calibration,0,rest_no_task,18.0,22.0,STEW|sub08|calibration|18.000|22.000
STEW,sub08,calibration,0,rest_no_task,20.0,24.0,STEW|sub08|calibration|20.000|24.000
STEW,sub08,calibration,0,rest_no_task,22.0,26.0,STEW|sub08|calibration|22.000|26.000
STEW,sub08,calibration,0,rest_no_task,24.0,28.0,STEW|sub08|calibration|24.000|28.000
STEW,sub08,calibration,0,rest_no_task,26.0,30.0,STEW|sub08|calibration|26.000|30.000
STEW,sub08,scored_rest,0,rest_no_task,30.0,34.0,STEW|sub08|scored_rest|30.000|34.000
STEW,sub08,scored_rest,0,rest_no_task,32.0,36.0,STEW|sub08|scored_rest|32.000|36.000
STEW,sub08,scored_rest,0,rest_no_task,34.0,38.0,STEW|sub08|scored_rest|34.000|38.000
STEW,sub08,scored_rest,0,rest_no_task,36.0,40.0,STEW|sub08|scored_rest|36.000|40.000
STEW,sub08,scored_rest,0,rest_no_task,38.0,42.0,STEW|sub08|scored_rest|38.000|42.000
STEW,sub08,scored_rest,0,rest_no_task,40.0,44.0,STEW|sub08|scored_rest|40.000|44.000
STEW,sub08,scored_rest,0,rest_no_task,42.0,46.0,STEW|sub08|scored_rest|42.000|46.000
STEW,sub08,scored_rest,0,rest_no_task,44.0,48.0,STEW|sub08|scored_rest|44.000|48.000
STEW,sub08,scored_rest,0,rest_no_task,46.0,50.0,STEW|sub08|scored_rest|46.000|50.000
STEW,sub08,scored_rest,0,rest_no_task,48.0,52.0,STEW|sub08|scored_rest|48.000|52.000
STEW,sub08,scored_rest,0,rest_no_task,50.0,54.0,STEW|sub08|scored_rest|50.000|54.000
STEW,sub08,scored_rest,0,rest_no_task,52.0,56.0,STEW|sub08|scored_rest|52.000|56.000
STEW,sub08,scored_rest,0,rest_no_task,54.0,58.0,STEW|sub08|scored_rest|54.000|58.000
STEW,sub08,scored_rest,0,rest_no_task,56.0,60.0,STEW|sub08|scored_rest|56.000|60.000
STEW,sub08,scored_task,1,high_workload,0.0,4.0,STEW|sub08|scored_task|0.000|4.000
STEW,sub08,scored_task,1,high_workload,2.0,6.0,STEW|sub08|scored_task|2.000|6.000
STEW,sub08,scored_task,1,high_workload,4.0,8.0,STEW|sub08|scored_task|4.000|8.000
STEW,sub08,scored_task,1,high_workload,6.0,10.0,STEW|sub08|scored_task|6.000|10.000
STEW,sub08,scored_task,1,high_workload,8.0,12.0,STEW|sub08|scored_task|8.000|12.000
STEW,sub08,scored_task,1,high_workload,10.0,14.0,STEW|sub08|scored_task|10.000|14.000
STEW,sub08,scored_task,1,high_workload,12.0,16.0,STEW|sub08|scored_task|12.000|16.000
STEW,sub08,scored_task,1,high_workload,14.0,18.0,STEW|sub08|scored_task|14.000|18.000
STEW,sub08,scored_task,1,high_workload,16.0,20.0,STEW|sub08|scored_task|16.000|20.000
STEW,sub08,scored_task,1,high_workload,18.0,22.0,STEW|sub08|scored_task|18.000|22.000
STEW,sub08,scored_task,1,high_workload,20.0,24.0,STEW|sub08|scored_task|20.000|24.000
STEW,sub08,scored_task,1,high_workload,22.0,26.0,STEW|sub08|scored_task|22.000|26.000
STEW,sub08,scored_task,1,high_workload,24.0,28.0,STEW|sub08|scored_task|24.000|28.000
STEW,sub08,scored_task,1,high_workload,26.0,30.0,STEW|sub08|scored_task|26.000|30.000
STEW,sub09,calibration,0,rest_no_task,0.0,4.0,STEW|sub09|calibration|0.000|4.000
STEW,sub09,calibration,0,rest_no_task,2.0,6.0,STEW|sub09|calibration|2.000|6.000
STEW,sub09,calibration,0,rest_no_task,4.0,8.0,STEW|sub09|calibration|4.000|8.000
STEW,sub09,calibration,0,rest_no_task,6.0,10.0,STEW|sub09|calibration|6.000|10.000
STEW,sub09,calibration,0,rest_no_task,8.0,12.0,STEW|sub09|calibration|8.000|12.000
STEW,sub09,calibration,0,rest_no_task,10.0,14.0,STEW|sub09|calibration|10.000|14.000
STEW,sub09,calibration,0,rest_no_task,12.0,16.0,STEW|sub09|calibration|12.000|16.000
STEW,sub09,calibration,0,rest_no_task,14.0,18.0,STEW|sub09|calibration|14.000|18.000
STEW,sub09,calibration,0,rest_no_task,16.0,20.0,STEW|sub09|calibration|16.000|20.000
STEW,sub09,calibration,0,rest_no_task,18.0,22.0,STEW|sub09|calibration|18.000|22.000
STEW,sub09,calibration,0,rest_no_task,20.0,24.0,STEW|sub09|calibration|20.000|24.000
STEW,sub09,calibration,0,rest_no_task,22.0,26.0,STEW|sub09|calibration|22.000|26.000
STEW,sub09,calibration,0,rest_no_task,24.0,28.0,STEW|sub09|calibration|24.000|28.000
STEW,sub09,calibration,0,rest_no_task,26.0,30.0,STEW|sub09|calibration|26.000|30.000
STEW,sub09,scored_rest,0,rest_no_task,30.0,34.0,STEW|sub09|scored_rest|30.000|34.000
STEW,sub09,scored_rest,0,rest_no_task,32.0,36.0,STEW|sub09|scored_rest|32.000|36.000
STEW,sub09,scored_rest,0,rest_no_task,34.0,38.0,STEW|sub09|scored_rest|34.000|38.000
STEW,sub09,scored_rest,0,rest_no_task,36.0,40.0,STEW|sub09|scored_rest|36.000|40.000
STEW,sub09,scored_rest,0,rest_no_task,38.0,42.0,STEW|sub09|scored_rest|38.000|42.000
STEW,sub09,scored_rest,0,rest_no_task,40.0,44.0,STEW|sub09|scored_rest|40.000|44.000
STEW,sub09,scored_rest,0,rest_no_task,42.0,46.0,STEW|sub09|scored_rest|42.000|46.000
STEW,sub09,scored_rest,0,rest_no_task,44.0,48.0,STEW|sub09|scored_rest|44.000|48.000
STEW,sub09,scored_rest,0,rest_no_task,46.0,50.0,STEW|sub09|scored_rest|46.000|50.000
STEW,sub09,scored_rest,0,rest_no_task,48.0,52.0,STEW|sub09|scored_rest|48.000|52.000
STEW,sub09,scored_rest,0,rest_no_task,50.0,54.0,STEW|sub09|scored_rest|50.000|54.000
STEW,sub09,scored_rest,0,rest_no_task,52.0,56.0,STEW|sub09|scored_rest|52.000|56.000
STEW,sub09,scored_rest,0,rest_no_task,54.0,58.0,STEW|sub09|scored_rest|54.000|58.000
STEW,sub09,scored_rest,0,rest_no_task,56.0,60.0,STEW|sub09|scored_rest|56.000|60.000
STEW,sub09,scored_task,1,high_workload,0.0,4.0,STEW|sub09|scored_task|0.000|4.000
STEW,sub09,scored_task,1,high_workload,2.0,6.0,STEW|sub09|scored_task|2.000|6.000
STEW,sub09,scored_task,1,high_workload,4.0,8.0,STEW|sub09|scored_task|4.000|8.000
STEW,sub09,scored_task,1,high_workload,6.0,10.0,STEW|sub09|scored_task|6.000|10.000
STEW,sub09,scored_task,1,high_workload,8.0,12.0,STEW|sub09|scored_task|8.000|12.000
STEW,sub09,scored_task,1,high_workload,10.0,14.0,STEW|sub09|scored_task|10.000|14.000
STEW,sub09,scored_task,1,high_workload,12.0,16.0,STEW|sub09|scored_task|12.000|16.000
STEW,sub09,scored_task,1,high_workload,14.0,18.0,STEW|sub09|scored_task|14.000|18.000
STEW,sub09,scored_task,1,high_workload,16.0,20.0,STEW|sub09|scored_task|16.000|20.000
STEW,sub09,scored_task,1,high_workload,18.0,22.0,STEW|sub09|scored_task|18.000|22.000
STEW,sub09,scored_task,1,high_workload,20.0,24.0,STEW|sub09|scored_task|20.000|24.000
STEW,sub09,scored_task,1,high_workload,22.0,26.0,STEW|sub09|scored_task|22.000|26.000
STEW,sub09,scored_task,1,high_workload,24.0,28.0,STEW|sub09|scored_task|24.000|28.000
STEW,sub09,scored_task,1,high_workload,26.0,30.0,STEW|sub09|scored_task|26.000|30.000
STEW,sub10,calibration,0,rest_no_task,0.0,4.0,STEW|sub10|calibration|0.000|4.000
STEW,sub10,calibration,0,rest_no_task,2.0,6.0,STEW|sub10|calibration|2.000|6.000
STEW,sub10,calibration,0,rest_no_task,4.0,8.0,STEW|sub10|calibration|4.000|8.000
STEW,sub10,calibration,0,rest_no_task,6.0,10.0,STEW|sub10|calibration|6.000|10.000
STEW,sub10,calibration,0,rest_no_task,8.0,12.0,STEW|sub10|calibration|8.000|12.000
STEW,sub10,calibration,0,rest_no_task,10.0,14.0,STEW|sub10|calibration|10.000|14.000
STEW,sub10,calibration,0,rest_no_task,12.0,16.0,STEW|sub10|calibration|12.000|16.000
STEW,sub10,calibration,0,rest_no_task,14.0,18.0,STEW|sub10|calibration|14.000|18.000
STEW,sub10,calibration,0,rest_no_task,16.0,20.0,STEW|sub10|calibration|16.000|20.000
STEW,sub10,calibration,0,rest_no_task,18.0,22.0,STEW|sub10|calibration|18.000|22.000
STEW,sub10,calibration,0,rest_no_task,20.0,24.0,STEW|sub10|calibration|20.000|24.000
STEW,sub10,calibration,0,rest_no_task,22.0,26.0,STEW|sub10|calibration|22.000|26.000
STEW,sub10,calibration,0,rest_no_task,24.0,28.0,STEW|sub10|calibration|24.000|28.000
STEW,sub10,calibration,0,rest_no_task,26.0,30.0,STEW|sub10|calibration|26.000|30.000
STEW,sub10,scored_rest,0,rest_no_task,30.0,34.0,STEW|sub10|scored_rest|30.000|34.000
STEW,sub10,scored_rest,0,rest_no_task,32.0,36.0,STEW|sub10|scored_rest|32.000|36.000
STEW,sub10,scored_rest,0,rest_no_task,34.0,38.0,STEW|sub10|scored_rest|34.000|38.000
STEW,sub10,scored_rest,0,rest_no_task,36.0,40.0,STEW|sub10|scored_rest|36.000|40.000
STEW,sub10,scored_rest,0,rest_no_task,38.0,42.0,STEW|sub10|scored_rest|38.000|42.000
STEW,sub10,scored_rest,0,rest_no_task,40.0,44.0,STEW|sub10|scored_rest|40.000|44.000
STEW,sub10,scored_rest,0,rest_no_task,42.0,46.0,STEW|sub10|scored_rest|42.000|46.000
STEW,sub10,scored_rest,0,rest_no_task,44.0,48.0,STEW|sub10|scored_rest|44.000|48.000
STEW,sub10,scored_rest,0,rest_no_task,46.0,50.0,STEW|sub10|scored_rest|46.000|50.000
STEW,sub10,scored_rest,0,rest_no_task,48.0,52.0,STEW|sub10|scored_rest|48.000|52.000
STEW,sub10,scored_rest,0,rest_no_task,50.0,54.0,STEW|sub10|scored_rest|50.000|54.000
STEW,sub10,scored_rest,0,rest_no_task,52.0,56.0,STEW|sub10|scored_rest|52.000|56.000
STEW,sub10,scored_rest,0,rest_no_task,54.0,58.0,STEW|sub10|scored_rest|54.000|58.000
STEW,sub10,scored_rest,0,rest_no_task,56.0,60.0,STEW|sub10|scored_rest|56.000|60.000
STEW,sub10,scored_task,1,high_workload,0.0,4.0,STEW|sub10|scored_task|0.000|4.000
STEW,sub10,scored_task,1,high_workload,2.0,6.0,STEW|sub10|scored_task|2.000|6.000
STEW,sub10,scored_task,1,high_workload,4.0,8.0,STEW|sub10|scored_task|4.000|8.000
STEW,sub10,scored_task,1,high_workload,6.0,10.0,STEW|sub10|scored_task|6.000|10.000
STEW,sub10,scored_task,1,high_workload,8.0,12.0,STEW|sub10|scored_task|8.000|12.000
STEW,sub10,scored_task,1,high_workload,10.0,14.0,STEW|sub10|scored_task|10.000|14.000
STEW,sub10,scored_task,1,high_workload,12.0,16.0,STEW|sub10|scored_task|12.000|16.000
STEW,sub10,scored_task,1,high_workload,14.0,18.0,STEW|sub10|scored_task|14.000|18.000
STEW,sub10,scored_task,1,high_workload,16.0,20.0,STEW|sub10|scored_task|16.000|20.000
STEW,sub10,scored_task,1,high_workload,18.0,22.0,STEW|sub10|scored_task|18.000|22.000
STEW,sub10,scored_task,1,high_workload,20.0,24.0,STEW|sub10|scored_task|20.000|24.000
STEW,sub10,scored_task,1,high_workload,22.0,26.0,STEW|sub10|scored_task|22.000|26.000
STEW,sub10,scored_task,1,high_workload,24.0,28.0,STEW|sub10|scored_task|24.000|28.000
STEW,sub10,scored_task,1,high_workload,26.0,30.0,STEW|sub10|scored_task|26.000|30.000
STEW,sub11,calibration,0,rest_no_task,0.0,4.0,STEW|sub11|calibration|0.000|4.000
STEW,sub11,calibration,0,rest_no_task,2.0,6.0,STEW|sub11|calibration|2.000|6.000
STEW,sub11,calibration,0,rest_no_task,4.0,8.0,STEW|sub11|calibration|4.000|8.000
STEW,sub11,calibration,0,rest_no_task,6.0,10.0,STEW|sub11|calibration|6.000|10.000
STEW,sub11,calibration,0,rest_no_task,8.0,12.0,STEW|sub11|calibration|8.000|12.000
STEW,sub11,calibration,0,rest_no_task,10.0,14.0,STEW|sub11|calibration|10.000|14.000
STEW,sub11,calibration,0,rest_no_task,12.0,16.0,STEW|sub11|calibration|12.000|16.000
STEW,sub11,calibration,0,rest_no_task,14.0,18.0,STEW|sub11|calibration|14.000|18.000
STEW,sub11,calibration,0,rest_no_task,16.0,20.0,STEW|sub11|calibration|16.000|20.000
STEW,sub11,calibration,0,rest_no_task,18.0,22.0,STEW|sub11|calibration|18.000|22.000
STEW,sub11,calibration,0,rest_no_task,20.0,24.0,STEW|sub11|calibration|20.000|24.000
STEW,sub11,calibration,0,rest_no_task,22.0,26.0,STEW|sub11|calibration|22.000|26.000
STEW,sub11,calibration,0,rest_no_task,24.0,28.0,STEW|sub11|calibration|24.000|28.000
STEW,sub11,calibration,0,rest_no_task,26.0,30.0,STEW|sub11|calibration|26.000|30.000
STEW,sub11,scored_rest,0,rest_no_task,30.0,34.0,STEW|sub11|scored_rest|30.000|34.000
STEW,sub11,scored_rest,0,rest_no_task,32.0,36.0,STEW|sub11|scored_rest|32.000|36.000
STEW,sub11,scored_rest,0,rest_no_task,34.0,38.0,STEW|sub11|scored_rest|34.000|38.000
STEW,sub11,scored_rest,0,rest_no_task,36.0,40.0,STEW|sub11|scored_rest|36.000|40.000
STEW,sub11,scored_rest,0,rest_no_task,38.0,42.0,STEW|sub11|scored_rest|38.000|42.000
STEW,sub11,scored_rest,0,rest_no_task,40.0,44.0,STEW|sub11|scored_rest|40.000|44.000
STEW,sub11,scored_rest,0,rest_no_task,42.0,46.0,STEW|sub11|scored_rest|42.000|46.000
STEW,sub11,scored_rest,0,rest_no_task,44.0,48.0,STEW|sub11|scored_rest|44.000|48.000
STEW,sub11,scored_rest,0,rest_no_task,46.0,50.0,STEW|sub11|scored_rest|46.000|50.000
STEW,sub11,scored_rest,0,rest_no_task,48.0,52.0,STEW|sub11|scored_rest|48.000|52.000
STEW,sub11,scored_rest,0,rest_no_task,50.0,54.0,STEW|sub11|scored_rest|50.000|54.000
STEW,sub11,scored_rest,0,rest_no_task,52.0,56.0,STEW|sub11|scored_rest|52.000|56.000
STEW,sub11,scored_rest,0,rest_no_task,54.0,58.0,STEW|sub11|scored_rest|54.000|58.000
STEW,sub11,scored_rest,0,rest_no_task,56.0,60.0,STEW|sub11|scored_rest|56.000|60.000
STEW,sub11,scored_task,1,high_workload,0.0,4.0,STEW|sub11|scored_task|0.000|4.000
STEW,sub11,scored_task,1,high_workload,2.0,6.0,STEW|sub11|scored_task|2.000|6.000
STEW,sub11,scored_task,1,high_workload,4.0,8.0,STEW|sub11|scored_task|4.000|8.000
STEW,sub11,scored_task,1,high_workload,6.0,10.0,STEW|sub11|scored_task|6.000|10.000
STEW,sub11,scored_task,1,high_workload,8.0,12.0,STEW|sub11|scored_task|8.000|12.000
STEW,sub11,scored_task,1,high_workload,10.0,14.0,STEW|sub11|scored_task|10.000|14.000
STEW,sub11,scored_task,1,high_workload,12.0,16.0,STEW|sub11|scored_task|12.000|16.000
STEW,sub11,scored_task,1,high_workload,14.0,18.0,STEW|sub11|scored_task|14.000|18.000
STEW,sub11,scored_task,1,high_workload,16.0,20.0,STEW|sub11|scored_task|16.000|20.000
STEW,sub11,scored_task,1,high_workload,18.0,22.0,STEW|sub11|scored_task|18.000|22.000
STEW,sub11,scored_task,1,high_workload,20.0,24.0,STEW|sub11|scored_task|20.000|24.000
STEW,sub11,scored_task,1,high_workload,22.0,26.0,STEW|sub11|scored_task|22.000|26.000
STEW,sub11,scored_task,1,high_workload,24.0,28.0,STEW|sub11|scored_task|24.000|28.000
STEW,sub11,scored_task,1,high_workload,26.0,30.0,STEW|sub11|scored_task|26.000|30.000
STEW,sub12,calibration,0,rest_no_task,0.0,4.0,STEW|sub12|calibration|0.000|4.000
STEW,sub12,calibration,0,rest_no_task,2.0,6.0,STEW|sub12|calibration|2.000|6.000
STEW,sub12,calibration,0,rest_no_task,4.0,8.0,STEW|sub12|calibration|4.000|8.000
STEW,sub12,calibration,0,rest_no_task,6.0,10.0,STEW|sub12|calibration|6.000|10.000
STEW,sub12,calibration,0,rest_no_task,8.0,12.0,STEW|sub12|calibration|8.000|12.000
STEW,sub12,calibration,0,rest_no_task,10.0,14.0,STEW|sub12|calibration|10.000|14.000
STEW,sub12,calibration,0,rest_no_task,12.0,16.0,STEW|sub12|calibration|12.000|16.000
STEW,sub12,calibration,0,rest_no_task,14.0,18.0,STEW|sub12|calibration|14.000|18.000
STEW,sub12,calibration,0,rest_no_task,16.0,20.0,STEW|sub12|calibration|16.000|20.000
STEW,sub12,calibration,0,rest_no_task,18.0,22.0,STEW|sub12|calibration|18.000|22.000
STEW,sub12,calibration,0,rest_no_task,20.0,24.0,STEW|sub12|calibration|20.000|24.000
STEW,sub12,calibration,0,rest_no_task,22.0,26.0,STEW|sub12|calibration|22.000|26.000
STEW,sub12,calibration,0,rest_no_task,24.0,28.0,STEW|sub12|calibration|24.000|28.000
STEW,sub12,calibration,0,rest_no_task,26.0,30.0,STEW|sub12|calibration|26.000|30.000
STEW,sub12,scored_rest,0,rest_no_task,30.0,34.0,STEW|sub12|scored_rest|30.000|34.000
STEW,sub12,scored_rest,0,rest_no_task,32.0,36.0,STEW|sub12|scored_rest|32.000|36.000
STEW,sub12,scored_rest,0,rest_no_task,34.0,38.0,STEW|sub12|scored_rest|34.000|38.000
STEW,sub12,scored_rest,0,rest_no_task,36.0,40.0,STEW|sub12|scored_rest|36.000|40.000
STEW,sub12,scored_rest,0,rest_no_task,38.0,42.0,STEW|sub12|scored_rest|38.000|42.000
STEW,sub12,scored_rest,0,rest_no_task,40.0,44.0,STEW|sub12|scored_rest|40.000|44.000
STEW,sub12,scored_rest,0,rest_no_task,42.0,46.0,STEW|sub12|scored_rest|42.000|46.000
STEW,sub12,scored_rest,0,rest_no_task,44.0,48.0,STEW|sub12|scored_rest|44.000|48.000
STEW,sub12,scored_rest,0,rest_no_task,46.0,50.0,STEW|sub12|scored_rest|46.000|50.000
STEW,sub12,scored_rest,0,rest_no_task,48.0,52.0,STEW|sub12|scored_rest|48.000|52.000
STEW,sub12,scored_rest,0,rest_no_task,50.0,54.0,STEW|sub12|scored_rest|50.000|54.000
STEW,sub12,scored_rest,0,rest_no_task,52.0,56.0,STEW|sub12|scored_rest|52.000|56.000
STEW,sub12,scored_rest,0,rest_no_task,54.0,58.0,STEW|sub12|scored_rest|54.000|58.000
STEW,sub12,scored_rest,0,rest_no_task,56.0,60.0,STEW|sub12|scored_rest|56.000|60.000
STEW,sub12,scored_task,1,high_workload,0.0,4.0,STEW|sub12|scored_task|0.000|4.000
STEW,sub12,scored_task,1,high_workload,2.0,6.0,STEW|sub12|scored_task|2.000|6.000
STEW,sub12,scored_task,1,high_workload,4.0,8.0,STEW|sub12|scored_task|4.000|8.000
STEW,sub12,scored_task,1,high_workload,6.0,10.0,STEW|sub12|scored_task|6.000|10.000
STEW,sub12,scored_task,1,high_workload,8.0,12.0,STEW|sub12|scored_task|8.000|12.000
STEW,sub12,scored_task,1,high_workload,10.0,14.0,STEW|sub12|scored_task|10.000|14.000
STEW,sub12,scored_task,1,high_workload,12.0,16.0,STEW|sub12|scored_task|12.000|16.000
STEW,sub12,scored_task,1,high_workload,14.0,18.0,STEW|sub12|scored_task|14.000|18.000
STEW,sub12,scored_task,1,high_workload,16.0,20.0,STEW|sub12|scored_task|16.000|20.000
STEW,sub12,scored_task,1,high_workload,18.0,22.0,STEW|sub12|scored_task|18.000|22.000
STEW,sub12,scored_task,1,high_workload,20.0,24.0,STEW|sub12|scored_task|20.000|24.000
STEW,sub12,scored_task,1,high_workload,22.0,26.0,STEW|sub12|scored_task|22.000|26.000
STEW,sub12,scored_task,1,high_workload,24.0,28.0,STEW|sub12|scored_task|24.000|28.000
STEW,sub12,scored_task,1,high_workload,26.0,30.0,STEW|sub12|scored_task|26.000|30.000
STEW,sub13,calibration,0,rest_no_task,0.0,4.0,STEW|sub13|calibration|0.000|4.000
STEW,sub13,calibration,0,rest_no_task,2.0,6.0,STEW|sub13|calibration|2.000|6.000
STEW,sub13,calibration,0,rest_no_task,4.0,8.0,STEW|sub13|calibration|4.000|8.000
STEW,sub13,calibration,0,rest_no_task,6.0,10.0,STEW|sub13|calibration|6.000|10.000
STEW,sub13,calibration,0,rest_no_task,8.0,12.0,STEW|sub13|calibration|8.000|12.000
STEW,sub13,calibration,0,rest_no_task,10.0,14.0,STEW|sub13|calibration|10.000|14.000
STEW,sub13,calibration,0,rest_no_task,12.0,16.0,STEW|sub13|calibration|12.000|16.000
STEW,sub13,calibration,0,rest_no_task,14.0,18.0,STEW|sub13|calibration|14.000|18.000
STEW,sub13,calibration,0,rest_no_task,16.0,20.0,STEW|sub13|calibration|16.000|20.000
STEW,sub13,calibration,0,rest_no_task,18.0,22.0,STEW|sub13|calibration|18.000|22.000
STEW,sub13,calibration,0,rest_no_task,20.0,24.0,STEW|sub13|calibration|20.000|24.000
STEW,sub13,calibration,0,rest_no_task,22.0,26.0,STEW|sub13|calibration|22.000|26.000
STEW,sub13,calibration,0,rest_no_task,24.0,28.0,STEW|sub13|calibration|24.000|28.000
STEW,sub13,calibration,0,rest_no_task,26.0,30.0,STEW|sub13|calibration|26.000|30.000
STEW,sub13,scored_rest,0,rest_no_task,30.0,34.0,STEW|sub13|scored_rest|30.000|34.000
STEW,sub13,scored_rest,0,rest_no_task,32.0,36.0,STEW|sub13|scored_rest|32.000|36.000
STEW,sub13,scored_rest,0,rest_no_task,34.0,38.0,STEW|sub13|scored_rest|34.000|38.000
STEW,sub13,scored_rest,0,rest_no_task,36.0,40.0,STEW|sub13|scored_rest|36.000|40.000
STEW,sub13,scored_rest,0,rest_no_task,38.0,42.0,STEW|sub13|scored_rest|38.000|42.000
STEW,sub13,scored_rest,0,rest_no_task,40.0,44.0,STEW|sub13|scored_rest|40.000|44.000
STEW,sub13,scored_rest,0,rest_no_task,42.0,46.0,STEW|sub13|scored_rest|42.000|46.000
STEW,sub13,scored_rest,0,rest_no_task,44.0,48.0,STEW|sub13|scored_rest|44.000|48.000
STEW,sub13,scored_rest,0,rest_no_task,46.0,50.0,STEW|sub13|scored_rest|46.000|50.000
STEW,sub13,scored_rest,0,rest_no_task,48.0,52.0,STEW|sub13|scored_rest|48.000|52.000
STEW,sub13,scored_rest,0,rest_no_task,50.0,54.0,STEW|sub13|scored_rest|50.000|54.000
STEW,sub13,scored_rest,0,rest_no_task,52.0,56.0,STEW|sub13|scored_rest|52.000|56.000
STEW,sub13,scored_rest,0,rest_no_task,54.0,58.0,STEW|sub13|scored_rest|54.000|58.000
STEW,sub13,scored_rest,0,rest_no_task,56.0,60.0,STEW|sub13|scored_rest|56.000|60.000
STEW,sub13,scored_task,1,high_workload,0.0,4.0,STEW|sub13|scored_task|0.000|4.000
STEW,sub13,scored_task,1,high_workload,2.0,6.0,STEW|sub13|scored_task|2.000|6.000
STEW,sub13,scored_task,1,high_workload,4.0,8.0,STEW|sub13|scored_task|4.000|8.000
STEW,sub13,scored_task,1,high_workload,6.0,10.0,STEW|sub13|scored_task|6.000|10.000
STEW,sub13,scored_task,1,high_workload,8.0,12.0,STEW|sub13|scored_task|8.000|12.000
STEW,sub13,scored_task,1,high_workload,10.0,14.0,STEW|sub13|scored_task|10.000|14.000
STEW,sub13,scored_task,1,high_workload,12.0,16.0,STEW|sub13|scored_task|12.000|16.000
STEW,sub13,scored_task,1,high_workload,14.0,18.0,STEW|sub13|scored_task|14.000|18.000
STEW,sub13,scored_task,1,high_workload,16.0,20.0,STEW|sub13|scored_task|16.000|20.000
STEW,sub13,scored_task,1,high_workload,18.0,22.0,STEW|sub13|scored_task|18.000|22.000
STEW,sub13,scored_task,1,high_workload,20.0,24.0,STEW|sub13|scored_task|20.000|24.000
STEW,sub13,scored_task,1,high_workload,22.0,26.0,STEW|sub13|scored_task|22.000|26.000
STEW,sub13,scored_task,1,high_workload,24.0,28.0,STEW|sub13|scored_task|24.000|28.000
STEW,sub13,scored_task,1,high_workload,26.0,30.0,STEW|sub13|scored_task|26.000|30.000
STEW,sub14,calibration,0,rest_no_task,0.0,4.0,STEW|sub14|calibration|0.000|4.000
STEW,sub14,calibration,0,rest_no_task,2.0,6.0,STEW|sub14|calibration|2.000|6.000
STEW,sub14,calibration,0,rest_no_task,4.0,8.0,STEW|sub14|calibration|4.000|8.000
STEW,sub14,calibration,0,rest_no_task,6.0,10.0,STEW|sub14|calibration|6.000|10.000
STEW,sub14,calibration,0,rest_no_task,8.0,12.0,STEW|sub14|calibration|8.000|12.000
STEW,sub14,calibration,0,rest_no_task,10.0,14.0,STEW|sub14|calibration|10.000|14.000
STEW,sub14,calibration,0,rest_no_task,12.0,16.0,STEW|sub14|calibration|12.000|16.000
STEW,sub14,calibration,0,rest_no_task,14.0,18.0,STEW|sub14|calibration|14.000|18.000
STEW,sub14,calibration,0,rest_no_task,16.0,20.0,STEW|sub14|calibration|16.000|20.000
STEW,sub14,calibration,0,rest_no_task,18.0,22.0,STEW|sub14|calibration|18.000|22.000
STEW,sub14,calibration,0,rest_no_task,20.0,24.0,STEW|sub14|calibration|20.000|24.000
STEW,sub14,calibration,0,rest_no_task,22.0,26.0,STEW|sub14|calibration|22.000|26.000
STEW,sub14,calibration,0,rest_no_task,24.0,28.0,STEW|sub14|calibration|24.000|28.000
STEW,sub14,calibration,0,rest_no_task,26.0,30.0,STEW|sub14|calibration|26.000|30.000
STEW,sub14,scored_rest,0,rest_no_task,30.0,34.0,STEW|sub14|scored_rest|30.000|34.000
STEW,sub14,scored_rest,0,rest_no_task,32.0,36.0,STEW|sub14|scored_rest|32.000|36.000
STEW,sub14,scored_rest,0,rest_no_task,34.0,38.0,STEW|sub14|scored_rest|34.000|38.000
STEW,sub14,scored_rest,0,rest_no_task,36.0,40.0,STEW|sub14|scored_rest|36.000|40.000
STEW,sub14,scored_rest,0,rest_no_task,38.0,42.0,STEW|sub14|scored_rest|38.000|42.000
STEW,sub14,scored_rest,0,rest_no_task,40.0,44.0,STEW|sub14|scored_rest|40.000|44.000
STEW,sub14,scored_rest,0,rest_no_task,42.0,46.0,STEW|sub14|scored_rest|42.000|46.000
STEW,sub14,scored_rest,0,rest_no_task,44.0,48.0,STEW|sub14|scored_rest|44.000|48.000
STEW,sub14,scored_rest,0,rest_no_task,46.0,50.0,STEW|sub14|scored_rest|46.000|50.000
STEW,sub14,scored_rest,0,rest_no_task,48.0,52.0,STEW|sub14|scored_rest|48.000|52.000
STEW,sub14,scored_rest,0,rest_no_task,50.0,54.0,STEW|sub14|scored_rest|50.000|54.000
STEW,sub14,scored_rest,0,rest_no_task,52.0,56.0,STEW|sub14|scored_rest|52.000|56.000
STEW,sub14,scored_rest,0,rest_no_task,54.0,58.0,STEW|sub14|scored_rest|54.000|58.000
STEW,sub14,scored_rest,0,rest_no_task,56.0,60.0,STEW|sub14|scored_rest|56.000|60.000
STEW,sub14,scored_task,1,high_workload,0.0,4.0,STEW|sub14|scored_task|0.000|4.000
STEW,sub14,scored_task,1,high_workload,2.0,6.0,STEW|sub14|scored_task|2.000|6.000
STEW,sub14,scored_task,1,high_workload,4.0,8.0,STEW|sub14|scored_task|4.000|8.000
STEW,sub14,scored_task,1,high_workload,6.0,10.0,STEW|sub14|scored_task|6.000|10.000
STEW,sub14,scored_task,1,high_workload,8.0,12.0,STEW|sub14|scored_task|8.000|12.000
STEW,sub14,scored_task,1,high_workload,10.0,14.0,STEW|sub14|scored_task|10.000|14.000
STEW,sub14,scored_task,1,high_workload,12.0,16.0,STEW|sub14|scored_task|12.000|16.000
STEW,sub14,scored_task,1,high_workload,14.0,18.0,STEW|sub14|scored_task|14.000|18.000
STEW,sub14,scored_task,1,high_workload,16.0,20.0,STEW|sub14|scored_task|16.000|20.000
STEW,sub14,scored_task,1,high_workload,18.0,22.0,STEW|sub14|scored_task|18.000|22.000
STEW,sub14,scored_task,1,high_workload,20.0,24.0,STEW|sub14|scored_task|20.000|24.000
STEW,sub14,scored_task,1,high_workload,22.0,26.0,STEW|sub14|scored_task|22.000|26.000
STEW,sub14,scored_task,1,high_workload,24.0,28.0,STEW|sub14|scored_task|24.000|28.000
STEW,sub14,scored_task,1,high_workload,26.0,30.0,STEW|sub14|scored_task|26.000|30.000
STEW,sub15,calibration,0,rest_no_task,0.0,4.0,STEW|sub15|calibration|0.000|4.000
STEW,sub15,calibration,0,rest_no_task,2.0,6.0,STEW|sub15|calibration|2.000|6.000
STEW,sub15,calibration,0,rest_no_task,4.0,8.0,STEW|sub15|calibration|4.000|8.000
STEW,sub15,calibration,0,rest_no_task,6.0,10.0,STEW|sub15|calibration|6.000|10.000
STEW,sub15,calibration,0,rest_no_task,8.0,12.0,STEW|sub15|calibration|8.000|12.000
STEW,sub15,calibration,0,rest_no_task,10.0,14.0,STEW|sub15|calibration|10.000|14.000
STEW,sub15,calibration,0,rest_no_task,12.0,16.0,STEW|sub15|calibration|12.000|16.000
STEW,sub15,calibration,0,rest_no_task,14.0,18.0,STEW|sub15|calibration|14.000|18.000
STEW,sub15,calibration,0,rest_no_task,16.0,20.0,STEW|sub15|calibration|16.000|20.000
STEW,sub15,calibration,0,rest_no_task,18.0,22.0,STEW|sub15|calibration|18.000|22.000
STEW,sub15,calibration,0,rest_no_task,20.0,24.0,STEW|sub15|calibration|20.000|24.000
STEW,sub15,calibration,0,rest_no_task,22.0,26.0,STEW|sub15|calibration|22.000|26.000
STEW,sub15,calibration,0,rest_no_task,24.0,28.0,STEW|sub15|calibration|24.000|28.000
STEW,sub15,calibration,0,rest_no_task,26.0,30.0,STEW|sub15|calibration|26.000|30.000
STEW,sub15,scored_rest,0,rest_no_task,30.0,34.0,STEW|sub15|scored_rest|30.000|34.000
STEW,sub15,scored_rest,0,rest_no_task,32.0,36.0,STEW|sub15|scored_rest|32.000|36.000
STEW,sub15,scored_rest,0,rest_no_task,34.0,38.0,STEW|sub15|scored_rest|34.000|38.000
STEW,sub15,scored_rest,0,rest_no_task,36.0,40.0,STEW|sub15|scored_rest|36.000|40.000
STEW,sub15,scored_rest,0,rest_no_task,38.0,42.0,STEW|sub15|scored_rest|38.000|42.000
STEW,sub15,scored_rest,0,rest_no_task,40.0,44.0,STEW|sub15|scored_rest|40.000|44.000
STEW,sub15,scored_rest,0,rest_no_task,42.0,46.0,STEW|sub15|scored_rest|42.000|46.000
STEW,sub15,scored_rest,0,rest_no_task,44.0,48.0,STEW|sub15|scored_rest|44.000|48.000
STEW,sub15,scored_rest,0,rest_no_task,46.0,50.0,STEW|sub15|scored_rest|46.000|50.000
STEW,sub15,scored_rest,0,rest_no_task,48.0,52.0,STEW|sub15|scored_rest|48.000|52.000
STEW,sub15,scored_rest,0,rest_no_task,50.0,54.0,STEW|sub15|scored_rest|50.000|54.000
STEW,sub15,scored_rest,0,rest_no_task,52.0,56.0,STEW|sub15|scored_rest|52.000|56.000
STEW,sub15,scored_rest,0,rest_no_task,54.0,58.0,STEW|sub15|scored_rest|54.000|58.000
STEW,sub15,scored_rest,0,rest_no_task,56.0,60.0,STEW|sub15|scored_rest|56.000|60.000
STEW,sub15,scored_task,1,high_workload,0.0,4.0,STEW|sub15|scored_task|0.000|4.000
STEW,sub15,scored_task,1,high_workload,2.0,6.0,STEW|sub15|scored_task|2.000|6.000
STEW,sub15,scored_task,1,high_workload,4.0,8.0,STEW|sub15|scored_task|4.000|8.000
STEW,sub15,scored_task,1,high_workload,6.0,10.0,STEW|sub15|scored_task|6.000|10.000
STEW,sub15,scored_task,1,high_workload,8.0,12.0,STEW|sub15|scored_task|8.000|12.000
STEW,sub15,scored_task,1,high_workload,10.0,14.0,STEW|sub15|scored_task|10.000|14.000
STEW,sub15,scored_task,1,high_workload,12.0,16.0,STEW|sub15|scored_task|12.000|16.000
STEW,sub15,scored_task,1,high_workload,14.0,18.0,STEW|sub15|scored_task|14.000|18.000
STEW,sub15,scored_task,1,high_workload,16.0,20.0,STEW|sub15|scored_task|16.000|20.000
STEW,sub15,scored_task,1,high_workload,18.0,22.0,STEW|sub15|scored_task|18.000|22.000
STEW,sub15,scored_task,1,high_workload,20.0,24.0,STEW|sub15|scored_task|20.000|24.000
STEW,sub15,scored_task,1,high_workload,22.0,26.0,STEW|sub15|scored_task|22.000|26.000
STEW,sub15,scored_task,1,high_workload,24.0,28.0,STEW|sub15|scored_task|24.000|28.000
STEW,sub15,scored_task,1,high_workload,26.0,30.0,STEW|sub15|scored_task|26.000|30.000
STEW,sub16,calibration,0,rest_no_task,0.0,4.0,STEW|sub16|calibration|0.000|4.000
STEW,sub16,calibration,0,rest_no_task,2.0,6.0,STEW|sub16|calibration|2.000|6.000
STEW,sub16,calibration,0,rest_no_task,4.0,8.0,STEW|sub16|calibration|4.000|8.000
STEW,sub16,calibration,0,rest_no_task,6.0,10.0,STEW|sub16|calibration|6.000|10.000
STEW,sub16,calibration,0,rest_no_task,8.0,12.0,STEW|sub16|calibration|8.000|12.000
STEW,sub16,calibration,0,rest_no_task,10.0,14.0,STEW|sub16|calibration|10.000|14.000
STEW,sub16,calibration,0,rest_no_task,12.0,16.0,STEW|sub16|calibration|12.000|16.000
STEW,sub16,calibration,0,rest_no_task,14.0,18.0,STEW|sub16|calibration|14.000|18.000
STEW,sub16,calibration,0,rest_no_task,16.0,20.0,STEW|sub16|calibration|16.000|20.000
STEW,sub16,calibration,0,rest_no_task,18.0,22.0,STEW|sub16|calibration|18.000|22.000
STEW,sub16,calibration,0,rest_no_task,20.0,24.0,STEW|sub16|calibration|20.000|24.000
STEW,sub16,calibration,0,rest_no_task,22.0,26.0,STEW|sub16|calibration|22.000|26.000
STEW,sub16,calibration,0,rest_no_task,24.0,28.0,STEW|sub16|calibration|24.000|28.000
STEW,sub16,calibration,0,rest_no_task,26.0,30.0,STEW|sub16|calibration|26.000|30.000
STEW,sub16,scored_rest,0,rest_no_task,30.0,34.0,STEW|sub16|scored_rest|30.000|34.000
STEW,sub16,scored_rest,0,rest_no_task,32.0,36.0,STEW|sub16|scored_rest|32.000|36.000
STEW,sub16,scored_rest,0,rest_no_task,34.0,38.0,STEW|sub16|scored_rest|34.000|38.000
STEW,sub16,scored_rest,0,rest_no_task,36.0,40.0,STEW|sub16|scored_rest|36.000|40.000
STEW,sub16,scored_rest,0,rest_no_task,38.0,42.0,STEW|sub16|scored_rest|38.000|42.000
STEW,sub16,scored_rest,0,rest_no_task,40.0,44.0,STEW|sub16|scored_rest|40.000|44.000
STEW,sub16,scored_rest,0,rest_no_task,42.0,46.0,STEW|sub16|scored_rest|42.000|46.000
STEW,sub16,scored_rest,0,rest_no_task,44.0,48.0,STEW|sub16|scored_rest|44.000|48.000
STEW,sub16,scored_rest,0,rest_no_task,46.0,50.0,STEW|sub16|scored_rest|46.000|50.000
STEW,sub16,scored_rest,0,rest_no_task,48.0,52.0,STEW|sub16|scored_rest|48.000|52.000
STEW,sub16,scored_rest,0,rest_no_task,50.0,54.0,STEW|sub16|scored_rest|50.000|54.000
STEW,sub16,scored_rest,0,rest_no_task,52.0,56.0,STEW|sub16|scored_rest|52.000|56.000
STEW,sub16,scored_rest,0,rest_no_task,54.0,58.0,STEW|sub16|scored_rest|54.000|58.000
STEW,sub16,scored_rest,0,rest_no_task,56.0,60.0,STEW|sub16|scored_rest|56.000|60.000
STEW,sub16,scored_task,1,high_workload,0.0,4.0,STEW|sub16|scored_task|0.000|4.000
STEW,sub16,scored_task,1,high_workload,2.0,6.0,STEW|sub16|scored_task|2.000|6.000
STEW,sub16,scored_task,1,high_workload,4.0,8.0,STEW|sub16|scored_task|4.000|8.000
STEW,sub16,scored_task,1,high_workload,6.0,10.0,STEW|sub16|scored_task|6.000|10.000
STEW,sub16,scored_task,1,high_workload,8.0,12.0,STEW|sub16|scored_task|8.000|12.000
STEW,sub16,scored_task,1,high_workload,10.0,14.0,STEW|sub16|scored_task|10.000|14.000
STEW,sub16,scored_task,1,high_workload,12.0,16.0,STEW|sub16|scored_task|12.000|16.000
STEW,sub16,scored_task,1,high_workload,14.0,18.0,STEW|sub16|scored_task|14.000|18.000
STEW,sub16,scored_task,1,high_workload,16.0,20.0,STEW|sub16|scored_task|16.000|20.000
STEW,sub16,scored_task,1,high_workload,18.0,22.0,STEW|sub16|scored_task|18.000|22.000
STEW,sub16,scored_task,1,high_workload,20.0,24.0,STEW|sub16|scored_task|20.000|24.000
STEW,sub16,scored_task,1,high_workload,22.0,26.0,STEW|sub16|scored_task|22.000|26.000
STEW,sub16,scored_task,1,high_workload,24.0,28.0,STEW|sub16|scored_task|24.000|28.000
STEW,sub16,scored_task,1,high_workload,26.0,30.0,STEW|sub16|scored_task|26.000|30.000
STEW,sub17,calibration,0,rest_no_task,0.0,4.0,STEW|sub17|calibration|0.000|4.000
STEW,sub17,calibration,0,rest_no_task,2.0,6.0,STEW|sub17|calibration|2.000|6.000
STEW,sub17,calibration,0,rest_no_task,4.0,8.0,STEW|sub17|calibration|4.000|8.000
STEW,sub17,calibration,0,rest_no_task,6.0,10.0,STEW|sub17|calibration|6.000|10.000
STEW,sub17,calibration,0,rest_no_task,8.0,12.0,STEW|sub17|calibration|8.000|12.000
STEW,sub17,calibration,0,rest_no_task,10.0,14.0,STEW|sub17|calibration|10.000|14.000
STEW,sub17,calibration,0,rest_no_task,12.0,16.0,STEW|sub17|calibration|12.000|16.000
STEW,sub17,calibration,0,rest_no_task,14.0,18.0,STEW|sub17|calibration|14.000|18.000
STEW,sub17,calibration,0,rest_no_task,16.0,20.0,STEW|sub17|calibration|16.000|20.000
STEW,sub17,calibration,0,rest_no_task,18.0,22.0,STEW|sub17|calibration|18.000|22.000
STEW,sub17,calibration,0,rest_no_task,20.0,24.0,STEW|sub17|calibration|20.000|24.000
STEW,sub17,calibration,0,rest_no_task,22.0,26.0,STEW|sub17|calibration|22.000|26.000
STEW,sub17,calibration,0,rest_no_task,24.0,28.0,STEW|sub17|calibration|24.000|28.000
STEW,sub17,calibration,0,rest_no_task,26.0,30.0,STEW|sub17|calibration|26.000|30.000
STEW,sub17,scored_rest,0,rest_no_task,30.0,34.0,STEW|sub17|scored_rest|30.000|34.000
STEW,sub17,scored_rest,0,rest_no_task,32.0,36.0,STEW|sub17|scored_rest|32.000|36.000
STEW,sub17,scored_rest,0,rest_no_task,34.0,38.0,STEW|sub17|scored_rest|34.000|38.000
STEW,sub17,scored_rest,0,rest_no_task,36.0,40.0,STEW|sub17|scored_rest|36.000|40.000
STEW,sub17,scored_rest,0,rest_no_task,38.0,42.0,STEW|sub17|scored_rest|38.000|42.000
STEW,sub17,scored_rest,0,rest_no_task,40.0,44.0,STEW|sub17|scored_rest|40.000|44.000
STEW,sub17,scored_rest,0,rest_no_task,42.0,46.0,STEW|sub17|scored_rest|42.000|46.000
STEW,sub17,scored_rest,0,rest_no_task,44.0,48.0,STEW|sub17|scored_rest|44.000|48.000
STEW,sub17,scored_rest,0,rest_no_task,46.0,50.0,STEW|sub17|scored_rest|46.000|50.000
STEW,sub17,scored_rest,0,rest_no_task,48.0,52.0,STEW|sub17|scored_rest|48.000|52.000
STEW,sub17,scored_rest,0,rest_no_task,50.0,54.0,STEW|sub17|scored_rest|50.000|54.000
STEW,sub17,scored_rest,0,rest_no_task,52.0,56.0,STEW|sub17|scored_rest|52.000|56.000
STEW,sub17,scored_rest,0,rest_no_task,54.0,58.0,STEW|sub17|scored_rest|54.000|58.000
STEW,sub17,scored_rest,0,rest_no_task,56.0,60.0,STEW|sub17|scored_rest|56.000|60.000
STEW,sub17,scored_task,1,high_workload,0.0,4.0,STEW|sub17|scored_task|0.000|4.000
STEW,sub17,scored_task,1,high_workload,2.0,6.0,STEW|sub17|scored_task|2.000|6.000
STEW,sub17,scored_task,1,high_workload,4.0,8.0,STEW|sub17|scored_task|4.000|8.000
STEW,sub17,scored_task,1,high_workload,6.0,10.0,STEW|sub17|scored_task|6.000|10.000
STEW,sub17,scored_task,1,high_workload,8.0,12.0,STEW|sub17|scored_task|8.000|12.000
STEW,sub17,scored_task,1,high_workload,10.0,14.0,STEW|sub17|scored_task|10.000|14.000
STEW,sub17,scored_task,1,high_workload,12.0,16.0,STEW|sub17|scored_task|12.000|16.000
STEW,sub17,scored_task,1,high_workload,14.0,18.0,STEW|sub17|scored_task|14.000|18.000
STEW,sub17,scored_task,1,high_workload,16.0,20.0,STEW|sub17|scored_task|16.000|20.000
STEW,sub17,scored_task,1,high_workload,18.0,22.0,STEW|sub17|scored_task|18.000|22.000
STEW,sub17,scored_task,1,high_workload,20.0,24.0,STEW|sub17|scored_task|20.000|24.000
STEW,sub17,scored_task,1,high_workload,22.0,26.0,STEW|sub17|scored_task|22.000|26.000
STEW,sub17,scored_task,1,high_workload,24.0,28.0,STEW|sub17|scored_task|24.000|28.000
STEW,sub17,scored_task,1,high_workload,26.0,30.0,STEW|sub17|scored_task|26.000|30.000
STEW,sub18,calibration,0,rest_no_task,0.0,4.0,STEW|sub18|calibration|0.000|4.000
STEW,sub18,calibration,0,rest_no_task,2.0,6.0,STEW|sub18|calibration|2.000|6.000
STEW,sub18,calibration,0,rest_no_task,4.0,8.0,STEW|sub18|calibration|4.000|8.000
STEW,sub18,calibration,0,rest_no_task,6.0,10.0,STEW|sub18|calibration|6.000|10.000
STEW,sub18,calibration,0,rest_no_task,8.0,12.0,STEW|sub18|calibration|8.000|12.000
STEW,sub18,calibration,0,rest_no_task,10.0,14.0,STEW|sub18|calibration|10.000|14.000
STEW,sub18,calibration,0,rest_no_task,12.0,16.0,STEW|sub18|calibration|12.000|16.000
STEW,sub18,calibration,0,rest_no_task,14.0,18.0,STEW|sub18|calibration|14.000|18.000
STEW,sub18,calibration,0,rest_no_task,16.0,20.0,STEW|sub18|calibration|16.000|20.000
STEW,sub18,calibration,0,rest_no_task,18.0,22.0,STEW|sub18|calibration|18.000|22.000
STEW,sub18,calibration,0,rest_no_task,20.0,24.0,STEW|sub18|calibration|20.000|24.000
STEW,sub18,calibration,0,rest_no_task,22.0,26.0,STEW|sub18|calibration|22.000|26.000
STEW,sub18,calibration,0,rest_no_task,24.0,28.0,STEW|sub18|calibration|24.000|28.000
STEW,sub18,calibration,0,rest_no_task,26.0,30.0,STEW|sub18|calibration|26.000|30.000
STEW,sub18,scored_rest,0,rest_no_task,30.0,34.0,STEW|sub18|scored_rest|30.000|34.000
STEW,sub18,scored_rest,0,rest_no_task,32.0,36.0,STEW|sub18|scored_rest|32.000|36.000
STEW,sub18,scored_rest,0,rest_no_task,34.0,38.0,STEW|sub18|scored_rest|34.000|38.000
STEW,sub18,scored_rest,0,rest_no_task,36.0,40.0,STEW|sub18|scored_rest|36.000|40.000
STEW,sub18,scored_rest,0,rest_no_task,38.0,42.0,STEW|sub18|scored_rest|38.000|42.000
STEW,sub18,scored_rest,0,rest_no_task,40.0,44.0,STEW|sub18|scored_rest|40.000|44.000
STEW,sub18,scored_rest,0,rest_no_task,42.0,46.0,STEW|sub18|scored_rest|42.000|46.000
STEW,sub18,scored_rest,0,rest_no_task,44.0,48.0,STEW|sub18|scored_rest|44.000|48.000
STEW,sub18,scored_rest,0,rest_no_task,46.0,50.0,STEW|sub18|scored_rest|46.000|50.000
STEW,sub18,scored_rest,0,rest_no_task,48.0,52.0,STEW|sub18|scored_rest|48.000|52.000
STEW,sub18,scored_rest,0,rest_no_task,50.0,54.0,STEW|sub18|scored_rest|50.000|54.000
STEW,sub18,scored_rest,0,rest_no_task,52.0,56.0,STEW|sub18|scored_rest|52.000|56.000
STEW,sub18,scored_rest,0,rest_no_task,54.0,58.0,STEW|sub18|scored_rest|54.000|58.000
STEW,sub18,scored_rest,0,rest_no_task,56.0,60.0,STEW|sub18|scored_rest|56.000|60.000
STEW,sub18,scored_task,1,high_workload,0.0,4.0,STEW|sub18|scored_task|0.000|4.000
STEW,sub18,scored_task,1,high_workload,2.0,6.0,STEW|sub18|scored_task|2.000|6.000
STEW,sub18,scored_task,1,high_workload,4.0,8.0,STEW|sub18|scored_task|4.000|8.000
STEW,sub18,scored_task,1,high_workload,6.0,10.0,STEW|sub18|scored_task|6.000|10.000
STEW,sub18,scored_task,1,high_workload,8.0,12.0,STEW|sub18|scored_task|8.000|12.000
STEW,sub18,scored_task,1,high_workload,10.0,14.0,STEW|sub18|scored_task|10.000|14.000
STEW,sub18,scored_task,1,high_workload,12.0,16.0,STEW|sub18|scored_task|12.000|16.000
STEW,sub18,scored_task,1,high_workload,14.0,18.0,STEW|sub18|scored_task|14.000|18.000
STEW,sub18,scored_task,1,high_workload,16.0,20.0,STEW|sub18|scored_task|16.000|20.000
STEW,sub18,scored_task,1,high_workload,18.0,22.0,STEW|sub18|scored_task|18.000|22.000
STEW,sub18,scored_task,1,high_workload,20.0,24.0,STEW|sub18|scored_task|20.000|24.000
STEW,sub18,scored_task,1,high_workload,22.0,26.0,STEW|sub18|scored_task|22.000|26.000
STEW,sub18,scored_task,1,high_workload,24.0,28.0,STEW|sub18|scored_task|24.000|28.000
STEW,sub18,scored_task,1,high_workload,26.0,30.0,STEW|sub18|scored_task|26.000|30.000
STEW,sub19,calibration,0,rest_no_task,0.0,4.0,STEW|sub19|calibration|0.000|4.000
STEW,sub19,calibration,0,rest_no_task,2.0,6.0,STEW|sub19|calibration|2.000|6.000
STEW,sub19,calibration,0,rest_no_task,4.0,8.0,STEW|sub19|calibration|4.000|8.000
STEW,sub19,calibration,0,rest_no_task,6.0,10.0,STEW|sub19|calibration|6.000|10.000
STEW,sub19,calibration,0,rest_no_task,8.0,12.0,STEW|sub19|calibration|8.000|12.000
STEW,sub19,calibration,0,rest_no_task,10.0,14.0,STEW|sub19|calibration|10.000|14.000
STEW,sub19,calibration,0,rest_no_task,12.0,16.0,STEW|sub19|calibration|12.000|16.000
STEW,sub19,calibration,0,rest_no_task,14.0,18.0,STEW|sub19|calibration|14.000|18.000
STEW,sub19,calibration,0,rest_no_task,16.0,20.0,STEW|sub19|calibration|16.000|20.000
STEW,sub19,calibration,0,rest_no_task,18.0,22.0,STEW|sub19|calibration|18.000|22.000
STEW,sub19,calibration,0,rest_no_task,20.0,24.0,STEW|sub19|calibration|20.000|24.000
STEW,sub19,calibration,0,rest_no_task,22.0,26.0,STEW|sub19|calibration|22.000|26.000
STEW,sub19,calibration,0,rest_no_task,24.0,28.0,STEW|sub19|calibration|24.000|28.000
STEW,sub19,calibration,0,rest_no_task,26.0,30.0,STEW|sub19|calibration|26.000|30.000
STEW,sub19,scored_rest,0,rest_no_task,30.0,34.0,STEW|sub19|scored_rest|30.000|34.000
STEW,sub19,scored_rest,0,rest_no_task,32.0,36.0,STEW|sub19|scored_rest|32.000|36.000
STEW,sub19,scored_rest,0,rest_no_task,34.0,38.0,STEW|sub19|scored_rest|34.000|38.000
STEW,sub19,scored_rest,0,rest_no_task,36.0,40.0,STEW|sub19|scored_rest|36.000|40.000
STEW,sub19,scored_rest,0,rest_no_task,38.0,42.0,STEW|sub19|scored_rest|38.000|42.000
STEW,sub19,scored_rest,0,rest_no_task,40.0,44.0,STEW|sub19|scored_rest|40.000|44.000
STEW,sub19,scored_rest,0,rest_no_task,42.0,46.0,STEW|sub19|scored_rest|42.000|46.000
STEW,sub19,scored_rest,0,rest_no_task,44.0,48.0,STEW|sub19|scored_rest|44.000|48.000
STEW,sub19,scored_rest,0,rest_no_task,46.0,50.0,STEW|sub19|scored_rest|46.000|50.000
STEW,sub19,scored_rest,0,rest_no_task,48.0,52.0,STEW|sub19|scored_rest|48.000|52.000
STEW,sub19,scored_rest,0,rest_no_task,50.0,54.0,STEW|sub19|scored_rest|50.000|54.000
STEW,sub19,scored_rest,0,rest_no_task,52.0,56.0,STEW|sub19|scored_rest|52.000|56.000
STEW,sub19,scored_rest,0,rest_no_task,54.0,58.0,STEW|sub19|scored_rest|54.000|58.000
STEW,sub19,scored_rest,0,rest_no_task,56.0,60.0,STEW|sub19|scored_rest|56.000|60.000
STEW,sub19,scored_task,1,high_workload,0.0,4.0,STEW|sub19|scored_task|0.000|4.000
STEW,sub19,scored_task,1,high_workload,2.0,6.0,STEW|sub19|scored_task|2.000|6.000
STEW,sub19,scored_task,1,high_workload,4.0,8.0,STEW|sub19|scored_task|4.000|8.000
STEW,sub19,scored_task,1,high_workload,6.0,10.0,STEW|sub19|scored_task|6.000|10.000
STEW,sub19,scored_task,1,high_workload,8.0,12.0,STEW|sub19|scored_task|8.000|12.000
STEW,sub19,scored_task,1,high_workload,10.0,14.0,STEW|sub19|scored_task|10.000|14.000
STEW,sub19,scored_task,1,high_workload,12.0,16.0,STEW|sub19|scored_task|12.000|16.000
STEW,sub19,scored_task,1,high_workload,14.0,18.0,STEW|sub19|scored_task|14.000|18.000
STEW,sub19,scored_task,1,high_workload,16.0,20.0,STEW|sub19|scored_task|16.000|20.000
STEW,sub19,scored_task,1,high_workload,18.0,22.0,STEW|sub19|scored_task|18.000|22.000
STEW,sub19,scored_task,1,high_workload,20.0,24.0,STEW|sub19|scored_task|20.000|24.000
STEW,sub19,scored_task,1,high_workload,22.0,26.0,STEW|sub19|scored_task|22.000|26.000
STEW,sub19,scored_task,1,high_workload,24.0,28.0,STEW|sub19|scored_task|24.000|28.000
STEW,sub19,scored_task,1,high_workload,26.0,30.0,STEW|sub19|scored_task|26.000|30.000
STEW,sub20,calibration,0,rest_no_task,0.0,4.0,STEW|sub20|calibration|0.000|4.000
STEW,sub20,calibration,0,rest_no_task,2.0,6.0,STEW|sub20|calibration|2.000|6.000
STEW,sub20,calibration,0,rest_no_task,4.0,8.0,STEW|sub20|calibration|4.000|8.000
STEW,sub20,calibration,0,rest_no_task,6.0,10.0,STEW|sub20|calibration|6.000|10.000
STEW,sub20,calibration,0,rest_no_task,8.0,12.0,STEW|sub20|calibration|8.000|12.000
STEW,sub20,calibration,0,rest_no_task,10.0,14.0,STEW|sub20|calibration|10.000|14.000
STEW,sub20,calibration,0,rest_no_task,12.0,16.0,STEW|sub20|calibration|12.000|16.000
STEW,sub20,calibration,0,rest_no_task,14.0,18.0,STEW|sub20|calibration|14.000|18.000
STEW,sub20,calibration,0,rest_no_task,16.0,20.0,STEW|sub20|calibration|16.000|20.000
STEW,sub20,calibration,0,rest_no_task,18.0,22.0,STEW|sub20|calibration|18.000|22.000
STEW,sub20,calibration,0,rest_no_task,20.0,24.0,STEW|sub20|calibration|20.000|24.000
STEW,sub20,calibration,0,rest_no_task,22.0,26.0,STEW|sub20|calibration|22.000|26.000
STEW,sub20,calibration,0,rest_no_task,24.0,28.0,STEW|sub20|calibration|24.000|28.000
STEW,sub20,calibration,0,rest_no_task,26.0,30.0,STEW|sub20|calibration|26.000|30.000
STEW,sub20,scored_rest,0,rest_no_task,30.0,34.0,STEW|sub20|scored_rest|30.000|34.000
STEW,sub20,scored_rest,0,rest_no_task,32.0,36.0,STEW|sub20|scored_rest|32.000|36.000
STEW,sub20,scored_rest,0,rest_no_task,34.0,38.0,STEW|sub20|scored_rest|34.000|38.000
STEW,sub20,scored_rest,0,rest_no_task,36.0,40.0,STEW|sub20|scored_rest|36.000|40.000
STEW,sub20,scored_rest,0,rest_no_task,38.0,42.0,STEW|sub20|scored_rest|38.000|42.000
STEW,sub20,scored_rest,0,rest_no_task,40.0,44.0,STEW|sub20|scored_rest|40.000|44.000
STEW,sub20,scored_rest,0,rest_no_task,42.0,46.0,STEW|sub20|scored_rest|42.000|46.000
STEW,sub20,scored_rest,0,rest_no_task,44.0,48.0,STEW|sub20|scored_rest|44.000|48.000
STEW,sub20,scored_rest,0,rest_no_task,46.0,50.0,STEW|sub20|scored_rest|46.000|50.000
STEW,sub20,scored_rest,0,rest_no_task,48.0,52.0,STEW|sub20|scored_rest|48.000|52.000
STEW,sub20,scored_rest,0,rest_no_task,50.0,54.0,STEW|sub20|scored_rest|50.000|54.000
STEW,sub20,scored_rest,0,rest_no_task,52.0,56.0,STEW|sub20|scored_rest|52.000|56.000
STEW,sub20,scored_rest,0,rest_no_task,54.0,58.0,STEW|sub20|scored_rest|54.000|58.000
STEW,sub20,scored_rest,0,rest_no_task,56.0,60.0,STEW|sub20|scored_rest|56.000|60.000
STEW,sub20,scored_task,1,high_workload,0.0,4.0,STEW|sub20|scored_task|0.000|4.000
STEW,sub20,scored_task,1,high_workload,2.0,6.0,STEW|sub20|scored_task|2.000|6.000
STEW,sub20,scored_task,1,high_workload,4.0,8.0,STEW|sub20|scored_task|4.000|8.000
STEW,sub20,scored_task,1,high_workload,6.0,10.0,STEW|sub20|scored_task|6.000|10.000
STEW,sub20,scored_task,1,high_workload,8.0,12.0,STEW|sub20|scored_task|8.000|12.000
STEW,sub20,scored_task,1,high_workload,10.0,14.0,STEW|sub20|scored_task|10.000|14.000
STEW,sub20,scored_task,1,high_workload,12.0,16.0,STEW|sub20|scored_task|12.000|16.000
STEW,sub20,scored_task,1,high_workload,14.0,18.0,STEW|sub20|scored_task|14.000|18.000
STEW,sub20,scored_task,1,high_workload,16.0,20.0,STEW|sub20|scored_task|16.000|20.000
STEW,sub20,scored_task,1,high_workload,18.0,22.0,STEW|sub20|scored_task|18.000|22.000
STEW,sub20,scored_task,1,high_workload,20.0,24.0,STEW|sub20|scored_task|20.000|24.000
STEW,sub20,scored_task,1,high_workload,22.0,26.0,STEW|sub20|scored_task|22.000|26.000
STEW,sub20,scored_task,1,high_workload,24.0,28.0,STEW|sub20|scored_task|24.000|28.000
STEW,sub20,scored_task,1,high_workload,26.0,30.0,STEW|sub20|scored_task|26.000|30.000
STEW,sub21,calibration,0,rest_no_task,0.0,4.0,STEW|sub21|calibration|0.000|4.000
STEW,sub21,calibration,0,rest_no_task,2.0,6.0,STEW|sub21|calibration|2.000|6.000
STEW,sub21,calibration,0,rest_no_task,4.0,8.0,STEW|sub21|calibration|4.000|8.000
STEW,sub21,calibration,0,rest_no_task,6.0,10.0,STEW|sub21|calibration|6.000|10.000
STEW,sub21,calibration,0,rest_no_task,8.0,12.0,STEW|sub21|calibration|8.000|12.000
STEW,sub21,calibration,0,rest_no_task,10.0,14.0,STEW|sub21|calibration|10.000|14.000
STEW,sub21,calibration,0,rest_no_task,12.0,16.0,STEW|sub21|calibration|12.000|16.000
STEW,sub21,calibration,0,rest_no_task,14.0,18.0,STEW|sub21|calibration|14.000|18.000
STEW,sub21,calibration,0,rest_no_task,16.0,20.0,STEW|sub21|calibration|16.000|20.000
STEW,sub21,calibration,0,rest_no_task,18.0,22.0,STEW|sub21|calibration|18.000|22.000
STEW,sub21,calibration,0,rest_no_task,20.0,24.0,STEW|sub21|calibration|20.000|24.000
STEW,sub21,calibration,0,rest_no_task,22.0,26.0,STEW|sub21|calibration|22.000|26.000
STEW,sub21,calibration,0,rest_no_task,24.0,28.0,STEW|sub21|calibration|24.000|28.000
STEW,sub21,calibration,0,rest_no_task,26.0,30.0,STEW|sub21|calibration|26.000|30.000
STEW,sub21,scored_rest,0,rest_no_task,30.0,34.0,STEW|sub21|scored_rest|30.000|34.000
STEW,sub21,scored_rest,0,rest_no_task,32.0,36.0,STEW|sub21|scored_rest|32.000|36.000
STEW,sub21,scored_rest,0,rest_no_task,34.0,38.0,STEW|sub21|scored_rest|34.000|38.000
STEW,sub21,scored_rest,0,rest_no_task,36.0,40.0,STEW|sub21|scored_rest|36.000|40.000
STEW,sub21,scored_rest,0,rest_no_task,38.0,42.0,STEW|sub21|scored_rest|38.000|42.000
STEW,sub21,scored_rest,0,rest_no_task,40.0,44.0,STEW|sub21|scored_rest|40.000|44.000
STEW,sub21,scored_rest,0,rest_no_task,42.0,46.0,STEW|sub21|scored_rest|42.000|46.000
STEW,sub21,scored_rest,0,rest_no_task,44.0,48.0,STEW|sub21|scored_rest|44.000|48.000
STEW,sub21,scored_rest,0,rest_no_task,46.0,50.0,STEW|sub21|scored_rest|46.000|50.000
STEW,sub21,scored_rest,0,rest_no_task,48.0,52.0,STEW|sub21|scored_rest|48.000|52.000
STEW,sub21,scored_rest,0,rest_no_task,50.0,54.0,STEW|sub21|scored_rest|50.000|54.000
STEW,sub21,scored_rest,0,rest_no_task,52.0,56.0,STEW|sub21|scored_rest|52.000|56.000
STEW,sub21,scored_rest,0,rest_no_task,54.0,58.0,STEW|sub21|scored_rest|54.000|58.000
STEW,sub21,scored_rest,0,rest_no_task,56.0,60.0,STEW|sub21|scored_rest|56.000|60.000
STEW,sub21,scored_task,1,high_workload,0.0,4.0,STEW|sub21|scored_task|0.000|4.000
STEW,sub21,scored_task,1,high_workload,2.0,6.0,STEW|sub21|scored_task|2.000|6.000
STEW,sub21,scored_task,1,high_workload,4.0,8.0,STEW|sub21|scored_task|4.000|8.000
STEW,sub21,scored_task,1,high_workload,6.0,10.0,STEW|sub21|scored_task|6.000|10.000
STEW,sub21,scored_task,1,high_workload,8.0,12.0,STEW|sub21|scored_task|8.000|12.000
STEW,sub21,scored_task,1,high_workload,10.0,14.0,STEW|sub21|scored_task|10.000|14.000
STEW,sub21,scored_task,1,high_workload,12.0,16.0,STEW|sub21|scored_task|12.000|16.000
STEW,sub21,scored_task,1,high_workload,14.0,18.0,STEW|sub21|scored_task|14.000|18.000
STEW,sub21,scored_task,1,high_workload,16.0,20.0,STEW|sub21|scored_task|16.000|20.000
STEW,sub21,scored_task,1,high_workload,18.0,22.0,STEW|sub21|scored_task|18.000|22.000
STEW,sub21,scored_task,1,high_workload,20.0,24.0,STEW|sub21|scored_task|20.000|24.000
STEW,sub21,scored_task,1,high_workload,22.0,26.0,STEW|sub21|scored_task|22.000|26.000
STEW,sub21,scored_task,1,high_workload,24.0,28.0,STEW|sub21|scored_task|24.000|28.000
STEW,sub21,scored_task,1,high_workload,26.0,30.0,STEW|sub21|scored_task|26.000|30.000
STEW,sub22,calibration,0,rest_no_task,0.0,4.0,STEW|sub22|calibration|0.000|4.000
STEW,sub22,calibration,0,rest_no_task,2.0,6.0,STEW|sub22|calibration|2.000|6.000
STEW,sub22,calibration,0,rest_no_task,4.0,8.0,STEW|sub22|calibration|4.000|8.000
STEW,sub22,calibration,0,rest_no_task,6.0,10.0,STEW|sub22|calibration|6.000|10.000
STEW,sub22,calibration,0,rest_no_task,8.0,12.0,STEW|sub22|calibration|8.000|12.000
STEW,sub22,calibration,0,rest_no_task,10.0,14.0,STEW|sub22|calibration|10.000|14.000
STEW,sub22,calibration,0,rest_no_task,12.0,16.0,STEW|sub22|calibration|12.000|16.000
STEW,sub22,calibration,0,rest_no_task,14.0,18.0,STEW|sub22|calibration|14.000|18.000
STEW,sub22,calibration,0,rest_no_task,16.0,20.0,STEW|sub22|calibration|16.000|20.000
STEW,sub22,calibration,0,rest_no_task,18.0,22.0,STEW|sub22|calibration|18.000|22.000
STEW,sub22,calibration,0,rest_no_task,20.0,24.0,STEW|sub22|calibration|20.000|24.000
STEW,sub22,calibration,0,rest_no_task,22.0,26.0,STEW|sub22|calibration|22.000|26.000
STEW,sub22,calibration,0,rest_no_task,24.0,28.0,STEW|sub22|calibration|24.000|28.000
STEW,sub22,calibration,0,rest_no_task,26.0,30.0,STEW|sub22|calibration|26.000|30.000
STEW,sub22,scored_rest,0,rest_no_task,30.0,34.0,STEW|sub22|scored_rest|30.000|34.000
STEW,sub22,scored_rest,0,rest_no_task,32.0,36.0,STEW|sub22|scored_rest|32.000|36.000
STEW,sub22,scored_rest,0,rest_no_task,34.0,38.0,STEW|sub22|scored_rest|34.000|38.000
STEW,sub22,scored_rest,0,rest_no_task,36.0,40.0,STEW|sub22|scored_rest|36.000|40.000
STEW,sub22,scored_rest,0,rest_no_task,38.0,42.0,STEW|sub22|scored_rest|38.000|42.000
STEW,sub22,scored_rest,0,rest_no_task,40.0,44.0,STEW|sub22|scored_rest|40.000|44.000
STEW,sub22,scored_rest,0,rest_no_task,42.0,46.0,STEW|sub22|scored_rest|42.000|46.000
STEW,sub22,scored_rest,0,rest_no_task,44.0,48.0,STEW|sub22|scored_rest|44.000|48.000
STEW,sub22,scored_rest,0,rest_no_task,46.0,50.0,STEW|sub22|scored_rest|46.000|50.000
STEW,sub22,scored_rest,0,rest_no_task,48.0,52.0,STEW|sub22|scored_rest|48.000|52.000
STEW,sub22,scored_rest,0,rest_no_task,50.0,54.0,STEW|sub22|scored_rest|50.000|54.000
STEW,sub22,scored_rest,0,rest_no_task,52.0,56.0,STEW|sub22|scored_rest|52.000|56.000
STEW,sub22,scored_rest,0,rest_no_task,54.0,58.0,STEW|sub22|scored_rest|54.000|58.000
STEW,sub22,scored_rest,0,rest_no_task,56.0,60.0,STEW|sub22|scored_rest|56.000|60.000
STEW,sub22,scored_task,1,high_workload,0.0,4.0,STEW|sub22|scored_task|0.000|4.000
STEW,sub22,scored_task,1,high_workload,2.0,6.0,STEW|sub22|scored_task|2.000|6.000
STEW,sub22,scored_task,1,high_workload,4.0,8.0,STEW|sub22|scored_task|4.000|8.000
STEW,sub22,scored_task,1,high_workload,6.0,10.0,STEW|sub22|scored_task|6.000|10.000
STEW,sub22,scored_task,1,high_workload,8.0,12.0,STEW|sub22|scored_task|8.000|12.000
STEW,sub22,scored_task,1,high_workload,10.0,14.0,STEW|sub22|scored_task|10.000|14.000
STEW,sub22,scored_task,1,high_workload,12.0,16.0,STEW|sub22|scored_task|12.000|16.000
STEW,sub22,scored_task,1,high_workload,14.0,18.0,STEW|sub22|scored_task|14.000|18.000
STEW,sub22,scored_task,1,high_workload,16.0,20.0,STEW|sub22|scored_task|16.000|20.000
STEW,sub22,scored_task,1,high_workload,18.0,22.0,STEW|sub22|scored_task|18.000|22.000
STEW,sub22,scored_task,1,high_workload,20.0,24.0,STEW|sub22|scored_task|20.000|24.000
STEW,sub22,scored_task,1,high_workload,22.0,26.0,STEW|sub22|scored_task|22.000|26.000
STEW,sub22,scored_task,1,high_workload,24.0,28.0,STEW|sub22|scored_task|24.000|28.000
STEW,sub22,scored_task,1,high_workload,26.0,30.0,STEW|sub22|scored_task|26.000|30.000
STEW,sub23,calibration,0,rest_no_task,0.0,4.0,STEW|sub23|calibration|0.000|4.000
STEW,sub23,calibration,0,rest_no_task,2.0,6.0,STEW|sub23|calibration|2.000|6.000
STEW,sub23,calibration,0,rest_no_task,4.0,8.0,STEW|sub23|calibration|4.000|8.000
STEW,sub23,calibration,0,rest_no_task,6.0,10.0,STEW|sub23|calibration|6.000|10.000
STEW,sub23,calibration,0,rest_no_task,8.0,12.0,STEW|sub23|calibration|8.000|12.000
STEW,sub23,calibration,0,rest_no_task,10.0,14.0,STEW|sub23|calibration|10.000|14.000
STEW,sub23,calibration,0,rest_no_task,12.0,16.0,STEW|sub23|calibration|12.000|16.000
STEW,sub23,calibration,0,rest_no_task,14.0,18.0,STEW|sub23|calibration|14.000|18.000
STEW,sub23,calibration,0,rest_no_task,16.0,20.0,STEW|sub23|calibration|16.000|20.000
STEW,sub23,calibration,0,rest_no_task,18.0,22.0,STEW|sub23|calibration|18.000|22.000
STEW,sub23,calibration,0,rest_no_task,20.0,24.0,STEW|sub23|calibration|20.000|24.000
STEW,sub23,calibration,0,rest_no_task,22.0,26.0,STEW|sub23|calibration|22.000|26.000
STEW,sub23,calibration,0,rest_no_task,24.0,28.0,STEW|sub23|calibration|24.000|28.000
STEW,sub23,calibration,0,rest_no_task,26.0,30.0,STEW|sub23|calibration|26.000|30.000
STEW,sub23,scored_rest,0,rest_no_task,30.0,34.0,STEW|sub23|scored_rest|30.000|34.000
STEW,sub23,scored_rest,0,rest_no_task,32.0,36.0,STEW|sub23|scored_rest|32.000|36.000
STEW,sub23,scored_rest,0,rest_no_task,34.0,38.0,STEW|sub23|scored_rest|34.000|38.000
STEW,sub23,scored_rest,0,rest_no_task,36.0,40.0,STEW|sub23|scored_rest|36.000|40.000
STEW,sub23,scored_rest,0,rest_no_task,38.0,42.0,STEW|sub23|scored_rest|38.000|42.000
STEW,sub23,scored_rest,0,rest_no_task,40.0,44.0,STEW|sub23|scored_rest|40.000|44.000
STEW,sub23,scored_rest,0,rest_no_task,42.0,46.0,STEW|sub23|scored_rest|42.000|46.000
STEW,sub23,scored_rest,0,rest_no_task,44.0,48.0,STEW|sub23|scored_rest|44.000|48.000
STEW,sub23,scored_rest,0,rest_no_task,46.0,50.0,STEW|sub23|scored_rest|46.000|50.000
STEW,sub23,scored_rest,0,rest_no_task,48.0,52.0,STEW|sub23|scored_rest|48.000|52.000
STEW,sub23,scored_rest,0,rest_no_task,50.0,54.0,STEW|sub23|scored_rest|50.000|54.000
STEW,sub23,scored_rest,0,rest_no_task,52.0,56.0,STEW|sub23|scored_rest|52.000|56.000
STEW,sub23,scored_rest,0,rest_no_task,54.0,58.0,STEW|sub23|scored_rest|54.000|58.000
STEW,sub23,scored_rest,0,rest_no_task,56.0,60.0,STEW|sub23|scored_rest|56.000|60.000
STEW,sub23,scored_task,1,high_workload,0.0,4.0,STEW|sub23|scored_task|0.000|4.000
STEW,sub23,scored_task,1,high_workload,2.0,6.0,STEW|sub23|scored_task|2.000|6.000
STEW,sub23,scored_task,1,high_workload,4.0,8.0,STEW|sub23|scored_task|4.000|8.000
STEW,sub23,scored_task,1,high_workload,6.0,10.0,STEW|sub23|scored_task|6.000|10.000
STEW,sub23,scored_task,1,high_workload,8.0,12.0,STEW|sub23|scored_task|8.000|12.000
STEW,sub23,scored_task,1,high_workload,10.0,14.0,STEW|sub23|scored_task|10.000|14.000
STEW,sub23,scored_task,1,high_workload,12.0,16.0,STEW|sub23|scored_task|12.000|16.000
STEW,sub23,scored_task,1,high_workload,14.0,18.0,STEW|sub23|scored_task|14.000|18.000
STEW,sub23,scored_task,1,high_workload,16.0,20.0,STEW|sub23|scored_task|16.000|20.000
STEW,sub23,scored_task,1,high_workload,18.0,22.0,STEW|sub23|scored_task|18.000|22.000
STEW,sub23,scored_task,1,high_workload,20.0,24.0,STEW|sub23|scored_task|20.000|24.000
STEW,sub23,scored_task,1,high_workload,22.0,26.0,STEW|sub23|scored_task|22.000|26.000
STEW,sub23,scored_task,1,high_workload,24.0,28.0,STEW|sub23|scored_task|24.000|28.000
STEW,sub23,scored_task,1,high_workload,26.0,30.0,STEW|sub23|scored_task|26.000|30.000
STEW,sub24,calibration,0,rest_no_task,0.0,4.0,STEW|sub24|calibration|0.000|4.000
STEW,sub24,calibration,0,rest_no_task,2.0,6.0,STEW|sub24|calibration|2.000|6.000
STEW,sub24,calibration,0,rest_no_task,4.0,8.0,STEW|sub24|calibration|4.000|8.000
STEW,sub24,calibration,0,rest_no_task,6.0,10.0,STEW|sub24|calibration|6.000|10.000
STEW,sub24,calibration,0,rest_no_task,8.0,12.0,STEW|sub24|calibration|8.000|12.000
STEW,sub24,calibration,0,rest_no_task,10.0,14.0,STEW|sub24|calibration|10.000|14.000
STEW,sub24,calibration,0,rest_no_task,12.0,16.0,STEW|sub24|calibration|12.000|16.000
STEW,sub24,calibration,0,rest_no_task,14.0,18.0,STEW|sub24|calibration|14.000|18.000
STEW,sub24,calibration,0,rest_no_task,16.0,20.0,STEW|sub24|calibration|16.000|20.000
STEW,sub24,calibration,0,rest_no_task,18.0,22.0,STEW|sub24|calibration|18.000|22.000
STEW,sub24,calibration,0,rest_no_task,20.0,24.0,STEW|sub24|calibration|20.000|24.000
STEW,sub24,calibration,0,rest_no_task,22.0,26.0,STEW|sub24|calibration|22.000|26.000
STEW,sub24,calibration,0,rest_no_task,24.0,28.0,STEW|sub24|calibration|24.000|28.000
STEW,sub24,calibration,0,rest_no_task,26.0,30.0,STEW|sub24|calibration|26.000|30.000
STEW,sub24,scored_rest,0,rest_no_task,30.0,34.0,STEW|sub24|scored_rest|30.000|34.000
STEW,sub24,scored_rest,0,rest_no_task,32.0,36.0,STEW|sub24|scored_rest|32.000|36.000
STEW,sub24,scored_rest,0,rest_no_task,34.0,38.0,STEW|sub24|scored_rest|34.000|38.000
STEW,sub24,scored_rest,0,rest_no_task,36.0,40.0,STEW|sub24|scored_rest|36.000|40.000
STEW,sub24,scored_rest,0,rest_no_task,38.0,42.0,STEW|sub24|scored_rest|38.000|42.000
STEW,sub24,scored_rest,0,rest_no_task,40.0,44.0,STEW|sub24|scored_rest|40.000|44.000
STEW,sub24,scored_rest,0,rest_no_task,42.0,46.0,STEW|sub24|scored_rest|42.000|46.000
STEW,sub24,scored_rest,0,rest_no_task,44.0,48.0,STEW|sub24|scored_rest|44.000|48.000
STEW,sub24,scored_rest,0,rest_no_task,46.0,50.0,STEW|sub24|scored_rest|46.000|50.000
STEW,sub24,scored_rest,0,rest_no_task,48.0,52.0,STEW|sub24|scored_rest|48.000|52.000
STEW,sub24,scored_rest,0,rest_no_task,50.0,54.0,STEW|sub24|scored_rest|50.000|54.000
STEW,sub24,scored_rest,0,rest_no_task,52.0,56.0,STEW|sub24|scored_rest|52.000|56.000
STEW,sub24,scored_rest,0,rest_no_task,54.0,58.0,STEW|sub24|scored_rest|54.000|58.000
STEW,sub24,scored_rest,0,rest_no_task,56.0,60.0,STEW|sub24|scored_rest|56.000|60.000
STEW,sub24,scored_task,1,high_workload,0.0,4.0,STEW|sub24|scored_task|0.000|4.000
STEW,sub24,scored_task,1,high_workload,2.0,6.0,STEW|sub24|scored_task|2.000|6.000
STEW,sub24,scored_task,1,high_workload,4.0,8.0,STEW|sub24|scored_task|4.000|8.000
STEW,sub24,scored_task,1,high_workload,6.0,10.0,STEW|sub24|scored_task|6.000|10.000
STEW,sub24,scored_task,1,high_workload,8.0,12.0,STEW|sub24|scored_task|8.000|12.000
STEW,sub24,scored_task,1,high_workload,10.0,14.0,STEW|sub24|scored_task|10.000|14.000
STEW,sub24,scored_task,1,high_workload,12.0,16.0,STEW|sub24|scored_task|12.000|16.000
STEW,sub24,scored_task,1,high_workload,14.0,18.0,STEW|sub24|scored_task|14.000|18.000
STEW,sub24,scored_task,1,high_workload,16.0,20.0,STEW|sub24|scored_task|16.000|20.000
STEW,sub24,scored_task,1,high_workload,18.0,22.0,STEW|sub24|scored_task|18.000|22.000
STEW,sub24,scored_task,1,high_workload,20.0,24.0,STEW|sub24|scored_task|20.000|24.000
STEW,sub24,scored_task,1,high_workload,22.0,26.0,STEW|sub24|scored_task|22.000|26.000
STEW,sub24,scored_task,1,high_workload,24.0,28.0,STEW|sub24|scored_task|24.000|28.000
STEW,sub24,scored_task,1,high_workload,26.0,30.0,STEW|sub24|scored_task|26.000|30.000
STEW,sub25,calibration,0,rest_no_task,0.0,4.0,STEW|sub25|calibration|0.000|4.000
STEW,sub25,calibration,0,rest_no_task,2.0,6.0,STEW|sub25|calibration|2.000|6.000
STEW,sub25,calibration,0,rest_no_task,4.0,8.0,STEW|sub25|calibration|4.000|8.000
STEW,sub25,calibration,0,rest_no_task,6.0,10.0,STEW|sub25|calibration|6.000|10.000
STEW,sub25,calibration,0,rest_no_task,8.0,12.0,STEW|sub25|calibration|8.000|12.000
STEW,sub25,calibration,0,rest_no_task,10.0,14.0,STEW|sub25|calibration|10.000|14.000
STEW,sub25,calibration,0,rest_no_task,12.0,16.0,STEW|sub25|calibration|12.000|16.000
STEW,sub25,calibration,0,rest_no_task,14.0,18.0,STEW|sub25|calibration|14.000|18.000
STEW,sub25,calibration,0,rest_no_task,16.0,20.0,STEW|sub25|calibration|16.000|20.000
STEW,sub25,calibration,0,rest_no_task,18.0,22.0,STEW|sub25|calibration|18.000|22.000
STEW,sub25,calibration,0,rest_no_task,20.0,24.0,STEW|sub25|calibration|20.000|24.000
STEW,sub25,calibration,0,rest_no_task,22.0,26.0,STEW|sub25|calibration|22.000|26.000
STEW,sub25,calibration,0,rest_no_task,24.0,28.0,STEW|sub25|calibration|24.000|28.000
STEW,sub25,calibration,0,rest_no_task,26.0,30.0,STEW|sub25|calibration|26.000|30.000
STEW,sub25,scored_rest,0,rest_no_task,30.0,34.0,STEW|sub25|scored_rest|30.000|34.000
STEW,sub25,scored_rest,0,rest_no_task,32.0,36.0,STEW|sub25|scored_rest|32.000|36.000
STEW,sub25,scored_rest,0,rest_no_task,34.0,38.0,STEW|sub25|scored_rest|34.000|38.000
STEW,sub25,scored_rest,0,rest_no_task,36.0,40.0,STEW|sub25|scored_rest|36.000|40.000
STEW,sub25,scored_rest,0,rest_no_task,38.0,42.0,STEW|sub25|scored_rest|38.000|42.000
STEW,sub25,scored_rest,0,rest_no_task,40.0,44.0,STEW|sub25|scored_rest|40.000|44.000
STEW,sub25,scored_rest,0,rest_no_task,42.0,46.0,STEW|sub25|scored_rest|42.000|46.000
STEW,sub25,scored_rest,0,rest_no_task,44.0,48.0,STEW|sub25|scored_rest|44.000|48.000
STEW,sub25,scored_rest,0,rest_no_task,46.0,50.0,STEW|sub25|scored_rest|46.000|50.000
STEW,sub25,scored_rest,0,rest_no_task,48.0,52.0,STEW|sub25|scored_rest|48.000|52.000
STEW,sub25,scored_rest,0,rest_no_task,50.0,54.0,STEW|sub25|scored_rest|50.000|54.000
STEW,sub25,scored_rest,0,rest_no_task,52.0,56.0,STEW|sub25|scored_rest|52.000|56.000
STEW,sub25,scored_rest,0,rest_no_task,54.0,58.0,STEW|sub25|scored_rest|54.000|58.000
STEW,sub25,scored_rest,0,rest_no_task,56.0,60.0,STEW|sub25|scored_rest|56.000|60.000
STEW,sub25,scored_task,1,high_workload,0.0,4.0,STEW|sub25|scored_task|0.000|4.000
STEW,sub25,scored_task,1,high_workload,2.0,6.0,STEW|sub25|scored_task|2.000|6.000
STEW,sub25,scored_task,1,high_workload,4.0,8.0,STEW|sub25|scored_task|4.000|8.000
STEW,sub25,scored_task,1,high_workload,6.0,10.0,STEW|sub25|scored_task|6.000|10.000
STEW,sub25,scored_task,1,high_workload,8.0,12.0,STEW|sub25|scored_task|8.000|12.000
STEW,sub25,scored_task,1,high_workload,10.0,14.0,STEW|sub25|scored_task|10.000|14.000
STEW,sub25,scored_task,1,high_workload,12.0,16.0,STEW|sub25|scored_task|12.000|16.000
STEW,sub25,scored_task,1,high_workload,14.0,18.0,STEW|sub25|scored_task|14.000|18.000
STEW,sub25,scored_task,1,high_workload,16.0,20.0,STEW|sub25|scored_task|16.000|20.000
STEW,sub25,scored_task,1,high_workload,18.0,22.0,STEW|sub25|scored_task|18.000|22.000
STEW,sub25,scored_task,1,high_workload,20.0,24.0,STEW|sub25|scored_task|20.000|24.000
STEW,sub25,scored_task,1,high_workload,22.0,26.0,STEW|sub25|scored_task|22.000|26.000
STEW,sub25,scored_task,1,high_workload,24.0,28.0,STEW|sub25|scored_task|24.000|28.000
STEW,sub25,scored_task,1,high_workload,26.0,30.0,STEW|sub25|scored_task|26.000|30.000
STEW,sub26,calibration,0,rest_no_task,0.0,4.0,STEW|sub26|calibration|0.000|4.000
STEW,sub26,calibration,0,rest_no_task,2.0,6.0,STEW|sub26|calibration|2.000|6.000
STEW,sub26,calibration,0,rest_no_task,4.0,8.0,STEW|sub26|calibration|4.000|8.000
STEW,sub26,calibration,0,rest_no_task,6.0,10.0,STEW|sub26|calibration|6.000|10.000
STEW,sub26,calibration,0,rest_no_task,8.0,12.0,STEW|sub26|calibration|8.000|12.000
STEW,sub26,calibration,0,rest_no_task,10.0,14.0,STEW|sub26|calibration|10.000|14.000
STEW,sub26,calibration,0,rest_no_task,12.0,16.0,STEW|sub26|calibration|12.000|16.000
STEW,sub26,calibration,0,rest_no_task,14.0,18.0,STEW|sub26|calibration|14.000|18.000
STEW,sub26,calibration,0,rest_no_task,16.0,20.0,STEW|sub26|calibration|16.000|20.000
STEW,sub26,calibration,0,rest_no_task,18.0,22.0,STEW|sub26|calibration|18.000|22.000
STEW,sub26,calibration,0,rest_no_task,20.0,24.0,STEW|sub26|calibration|20.000|24.000
STEW,sub26,calibration,0,rest_no_task,22.0,26.0,STEW|sub26|calibration|22.000|26.000
STEW,sub26,calibration,0,rest_no_task,24.0,28.0,STEW|sub26|calibration|24.000|28.000
STEW,sub26,calibration,0,rest_no_task,26.0,30.0,STEW|sub26|calibration|26.000|30.000
STEW,sub26,scored_rest,0,rest_no_task,30.0,34.0,STEW|sub26|scored_rest|30.000|34.000
STEW,sub26,scored_rest,0,rest_no_task,32.0,36.0,STEW|sub26|scored_rest|32.000|36.000
STEW,sub26,scored_rest,0,rest_no_task,34.0,38.0,STEW|sub26|scored_rest|34.000|38.000
STEW,sub26,scored_rest,0,rest_no_task,36.0,40.0,STEW|sub26|scored_rest|36.000|40.000
STEW,sub26,scored_rest,0,rest_no_task,38.0,42.0,STEW|sub26|scored_rest|38.000|42.000
STEW,sub26,scored_rest,0,rest_no_task,40.0,44.0,STEW|sub26|scored_rest|40.000|44.000
STEW,sub26,scored_rest,0,rest_no_task,42.0,46.0,STEW|sub26|scored_rest|42.000|46.000
STEW,sub26,scored_rest,0,rest_no_task,44.0,48.0,STEW|sub26|scored_rest|44.000|48.000
STEW,sub26,scored_rest,0,rest_no_task,46.0,50.0,STEW|sub26|scored_rest|46.000|50.000
STEW,sub26,scored_rest,0,rest_no_task,48.0,52.0,STEW|sub26|scored_rest|48.000|52.000
STEW,sub26,scored_rest,0,rest_no_task,50.0,54.0,STEW|sub26|scored_rest|50.000|54.000
STEW,sub26,scored_rest,0,rest_no_task,52.0,56.0,STEW|sub26|scored_rest|52.000|56.000
STEW,sub26,scored_rest,0,rest_no_task,54.0,58.0,STEW|sub26|scored_rest|54.000|58.000
STEW,sub26,scored_rest,0,rest_no_task,56.0,60.0,STEW|sub26|scored_rest|56.000|60.000
STEW,sub26,scored_task,1,high_workload,0.0,4.0,STEW|sub26|scored_task|0.000|4.000
STEW,sub26,scored_task,1,high_workload,2.0,6.0,STEW|sub26|scored_task|2.000|6.000
STEW,sub26,scored_task,1,high_workload,4.0,8.0,STEW|sub26|scored_task|4.000|8.000
STEW,sub26,scored_task,1,high_workload,6.0,10.0,STEW|sub26|scored_task|6.000|10.000
STEW,sub26,scored_task,1,high_workload,8.0,12.0,STEW|sub26|scored_task|8.000|12.000
STEW,sub26,scored_task,1,high_workload,10.0,14.0,STEW|sub26|scored_task|10.000|14.000
STEW,sub26,scored_task,1,high_workload,12.0,16.0,STEW|sub26|scored_task|12.000|16.000
STEW,sub26,scored_task,1,high_workload,14.0,18.0,STEW|sub26|scored_task|14.000|18.000
STEW,sub26,scored_task,1,high_workload,16.0,20.0,STEW|sub26|scored_task|16.000|20.000
STEW,sub26,scored_task,1,high_workload,18.0,22.0,STEW|sub26|scored_task|18.000|22.000
STEW,sub26,scored_task,1,high_workload,20.0,24.0,STEW|sub26|scored_task|20.000|24.000
STEW,sub26,scored_task,1,high_workload,22.0,26.0,STEW|sub26|scored_task|22.000|26.000
STEW,sub26,scored_task,1,high_workload,24.0,28.0,STEW|sub26|scored_task|24.000|28.000
STEW,sub26,scored_task,1,high_workload,26.0,30.0,STEW|sub26|scored_task|26.000|30.000
STEW,sub27,calibration,0,rest_no_task,0.0,4.0,STEW|sub27|calibration|0.000|4.000
STEW,sub27,calibration,0,rest_no_task,2.0,6.0,STEW|sub27|calibration|2.000|6.000
STEW,sub27,calibration,0,rest_no_task,4.0,8.0,STEW|sub27|calibration|4.000|8.000
STEW,sub27,calibration,0,rest_no_task,6.0,10.0,STEW|sub27|calibration|6.000|10.000
STEW,sub27,calibration,0,rest_no_task,8.0,12.0,STEW|sub27|calibration|8.000|12.000
STEW,sub27,calibration,0,rest_no_task,10.0,14.0,STEW|sub27|calibration|10.000|14.000
STEW,sub27,calibration,0,rest_no_task,12.0,16.0,STEW|sub27|calibration|12.000|16.000
STEW,sub27,calibration,0,rest_no_task,14.0,18.0,STEW|sub27|calibration|14.000|18.000
STEW,sub27,calibration,0,rest_no_task,16.0,20.0,STEW|sub27|calibration|16.000|20.000
STEW,sub27,calibration,0,rest_no_task,18.0,22.0,STEW|sub27|calibration|18.000|22.000
STEW,sub27,calibration,0,rest_no_task,20.0,24.0,STEW|sub27|calibration|20.000|24.000
STEW,sub27,calibration,0,rest_no_task,22.0,26.0,STEW|sub27|calibration|22.000|26.000
STEW,sub27,calibration,0,rest_no_task,24.0,28.0,STEW|sub27|calibration|24.000|28.000
STEW,sub27,calibration,0,rest_no_task,26.0,30.0,STEW|sub27|calibration|26.000|30.000
STEW,sub27,scored_rest,0,rest_no_task,30.0,34.0,STEW|sub27|scored_rest|30.000|34.000
STEW,sub27,scored_rest,0,rest_no_task,32.0,36.0,STEW|sub27|scored_rest|32.000|36.000
STEW,sub27,scored_rest,0,rest_no_task,34.0,38.0,STEW|sub27|scored_rest|34.000|38.000
STEW,sub27,scored_rest,0,rest_no_task,36.0,40.0,STEW|sub27|scored_rest|36.000|40.000
STEW,sub27,scored_rest,0,rest_no_task,38.0,42.0,STEW|sub27|scored_rest|38.000|42.000
STEW,sub27,scored_rest,0,rest_no_task,40.0,44.0,STEW|sub27|scored_rest|40.000|44.000
STEW,sub27,scored_rest,0,rest_no_task,42.0,46.0,STEW|sub27|scored_rest|42.000|46.000
STEW,sub27,scored_rest,0,rest_no_task,44.0,48.0,STEW|sub27|scored_rest|44.000|48.000
STEW,sub27,scored_rest,0,rest_no_task,46.0,50.0,STEW|sub27|scored_rest|46.000|50.000
STEW,sub27,scored_rest,0,rest_no_task,48.0,52.0,STEW|sub27|scored_rest|48.000|52.000
STEW,sub27,scored_rest,0,rest_no_task,50.0,54.0,STEW|sub27|scored_rest|50.000|54.000
STEW,sub27,scored_rest,0,rest_no_task,52.0,56.0,STEW|sub27|scored_rest|52.000|56.000
STEW,sub27,scored_rest,0,rest_no_task,54.0,58.0,STEW|sub27|scored_rest|54.000|58.000
STEW,sub27,scored_rest,0,rest_no_task,56.0,60.0,STEW|sub27|scored_rest|56.000|60.000
STEW,sub27,scored_task,1,high_workload,0.0,4.0,STEW|sub27|scored_task|0.000|4.000
STEW,sub27,scored_task,1,high_workload,2.0,6.0,STEW|sub27|scored_task|2.000|6.000
STEW,sub27,scored_task,1,high_workload,4.0,8.0,STEW|sub27|scored_task|4.000|8.000
STEW,sub27,scored_task,1,high_workload,6.0,10.0,STEW|sub27|scored_task|6.000|10.000
STEW,sub27,scored_task,1,high_workload,8.0,12.0,STEW|sub27|scored_task|8.000|12.000
STEW,sub27,scored_task,1,high_workload,10.0,14.0,STEW|sub27|scored_task|10.000|14.000
STEW,sub27,scored_task,1,high_workload,12.0,16.0,STEW|sub27|scored_task|12.000|16.000
STEW,sub27,scored_task,1,high_workload,14.0,18.0,STEW|sub27|scored_task|14.000|18.000
STEW,sub27,scored_task,1,high_workload,16.0,20.0,STEW|sub27|scored_task|16.000|20.000
STEW,sub27,scored_task,1,high_workload,18.0,22.0,STEW|sub27|scored_task|18.000|22.000
STEW,sub27,scored_task,1,high_workload,20.0,24.0,STEW|sub27|scored_task|20.000|24.000
STEW,sub27,scored_task,1,high_workload,22.0,26.0,STEW|sub27|scored_task|22.000|26.000
STEW,sub27,scored_task,1,high_workload,24.0,28.0,STEW|sub27|scored_task|24.000|28.000
STEW,sub27,scored_task,1,high_workload,26.0,30.0,STEW|sub27|scored_task|26.000|30.000
STEW,sub28,calibration,0,rest_no_task,0.0,4.0,STEW|sub28|calibration|0.000|4.000
STEW,sub28,calibration,0,rest_no_task,2.0,6.0,STEW|sub28|calibration|2.000|6.000
STEW,sub28,calibration,0,rest_no_task,4.0,8.0,STEW|sub28|calibration|4.000|8.000
STEW,sub28,calibration,0,rest_no_task,6.0,10.0,STEW|sub28|calibration|6.000|10.000
STEW,sub28,calibration,0,rest_no_task,8.0,12.0,STEW|sub28|calibration|8.000|12.000
STEW,sub28,calibration,0,rest_no_task,10.0,14.0,STEW|sub28|calibration|10.000|14.000
STEW,sub28,calibration,0,rest_no_task,12.0,16.0,STEW|sub28|calibration|12.000|16.000
STEW,sub28,calibration,0,rest_no_task,14.0,18.0,STEW|sub28|calibration|14.000|18.000
STEW,sub28,calibration,0,rest_no_task,16.0,20.0,STEW|sub28|calibration|16.000|20.000
STEW,sub28,calibration,0,rest_no_task,18.0,22.0,STEW|sub28|calibration|18.000|22.000
STEW,sub28,calibration,0,rest_no_task,20.0,24.0,STEW|sub28|calibration|20.000|24.000
STEW,sub28,calibration,0,rest_no_task,22.0,26.0,STEW|sub28|calibration|22.000|26.000
STEW,sub28,calibration,0,rest_no_task,24.0,28.0,STEW|sub28|calibration|24.000|28.000
STEW,sub28,calibration,0,rest_no_task,26.0,30.0,STEW|sub28|calibration|26.000|30.000
STEW,sub28,scored_rest,0,rest_no_task,30.0,34.0,STEW|sub28|scored_rest|30.000|34.000
STEW,sub28,scored_rest,0,rest_no_task,32.0,36.0,STEW|sub28|scored_rest|32.000|36.000
STEW,sub28,scored_rest,0,rest_no_task,34.0,38.0,STEW|sub28|scored_rest|34.000|38.000
STEW,sub28,scored_rest,0,rest_no_task,36.0,40.0,STEW|sub28|scored_rest|36.000|40.000
STEW,sub28,scored_rest,0,rest_no_task,38.0,42.0,STEW|sub28|scored_rest|38.000|42.000
STEW,sub28,scored_rest,0,rest_no_task,40.0,44.0,STEW|sub28|scored_rest|40.000|44.000
STEW,sub28,scored_rest,0,rest_no_task,42.0,46.0,STEW|sub28|scored_rest|42.000|46.000
STEW,sub28,scored_rest,0,rest_no_task,44.0,48.0,STEW|sub28|scored_rest|44.000|48.000
STEW,sub28,scored_rest,0,rest_no_task,46.0,50.0,STEW|sub28|scored_rest|46.000|50.000
STEW,sub28,scored_rest,0,rest_no_task,48.0,52.0,STEW|sub28|scored_rest|48.000|52.000
STEW,sub28,scored_rest,0,rest_no_task,50.0,54.0,STEW|sub28|scored_rest|50.000|54.000
STEW,sub28,scored_rest,0,rest_no_task,52.0,56.0,STEW|sub28|scored_rest|52.000|56.000
STEW,sub28,scored_rest,0,rest_no_task,54.0,58.0,STEW|sub28|scored_rest|54.000|58.000
STEW,sub28,scored_rest,0,rest_no_task,56.0,60.0,STEW|sub28|scored_rest|56.000|60.000
STEW,sub28,scored_task,1,high_workload,0.0,4.0,STEW|sub28|scored_task|0.000|4.000
STEW,sub28,scored_task,1,high_workload,2.0,6.0,STEW|sub28|scored_task|2.000|6.000
STEW,sub28,scored_task,1,high_workload,4.0,8.0,STEW|sub28|scored_task|4.000|8.000
STEW,sub28,scored_task,1,high_workload,6.0,10.0,STEW|sub28|scored_task|6.000|10.000
STEW,sub28,scored_task,1,high_workload,8.0,12.0,STEW|sub28|scored_task|8.000|12.000
STEW,sub28,scored_task,1,high_workload,10.0,14.0,STEW|sub28|scored_task|10.000|14.000
STEW,sub28,scored_task,1,high_workload,12.0,16.0,STEW|sub28|scored_task|12.000|16.000
STEW,sub28,scored_task,1,high_workload,14.0,18.0,STEW|sub28|scored_task|14.000|18.000
STEW,sub28,scored_task,1,high_workload,16.0,20.0,STEW|sub28|scored_task|16.000|20.000
STEW,sub28,scored_task,1,high_workload,18.0,22.0,STEW|sub28|scored_task|18.000|22.000
STEW,sub28,scored_task,1,high_workload,20.0,24.0,STEW|sub28|scored_task|20.000|24.000
STEW,sub28,scored_task,1,high_workload,22.0,26.0,STEW|sub28|scored_task|22.000|26.000
STEW,sub28,scored_task,1,high_workload,24.0,28.0,STEW|sub28|scored_task|24.000|28.000
STEW,sub28,scored_task,1,high_workload,26.0,30.0,STEW|sub28|scored_task|26.000|30.000
STEW,sub29,calibration,0,rest_no_task,0.0,4.0,STEW|sub29|calibration|0.000|4.000
STEW,sub29,calibration,0,rest_no_task,2.0,6.0,STEW|sub29|calibration|2.000|6.000
STEW,sub29,calibration,0,rest_no_task,4.0,8.0,STEW|sub29|calibration|4.000|8.000
STEW,sub29,calibration,0,rest_no_task,6.0,10.0,STEW|sub29|calibration|6.000|10.000
STEW,sub29,calibration,0,rest_no_task,8.0,12.0,STEW|sub29|calibration|8.000|12.000
STEW,sub29,calibration,0,rest_no_task,10.0,14.0,STEW|sub29|calibration|10.000|14.000
STEW,sub29,calibration,0,rest_no_task,12.0,16.0,STEW|sub29|calibration|12.000|16.000
STEW,sub29,calibration,0,rest_no_task,14.0,18.0,STEW|sub29|calibration|14.000|18.000
STEW,sub29,calibration,0,rest_no_task,16.0,20.0,STEW|sub29|calibration|16.000|20.000
STEW,sub29,calibration,0,rest_no_task,18.0,22.0,STEW|sub29|calibration|18.000|22.000
STEW,sub29,calibration,0,rest_no_task,20.0,24.0,STEW|sub29|calibration|20.000|24.000
STEW,sub29,calibration,0,rest_no_task,22.0,26.0,STEW|sub29|calibration|22.000|26.000
STEW,sub29,calibration,0,rest_no_task,24.0,28.0,STEW|sub29|calibration|24.000|28.000
STEW,sub29,calibration,0,rest_no_task,26.0,30.0,STEW|sub29|calibration|26.000|30.000
STEW,sub29,scored_rest,0,rest_no_task,30.0,34.0,STEW|sub29|scored_rest|30.000|34.000
STEW,sub29,scored_rest,0,rest_no_task,32.0,36.0,STEW|sub29|scored_rest|32.000|36.000
STEW,sub29,scored_rest,0,rest_no_task,34.0,38.0,STEW|sub29|scored_rest|34.000|38.000
STEW,sub29,scored_rest,0,rest_no_task,36.0,40.0,STEW|sub29|scored_rest|36.000|40.000
STEW,sub29,scored_rest,0,rest_no_task,38.0,42.0,STEW|sub29|scored_rest|38.000|42.000
STEW,sub29,scored_rest,0,rest_no_task,40.0,44.0,STEW|sub29|scored_rest|40.000|44.000
STEW,sub29,scored_rest,0,rest_no_task,42.0,46.0,STEW|sub29|scored_rest|42.000|46.000
STEW,sub29,scored_rest,0,rest_no_task,44.0,48.0,STEW|sub29|scored_rest|44.000|48.000
STEW,sub29,scored_rest,0,rest_no_task,46.0,50.0,STEW|sub29|scored_rest|46.000|50.000
STEW,sub29,scored_rest,0,rest_no_task,48.0,52.0,STEW|sub29|scored_rest|48.000|52.000
STEW,sub29,scored_rest,0,rest_no_task,50.0,54.0,STEW|sub29|scored_rest|50.000|54.000
STEW,sub29,scored_rest,0,rest_no_task,52.0,56.0,STEW|sub29|scored_rest|52.000|56.000
STEW,sub29,scored_rest,0,rest_no_task,54.0,58.0,STEW|sub29|scored_rest|54.000|58.000
STEW,sub29,scored_rest,0,rest_no_task,56.0,60.0,STEW|sub29|scored_rest|56.000|60.000
STEW,sub29,scored_task,1,high_workload,0.0,4.0,STEW|sub29|scored_task|0.000|4.000
STEW,sub29,scored_task,1,high_workload,2.0,6.0,STEW|sub29|scored_task|2.000|6.000
STEW,sub29,scored_task,1,high_workload,4.0,8.0,STEW|sub29|scored_task|4.000|8.000
STEW,sub29,scored_task,1,high_workload,6.0,10.0,STEW|sub29|scored_task|6.000|10.000
STEW,sub29,scored_task,1,high_workload,8.0,12.0,STEW|sub29|scored_task|8.000|12.000
STEW,sub29,scored_task,1,high_workload,10.0,14.0,STEW|sub29|scored_task|10.000|14.000
STEW,sub29,scored_task,1,high_workload,12.0,16.0,STEW|sub29|scored_task|12.000|16.000
STEW,sub29,scored_task,1,high_workload,14.0,18.0,STEW|sub29|scored_task|14.000|18.000
STEW,sub29,scored_task,1,high_workload,16.0,20.0,STEW|sub29|scored_task|16.000|20.000
STEW,sub29,scored_task,1,high_workload,18.0,22.0,STEW|sub29|scored_task|18.000|22.000
STEW,sub29,scored_task,1,high_workload,20.0,24.0,STEW|sub29|scored_task|20.000|24.000
STEW,sub29,scored_task,1,high_workload,22.0,26.0,STEW|sub29|scored_task|22.000|26.000
STEW,sub29,scored_task,1,high_workload,24.0,28.0,STEW|sub29|scored_task|24.000|28.000
STEW,sub29,scored_task,1,high_workload,26.0,30.0,STEW|sub29|scored_task|26.000|30.000
STEW,sub30,calibration,0,rest_no_task,0.0,4.0,STEW|sub30|calibration|0.000|4.000
STEW,sub30,calibration,0,rest_no_task,2.0,6.0,STEW|sub30|calibration|2.000|6.000
STEW,sub30,calibration,0,rest_no_task,4.0,8.0,STEW|sub30|calibration|4.000|8.000
STEW,sub30,calibration,0,rest_no_task,6.0,10.0,STEW|sub30|calibration|6.000|10.000
STEW,sub30,calibration,0,rest_no_task,8.0,12.0,STEW|sub30|calibration|8.000|12.000
STEW,sub30,calibration,0,rest_no_task,10.0,14.0,STEW|sub30|calibration|10.000|14.000
STEW,sub30,calibration,0,rest_no_task,12.0,16.0,STEW|sub30|calibration|12.000|16.000
STEW,sub30,calibration,0,rest_no_task,14.0,18.0,STEW|sub30|calibration|14.000|18.000
STEW,sub30,calibration,0,rest_no_task,16.0,20.0,STEW|sub30|calibration|16.000|20.000
STEW,sub30,calibration,0,rest_no_task,18.0,22.0,STEW|sub30|calibration|18.000|22.000
STEW,sub30,calibration,0,rest_no_task,20.0,24.0,STEW|sub30|calibration|20.000|24.000
STEW,sub30,calibration,0,rest_no_task,22.0,26.0,STEW|sub30|calibration|22.000|26.000
STEW,sub30,calibration,0,rest_no_task,24.0,28.0,STEW|sub30|calibration|24.000|28.000
STEW,sub30,calibration,0,rest_no_task,26.0,30.0,STEW|sub30|calibration|26.000|30.000
STEW,sub30,scored_rest,0,rest_no_task,30.0,34.0,STEW|sub30|scored_rest|30.000|34.000
STEW,sub30,scored_rest,0,rest_no_task,32.0,36.0,STEW|sub30|scored_rest|32.000|36.000
STEW,sub30,scored_rest,0,rest_no_task,34.0,38.0,STEW|sub30|scored_rest|34.000|38.000
STEW,sub30,scored_rest,0,rest_no_task,36.0,40.0,STEW|sub30|scored_rest|36.000|40.000
STEW,sub30,scored_rest,0,rest_no_task,38.0,42.0,STEW|sub30|scored_rest|38.000|42.000
STEW,sub30,scored_rest,0,rest_no_task,40.0,44.0,STEW|sub30|scored_rest|40.000|44.000
STEW,sub30,scored_rest,0,rest_no_task,42.0,46.0,STEW|sub30|scored_rest|42.000|46.000
STEW,sub30,scored_rest,0,rest_no_task,44.0,48.0,STEW|sub30|scored_rest|44.000|48.000
STEW,sub30,scored_rest,0,rest_no_task,46.0,50.0,STEW|sub30|scored_rest|46.000|50.000
STEW,sub30,scored_rest,0,rest_no_task,48.0,52.0,STEW|sub30|scored_rest|48.000|52.000
STEW,sub30,scored_rest,0,rest_no_task,50.0,54.0,STEW|sub30|scored_rest|50.000|54.000
STEW,sub30,scored_rest,0,rest_no_task,52.0,56.0,STEW|sub30|scored_rest|52.000|56.000
STEW,sub30,scored_rest,0,rest_no_task,54.0,58.0,STEW|sub30|scored_rest|54.000|58.000
STEW,sub30,scored_rest,0,rest_no_task,56.0,60.0,STEW|sub30|scored_rest|56.000|60.000
STEW,sub30,scored_task,1,high_workload,0.0,4.0,STEW|sub30|scored_task|0.000|4.000
STEW,sub30,scored_task,1,high_workload,2.0,6.0,STEW|sub30|scored_task|2.000|6.000
STEW,sub30,scored_task,1,high_workload,4.0,8.0,STEW|sub30|scored_task|4.000|8.000
STEW,sub30,scored_task,1,high_workload,6.0,10.0,STEW|sub30|scored_task|6.000|10.000
STEW,sub30,scored_task,1,high_workload,8.0,12.0,STEW|sub30|scored_task|8.000|12.000
STEW,sub30,scored_task,1,high_workload,10.0,14.0,STEW|sub30|scored_task|10.000|14.000
STEW,sub30,scored_task,1,high_workload,12.0,16.0,STEW|sub30|scored_task|12.000|16.000
STEW,sub30,scored_task,1,high_workload,14.0,18.0,STEW|sub30|scored_task|14.000|18.000
STEW,sub30,scored_task,1,high_workload,16.0,20.0,STEW|sub30|scored_task|16.000|20.000
STEW,sub30,scored_task,1,high_workload,18.0,22.0,STEW|sub30|scored_task|18.000|22.000
STEW,sub30,scored_task,1,high_workload,20.0,24.0,STEW|sub30|scored_task|20.000|24.000
STEW,sub30,scored_task,1,high_workload,22.0,26.0,STEW|sub30|scored_task|22.000|26.000
STEW,sub30,scored_task,1,high_workload,24.0,28.0,STEW|sub30|scored_task|24.000|28.000
STEW,sub30,scored_task,1,high_workload,26.0,30.0,STEW|sub30|scored_task|26.000|30.000
STEW,sub31,calibration,0,rest_no_task,0.0,4.0,STEW|sub31|calibration|0.000|4.000
STEW,sub31,calibration,0,rest_no_task,2.0,6.0,STEW|sub31|calibration|2.000|6.000
STEW,sub31,calibration,0,rest_no_task,4.0,8.0,STEW|sub31|calibration|4.000|8.000
STEW,sub31,calibration,0,rest_no_task,6.0,10.0,STEW|sub31|calibration|6.000|10.000
STEW,sub31,calibration,0,rest_no_task,8.0,12.0,STEW|sub31|calibration|8.000|12.000
STEW,sub31,calibration,0,rest_no_task,10.0,14.0,STEW|sub31|calibration|10.000|14.000
STEW,sub31,calibration,0,rest_no_task,12.0,16.0,STEW|sub31|calibration|12.000|16.000
STEW,sub31,calibration,0,rest_no_task,14.0,18.0,STEW|sub31|calibration|14.000|18.000
STEW,sub31,calibration,0,rest_no_task,16.0,20.0,STEW|sub31|calibration|16.000|20.000
STEW,sub31,calibration,0,rest_no_task,18.0,22.0,STEW|sub31|calibration|18.000|22.000
STEW,sub31,calibration,0,rest_no_task,20.0,24.0,STEW|sub31|calibration|20.000|24.000
STEW,sub31,calibration,0,rest_no_task,22.0,26.0,STEW|sub31|calibration|22.000|26.000
STEW,sub31,calibration,0,rest_no_task,24.0,28.0,STEW|sub31|calibration|24.000|28.000
STEW,sub31,calibration,0,rest_no_task,26.0,30.0,STEW|sub31|calibration|26.000|30.000
STEW,sub31,scored_rest,0,rest_no_task,30.0,34.0,STEW|sub31|scored_rest|30.000|34.000
STEW,sub31,scored_rest,0,rest_no_task,32.0,36.0,STEW|sub31|scored_rest|32.000|36.000
STEW,sub31,scored_rest,0,rest_no_task,34.0,38.0,STEW|sub31|scored_rest|34.000|38.000
STEW,sub31,scored_rest,0,rest_no_task,36.0,40.0,STEW|sub31|scored_rest|36.000|40.000
STEW,sub31,scored_rest,0,rest_no_task,38.0,42.0,STEW|sub31|scored_rest|38.000|42.000
STEW,sub31,scored_rest,0,rest_no_task,40.0,44.0,STEW|sub31|scored_rest|40.000|44.000
STEW,sub31,scored_rest,0,rest_no_task,42.0,46.0,STEW|sub31|scored_rest|42.000|46.000
STEW,sub31,scored_rest,0,rest_no_task,44.0,48.0,STEW|sub31|scored_rest|44.000|48.000
STEW,sub31,scored_rest,0,rest_no_task,46.0,50.0,STEW|sub31|scored_rest|46.000|50.000
STEW,sub31,scored_rest,0,rest_no_task,48.0,52.0,STEW|sub31|scored_rest|48.000|52.000
STEW,sub31,scored_rest,0,rest_no_task,50.0,54.0,STEW|sub31|scored_rest|50.000|54.000
STEW,sub31,scored_rest,0,rest_no_task,52.0,56.0,STEW|sub31|scored_rest|52.000|56.000
STEW,sub31,scored_rest,0,rest_no_task,54.0,58.0,STEW|sub31|scored_rest|54.000|58.000
STEW,sub31,scored_rest,0,rest_no_task,56.0,60.0,STEW|sub31|scored_rest|56.000|60.000
STEW,sub31,scored_task,1,high_workload,0.0,4.0,STEW|sub31|scored_task|0.000|4.000
STEW,sub31,scored_task,1,high_workload,2.0,6.0,STEW|sub31|scored_task|2.000|6.000
STEW,sub31,scored_task,1,high_workload,4.0,8.0,STEW|sub31|scored_task|4.000|8.000
STEW,sub31,scored_task,1,high_workload,6.0,10.0,STEW|sub31|scored_task|6.000|10.000
STEW,sub31,scored_task,1,high_workload,8.0,12.0,STEW|sub31|scored_task|8.000|12.000
STEW,sub31,scored_task,1,high_workload,10.0,14.0,STEW|sub31|scored_task|10.000|14.000
STEW,sub31,scored_task,1,high_workload,12.0,16.0,STEW|sub31|scored_task|12.000|16.000
STEW,sub31,scored_task,1,high_workload,14.0,18.0,STEW|sub31|scored_task|14.000|18.000
STEW,sub31,scored_task,1,high_workload,16.0,20.0,STEW|sub31|scored_task|16.000|20.000
STEW,sub31,scored_task,1,high_workload,18.0,22.0,STEW|sub31|scored_task|18.000|22.000
STEW,sub31,scored_task,1,high_workload,20.0,24.0,STEW|sub31|scored_task|20.000|24.000
STEW,sub31,scored_task,1,high_workload,22.0,26.0,STEW|sub31|scored_task|22.000|26.000
STEW,sub31,scored_task,1,high_workload,24.0,28.0,STEW|sub31|scored_task|24.000|28.000
STEW,sub31,scored_task,1,high_workload,26.0,30.0,STEW|sub31|scored_task|26.000|30.000
STEW,sub32,calibration,0,rest_no_task,0.0,4.0,STEW|sub32|calibration|0.000|4.000
STEW,sub32,calibration,0,rest_no_task,2.0,6.0,STEW|sub32|calibration|2.000|6.000
STEW,sub32,calibration,0,rest_no_task,4.0,8.0,STEW|sub32|calibration|4.000|8.000
STEW,sub32,calibration,0,rest_no_task,6.0,10.0,STEW|sub32|calibration|6.000|10.000
STEW,sub32,calibration,0,rest_no_task,8.0,12.0,STEW|sub32|calibration|8.000|12.000
STEW,sub32,calibration,0,rest_no_task,10.0,14.0,STEW|sub32|calibration|10.000|14.000
STEW,sub32,calibration,0,rest_no_task,12.0,16.0,STEW|sub32|calibration|12.000|16.000
STEW,sub32,calibration,0,rest_no_task,14.0,18.0,STEW|sub32|calibration|14.000|18.000
STEW,sub32,calibration,0,rest_no_task,16.0,20.0,STEW|sub32|calibration|16.000|20.000
STEW,sub32,calibration,0,rest_no_task,18.0,22.0,STEW|sub32|calibration|18.000|22.000
STEW,sub32,calibration,0,rest_no_task,20.0,24.0,STEW|sub32|calibration|20.000|24.000
STEW,sub32,calibration,0,rest_no_task,22.0,26.0,STEW|sub32|calibration|22.000|26.000
STEW,sub32,calibration,0,rest_no_task,24.0,28.0,STEW|sub32|calibration|24.000|28.000
STEW,sub32,calibration,0,rest_no_task,26.0,30.0,STEW|sub32|calibration|26.000|30.000
STEW,sub32,scored_rest,0,rest_no_task,30.0,34.0,STEW|sub32|scored_rest|30.000|34.000
STEW,sub32,scored_rest,0,rest_no_task,32.0,36.0,STEW|sub32|scored_rest|32.000|36.000
STEW,sub32,scored_rest,0,rest_no_task,34.0,38.0,STEW|sub32|scored_rest|34.000|38.000
STEW,sub32,scored_rest,0,rest_no_task,36.0,40.0,STEW|sub32|scored_rest|36.000|40.000
STEW,sub32,scored_rest,0,rest_no_task,38.0,42.0,STEW|sub32|scored_rest|38.000|42.000
STEW,sub32,scored_rest,0,rest_no_task,40.0,44.0,STEW|sub32|scored_rest|40.000|44.000
STEW,sub32,scored_rest,0,rest_no_task,42.0,46.0,STEW|sub32|scored_rest|42.000|46.000
STEW,sub32,scored_rest,0,rest_no_task,44.0,48.0,STEW|sub32|scored_rest|44.000|48.000
STEW,sub32,scored_rest,0,rest_no_task,46.0,50.0,STEW|sub32|scored_rest|46.000|50.000
STEW,sub32,scored_rest,0,rest_no_task,48.0,52.0,STEW|sub32|scored_rest|48.000|52.000
STEW,sub32,scored_rest,0,rest_no_task,50.0,54.0,STEW|sub32|scored_rest|50.000|54.000
STEW,sub32,scored_rest,0,rest_no_task,52.0,56.0,STEW|sub32|scored_rest|52.000|56.000
STEW,sub32,scored_rest,0,rest_no_task,54.0,58.0,STEW|sub32|scored_rest|54.000|58.000
STEW,sub32,scored_rest,0,rest_no_task,56.0,60.0,STEW|sub32|scored_rest|56.000|60.000
STEW,sub32,scored_task,1,high_workload,0.0,4.0,STEW|sub32|scored_task|0.000|4.000
STEW,sub32,scored_task,1,high_workload,2.0,6.0,STEW|sub32|scored_task|2.000|6.000
STEW,sub32,scored_task,1,high_workload,4.0,8.0,STEW|sub32|scored_task|4.000|8.000
STEW,sub32,scored_task,1,high_workload,6.0,10.0,STEW|sub32|scored_task|6.000|10.000
STEW,sub32,scored_task,1,high_workload,8.0,12.0,STEW|sub32|scored_task|8.000|12.000
STEW,sub32,scored_task,1,high_workload,10.0,14.0,STEW|sub32|scored_task|10.000|14.000
STEW,sub32,scored_task,1,high_workload,12.0,16.0,STEW|sub32|scored_task|12.000|16.000
STEW,sub32,scored_task,1,high_workload,14.0,18.0,STEW|sub32|scored_task|14.000|18.000
STEW,sub32,scored_task,1,high_workload,16.0,20.0,STEW|sub32|scored_task|16.000|20.000
STEW,sub32,scored_task,1,high_workload,18.0,22.0,STEW|sub32|scored_task|18.000|22.000
STEW,sub32,scored_task,1,high_workload,20.0,24.0,STEW|sub32|scored_task|20.000|24.000
STEW,sub32,scored_task,1,high_workload,22.0,26.0,STEW|sub32|scored_task|22.000|26.000
STEW,sub32,scored_task,1,high_workload,24.0,28.0,STEW|sub32|scored_task|24.000|28.000
STEW,sub32,scored_task,1,high_workload,26.0,30.0,STEW|sub32|scored_task|26.000|30.000
STEW,sub33,calibration,0,rest_no_task,0.0,4.0,STEW|sub33|calibration|0.000|4.000
STEW,sub33,calibration,0,rest_no_task,2.0,6.0,STEW|sub33|calibration|2.000|6.000
STEW,sub33,calibration,0,rest_no_task,4.0,8.0,STEW|sub33|calibration|4.000|8.000
STEW,sub33,calibration,0,rest_no_task,6.0,10.0,STEW|sub33|calibration|6.000|10.000
STEW,sub33,calibration,0,rest_no_task,8.0,12.0,STEW|sub33|calibration|8.000|12.000
STEW,sub33,calibration,0,rest_no_task,10.0,14.0,STEW|sub33|calibration|10.000|14.000
STEW,sub33,calibration,0,rest_no_task,12.0,16.0,STEW|sub33|calibration|12.000|16.000
STEW,sub33,calibration,0,rest_no_task,14.0,18.0,STEW|sub33|calibration|14.000|18.000
STEW,sub33,calibration,0,rest_no_task,16.0,20.0,STEW|sub33|calibration|16.000|20.000
STEW,sub33,calibration,0,rest_no_task,18.0,22.0,STEW|sub33|calibration|18.000|22.000
STEW,sub33,calibration,0,rest_no_task,20.0,24.0,STEW|sub33|calibration|20.000|24.000
STEW,sub33,calibration,0,rest_no_task,22.0,26.0,STEW|sub33|calibration|22.000|26.000
STEW,sub33,calibration,0,rest_no_task,24.0,28.0,STEW|sub33|calibration|24.000|28.000
STEW,sub33,calibration,0,rest_no_task,26.0,30.0,STEW|sub33|calibration|26.000|30.000
STEW,sub33,scored_rest,0,rest_no_task,30.0,34.0,STEW|sub33|scored_rest|30.000|34.000
STEW,sub33,scored_rest,0,rest_no_task,32.0,36.0,STEW|sub33|scored_rest|32.000|36.000
STEW,sub33,scored_rest,0,rest_no_task,34.0,38.0,STEW|sub33|scored_rest|34.000|38.000
STEW,sub33,scored_rest,0,rest_no_task,36.0,40.0,STEW|sub33|scored_rest|36.000|40.000
STEW,sub33,scored_rest,0,rest_no_task,38.0,42.0,STEW|sub33|scored_rest|38.000|42.000
STEW,sub33,scored_rest,0,rest_no_task,40.0,44.0,STEW|sub33|scored_rest|40.000|44.000
STEW,sub33,scored_rest,0,rest_no_task,42.0,46.0,STEW|sub33|scored_rest|42.000|46.000
STEW,sub33,scored_rest,0,rest_no_task,44.0,48.0,STEW|sub33|scored_rest|44.000|48.000
STEW,sub33,scored_rest,0,rest_no_task,46.0,50.0,STEW|sub33|scored_rest|46.000|50.000
STEW,sub33,scored_rest,0,rest_no_task,48.0,52.0,STEW|sub33|scored_rest|48.000|52.000
STEW,sub33,scored_rest,0,rest_no_task,50.0,54.0,STEW|sub33|scored_rest|50.000|54.000
STEW,sub33,scored_rest,0,rest_no_task,52.0,56.0,STEW|sub33|scored_rest|52.000|56.000
STEW,sub33,scored_rest,0,rest_no_task,54.0,58.0,STEW|sub33|scored_rest|54.000|58.000
STEW,sub33,scored_rest,0,rest_no_task,56.0,60.0,STEW|sub33|scored_rest|56.000|60.000
STEW,sub33,scored_task,1,high_workload,0.0,4.0,STEW|sub33|scored_task|0.000|4.000
STEW,sub33,scored_task,1,high_workload,2.0,6.0,STEW|sub33|scored_task|2.000|6.000
STEW,sub33,scored_task,1,high_workload,4.0,8.0,STEW|sub33|scored_task|4.000|8.000
STEW,sub33,scored_task,1,high_workload,6.0,10.0,STEW|sub33|scored_task|6.000|10.000
STEW,sub33,scored_task,1,high_workload,8.0,12.0,STEW|sub33|scored_task|8.000|12.000
STEW,sub33,scored_task,1,high_workload,10.0,14.0,STEW|sub33|scored_task|10.000|14.000
STEW,sub33,scored_task,1,high_workload,12.0,16.0,STEW|sub33|scored_task|12.000|16.000
STEW,sub33,scored_task,1,high_workload,14.0,18.0,STEW|sub33|scored_task|14.000|18.000
STEW,sub33,scored_task,1,high_workload,16.0,20.0,STEW|sub33|scored_task|16.000|20.000
STEW,sub33,scored_task,1,high_workload,18.0,22.0,STEW|sub33|scored_task|18.000|22.000
STEW,sub33,scored_task,1,high_workload,20.0,24.0,STEW|sub33|scored_task|20.000|24.000
STEW,sub33,scored_task,1,high_workload,22.0,26.0,STEW|sub33|scored_task|22.000|26.000
STEW,sub33,scored_task,1,high_workload,24.0,28.0,STEW|sub33|scored_task|24.000|28.000
STEW,sub33,scored_task,1,high_workload,26.0,30.0,STEW|sub33|scored_task|26.000|30.000
STEW,sub34,calibration,0,rest_no_task,0.0,4.0,STEW|sub34|calibration|0.000|4.000
STEW,sub34,calibration,0,rest_no_task,2.0,6.0,STEW|sub34|calibration|2.000|6.000
STEW,sub34,calibration,0,rest_no_task,4.0,8.0,STEW|sub34|calibration|4.000|8.000
STEW,sub34,calibration,0,rest_no_task,6.0,10.0,STEW|sub34|calibration|6.000|10.000
STEW,sub34,calibration,0,rest_no_task,8.0,12.0,STEW|sub34|calibration|8.000|12.000
STEW,sub34,calibration,0,rest_no_task,10.0,14.0,STEW|sub34|calibration|10.000|14.000
STEW,sub34,calibration,0,rest_no_task,12.0,16.0,STEW|sub34|calibration|12.000|16.000
STEW,sub34,calibration,0,rest_no_task,14.0,18.0,STEW|sub34|calibration|14.000|18.000
STEW,sub34,calibration,0,rest_no_task,16.0,20.0,STEW|sub34|calibration|16.000|20.000
STEW,sub34,calibration,0,rest_no_task,18.0,22.0,STEW|sub34|calibration|18.000|22.000
STEW,sub34,calibration,0,rest_no_task,20.0,24.0,STEW|sub34|calibration|20.000|24.000
STEW,sub34,calibration,0,rest_no_task,22.0,26.0,STEW|sub34|calibration|22.000|26.000
STEW,sub34,calibration,0,rest_no_task,24.0,28.0,STEW|sub34|calibration|24.000|28.000
STEW,sub34,calibration,0,rest_no_task,26.0,30.0,STEW|sub34|calibration|26.000|30.000
STEW,sub34,scored_rest,0,rest_no_task,30.0,34.0,STEW|sub34|scored_rest|30.000|34.000
STEW,sub34,scored_rest,0,rest_no_task,32.0,36.0,STEW|sub34|scored_rest|32.000|36.000
STEW,sub34,scored_rest,0,rest_no_task,34.0,38.0,STEW|sub34|scored_rest|34.000|38.000
STEW,sub34,scored_rest,0,rest_no_task,36.0,40.0,STEW|sub34|scored_rest|36.000|40.000
STEW,sub34,scored_rest,0,rest_no_task,38.0,42.0,STEW|sub34|scored_rest|38.000|42.000
STEW,sub34,scored_rest,0,rest_no_task,40.0,44.0,STEW|sub34|scored_rest|40.000|44.000
STEW,sub34,scored_rest,0,rest_no_task,42.0,46.0,STEW|sub34|scored_rest|42.000|46.000
STEW,sub34,scored_rest,0,rest_no_task,44.0,48.0,STEW|sub34|scored_rest|44.000|48.000
STEW,sub34,scored_rest,0,rest_no_task,46.0,50.0,STEW|sub34|scored_rest|46.000|50.000
STEW,sub34,scored_rest,0,rest_no_task,48.0,52.0,STEW|sub34|scored_rest|48.000|52.000
STEW,sub34,scored_rest,0,rest_no_task,50.0,54.0,STEW|sub34|scored_rest|50.000|54.000
STEW,sub34,scored_rest,0,rest_no_task,52.0,56.0,STEW|sub34|scored_rest|52.000|56.000
STEW,sub34,scored_rest,0,rest_no_task,54.0,58.0,STEW|sub34|scored_rest|54.000|58.000
STEW,sub34,scored_rest,0,rest_no_task,56.0,60.0,STEW|sub34|scored_rest|56.000|60.000
STEW,sub34,scored_task,1,high_workload,0.0,4.0,STEW|sub34|scored_task|0.000|4.000
STEW,sub34,scored_task,1,high_workload,2.0,6.0,STEW|sub34|scored_task|2.000|6.000
STEW,sub34,scored_task,1,high_workload,4.0,8.0,STEW|sub34|scored_task|4.000|8.000
STEW,sub34,scored_task,1,high_workload,6.0,10.0,STEW|sub34|scored_task|6.000|10.000
STEW,sub34,scored_task,1,high_workload,8.0,12.0,STEW|sub34|scored_task|8.000|12.000
STEW,sub34,scored_task,1,high_workload,10.0,14.0,STEW|sub34|scored_task|10.000|14.000
STEW,sub34,scored_task,1,high_workload,12.0,16.0,STEW|sub34|scored_task|12.000|16.000
STEW,sub34,scored_task,1,high_workload,14.0,18.0,STEW|sub34|scored_task|14.000|18.000
STEW,sub34,scored_task,1,high_workload,16.0,20.0,STEW|sub34|scored_task|16.000|20.000
STEW,sub34,scored_task,1,high_workload,18.0,22.0,STEW|sub34|scored_task|18.000|22.000
STEW,sub34,scored_task,1,high_workload,20.0,24.0,STEW|sub34|scored_task|20.000|24.000
STEW,sub34,scored_task,1,high_workload,22.0,26.0,STEW|sub34|scored_task|22.000|26.000
STEW,sub34,scored_task,1,high_workload,24.0,28.0,STEW|sub34|scored_task|24.000|28.000
STEW,sub34,scored_task,1,high_workload,26.0,30.0,STEW|sub34|scored_task|26.000|30.000
STEW,sub35,calibration,0,rest_no_task,0.0,4.0,STEW|sub35|calibration|0.000|4.000
STEW,sub35,calibration,0,rest_no_task,2.0,6.0,STEW|sub35|calibration|2.000|6.000
STEW,sub35,calibration,0,rest_no_task,4.0,8.0,STEW|sub35|calibration|4.000|8.000
STEW,sub35,calibration,0,rest_no_task,6.0,10.0,STEW|sub35|calibration|6.000|10.000
STEW,sub35,calibration,0,rest_no_task,8.0,12.0,STEW|sub35|calibration|8.000|12.000
STEW,sub35,calibration,0,rest_no_task,10.0,14.0,STEW|sub35|calibration|10.000|14.000
STEW,sub35,calibration,0,rest_no_task,12.0,16.0,STEW|sub35|calibration|12.000|16.000
STEW,sub35,calibration,0,rest_no_task,14.0,18.0,STEW|sub35|calibration|14.000|18.000
STEW,sub35,calibration,0,rest_no_task,16.0,20.0,STEW|sub35|calibration|16.000|20.000
STEW,sub35,calibration,0,rest_no_task,18.0,22.0,STEW|sub35|calibration|18.000|22.000
STEW,sub35,calibration,0,rest_no_task,20.0,24.0,STEW|sub35|calibration|20.000|24.000
STEW,sub35,calibration,0,rest_no_task,22.0,26.0,STEW|sub35|calibration|22.000|26.000
STEW,sub35,calibration,0,rest_no_task,24.0,28.0,STEW|sub35|calibration|24.000|28.000
STEW,sub35,calibration,0,rest_no_task,26.0,30.0,STEW|sub35|calibration|26.000|30.000
STEW,sub35,scored_rest,0,rest_no_task,30.0,34.0,STEW|sub35|scored_rest|30.000|34.000
STEW,sub35,scored_rest,0,rest_no_task,32.0,36.0,STEW|sub35|scored_rest|32.000|36.000
STEW,sub35,scored_rest,0,rest_no_task,34.0,38.0,STEW|sub35|scored_rest|34.000|38.000
STEW,sub35,scored_rest,0,rest_no_task,36.0,40.0,STEW|sub35|scored_rest|36.000|40.000
STEW,sub35,scored_rest,0,rest_no_task,38.0,42.0,STEW|sub35|scored_rest|38.000|42.000
STEW,sub35,scored_rest,0,rest_no_task,40.0,44.0,STEW|sub35|scored_rest|40.000|44.000
STEW,sub35,scored_rest,0,rest_no_task,42.0,46.0,STEW|sub35|scored_rest|42.000|46.000
STEW,sub35,scored_rest,0,rest_no_task,44.0,48.0,STEW|sub35|scored_rest|44.000|48.000
STEW,sub35,scored_rest,0,rest_no_task,46.0,50.0,STEW|sub35|scored_rest|46.000|50.000
STEW,sub35,scored_rest,0,rest_no_task,48.0,52.0,STEW|sub35|scored_rest|48.000|52.000
STEW,sub35,scored_rest,0,rest_no_task,50.0,54.0,STEW|sub35|scored_rest|50.000|54.000
STEW,sub35,scored_rest,0,rest_no_task,52.0,56.0,STEW|sub35|scored_rest|52.000|56.000
STEW,sub35,scored_rest,0,rest_no_task,54.0,58.0,STEW|sub35|scored_rest|54.000|58.000
STEW,sub35,scored_rest,0,rest_no_task,56.0,60.0,STEW|sub35|scored_rest|56.000|60.000
STEW,sub35,scored_task,1,high_workload,0.0,4.0,STEW|sub35|scored_task|0.000|4.000
STEW,sub35,scored_task,1,high_workload,2.0,6.0,STEW|sub35|scored_task|2.000|6.000
STEW,sub35,scored_task,1,high_workload,4.0,8.0,STEW|sub35|scored_task|4.000|8.000
STEW,sub35,scored_task,1,high_workload,6.0,10.0,STEW|sub35|scored_task|6.000|10.000
STEW,sub35,scored_task,1,high_workload,8.0,12.0,STEW|sub35|scored_task|8.000|12.000
STEW,sub35,scored_task,1,high_workload,10.0,14.0,STEW|sub35|scored_task|10.000|14.000
STEW,sub35,scored_task,1,high_workload,12.0,16.0,STEW|sub35|scored_task|12.000|16.000
STEW,sub35,scored_task,1,high_workload,14.0,18.0,STEW|sub35|scored_task|14.000|18.000
STEW,sub35,scored_task,1,high_workload,16.0,20.0,STEW|sub35|scored_task|16.000|20.000
STEW,sub35,scored_task,1,high_workload,18.0,22.0,STEW|sub35|scored_task|18.000|22.000
STEW,sub35,scored_task,1,high_workload,20.0,24.0,STEW|sub35|scored_task|20.000|24.000
STEW,sub35,scored_task,1,high_workload,22.0,26.0,STEW|sub35|scored_task|22.000|26.000
STEW,sub35,scored_task,1,high_workload,24.0,28.0,STEW|sub35|scored_task|24.000|28.000
STEW,sub35,scored_task,1,high_workload,26.0,30.0,STEW|sub35|scored_task|26.000|30.000
STEW,sub36,calibration,0,rest_no_task,0.0,4.0,STEW|sub36|calibration|0.000|4.000
STEW,sub36,calibration,0,rest_no_task,2.0,6.0,STEW|sub36|calibration|2.000|6.000
STEW,sub36,calibration,0,rest_no_task,4.0,8.0,STEW|sub36|calibration|4.000|8.000
STEW,sub36,calibration,0,rest_no_task,6.0,10.0,STEW|sub36|calibration|6.000|10.000
STEW,sub36,calibration,0,rest_no_task,8.0,12.0,STEW|sub36|calibration|8.000|12.000
STEW,sub36,calibration,0,rest_no_task,10.0,14.0,STEW|sub36|calibration|10.000|14.000
STEW,sub36,calibration,0,rest_no_task,12.0,16.0,STEW|sub36|calibration|12.000|16.000
STEW,sub36,calibration,0,rest_no_task,14.0,18.0,STEW|sub36|calibration|14.000|18.000
STEW,sub36,calibration,0,rest_no_task,16.0,20.0,STEW|sub36|calibration|16.000|20.000
STEW,sub36,calibration,0,rest_no_task,18.0,22.0,STEW|sub36|calibration|18.000|22.000
STEW,sub36,calibration,0,rest_no_task,20.0,24.0,STEW|sub36|calibration|20.000|24.000
STEW,sub36,calibration,0,rest_no_task,22.0,26.0,STEW|sub36|calibration|22.000|26.000
STEW,sub36,calibration,0,rest_no_task,24.0,28.0,STEW|sub36|calibration|24.000|28.000
STEW,sub36,calibration,0,rest_no_task,26.0,30.0,STEW|sub36|calibration|26.000|30.000
STEW,sub36,scored_rest,0,rest_no_task,30.0,34.0,STEW|sub36|scored_rest|30.000|34.000
STEW,sub36,scored_rest,0,rest_no_task,32.0,36.0,STEW|sub36|scored_rest|32.000|36.000
STEW,sub36,scored_rest,0,rest_no_task,34.0,38.0,STEW|sub36|scored_rest|34.000|38.000
STEW,sub36,scored_rest,0,rest_no_task,36.0,40.0,STEW|sub36|scored_rest|36.000|40.000
STEW,sub36,scored_rest,0,rest_no_task,38.0,42.0,STEW|sub36|scored_rest|38.000|42.000
STEW,sub36,scored_rest,0,rest_no_task,40.0,44.0,STEW|sub36|scored_rest|40.000|44.000
STEW,sub36,scored_rest,0,rest_no_task,42.0,46.0,STEW|sub36|scored_rest|42.000|46.000
STEW,sub36,scored_rest,0,rest_no_task,44.0,48.0,STEW|sub36|scored_rest|44.000|48.000
STEW,sub36,scored_rest,0,rest_no_task,46.0,50.0,STEW|sub36|scored_rest|46.000|50.000
STEW,sub36,scored_rest,0,rest_no_task,48.0,52.0,STEW|sub36|scored_rest|48.000|52.000
STEW,sub36,scored_rest,0,rest_no_task,50.0,54.0,STEW|sub36|scored_rest|50.000|54.000
STEW,sub36,scored_rest,0,rest_no_task,52.0,56.0,STEW|sub36|scored_rest|52.000|56.000
STEW,sub36,scored_rest,0,rest_no_task,54.0,58.0,STEW|sub36|scored_rest|54.000|58.000
STEW,sub36,scored_rest,0,rest_no_task,56.0,60.0,STEW|sub36|scored_rest|56.000|60.000
STEW,sub36,scored_task,1,high_workload,0.0,4.0,STEW|sub36|scored_task|0.000|4.000
STEW,sub36,scored_task,1,high_workload,2.0,6.0,STEW|sub36|scored_task|2.000|6.000
STEW,sub36,scored_task,1,high_workload,4.0,8.0,STEW|sub36|scored_task|4.000|8.000
STEW,sub36,scored_task,1,high_workload,6.0,10.0,STEW|sub36|scored_task|6.000|10.000
STEW,sub36,scored_task,1,high_workload,8.0,12.0,STEW|sub36|scored_task|8.000|12.000
STEW,sub36,scored_task,1,high_workload,10.0,14.0,STEW|sub36|scored_task|10.000|14.000
STEW,sub36,scored_task,1,high_workload,12.0,16.0,STEW|sub36|scored_task|12.000|16.000
STEW,sub36,scored_task,1,high_workload,14.0,18.0,STEW|sub36|scored_task|14.000|18.000
STEW,sub36,scored_task,1,high_workload,16.0,20.0,STEW|sub36|scored_task|16.000|20.000
STEW,sub36,scored_task,1,high_workload,18.0,22.0,STEW|sub36|scored_task|18.000|22.000
STEW,sub36,scored_task,1,high_workload,20.0,24.0,STEW|sub36|scored_task|20.000|24.000
STEW,sub36,scored_task,1,high_workload,22.0,26.0,STEW|sub36|scored_task|22.000|26.000
STEW,sub36,scored_task,1,high_workload,24.0,28.0,STEW|sub36|scored_task|24.000|28.000
STEW,sub36,scored_task,1,high_workload,26.0,30.0,STEW|sub36|scored_task|26.000|30.000
STEW,sub37,calibration,0,rest_no_task,0.0,4.0,STEW|sub37|calibration|0.000|4.000
STEW,sub37,calibration,0,rest_no_task,2.0,6.0,STEW|sub37|calibration|2.000|6.000
STEW,sub37,calibration,0,rest_no_task,4.0,8.0,STEW|sub37|calibration|4.000|8.000
STEW,sub37,calibration,0,rest_no_task,6.0,10.0,STEW|sub37|calibration|6.000|10.000
STEW,sub37,calibration,0,rest_no_task,8.0,12.0,STEW|sub37|calibration|8.000|12.000
STEW,sub37,calibration,0,rest_no_task,10.0,14.0,STEW|sub37|calibration|10.000|14.000
STEW,sub37,calibration,0,rest_no_task,12.0,16.0,STEW|sub37|calibration|12.000|16.000
STEW,sub37,calibration,0,rest_no_task,14.0,18.0,STEW|sub37|calibration|14.000|18.000
STEW,sub37,calibration,0,rest_no_task,16.0,20.0,STEW|sub37|calibration|16.000|20.000
STEW,sub37,calibration,0,rest_no_task,18.0,22.0,STEW|sub37|calibration|18.000|22.000
STEW,sub37,calibration,0,rest_no_task,20.0,24.0,STEW|sub37|calibration|20.000|24.000
STEW,sub37,calibration,0,rest_no_task,22.0,26.0,STEW|sub37|calibration|22.000|26.000
STEW,sub37,calibration,0,rest_no_task,24.0,28.0,STEW|sub37|calibration|24.000|28.000
STEW,sub37,calibration,0,rest_no_task,26.0,30.0,STEW|sub37|calibration|26.000|30.000
STEW,sub37,scored_rest,0,rest_no_task,30.0,34.0,STEW|sub37|scored_rest|30.000|34.000
STEW,sub37,scored_rest,0,rest_no_task,32.0,36.0,STEW|sub37|scored_rest|32.000|36.000
STEW,sub37,scored_rest,0,rest_no_task,34.0,38.0,STEW|sub37|scored_rest|34.000|38.000
STEW,sub37,scored_rest,0,rest_no_task,36.0,40.0,STEW|sub37|scored_rest|36.000|40.000
STEW,sub37,scored_rest,0,rest_no_task,38.0,42.0,STEW|sub37|scored_rest|38.000|42.000
STEW,sub37,scored_rest,0,rest_no_task,40.0,44.0,STEW|sub37|scored_rest|40.000|44.000
STEW,sub37,scored_rest,0,rest_no_task,42.0,46.0,STEW|sub37|scored_rest|42.000|46.000
STEW,sub37,scored_rest,0,rest_no_task,44.0,48.0,STEW|sub37|scored_rest|44.000|48.000
STEW,sub37,scored_rest,0,rest_no_task,46.0,50.0,STEW|sub37|scored_rest|46.000|50.000
STEW,sub37,scored_rest,0,rest_no_task,48.0,52.0,STEW|sub37|scored_rest|48.000|52.000
STEW,sub37,scored_rest,0,rest_no_task,50.0,54.0,STEW|sub37|scored_rest|50.000|54.000
STEW,sub37,scored_rest,0,rest_no_task,52.0,56.0,STEW|sub37|scored_rest|52.000|56.000
STEW,sub37,scored_rest,0,rest_no_task,54.0,58.0,STEW|sub37|scored_rest|54.000|58.000
STEW,sub37,scored_rest,0,rest_no_task,56.0,60.0,STEW|sub37|scored_rest|56.000|60.000
STEW,sub37,scored_task,1,high_workload,0.0,4.0,STEW|sub37|scored_task|0.000|4.000
STEW,sub37,scored_task,1,high_workload,2.0,6.0,STEW|sub37|scored_task|2.000|6.000
STEW,sub37,scored_task,1,high_workload,4.0,8.0,STEW|sub37|scored_task|4.000|8.000
STEW,sub37,scored_task,1,high_workload,6.0,10.0,STEW|sub37|scored_task|6.000|10.000
STEW,sub37,scored_task,1,high_workload,8.0,12.0,STEW|sub37|scored_task|8.000|12.000
STEW,sub37,scored_task,1,high_workload,10.0,14.0,STEW|sub37|scored_task|10.000|14.000
STEW,sub37,scored_task,1,high_workload,12.0,16.0,STEW|sub37|scored_task|12.000|16.000
STEW,sub37,scored_task,1,high_workload,14.0,18.0,STEW|sub37|scored_task|14.000|18.000
STEW,sub37,scored_task,1,high_workload,16.0,20.0,STEW|sub37|scored_task|16.000|20.000
STEW,sub37,scored_task,1,high_workload,18.0,22.0,STEW|sub37|scored_task|18.000|22.000
STEW,sub37,scored_task,1,high_workload,20.0,24.0,STEW|sub37|scored_task|20.000|24.000
STEW,sub37,scored_task,1,high_workload,22.0,26.0,STEW|sub37|scored_task|22.000|26.000
STEW,sub37,scored_task,1,high_workload,24.0,28.0,STEW|sub37|scored_task|24.000|28.000
STEW,sub37,scored_task,1,high_workload,26.0,30.0,STEW|sub37|scored_task|26.000|30.000
STEW,sub38,calibration,0,rest_no_task,0.0,4.0,STEW|sub38|calibration|0.000|4.000
STEW,sub38,calibration,0,rest_no_task,2.0,6.0,STEW|sub38|calibration|2.000|6.000
STEW,sub38,calibration,0,rest_no_task,4.0,8.0,STEW|sub38|calibration|4.000|8.000
STEW,sub38,calibration,0,rest_no_task,6.0,10.0,STEW|sub38|calibration|6.000|10.000
STEW,sub38,calibration,0,rest_no_task,8.0,12.0,STEW|sub38|calibration|8.000|12.000
STEW,sub38,calibration,0,rest_no_task,10.0,14.0,STEW|sub38|calibration|10.000|14.000
STEW,sub38,calibration,0,rest_no_task,12.0,16.0,STEW|sub38|calibration|12.000|16.000
STEW,sub38,calibration,0,rest_no_task,14.0,18.0,STEW|sub38|calibration|14.000|18.000
STEW,sub38,calibration,0,rest_no_task,16.0,20.0,STEW|sub38|calibration|16.000|20.000
STEW,sub38,calibration,0,rest_no_task,18.0,22.0,STEW|sub38|calibration|18.000|22.000
STEW,sub38,calibration,0,rest_no_task,20.0,24.0,STEW|sub38|calibration|20.000|24.000
STEW,sub38,calibration,0,rest_no_task,22.0,26.0,STEW|sub38|calibration|22.000|26.000
STEW,sub38,calibration,0,rest_no_task,24.0,28.0,STEW|sub38|calibration|24.000|28.000
STEW,sub38,calibration,0,rest_no_task,26.0,30.0,STEW|sub38|calibration|26.000|30.000
STEW,sub38,scored_rest,0,rest_no_task,30.0,34.0,STEW|sub38|scored_rest|30.000|34.000
STEW,sub38,scored_rest,0,rest_no_task,32.0,36.0,STEW|sub38|scored_rest|32.000|36.000
STEW,sub38,scored_rest,0,rest_no_task,34.0,38.0,STEW|sub38|scored_rest|34.000|38.000
STEW,sub38,scored_rest,0,rest_no_task,36.0,40.0,STEW|sub38|scored_rest|36.000|40.000
STEW,sub38,scored_rest,0,rest_no_task,38.0,42.0,STEW|sub38|scored_rest|38.000|42.000
STEW,sub38,scored_rest,0,rest_no_task,40.0,44.0,STEW|sub38|scored_rest|40.000|44.000
STEW,sub38,scored_rest,0,rest_no_task,42.0,46.0,STEW|sub38|scored_rest|42.000|46.000
STEW,sub38,scored_rest,0,rest_no_task,44.0,48.0,STEW|sub38|scored_rest|44.000|48.000
STEW,sub38,scored_rest,0,rest_no_task,46.0,50.0,STEW|sub38|scored_rest|46.000|50.000
STEW,sub38,scored_rest,0,rest_no_task,48.0,52.0,STEW|sub38|scored_rest|48.000|52.000
STEW,sub38,scored_rest,0,rest_no_task,50.0,54.0,STEW|sub38|scored_rest|50.000|54.000
STEW,sub38,scored_rest,0,rest_no_task,52.0,56.0,STEW|sub38|scored_rest|52.000|56.000
STEW,sub38,scored_rest,0,rest_no_task,54.0,58.0,STEW|sub38|scored_rest|54.000|58.000
STEW,sub38,scored_rest,0,rest_no_task,56.0,60.0,STEW|sub38|scored_rest|56.000|60.000
STEW,sub38,scored_task,1,high_workload,0.0,4.0,STEW|sub38|scored_task|0.000|4.000
STEW,sub38,scored_task,1,high_workload,2.0,6.0,STEW|sub38|scored_task|2.000|6.000
STEW,sub38,scored_task,1,high_workload,4.0,8.0,STEW|sub38|scored_task|4.000|8.000
STEW,sub38,scored_task,1,high_workload,6.0,10.0,STEW|sub38|scored_task|6.000|10.000
STEW,sub38,scored_task,1,high_workload,8.0,12.0,STEW|sub38|scored_task|8.000|12.000
STEW,sub38,scored_task,1,high_workload,10.0,14.0,STEW|sub38|scored_task|10.000|14.000
STEW,sub38,scored_task,1,high_workload,12.0,16.0,STEW|sub38|scored_task|12.000|16.000
STEW,sub38,scored_task,1,high_workload,14.0,18.0,STEW|sub38|scored_task|14.000|18.000
STEW,sub38,scored_task,1,high_workload,16.0,20.0,STEW|sub38|scored_task|16.000|20.000
STEW,sub38,scored_task,1,high_workload,18.0,22.0,STEW|sub38|scored_task|18.000|22.000
STEW,sub38,scored_task,1,high_workload,20.0,24.0,STEW|sub38|scored_task|20.000|24.000
STEW,sub38,scored_task,1,high_workload,22.0,26.0,STEW|sub38|scored_task|22.000|26.000
STEW,sub38,scored_task,1,high_workload,24.0,28.0,STEW|sub38|scored_task|24.000|28.000
STEW,sub38,scored_task,1,high_workload,26.0,30.0,STEW|sub38|scored_task|26.000|30.000
STEW,sub39,calibration,0,rest_no_task,0.0,4.0,STEW|sub39|calibration|0.000|4.000
STEW,sub39,calibration,0,rest_no_task,2.0,6.0,STEW|sub39|calibration|2.000|6.000
STEW,sub39,calibration,0,rest_no_task,4.0,8.0,STEW|sub39|calibration|4.000|8.000
STEW,sub39,calibration,0,rest_no_task,6.0,10.0,STEW|sub39|calibration|6.000|10.000
STEW,sub39,calibration,0,rest_no_task,8.0,12.0,STEW|sub39|calibration|8.000|12.000
STEW,sub39,calibration,0,rest_no_task,10.0,14.0,STEW|sub39|calibration|10.000|14.000
STEW,sub39,calibration,0,rest_no_task,12.0,16.0,STEW|sub39|calibration|12.000|16.000
STEW,sub39,calibration,0,rest_no_task,14.0,18.0,STEW|sub39|calibration|14.000|18.000
STEW,sub39,calibration,0,rest_no_task,16.0,20.0,STEW|sub39|calibration|16.000|20.000
STEW,sub39,calibration,0,rest_no_task,18.0,22.0,STEW|sub39|calibration|18.000|22.000
STEW,sub39,calibration,0,rest_no_task,20.0,24.0,STEW|sub39|calibration|20.000|24.000
STEW,sub39,calibration,0,rest_no_task,22.0,26.0,STEW|sub39|calibration|22.000|26.000
STEW,sub39,calibration,0,rest_no_task,24.0,28.0,STEW|sub39|calibration|24.000|28.000
STEW,sub39,calibration,0,rest_no_task,26.0,30.0,STEW|sub39|calibration|26.000|30.000
STEW,sub39,scored_rest,0,rest_no_task,30.0,34.0,STEW|sub39|scored_rest|30.000|34.000
STEW,sub39,scored_rest,0,rest_no_task,32.0,36.0,STEW|sub39|scored_rest|32.000|36.000
STEW,sub39,scored_rest,0,rest_no_task,34.0,38.0,STEW|sub39|scored_rest|34.000|38.000
STEW,sub39,scored_rest,0,rest_no_task,36.0,40.0,STEW|sub39|scored_rest|36.000|40.000
STEW,sub39,scored_rest,0,rest_no_task,38.0,42.0,STEW|sub39|scored_rest|38.000|42.000
STEW,sub39,scored_rest,0,rest_no_task,40.0,44.0,STEW|sub39|scored_rest|40.000|44.000
STEW,sub39,scored_rest,0,rest_no_task,42.0,46.0,STEW|sub39|scored_rest|42.000|46.000
STEW,sub39,scored_rest,0,rest_no_task,44.0,48.0,STEW|sub39|scored_rest|44.000|48.000
STEW,sub39,scored_rest,0,rest_no_task,46.0,50.0,STEW|sub39|scored_rest|46.000|50.000
STEW,sub39,scored_rest,0,rest_no_task,48.0,52.0,STEW|sub39|scored_rest|48.000|52.000
STEW,sub39,scored_rest,0,rest_no_task,50.0,54.0,STEW|sub39|scored_rest|50.000|54.000
STEW,sub39,scored_rest,0,rest_no_task,52.0,56.0,STEW|sub39|scored_rest|52.000|56.000
STEW,sub39,scored_rest,0,rest_no_task,54.0,58.0,STEW|sub39|scored_rest|54.000|58.000
STEW,sub39,scored_rest,0,rest_no_task,56.0,60.0,STEW|sub39|scored_rest|56.000|60.000
STEW,sub39,scored_task,1,high_workload,0.0,4.0,STEW|sub39|scored_task|0.000|4.000
STEW,sub39,scored_task,1,high_workload,2.0,6.0,STEW|sub39|scored_task|2.000|6.000
STEW,sub39,scored_task,1,high_workload,4.0,8.0,STEW|sub39|scored_task|4.000|8.000
STEW,sub39,scored_task,1,high_workload,6.0,10.0,STEW|sub39|scored_task|6.000|10.000
STEW,sub39,scored_task,1,high_workload,8.0,12.0,STEW|sub39|scored_task|8.000|12.000
STEW,sub39,scored_task,1,high_workload,10.0,14.0,STEW|sub39|scored_task|10.000|14.000
STEW,sub39,scored_task,1,high_workload,12.0,16.0,STEW|sub39|scored_task|12.000|16.000
STEW,sub39,scored_task,1,high_workload,14.0,18.0,STEW|sub39|scored_task|14.000|18.000
STEW,sub39,scored_task,1,high_workload,16.0,20.0,STEW|sub39|scored_task|16.000|20.000
STEW,sub39,scored_task,1,high_workload,18.0,22.0,STEW|sub39|scored_task|18.000|22.000
STEW,sub39,scored_task,1,high_workload,20.0,24.0,STEW|sub39|scored_task|20.000|24.000
STEW,sub39,scored_task,1,high_workload,22.0,26.0,STEW|sub39|scored_task|22.000|26.000
STEW,sub39,scored_task,1,high_workload,24.0,28.0,STEW|sub39|scored_task|24.000|28.000
STEW,sub39,scored_task,1,high_workload,26.0,30.0,STEW|sub39|scored_task|26.000|30.000
STEW,sub40,calibration,0,rest_no_task,0.0,4.0,STEW|sub40|calibration|0.000|4.000
STEW,sub40,calibration,0,rest_no_task,2.0,6.0,STEW|sub40|calibration|2.000|6.000
STEW,sub40,calibration,0,rest_no_task,4.0,8.0,STEW|sub40|calibration|4.000|8.000
STEW,sub40,calibration,0,rest_no_task,6.0,10.0,STEW|sub40|calibration|6.000|10.000
STEW,sub40,calibration,0,rest_no_task,8.0,12.0,STEW|sub40|calibration|8.000|12.000
STEW,sub40,calibration,0,rest_no_task,10.0,14.0,STEW|sub40|calibration|10.000|14.000
STEW,sub40,calibration,0,rest_no_task,12.0,16.0,STEW|sub40|calibration|12.000|16.000
STEW,sub40,calibration,0,rest_no_task,14.0,18.0,STEW|sub40|calibration|14.000|18.000
STEW,sub40,calibration,0,rest_no_task,16.0,20.0,STEW|sub40|calibration|16.000|20.000
STEW,sub40,calibration,0,rest_no_task,18.0,22.0,STEW|sub40|calibration|18.000|22.000
STEW,sub40,calibration,0,rest_no_task,20.0,24.0,STEW|sub40|calibration|20.000|24.000
STEW,sub40,calibration,0,rest_no_task,22.0,26.0,STEW|sub40|calibration|22.000|26.000
STEW,sub40,calibration,0,rest_no_task,24.0,28.0,STEW|sub40|calibration|24.000|28.000
STEW,sub40,calibration,0,rest_no_task,26.0,30.0,STEW|sub40|calibration|26.000|30.000
STEW,sub40,scored_rest,0,rest_no_task,30.0,34.0,STEW|sub40|scored_rest|30.000|34.000
STEW,sub40,scored_rest,0,rest_no_task,32.0,36.0,STEW|sub40|scored_rest|32.000|36.000
STEW,sub40,scored_rest,0,rest_no_task,34.0,38.0,STEW|sub40|scored_rest|34.000|38.000
STEW,sub40,scored_rest,0,rest_no_task,36.0,40.0,STEW|sub40|scored_rest|36.000|40.000
STEW,sub40,scored_rest,0,rest_no_task,38.0,42.0,STEW|sub40|scored_rest|38.000|42.000
STEW,sub40,scored_rest,0,rest_no_task,40.0,44.0,STEW|sub40|scored_rest|40.000|44.000
STEW,sub40,scored_rest,0,rest_no_task,42.0,46.0,STEW|sub40|scored_rest|42.000|46.000
STEW,sub40,scored_rest,0,rest_no_task,44.0,48.0,STEW|sub40|scored_rest|44.000|48.000
STEW,sub40,scored_rest,0,rest_no_task,46.0,50.0,STEW|sub40|scored_rest|46.000|50.000
STEW,sub40,scored_rest,0,rest_no_task,48.0,52.0,STEW|sub40|scored_rest|48.000|52.000
STEW,sub40,scored_rest,0,rest_no_task,50.0,54.0,STEW|sub40|scored_rest|50.000|54.000
STEW,sub40,scored_rest,0,rest_no_task,52.0,56.0,STEW|sub40|scored_rest|52.000|56.000
STEW,sub40,scored_rest,0,rest_no_task,54.0,58.0,STEW|sub40|scored_rest|54.000|58.000
STEW,sub40,scored_rest,0,rest_no_task,56.0,60.0,STEW|sub40|scored_rest|56.000|60.000
STEW,sub40,scored_task,1,high_workload,0.0,4.0,STEW|sub40|scored_task|0.000|4.000
STEW,sub40,scored_task,1,high_workload,2.0,6.0,STEW|sub40|scored_task|2.000|6.000
STEW,sub40,scored_task,1,high_workload,4.0,8.0,STEW|sub40|scored_task|4.000|8.000
STEW,sub40,scored_task,1,high_workload,6.0,10.0,STEW|sub40|scored_task|6.000|10.000
STEW,sub40,scored_task,1,high_workload,8.0,12.0,STEW|sub40|scored_task|8.000|12.000
STEW,sub40,scored_task,1,high_workload,10.0,14.0,STEW|sub40|scored_task|10.000|14.000
STEW,sub40,scored_task,1,high_workload,12.0,16.0,STEW|sub40|scored_task|12.000|16.000
STEW,sub40,scored_task,1,high_workload,14.0,18.0,STEW|sub40|scored_task|14.000|18.000
STEW,sub40,scored_task,1,high_workload,16.0,20.0,STEW|sub40|scored_task|16.000|20.000
STEW,sub40,scored_task,1,high_workload,18.0,22.0,STEW|sub40|scored_task|18.000|22.000
STEW,sub40,scored_task,1,high_workload,20.0,24.0,STEW|sub40|scored_task|20.000|24.000
STEW,sub40,scored_task,1,high_workload,22.0,26.0,STEW|sub40|scored_task|22.000|26.000
STEW,sub40,scored_task,1,high_workload,24.0,28.0,STEW|sub40|scored_task|24.000|28.000
STEW,sub40,scored_task,1,high_workload,26.0,30.0,STEW|sub40|scored_task|26.000|30.000
STEW,sub41,calibration,0,rest_no_task,0.0,4.0,STEW|sub41|calibration|0.000|4.000
STEW,sub41,calibration,0,rest_no_task,2.0,6.0,STEW|sub41|calibration|2.000|6.000
STEW,sub41,calibration,0,rest_no_task,4.0,8.0,STEW|sub41|calibration|4.000|8.000
STEW,sub41,calibration,0,rest_no_task,6.0,10.0,STEW|sub41|calibration|6.000|10.000
STEW,sub41,calibration,0,rest_no_task,8.0,12.0,STEW|sub41|calibration|8.000|12.000
STEW,sub41,calibration,0,rest_no_task,10.0,14.0,STEW|sub41|calibration|10.000|14.000
STEW,sub41,calibration,0,rest_no_task,12.0,16.0,STEW|sub41|calibration|12.000|16.000
STEW,sub41,calibration,0,rest_no_task,14.0,18.0,STEW|sub41|calibration|14.000|18.000
STEW,sub41,calibration,0,rest_no_task,16.0,20.0,STEW|sub41|calibration|16.000|20.000
STEW,sub41,calibration,0,rest_no_task,18.0,22.0,STEW|sub41|calibration|18.000|22.000
STEW,sub41,calibration,0,rest_no_task,20.0,24.0,STEW|sub41|calibration|20.000|24.000
STEW,sub41,calibration,0,rest_no_task,22.0,26.0,STEW|sub41|calibration|22.000|26.000
STEW,sub41,calibration,0,rest_no_task,24.0,28.0,STEW|sub41|calibration|24.000|28.000
STEW,sub41,calibration,0,rest_no_task,26.0,30.0,STEW|sub41|calibration|26.000|30.000
STEW,sub41,scored_rest,0,rest_no_task,30.0,34.0,STEW|sub41|scored_rest|30.000|34.000
STEW,sub41,scored_rest,0,rest_no_task,32.0,36.0,STEW|sub41|scored_rest|32.000|36.000
STEW,sub41,scored_rest,0,rest_no_task,34.0,38.0,STEW|sub41|scored_rest|34.000|38.000
STEW,sub41,scored_rest,0,rest_no_task,36.0,40.0,STEW|sub41|scored_rest|36.000|40.000
STEW,sub41,scored_rest,0,rest_no_task,38.0,42.0,STEW|sub41|scored_rest|38.000|42.000
STEW,sub41,scored_rest,0,rest_no_task,40.0,44.0,STEW|sub41|scored_rest|40.000|44.000
STEW,sub41,scored_rest,0,rest_no_task,42.0,46.0,STEW|sub41|scored_rest|42.000|46.000
STEW,sub41,scored_rest,0,rest_no_task,44.0,48.0,STEW|sub41|scored_rest|44.000|48.000
STEW,sub41,scored_rest,0,rest_no_task,46.0,50.0,STEW|sub41|scored_rest|46.000|50.000
STEW,sub41,scored_rest,0,rest_no_task,48.0,52.0,STEW|sub41|scored_rest|48.000|52.000
STEW,sub41,scored_rest,0,rest_no_task,50.0,54.0,STEW|sub41|scored_rest|50.000|54.000
STEW,sub41,scored_rest,0,rest_no_task,52.0,56.0,STEW|sub41|scored_rest|52.000|56.000
STEW,sub41,scored_rest,0,rest_no_task,54.0,58.0,STEW|sub41|scored_rest|54.000|58.000
STEW,sub41,scored_rest,0,rest_no_task,56.0,60.0,STEW|sub41|scored_rest|56.000|60.000
STEW,sub41,scored_task,1,high_workload,0.0,4.0,STEW|sub41|scored_task|0.000|4.000
STEW,sub41,scored_task,1,high_workload,2.0,6.0,STEW|sub41|scored_task|2.000|6.000
STEW,sub41,scored_task,1,high_workload,4.0,8.0,STEW|sub41|scored_task|4.000|8.000
STEW,sub41,scored_task,1,high_workload,6.0,10.0,STEW|sub41|scored_task|6.000|10.000
STEW,sub41,scored_task,1,high_workload,8.0,12.0,STEW|sub41|scored_task|8.000|12.000
STEW,sub41,scored_task,1,high_workload,10.0,14.0,STEW|sub41|scored_task|10.000|14.000
STEW,sub41,scored_task,1,high_workload,12.0,16.0,STEW|sub41|scored_task|12.000|16.000
STEW,sub41,scored_task,1,high_workload,14.0,18.0,STEW|sub41|scored_task|14.000|18.000
STEW,sub41,scored_task,1,high_workload,16.0,20.0,STEW|sub41|scored_task|16.000|20.000
STEW,sub41,scored_task,1,high_workload,18.0,22.0,STEW|sub41|scored_task|18.000|22.000
STEW,sub41,scored_task,1,high_workload,20.0,24.0,STEW|sub41|scored_task|20.000|24.000
STEW,sub41,scored_task,1,high_workload,22.0,26.0,STEW|sub41|scored_task|22.000|26.000
STEW,sub41,scored_task,1,high_workload,24.0,28.0,STEW|sub41|scored_task|24.000|28.000
STEW,sub41,scored_task,1,high_workload,26.0,30.0,STEW|sub41|scored_task|26.000|30.000
STEW,sub42,calibration,0,rest_no_task,0.0,4.0,STEW|sub42|calibration|0.000|4.000
STEW,sub42,calibration,0,rest_no_task,2.0,6.0,STEW|sub42|calibration|2.000|6.000
STEW,sub42,calibration,0,rest_no_task,4.0,8.0,STEW|sub42|calibration|4.000|8.000
STEW,sub42,calibration,0,rest_no_task,6.0,10.0,STEW|sub42|calibration|6.000|10.000
STEW,sub42,calibration,0,rest_no_task,8.0,12.0,STEW|sub42|calibration|8.000|12.000
STEW,sub42,calibration,0,rest_no_task,10.0,14.0,STEW|sub42|calibration|10.000|14.000
STEW,sub42,calibration,0,rest_no_task,12.0,16.0,STEW|sub42|calibration|12.000|16.000
STEW,sub42,calibration,0,rest_no_task,14.0,18.0,STEW|sub42|calibration|14.000|18.000
STEW,sub42,calibration,0,rest_no_task,16.0,20.0,STEW|sub42|calibration|16.000|20.000
STEW,sub42,calibration,0,rest_no_task,18.0,22.0,STEW|sub42|calibration|18.000|22.000
STEW,sub42,calibration,0,rest_no_task,20.0,24.0,STEW|sub42|calibration|20.000|24.000
STEW,sub42,calibration,0,rest_no_task,22.0,26.0,STEW|sub42|calibration|22.000|26.000
STEW,sub42,calibration,0,rest_no_task,24.0,28.0,STEW|sub42|calibration|24.000|28.000
STEW,sub42,calibration,0,rest_no_task,26.0,30.0,STEW|sub42|calibration|26.000|30.000
STEW,sub42,scored_rest,0,rest_no_task,30.0,34.0,STEW|sub42|scored_rest|30.000|34.000
STEW,sub42,scored_rest,0,rest_no_task,32.0,36.0,STEW|sub42|scored_rest|32.000|36.000
STEW,sub42,scored_rest,0,rest_no_task,34.0,38.0,STEW|sub42|scored_rest|34.000|38.000
STEW,sub42,scored_rest,0,rest_no_task,36.0,40.0,STEW|sub42|scored_rest|36.000|40.000
STEW,sub42,scored_rest,0,rest_no_task,38.0,42.0,STEW|sub42|scored_rest|38.000|42.000
STEW,sub42,scored_rest,0,rest_no_task,40.0,44.0,STEW|sub42|scored_rest|40.000|44.000
STEW,sub42,scored_rest,0,rest_no_task,42.0,46.0,STEW|sub42|scored_rest|42.000|46.000
STEW,sub42,scored_rest,0,rest_no_task,44.0,48.0,STEW|sub42|scored_rest|44.000|48.000
STEW,sub42,scored_rest,0,rest_no_task,46.0,50.0,STEW|sub42|scored_rest|46.000|50.000
STEW,sub42,scored_rest,0,rest_no_task,48.0,52.0,STEW|sub42|scored_rest|48.000|52.000
STEW,sub42,scored_rest,0,rest_no_task,50.0,54.0,STEW|sub42|scored_rest|50.000|54.000
STEW,sub42,scored_rest,0,rest_no_task,52.0,56.0,STEW|sub42|scored_rest|52.000|56.000
STEW,sub42,scored_rest,0,rest_no_task,54.0,58.0,STEW|sub42|scored_rest|54.000|58.000
STEW,sub42,scored_rest,0,rest_no_task,56.0,60.0,STEW|sub42|scored_rest|56.000|60.000
STEW,sub42,scored_task,1,high_workload,0.0,4.0,STEW|sub42|scored_task|0.000|4.000
STEW,sub42,scored_task,1,high_workload,2.0,6.0,STEW|sub42|scored_task|2.000|6.000
STEW,sub42,scored_task,1,high_workload,4.0,8.0,STEW|sub42|scored_task|4.000|8.000
STEW,sub42,scored_task,1,high_workload,6.0,10.0,STEW|sub42|scored_task|6.000|10.000
STEW,sub42,scored_task,1,high_workload,8.0,12.0,STEW|sub42|scored_task|8.000|12.000
STEW,sub42,scored_task,1,high_workload,10.0,14.0,STEW|sub42|scored_task|10.000|14.000
STEW,sub42,scored_task,1,high_workload,12.0,16.0,STEW|sub42|scored_task|12.000|16.000
STEW,sub42,scored_task,1,high_workload,14.0,18.0,STEW|sub42|scored_task|14.000|18.000
STEW,sub42,scored_task,1,high_workload,16.0,20.0,STEW|sub42|scored_task|16.000|20.000
STEW,sub42,scored_task,1,high_workload,18.0,22.0,STEW|sub42|scored_task|18.000|22.000
STEW,sub42,scored_task,1,high_workload,20.0,24.0,STEW|sub42|scored_task|20.000|24.000
STEW,sub42,scored_task,1,high_workload,22.0,26.0,STEW|sub42|scored_task|22.000|26.000
STEW,sub42,scored_task,1,high_workload,24.0,28.0,STEW|sub42|scored_task|24.000|28.000
STEW,sub42,scored_task,1,high_workload,26.0,30.0,STEW|sub42|scored_task|26.000|30.000
STEW,sub43,calibration,0,rest_no_task,0.0,4.0,STEW|sub43|calibration|0.000|4.000
STEW,sub43,calibration,0,rest_no_task,2.0,6.0,STEW|sub43|calibration|2.000|6.000
STEW,sub43,calibration,0,rest_no_task,4.0,8.0,STEW|sub43|calibration|4.000|8.000
STEW,sub43,calibration,0,rest_no_task,6.0,10.0,STEW|sub43|calibration|6.000|10.000
STEW,sub43,calibration,0,rest_no_task,8.0,12.0,STEW|sub43|calibration|8.000|12.000
STEW,sub43,calibration,0,rest_no_task,10.0,14.0,STEW|sub43|calibration|10.000|14.000
STEW,sub43,calibration,0,rest_no_task,12.0,16.0,STEW|sub43|calibration|12.000|16.000
STEW,sub43,calibration,0,rest_no_task,14.0,18.0,STEW|sub43|calibration|14.000|18.000
STEW,sub43,calibration,0,rest_no_task,16.0,20.0,STEW|sub43|calibration|16.000|20.000
STEW,sub43,calibration,0,rest_no_task,18.0,22.0,STEW|sub43|calibration|18.000|22.000
STEW,sub43,calibration,0,rest_no_task,20.0,24.0,STEW|sub43|calibration|20.000|24.000
STEW,sub43,calibration,0,rest_no_task,22.0,26.0,STEW|sub43|calibration|22.000|26.000
STEW,sub43,calibration,0,rest_no_task,24.0,28.0,STEW|sub43|calibration|24.000|28.000
STEW,sub43,calibration,0,rest_no_task,26.0,30.0,STEW|sub43|calibration|26.000|30.000
STEW,sub43,scored_rest,0,rest_no_task,30.0,34.0,STEW|sub43|scored_rest|30.000|34.000
STEW,sub43,scored_rest,0,rest_no_task,32.0,36.0,STEW|sub43|scored_rest|32.000|36.000
STEW,sub43,scored_rest,0,rest_no_task,34.0,38.0,STEW|sub43|scored_rest|34.000|38.000
STEW,sub43,scored_rest,0,rest_no_task,36.0,40.0,STEW|sub43|scored_rest|36.000|40.000
STEW,sub43,scored_rest,0,rest_no_task,38.0,42.0,STEW|sub43|scored_rest|38.000|42.000
STEW,sub43,scored_rest,0,rest_no_task,40.0,44.0,STEW|sub43|scored_rest|40.000|44.000
STEW,sub43,scored_rest,0,rest_no_task,42.0,46.0,STEW|sub43|scored_rest|42.000|46.000
STEW,sub43,scored_rest,0,rest_no_task,44.0,48.0,STEW|sub43|scored_rest|44.000|48.000
STEW,sub43,scored_rest,0,rest_no_task,46.0,50.0,STEW|sub43|scored_rest|46.000|50.000
STEW,sub43,scored_rest,0,rest_no_task,48.0,52.0,STEW|sub43|scored_rest|48.000|52.000
STEW,sub43,scored_rest,0,rest_no_task,50.0,54.0,STEW|sub43|scored_rest|50.000|54.000
STEW,sub43,scored_rest,0,rest_no_task,52.0,56.0,STEW|sub43|scored_rest|52.000|56.000
STEW,sub43,scored_rest,0,rest_no_task,54.0,58.0,STEW|sub43|scored_rest|54.000|58.000
STEW,sub43,scored_rest,0,rest_no_task,56.0,60.0,STEW|sub43|scored_rest|56.000|60.000
STEW,sub43,scored_task,1,high_workload,0.0,4.0,STEW|sub43|scored_task|0.000|4.000
STEW,sub43,scored_task,1,high_workload,2.0,6.0,STEW|sub43|scored_task|2.000|6.000
STEW,sub43,scored_task,1,high_workload,4.0,8.0,STEW|sub43|scored_task|4.000|8.000
STEW,sub43,scored_task,1,high_workload,6.0,10.0,STEW|sub43|scored_task|6.000|10.000
STEW,sub43,scored_task,1,high_workload,8.0,12.0,STEW|sub43|scored_task|8.000|12.000
STEW,sub43,scored_task,1,high_workload,10.0,14.0,STEW|sub43|scored_task|10.000|14.000
STEW,sub43,scored_task,1,high_workload,12.0,16.0,STEW|sub43|scored_task|12.000|16.000
STEW,sub43,scored_task,1,high_workload,14.0,18.0,STEW|sub43|scored_task|14.000|18.000
STEW,sub43,scored_task,1,high_workload,16.0,20.0,STEW|sub43|scored_task|16.000|20.000
STEW,sub43,scored_task,1,high_workload,18.0,22.0,STEW|sub43|scored_task|18.000|22.000
STEW,sub43,scored_task,1,high_workload,20.0,24.0,STEW|sub43|scored_task|20.000|24.000
STEW,sub43,scored_task,1,high_workload,22.0,26.0,STEW|sub43|scored_task|22.000|26.000
STEW,sub43,scored_task,1,high_workload,24.0,28.0,STEW|sub43|scored_task|24.000|28.000
STEW,sub43,scored_task,1,high_workload,26.0,30.0,STEW|sub43|scored_task|26.000|30.000
STEW,sub44,calibration,0,rest_no_task,0.0,4.0,STEW|sub44|calibration|0.000|4.000
STEW,sub44,calibration,0,rest_no_task,2.0,6.0,STEW|sub44|calibration|2.000|6.000
STEW,sub44,calibration,0,rest_no_task,4.0,8.0,STEW|sub44|calibration|4.000|8.000
STEW,sub44,calibration,0,rest_no_task,6.0,10.0,STEW|sub44|calibration|6.000|10.000
STEW,sub44,calibration,0,rest_no_task,8.0,12.0,STEW|sub44|calibration|8.000|12.000
STEW,sub44,calibration,0,rest_no_task,10.0,14.0,STEW|sub44|calibration|10.000|14.000
STEW,sub44,calibration,0,rest_no_task,12.0,16.0,STEW|sub44|calibration|12.000|16.000
STEW,sub44,calibration,0,rest_no_task,14.0,18.0,STEW|sub44|calibration|14.000|18.000
STEW,sub44,calibration,0,rest_no_task,16.0,20.0,STEW|sub44|calibration|16.000|20.000
STEW,sub44,calibration,0,rest_no_task,18.0,22.0,STEW|sub44|calibration|18.000|22.000
STEW,sub44,calibration,0,rest_no_task,20.0,24.0,STEW|sub44|calibration|20.000|24.000
STEW,sub44,calibration,0,rest_no_task,22.0,26.0,STEW|sub44|calibration|22.000|26.000
STEW,sub44,calibration,0,rest_no_task,24.0,28.0,STEW|sub44|calibration|24.000|28.000
STEW,sub44,calibration,0,rest_no_task,26.0,30.0,STEW|sub44|calibration|26.000|30.000
STEW,sub44,scored_rest,0,rest_no_task,30.0,34.0,STEW|sub44|scored_rest|30.000|34.000
STEW,sub44,scored_rest,0,rest_no_task,32.0,36.0,STEW|sub44|scored_rest|32.000|36.000
STEW,sub44,scored_rest,0,rest_no_task,34.0,38.0,STEW|sub44|scored_rest|34.000|38.000
STEW,sub44,scored_rest,0,rest_no_task,36.0,40.0,STEW|sub44|scored_rest|36.000|40.000
STEW,sub44,scored_rest,0,rest_no_task,38.0,42.0,STEW|sub44|scored_rest|38.000|42.000
STEW,sub44,scored_rest,0,rest_no_task,40.0,44.0,STEW|sub44|scored_rest|40.000|44.000
STEW,sub44,scored_rest,0,rest_no_task,42.0,46.0,STEW|sub44|scored_rest|42.000|46.000
STEW,sub44,scored_rest,0,rest_no_task,44.0,48.0,STEW|sub44|scored_rest|44.000|48.000
STEW,sub44,scored_rest,0,rest_no_task,46.0,50.0,STEW|sub44|scored_rest|46.000|50.000
STEW,sub44,scored_rest,0,rest_no_task,48.0,52.0,STEW|sub44|scored_rest|48.000|52.000
STEW,sub44,scored_rest,0,rest_no_task,50.0,54.0,STEW|sub44|scored_rest|50.000|54.000
STEW,sub44,scored_rest,0,rest_no_task,52.0,56.0,STEW|sub44|scored_rest|52.000|56.000
STEW,sub44,scored_rest,0,rest_no_task,54.0,58.0,STEW|sub44|scored_rest|54.000|58.000
STEW,sub44,scored_rest,0,rest_no_task,56.0,60.0,STEW|sub44|scored_rest|56.000|60.000
STEW,sub44,scored_task,1,high_workload,0.0,4.0,STEW|sub44|scored_task|0.000|4.000
STEW,sub44,scored_task,1,high_workload,2.0,6.0,STEW|sub44|scored_task|2.000|6.000
STEW,sub44,scored_task,1,high_workload,4.0,8.0,STEW|sub44|scored_task|4.000|8.000
STEW,sub44,scored_task,1,high_workload,6.0,10.0,STEW|sub44|scored_task|6.000|10.000
STEW,sub44,scored_task,1,high_workload,8.0,12.0,STEW|sub44|scored_task|8.000|12.000
STEW,sub44,scored_task,1,high_workload,10.0,14.0,STEW|sub44|scored_task|10.000|14.000
STEW,sub44,scored_task,1,high_workload,12.0,16.0,STEW|sub44|scored_task|12.000|16.000
STEW,sub44,scored_task,1,high_workload,14.0,18.0,STEW|sub44|scored_task|14.000|18.000
STEW,sub44,scored_task,1,high_workload,16.0,20.0,STEW|sub44|scored_task|16.000|20.000
STEW,sub44,scored_task,1,high_workload,18.0,22.0,STEW|sub44|scored_task|18.000|22.000
STEW,sub44,scored_task,1,high_workload,20.0,24.0,STEW|sub44|scored_task|20.000|24.000
STEW,sub44,scored_task,1,high_workload,22.0,26.0,STEW|sub44|scored_task|22.000|26.000
STEW,sub44,scored_task,1,high_workload,24.0,28.0,STEW|sub44|scored_task|24.000|28.000
STEW,sub44,scored_task,1,high_workload,26.0,30.0,STEW|sub44|scored_task|26.000|30.000
STEW,sub45,calibration,0,rest_no_task,0.0,4.0,STEW|sub45|calibration|0.000|4.000
STEW,sub45,calibration,0,rest_no_task,2.0,6.0,STEW|sub45|calibration|2.000|6.000
STEW,sub45,calibration,0,rest_no_task,4.0,8.0,STEW|sub45|calibration|4.000|8.000
STEW,sub45,calibration,0,rest_no_task,6.0,10.0,STEW|sub45|calibration|6.000|10.000
STEW,sub45,calibration,0,rest_no_task,8.0,12.0,STEW|sub45|calibration|8.000|12.000
STEW,sub45,calibration,0,rest_no_task,10.0,14.0,STEW|sub45|calibration|10.000|14.000
STEW,sub45,calibration,0,rest_no_task,12.0,16.0,STEW|sub45|calibration|12.000|16.000
STEW,sub45,calibration,0,rest_no_task,14.0,18.0,STEW|sub45|calibration|14.000|18.000
STEW,sub45,calibration,0,rest_no_task,16.0,20.0,STEW|sub45|calibration|16.000|20.000
STEW,sub45,calibration,0,rest_no_task,18.0,22.0,STEW|sub45|calibration|18.000|22.000
STEW,sub45,calibration,0,rest_no_task,20.0,24.0,STEW|sub45|calibration|20.000|24.000
STEW,sub45,calibration,0,rest_no_task,22.0,26.0,STEW|sub45|calibration|22.000|26.000
STEW,sub45,calibration,0,rest_no_task,24.0,28.0,STEW|sub45|calibration|24.000|28.000
STEW,sub45,calibration,0,rest_no_task,26.0,30.0,STEW|sub45|calibration|26.000|30.000
STEW,sub45,scored_rest,0,rest_no_task,30.0,34.0,STEW|sub45|scored_rest|30.000|34.000
STEW,sub45,scored_rest,0,rest_no_task,32.0,36.0,STEW|sub45|scored_rest|32.000|36.000
STEW,sub45,scored_rest,0,rest_no_task,34.0,38.0,STEW|sub45|scored_rest|34.000|38.000
STEW,sub45,scored_rest,0,rest_no_task,36.0,40.0,STEW|sub45|scored_rest|36.000|40.000
STEW,sub45,scored_rest,0,rest_no_task,38.0,42.0,STEW|sub45|scored_rest|38.000|42.000
STEW,sub45,scored_rest,0,rest_no_task,40.0,44.0,STEW|sub45|scored_rest|40.000|44.000
STEW,sub45,scored_rest,0,rest_no_task,42.0,46.0,STEW|sub45|scored_rest|42.000|46.000
STEW,sub45,scored_rest,0,rest_no_task,44.0,48.0,STEW|sub45|scored_rest|44.000|48.000
STEW,sub45,scored_rest,0,rest_no_task,46.0,50.0,STEW|sub45|scored_rest|46.000|50.000
STEW,sub45,scored_rest,0,rest_no_task,48.0,52.0,STEW|sub45|scored_rest|48.000|52.000
STEW,sub45,scored_rest,0,rest_no_task,50.0,54.0,STEW|sub45|scored_rest|50.000|54.000
STEW,sub45,scored_rest,0,rest_no_task,52.0,56.0,STEW|sub45|scored_rest|52.000|56.000
STEW,sub45,scored_rest,0,rest_no_task,54.0,58.0,STEW|sub45|scored_rest|54.000|58.000
STEW,sub45,scored_rest,0,rest_no_task,56.0,60.0,STEW|sub45|scored_rest|56.000|60.000
STEW,sub45,scored_task,1,high_workload,0.0,4.0,STEW|sub45|scored_task|0.000|4.000
STEW,sub45,scored_task,1,high_workload,2.0,6.0,STEW|sub45|scored_task|2.000|6.000
STEW,sub45,scored_task,1,high_workload,4.0,8.0,STEW|sub45|scored_task|4.000|8.000
STEW,sub45,scored_task,1,high_workload,6.0,10.0,STEW|sub45|scored_task|6.000|10.000
STEW,sub45,scored_task,1,high_workload,8.0,12.0,STEW|sub45|scored_task|8.000|12.000
STEW,sub45,scored_task,1,high_workload,10.0,14.0,STEW|sub45|scored_task|10.000|14.000
STEW,sub45,scored_task,1,high_workload,12.0,16.0,STEW|sub45|scored_task|12.000|16.000
STEW,sub45,scored_task,1,high_workload,14.0,18.0,STEW|sub45|scored_task|14.000|18.000
STEW,sub45,scored_task,1,high_workload,16.0,20.0,STEW|sub45|scored_task|16.000|20.000
STEW,sub45,scored_task,1,high_workload,18.0,22.0,STEW|sub45|scored_task|18.000|22.000
STEW,sub45,scored_task,1,high_workload,20.0,24.0,STEW|sub45|scored_task|20.000|24.000
STEW,sub45,scored_task,1,high_workload,22.0,26.0,STEW|sub45|scored_task|22.000|26.000
STEW,sub45,scored_task,1,high_workload,24.0,28.0,STEW|sub45|scored_task|24.000|28.000
STEW,sub45,scored_task,1,high_workload,26.0,30.0,STEW|sub45|scored_task|26.000|30.000
STEW,sub46,calibration,0,rest_no_task,0.0,4.0,STEW|sub46|calibration|0.000|4.000
STEW,sub46,calibration,0,rest_no_task,2.0,6.0,STEW|sub46|calibration|2.000|6.000
STEW,sub46,calibration,0,rest_no_task,4.0,8.0,STEW|sub46|calibration|4.000|8.000
STEW,sub46,calibration,0,rest_no_task,6.0,10.0,STEW|sub46|calibration|6.000|10.000
STEW,sub46,calibration,0,rest_no_task,8.0,12.0,STEW|sub46|calibration|8.000|12.000
STEW,sub46,calibration,0,rest_no_task,10.0,14.0,STEW|sub46|calibration|10.000|14.000
STEW,sub46,calibration,0,rest_no_task,12.0,16.0,STEW|sub46|calibration|12.000|16.000
STEW,sub46,calibration,0,rest_no_task,14.0,18.0,STEW|sub46|calibration|14.000|18.000
STEW,sub46,calibration,0,rest_no_task,16.0,20.0,STEW|sub46|calibration|16.000|20.000
STEW,sub46,calibration,0,rest_no_task,18.0,22.0,STEW|sub46|calibration|18.000|22.000
STEW,sub46,calibration,0,rest_no_task,20.0,24.0,STEW|sub46|calibration|20.000|24.000
STEW,sub46,calibration,0,rest_no_task,22.0,26.0,STEW|sub46|calibration|22.000|26.000
STEW,sub46,calibration,0,rest_no_task,24.0,28.0,STEW|sub46|calibration|24.000|28.000
STEW,sub46,calibration,0,rest_no_task,26.0,30.0,STEW|sub46|calibration|26.000|30.000
STEW,sub46,scored_rest,0,rest_no_task,30.0,34.0,STEW|sub46|scored_rest|30.000|34.000
STEW,sub46,scored_rest,0,rest_no_task,32.0,36.0,STEW|sub46|scored_rest|32.000|36.000
STEW,sub46,scored_rest,0,rest_no_task,34.0,38.0,STEW|sub46|scored_rest|34.000|38.000
STEW,sub46,scored_rest,0,rest_no_task,36.0,40.0,STEW|sub46|scored_rest|36.000|40.000
STEW,sub46,scored_rest,0,rest_no_task,38.0,42.0,STEW|sub46|scored_rest|38.000|42.000
STEW,sub46,scored_rest,0,rest_no_task,40.0,44.0,STEW|sub46|scored_rest|40.000|44.000
STEW,sub46,scored_rest,0,rest_no_task,42.0,46.0,STEW|sub46|scored_rest|42.000|46.000
STEW,sub46,scored_rest,0,rest_no_task,44.0,48.0,STEW|sub46|scored_rest|44.000|48.000
STEW,sub46,scored_rest,0,rest_no_task,46.0,50.0,STEW|sub46|scored_rest|46.000|50.000
STEW,sub46,scored_rest,0,rest_no_task,48.0,52.0,STEW|sub46|scored_rest|48.000|52.000
STEW,sub46,scored_rest,0,rest_no_task,50.0,54.0,STEW|sub46|scored_rest|50.000|54.000
STEW,sub46,scored_rest,0,rest_no_task,52.0,56.0,STEW|sub46|scored_rest|52.000|56.000
STEW,sub46,scored_rest,0,rest_no_task,54.0,58.0,STEW|sub46|scored_rest|54.000|58.000
STEW,sub46,scored_rest,0,rest_no_task,56.0,60.0,STEW|sub46|scored_rest|56.000|60.000
STEW,sub46,scored_task,1,high_workload,0.0,4.0,STEW|sub46|scored_task|0.000|4.000
STEW,sub46,scored_task,1,high_workload,2.0,6.0,STEW|sub46|scored_task|2.000|6.000
STEW,sub46,scored_task,1,high_workload,4.0,8.0,STEW|sub46|scored_task|4.000|8.000
STEW,sub46,scored_task,1,high_workload,6.0,10.0,STEW|sub46|scored_task|6.000|10.000
STEW,sub46,scored_task,1,high_workload,8.0,12.0,STEW|sub46|scored_task|8.000|12.000
STEW,sub46,scored_task,1,high_workload,10.0,14.0,STEW|sub46|scored_task|10.000|14.000
STEW,sub46,scored_task,1,high_workload,12.0,16.0,STEW|sub46|scored_task|12.000|16.000
STEW,sub46,scored_task,1,high_workload,14.0,18.0,STEW|sub46|scored_task|14.000|18.000
STEW,sub46,scored_task,1,high_workload,16.0,20.0,STEW|sub46|scored_task|16.000|20.000
STEW,sub46,scored_task,1,high_workload,18.0,22.0,STEW|sub46|scored_task|18.000|22.000
STEW,sub46,scored_task,1,high_workload,20.0,24.0,STEW|sub46|scored_task|20.000|24.000
STEW,sub46,scored_task,1,high_workload,22.0,26.0,STEW|sub46|scored_task|22.000|26.000
STEW,sub46,scored_task,1,high_workload,24.0,28.0,STEW|sub46|scored_task|24.000|28.000
STEW,sub46,scored_task,1,high_workload,26.0,30.0,STEW|sub46|scored_task|26.000|30.000
STEW,sub47,calibration,0,rest_no_task,0.0,4.0,STEW|sub47|calibration|0.000|4.000
STEW,sub47,calibration,0,rest_no_task,2.0,6.0,STEW|sub47|calibration|2.000|6.000
STEW,sub47,calibration,0,rest_no_task,4.0,8.0,STEW|sub47|calibration|4.000|8.000
STEW,sub47,calibration,0,rest_no_task,6.0,10.0,STEW|sub47|calibration|6.000|10.000
STEW,sub47,calibration,0,rest_no_task,8.0,12.0,STEW|sub47|calibration|8.000|12.000
STEW,sub47,calibration,0,rest_no_task,10.0,14.0,STEW|sub47|calibration|10.000|14.000
STEW,sub47,calibration,0,rest_no_task,12.0,16.0,STEW|sub47|calibration|12.000|16.000
STEW,sub47,calibration,0,rest_no_task,14.0,18.0,STEW|sub47|calibration|14.000|18.000
STEW,sub47,calibration,0,rest_no_task,16.0,20.0,STEW|sub47|calibration|16.000|20.000
STEW,sub47,calibration,0,rest_no_task,18.0,22.0,STEW|sub47|calibration|18.000|22.000
STEW,sub47,calibration,0,rest_no_task,20.0,24.0,STEW|sub47|calibration|20.000|24.000
STEW,sub47,calibration,0,rest_no_task,22.0,26.0,STEW|sub47|calibration|22.000|26.000
STEW,sub47,calibration,0,rest_no_task,24.0,28.0,STEW|sub47|calibration|24.000|28.000
STEW,sub47,calibration,0,rest_no_task,26.0,30.0,STEW|sub47|calibration|26.000|30.000
STEW,sub47,scored_rest,0,rest_no_task,30.0,34.0,STEW|sub47|scored_rest|30.000|34.000
STEW,sub47,scored_rest,0,rest_no_task,32.0,36.0,STEW|sub47|scored_rest|32.000|36.000
STEW,sub47,scored_rest,0,rest_no_task,34.0,38.0,STEW|sub47|scored_rest|34.000|38.000
STEW,sub47,scored_rest,0,rest_no_task,36.0,40.0,STEW|sub47|scored_rest|36.000|40.000
STEW,sub47,scored_rest,0,rest_no_task,38.0,42.0,STEW|sub47|scored_rest|38.000|42.000
STEW,sub47,scored_rest,0,rest_no_task,40.0,44.0,STEW|sub47|scored_rest|40.000|44.000
STEW,sub47,scored_rest,0,rest_no_task,42.0,46.0,STEW|sub47|scored_rest|42.000|46.000
STEW,sub47,scored_rest,0,rest_no_task,44.0,48.0,STEW|sub47|scored_rest|44.000|48.000
STEW,sub47,scored_rest,0,rest_no_task,46.0,50.0,STEW|sub47|scored_rest|46.000|50.000
STEW,sub47,scored_rest,0,rest_no_task,48.0,52.0,STEW|sub47|scored_rest|48.000|52.000
STEW,sub47,scored_rest,0,rest_no_task,50.0,54.0,STEW|sub47|scored_rest|50.000|54.000
STEW,sub47,scored_rest,0,rest_no_task,52.0,56.0,STEW|sub47|scored_rest|52.000|56.000
STEW,sub47,scored_rest,0,rest_no_task,54.0,58.0,STEW|sub47|scored_rest|54.000|58.000
STEW,sub47,scored_rest,0,rest_no_task,56.0,60.0,STEW|sub47|scored_rest|56.000|60.000
STEW,sub47,scored_task,1,high_workload,0.0,4.0,STEW|sub47|scored_task|0.000|4.000
STEW,sub47,scored_task,1,high_workload,2.0,6.0,STEW|sub47|scored_task|2.000|6.000
STEW,sub47,scored_task,1,high_workload,4.0,8.0,STEW|sub47|scored_task|4.000|8.000
STEW,sub47,scored_task,1,high_workload,6.0,10.0,STEW|sub47|scored_task|6.000|10.000
STEW,sub47,scored_task,1,high_workload,8.0,12.0,STEW|sub47|scored_task|8.000|12.000
STEW,sub47,scored_task,1,high_workload,10.0,14.0,STEW|sub47|scored_task|10.000|14.000
STEW,sub47,scored_task,1,high_workload,12.0,16.0,STEW|sub47|scored_task|12.000|16.000
STEW,sub47,scored_task,1,high_workload,14.0,18.0,STEW|sub47|scored_task|14.000|18.000
STEW,sub47,scored_task,1,high_workload,16.0,20.0,STEW|sub47|scored_task|16.000|20.000
STEW,sub47,scored_task,1,high_workload,18.0,22.0,STEW|sub47|scored_task|18.000|22.000
STEW,sub47,scored_task,1,high_workload,20.0,24.0,STEW|sub47|scored_task|20.000|24.000
STEW,sub47,scored_task,1,high_workload,22.0,26.0,STEW|sub47|scored_task|22.000|26.000
STEW,sub47,scored_task,1,high_workload,24.0,28.0,STEW|sub47|scored_task|24.000|28.000
STEW,sub47,scored_task,1,high_workload,26.0,30.0,STEW|sub47|scored_task|26.000|30.000
STEW,sub48,calibration,0,rest_no_task,0.0,4.0,STEW|sub48|calibration|0.000|4.000
STEW,sub48,calibration,0,rest_no_task,2.0,6.0,STEW|sub48|calibration|2.000|6.000
STEW,sub48,calibration,0,rest_no_task,4.0,8.0,STEW|sub48|calibration|4.000|8.000
STEW,sub48,calibration,0,rest_no_task,6.0,10.0,STEW|sub48|calibration|6.000|10.000
STEW,sub48,calibration,0,rest_no_task,8.0,12.0,STEW|sub48|calibration|8.000|12.000
STEW,sub48,calibration,0,rest_no_task,10.0,14.0,STEW|sub48|calibration|10.000|14.000
STEW,sub48,calibration,0,rest_no_task,12.0,16.0,STEW|sub48|calibration|12.000|16.000
STEW,sub48,calibration,0,rest_no_task,14.0,18.0,STEW|sub48|calibration|14.000|18.000
STEW,sub48,calibration,0,rest_no_task,16.0,20.0,STEW|sub48|calibration|16.000|20.000
STEW,sub48,calibration,0,rest_no_task,18.0,22.0,STEW|sub48|calibration|18.000|22.000
STEW,sub48,calibration,0,rest_no_task,20.0,24.0,STEW|sub48|calibration|20.000|24.000
STEW,sub48,calibration,0,rest_no_task,22.0,26.0,STEW|sub48|calibration|22.000|26.000
STEW,sub48,calibration,0,rest_no_task,24.0,28.0,STEW|sub48|calibration|24.000|28.000
STEW,sub48,calibration,0,rest_no_task,26.0,30.0,STEW|sub48|calibration|26.000|30.000
STEW,sub48,scored_rest,0,rest_no_task,30.0,34.0,STEW|sub48|scored_rest|30.000|34.000
STEW,sub48,scored_rest,0,rest_no_task,32.0,36.0,STEW|sub48|scored_rest|32.000|36.000
STEW,sub48,scored_rest,0,rest_no_task,34.0,38.0,STEW|sub48|scored_rest|34.000|38.000
STEW,sub48,scored_rest,0,rest_no_task,36.0,40.0,STEW|sub48|scored_rest|36.000|40.000
STEW,sub48,scored_rest,0,rest_no_task,38.0,42.0,STEW|sub48|scored_rest|38.000|42.000
STEW,sub48,scored_rest,0,rest_no_task,40.0,44.0,STEW|sub48|scored_rest|40.000|44.000
STEW,sub48,scored_rest,0,rest_no_task,42.0,46.0,STEW|sub48|scored_rest|42.000|46.000
STEW,sub48,scored_rest,0,rest_no_task,44.0,48.0,STEW|sub48|scored_rest|44.000|48.000
STEW,sub48,scored_rest,0,rest_no_task,46.0,50.0,STEW|sub48|scored_rest|46.000|50.000
STEW,sub48,scored_rest,0,rest_no_task,48.0,52.0,STEW|sub48|scored_rest|48.000|52.000
STEW,sub48,scored_rest,0,rest_no_task,50.0,54.0,STEW|sub48|scored_rest|50.000|54.000
STEW,sub48,scored_rest,0,rest_no_task,52.0,56.0,STEW|sub48|scored_rest|52.000|56.000
STEW,sub48,scored_rest,0,rest_no_task,54.0,58.0,STEW|sub48|scored_rest|54.000|58.000
STEW,sub48,scored_rest,0,rest_no_task,56.0,60.0,STEW|sub48|scored_rest|56.000|60.000
STEW,sub48,scored_task,1,high_workload,0.0,4.0,STEW|sub48|scored_task|0.000|4.000
STEW,sub48,scored_task,1,high_workload,2.0,6.0,STEW|sub48|scored_task|2.000|6.000
STEW,sub48,scored_task,1,high_workload,4.0,8.0,STEW|sub48|scored_task|4.000|8.000
STEW,sub48,scored_task,1,high_workload,6.0,10.0,STEW|sub48|scored_task|6.000|10.000
STEW,sub48,scored_task,1,high_workload,8.0,12.0,STEW|sub48|scored_task|8.000|12.000
STEW,sub48,scored_task,1,high_workload,10.0,14.0,STEW|sub48|scored_task|10.000|14.000
STEW,sub48,scored_task,1,high_workload,12.0,16.0,STEW|sub48|scored_task|12.000|16.000
STEW,sub48,scored_task,1,high_workload,14.0,18.0,STEW|sub48|scored_task|14.000|18.000
STEW,sub48,scored_task,1,high_workload,16.0,20.0,STEW|sub48|scored_task|16.000|20.000
STEW,sub48,scored_task,1,high_workload,18.0,22.0,STEW|sub48|scored_task|18.000|22.000
STEW,sub48,scored_task,1,high_workload,20.0,24.0,STEW|sub48|scored_task|20.000|24.000
STEW,sub48,scored_task,1,high_workload,22.0,26.0,STEW|sub48|scored_task|22.000|26.000
STEW,sub48,scored_task,1,high_workload,24.0,28.0,STEW|sub48|scored_task|24.000|28.000
STEW,sub48,scored_task,1,high_workload,26.0,30.0,STEW|sub48|scored_task|26.000|30.000
MAT128,Subject00,calibration,0,rest,0.0,4.0,MAT128|Subject00|calibration|0.000|4.000
MAT128,Subject00,calibration,0,rest,2.0,6.0,MAT128|Subject00|calibration|2.000|6.000
MAT128,Subject00,calibration,0,rest,4.0,8.0,MAT128|Subject00|calibration|4.000|8.000
MAT128,Subject00,calibration,0,rest,6.0,10.0,MAT128|Subject00|calibration|6.000|10.000
MAT128,Subject00,calibration,0,rest,8.0,12.0,MAT128|Subject00|calibration|8.000|12.000
MAT128,Subject00,calibration,0,rest,10.0,14.0,MAT128|Subject00|calibration|10.000|14.000
MAT128,Subject00,calibration,0,rest,12.0,16.0,MAT128|Subject00|calibration|12.000|16.000
MAT128,Subject00,calibration,0,rest,14.0,18.0,MAT128|Subject00|calibration|14.000|18.000
MAT128,Subject00,calibration,0,rest,16.0,20.0,MAT128|Subject00|calibration|16.000|20.000
MAT128,Subject00,calibration,0,rest,18.0,22.0,MAT128|Subject00|calibration|18.000|22.000
MAT128,Subject00,calibration,0,rest,20.0,24.0,MAT128|Subject00|calibration|20.000|24.000
MAT128,Subject00,calibration,0,rest,22.0,26.0,MAT128|Subject00|calibration|22.000|26.000
MAT128,Subject00,calibration,0,rest,24.0,28.0,MAT128|Subject00|calibration|24.000|28.000
MAT128,Subject00,calibration,0,rest,26.0,30.0,MAT128|Subject00|calibration|26.000|30.000
MAT128,Subject00,scored_rest,0,rest,30.0,34.0,MAT128|Subject00|scored_rest|30.000|34.000
MAT128,Subject00,scored_rest,0,rest,32.0,36.0,MAT128|Subject00|scored_rest|32.000|36.000
MAT128,Subject00,scored_rest,0,rest,34.0,38.0,MAT128|Subject00|scored_rest|34.000|38.000
MAT128,Subject00,scored_rest,0,rest,36.0,40.0,MAT128|Subject00|scored_rest|36.000|40.000
MAT128,Subject00,scored_rest,0,rest,38.0,42.0,MAT128|Subject00|scored_rest|38.000|42.000
MAT128,Subject00,scored_rest,0,rest,40.0,44.0,MAT128|Subject00|scored_rest|40.000|44.000
MAT128,Subject00,scored_rest,0,rest,42.0,46.0,MAT128|Subject00|scored_rest|42.000|46.000
MAT128,Subject00,scored_rest,0,rest,44.0,48.0,MAT128|Subject00|scored_rest|44.000|48.000
MAT128,Subject00,scored_rest,0,rest,46.0,50.0,MAT128|Subject00|scored_rest|46.000|50.000
MAT128,Subject00,scored_rest,0,rest,48.0,52.0,MAT128|Subject00|scored_rest|48.000|52.000
MAT128,Subject00,scored_rest,0,rest,50.0,54.0,MAT128|Subject00|scored_rest|50.000|54.000
MAT128,Subject00,scored_rest,0,rest,52.0,56.0,MAT128|Subject00|scored_rest|52.000|56.000
MAT128,Subject00,scored_rest,0,rest,54.0,58.0,MAT128|Subject00|scored_rest|54.000|58.000
MAT128,Subject00,scored_rest,0,rest,56.0,60.0,MAT128|Subject00|scored_rest|56.000|60.000
MAT128,Subject00,scored_task,1,arithmetic,0.0,4.0,MAT128|Subject00|scored_task|0.000|4.000
MAT128,Subject00,scored_task,1,arithmetic,2.0,6.0,MAT128|Subject00|scored_task|2.000|6.000
MAT128,Subject00,scored_task,1,arithmetic,4.0,8.0,MAT128|Subject00|scored_task|4.000|8.000
MAT128,Subject00,scored_task,1,arithmetic,6.0,10.0,MAT128|Subject00|scored_task|6.000|10.000
MAT128,Subject00,scored_task,1,arithmetic,8.0,12.0,MAT128|Subject00|scored_task|8.000|12.000
MAT128,Subject00,scored_task,1,arithmetic,10.0,14.0,MAT128|Subject00|scored_task|10.000|14.000
MAT128,Subject00,scored_task,1,arithmetic,12.0,16.0,MAT128|Subject00|scored_task|12.000|16.000
MAT128,Subject00,scored_task,1,arithmetic,14.0,18.0,MAT128|Subject00|scored_task|14.000|18.000
MAT128,Subject00,scored_task,1,arithmetic,16.0,20.0,MAT128|Subject00|scored_task|16.000|20.000
MAT128,Subject00,scored_task,1,arithmetic,18.0,22.0,MAT128|Subject00|scored_task|18.000|22.000
MAT128,Subject00,scored_task,1,arithmetic,20.0,24.0,MAT128|Subject00|scored_task|20.000|24.000
MAT128,Subject00,scored_task,1,arithmetic,22.0,26.0,MAT128|Subject00|scored_task|22.000|26.000
MAT128,Subject00,scored_task,1,arithmetic,24.0,28.0,MAT128|Subject00|scored_task|24.000|28.000
MAT128,Subject00,scored_task,1,arithmetic,26.0,30.0,MAT128|Subject00|scored_task|26.000|30.000
MAT128,Subject01,calibration,0,rest,0.0,4.0,MAT128|Subject01|calibration|0.000|4.000
MAT128,Subject01,calibration,0,rest,2.0,6.0,MAT128|Subject01|calibration|2.000|6.000
MAT128,Subject01,calibration,0,rest,4.0,8.0,MAT128|Subject01|calibration|4.000|8.000
MAT128,Subject01,calibration,0,rest,6.0,10.0,MAT128|Subject01|calibration|6.000|10.000
MAT128,Subject01,calibration,0,rest,8.0,12.0,MAT128|Subject01|calibration|8.000|12.000
MAT128,Subject01,calibration,0,rest,10.0,14.0,MAT128|Subject01|calibration|10.000|14.000
MAT128,Subject01,calibration,0,rest,12.0,16.0,MAT128|Subject01|calibration|12.000|16.000
MAT128,Subject01,calibration,0,rest,14.0,18.0,MAT128|Subject01|calibration|14.000|18.000
MAT128,Subject01,calibration,0,rest,16.0,20.0,MAT128|Subject01|calibration|16.000|20.000
MAT128,Subject01,calibration,0,rest,18.0,22.0,MAT128|Subject01|calibration|18.000|22.000
MAT128,Subject01,calibration,0,rest,20.0,24.0,MAT128|Subject01|calibration|20.000|24.000
MAT128,Subject01,calibration,0,rest,22.0,26.0,MAT128|Subject01|calibration|22.000|26.000
MAT128,Subject01,calibration,0,rest,24.0,28.0,MAT128|Subject01|calibration|24.000|28.000
MAT128,Subject01,calibration,0,rest,26.0,30.0,MAT128|Subject01|calibration|26.000|30.000
MAT128,Subject01,scored_rest,0,rest,30.0,34.0,MAT128|Subject01|scored_rest|30.000|34.000
MAT128,Subject01,scored_rest,0,rest,32.0,36.0,MAT128|Subject01|scored_rest|32.000|36.000
MAT128,Subject01,scored_rest,0,rest,34.0,38.0,MAT128|Subject01|scored_rest|34.000|38.000
MAT128,Subject01,scored_rest,0,rest,36.0,40.0,MAT128|Subject01|scored_rest|36.000|40.000
MAT128,Subject01,scored_rest,0,rest,38.0,42.0,MAT128|Subject01|scored_rest|38.000|42.000
MAT128,Subject01,scored_rest,0,rest,40.0,44.0,MAT128|Subject01|scored_rest|40.000|44.000
MAT128,Subject01,scored_rest,0,rest,42.0,46.0,MAT128|Subject01|scored_rest|42.000|46.000
MAT128,Subject01,scored_rest,0,rest,44.0,48.0,MAT128|Subject01|scored_rest|44.000|48.000
MAT128,Subject01,scored_rest,0,rest,46.0,50.0,MAT128|Subject01|scored_rest|46.000|50.000
MAT128,Subject01,scored_rest,0,rest,48.0,52.0,MAT128|Subject01|scored_rest|48.000|52.000
MAT128,Subject01,scored_rest,0,rest,50.0,54.0,MAT128|Subject01|scored_rest|50.000|54.000
MAT128,Subject01,scored_rest,0,rest,52.0,56.0,MAT128|Subject01|scored_rest|52.000|56.000
MAT128,Subject01,scored_rest,0,rest,54.0,58.0,MAT128|Subject01|scored_rest|54.000|58.000
MAT128,Subject01,scored_rest,0,rest,56.0,60.0,MAT128|Subject01|scored_rest|56.000|60.000
MAT128,Subject01,scored_task,1,arithmetic,0.0,4.0,MAT128|Subject01|scored_task|0.000|4.000
MAT128,Subject01,scored_task,1,arithmetic,2.0,6.0,MAT128|Subject01|scored_task|2.000|6.000
MAT128,Subject01,scored_task,1,arithmetic,4.0,8.0,MAT128|Subject01|scored_task|4.000|8.000
MAT128,Subject01,scored_task,1,arithmetic,6.0,10.0,MAT128|Subject01|scored_task|6.000|10.000
MAT128,Subject01,scored_task,1,arithmetic,8.0,12.0,MAT128|Subject01|scored_task|8.000|12.000
MAT128,Subject01,scored_task,1,arithmetic,10.0,14.0,MAT128|Subject01|scored_task|10.000|14.000
MAT128,Subject01,scored_task,1,arithmetic,12.0,16.0,MAT128|Subject01|scored_task|12.000|16.000
MAT128,Subject01,scored_task,1,arithmetic,14.0,18.0,MAT128|Subject01|scored_task|14.000|18.000
MAT128,Subject01,scored_task,1,arithmetic,16.0,20.0,MAT128|Subject01|scored_task|16.000|20.000
MAT128,Subject01,scored_task,1,arithmetic,18.0,22.0,MAT128|Subject01|scored_task|18.000|22.000
MAT128,Subject01,scored_task,1,arithmetic,20.0,24.0,MAT128|Subject01|scored_task|20.000|24.000
MAT128,Subject01,scored_task,1,arithmetic,22.0,26.0,MAT128|Subject01|scored_task|22.000|26.000
MAT128,Subject01,scored_task,1,arithmetic,24.0,28.0,MAT128|Subject01|scored_task|24.000|28.000
MAT128,Subject01,scored_task,1,arithmetic,26.0,30.0,MAT128|Subject01|scored_task|26.000|30.000
MAT128,Subject02,calibration,0,rest,0.0,4.0,MAT128|Subject02|calibration|0.000|4.000
MAT128,Subject02,calibration,0,rest,2.0,6.0,MAT128|Subject02|calibration|2.000|6.000
MAT128,Subject02,calibration,0,rest,4.0,8.0,MAT128|Subject02|calibration|4.000|8.000
MAT128,Subject02,calibration,0,rest,6.0,10.0,MAT128|Subject02|calibration|6.000|10.000
MAT128,Subject02,calibration,0,rest,8.0,12.0,MAT128|Subject02|calibration|8.000|12.000
MAT128,Subject02,calibration,0,rest,10.0,14.0,MAT128|Subject02|calibration|10.000|14.000
MAT128,Subject02,calibration,0,rest,12.0,16.0,MAT128|Subject02|calibration|12.000|16.000
MAT128,Subject02,calibration,0,rest,14.0,18.0,MAT128|Subject02|calibration|14.000|18.000
MAT128,Subject02,calibration,0,rest,16.0,20.0,MAT128|Subject02|calibration|16.000|20.000
MAT128,Subject02,calibration,0,rest,18.0,22.0,MAT128|Subject02|calibration|18.000|22.000
MAT128,Subject02,calibration,0,rest,20.0,24.0,MAT128|Subject02|calibration|20.000|24.000
MAT128,Subject02,calibration,0,rest,22.0,26.0,MAT128|Subject02|calibration|22.000|26.000
MAT128,Subject02,calibration,0,rest,24.0,28.0,MAT128|Subject02|calibration|24.000|28.000
MAT128,Subject02,calibration,0,rest,26.0,30.0,MAT128|Subject02|calibration|26.000|30.000
MAT128,Subject02,scored_rest,0,rest,30.0,34.0,MAT128|Subject02|scored_rest|30.000|34.000
MAT128,Subject02,scored_rest,0,rest,32.0,36.0,MAT128|Subject02|scored_rest|32.000|36.000
MAT128,Subject02,scored_rest,0,rest,34.0,38.0,MAT128|Subject02|scored_rest|34.000|38.000
MAT128,Subject02,scored_rest,0,rest,36.0,40.0,MAT128|Subject02|scored_rest|36.000|40.000
MAT128,Subject02,scored_rest,0,rest,38.0,42.0,MAT128|Subject02|scored_rest|38.000|42.000
MAT128,Subject02,scored_rest,0,rest,40.0,44.0,MAT128|Subject02|scored_rest|40.000|44.000
MAT128,Subject02,scored_rest,0,rest,42.0,46.0,MAT128|Subject02|scored_rest|42.000|46.000
MAT128,Subject02,scored_rest,0,rest,44.0,48.0,MAT128|Subject02|scored_rest|44.000|48.000
MAT128,Subject02,scored_rest,0,rest,46.0,50.0,MAT128|Subject02|scored_rest|46.000|50.000
MAT128,Subject02,scored_rest,0,rest,48.0,52.0,MAT128|Subject02|scored_rest|48.000|52.000
MAT128,Subject02,scored_rest,0,rest,50.0,54.0,MAT128|Subject02|scored_rest|50.000|54.000
MAT128,Subject02,scored_rest,0,rest,52.0,56.0,MAT128|Subject02|scored_rest|52.000|56.000
MAT128,Subject02,scored_rest,0,rest,54.0,58.0,MAT128|Subject02|scored_rest|54.000|58.000
MAT128,Subject02,scored_rest,0,rest,56.0,60.0,MAT128|Subject02|scored_rest|56.000|60.000
MAT128,Subject02,scored_task,1,arithmetic,0.0,4.0,MAT128|Subject02|scored_task|0.000|4.000
MAT128,Subject02,scored_task,1,arithmetic,2.0,6.0,MAT128|Subject02|scored_task|2.000|6.000
MAT128,Subject02,scored_task,1,arithmetic,4.0,8.0,MAT128|Subject02|scored_task|4.000|8.000
MAT128,Subject02,scored_task,1,arithmetic,6.0,10.0,MAT128|Subject02|scored_task|6.000|10.000
MAT128,Subject02,scored_task,1,arithmetic,8.0,12.0,MAT128|Subject02|scored_task|8.000|12.000
MAT128,Subject02,scored_task,1,arithmetic,10.0,14.0,MAT128|Subject02|scored_task|10.000|14.000
MAT128,Subject02,scored_task,1,arithmetic,12.0,16.0,MAT128|Subject02|scored_task|12.000|16.000
MAT128,Subject02,scored_task,1,arithmetic,14.0,18.0,MAT128|Subject02|scored_task|14.000|18.000
MAT128,Subject02,scored_task,1,arithmetic,16.0,20.0,MAT128|Subject02|scored_task|16.000|20.000
MAT128,Subject02,scored_task,1,arithmetic,18.0,22.0,MAT128|Subject02|scored_task|18.000|22.000
MAT128,Subject02,scored_task,1,arithmetic,20.0,24.0,MAT128|Subject02|scored_task|20.000|24.000
MAT128,Subject02,scored_task,1,arithmetic,22.0,26.0,MAT128|Subject02|scored_task|22.000|26.000
MAT128,Subject02,scored_task,1,arithmetic,24.0,28.0,MAT128|Subject02|scored_task|24.000|28.000
MAT128,Subject02,scored_task,1,arithmetic,26.0,30.0,MAT128|Subject02|scored_task|26.000|30.000
MAT128,Subject03,calibration,0,rest,0.0,4.0,MAT128|Subject03|calibration|0.000|4.000
MAT128,Subject03,calibration,0,rest,2.0,6.0,MAT128|Subject03|calibration|2.000|6.000
MAT128,Subject03,calibration,0,rest,4.0,8.0,MAT128|Subject03|calibration|4.000|8.000
MAT128,Subject03,calibration,0,rest,6.0,10.0,MAT128|Subject03|calibration|6.000|10.000
MAT128,Subject03,calibration,0,rest,8.0,12.0,MAT128|Subject03|calibration|8.000|12.000
MAT128,Subject03,calibration,0,rest,10.0,14.0,MAT128|Subject03|calibration|10.000|14.000
MAT128,Subject03,calibration,0,rest,12.0,16.0,MAT128|Subject03|calibration|12.000|16.000
MAT128,Subject03,calibration,0,rest,14.0,18.0,MAT128|Subject03|calibration|14.000|18.000
MAT128,Subject03,calibration,0,rest,16.0,20.0,MAT128|Subject03|calibration|16.000|20.000
MAT128,Subject03,calibration,0,rest,18.0,22.0,MAT128|Subject03|calibration|18.000|22.000
MAT128,Subject03,calibration,0,rest,20.0,24.0,MAT128|Subject03|calibration|20.000|24.000
MAT128,Subject03,calibration,0,rest,22.0,26.0,MAT128|Subject03|calibration|22.000|26.000
MAT128,Subject03,calibration,0,rest,24.0,28.0,MAT128|Subject03|calibration|24.000|28.000
MAT128,Subject03,calibration,0,rest,26.0,30.0,MAT128|Subject03|calibration|26.000|30.000
MAT128,Subject03,scored_rest,0,rest,30.0,34.0,MAT128|Subject03|scored_rest|30.000|34.000
MAT128,Subject03,scored_rest,0,rest,32.0,36.0,MAT128|Subject03|scored_rest|32.000|36.000
MAT128,Subject03,scored_rest,0,rest,34.0,38.0,MAT128|Subject03|scored_rest|34.000|38.000
MAT128,Subject03,scored_rest,0,rest,36.0,40.0,MAT128|Subject03|scored_rest|36.000|40.000
MAT128,Subject03,scored_rest,0,rest,38.0,42.0,MAT128|Subject03|scored_rest|38.000|42.000
MAT128,Subject03,scored_rest,0,rest,40.0,44.0,MAT128|Subject03|scored_rest|40.000|44.000
MAT128,Subject03,scored_rest,0,rest,42.0,46.0,MAT128|Subject03|scored_rest|42.000|46.000
MAT128,Subject03,scored_rest,0,rest,44.0,48.0,MAT128|Subject03|scored_rest|44.000|48.000
MAT128,Subject03,scored_rest,0,rest,46.0,50.0,MAT128|Subject03|scored_rest|46.000|50.000
MAT128,Subject03,scored_rest,0,rest,48.0,52.0,MAT128|Subject03|scored_rest|48.000|52.000
MAT128,Subject03,scored_rest,0,rest,50.0,54.0,MAT128|Subject03|scored_rest|50.000|54.000
MAT128,Subject03,scored_rest,0,rest,52.0,56.0,MAT128|Subject03|scored_rest|52.000|56.000
MAT128,Subject03,scored_rest,0,rest,54.0,58.0,MAT128|Subject03|scored_rest|54.000|58.000
MAT128,Subject03,scored_rest,0,rest,56.0,60.0,MAT128|Subject03|scored_rest|56.000|60.000
MAT128,Subject03,scored_task,1,arithmetic,0.0,4.0,MAT128|Subject03|scored_task|0.000|4.000
MAT128,Subject03,scored_task,1,arithmetic,2.0,6.0,MAT128|Subject03|scored_task|2.000|6.000
MAT128,Subject03,scored_task,1,arithmetic,4.0,8.0,MAT128|Subject03|scored_task|4.000|8.000
MAT128,Subject03,scored_task,1,arithmetic,6.0,10.0,MAT128|Subject03|scored_task|6.000|10.000
MAT128,Subject03,scored_task,1,arithmetic,8.0,12.0,MAT128|Subject03|scored_task|8.000|12.000
MAT128,Subject03,scored_task,1,arithmetic,10.0,14.0,MAT128|Subject03|scored_task|10.000|14.000
MAT128,Subject03,scored_task,1,arithmetic,12.0,16.0,MAT128|Subject03|scored_task|12.000|16.000
MAT128,Subject03,scored_task,1,arithmetic,14.0,18.0,MAT128|Subject03|scored_task|14.000|18.000
MAT128,Subject03,scored_task,1,arithmetic,16.0,20.0,MAT128|Subject03|scored_task|16.000|20.000
MAT128,Subject03,scored_task,1,arithmetic,18.0,22.0,MAT128|Subject03|scored_task|18.000|22.000
MAT128,Subject03,scored_task,1,arithmetic,20.0,24.0,MAT128|Subject03|scored_task|20.000|24.000
MAT128,Subject03,scored_task,1,arithmetic,22.0,26.0,MAT128|Subject03|scored_task|22.000|26.000
MAT128,Subject03,scored_task,1,arithmetic,24.0,28.0,MAT128|Subject03|scored_task|24.000|28.000
MAT128,Subject03,scored_task,1,arithmetic,26.0,30.0,MAT128|Subject03|scored_task|26.000|30.000
MAT128,Subject04,calibration,0,rest,0.0,4.0,MAT128|Subject04|calibration|0.000|4.000
MAT128,Subject04,calibration,0,rest,2.0,6.0,MAT128|Subject04|calibration|2.000|6.000
MAT128,Subject04,calibration,0,rest,4.0,8.0,MAT128|Subject04|calibration|4.000|8.000
MAT128,Subject04,calibration,0,rest,6.0,10.0,MAT128|Subject04|calibration|6.000|10.000
MAT128,Subject04,calibration,0,rest,8.0,12.0,MAT128|Subject04|calibration|8.000|12.000
MAT128,Subject04,calibration,0,rest,10.0,14.0,MAT128|Subject04|calibration|10.000|14.000
MAT128,Subject04,calibration,0,rest,12.0,16.0,MAT128|Subject04|calibration|12.000|16.000
MAT128,Subject04,calibration,0,rest,14.0,18.0,MAT128|Subject04|calibration|14.000|18.000
MAT128,Subject04,calibration,0,rest,16.0,20.0,MAT128|Subject04|calibration|16.000|20.000
MAT128,Subject04,calibration,0,rest,18.0,22.0,MAT128|Subject04|calibration|18.000|22.000
MAT128,Subject04,calibration,0,rest,20.0,24.0,MAT128|Subject04|calibration|20.000|24.000
MAT128,Subject04,calibration,0,rest,22.0,26.0,MAT128|Subject04|calibration|22.000|26.000
MAT128,Subject04,calibration,0,rest,24.0,28.0,MAT128|Subject04|calibration|24.000|28.000
MAT128,Subject04,calibration,0,rest,26.0,30.0,MAT128|Subject04|calibration|26.000|30.000
MAT128,Subject04,scored_rest,0,rest,30.0,34.0,MAT128|Subject04|scored_rest|30.000|34.000
MAT128,Subject04,scored_rest,0,rest,32.0,36.0,MAT128|Subject04|scored_rest|32.000|36.000
MAT128,Subject04,scored_rest,0,rest,34.0,38.0,MAT128|Subject04|scored_rest|34.000|38.000
MAT128,Subject04,scored_rest,0,rest,36.0,40.0,MAT128|Subject04|scored_rest|36.000|40.000
MAT128,Subject04,scored_rest,0,rest,38.0,42.0,MAT128|Subject04|scored_rest|38.000|42.000
MAT128,Subject04,scored_rest,0,rest,40.0,44.0,MAT128|Subject04|scored_rest|40.000|44.000
MAT128,Subject04,scored_rest,0,rest,42.0,46.0,MAT128|Subject04|scored_rest|42.000|46.000
MAT128,Subject04,scored_rest,0,rest,44.0,48.0,MAT128|Subject04|scored_rest|44.000|48.000
MAT128,Subject04,scored_rest,0,rest,46.0,50.0,MAT128|Subject04|scored_rest|46.000|50.000
MAT128,Subject04,scored_rest,0,rest,48.0,52.0,MAT128|Subject04|scored_rest|48.000|52.000
MAT128,Subject04,scored_rest,0,rest,50.0,54.0,MAT128|Subject04|scored_rest|50.000|54.000
MAT128,Subject04,scored_rest,0,rest,52.0,56.0,MAT128|Subject04|scored_rest|52.000|56.000
MAT128,Subject04,scored_rest,0,rest,54.0,58.0,MAT128|Subject04|scored_rest|54.000|58.000
MAT128,Subject04,scored_rest,0,rest,56.0,60.0,MAT128|Subject04|scored_rest|56.000|60.000
MAT128,Subject04,scored_task,1,arithmetic,0.0,4.0,MAT128|Subject04|scored_task|0.000|4.000
MAT128,Subject04,scored_task,1,arithmetic,2.0,6.0,MAT128|Subject04|scored_task|2.000|6.000
MAT128,Subject04,scored_task,1,arithmetic,4.0,8.0,MAT128|Subject04|scored_task|4.000|8.000
MAT128,Subject04,scored_task,1,arithmetic,6.0,10.0,MAT128|Subject04|scored_task|6.000|10.000
MAT128,Subject04,scored_task,1,arithmetic,8.0,12.0,MAT128|Subject04|scored_task|8.000|12.000
MAT128,Subject04,scored_task,1,arithmetic,10.0,14.0,MAT128|Subject04|scored_task|10.000|14.000
MAT128,Subject04,scored_task,1,arithmetic,12.0,16.0,MAT128|Subject04|scored_task|12.000|16.000
MAT128,Subject04,scored_task,1,arithmetic,14.0,18.0,MAT128|Subject04|scored_task|14.000|18.000
MAT128,Subject04,scored_task,1,arithmetic,16.0,20.0,MAT128|Subject04|scored_task|16.000|20.000
MAT128,Subject04,scored_task,1,arithmetic,18.0,22.0,MAT128|Subject04|scored_task|18.000|22.000
MAT128,Subject04,scored_task,1,arithmetic,20.0,24.0,MAT128|Subject04|scored_task|20.000|24.000
MAT128,Subject04,scored_task,1,arithmetic,22.0,26.0,MAT128|Subject04|scored_task|22.000|26.000
MAT128,Subject04,scored_task,1,arithmetic,24.0,28.0,MAT128|Subject04|scored_task|24.000|28.000
MAT128,Subject04,scored_task,1,arithmetic,26.0,30.0,MAT128|Subject04|scored_task|26.000|30.000
MAT128,Subject05,calibration,0,rest,0.0,4.0,MAT128|Subject05|calibration|0.000|4.000
MAT128,Subject05,calibration,0,rest,2.0,6.0,MAT128|Subject05|calibration|2.000|6.000
MAT128,Subject05,calibration,0,rest,4.0,8.0,MAT128|Subject05|calibration|4.000|8.000
MAT128,Subject05,calibration,0,rest,6.0,10.0,MAT128|Subject05|calibration|6.000|10.000
MAT128,Subject05,calibration,0,rest,8.0,12.0,MAT128|Subject05|calibration|8.000|12.000
MAT128,Subject05,calibration,0,rest,10.0,14.0,MAT128|Subject05|calibration|10.000|14.000
MAT128,Subject05,calibration,0,rest,12.0,16.0,MAT128|Subject05|calibration|12.000|16.000
MAT128,Subject05,calibration,0,rest,14.0,18.0,MAT128|Subject05|calibration|14.000|18.000
MAT128,Subject05,calibration,0,rest,16.0,20.0,MAT128|Subject05|calibration|16.000|20.000
MAT128,Subject05,calibration,0,rest,18.0,22.0,MAT128|Subject05|calibration|18.000|22.000
MAT128,Subject05,calibration,0,rest,20.0,24.0,MAT128|Subject05|calibration|20.000|24.000
MAT128,Subject05,calibration,0,rest,22.0,26.0,MAT128|Subject05|calibration|22.000|26.000
MAT128,Subject05,calibration,0,rest,24.0,28.0,MAT128|Subject05|calibration|24.000|28.000
MAT128,Subject05,calibration,0,rest,26.0,30.0,MAT128|Subject05|calibration|26.000|30.000
MAT128,Subject05,scored_rest,0,rest,30.0,34.0,MAT128|Subject05|scored_rest|30.000|34.000
MAT128,Subject05,scored_rest,0,rest,32.0,36.0,MAT128|Subject05|scored_rest|32.000|36.000
MAT128,Subject05,scored_rest,0,rest,34.0,38.0,MAT128|Subject05|scored_rest|34.000|38.000
MAT128,Subject05,scored_rest,0,rest,36.0,40.0,MAT128|Subject05|scored_rest|36.000|40.000
MAT128,Subject05,scored_rest,0,rest,38.0,42.0,MAT128|Subject05|scored_rest|38.000|42.000
MAT128,Subject05,scored_rest,0,rest,40.0,44.0,MAT128|Subject05|scored_rest|40.000|44.000
MAT128,Subject05,scored_rest,0,rest,42.0,46.0,MAT128|Subject05|scored_rest|42.000|46.000
MAT128,Subject05,scored_rest,0,rest,44.0,48.0,MAT128|Subject05|scored_rest|44.000|48.000
MAT128,Subject05,scored_rest,0,rest,46.0,50.0,MAT128|Subject05|scored_rest|46.000|50.000
MAT128,Subject05,scored_rest,0,rest,48.0,52.0,MAT128|Subject05|scored_rest|48.000|52.000
MAT128,Subject05,scored_rest,0,rest,50.0,54.0,MAT128|Subject05|scored_rest|50.000|54.000
MAT128,Subject05,scored_rest,0,rest,52.0,56.0,MAT128|Subject05|scored_rest|52.000|56.000
MAT128,Subject05,scored_rest,0,rest,54.0,58.0,MAT128|Subject05|scored_rest|54.000|58.000
MAT128,Subject05,scored_rest,0,rest,56.0,60.0,MAT128|Subject05|scored_rest|56.000|60.000
MAT128,Subject05,scored_task,1,arithmetic,0.0,4.0,MAT128|Subject05|scored_task|0.000|4.000
MAT128,Subject05,scored_task,1,arithmetic,2.0,6.0,MAT128|Subject05|scored_task|2.000|6.000
MAT128,Subject05,scored_task,1,arithmetic,4.0,8.0,MAT128|Subject05|scored_task|4.000|8.000
MAT128,Subject05,scored_task,1,arithmetic,6.0,10.0,MAT128|Subject05|scored_task|6.000|10.000
MAT128,Subject05,scored_task,1,arithmetic,8.0,12.0,MAT128|Subject05|scored_task|8.000|12.000
MAT128,Subject05,scored_task,1,arithmetic,10.0,14.0,MAT128|Subject05|scored_task|10.000|14.000
MAT128,Subject05,scored_task,1,arithmetic,12.0,16.0,MAT128|Subject05|scored_task|12.000|16.000
MAT128,Subject05,scored_task,1,arithmetic,14.0,18.0,MAT128|Subject05|scored_task|14.000|18.000
MAT128,Subject05,scored_task,1,arithmetic,16.0,20.0,MAT128|Subject05|scored_task|16.000|20.000
MAT128,Subject05,scored_task,1,arithmetic,18.0,22.0,MAT128|Subject05|scored_task|18.000|22.000
MAT128,Subject05,scored_task,1,arithmetic,20.0,24.0,MAT128|Subject05|scored_task|20.000|24.000
MAT128,Subject05,scored_task,1,arithmetic,22.0,26.0,MAT128|Subject05|scored_task|22.000|26.000
MAT128,Subject05,scored_task,1,arithmetic,24.0,28.0,MAT128|Subject05|scored_task|24.000|28.000
MAT128,Subject05,scored_task,1,arithmetic,26.0,30.0,MAT128|Subject05|scored_task|26.000|30.000
MAT128,Subject06,calibration,0,rest,0.0,4.0,MAT128|Subject06|calibration|0.000|4.000
MAT128,Subject06,calibration,0,rest,2.0,6.0,MAT128|Subject06|calibration|2.000|6.000
MAT128,Subject06,calibration,0,rest,4.0,8.0,MAT128|Subject06|calibration|4.000|8.000
MAT128,Subject06,calibration,0,rest,6.0,10.0,MAT128|Subject06|calibration|6.000|10.000
MAT128,Subject06,calibration,0,rest,8.0,12.0,MAT128|Subject06|calibration|8.000|12.000
MAT128,Subject06,calibration,0,rest,10.0,14.0,MAT128|Subject06|calibration|10.000|14.000
MAT128,Subject06,calibration,0,rest,12.0,16.0,MAT128|Subject06|calibration|12.000|16.000
MAT128,Subject06,calibration,0,rest,14.0,18.0,MAT128|Subject06|calibration|14.000|18.000
MAT128,Subject06,calibration,0,rest,16.0,20.0,MAT128|Subject06|calibration|16.000|20.000
MAT128,Subject06,calibration,0,rest,18.0,22.0,MAT128|Subject06|calibration|18.000|22.000
MAT128,Subject06,calibration,0,rest,20.0,24.0,MAT128|Subject06|calibration|20.000|24.000
MAT128,Subject06,calibration,0,rest,22.0,26.0,MAT128|Subject06|calibration|22.000|26.000
MAT128,Subject06,calibration,0,rest,24.0,28.0,MAT128|Subject06|calibration|24.000|28.000
MAT128,Subject06,calibration,0,rest,26.0,30.0,MAT128|Subject06|calibration|26.000|30.000
MAT128,Subject06,scored_rest,0,rest,30.0,34.0,MAT128|Subject06|scored_rest|30.000|34.000
MAT128,Subject06,scored_rest,0,rest,32.0,36.0,MAT128|Subject06|scored_rest|32.000|36.000
MAT128,Subject06,scored_rest,0,rest,34.0,38.0,MAT128|Subject06|scored_rest|34.000|38.000
MAT128,Subject06,scored_rest,0,rest,36.0,40.0,MAT128|Subject06|scored_rest|36.000|40.000
MAT128,Subject06,scored_rest,0,rest,38.0,42.0,MAT128|Subject06|scored_rest|38.000|42.000
MAT128,Subject06,scored_rest,0,rest,40.0,44.0,MAT128|Subject06|scored_rest|40.000|44.000
MAT128,Subject06,scored_rest,0,rest,42.0,46.0,MAT128|Subject06|scored_rest|42.000|46.000
MAT128,Subject06,scored_rest,0,rest,44.0,48.0,MAT128|Subject06|scored_rest|44.000|48.000
MAT128,Subject06,scored_rest,0,rest,46.0,50.0,MAT128|Subject06|scored_rest|46.000|50.000
MAT128,Subject06,scored_rest,0,rest,48.0,52.0,MAT128|Subject06|scored_rest|48.000|52.000
MAT128,Subject06,scored_rest,0,rest,50.0,54.0,MAT128|Subject06|scored_rest|50.000|54.000
MAT128,Subject06,scored_rest,0,rest,52.0,56.0,MAT128|Subject06|scored_rest|52.000|56.000
MAT128,Subject06,scored_rest,0,rest,54.0,58.0,MAT128|Subject06|scored_rest|54.000|58.000
MAT128,Subject06,scored_rest,0,rest,56.0,60.0,MAT128|Subject06|scored_rest|56.000|60.000
MAT128,Subject06,scored_task,1,arithmetic,0.0,4.0,MAT128|Subject06|scored_task|0.000|4.000
MAT128,Subject06,scored_task,1,arithmetic,2.0,6.0,MAT128|Subject06|scored_task|2.000|6.000
MAT128,Subject06,scored_task,1,arithmetic,4.0,8.0,MAT128|Subject06|scored_task|4.000|8.000
MAT128,Subject06,scored_task,1,arithmetic,6.0,10.0,MAT128|Subject06|scored_task|6.000|10.000
MAT128,Subject06,scored_task,1,arithmetic,8.0,12.0,MAT128|Subject06|scored_task|8.000|12.000
MAT128,Subject06,scored_task,1,arithmetic,10.0,14.0,MAT128|Subject06|scored_task|10.000|14.000
MAT128,Subject06,scored_task,1,arithmetic,12.0,16.0,MAT128|Subject06|scored_task|12.000|16.000
MAT128,Subject06,scored_task,1,arithmetic,14.0,18.0,MAT128|Subject06|scored_task|14.000|18.000
MAT128,Subject06,scored_task,1,arithmetic,16.0,20.0,MAT128|Subject06|scored_task|16.000|20.000
MAT128,Subject06,scored_task,1,arithmetic,18.0,22.0,MAT128|Subject06|scored_task|18.000|22.000
MAT128,Subject06,scored_task,1,arithmetic,20.0,24.0,MAT128|Subject06|scored_task|20.000|24.000
MAT128,Subject06,scored_task,1,arithmetic,22.0,26.0,MAT128|Subject06|scored_task|22.000|26.000
MAT128,Subject06,scored_task,1,arithmetic,24.0,28.0,MAT128|Subject06|scored_task|24.000|28.000
MAT128,Subject06,scored_task,1,arithmetic,26.0,30.0,MAT128|Subject06|scored_task|26.000|30.000
MAT128,Subject07,calibration,0,rest,0.0,4.0,MAT128|Subject07|calibration|0.000|4.000
MAT128,Subject07,calibration,0,rest,2.0,6.0,MAT128|Subject07|calibration|2.000|6.000
MAT128,Subject07,calibration,0,rest,4.0,8.0,MAT128|Subject07|calibration|4.000|8.000
MAT128,Subject07,calibration,0,rest,6.0,10.0,MAT128|Subject07|calibration|6.000|10.000
MAT128,Subject07,calibration,0,rest,8.0,12.0,MAT128|Subject07|calibration|8.000|12.000
MAT128,Subject07,calibration,0,rest,10.0,14.0,MAT128|Subject07|calibration|10.000|14.000
MAT128,Subject07,calibration,0,rest,12.0,16.0,MAT128|Subject07|calibration|12.000|16.000
MAT128,Subject07,calibration,0,rest,14.0,18.0,MAT128|Subject07|calibration|14.000|18.000
MAT128,Subject07,calibration,0,rest,16.0,20.0,MAT128|Subject07|calibration|16.000|20.000
MAT128,Subject07,calibration,0,rest,18.0,22.0,MAT128|Subject07|calibration|18.000|22.000
MAT128,Subject07,calibration,0,rest,20.0,24.0,MAT128|Subject07|calibration|20.000|24.000
MAT128,Subject07,calibration,0,rest,22.0,26.0,MAT128|Subject07|calibration|22.000|26.000
MAT128,Subject07,calibration,0,rest,24.0,28.0,MAT128|Subject07|calibration|24.000|28.000
MAT128,Subject07,calibration,0,rest,26.0,30.0,MAT128|Subject07|calibration|26.000|30.000
MAT128,Subject07,scored_rest,0,rest,30.0,34.0,MAT128|Subject07|scored_rest|30.000|34.000
MAT128,Subject07,scored_rest,0,rest,32.0,36.0,MAT128|Subject07|scored_rest|32.000|36.000
MAT128,Subject07,scored_rest,0,rest,34.0,38.0,MAT128|Subject07|scored_rest|34.000|38.000
MAT128,Subject07,scored_rest,0,rest,36.0,40.0,MAT128|Subject07|scored_rest|36.000|40.000
MAT128,Subject07,scored_rest,0,rest,38.0,42.0,MAT128|Subject07|scored_rest|38.000|42.000
MAT128,Subject07,scored_rest,0,rest,40.0,44.0,MAT128|Subject07|scored_rest|40.000|44.000
MAT128,Subject07,scored_rest,0,rest,42.0,46.0,MAT128|Subject07|scored_rest|42.000|46.000
MAT128,Subject07,scored_rest,0,rest,44.0,48.0,MAT128|Subject07|scored_rest|44.000|48.000
MAT128,Subject07,scored_rest,0,rest,46.0,50.0,MAT128|Subject07|scored_rest|46.000|50.000
MAT128,Subject07,scored_rest,0,rest,48.0,52.0,MAT128|Subject07|scored_rest|48.000|52.000
MAT128,Subject07,scored_rest,0,rest,50.0,54.0,MAT128|Subject07|scored_rest|50.000|54.000
MAT128,Subject07,scored_rest,0,rest,52.0,56.0,MAT128|Subject07|scored_rest|52.000|56.000
MAT128,Subject07,scored_rest,0,rest,54.0,58.0,MAT128|Subject07|scored_rest|54.000|58.000
MAT128,Subject07,scored_rest,0,rest,56.0,60.0,MAT128|Subject07|scored_rest|56.000|60.000
MAT128,Subject07,scored_task,1,arithmetic,0.0,4.0,MAT128|Subject07|scored_task|0.000|4.000
MAT128,Subject07,scored_task,1,arithmetic,2.0,6.0,MAT128|Subject07|scored_task|2.000|6.000
MAT128,Subject07,scored_task,1,arithmetic,4.0,8.0,MAT128|Subject07|scored_task|4.000|8.000
MAT128,Subject07,scored_task,1,arithmetic,6.0,10.0,MAT128|Subject07|scored_task|6.000|10.000
MAT128,Subject07,scored_task,1,arithmetic,8.0,12.0,MAT128|Subject07|scored_task|8.000|12.000
MAT128,Subject07,scored_task,1,arithmetic,10.0,14.0,MAT128|Subject07|scored_task|10.000|14.000
MAT128,Subject07,scored_task,1,arithmetic,12.0,16.0,MAT128|Subject07|scored_task|12.000|16.000
MAT128,Subject07,scored_task,1,arithmetic,14.0,18.0,MAT128|Subject07|scored_task|14.000|18.000
MAT128,Subject07,scored_task,1,arithmetic,16.0,20.0,MAT128|Subject07|scored_task|16.000|20.000
MAT128,Subject07,scored_task,1,arithmetic,18.0,22.0,MAT128|Subject07|scored_task|18.000|22.000
MAT128,Subject07,scored_task,1,arithmetic,20.0,24.0,MAT128|Subject07|scored_task|20.000|24.000
MAT128,Subject07,scored_task,1,arithmetic,22.0,26.0,MAT128|Subject07|scored_task|22.000|26.000
MAT128,Subject07,scored_task,1,arithmetic,24.0,28.0,MAT128|Subject07|scored_task|24.000|28.000
MAT128,Subject07,scored_task,1,arithmetic,26.0,30.0,MAT128|Subject07|scored_task|26.000|30.000
MAT128,Subject08,calibration,0,rest,0.0,4.0,MAT128|Subject08|calibration|0.000|4.000
MAT128,Subject08,calibration,0,rest,2.0,6.0,MAT128|Subject08|calibration|2.000|6.000
MAT128,Subject08,calibration,0,rest,4.0,8.0,MAT128|Subject08|calibration|4.000|8.000
MAT128,Subject08,calibration,0,rest,6.0,10.0,MAT128|Subject08|calibration|6.000|10.000
MAT128,Subject08,calibration,0,rest,8.0,12.0,MAT128|Subject08|calibration|8.000|12.000
MAT128,Subject08,calibration,0,rest,10.0,14.0,MAT128|Subject08|calibration|10.000|14.000
MAT128,Subject08,calibration,0,rest,12.0,16.0,MAT128|Subject08|calibration|12.000|16.000
MAT128,Subject08,calibration,0,rest,14.0,18.0,MAT128|Subject08|calibration|14.000|18.000
MAT128,Subject08,calibration,0,rest,16.0,20.0,MAT128|Subject08|calibration|16.000|20.000
MAT128,Subject08,calibration,0,rest,18.0,22.0,MAT128|Subject08|calibration|18.000|22.000
MAT128,Subject08,calibration,0,rest,20.0,24.0,MAT128|Subject08|calibration|20.000|24.000
MAT128,Subject08,calibration,0,rest,22.0,26.0,MAT128|Subject08|calibration|22.000|26.000
MAT128,Subject08,calibration,0,rest,24.0,28.0,MAT128|Subject08|calibration|24.000|28.000
MAT128,Subject08,calibration,0,rest,26.0,30.0,MAT128|Subject08|calibration|26.000|30.000
MAT128,Subject08,scored_rest,0,rest,30.0,34.0,MAT128|Subject08|scored_rest|30.000|34.000
MAT128,Subject08,scored_rest,0,rest,32.0,36.0,MAT128|Subject08|scored_rest|32.000|36.000
MAT128,Subject08,scored_rest,0,rest,34.0,38.0,MAT128|Subject08|scored_rest|34.000|38.000
MAT128,Subject08,scored_rest,0,rest,36.0,40.0,MAT128|Subject08|scored_rest|36.000|40.000
MAT128,Subject08,scored_rest,0,rest,38.0,42.0,MAT128|Subject08|scored_rest|38.000|42.000
MAT128,Subject08,scored_rest,0,rest,40.0,44.0,MAT128|Subject08|scored_rest|40.000|44.000
MAT128,Subject08,scored_rest,0,rest,42.0,46.0,MAT128|Subject08|scored_rest|42.000|46.000
MAT128,Subject08,scored_rest,0,rest,44.0,48.0,MAT128|Subject08|scored_rest|44.000|48.000
MAT128,Subject08,scored_rest,0,rest,46.0,50.0,MAT128|Subject08|scored_rest|46.000|50.000
MAT128,Subject08,scored_rest,0,rest,48.0,52.0,MAT128|Subject08|scored_rest|48.000|52.000
MAT128,Subject08,scored_rest,0,rest,50.0,54.0,MAT128|Subject08|scored_rest|50.000|54.000
MAT128,Subject08,scored_rest,0,rest,52.0,56.0,MAT128|Subject08|scored_rest|52.000|56.000
MAT128,Subject08,scored_rest,0,rest,54.0,58.0,MAT128|Subject08|scored_rest|54.000|58.000
MAT128,Subject08,scored_rest,0,rest,56.0,60.0,MAT128|Subject08|scored_rest|56.000|60.000
MAT128,Subject08,scored_task,1,arithmetic,0.0,4.0,MAT128|Subject08|scored_task|0.000|4.000
MAT128,Subject08,scored_task,1,arithmetic,2.0,6.0,MAT128|Subject08|scored_task|2.000|6.000
MAT128,Subject08,scored_task,1,arithmetic,4.0,8.0,MAT128|Subject08|scored_task|4.000|8.000
MAT128,Subject08,scored_task,1,arithmetic,6.0,10.0,MAT128|Subject08|scored_task|6.000|10.000
MAT128,Subject08,scored_task,1,arithmetic,8.0,12.0,MAT128|Subject08|scored_task|8.000|12.000
MAT128,Subject08,scored_task,1,arithmetic,10.0,14.0,MAT128|Subject08|scored_task|10.000|14.000
MAT128,Subject08,scored_task,1,arithmetic,12.0,16.0,MAT128|Subject08|scored_task|12.000|16.000
MAT128,Subject08,scored_task,1,arithmetic,14.0,18.0,MAT128|Subject08|scored_task|14.000|18.000
MAT128,Subject08,scored_task,1,arithmetic,16.0,20.0,MAT128|Subject08|scored_task|16.000|20.000
MAT128,Subject08,scored_task,1,arithmetic,18.0,22.0,MAT128|Subject08|scored_task|18.000|22.000
MAT128,Subject08,scored_task,1,arithmetic,20.0,24.0,MAT128|Subject08|scored_task|20.000|24.000
MAT128,Subject08,scored_task,1,arithmetic,22.0,26.0,MAT128|Subject08|scored_task|22.000|26.000
MAT128,Subject08,scored_task,1,arithmetic,24.0,28.0,MAT128|Subject08|scored_task|24.000|28.000
MAT128,Subject08,scored_task,1,arithmetic,26.0,30.0,MAT128|Subject08|scored_task|26.000|30.000
MAT128,Subject09,calibration,0,rest,0.0,4.0,MAT128|Subject09|calibration|0.000|4.000
MAT128,Subject09,calibration,0,rest,2.0,6.0,MAT128|Subject09|calibration|2.000|6.000
MAT128,Subject09,calibration,0,rest,4.0,8.0,MAT128|Subject09|calibration|4.000|8.000
MAT128,Subject09,calibration,0,rest,6.0,10.0,MAT128|Subject09|calibration|6.000|10.000
MAT128,Subject09,calibration,0,rest,8.0,12.0,MAT128|Subject09|calibration|8.000|12.000
MAT128,Subject09,calibration,0,rest,10.0,14.0,MAT128|Subject09|calibration|10.000|14.000
MAT128,Subject09,calibration,0,rest,12.0,16.0,MAT128|Subject09|calibration|12.000|16.000
MAT128,Subject09,calibration,0,rest,14.0,18.0,MAT128|Subject09|calibration|14.000|18.000
MAT128,Subject09,calibration,0,rest,16.0,20.0,MAT128|Subject09|calibration|16.000|20.000
MAT128,Subject09,calibration,0,rest,18.0,22.0,MAT128|Subject09|calibration|18.000|22.000
MAT128,Subject09,calibration,0,rest,20.0,24.0,MAT128|Subject09|calibration|20.000|24.000
MAT128,Subject09,calibration,0,rest,22.0,26.0,MAT128|Subject09|calibration|22.000|26.000
MAT128,Subject09,calibration,0,rest,24.0,28.0,MAT128|Subject09|calibration|24.000|28.000
MAT128,Subject09,calibration,0,rest,26.0,30.0,MAT128|Subject09|calibration|26.000|30.000
MAT128,Subject09,scored_rest,0,rest,30.0,34.0,MAT128|Subject09|scored_rest|30.000|34.000
MAT128,Subject09,scored_rest,0,rest,32.0,36.0,MAT128|Subject09|scored_rest|32.000|36.000
MAT128,Subject09,scored_rest,0,rest,34.0,38.0,MAT128|Subject09|scored_rest|34.000|38.000
MAT128,Subject09,scored_rest,0,rest,36.0,40.0,MAT128|Subject09|scored_rest|36.000|40.000
MAT128,Subject09,scored_rest,0,rest,38.0,42.0,MAT128|Subject09|scored_rest|38.000|42.000
MAT128,Subject09,scored_rest,0,rest,40.0,44.0,MAT128|Subject09|scored_rest|40.000|44.000
MAT128,Subject09,scored_rest,0,rest,42.0,46.0,MAT128|Subject09|scored_rest|42.000|46.000
MAT128,Subject09,scored_rest,0,rest,44.0,48.0,MAT128|Subject09|scored_rest|44.000|48.000
MAT128,Subject09,scored_rest,0,rest,46.0,50.0,MAT128|Subject09|scored_rest|46.000|50.000
MAT128,Subject09,scored_rest,0,rest,48.0,52.0,MAT128|Subject09|scored_rest|48.000|52.000
MAT128,Subject09,scored_rest,0,rest,50.0,54.0,MAT128|Subject09|scored_rest|50.000|54.000
MAT128,Subject09,scored_rest,0,rest,52.0,56.0,MAT128|Subject09|scored_rest|52.000|56.000
MAT128,Subject09,scored_rest,0,rest,54.0,58.0,MAT128|Subject09|scored_rest|54.000|58.000
MAT128,Subject09,scored_rest,0,rest,56.0,60.0,MAT128|Subject09|scored_rest|56.000|60.000
MAT128,Subject09,scored_task,1,arithmetic,0.0,4.0,MAT128|Subject09|scored_task|0.000|4.000
MAT128,Subject09,scored_task,1,arithmetic,2.0,6.0,MAT128|Subject09|scored_task|2.000|6.000
MAT128,Subject09,scored_task,1,arithmetic,4.0,8.0,MAT128|Subject09|scored_task|4.000|8.000
MAT128,Subject09,scored_task,1,arithmetic,6.0,10.0,MAT128|Subject09|scored_task|6.000|10.000
MAT128,Subject09,scored_task,1,arithmetic,8.0,12.0,MAT128|Subject09|scored_task|8.000|12.000
MAT128,Subject09,scored_task,1,arithmetic,10.0,14.0,MAT128|Subject09|scored_task|10.000|14.000
MAT128,Subject09,scored_task,1,arithmetic,12.0,16.0,MAT128|Subject09|scored_task|12.000|16.000
MAT128,Subject09,scored_task,1,arithmetic,14.0,18.0,MAT128|Subject09|scored_task|14.000|18.000
MAT128,Subject09,scored_task,1,arithmetic,16.0,20.0,MAT128|Subject09|scored_task|16.000|20.000
MAT128,Subject09,scored_task,1,arithmetic,18.0,22.0,MAT128|Subject09|scored_task|18.000|22.000
MAT128,Subject09,scored_task,1,arithmetic,20.0,24.0,MAT128|Subject09|scored_task|20.000|24.000
MAT128,Subject09,scored_task,1,arithmetic,22.0,26.0,MAT128|Subject09|scored_task|22.000|26.000
MAT128,Subject09,scored_task,1,arithmetic,24.0,28.0,MAT128|Subject09|scored_task|24.000|28.000
MAT128,Subject09,scored_task,1,arithmetic,26.0,30.0,MAT128|Subject09|scored_task|26.000|30.000
MAT128,Subject10,calibration,0,rest,0.0,4.0,MAT128|Subject10|calibration|0.000|4.000
MAT128,Subject10,calibration,0,rest,2.0,6.0,MAT128|Subject10|calibration|2.000|6.000
MAT128,Subject10,calibration,0,rest,4.0,8.0,MAT128|Subject10|calibration|4.000|8.000
MAT128,Subject10,calibration,0,rest,6.0,10.0,MAT128|Subject10|calibration|6.000|10.000
MAT128,Subject10,calibration,0,rest,8.0,12.0,MAT128|Subject10|calibration|8.000|12.000
MAT128,Subject10,calibration,0,rest,10.0,14.0,MAT128|Subject10|calibration|10.000|14.000
MAT128,Subject10,calibration,0,rest,12.0,16.0,MAT128|Subject10|calibration|12.000|16.000
MAT128,Subject10,calibration,0,rest,14.0,18.0,MAT128|Subject10|calibration|14.000|18.000
MAT128,Subject10,calibration,0,rest,16.0,20.0,MAT128|Subject10|calibration|16.000|20.000
MAT128,Subject10,calibration,0,rest,18.0,22.0,MAT128|Subject10|calibration|18.000|22.000
MAT128,Subject10,calibration,0,rest,20.0,24.0,MAT128|Subject10|calibration|20.000|24.000
MAT128,Subject10,calibration,0,rest,22.0,26.0,MAT128|Subject10|calibration|22.000|26.000
MAT128,Subject10,calibration,0,rest,24.0,28.0,MAT128|Subject10|calibration|24.000|28.000
MAT128,Subject10,calibration,0,rest,26.0,30.0,MAT128|Subject10|calibration|26.000|30.000
MAT128,Subject10,scored_rest,0,rest,30.0,34.0,MAT128|Subject10|scored_rest|30.000|34.000
MAT128,Subject10,scored_rest,0,rest,32.0,36.0,MAT128|Subject10|scored_rest|32.000|36.000
MAT128,Subject10,scored_rest,0,rest,34.0,38.0,MAT128|Subject10|scored_rest|34.000|38.000
MAT128,Subject10,scored_rest,0,rest,36.0,40.0,MAT128|Subject10|scored_rest|36.000|40.000
MAT128,Subject10,scored_rest,0,rest,38.0,42.0,MAT128|Subject10|scored_rest|38.000|42.000
MAT128,Subject10,scored_rest,0,rest,40.0,44.0,MAT128|Subject10|scored_rest|40.000|44.000
MAT128,Subject10,scored_rest,0,rest,42.0,46.0,MAT128|Subject10|scored_rest|42.000|46.000
MAT128,Subject10,scored_rest,0,rest,44.0,48.0,MAT128|Subject10|scored_rest|44.000|48.000
MAT128,Subject10,scored_rest,0,rest,46.0,50.0,MAT128|Subject10|scored_rest|46.000|50.000
MAT128,Subject10,scored_rest,0,rest,48.0,52.0,MAT128|Subject10|scored_rest|48.000|52.000
MAT128,Subject10,scored_rest,0,rest,50.0,54.0,MAT128|Subject10|scored_rest|50.000|54.000
MAT128,Subject10,scored_rest,0,rest,52.0,56.0,MAT128|Subject10|scored_rest|52.000|56.000
MAT128,Subject10,scored_rest,0,rest,54.0,58.0,MAT128|Subject10|scored_rest|54.000|58.000
MAT128,Subject10,scored_rest,0,rest,56.0,60.0,MAT128|Subject10|scored_rest|56.000|60.000
MAT128,Subject10,scored_task,1,arithmetic,0.0,4.0,MAT128|Subject10|scored_task|0.000|4.000
MAT128,Subject10,scored_task,1,arithmetic,2.0,6.0,MAT128|Subject10|scored_task|2.000|6.000
MAT128,Subject10,scored_task,1,arithmetic,4.0,8.0,MAT128|Subject10|scored_task|4.000|8.000
MAT128,Subject10,scored_task,1,arithmetic,6.0,10.0,MAT128|Subject10|scored_task|6.000|10.000
MAT128,Subject10,scored_task,1,arithmetic,8.0,12.0,MAT128|Subject10|scored_task|8.000|12.000
MAT128,Subject10,scored_task,1,arithmetic,10.0,14.0,MAT128|Subject10|scored_task|10.000|14.000
MAT128,Subject10,scored_task,1,arithmetic,12.0,16.0,MAT128|Subject10|scored_task|12.000|16.000
MAT128,Subject10,scored_task,1,arithmetic,14.0,18.0,MAT128|Subject10|scored_task|14.000|18.000
MAT128,Subject10,scored_task,1,arithmetic,16.0,20.0,MAT128|Subject10|scored_task|16.000|20.000
MAT128,Subject10,scored_task,1,arithmetic,18.0,22.0,MAT128|Subject10|scored_task|18.000|22.000
MAT128,Subject10,scored_task,1,arithmetic,20.0,24.0,MAT128|Subject10|scored_task|20.000|24.000
MAT128,Subject10,scored_task,1,arithmetic,22.0,26.0,MAT128|Subject10|scored_task|22.000|26.000
MAT128,Subject10,scored_task,1,arithmetic,24.0,28.0,MAT128|Subject10|scored_task|24.000|28.000
MAT128,Subject10,scored_task,1,arithmetic,26.0,30.0,MAT128|Subject10|scored_task|26.000|30.000
MAT128,Subject11,calibration,0,rest,0.0,4.0,MAT128|Subject11|calibration|0.000|4.000
MAT128,Subject11,calibration,0,rest,2.0,6.0,MAT128|Subject11|calibration|2.000|6.000
MAT128,Subject11,calibration,0,rest,4.0,8.0,MAT128|Subject11|calibration|4.000|8.000
MAT128,Subject11,calibration,0,rest,6.0,10.0,MAT128|Subject11|calibration|6.000|10.000
MAT128,Subject11,calibration,0,rest,8.0,12.0,MAT128|Subject11|calibration|8.000|12.000
MAT128,Subject11,calibration,0,rest,10.0,14.0,MAT128|Subject11|calibration|10.000|14.000
MAT128,Subject11,calibration,0,rest,12.0,16.0,MAT128|Subject11|calibration|12.000|16.000
MAT128,Subject11,calibration,0,rest,14.0,18.0,MAT128|Subject11|calibration|14.000|18.000
MAT128,Subject11,calibration,0,rest,16.0,20.0,MAT128|Subject11|calibration|16.000|20.000
MAT128,Subject11,calibration,0,rest,18.0,22.0,MAT128|Subject11|calibration|18.000|22.000
MAT128,Subject11,calibration,0,rest,20.0,24.0,MAT128|Subject11|calibration|20.000|24.000
MAT128,Subject11,calibration,0,rest,22.0,26.0,MAT128|Subject11|calibration|22.000|26.000
MAT128,Subject11,calibration,0,rest,24.0,28.0,MAT128|Subject11|calibration|24.000|28.000
MAT128,Subject11,calibration,0,rest,26.0,30.0,MAT128|Subject11|calibration|26.000|30.000
MAT128,Subject11,scored_rest,0,rest,30.0,34.0,MAT128|Subject11|scored_rest|30.000|34.000
MAT128,Subject11,scored_rest,0,rest,32.0,36.0,MAT128|Subject11|scored_rest|32.000|36.000
MAT128,Subject11,scored_rest,0,rest,34.0,38.0,MAT128|Subject11|scored_rest|34.000|38.000
MAT128,Subject11,scored_rest,0,rest,36.0,40.0,MAT128|Subject11|scored_rest|36.000|40.000
MAT128,Subject11,scored_rest,0,rest,38.0,42.0,MAT128|Subject11|scored_rest|38.000|42.000
MAT128,Subject11,scored_rest,0,rest,40.0,44.0,MAT128|Subject11|scored_rest|40.000|44.000
MAT128,Subject11,scored_rest,0,rest,42.0,46.0,MAT128|Subject11|scored_rest|42.000|46.000
MAT128,Subject11,scored_rest,0,rest,44.0,48.0,MAT128|Subject11|scored_rest|44.000|48.000
MAT128,Subject11,scored_rest,0,rest,46.0,50.0,MAT128|Subject11|scored_rest|46.000|50.000
MAT128,Subject11,scored_rest,0,rest,48.0,52.0,MAT128|Subject11|scored_rest|48.000|52.000
MAT128,Subject11,scored_rest,0,rest,50.0,54.0,MAT128|Subject11|scored_rest|50.000|54.000
MAT128,Subject11,scored_rest,0,rest,52.0,56.0,MAT128|Subject11|scored_rest|52.000|56.000
MAT128,Subject11,scored_rest,0,rest,54.0,58.0,MAT128|Subject11|scored_rest|54.000|58.000
MAT128,Subject11,scored_rest,0,rest,56.0,60.0,MAT128|Subject11|scored_rest|56.000|60.000
MAT128,Subject11,scored_task,1,arithmetic,0.0,4.0,MAT128|Subject11|scored_task|0.000|4.000
MAT128,Subject11,scored_task,1,arithmetic,2.0,6.0,MAT128|Subject11|scored_task|2.000|6.000
MAT128,Subject11,scored_task,1,arithmetic,4.0,8.0,MAT128|Subject11|scored_task|4.000|8.000
MAT128,Subject11,scored_task,1,arithmetic,6.0,10.0,MAT128|Subject11|scored_task|6.000|10.000
MAT128,Subject11,scored_task,1,arithmetic,8.0,12.0,MAT128|Subject11|scored_task|8.000|12.000
MAT128,Subject11,scored_task,1,arithmetic,10.0,14.0,MAT128|Subject11|scored_task|10.000|14.000
MAT128,Subject11,scored_task,1,arithmetic,12.0,16.0,MAT128|Subject11|scored_task|12.000|16.000
MAT128,Subject11,scored_task,1,arithmetic,14.0,18.0,MAT128|Subject11|scored_task|14.000|18.000
MAT128,Subject11,scored_task,1,arithmetic,16.0,20.0,MAT128|Subject11|scored_task|16.000|20.000
MAT128,Subject11,scored_task,1,arithmetic,18.0,22.0,MAT128|Subject11|scored_task|18.000|22.000
MAT128,Subject11,scored_task,1,arithmetic,20.0,24.0,MAT128|Subject11|scored_task|20.000|24.000
MAT128,Subject11,scored_task,1,arithmetic,22.0,26.0,MAT128|Subject11|scored_task|22.000|26.000
MAT128,Subject11,scored_task,1,arithmetic,24.0,28.0,MAT128|Subject11|scored_task|24.000|28.000
MAT128,Subject11,scored_task,1,arithmetic,26.0,30.0,MAT128|Subject11|scored_task|26.000|30.000
MAT128,Subject12,calibration,0,rest,0.0,4.0,MAT128|Subject12|calibration|0.000|4.000
MAT128,Subject12,calibration,0,rest,2.0,6.0,MAT128|Subject12|calibration|2.000|6.000
MAT128,Subject12,calibration,0,rest,4.0,8.0,MAT128|Subject12|calibration|4.000|8.000
MAT128,Subject12,calibration,0,rest,6.0,10.0,MAT128|Subject12|calibration|6.000|10.000
MAT128,Subject12,calibration,0,rest,8.0,12.0,MAT128|Subject12|calibration|8.000|12.000
MAT128,Subject12,calibration,0,rest,10.0,14.0,MAT128|Subject12|calibration|10.000|14.000
MAT128,Subject12,calibration,0,rest,12.0,16.0,MAT128|Subject12|calibration|12.000|16.000
MAT128,Subject12,calibration,0,rest,14.0,18.0,MAT128|Subject12|calibration|14.000|18.000
MAT128,Subject12,calibration,0,rest,16.0,20.0,MAT128|Subject12|calibration|16.000|20.000
MAT128,Subject12,calibration,0,rest,18.0,22.0,MAT128|Subject12|calibration|18.000|22.000
MAT128,Subject12,calibration,0,rest,20.0,24.0,MAT128|Subject12|calibration|20.000|24.000
MAT128,Subject12,calibration,0,rest,22.0,26.0,MAT128|Subject12|calibration|22.000|26.000
MAT128,Subject12,calibration,0,rest,24.0,28.0,MAT128|Subject12|calibration|24.000|28.000
MAT128,Subject12,calibration,0,rest,26.0,30.0,MAT128|Subject12|calibration|26.000|30.000
MAT128,Subject12,scored_rest,0,rest,30.0,34.0,MAT128|Subject12|scored_rest|30.000|34.000
MAT128,Subject12,scored_rest,0,rest,32.0,36.0,MAT128|Subject12|scored_rest|32.000|36.000
MAT128,Subject12,scored_rest,0,rest,34.0,38.0,MAT128|Subject12|scored_rest|34.000|38.000
MAT128,Subject12,scored_rest,0,rest,36.0,40.0,MAT128|Subject12|scored_rest|36.000|40.000
MAT128,Subject12,scored_rest,0,rest,38.0,42.0,MAT128|Subject12|scored_rest|38.000|42.000
MAT128,Subject12,scored_rest,0,rest,40.0,44.0,MAT128|Subject12|scored_rest|40.000|44.000
MAT128,Subject12,scored_rest,0,rest,42.0,46.0,MAT128|Subject12|scored_rest|42.000|46.000
MAT128,Subject12,scored_rest,0,rest,44.0,48.0,MAT128|Subject12|scored_rest|44.000|48.000
MAT128,Subject12,scored_rest,0,rest,46.0,50.0,MAT128|Subject12|scored_rest|46.000|50.000
MAT128,Subject12,scored_rest,0,rest,48.0,52.0,MAT128|Subject12|scored_rest|48.000|52.000
MAT128,Subject12,scored_rest,0,rest,50.0,54.0,MAT128|Subject12|scored_rest|50.000|54.000
MAT128,Subject12,scored_rest,0,rest,52.0,56.0,MAT128|Subject12|scored_rest|52.000|56.000
MAT128,Subject12,scored_rest,0,rest,54.0,58.0,MAT128|Subject12|scored_rest|54.000|58.000
MAT128,Subject12,scored_rest,0,rest,56.0,60.0,MAT128|Subject12|scored_rest|56.000|60.000
MAT128,Subject12,scored_task,1,arithmetic,0.0,4.0,MAT128|Subject12|scored_task|0.000|4.000
MAT128,Subject12,scored_task,1,arithmetic,2.0,6.0,MAT128|Subject12|scored_task|2.000|6.000
MAT128,Subject12,scored_task,1,arithmetic,4.0,8.0,MAT128|Subject12|scored_task|4.000|8.000
MAT128,Subject12,scored_task,1,arithmetic,6.0,10.0,MAT128|Subject12|scored_task|6.000|10.000
MAT128,Subject12,scored_task,1,arithmetic,8.0,12.0,MAT128|Subject12|scored_task|8.000|12.000
MAT128,Subject12,scored_task,1,arithmetic,10.0,14.0,MAT128|Subject12|scored_task|10.000|14.000
MAT128,Subject12,scored_task,1,arithmetic,12.0,16.0,MAT128|Subject12|scored_task|12.000|16.000
MAT128,Subject12,scored_task,1,arithmetic,14.0,18.0,MAT128|Subject12|scored_task|14.000|18.000
MAT128,Subject12,scored_task,1,arithmetic,16.0,20.0,MAT128|Subject12|scored_task|16.000|20.000
MAT128,Subject12,scored_task,1,arithmetic,18.0,22.0,MAT128|Subject12|scored_task|18.000|22.000
MAT128,Subject12,scored_task,1,arithmetic,20.0,24.0,MAT128|Subject12|scored_task|20.000|24.000
MAT128,Subject12,scored_task,1,arithmetic,22.0,26.0,MAT128|Subject12|scored_task|22.000|26.000
MAT128,Subject12,scored_task,1,arithmetic,24.0,28.0,MAT128|Subject12|scored_task|24.000|28.000
MAT128,Subject12,scored_task,1,arithmetic,26.0,30.0,MAT128|Subject12|scored_task|26.000|30.000
MAT128,Subject13,calibration,0,rest,0.0,4.0,MAT128|Subject13|calibration|0.000|4.000
MAT128,Subject13,calibration,0,rest,2.0,6.0,MAT128|Subject13|calibration|2.000|6.000
MAT128,Subject13,calibration,0,rest,4.0,8.0,MAT128|Subject13|calibration|4.000|8.000
MAT128,Subject13,calibration,0,rest,6.0,10.0,MAT128|Subject13|calibration|6.000|10.000
MAT128,Subject13,calibration,0,rest,8.0,12.0,MAT128|Subject13|calibration|8.000|12.000
MAT128,Subject13,calibration,0,rest,10.0,14.0,MAT128|Subject13|calibration|10.000|14.000
MAT128,Subject13,calibration,0,rest,12.0,16.0,MAT128|Subject13|calibration|12.000|16.000
MAT128,Subject13,calibration,0,rest,14.0,18.0,MAT128|Subject13|calibration|14.000|18.000
MAT128,Subject13,calibration,0,rest,16.0,20.0,MAT128|Subject13|calibration|16.000|20.000
MAT128,Subject13,calibration,0,rest,18.0,22.0,MAT128|Subject13|calibration|18.000|22.000
MAT128,Subject13,calibration,0,rest,20.0,24.0,MAT128|Subject13|calibration|20.000|24.000
MAT128,Subject13,calibration,0,rest,22.0,26.0,MAT128|Subject13|calibration|22.000|26.000
MAT128,Subject13,calibration,0,rest,24.0,28.0,MAT128|Subject13|calibration|24.000|28.000
MAT128,Subject13,calibration,0,rest,26.0,30.0,MAT128|Subject13|calibration|26.000|30.000
MAT128,Subject13,scored_rest,0,rest,30.0,34.0,MAT128|Subject13|scored_rest|30.000|34.000
MAT128,Subject13,scored_rest,0,rest,32.0,36.0,MAT128|Subject13|scored_rest|32.000|36.000
MAT128,Subject13,scored_rest,0,rest,34.0,38.0,MAT128|Subject13|scored_rest|34.000|38.000
MAT128,Subject13,scored_rest,0,rest,36.0,40.0,MAT128|Subject13|scored_rest|36.000|40.000
MAT128,Subject13,scored_rest,0,rest,38.0,42.0,MAT128|Subject13|scored_rest|38.000|42.000
MAT128,Subject13,scored_rest,0,rest,40.0,44.0,MAT128|Subject13|scored_rest|40.000|44.000
MAT128,Subject13,scored_rest,0,rest,42.0,46.0,MAT128|Subject13|scored_rest|42.000|46.000
MAT128,Subject13,scored_rest,0,rest,44.0,48.0,MAT128|Subject13|scored_rest|44.000|48.000
MAT128,Subject13,scored_rest,0,rest,46.0,50.0,MAT128|Subject13|scored_rest|46.000|50.000
MAT128,Subject13,scored_rest,0,rest,48.0,52.0,MAT128|Subject13|scored_rest|48.000|52.000
MAT128,Subject13,scored_rest,0,rest,50.0,54.0,MAT128|Subject13|scored_rest|50.000|54.000
MAT128,Subject13,scored_rest,0,rest,52.0,56.0,MAT128|Subject13|scored_rest|52.000|56.000
MAT128,Subject13,scored_rest,0,rest,54.0,58.0,MAT128|Subject13|scored_rest|54.000|58.000
MAT128,Subject13,scored_rest,0,rest,56.0,60.0,MAT128|Subject13|scored_rest|56.000|60.000
MAT128,Subject13,scored_task,1,arithmetic,0.0,4.0,MAT128|Subject13|scored_task|0.000|4.000
MAT128,Subject13,scored_task,1,arithmetic,2.0,6.0,MAT128|Subject13|scored_task|2.000|6.000
MAT128,Subject13,scored_task,1,arithmetic,4.0,8.0,MAT128|Subject13|scored_task|4.000|8.000
MAT128,Subject13,scored_task,1,arithmetic,6.0,10.0,MAT128|Subject13|scored_task|6.000|10.000
MAT128,Subject13,scored_task,1,arithmetic,8.0,12.0,MAT128|Subject13|scored_task|8.000|12.000
MAT128,Subject13,scored_task,1,arithmetic,10.0,14.0,MAT128|Subject13|scored_task|10.000|14.000
MAT128,Subject13,scored_task,1,arithmetic,12.0,16.0,MAT128|Subject13|scored_task|12.000|16.000
MAT128,Subject13,scored_task,1,arithmetic,14.0,18.0,MAT128|Subject13|scored_task|14.000|18.000
MAT128,Subject13,scored_task,1,arithmetic,16.0,20.0,MAT128|Subject13|scored_task|16.000|20.000
MAT128,Subject13,scored_task,1,arithmetic,18.0,22.0,MAT128|Subject13|scored_task|18.000|22.000
MAT128,Subject13,scored_task,1,arithmetic,20.0,24.0,MAT128|Subject13|scored_task|20.000|24.000
MAT128,Subject13,scored_task,1,arithmetic,22.0,26.0,MAT128|Subject13|scored_task|22.000|26.000
MAT128,Subject13,scored_task,1,arithmetic,24.0,28.0,MAT128|Subject13|scored_task|24.000|28.000
MAT128,Subject13,scored_task,1,arithmetic,26.0,30.0,MAT128|Subject13|scored_task|26.000|30.000
MAT128,Subject14,calibration,0,rest,0.0,4.0,MAT128|Subject14|calibration|0.000|4.000
MAT128,Subject14,calibration,0,rest,2.0,6.0,MAT128|Subject14|calibration|2.000|6.000
MAT128,Subject14,calibration,0,rest,4.0,8.0,MAT128|Subject14|calibration|4.000|8.000
MAT128,Subject14,calibration,0,rest,6.0,10.0,MAT128|Subject14|calibration|6.000|10.000
MAT128,Subject14,calibration,0,rest,8.0,12.0,MAT128|Subject14|calibration|8.000|12.000
MAT128,Subject14,calibration,0,rest,10.0,14.0,MAT128|Subject14|calibration|10.000|14.000
MAT128,Subject14,calibration,0,rest,12.0,16.0,MAT128|Subject14|calibration|12.000|16.000
MAT128,Subject14,calibration,0,rest,14.0,18.0,MAT128|Subject14|calibration|14.000|18.000
MAT128,Subject14,calibration,0,rest,16.0,20.0,MAT128|Subject14|calibration|16.000|20.000
MAT128,Subject14,calibration,0,rest,18.0,22.0,MAT128|Subject14|calibration|18.000|22.000
MAT128,Subject14,calibration,0,rest,20.0,24.0,MAT128|Subject14|calibration|20.000|24.000
MAT128,Subject14,calibration,0,rest,22.0,26.0,MAT128|Subject14|calibration|22.000|26.000
MAT128,Subject14,calibration,0,rest,24.0,28.0,MAT128|Subject14|calibration|24.000|28.000
MAT128,Subject14,calibration,0,rest,26.0,30.0,MAT128|Subject14|calibration|26.000|30.000
MAT128,Subject14,scored_rest,0,rest,30.0,34.0,MAT128|Subject14|scored_rest|30.000|34.000
MAT128,Subject14,scored_rest,0,rest,32.0,36.0,MAT128|Subject14|scored_rest|32.000|36.000
MAT128,Subject14,scored_rest,0,rest,34.0,38.0,MAT128|Subject14|scored_rest|34.000|38.000
MAT128,Subject14,scored_rest,0,rest,36.0,40.0,MAT128|Subject14|scored_rest|36.000|40.000
MAT128,Subject14,scored_rest,0,rest,38.0,42.0,MAT128|Subject14|scored_rest|38.000|42.000
MAT128,Subject14,scored_rest,0,rest,40.0,44.0,MAT128|Subject14|scored_rest|40.000|44.000
MAT128,Subject14,scored_rest,0,rest,42.0,46.0,MAT128|Subject14|scored_rest|42.000|46.000
MAT128,Subject14,scored_rest,0,rest,44.0,48.0,MAT128|Subject14|scored_rest|44.000|48.000
MAT128,Subject14,scored_rest,0,rest,46.0,50.0,MAT128|Subject14|scored_rest|46.000|50.000
MAT128,Subject14,scored_rest,0,rest,48.0,52.0,MAT128|Subject14|scored_rest|48.000|52.000
MAT128,Subject14,scored_rest,0,rest,50.0,54.0,MAT128|Subject14|scored_rest|50.000|54.000
MAT128,Subject14,scored_rest,0,rest,52.0,56.0,MAT128|Subject14|scored_rest|52.000|56.000
MAT128,Subject14,scored_rest,0,rest,54.0,58.0,MAT128|Subject14|scored_rest|54.000|58.000
MAT128,Subject14,scored_rest,0,rest,56.0,60.0,MAT128|Subject14|scored_rest|56.000|60.000
MAT128,Subject14,scored_task,1,arithmetic,0.0,4.0,MAT128|Subject14|scored_task|0.000|4.000
MAT128,Subject14,scored_task,1,arithmetic,2.0,6.0,MAT128|Subject14|scored_task|2.000|6.000
MAT128,Subject14,scored_task,1,arithmetic,4.0,8.0,MAT128|Subject14|scored_task|4.000|8.000
MAT128,Subject14,scored_task,1,arithmetic,6.0,10.0,MAT128|Subject14|scored_task|6.000|10.000
MAT128,Subject14,scored_task,1,arithmetic,8.0,12.0,MAT128|Subject14|scored_task|8.000|12.000
MAT128,Subject14,scored_task,1,arithmetic,10.0,14.0,MAT128|Subject14|scored_task|10.000|14.000
MAT128,Subject14,scored_task,1,arithmetic,12.0,16.0,MAT128|Subject14|scored_task|12.000|16.000
MAT128,Subject14,scored_task,1,arithmetic,14.0,18.0,MAT128|Subject14|scored_task|14.000|18.000
MAT128,Subject14,scored_task,1,arithmetic,16.0,20.0,MAT128|Subject14|scored_task|16.000|20.000
MAT128,Subject14,scored_task,1,arithmetic,18.0,22.0,MAT128|Subject14|scored_task|18.000|22.000
MAT128,Subject14,scored_task,1,arithmetic,20.0,24.0,MAT128|Subject14|scored_task|20.000|24.000
MAT128,Subject14,scored_task,1,arithmetic,22.0,26.0,MAT128|Subject14|scored_task|22.000|26.000
MAT128,Subject14,scored_task,1,arithmetic,24.0,28.0,MAT128|Subject14|scored_task|24.000|28.000
MAT128,Subject14,scored_task,1,arithmetic,26.0,30.0,MAT128|Subject14|scored_task|26.000|30.000
MAT128,Subject15,calibration,0,rest,0.0,4.0,MAT128|Subject15|calibration|0.000|4.000
MAT128,Subject15,calibration,0,rest,2.0,6.0,MAT128|Subject15|calibration|2.000|6.000
MAT128,Subject15,calibration,0,rest,4.0,8.0,MAT128|Subject15|calibration|4.000|8.000
MAT128,Subject15,calibration,0,rest,6.0,10.0,MAT128|Subject15|calibration|6.000|10.000
MAT128,Subject15,calibration,0,rest,8.0,12.0,MAT128|Subject15|calibration|8.000|12.000
MAT128,Subject15,calibration,0,rest,10.0,14.0,MAT128|Subject15|calibration|10.000|14.000
MAT128,Subject15,calibration,0,rest,12.0,16.0,MAT128|Subject15|calibration|12.000|16.000
MAT128,Subject15,calibration,0,rest,14.0,18.0,MAT128|Subject15|calibration|14.000|18.000
MAT128,Subject15,calibration,0,rest,16.0,20.0,MAT128|Subject15|calibration|16.000|20.000
MAT128,Subject15,calibration,0,rest,18.0,22.0,MAT128|Subject15|calibration|18.000|22.000
MAT128,Subject15,calibration,0,rest,20.0,24.0,MAT128|Subject15|calibration|20.000|24.000
MAT128,Subject15,calibration,0,rest,22.0,26.0,MAT128|Subject15|calibration|22.000|26.000
MAT128,Subject15,calibration,0,rest,24.0,28.0,MAT128|Subject15|calibration|24.000|28.000
MAT128,Subject15,calibration,0,rest,26.0,30.0,MAT128|Subject15|calibration|26.000|30.000
MAT128,Subject15,scored_rest,0,rest,30.0,34.0,MAT128|Subject15|scored_rest|30.000|34.000
MAT128,Subject15,scored_rest,0,rest,32.0,36.0,MAT128|Subject15|scored_rest|32.000|36.000
MAT128,Subject15,scored_rest,0,rest,34.0,38.0,MAT128|Subject15|scored_rest|34.000|38.000
MAT128,Subject15,scored_rest,0,rest,36.0,40.0,MAT128|Subject15|scored_rest|36.000|40.000
MAT128,Subject15,scored_rest,0,rest,38.0,42.0,MAT128|Subject15|scored_rest|38.000|42.000
MAT128,Subject15,scored_rest,0,rest,40.0,44.0,MAT128|Subject15|scored_rest|40.000|44.000
MAT128,Subject15,scored_rest,0,rest,42.0,46.0,MAT128|Subject15|scored_rest|42.000|46.000
MAT128,Subject15,scored_rest,0,rest,44.0,48.0,MAT128|Subject15|scored_rest|44.000|48.000
MAT128,Subject15,scored_rest,0,rest,46.0,50.0,MAT128|Subject15|scored_rest|46.000|50.000
MAT128,Subject15,scored_rest,0,rest,48.0,52.0,MAT128|Subject15|scored_rest|48.000|52.000
MAT128,Subject15,scored_rest,0,rest,50.0,54.0,MAT128|Subject15|scored_rest|50.000|54.000
MAT128,Subject15,scored_rest,0,rest,52.0,56.0,MAT128|Subject15|scored_rest|52.000|56.000
MAT128,Subject15,scored_rest,0,rest,54.0,58.0,MAT128|Subject15|scored_rest|54.000|58.000
MAT128,Subject15,scored_rest,0,rest,56.0,60.0,MAT128|Subject15|scored_rest|56.000|60.000
MAT128,Subject15,scored_task,1,arithmetic,0.0,4.0,MAT128|Subject15|scored_task|0.000|4.000
MAT128,Subject15,scored_task,1,arithmetic,2.0,6.0,MAT128|Subject15|scored_task|2.000|6.000
MAT128,Subject15,scored_task,1,arithmetic,4.0,8.0,MAT128|Subject15|scored_task|4.000|8.000
MAT128,Subject15,scored_task,1,arithmetic,6.0,10.0,MAT128|Subject15|scored_task|6.000|10.000
MAT128,Subject15,scored_task,1,arithmetic,8.0,12.0,MAT128|Subject15|scored_task|8.000|12.000
MAT128,Subject15,scored_task,1,arithmetic,10.0,14.0,MAT128|Subject15|scored_task|10.000|14.000
MAT128,Subject15,scored_task,1,arithmetic,12.0,16.0,MAT128|Subject15|scored_task|12.000|16.000
MAT128,Subject15,scored_task,1,arithmetic,14.0,18.0,MAT128|Subject15|scored_task|14.000|18.000
MAT128,Subject15,scored_task,1,arithmetic,16.0,20.0,MAT128|Subject15|scored_task|16.000|20.000
MAT128,Subject15,scored_task,1,arithmetic,18.0,22.0,MAT128|Subject15|scored_task|18.000|22.000
MAT128,Subject15,scored_task,1,arithmetic,20.0,24.0,MAT128|Subject15|scored_task|20.000|24.000
MAT128,Subject15,scored_task,1,arithmetic,22.0,26.0,MAT128|Subject15|scored_task|22.000|26.000
MAT128,Subject15,scored_task,1,arithmetic,24.0,28.0,MAT128|Subject15|scored_task|24.000|28.000
MAT128,Subject15,scored_task,1,arithmetic,26.0,30.0,MAT128|Subject15|scored_task|26.000|30.000
MAT128,Subject16,calibration,0,rest,0.0,4.0,MAT128|Subject16|calibration|0.000|4.000
MAT128,Subject16,calibration,0,rest,2.0,6.0,MAT128|Subject16|calibration|2.000|6.000
MAT128,Subject16,calibration,0,rest,4.0,8.0,MAT128|Subject16|calibration|4.000|8.000
MAT128,Subject16,calibration,0,rest,6.0,10.0,MAT128|Subject16|calibration|6.000|10.000
MAT128,Subject16,calibration,0,rest,8.0,12.0,MAT128|Subject16|calibration|8.000|12.000
MAT128,Subject16,calibration,0,rest,10.0,14.0,MAT128|Subject16|calibration|10.000|14.000
MAT128,Subject16,calibration,0,rest,12.0,16.0,MAT128|Subject16|calibration|12.000|16.000
MAT128,Subject16,calibration,0,rest,14.0,18.0,MAT128|Subject16|calibration|14.000|18.000
MAT128,Subject16,calibration,0,rest,16.0,20.0,MAT128|Subject16|calibration|16.000|20.000
MAT128,Subject16,calibration,0,rest,18.0,22.0,MAT128|Subject16|calibration|18.000|22.000
MAT128,Subject16,calibration,0,rest,20.0,24.0,MAT128|Subject16|calibration|20.000|24.000
MAT128,Subject16,calibration,0,rest,22.0,26.0,MAT128|Subject16|calibration|22.000|26.000
MAT128,Subject16,calibration,0,rest,24.0,28.0,MAT128|Subject16|calibration|24.000|28.000
MAT128,Subject16,calibration,0,rest,26.0,30.0,MAT128|Subject16|calibration|26.000|30.000
MAT128,Subject16,scored_rest,0,rest,30.0,34.0,MAT128|Subject16|scored_rest|30.000|34.000
MAT128,Subject16,scored_rest,0,rest,32.0,36.0,MAT128|Subject16|scored_rest|32.000|36.000
MAT128,Subject16,scored_rest,0,rest,34.0,38.0,MAT128|Subject16|scored_rest|34.000|38.000
MAT128,Subject16,scored_rest,0,rest,36.0,40.0,MAT128|Subject16|scored_rest|36.000|40.000
MAT128,Subject16,scored_rest,0,rest,38.0,42.0,MAT128|Subject16|scored_rest|38.000|42.000
MAT128,Subject16,scored_rest,0,rest,40.0,44.0,MAT128|Subject16|scored_rest|40.000|44.000
MAT128,Subject16,scored_rest,0,rest,42.0,46.0,MAT128|Subject16|scored_rest|42.000|46.000
MAT128,Subject16,scored_rest,0,rest,44.0,48.0,MAT128|Subject16|scored_rest|44.000|48.000
MAT128,Subject16,scored_rest,0,rest,46.0,50.0,MAT128|Subject16|scored_rest|46.000|50.000
MAT128,Subject16,scored_rest,0,rest,48.0,52.0,MAT128|Subject16|scored_rest|48.000|52.000
MAT128,Subject16,scored_rest,0,rest,50.0,54.0,MAT128|Subject16|scored_rest|50.000|54.000
MAT128,Subject16,scored_rest,0,rest,52.0,56.0,MAT128|Subject16|scored_rest|52.000|56.000
MAT128,Subject16,scored_rest,0,rest,54.0,58.0,MAT128|Subject16|scored_rest|54.000|58.000
MAT128,Subject16,scored_rest,0,rest,56.0,60.0,MAT128|Subject16|scored_rest|56.000|60.000
MAT128,Subject16,scored_task,1,arithmetic,0.0,4.0,MAT128|Subject16|scored_task|0.000|4.000
MAT128,Subject16,scored_task,1,arithmetic,2.0,6.0,MAT128|Subject16|scored_task|2.000|6.000
MAT128,Subject16,scored_task,1,arithmetic,4.0,8.0,MAT128|Subject16|scored_task|4.000|8.000
MAT128,Subject16,scored_task,1,arithmetic,6.0,10.0,MAT128|Subject16|scored_task|6.000|10.000
MAT128,Subject16,scored_task,1,arithmetic,8.0,12.0,MAT128|Subject16|scored_task|8.000|12.000
MAT128,Subject16,scored_task,1,arithmetic,10.0,14.0,MAT128|Subject16|scored_task|10.000|14.000
MAT128,Subject16,scored_task,1,arithmetic,12.0,16.0,MAT128|Subject16|scored_task|12.000|16.000
MAT128,Subject16,scored_task,1,arithmetic,14.0,18.0,MAT128|Subject16|scored_task|14.000|18.000
MAT128,Subject16,scored_task,1,arithmetic,16.0,20.0,MAT128|Subject16|scored_task|16.000|20.000
MAT128,Subject16,scored_task,1,arithmetic,18.0,22.0,MAT128|Subject16|scored_task|18.000|22.000
MAT128,Subject16,scored_task,1,arithmetic,20.0,24.0,MAT128|Subject16|scored_task|20.000|24.000
MAT128,Subject16,scored_task,1,arithmetic,22.0,26.0,MAT128|Subject16|scored_task|22.000|26.000
MAT128,Subject16,scored_task,1,arithmetic,24.0,28.0,MAT128|Subject16|scored_task|24.000|28.000
MAT128,Subject16,scored_task,1,arithmetic,26.0,30.0,MAT128|Subject16|scored_task|26.000|30.000
MAT128,Subject17,calibration,0,rest,0.0,4.0,MAT128|Subject17|calibration|0.000|4.000
MAT128,Subject17,calibration,0,rest,2.0,6.0,MAT128|Subject17|calibration|2.000|6.000
MAT128,Subject17,calibration,0,rest,4.0,8.0,MAT128|Subject17|calibration|4.000|8.000
MAT128,Subject17,calibration,0,rest,6.0,10.0,MAT128|Subject17|calibration|6.000|10.000
MAT128,Subject17,calibration,0,rest,8.0,12.0,MAT128|Subject17|calibration|8.000|12.000
MAT128,Subject17,calibration,0,rest,10.0,14.0,MAT128|Subject17|calibration|10.000|14.000
MAT128,Subject17,calibration,0,rest,12.0,16.0,MAT128|Subject17|calibration|12.000|16.000
MAT128,Subject17,calibration,0,rest,14.0,18.0,MAT128|Subject17|calibration|14.000|18.000
MAT128,Subject17,calibration,0,rest,16.0,20.0,MAT128|Subject17|calibration|16.000|20.000
MAT128,Subject17,calibration,0,rest,18.0,22.0,MAT128|Subject17|calibration|18.000|22.000
MAT128,Subject17,calibration,0,rest,20.0,24.0,MAT128|Subject17|calibration|20.000|24.000
MAT128,Subject17,calibration,0,rest,22.0,26.0,MAT128|Subject17|calibration|22.000|26.000
MAT128,Subject17,calibration,0,rest,24.0,28.0,MAT128|Subject17|calibration|24.000|28.000
MAT128,Subject17,calibration,0,rest,26.0,30.0,MAT128|Subject17|calibration|26.000|30.000
MAT128,Subject17,scored_rest,0,rest,30.0,34.0,MAT128|Subject17|scored_rest|30.000|34.000
MAT128,Subject17,scored_rest,0,rest,32.0,36.0,MAT128|Subject17|scored_rest|32.000|36.000
MAT128,Subject17,scored_rest,0,rest,34.0,38.0,MAT128|Subject17|scored_rest|34.000|38.000
MAT128,Subject17,scored_rest,0,rest,36.0,40.0,MAT128|Subject17|scored_rest|36.000|40.000
MAT128,Subject17,scored_rest,0,rest,38.0,42.0,MAT128|Subject17|scored_rest|38.000|42.000
MAT128,Subject17,scored_rest,0,rest,40.0,44.0,MAT128|Subject17|scored_rest|40.000|44.000
MAT128,Subject17,scored_rest,0,rest,42.0,46.0,MAT128|Subject17|scored_rest|42.000|46.000
MAT128,Subject17,scored_rest,0,rest,44.0,48.0,MAT128|Subject17|scored_rest|44.000|48.000
MAT128,Subject17,scored_rest,0,rest,46.0,50.0,MAT128|Subject17|scored_rest|46.000|50.000
MAT128,Subject17,scored_rest,0,rest,48.0,52.0,MAT128|Subject17|scored_rest|48.000|52.000
MAT128,Subject17,scored_rest,0,rest,50.0,54.0,MAT128|Subject17|scored_rest|50.000|54.000
MAT128,Subject17,scored_rest,0,rest,52.0,56.0,MAT128|Subject17|scored_rest|52.000|56.000
MAT128,Subject17,scored_rest,0,rest,54.0,58.0,MAT128|Subject17|scored_rest|54.000|58.000
MAT128,Subject17,scored_rest,0,rest,56.0,60.0,MAT128|Subject17|scored_rest|56.000|60.000
MAT128,Subject17,scored_task,1,arithmetic,0.0,4.0,MAT128|Subject17|scored_task|0.000|4.000
MAT128,Subject17,scored_task,1,arithmetic,2.0,6.0,MAT128|Subject17|scored_task|2.000|6.000
MAT128,Subject17,scored_task,1,arithmetic,4.0,8.0,MAT128|Subject17|scored_task|4.000|8.000
MAT128,Subject17,scored_task,1,arithmetic,6.0,10.0,MAT128|Subject17|scored_task|6.000|10.000
MAT128,Subject17,scored_task,1,arithmetic,8.0,12.0,MAT128|Subject17|scored_task|8.000|12.000
MAT128,Subject17,scored_task,1,arithmetic,10.0,14.0,MAT128|Subject17|scored_task|10.000|14.000
MAT128,Subject17,scored_task,1,arithmetic,12.0,16.0,MAT128|Subject17|scored_task|12.000|16.000
MAT128,Subject17,scored_task,1,arithmetic,14.0,18.0,MAT128|Subject17|scored_task|14.000|18.000
MAT128,Subject17,scored_task,1,arithmetic,16.0,20.0,MAT128|Subject17|scored_task|16.000|20.000
MAT128,Subject17,scored_task,1,arithmetic,18.0,22.0,MAT128|Subject17|scored_task|18.000|22.000
MAT128,Subject17,scored_task,1,arithmetic,20.0,24.0,MAT128|Subject17|scored_task|20.000|24.000
MAT128,Subject17,scored_task,1,arithmetic,22.0,26.0,MAT128|Subject17|scored_task|22.000|26.000
MAT128,Subject17,scored_task,1,arithmetic,24.0,28.0,MAT128|Subject17|scored_task|24.000|28.000
MAT128,Subject17,scored_task,1,arithmetic,26.0,30.0,MAT128|Subject17|scored_task|26.000|30.000
MAT128,Subject18,calibration,0,rest,0.0,4.0,MAT128|Subject18|calibration|0.000|4.000
MAT128,Subject18,calibration,0,rest,2.0,6.0,MAT128|Subject18|calibration|2.000|6.000
MAT128,Subject18,calibration,0,rest,4.0,8.0,MAT128|Subject18|calibration|4.000|8.000
MAT128,Subject18,calibration,0,rest,6.0,10.0,MAT128|Subject18|calibration|6.000|10.000
MAT128,Subject18,calibration,0,rest,8.0,12.0,MAT128|Subject18|calibration|8.000|12.000
MAT128,Subject18,calibration,0,rest,10.0,14.0,MAT128|Subject18|calibration|10.000|14.000
MAT128,Subject18,calibration,0,rest,12.0,16.0,MAT128|Subject18|calibration|12.000|16.000
MAT128,Subject18,calibration,0,rest,14.0,18.0,MAT128|Subject18|calibration|14.000|18.000
MAT128,Subject18,calibration,0,rest,16.0,20.0,MAT128|Subject18|calibration|16.000|20.000
MAT128,Subject18,calibration,0,rest,18.0,22.0,MAT128|Subject18|calibration|18.000|22.000
MAT128,Subject18,calibration,0,rest,20.0,24.0,MAT128|Subject18|calibration|20.000|24.000
MAT128,Subject18,calibration,0,rest,22.0,26.0,MAT128|Subject18|calibration|22.000|26.000
MAT128,Subject18,calibration,0,rest,24.0,28.0,MAT128|Subject18|calibration|24.000|28.000
MAT128,Subject18,calibration,0,rest,26.0,30.0,MAT128|Subject18|calibration|26.000|30.000
MAT128,Subject18,scored_rest,0,rest,30.0,34.0,MAT128|Subject18|scored_rest|30.000|34.000
MAT128,Subject18,scored_rest,0,rest,32.0,36.0,MAT128|Subject18|scored_rest|32.000|36.000
MAT128,Subject18,scored_rest,0,rest,34.0,38.0,MAT128|Subject18|scored_rest|34.000|38.000
MAT128,Subject18,scored_rest,0,rest,36.0,40.0,MAT128|Subject18|scored_rest|36.000|40.000
MAT128,Subject18,scored_rest,0,rest,38.0,42.0,MAT128|Subject18|scored_rest|38.000|42.000
MAT128,Subject18,scored_rest,0,rest,40.0,44.0,MAT128|Subject18|scored_rest|40.000|44.000
MAT128,Subject18,scored_rest,0,rest,42.0,46.0,MAT128|Subject18|scored_rest|42.000|46.000
MAT128,Subject18,scored_rest,0,rest,44.0,48.0,MAT128|Subject18|scored_rest|44.000|48.000
MAT128,Subject18,scored_rest,0,rest,46.0,50.0,MAT128|Subject18|scored_rest|46.000|50.000
MAT128,Subject18,scored_rest,0,rest,48.0,52.0,MAT128|Subject18|scored_rest|48.000|52.000
MAT128,Subject18,scored_rest,0,rest,50.0,54.0,MAT128|Subject18|scored_rest|50.000|54.000
MAT128,Subject18,scored_rest,0,rest,52.0,56.0,MAT128|Subject18|scored_rest|52.000|56.000
MAT128,Subject18,scored_rest,0,rest,54.0,58.0,MAT128|Subject18|scored_rest|54.000|58.000
MAT128,Subject18,scored_rest,0,rest,56.0,60.0,MAT128|Subject18|scored_rest|56.000|60.000
MAT128,Subject18,scored_task,1,arithmetic,0.0,4.0,MAT128|Subject18|scored_task|0.000|4.000
MAT128,Subject18,scored_task,1,arithmetic,2.0,6.0,MAT128|Subject18|scored_task|2.000|6.000
MAT128,Subject18,scored_task,1,arithmetic,4.0,8.0,MAT128|Subject18|scored_task|4.000|8.000
MAT128,Subject18,scored_task,1,arithmetic,6.0,10.0,MAT128|Subject18|scored_task|6.000|10.000
MAT128,Subject18,scored_task,1,arithmetic,8.0,12.0,MAT128|Subject18|scored_task|8.000|12.000
MAT128,Subject18,scored_task,1,arithmetic,10.0,14.0,MAT128|Subject18|scored_task|10.000|14.000
MAT128,Subject18,scored_task,1,arithmetic,12.0,16.0,MAT128|Subject18|scored_task|12.000|16.000
MAT128,Subject18,scored_task,1,arithmetic,14.0,18.0,MAT128|Subject18|scored_task|14.000|18.000
MAT128,Subject18,scored_task,1,arithmetic,16.0,20.0,MAT128|Subject18|scored_task|16.000|20.000
MAT128,Subject18,scored_task,1,arithmetic,18.0,22.0,MAT128|Subject18|scored_task|18.000|22.000
MAT128,Subject18,scored_task,1,arithmetic,20.0,24.0,MAT128|Subject18|scored_task|20.000|24.000
MAT128,Subject18,scored_task,1,arithmetic,22.0,26.0,MAT128|Subject18|scored_task|22.000|26.000
MAT128,Subject18,scored_task,1,arithmetic,24.0,28.0,MAT128|Subject18|scored_task|24.000|28.000
MAT128,Subject18,scored_task,1,arithmetic,26.0,30.0,MAT128|Subject18|scored_task|26.000|30.000
MAT128,Subject19,calibration,0,rest,0.0,4.0,MAT128|Subject19|calibration|0.000|4.000
MAT128,Subject19,calibration,0,rest,2.0,6.0,MAT128|Subject19|calibration|2.000|6.000
MAT128,Subject19,calibration,0,rest,4.0,8.0,MAT128|Subject19|calibration|4.000|8.000
MAT128,Subject19,calibration,0,rest,6.0,10.0,MAT128|Subject19|calibration|6.000|10.000
MAT128,Subject19,calibration,0,rest,8.0,12.0,MAT128|Subject19|calibration|8.000|12.000
MAT128,Subject19,calibration,0,rest,10.0,14.0,MAT128|Subject19|calibration|10.000|14.000
MAT128,Subject19,calibration,0,rest,12.0,16.0,MAT128|Subject19|calibration|12.000|16.000
MAT128,Subject19,calibration,0,rest,14.0,18.0,MAT128|Subject19|calibration|14.000|18.000
MAT128,Subject19,calibration,0,rest,16.0,20.0,MAT128|Subject19|calibration|16.000|20.000
MAT128,Subject19,calibration,0,rest,18.0,22.0,MAT128|Subject19|calibration|18.000|22.000
MAT128,Subject19,calibration,0,rest,20.0,24.0,MAT128|Subject19|calibration|20.000|24.000
MAT128,Subject19,calibration,0,rest,22.0,26.0,MAT128|Subject19|calibration|22.000|26.000
MAT128,Subject19,calibration,0,rest,24.0,28.0,MAT128|Subject19|calibration|24.000|28.000
MAT128,Subject19,calibration,0,rest,26.0,30.0,MAT128|Subject19|calibration|26.000|30.000
MAT128,Subject19,scored_rest,0,rest,30.0,34.0,MAT128|Subject19|scored_rest|30.000|34.000
MAT128,Subject19,scored_rest,0,rest,32.0,36.0,MAT128|Subject19|scored_rest|32.000|36.000
MAT128,Subject19,scored_rest,0,rest,34.0,38.0,MAT128|Subject19|scored_rest|34.000|38.000
MAT128,Subject19,scored_rest,0,rest,36.0,40.0,MAT128|Subject19|scored_rest|36.000|40.000
MAT128,Subject19,scored_rest,0,rest,38.0,42.0,MAT128|Subject19|scored_rest|38.000|42.000
MAT128,Subject19,scored_rest,0,rest,40.0,44.0,MAT128|Subject19|scored_rest|40.000|44.000
MAT128,Subject19,scored_rest,0,rest,42.0,46.0,MAT128|Subject19|scored_rest|42.000|46.000
MAT128,Subject19,scored_rest,0,rest,44.0,48.0,MAT128|Subject19|scored_rest|44.000|48.000
MAT128,Subject19,scored_rest,0,rest,46.0,50.0,MAT128|Subject19|scored_rest|46.000|50.000
MAT128,Subject19,scored_rest,0,rest,48.0,52.0,MAT128|Subject19|scored_rest|48.000|52.000
MAT128,Subject19,scored_rest,0,rest,50.0,54.0,MAT128|Subject19|scored_rest|50.000|54.000
MAT128,Subject19,scored_rest,0,rest,52.0,56.0,MAT128|Subject19|scored_rest|52.000|56.000
MAT128,Subject19,scored_rest,0,rest,54.0,58.0,MAT128|Subject19|scored_rest|54.000|58.000
MAT128,Subject19,scored_rest,0,rest,56.0,60.0,MAT128|Subject19|scored_rest|56.000|60.000
MAT128,Subject19,scored_task,1,arithmetic,0.0,4.0,MAT128|Subject19|scored_task|0.000|4.000
MAT128,Subject19,scored_task,1,arithmetic,2.0,6.0,MAT128|Subject19|scored_task|2.000|6.000
MAT128,Subject19,scored_task,1,arithmetic,4.0,8.0,MAT128|Subject19|scored_task|4.000|8.000
MAT128,Subject19,scored_task,1,arithmetic,6.0,10.0,MAT128|Subject19|scored_task|6.000|10.000
MAT128,Subject19,scored_task,1,arithmetic,8.0,12.0,MAT128|Subject19|scored_task|8.000|12.000
MAT128,Subject19,scored_task,1,arithmetic,10.0,14.0,MAT128|Subject19|scored_task|10.000|14.000
MAT128,Subject19,scored_task,1,arithmetic,12.0,16.0,MAT128|Subject19|scored_task|12.000|16.000
MAT128,Subject19,scored_task,1,arithmetic,14.0,18.0,MAT128|Subject19|scored_task|14.000|18.000
MAT128,Subject19,scored_task,1,arithmetic,16.0,20.0,MAT128|Subject19|scored_task|16.000|20.000
MAT128,Subject19,scored_task,1,arithmetic,18.0,22.0,MAT128|Subject19|scored_task|18.000|22.000
MAT128,Subject19,scored_task,1,arithmetic,20.0,24.0,MAT128|Subject19|scored_task|20.000|24.000
MAT128,Subject19,scored_task,1,arithmetic,22.0,26.0,MAT128|Subject19|scored_task|22.000|26.000
MAT128,Subject19,scored_task,1,arithmetic,24.0,28.0,MAT128|Subject19|scored_task|24.000|28.000
MAT128,Subject19,scored_task,1,arithmetic,26.0,30.0,MAT128|Subject19|scored_task|26.000|30.000
MAT128,Subject20,calibration,0,rest,0.0,4.0,MAT128|Subject20|calibration|0.000|4.000
MAT128,Subject20,calibration,0,rest,2.0,6.0,MAT128|Subject20|calibration|2.000|6.000
MAT128,Subject20,calibration,0,rest,4.0,8.0,MAT128|Subject20|calibration|4.000|8.000
MAT128,Subject20,calibration,0,rest,6.0,10.0,MAT128|Subject20|calibration|6.000|10.000
MAT128,Subject20,calibration,0,rest,8.0,12.0,MAT128|Subject20|calibration|8.000|12.000
MAT128,Subject20,calibration,0,rest,10.0,14.0,MAT128|Subject20|calibration|10.000|14.000
MAT128,Subject20,calibration,0,rest,12.0,16.0,MAT128|Subject20|calibration|12.000|16.000
MAT128,Subject20,calibration,0,rest,14.0,18.0,MAT128|Subject20|calibration|14.000|18.000
MAT128,Subject20,calibration,0,rest,16.0,20.0,MAT128|Subject20|calibration|16.000|20.000
MAT128,Subject20,calibration,0,rest,18.0,22.0,MAT128|Subject20|calibration|18.000|22.000
MAT128,Subject20,calibration,0,rest,20.0,24.0,MAT128|Subject20|calibration|20.000|24.000
MAT128,Subject20,calibration,0,rest,22.0,26.0,MAT128|Subject20|calibration|22.000|26.000
MAT128,Subject20,calibration,0,rest,24.0,28.0,MAT128|Subject20|calibration|24.000|28.000
MAT128,Subject20,calibration,0,rest,26.0,30.0,MAT128|Subject20|calibration|26.000|30.000
MAT128,Subject20,scored_rest,0,rest,30.0,34.0,MAT128|Subject20|scored_rest|30.000|34.000
MAT128,Subject20,scored_rest,0,rest,32.0,36.0,MAT128|Subject20|scored_rest|32.000|36.000
MAT128,Subject20,scored_rest,0,rest,34.0,38.0,MAT128|Subject20|scored_rest|34.000|38.000
MAT128,Subject20,scored_rest,0,rest,36.0,40.0,MAT128|Subject20|scored_rest|36.000|40.000
MAT128,Subject20,scored_rest,0,rest,38.0,42.0,MAT128|Subject20|scored_rest|38.000|42.000
MAT128,Subject20,scored_rest,0,rest,40.0,44.0,MAT128|Subject20|scored_rest|40.000|44.000
MAT128,Subject20,scored_rest,0,rest,42.0,46.0,MAT128|Subject20|scored_rest|42.000|46.000
MAT128,Subject20,scored_rest,0,rest,44.0,48.0,MAT128|Subject20|scored_rest|44.000|48.000
MAT128,Subject20,scored_rest,0,rest,46.0,50.0,MAT128|Subject20|scored_rest|46.000|50.000
MAT128,Subject20,scored_rest,0,rest,48.0,52.0,MAT128|Subject20|scored_rest|48.000|52.000
MAT128,Subject20,scored_rest,0,rest,50.0,54.0,MAT128|Subject20|scored_rest|50.000|54.000
MAT128,Subject20,scored_rest,0,rest,52.0,56.0,MAT128|Subject20|scored_rest|52.000|56.000
MAT128,Subject20,scored_rest,0,rest,54.0,58.0,MAT128|Subject20|scored_rest|54.000|58.000
MAT128,Subject20,scored_rest,0,rest,56.0,60.0,MAT128|Subject20|scored_rest|56.000|60.000
MAT128,Subject20,scored_task,1,arithmetic,0.0,4.0,MAT128|Subject20|scored_task|0.000|4.000
MAT128,Subject20,scored_task,1,arithmetic,2.0,6.0,MAT128|Subject20|scored_task|2.000|6.000
MAT128,Subject20,scored_task,1,arithmetic,4.0,8.0,MAT128|Subject20|scored_task|4.000|8.000
MAT128,Subject20,scored_task,1,arithmetic,6.0,10.0,MAT128|Subject20|scored_task|6.000|10.000
MAT128,Subject20,scored_task,1,arithmetic,8.0,12.0,MAT128|Subject20|scored_task|8.000|12.000
MAT128,Subject20,scored_task,1,arithmetic,10.0,14.0,MAT128|Subject20|scored_task|10.000|14.000
MAT128,Subject20,scored_task,1,arithmetic,12.0,16.0,MAT128|Subject20|scored_task|12.000|16.000
MAT128,Subject20,scored_task,1,arithmetic,14.0,18.0,MAT128|Subject20|scored_task|14.000|18.000
MAT128,Subject20,scored_task,1,arithmetic,16.0,20.0,MAT128|Subject20|scored_task|16.000|20.000
MAT128,Subject20,scored_task,1,arithmetic,18.0,22.0,MAT128|Subject20|scored_task|18.000|22.000
MAT128,Subject20,scored_task,1,arithmetic,20.0,24.0,MAT128|Subject20|scored_task|20.000|24.000
MAT128,Subject20,scored_task,1,arithmetic,22.0,26.0,MAT128|Subject20|scored_task|22.000|26.000
MAT128,Subject20,scored_task,1,arithmetic,24.0,28.0,MAT128|Subject20|scored_task|24.000|28.000
MAT128,Subject20,scored_task,1,arithmetic,26.0,30.0,MAT128|Subject20|scored_task|26.000|30.000
MAT128,Subject21,calibration,0,rest,0.0,4.0,MAT128|Subject21|calibration|0.000|4.000
MAT128,Subject21,calibration,0,rest,2.0,6.0,MAT128|Subject21|calibration|2.000|6.000
MAT128,Subject21,calibration,0,rest,4.0,8.0,MAT128|Subject21|calibration|4.000|8.000
MAT128,Subject21,calibration,0,rest,6.0,10.0,MAT128|Subject21|calibration|6.000|10.000
MAT128,Subject21,calibration,0,rest,8.0,12.0,MAT128|Subject21|calibration|8.000|12.000
MAT128,Subject21,calibration,0,rest,10.0,14.0,MAT128|Subject21|calibration|10.000|14.000
MAT128,Subject21,calibration,0,rest,12.0,16.0,MAT128|Subject21|calibration|12.000|16.000
MAT128,Subject21,calibration,0,rest,14.0,18.0,MAT128|Subject21|calibration|14.000|18.000
MAT128,Subject21,calibration,0,rest,16.0,20.0,MAT128|Subject21|calibration|16.000|20.000
MAT128,Subject21,calibration,0,rest,18.0,22.0,MAT128|Subject21|calibration|18.000|22.000
MAT128,Subject21,calibration,0,rest,20.0,24.0,MAT128|Subject21|calibration|20.000|24.000
MAT128,Subject21,calibration,0,rest,22.0,26.0,MAT128|Subject21|calibration|22.000|26.000
MAT128,Subject21,calibration,0,rest,24.0,28.0,MAT128|Subject21|calibration|24.000|28.000
MAT128,Subject21,calibration,0,rest,26.0,30.0,MAT128|Subject21|calibration|26.000|30.000
MAT128,Subject21,scored_rest,0,rest,30.0,34.0,MAT128|Subject21|scored_rest|30.000|34.000
MAT128,Subject21,scored_rest,0,rest,32.0,36.0,MAT128|Subject21|scored_rest|32.000|36.000
MAT128,Subject21,scored_rest,0,rest,34.0,38.0,MAT128|Subject21|scored_rest|34.000|38.000
MAT128,Subject21,scored_rest,0,rest,36.0,40.0,MAT128|Subject21|scored_rest|36.000|40.000
MAT128,Subject21,scored_rest,0,rest,38.0,42.0,MAT128|Subject21|scored_rest|38.000|42.000
MAT128,Subject21,scored_rest,0,rest,40.0,44.0,MAT128|Subject21|scored_rest|40.000|44.000
MAT128,Subject21,scored_rest,0,rest,42.0,46.0,MAT128|Subject21|scored_rest|42.000|46.000
MAT128,Subject21,scored_rest,0,rest,44.0,48.0,MAT128|Subject21|scored_rest|44.000|48.000
MAT128,Subject21,scored_rest,0,rest,46.0,50.0,MAT128|Subject21|scored_rest|46.000|50.000
MAT128,Subject21,scored_rest,0,rest,48.0,52.0,MAT128|Subject21|scored_rest|48.000|52.000
MAT128,Subject21,scored_rest,0,rest,50.0,54.0,MAT128|Subject21|scored_rest|50.000|54.000
MAT128,Subject21,scored_rest,0,rest,52.0,56.0,MAT128|Subject21|scored_rest|52.000|56.000
MAT128,Subject21,scored_rest,0,rest,54.0,58.0,MAT128|Subject21|scored_rest|54.000|58.000
MAT128,Subject21,scored_rest,0,rest,56.0,60.0,MAT128|Subject21|scored_rest|56.000|60.000
MAT128,Subject21,scored_task,1,arithmetic,0.0,4.0,MAT128|Subject21|scored_task|0.000|4.000
MAT128,Subject21,scored_task,1,arithmetic,2.0,6.0,MAT128|Subject21|scored_task|2.000|6.000
MAT128,Subject21,scored_task,1,arithmetic,4.0,8.0,MAT128|Subject21|scored_task|4.000|8.000
MAT128,Subject21,scored_task,1,arithmetic,6.0,10.0,MAT128|Subject21|scored_task|6.000|10.000
MAT128,Subject21,scored_task,1,arithmetic,8.0,12.0,MAT128|Subject21|scored_task|8.000|12.000
MAT128,Subject21,scored_task,1,arithmetic,10.0,14.0,MAT128|Subject21|scored_task|10.000|14.000
MAT128,Subject21,scored_task,1,arithmetic,12.0,16.0,MAT128|Subject21|scored_task|12.000|16.000
MAT128,Subject21,scored_task,1,arithmetic,14.0,18.0,MAT128|Subject21|scored_task|14.000|18.000
MAT128,Subject21,scored_task,1,arithmetic,16.0,20.0,MAT128|Subject21|scored_task|16.000|20.000
MAT128,Subject21,scored_task,1,arithmetic,18.0,22.0,MAT128|Subject21|scored_task|18.000|22.000
MAT128,Subject21,scored_task,1,arithmetic,20.0,24.0,MAT128|Subject21|scored_task|20.000|24.000
MAT128,Subject21,scored_task,1,arithmetic,22.0,26.0,MAT128|Subject21|scored_task|22.000|26.000
MAT128,Subject21,scored_task,1,arithmetic,24.0,28.0,MAT128|Subject21|scored_task|24.000|28.000
MAT128,Subject21,scored_task,1,arithmetic,26.0,30.0,MAT128|Subject21|scored_task|26.000|30.000
MAT128,Subject22,calibration,0,rest,0.0,4.0,MAT128|Subject22|calibration|0.000|4.000
MAT128,Subject22,calibration,0,rest,2.0,6.0,MAT128|Subject22|calibration|2.000|6.000
MAT128,Subject22,calibration,0,rest,4.0,8.0,MAT128|Subject22|calibration|4.000|8.000
MAT128,Subject22,calibration,0,rest,6.0,10.0,MAT128|Subject22|calibration|6.000|10.000
MAT128,Subject22,calibration,0,rest,8.0,12.0,MAT128|Subject22|calibration|8.000|12.000
MAT128,Subject22,calibration,0,rest,10.0,14.0,MAT128|Subject22|calibration|10.000|14.000
MAT128,Subject22,calibration,0,rest,12.0,16.0,MAT128|Subject22|calibration|12.000|16.000
MAT128,Subject22,calibration,0,rest,14.0,18.0,MAT128|Subject22|calibration|14.000|18.000
MAT128,Subject22,calibration,0,rest,16.0,20.0,MAT128|Subject22|calibration|16.000|20.000
MAT128,Subject22,calibration,0,rest,18.0,22.0,MAT128|Subject22|calibration|18.000|22.000
MAT128,Subject22,calibration,0,rest,20.0,24.0,MAT128|Subject22|calibration|20.000|24.000
MAT128,Subject22,calibration,0,rest,22.0,26.0,MAT128|Subject22|calibration|22.000|26.000
MAT128,Subject22,calibration,0,rest,24.0,28.0,MAT128|Subject22|calibration|24.000|28.000
MAT128,Subject22,calibration,0,rest,26.0,30.0,MAT128|Subject22|calibration|26.000|30.000
MAT128,Subject22,scored_rest,0,rest,30.0,34.0,MAT128|Subject22|scored_rest|30.000|34.000
MAT128,Subject22,scored_rest,0,rest,32.0,36.0,MAT128|Subject22|scored_rest|32.000|36.000
MAT128,Subject22,scored_rest,0,rest,34.0,38.0,MAT128|Subject22|scored_rest|34.000|38.000
MAT128,Subject22,scored_rest,0,rest,36.0,40.0,MAT128|Subject22|scored_rest|36.000|40.000
MAT128,Subject22,scored_rest,0,rest,38.0,42.0,MAT128|Subject22|scored_rest|38.000|42.000
MAT128,Subject22,scored_rest,0,rest,40.0,44.0,MAT128|Subject22|scored_rest|40.000|44.000
MAT128,Subject22,scored_rest,0,rest,42.0,46.0,MAT128|Subject22|scored_rest|42.000|46.000
MAT128,Subject22,scored_rest,0,rest,44.0,48.0,MAT128|Subject22|scored_rest|44.000|48.000
MAT128,Subject22,scored_rest,0,rest,46.0,50.0,MAT128|Subject22|scored_rest|46.000|50.000
MAT128,Subject22,scored_rest,0,rest,48.0,52.0,MAT128|Subject22|scored_rest|48.000|52.000
MAT128,Subject22,scored_rest,0,rest,50.0,54.0,MAT128|Subject22|scored_rest|50.000|54.000
MAT128,Subject22,scored_rest,0,rest,52.0,56.0,MAT128|Subject22|scored_rest|52.000|56.000
MAT128,Subject22,scored_rest,0,rest,54.0,58.0,MAT128|Subject22|scored_rest|54.000|58.000
MAT128,Subject22,scored_rest,0,rest,56.0,60.0,MAT128|Subject22|scored_rest|56.000|60.000
MAT128,Subject22,scored_task,1,arithmetic,0.0,4.0,MAT128|Subject22|scored_task|0.000|4.000
MAT128,Subject22,scored_task,1,arithmetic,2.0,6.0,MAT128|Subject22|scored_task|2.000|6.000
MAT128,Subject22,scored_task,1,arithmetic,4.0,8.0,MAT128|Subject22|scored_task|4.000|8.000
MAT128,Subject22,scored_task,1,arithmetic,6.0,10.0,MAT128|Subject22|scored_task|6.000|10.000
MAT128,Subject22,scored_task,1,arithmetic,8.0,12.0,MAT128|Subject22|scored_task|8.000|12.000
MAT128,Subject22,scored_task,1,arithmetic,10.0,14.0,MAT128|Subject22|scored_task|10.000|14.000
MAT128,Subject22,scored_task,1,arithmetic,12.0,16.0,MAT128|Subject22|scored_task|12.000|16.000
MAT128,Subject22,scored_task,1,arithmetic,14.0,18.0,MAT128|Subject22|scored_task|14.000|18.000
MAT128,Subject22,scored_task,1,arithmetic,16.0,20.0,MAT128|Subject22|scored_task|16.000|20.000
MAT128,Subject22,scored_task,1,arithmetic,18.0,22.0,MAT128|Subject22|scored_task|18.000|22.000
MAT128,Subject22,scored_task,1,arithmetic,20.0,24.0,MAT128|Subject22|scored_task|20.000|24.000
MAT128,Subject22,scored_task,1,arithmetic,22.0,26.0,MAT128|Subject22|scored_task|22.000|26.000
MAT128,Subject22,scored_task,1,arithmetic,24.0,28.0,MAT128|Subject22|scored_task|24.000|28.000
MAT128,Subject22,scored_task,1,arithmetic,26.0,30.0,MAT128|Subject22|scored_task|26.000|30.000
MAT128,Subject23,calibration,0,rest,0.0,4.0,MAT128|Subject23|calibration|0.000|4.000
MAT128,Subject23,calibration,0,rest,2.0,6.0,MAT128|Subject23|calibration|2.000|6.000
MAT128,Subject23,calibration,0,rest,4.0,8.0,MAT128|Subject23|calibration|4.000|8.000
MAT128,Subject23,calibration,0,rest,6.0,10.0,MAT128|Subject23|calibration|6.000|10.000
MAT128,Subject23,calibration,0,rest,8.0,12.0,MAT128|Subject23|calibration|8.000|12.000
MAT128,Subject23,calibration,0,rest,10.0,14.0,MAT128|Subject23|calibration|10.000|14.000
MAT128,Subject23,calibration,0,rest,12.0,16.0,MAT128|Subject23|calibration|12.000|16.000
MAT128,Subject23,calibration,0,rest,14.0,18.0,MAT128|Subject23|calibration|14.000|18.000
MAT128,Subject23,calibration,0,rest,16.0,20.0,MAT128|Subject23|calibration|16.000|20.000
MAT128,Subject23,calibration,0,rest,18.0,22.0,MAT128|Subject23|calibration|18.000|22.000
MAT128,Subject23,calibration,0,rest,20.0,24.0,MAT128|Subject23|calibration|20.000|24.000
MAT128,Subject23,calibration,0,rest,22.0,26.0,MAT128|Subject23|calibration|22.000|26.000
MAT128,Subject23,calibration,0,rest,24.0,28.0,MAT128|Subject23|calibration|24.000|28.000
MAT128,Subject23,calibration,0,rest,26.0,30.0,MAT128|Subject23|calibration|26.000|30.000
MAT128,Subject23,scored_rest,0,rest,30.0,34.0,MAT128|Subject23|scored_rest|30.000|34.000
MAT128,Subject23,scored_rest,0,rest,32.0,36.0,MAT128|Subject23|scored_rest|32.000|36.000
MAT128,Subject23,scored_rest,0,rest,34.0,38.0,MAT128|Subject23|scored_rest|34.000|38.000
MAT128,Subject23,scored_rest,0,rest,36.0,40.0,MAT128|Subject23|scored_rest|36.000|40.000
MAT128,Subject23,scored_rest,0,rest,38.0,42.0,MAT128|Subject23|scored_rest|38.000|42.000
MAT128,Subject23,scored_rest,0,rest,40.0,44.0,MAT128|Subject23|scored_rest|40.000|44.000
MAT128,Subject23,scored_rest,0,rest,42.0,46.0,MAT128|Subject23|scored_rest|42.000|46.000
MAT128,Subject23,scored_rest,0,rest,44.0,48.0,MAT128|Subject23|scored_rest|44.000|48.000
MAT128,Subject23,scored_rest,0,rest,46.0,50.0,MAT128|Subject23|scored_rest|46.000|50.000
MAT128,Subject23,scored_rest,0,rest,48.0,52.0,MAT128|Subject23|scored_rest|48.000|52.000
MAT128,Subject23,scored_rest,0,rest,50.0,54.0,MAT128|Subject23|scored_rest|50.000|54.000
MAT128,Subject23,scored_rest,0,rest,52.0,56.0,MAT128|Subject23|scored_rest|52.000|56.000
MAT128,Subject23,scored_rest,0,rest,54.0,58.0,MAT128|Subject23|scored_rest|54.000|58.000
MAT128,Subject23,scored_rest,0,rest,56.0,60.0,MAT128|Subject23|scored_rest|56.000|60.000
MAT128,Subject23,scored_task,1,arithmetic,0.0,4.0,MAT128|Subject23|scored_task|0.000|4.000
MAT128,Subject23,scored_task,1,arithmetic,2.0,6.0,MAT128|Subject23|scored_task|2.000|6.000
MAT128,Subject23,scored_task,1,arithmetic,4.0,8.0,MAT128|Subject23|scored_task|4.000|8.000
MAT128,Subject23,scored_task,1,arithmetic,6.0,10.0,MAT128|Subject23|scored_task|6.000|10.000
MAT128,Subject23,scored_task,1,arithmetic,8.0,12.0,MAT128|Subject23|scored_task|8.000|12.000
MAT128,Subject23,scored_task,1,arithmetic,10.0,14.0,MAT128|Subject23|scored_task|10.000|14.000
MAT128,Subject23,scored_task,1,arithmetic,12.0,16.0,MAT128|Subject23|scored_task|12.000|16.000
MAT128,Subject23,scored_task,1,arithmetic,14.0,18.0,MAT128|Subject23|scored_task|14.000|18.000
MAT128,Subject23,scored_task,1,arithmetic,16.0,20.0,MAT128|Subject23|scored_task|16.000|20.000
MAT128,Subject23,scored_task,1,arithmetic,18.0,22.0,MAT128|Subject23|scored_task|18.000|22.000
MAT128,Subject23,scored_task,1,arithmetic,20.0,24.0,MAT128|Subject23|scored_task|20.000|24.000
MAT128,Subject23,scored_task,1,arithmetic,22.0,26.0,MAT128|Subject23|scored_task|22.000|26.000
MAT128,Subject23,scored_task,1,arithmetic,24.0,28.0,MAT128|Subject23|scored_task|24.000|28.000
MAT128,Subject23,scored_task,1,arithmetic,26.0,30.0,MAT128|Subject23|scored_task|26.000|30.000
MAT128,Subject24,calibration,0,rest,0.0,4.0,MAT128|Subject24|calibration|0.000|4.000
MAT128,Subject24,calibration,0,rest,2.0,6.0,MAT128|Subject24|calibration|2.000|6.000
MAT128,Subject24,calibration,0,rest,4.0,8.0,MAT128|Subject24|calibration|4.000|8.000
MAT128,Subject24,calibration,0,rest,6.0,10.0,MAT128|Subject24|calibration|6.000|10.000
MAT128,Subject24,calibration,0,rest,8.0,12.0,MAT128|Subject24|calibration|8.000|12.000
MAT128,Subject24,calibration,0,rest,10.0,14.0,MAT128|Subject24|calibration|10.000|14.000
MAT128,Subject24,calibration,0,rest,12.0,16.0,MAT128|Subject24|calibration|12.000|16.000
MAT128,Subject24,calibration,0,rest,14.0,18.0,MAT128|Subject24|calibration|14.000|18.000
MAT128,Subject24,calibration,0,rest,16.0,20.0,MAT128|Subject24|calibration|16.000|20.000
MAT128,Subject24,calibration,0,rest,18.0,22.0,MAT128|Subject24|calibration|18.000|22.000
MAT128,Subject24,calibration,0,rest,20.0,24.0,MAT128|Subject24|calibration|20.000|24.000
MAT128,Subject24,calibration,0,rest,22.0,26.0,MAT128|Subject24|calibration|22.000|26.000
MAT128,Subject24,calibration,0,rest,24.0,28.0,MAT128|Subject24|calibration|24.000|28.000
MAT128,Subject24,calibration,0,rest,26.0,30.0,MAT128|Subject24|calibration|26.000|30.000
MAT128,Subject24,scored_rest,0,rest,30.0,34.0,MAT128|Subject24|scored_rest|30.000|34.000
MAT128,Subject24,scored_rest,0,rest,32.0,36.0,MAT128|Subject24|scored_rest|32.000|36.000
MAT128,Subject24,scored_rest,0,rest,34.0,38.0,MAT128|Subject24|scored_rest|34.000|38.000
MAT128,Subject24,scored_rest,0,rest,36.0,40.0,MAT128|Subject24|scored_rest|36.000|40.000
MAT128,Subject24,scored_rest,0,rest,38.0,42.0,MAT128|Subject24|scored_rest|38.000|42.000
MAT128,Subject24,scored_rest,0,rest,40.0,44.0,MAT128|Subject24|scored_rest|40.000|44.000
MAT128,Subject24,scored_rest,0,rest,42.0,46.0,MAT128|Subject24|scored_rest|42.000|46.000
MAT128,Subject24,scored_rest,0,rest,44.0,48.0,MAT128|Subject24|scored_rest|44.000|48.000
MAT128,Subject24,scored_rest,0,rest,46.0,50.0,MAT128|Subject24|scored_rest|46.000|50.000
MAT128,Subject24,scored_rest,0,rest,48.0,52.0,MAT128|Subject24|scored_rest|48.000|52.000
MAT128,Subject24,scored_rest,0,rest,50.0,54.0,MAT128|Subject24|scored_rest|50.000|54.000
MAT128,Subject24,scored_rest,0,rest,52.0,56.0,MAT128|Subject24|scored_rest|52.000|56.000
MAT128,Subject24,scored_rest,0,rest,54.0,58.0,MAT128|Subject24|scored_rest|54.000|58.000
MAT128,Subject24,scored_rest,0,rest,56.0,60.0,MAT128|Subject24|scored_rest|56.000|60.000
MAT128,Subject24,scored_task,1,arithmetic,0.0,4.0,MAT128|Subject24|scored_task|0.000|4.000
MAT128,Subject24,scored_task,1,arithmetic,2.0,6.0,MAT128|Subject24|scored_task|2.000|6.000
MAT128,Subject24,scored_task,1,arithmetic,4.0,8.0,MAT128|Subject24|scored_task|4.000|8.000
MAT128,Subject24,scored_task,1,arithmetic,6.0,10.0,MAT128|Subject24|scored_task|6.000|10.000
MAT128,Subject24,scored_task,1,arithmetic,8.0,12.0,MAT128|Subject24|scored_task|8.000|12.000
MAT128,Subject24,scored_task,1,arithmetic,10.0,14.0,MAT128|Subject24|scored_task|10.000|14.000
MAT128,Subject24,scored_task,1,arithmetic,12.0,16.0,MAT128|Subject24|scored_task|12.000|16.000
MAT128,Subject24,scored_task,1,arithmetic,14.0,18.0,MAT128|Subject24|scored_task|14.000|18.000
MAT128,Subject24,scored_task,1,arithmetic,16.0,20.0,MAT128|Subject24|scored_task|16.000|20.000
MAT128,Subject24,scored_task,1,arithmetic,18.0,22.0,MAT128|Subject24|scored_task|18.000|22.000
MAT128,Subject24,scored_task,1,arithmetic,20.0,24.0,MAT128|Subject24|scored_task|20.000|24.000
MAT128,Subject24,scored_task,1,arithmetic,22.0,26.0,MAT128|Subject24|scored_task|22.000|26.000
MAT128,Subject24,scored_task,1,arithmetic,24.0,28.0,MAT128|Subject24|scored_task|24.000|28.000
MAT128,Subject24,scored_task,1,arithmetic,26.0,30.0,MAT128|Subject24|scored_task|26.000|30.000
MAT128,Subject25,calibration,0,rest,0.0,4.0,MAT128|Subject25|calibration|0.000|4.000
MAT128,Subject25,calibration,0,rest,2.0,6.0,MAT128|Subject25|calibration|2.000|6.000
MAT128,Subject25,calibration,0,rest,4.0,8.0,MAT128|Subject25|calibration|4.000|8.000
MAT128,Subject25,calibration,0,rest,6.0,10.0,MAT128|Subject25|calibration|6.000|10.000
MAT128,Subject25,calibration,0,rest,8.0,12.0,MAT128|Subject25|calibration|8.000|12.000
MAT128,Subject25,calibration,0,rest,10.0,14.0,MAT128|Subject25|calibration|10.000|14.000
MAT128,Subject25,calibration,0,rest,12.0,16.0,MAT128|Subject25|calibration|12.000|16.000
MAT128,Subject25,calibration,0,rest,14.0,18.0,MAT128|Subject25|calibration|14.000|18.000
MAT128,Subject25,calibration,0,rest,16.0,20.0,MAT128|Subject25|calibration|16.000|20.000
MAT128,Subject25,calibration,0,rest,18.0,22.0,MAT128|Subject25|calibration|18.000|22.000
MAT128,Subject25,calibration,0,rest,20.0,24.0,MAT128|Subject25|calibration|20.000|24.000
MAT128,Subject25,calibration,0,rest,22.0,26.0,MAT128|Subject25|calibration|22.000|26.000
MAT128,Subject25,calibration,0,rest,24.0,28.0,MAT128|Subject25|calibration|24.000|28.000
MAT128,Subject25,calibration,0,rest,26.0,30.0,MAT128|Subject25|calibration|26.000|30.000
MAT128,Subject25,scored_rest,0,rest,30.0,34.0,MAT128|Subject25|scored_rest|30.000|34.000
MAT128,Subject25,scored_rest,0,rest,32.0,36.0,MAT128|Subject25|scored_rest|32.000|36.000
MAT128,Subject25,scored_rest,0,rest,34.0,38.0,MAT128|Subject25|scored_rest|34.000|38.000
MAT128,Subject25,scored_rest,0,rest,36.0,40.0,MAT128|Subject25|scored_rest|36.000|40.000
MAT128,Subject25,scored_rest,0,rest,38.0,42.0,MAT128|Subject25|scored_rest|38.000|42.000
MAT128,Subject25,scored_rest,0,rest,40.0,44.0,MAT128|Subject25|scored_rest|40.000|44.000
MAT128,Subject25,scored_rest,0,rest,42.0,46.0,MAT128|Subject25|scored_rest|42.000|46.000
MAT128,Subject25,scored_rest,0,rest,44.0,48.0,MAT128|Subject25|scored_rest|44.000|48.000
MAT128,Subject25,scored_rest,0,rest,46.0,50.0,MAT128|Subject25|scored_rest|46.000|50.000
MAT128,Subject25,scored_rest,0,rest,48.0,52.0,MAT128|Subject25|scored_rest|48.000|52.000
MAT128,Subject25,scored_rest,0,rest,50.0,54.0,MAT128|Subject25|scored_rest|50.000|54.000
MAT128,Subject25,scored_rest,0,rest,52.0,56.0,MAT128|Subject25|scored_rest|52.000|56.000
MAT128,Subject25,scored_rest,0,rest,54.0,58.0,MAT128|Subject25|scored_rest|54.000|58.000
MAT128,Subject25,scored_rest,0,rest,56.0,60.0,MAT128|Subject25|scored_rest|56.000|60.000
MAT128,Subject25,scored_task,1,arithmetic,0.0,4.0,MAT128|Subject25|scored_task|0.000|4.000
MAT128,Subject25,scored_task,1,arithmetic,2.0,6.0,MAT128|Subject25|scored_task|2.000|6.000
MAT128,Subject25,scored_task,1,arithmetic,4.0,8.0,MAT128|Subject25|scored_task|4.000|8.000
MAT128,Subject25,scored_task,1,arithmetic,6.0,10.0,MAT128|Subject25|scored_task|6.000|10.000
MAT128,Subject25,scored_task,1,arithmetic,8.0,12.0,MAT128|Subject25|scored_task|8.000|12.000
MAT128,Subject25,scored_task,1,arithmetic,10.0,14.0,MAT128|Subject25|scored_task|10.000|14.000
MAT128,Subject25,scored_task,1,arithmetic,12.0,16.0,MAT128|Subject25|scored_task|12.000|16.000
MAT128,Subject25,scored_task,1,arithmetic,14.0,18.0,MAT128|Subject25|scored_task|14.000|18.000
MAT128,Subject25,scored_task,1,arithmetic,16.0,20.0,MAT128|Subject25|scored_task|16.000|20.000
MAT128,Subject25,scored_task,1,arithmetic,18.0,22.0,MAT128|Subject25|scored_task|18.000|22.000
MAT128,Subject25,scored_task,1,arithmetic,20.0,24.0,MAT128|Subject25|scored_task|20.000|24.000
MAT128,Subject25,scored_task,1,arithmetic,22.0,26.0,MAT128|Subject25|scored_task|22.000|26.000
MAT128,Subject25,scored_task,1,arithmetic,24.0,28.0,MAT128|Subject25|scored_task|24.000|28.000
MAT128,Subject25,scored_task,1,arithmetic,26.0,30.0,MAT128|Subject25|scored_task|26.000|30.000
MAT128,Subject26,calibration,0,rest,0.0,4.0,MAT128|Subject26|calibration|0.000|4.000
MAT128,Subject26,calibration,0,rest,2.0,6.0,MAT128|Subject26|calibration|2.000|6.000
MAT128,Subject26,calibration,0,rest,4.0,8.0,MAT128|Subject26|calibration|4.000|8.000
MAT128,Subject26,calibration,0,rest,6.0,10.0,MAT128|Subject26|calibration|6.000|10.000
MAT128,Subject26,calibration,0,rest,8.0,12.0,MAT128|Subject26|calibration|8.000|12.000
MAT128,Subject26,calibration,0,rest,10.0,14.0,MAT128|Subject26|calibration|10.000|14.000
MAT128,Subject26,calibration,0,rest,12.0,16.0,MAT128|Subject26|calibration|12.000|16.000
MAT128,Subject26,calibration,0,rest,14.0,18.0,MAT128|Subject26|calibration|14.000|18.000
MAT128,Subject26,calibration,0,rest,16.0,20.0,MAT128|Subject26|calibration|16.000|20.000
MAT128,Subject26,calibration,0,rest,18.0,22.0,MAT128|Subject26|calibration|18.000|22.000
MAT128,Subject26,calibration,0,rest,20.0,24.0,MAT128|Subject26|calibration|20.000|24.000
MAT128,Subject26,calibration,0,rest,22.0,26.0,MAT128|Subject26|calibration|22.000|26.000
MAT128,Subject26,calibration,0,rest,24.0,28.0,MAT128|Subject26|calibration|24.000|28.000
MAT128,Subject26,calibration,0,rest,26.0,30.0,MAT128|Subject26|calibration|26.000|30.000
MAT128,Subject26,scored_rest,0,rest,30.0,34.0,MAT128|Subject26|scored_rest|30.000|34.000
MAT128,Subject26,scored_rest,0,rest,32.0,36.0,MAT128|Subject26|scored_rest|32.000|36.000
MAT128,Subject26,scored_rest,0,rest,34.0,38.0,MAT128|Subject26|scored_rest|34.000|38.000
MAT128,Subject26,scored_rest,0,rest,36.0,40.0,MAT128|Subject26|scored_rest|36.000|40.000
MAT128,Subject26,scored_rest,0,rest,38.0,42.0,MAT128|Subject26|scored_rest|38.000|42.000
MAT128,Subject26,scored_rest,0,rest,40.0,44.0,MAT128|Subject26|scored_rest|40.000|44.000
MAT128,Subject26,scored_rest,0,rest,42.0,46.0,MAT128|Subject26|scored_rest|42.000|46.000
MAT128,Subject26,scored_rest,0,rest,44.0,48.0,MAT128|Subject26|scored_rest|44.000|48.000
MAT128,Subject26,scored_rest,0,rest,46.0,50.0,MAT128|Subject26|scored_rest|46.000|50.000
MAT128,Subject26,scored_rest,0,rest,48.0,52.0,MAT128|Subject26|scored_rest|48.000|52.000
MAT128,Subject26,scored_rest,0,rest,50.0,54.0,MAT128|Subject26|scored_rest|50.000|54.000
MAT128,Subject26,scored_rest,0,rest,52.0,56.0,MAT128|Subject26|scored_rest|52.000|56.000
MAT128,Subject26,scored_rest,0,rest,54.0,58.0,MAT128|Subject26|scored_rest|54.000|58.000
MAT128,Subject26,scored_rest,0,rest,56.0,60.0,MAT128|Subject26|scored_rest|56.000|60.000
MAT128,Subject26,scored_task,1,arithmetic,0.0,4.0,MAT128|Subject26|scored_task|0.000|4.000
MAT128,Subject26,scored_task,1,arithmetic,2.0,6.0,MAT128|Subject26|scored_task|2.000|6.000
MAT128,Subject26,scored_task,1,arithmetic,4.0,8.0,MAT128|Subject26|scored_task|4.000|8.000
MAT128,Subject26,scored_task,1,arithmetic,6.0,10.0,MAT128|Subject26|scored_task|6.000|10.000
MAT128,Subject26,scored_task,1,arithmetic,8.0,12.0,MAT128|Subject26|scored_task|8.000|12.000
MAT128,Subject26,scored_task,1,arithmetic,10.0,14.0,MAT128|Subject26|scored_task|10.000|14.000
MAT128,Subject26,scored_task,1,arithmetic,12.0,16.0,MAT128|Subject26|scored_task|12.000|16.000
MAT128,Subject26,scored_task,1,arithmetic,14.0,18.0,MAT128|Subject26|scored_task|14.000|18.000
MAT128,Subject26,scored_task,1,arithmetic,16.0,20.0,MAT128|Subject26|scored_task|16.000|20.000
MAT128,Subject26,scored_task,1,arithmetic,18.0,22.0,MAT128|Subject26|scored_task|18.000|22.000
MAT128,Subject26,scored_task,1,arithmetic,20.0,24.0,MAT128|Subject26|scored_task|20.000|24.000
MAT128,Subject26,scored_task,1,arithmetic,22.0,26.0,MAT128|Subject26|scored_task|22.000|26.000
MAT128,Subject26,scored_task,1,arithmetic,24.0,28.0,MAT128|Subject26|scored_task|24.000|28.000
MAT128,Subject26,scored_task,1,arithmetic,26.0,30.0,MAT128|Subject26|scored_task|26.000|30.000
MAT128,Subject27,calibration,0,rest,0.0,4.0,MAT128|Subject27|calibration|0.000|4.000
MAT128,Subject27,calibration,0,rest,2.0,6.0,MAT128|Subject27|calibration|2.000|6.000
MAT128,Subject27,calibration,0,rest,4.0,8.0,MAT128|Subject27|calibration|4.000|8.000
MAT128,Subject27,calibration,0,rest,6.0,10.0,MAT128|Subject27|calibration|6.000|10.000
MAT128,Subject27,calibration,0,rest,8.0,12.0,MAT128|Subject27|calibration|8.000|12.000
MAT128,Subject27,calibration,0,rest,10.0,14.0,MAT128|Subject27|calibration|10.000|14.000
MAT128,Subject27,calibration,0,rest,12.0,16.0,MAT128|Subject27|calibration|12.000|16.000
MAT128,Subject27,calibration,0,rest,14.0,18.0,MAT128|Subject27|calibration|14.000|18.000
MAT128,Subject27,calibration,0,rest,16.0,20.0,MAT128|Subject27|calibration|16.000|20.000
MAT128,Subject27,calibration,0,rest,18.0,22.0,MAT128|Subject27|calibration|18.000|22.000
MAT128,Subject27,calibration,0,rest,20.0,24.0,MAT128|Subject27|calibration|20.000|24.000
MAT128,Subject27,calibration,0,rest,22.0,26.0,MAT128|Subject27|calibration|22.000|26.000
MAT128,Subject27,calibration,0,rest,24.0,28.0,MAT128|Subject27|calibration|24.000|28.000
MAT128,Subject27,calibration,0,rest,26.0,30.0,MAT128|Subject27|calibration|26.000|30.000
MAT128,Subject27,scored_rest,0,rest,30.0,34.0,MAT128|Subject27|scored_rest|30.000|34.000
MAT128,Subject27,scored_rest,0,rest,32.0,36.0,MAT128|Subject27|scored_rest|32.000|36.000
MAT128,Subject27,scored_rest,0,rest,34.0,38.0,MAT128|Subject27|scored_rest|34.000|38.000
MAT128,Subject27,scored_rest,0,rest,36.0,40.0,MAT128|Subject27|scored_rest|36.000|40.000
MAT128,Subject27,scored_rest,0,rest,38.0,42.0,MAT128|Subject27|scored_rest|38.000|42.000
MAT128,Subject27,scored_rest,0,rest,40.0,44.0,MAT128|Subject27|scored_rest|40.000|44.000
MAT128,Subject27,scored_rest,0,rest,42.0,46.0,MAT128|Subject27|scored_rest|42.000|46.000
MAT128,Subject27,scored_rest,0,rest,44.0,48.0,MAT128|Subject27|scored_rest|44.000|48.000
MAT128,Subject27,scored_rest,0,rest,46.0,50.0,MAT128|Subject27|scored_rest|46.000|50.000
MAT128,Subject27,scored_rest,0,rest,48.0,52.0,MAT128|Subject27|scored_rest|48.000|52.000
MAT128,Subject27,scored_rest,0,rest,50.0,54.0,MAT128|Subject27|scored_rest|50.000|54.000
MAT128,Subject27,scored_rest,0,rest,52.0,56.0,MAT128|Subject27|scored_rest|52.000|56.000
MAT128,Subject27,scored_rest,0,rest,54.0,58.0,MAT128|Subject27|scored_rest|54.000|58.000
MAT128,Subject27,scored_rest,0,rest,56.0,60.0,MAT128|Subject27|scored_rest|56.000|60.000
MAT128,Subject27,scored_task,1,arithmetic,0.0,4.0,MAT128|Subject27|scored_task|0.000|4.000
MAT128,Subject27,scored_task,1,arithmetic,2.0,6.0,MAT128|Subject27|scored_task|2.000|6.000
MAT128,Subject27,scored_task,1,arithmetic,4.0,8.0,MAT128|Subject27|scored_task|4.000|8.000
MAT128,Subject27,scored_task,1,arithmetic,6.0,10.0,MAT128|Subject27|scored_task|6.000|10.000
MAT128,Subject27,scored_task,1,arithmetic,8.0,12.0,MAT128|Subject27|scored_task|8.000|12.000
MAT128,Subject27,scored_task,1,arithmetic,10.0,14.0,MAT128|Subject27|scored_task|10.000|14.000
MAT128,Subject27,scored_task,1,arithmetic,12.0,16.0,MAT128|Subject27|scored_task|12.000|16.000
MAT128,Subject27,scored_task,1,arithmetic,14.0,18.0,MAT128|Subject27|scored_task|14.000|18.000
MAT128,Subject27,scored_task,1,arithmetic,16.0,20.0,MAT128|Subject27|scored_task|16.000|20.000
MAT128,Subject27,scored_task,1,arithmetic,18.0,22.0,MAT128|Subject27|scored_task|18.000|22.000
MAT128,Subject27,scored_task,1,arithmetic,20.0,24.0,MAT128|Subject27|scored_task|20.000|24.000
MAT128,Subject27,scored_task,1,arithmetic,22.0,26.0,MAT128|Subject27|scored_task|22.000|26.000
MAT128,Subject27,scored_task,1,arithmetic,24.0,28.0,MAT128|Subject27|scored_task|24.000|28.000
MAT128,Subject27,scored_task,1,arithmetic,26.0,30.0,MAT128|Subject27|scored_task|26.000|30.000
MAT128,Subject28,calibration,0,rest,0.0,4.0,MAT128|Subject28|calibration|0.000|4.000
MAT128,Subject28,calibration,0,rest,2.0,6.0,MAT128|Subject28|calibration|2.000|6.000
MAT128,Subject28,calibration,0,rest,4.0,8.0,MAT128|Subject28|calibration|4.000|8.000
MAT128,Subject28,calibration,0,rest,6.0,10.0,MAT128|Subject28|calibration|6.000|10.000
MAT128,Subject28,calibration,0,rest,8.0,12.0,MAT128|Subject28|calibration|8.000|12.000
MAT128,Subject28,calibration,0,rest,10.0,14.0,MAT128|Subject28|calibration|10.000|14.000
MAT128,Subject28,calibration,0,rest,12.0,16.0,MAT128|Subject28|calibration|12.000|16.000
MAT128,Subject28,calibration,0,rest,14.0,18.0,MAT128|Subject28|calibration|14.000|18.000
MAT128,Subject28,calibration,0,rest,16.0,20.0,MAT128|Subject28|calibration|16.000|20.000
MAT128,Subject28,calibration,0,rest,18.0,22.0,MAT128|Subject28|calibration|18.000|22.000
MAT128,Subject28,calibration,0,rest,20.0,24.0,MAT128|Subject28|calibration|20.000|24.000
MAT128,Subject28,calibration,0,rest,22.0,26.0,MAT128|Subject28|calibration|22.000|26.000
MAT128,Subject28,calibration,0,rest,24.0,28.0,MAT128|Subject28|calibration|24.000|28.000
MAT128,Subject28,calibration,0,rest,26.0,30.0,MAT128|Subject28|calibration|26.000|30.000
MAT128,Subject28,scored_rest,0,rest,30.0,34.0,MAT128|Subject28|scored_rest|30.000|34.000
MAT128,Subject28,scored_rest,0,rest,32.0,36.0,MAT128|Subject28|scored_rest|32.000|36.000
MAT128,Subject28,scored_rest,0,rest,34.0,38.0,MAT128|Subject28|scored_rest|34.000|38.000
MAT128,Subject28,scored_rest,0,rest,36.0,40.0,MAT128|Subject28|scored_rest|36.000|40.000
MAT128,Subject28,scored_rest,0,rest,38.0,42.0,MAT128|Subject28|scored_rest|38.000|42.000
MAT128,Subject28,scored_rest,0,rest,40.0,44.0,MAT128|Subject28|scored_rest|40.000|44.000
MAT128,Subject28,scored_rest,0,rest,42.0,46.0,MAT128|Subject28|scored_rest|42.000|46.000
MAT128,Subject28,scored_rest,0,rest,44.0,48.0,MAT128|Subject28|scored_rest|44.000|48.000
MAT128,Subject28,scored_rest,0,rest,46.0,50.0,MAT128|Subject28|scored_rest|46.000|50.000
MAT128,Subject28,scored_rest,0,rest,48.0,52.0,MAT128|Subject28|scored_rest|48.000|52.000
MAT128,Subject28,scored_rest,0,rest,50.0,54.0,MAT128|Subject28|scored_rest|50.000|54.000
MAT128,Subject28,scored_rest,0,rest,52.0,56.0,MAT128|Subject28|scored_rest|52.000|56.000
MAT128,Subject28,scored_rest,0,rest,54.0,58.0,MAT128|Subject28|scored_rest|54.000|58.000
MAT128,Subject28,scored_rest,0,rest,56.0,60.0,MAT128|Subject28|scored_rest|56.000|60.000
MAT128,Subject28,scored_task,1,arithmetic,0.0,4.0,MAT128|Subject28|scored_task|0.000|4.000
MAT128,Subject28,scored_task,1,arithmetic,2.0,6.0,MAT128|Subject28|scored_task|2.000|6.000
MAT128,Subject28,scored_task,1,arithmetic,4.0,8.0,MAT128|Subject28|scored_task|4.000|8.000
MAT128,Subject28,scored_task,1,arithmetic,6.0,10.0,MAT128|Subject28|scored_task|6.000|10.000
MAT128,Subject28,scored_task,1,arithmetic,8.0,12.0,MAT128|Subject28|scored_task|8.000|12.000
MAT128,Subject28,scored_task,1,arithmetic,10.0,14.0,MAT128|Subject28|scored_task|10.000|14.000
MAT128,Subject28,scored_task,1,arithmetic,12.0,16.0,MAT128|Subject28|scored_task|12.000|16.000
MAT128,Subject28,scored_task,1,arithmetic,14.0,18.0,MAT128|Subject28|scored_task|14.000|18.000
MAT128,Subject28,scored_task,1,arithmetic,16.0,20.0,MAT128|Subject28|scored_task|16.000|20.000
MAT128,Subject28,scored_task,1,arithmetic,18.0,22.0,MAT128|Subject28|scored_task|18.000|22.000
MAT128,Subject28,scored_task,1,arithmetic,20.0,24.0,MAT128|Subject28|scored_task|20.000|24.000
MAT128,Subject28,scored_task,1,arithmetic,22.0,26.0,MAT128|Subject28|scored_task|22.000|26.000
MAT128,Subject28,scored_task,1,arithmetic,24.0,28.0,MAT128|Subject28|scored_task|24.000|28.000
MAT128,Subject28,scored_task,1,arithmetic,26.0,30.0,MAT128|Subject28|scored_task|26.000|30.000
MAT128,Subject29,calibration,0,rest,0.0,4.0,MAT128|Subject29|calibration|0.000|4.000
MAT128,Subject29,calibration,0,rest,2.0,6.0,MAT128|Subject29|calibration|2.000|6.000
MAT128,Subject29,calibration,0,rest,4.0,8.0,MAT128|Subject29|calibration|4.000|8.000
MAT128,Subject29,calibration,0,rest,6.0,10.0,MAT128|Subject29|calibration|6.000|10.000
MAT128,Subject29,calibration,0,rest,8.0,12.0,MAT128|Subject29|calibration|8.000|12.000
MAT128,Subject29,calibration,0,rest,10.0,14.0,MAT128|Subject29|calibration|10.000|14.000
MAT128,Subject29,calibration,0,rest,12.0,16.0,MAT128|Subject29|calibration|12.000|16.000
MAT128,Subject29,calibration,0,rest,14.0,18.0,MAT128|Subject29|calibration|14.000|18.000
MAT128,Subject29,calibration,0,rest,16.0,20.0,MAT128|Subject29|calibration|16.000|20.000
MAT128,Subject29,calibration,0,rest,18.0,22.0,MAT128|Subject29|calibration|18.000|22.000
MAT128,Subject29,calibration,0,rest,20.0,24.0,MAT128|Subject29|calibration|20.000|24.000
MAT128,Subject29,calibration,0,rest,22.0,26.0,MAT128|Subject29|calibration|22.000|26.000
MAT128,Subject29,calibration,0,rest,24.0,28.0,MAT128|Subject29|calibration|24.000|28.000
MAT128,Subject29,calibration,0,rest,26.0,30.0,MAT128|Subject29|calibration|26.000|30.000
MAT128,Subject29,scored_rest,0,rest,30.0,34.0,MAT128|Subject29|scored_rest|30.000|34.000
MAT128,Subject29,scored_rest,0,rest,32.0,36.0,MAT128|Subject29|scored_rest|32.000|36.000
MAT128,Subject29,scored_rest,0,rest,34.0,38.0,MAT128|Subject29|scored_rest|34.000|38.000
MAT128,Subject29,scored_rest,0,rest,36.0,40.0,MAT128|Subject29|scored_rest|36.000|40.000
MAT128,Subject29,scored_rest,0,rest,38.0,42.0,MAT128|Subject29|scored_rest|38.000|42.000
MAT128,Subject29,scored_rest,0,rest,40.0,44.0,MAT128|Subject29|scored_rest|40.000|44.000
MAT128,Subject29,scored_rest,0,rest,42.0,46.0,MAT128|Subject29|scored_rest|42.000|46.000
MAT128,Subject29,scored_rest,0,rest,44.0,48.0,MAT128|Subject29|scored_rest|44.000|48.000
MAT128,Subject29,scored_rest,0,rest,46.0,50.0,MAT128|Subject29|scored_rest|46.000|50.000
MAT128,Subject29,scored_rest,0,rest,48.0,52.0,MAT128|Subject29|scored_rest|48.000|52.000
MAT128,Subject29,scored_rest,0,rest,50.0,54.0,MAT128|Subject29|scored_rest|50.000|54.000
MAT128,Subject29,scored_rest,0,rest,52.0,56.0,MAT128|Subject29|scored_rest|52.000|56.000
MAT128,Subject29,scored_rest,0,rest,54.0,58.0,MAT128|Subject29|scored_rest|54.000|58.000
MAT128,Subject29,scored_rest,0,rest,56.0,60.0,MAT128|Subject29|scored_rest|56.000|60.000
MAT128,Subject29,scored_task,1,arithmetic,0.0,4.0,MAT128|Subject29|scored_task|0.000|4.000
MAT128,Subject29,scored_task,1,arithmetic,2.0,6.0,MAT128|Subject29|scored_task|2.000|6.000
MAT128,Subject29,scored_task,1,arithmetic,4.0,8.0,MAT128|Subject29|scored_task|4.000|8.000
MAT128,Subject29,scored_task,1,arithmetic,6.0,10.0,MAT128|Subject29|scored_task|6.000|10.000
MAT128,Subject29,scored_task,1,arithmetic,8.0,12.0,MAT128|Subject29|scored_task|8.000|12.000
MAT128,Subject29,scored_task,1,arithmetic,10.0,14.0,MAT128|Subject29|scored_task|10.000|14.000
MAT128,Subject29,scored_task,1,arithmetic,12.0,16.0,MAT128|Subject29|scored_task|12.000|16.000
MAT128,Subject29,scored_task,1,arithmetic,14.0,18.0,MAT128|Subject29|scored_task|14.000|18.000
MAT128,Subject29,scored_task,1,arithmetic,16.0,20.0,MAT128|Subject29|scored_task|16.000|20.000
MAT128,Subject29,scored_task,1,arithmetic,18.0,22.0,MAT128|Subject29|scored_task|18.000|22.000
MAT128,Subject29,scored_task,1,arithmetic,20.0,24.0,MAT128|Subject29|scored_task|20.000|24.000
MAT128,Subject29,scored_task,1,arithmetic,22.0,26.0,MAT128|Subject29|scored_task|22.000|26.000
MAT128,Subject29,scored_task,1,arithmetic,24.0,28.0,MAT128|Subject29|scored_task|24.000|28.000
MAT128,Subject29,scored_task,1,arithmetic,26.0,30.0,MAT128|Subject29|scored_task|26.000|30.000
MAT128,Subject30,calibration,0,rest,0.0,4.0,MAT128|Subject30|calibration|0.000|4.000
MAT128,Subject30,calibration,0,rest,2.0,6.0,MAT128|Subject30|calibration|2.000|6.000
MAT128,Subject30,calibration,0,rest,4.0,8.0,MAT128|Subject30|calibration|4.000|8.000
MAT128,Subject30,calibration,0,rest,6.0,10.0,MAT128|Subject30|calibration|6.000|10.000
MAT128,Subject30,calibration,0,rest,8.0,12.0,MAT128|Subject30|calibration|8.000|12.000
MAT128,Subject30,calibration,0,rest,10.0,14.0,MAT128|Subject30|calibration|10.000|14.000
MAT128,Subject30,calibration,0,rest,12.0,16.0,MAT128|Subject30|calibration|12.000|16.000
MAT128,Subject30,calibration,0,rest,14.0,18.0,MAT128|Subject30|calibration|14.000|18.000
MAT128,Subject30,calibration,0,rest,16.0,20.0,MAT128|Subject30|calibration|16.000|20.000
MAT128,Subject30,calibration,0,rest,18.0,22.0,MAT128|Subject30|calibration|18.000|22.000
MAT128,Subject30,calibration,0,rest,20.0,24.0,MAT128|Subject30|calibration|20.000|24.000
MAT128,Subject30,calibration,0,rest,22.0,26.0,MAT128|Subject30|calibration|22.000|26.000
MAT128,Subject30,calibration,0,rest,24.0,28.0,MAT128|Subject30|calibration|24.000|28.000
MAT128,Subject30,calibration,0,rest,26.0,30.0,MAT128|Subject30|calibration|26.000|30.000
MAT128,Subject30,scored_rest,0,rest,30.0,34.0,MAT128|Subject30|scored_rest|30.000|34.000
MAT128,Subject30,scored_rest,0,rest,32.0,36.0,MAT128|Subject30|scored_rest|32.000|36.000
MAT128,Subject30,scored_rest,0,rest,34.0,38.0,MAT128|Subject30|scored_rest|34.000|38.000
MAT128,Subject30,scored_rest,0,rest,36.0,40.0,MAT128|Subject30|scored_rest|36.000|40.000
MAT128,Subject30,scored_rest,0,rest,38.0,42.0,MAT128|Subject30|scored_rest|38.000|42.000
MAT128,Subject30,scored_rest,0,rest,40.0,44.0,MAT128|Subject30|scored_rest|40.000|44.000
MAT128,Subject30,scored_rest,0,rest,42.0,46.0,MAT128|Subject30|scored_rest|42.000|46.000
MAT128,Subject30,scored_rest,0,rest,44.0,48.0,MAT128|Subject30|scored_rest|44.000|48.000
MAT128,Subject30,scored_rest,0,rest,46.0,50.0,MAT128|Subject30|scored_rest|46.000|50.000
MAT128,Subject30,scored_rest,0,rest,48.0,52.0,MAT128|Subject30|scored_rest|48.000|52.000
MAT128,Subject30,scored_rest,0,rest,50.0,54.0,MAT128|Subject30|scored_rest|50.000|54.000
MAT128,Subject30,scored_rest,0,rest,52.0,56.0,MAT128|Subject30|scored_rest|52.000|56.000
MAT128,Subject30,scored_rest,0,rest,54.0,58.0,MAT128|Subject30|scored_rest|54.000|58.000
MAT128,Subject30,scored_rest,0,rest,56.0,60.0,MAT128|Subject30|scored_rest|56.000|60.000
MAT128,Subject30,scored_task,1,arithmetic,0.0,4.0,MAT128|Subject30|scored_task|0.000|4.000
MAT128,Subject30,scored_task,1,arithmetic,2.0,6.0,MAT128|Subject30|scored_task|2.000|6.000
MAT128,Subject30,scored_task,1,arithmetic,4.0,8.0,MAT128|Subject30|scored_task|4.000|8.000
MAT128,Subject30,scored_task,1,arithmetic,6.0,10.0,MAT128|Subject30|scored_task|6.000|10.000
MAT128,Subject30,scored_task,1,arithmetic,8.0,12.0,MAT128|Subject30|scored_task|8.000|12.000
MAT128,Subject30,scored_task,1,arithmetic,10.0,14.0,MAT128|Subject30|scored_task|10.000|14.000
MAT128,Subject30,scored_task,1,arithmetic,12.0,16.0,MAT128|Subject30|scored_task|12.000|16.000
MAT128,Subject30,scored_task,1,arithmetic,14.0,18.0,MAT128|Subject30|scored_task|14.000|18.000
MAT128,Subject30,scored_task,1,arithmetic,16.0,20.0,MAT128|Subject30|scored_task|16.000|20.000
MAT128,Subject30,scored_task,1,arithmetic,18.0,22.0,MAT128|Subject30|scored_task|18.000|22.000
MAT128,Subject30,scored_task,1,arithmetic,20.0,24.0,MAT128|Subject30|scored_task|20.000|24.000
MAT128,Subject30,scored_task,1,arithmetic,22.0,26.0,MAT128|Subject30|scored_task|22.000|26.000
MAT128,Subject30,scored_task,1,arithmetic,24.0,28.0,MAT128|Subject30|scored_task|24.000|28.000
MAT128,Subject30,scored_task,1,arithmetic,26.0,30.0,MAT128|Subject30|scored_task|26.000|30.000
MAT128,Subject31,calibration,0,rest,0.0,4.0,MAT128|Subject31|calibration|0.000|4.000
MAT128,Subject31,calibration,0,rest,2.0,6.0,MAT128|Subject31|calibration|2.000|6.000
MAT128,Subject31,calibration,0,rest,4.0,8.0,MAT128|Subject31|calibration|4.000|8.000
MAT128,Subject31,calibration,0,rest,6.0,10.0,MAT128|Subject31|calibration|6.000|10.000
MAT128,Subject31,calibration,0,rest,8.0,12.0,MAT128|Subject31|calibration|8.000|12.000
MAT128,Subject31,calibration,0,rest,10.0,14.0,MAT128|Subject31|calibration|10.000|14.000
MAT128,Subject31,calibration,0,rest,12.0,16.0,MAT128|Subject31|calibration|12.000|16.000
MAT128,Subject31,calibration,0,rest,14.0,18.0,MAT128|Subject31|calibration|14.000|18.000
MAT128,Subject31,calibration,0,rest,16.0,20.0,MAT128|Subject31|calibration|16.000|20.000
MAT128,Subject31,calibration,0,rest,18.0,22.0,MAT128|Subject31|calibration|18.000|22.000
MAT128,Subject31,calibration,0,rest,20.0,24.0,MAT128|Subject31|calibration|20.000|24.000
MAT128,Subject31,calibration,0,rest,22.0,26.0,MAT128|Subject31|calibration|22.000|26.000
MAT128,Subject31,calibration,0,rest,24.0,28.0,MAT128|Subject31|calibration|24.000|28.000
MAT128,Subject31,calibration,0,rest,26.0,30.0,MAT128|Subject31|calibration|26.000|30.000
MAT128,Subject31,scored_rest,0,rest,30.0,34.0,MAT128|Subject31|scored_rest|30.000|34.000
MAT128,Subject31,scored_rest,0,rest,32.0,36.0,MAT128|Subject31|scored_rest|32.000|36.000
MAT128,Subject31,scored_rest,0,rest,34.0,38.0,MAT128|Subject31|scored_rest|34.000|38.000
MAT128,Subject31,scored_rest,0,rest,36.0,40.0,MAT128|Subject31|scored_rest|36.000|40.000
MAT128,Subject31,scored_rest,0,rest,38.0,42.0,MAT128|Subject31|scored_rest|38.000|42.000
MAT128,Subject31,scored_rest,0,rest,40.0,44.0,MAT128|Subject31|scored_rest|40.000|44.000
MAT128,Subject31,scored_rest,0,rest,42.0,46.0,MAT128|Subject31|scored_rest|42.000|46.000
MAT128,Subject31,scored_rest,0,rest,44.0,48.0,MAT128|Subject31|scored_rest|44.000|48.000
MAT128,Subject31,scored_rest,0,rest,46.0,50.0,MAT128|Subject31|scored_rest|46.000|50.000
MAT128,Subject31,scored_rest,0,rest,48.0,52.0,MAT128|Subject31|scored_rest|48.000|52.000
MAT128,Subject31,scored_rest,0,rest,50.0,54.0,MAT128|Subject31|scored_rest|50.000|54.000
MAT128,Subject31,scored_rest,0,rest,52.0,56.0,MAT128|Subject31|scored_rest|52.000|56.000
MAT128,Subject31,scored_rest,0,rest,54.0,58.0,MAT128|Subject31|scored_rest|54.000|58.000
MAT128,Subject31,scored_rest,0,rest,56.0,60.0,MAT128|Subject31|scored_rest|56.000|60.000
MAT128,Subject31,scored_task,1,arithmetic,0.0,4.0,MAT128|Subject31|scored_task|0.000|4.000
MAT128,Subject31,scored_task,1,arithmetic,2.0,6.0,MAT128|Subject31|scored_task|2.000|6.000
MAT128,Subject31,scored_task,1,arithmetic,4.0,8.0,MAT128|Subject31|scored_task|4.000|8.000
MAT128,Subject31,scored_task,1,arithmetic,6.0,10.0,MAT128|Subject31|scored_task|6.000|10.000
MAT128,Subject31,scored_task,1,arithmetic,8.0,12.0,MAT128|Subject31|scored_task|8.000|12.000
MAT128,Subject31,scored_task,1,arithmetic,10.0,14.0,MAT128|Subject31|scored_task|10.000|14.000
MAT128,Subject31,scored_task,1,arithmetic,12.0,16.0,MAT128|Subject31|scored_task|12.000|16.000
MAT128,Subject31,scored_task,1,arithmetic,14.0,18.0,MAT128|Subject31|scored_task|14.000|18.000
MAT128,Subject31,scored_task,1,arithmetic,16.0,20.0,MAT128|Subject31|scored_task|16.000|20.000
MAT128,Subject31,scored_task,1,arithmetic,18.0,22.0,MAT128|Subject31|scored_task|18.000|22.000
MAT128,Subject31,scored_task,1,arithmetic,20.0,24.0,MAT128|Subject31|scored_task|20.000|24.000
MAT128,Subject31,scored_task,1,arithmetic,22.0,26.0,MAT128|Subject31|scored_task|22.000|26.000
MAT128,Subject31,scored_task,1,arithmetic,24.0,28.0,MAT128|Subject31|scored_task|24.000|28.000
MAT128,Subject31,scored_task,1,arithmetic,26.0,30.0,MAT128|Subject31|scored_task|26.000|30.000
MAT128,Subject32,calibration,0,rest,0.0,4.0,MAT128|Subject32|calibration|0.000|4.000
MAT128,Subject32,calibration,0,rest,2.0,6.0,MAT128|Subject32|calibration|2.000|6.000
MAT128,Subject32,calibration,0,rest,4.0,8.0,MAT128|Subject32|calibration|4.000|8.000
MAT128,Subject32,calibration,0,rest,6.0,10.0,MAT128|Subject32|calibration|6.000|10.000
MAT128,Subject32,calibration,0,rest,8.0,12.0,MAT128|Subject32|calibration|8.000|12.000
MAT128,Subject32,calibration,0,rest,10.0,14.0,MAT128|Subject32|calibration|10.000|14.000
MAT128,Subject32,calibration,0,rest,12.0,16.0,MAT128|Subject32|calibration|12.000|16.000
MAT128,Subject32,calibration,0,rest,14.0,18.0,MAT128|Subject32|calibration|14.000|18.000
MAT128,Subject32,calibration,0,rest,16.0,20.0,MAT128|Subject32|calibration|16.000|20.000
MAT128,Subject32,calibration,0,rest,18.0,22.0,MAT128|Subject32|calibration|18.000|22.000
MAT128,Subject32,calibration,0,rest,20.0,24.0,MAT128|Subject32|calibration|20.000|24.000
MAT128,Subject32,calibration,0,rest,22.0,26.0,MAT128|Subject32|calibration|22.000|26.000
MAT128,Subject32,calibration,0,rest,24.0,28.0,MAT128|Subject32|calibration|24.000|28.000
MAT128,Subject32,calibration,0,rest,26.0,30.0,MAT128|Subject32|calibration|26.000|30.000
MAT128,Subject32,scored_rest,0,rest,30.0,34.0,MAT128|Subject32|scored_rest|30.000|34.000
MAT128,Subject32,scored_rest,0,rest,32.0,36.0,MAT128|Subject32|scored_rest|32.000|36.000
MAT128,Subject32,scored_rest,0,rest,34.0,38.0,MAT128|Subject32|scored_rest|34.000|38.000
MAT128,Subject32,scored_rest,0,rest,36.0,40.0,MAT128|Subject32|scored_rest|36.000|40.000
MAT128,Subject32,scored_rest,0,rest,38.0,42.0,MAT128|Subject32|scored_rest|38.000|42.000
MAT128,Subject32,scored_rest,0,rest,40.0,44.0,MAT128|Subject32|scored_rest|40.000|44.000
MAT128,Subject32,scored_rest,0,rest,42.0,46.0,MAT128|Subject32|scored_rest|42.000|46.000
MAT128,Subject32,scored_rest,0,rest,44.0,48.0,MAT128|Subject32|scored_rest|44.000|48.000
MAT128,Subject32,scored_rest,0,rest,46.0,50.0,MAT128|Subject32|scored_rest|46.000|50.000
MAT128,Subject32,scored_rest,0,rest,48.0,52.0,MAT128|Subject32|scored_rest|48.000|52.000
MAT128,Subject32,scored_rest,0,rest,50.0,54.0,MAT128|Subject32|scored_rest|50.000|54.000
MAT128,Subject32,scored_rest,0,rest,52.0,56.0,MAT128|Subject32|scored_rest|52.000|56.000
MAT128,Subject32,scored_rest,0,rest,54.0,58.0,MAT128|Subject32|scored_rest|54.000|58.000
MAT128,Subject32,scored_rest,0,rest,56.0,60.0,MAT128|Subject32|scored_rest|56.000|60.000
MAT128,Subject32,scored_task,1,arithmetic,0.0,4.0,MAT128|Subject32|scored_task|0.000|4.000
MAT128,Subject32,scored_task,1,arithmetic,2.0,6.0,MAT128|Subject32|scored_task|2.000|6.000
MAT128,Subject32,scored_task,1,arithmetic,4.0,8.0,MAT128|Subject32|scored_task|4.000|8.000
MAT128,Subject32,scored_task,1,arithmetic,6.0,10.0,MAT128|Subject32|scored_task|6.000|10.000
MAT128,Subject32,scored_task,1,arithmetic,8.0,12.0,MAT128|Subject32|scored_task|8.000|12.000
MAT128,Subject32,scored_task,1,arithmetic,10.0,14.0,MAT128|Subject32|scored_task|10.000|14.000
MAT128,Subject32,scored_task,1,arithmetic,12.0,16.0,MAT128|Subject32|scored_task|12.000|16.000
MAT128,Subject32,scored_task,1,arithmetic,14.0,18.0,MAT128|Subject32|scored_task|14.000|18.000
MAT128,Subject32,scored_task,1,arithmetic,16.0,20.0,MAT128|Subject32|scored_task|16.000|20.000
MAT128,Subject32,scored_task,1,arithmetic,18.0,22.0,MAT128|Subject32|scored_task|18.000|22.000
MAT128,Subject32,scored_task,1,arithmetic,20.0,24.0,MAT128|Subject32|scored_task|20.000|24.000
MAT128,Subject32,scored_task,1,arithmetic,22.0,26.0,MAT128|Subject32|scored_task|22.000|26.000
MAT128,Subject32,scored_task,1,arithmetic,24.0,28.0,MAT128|Subject32|scored_task|24.000|28.000
MAT128,Subject32,scored_task,1,arithmetic,26.0,30.0,MAT128|Subject32|scored_task|26.000|30.000
MAT128,Subject33,calibration,0,rest,0.0,4.0,MAT128|Subject33|calibration|0.000|4.000
MAT128,Subject33,calibration,0,rest,2.0,6.0,MAT128|Subject33|calibration|2.000|6.000
MAT128,Subject33,calibration,0,rest,4.0,8.0,MAT128|Subject33|calibration|4.000|8.000
MAT128,Subject33,calibration,0,rest,6.0,10.0,MAT128|Subject33|calibration|6.000|10.000
MAT128,Subject33,calibration,0,rest,8.0,12.0,MAT128|Subject33|calibration|8.000|12.000
MAT128,Subject33,calibration,0,rest,10.0,14.0,MAT128|Subject33|calibration|10.000|14.000
MAT128,Subject33,calibration,0,rest,12.0,16.0,MAT128|Subject33|calibration|12.000|16.000
MAT128,Subject33,calibration,0,rest,14.0,18.0,MAT128|Subject33|calibration|14.000|18.000
MAT128,Subject33,calibration,0,rest,16.0,20.0,MAT128|Subject33|calibration|16.000|20.000
MAT128,Subject33,calibration,0,rest,18.0,22.0,MAT128|Subject33|calibration|18.000|22.000
MAT128,Subject33,calibration,0,rest,20.0,24.0,MAT128|Subject33|calibration|20.000|24.000
MAT128,Subject33,calibration,0,rest,22.0,26.0,MAT128|Subject33|calibration|22.000|26.000
MAT128,Subject33,calibration,0,rest,24.0,28.0,MAT128|Subject33|calibration|24.000|28.000
MAT128,Subject33,calibration,0,rest,26.0,30.0,MAT128|Subject33|calibration|26.000|30.000
MAT128,Subject33,scored_rest,0,rest,30.0,34.0,MAT128|Subject33|scored_rest|30.000|34.000
MAT128,Subject33,scored_rest,0,rest,32.0,36.0,MAT128|Subject33|scored_rest|32.000|36.000
MAT128,Subject33,scored_rest,0,rest,34.0,38.0,MAT128|Subject33|scored_rest|34.000|38.000
MAT128,Subject33,scored_rest,0,rest,36.0,40.0,MAT128|Subject33|scored_rest|36.000|40.000
MAT128,Subject33,scored_rest,0,rest,38.0,42.0,MAT128|Subject33|scored_rest|38.000|42.000
MAT128,Subject33,scored_rest,0,rest,40.0,44.0,MAT128|Subject33|scored_rest|40.000|44.000
MAT128,Subject33,scored_rest,0,rest,42.0,46.0,MAT128|Subject33|scored_rest|42.000|46.000
MAT128,Subject33,scored_rest,0,rest,44.0,48.0,MAT128|Subject33|scored_rest|44.000|48.000
MAT128,Subject33,scored_rest,0,rest,46.0,50.0,MAT128|Subject33|scored_rest|46.000|50.000
MAT128,Subject33,scored_rest,0,rest,48.0,52.0,MAT128|Subject33|scored_rest|48.000|52.000
MAT128,Subject33,scored_rest,0,rest,50.0,54.0,MAT128|Subject33|scored_rest|50.000|54.000
MAT128,Subject33,scored_rest,0,rest,52.0,56.0,MAT128|Subject33|scored_rest|52.000|56.000
MAT128,Subject33,scored_rest,0,rest,54.0,58.0,MAT128|Subject33|scored_rest|54.000|58.000
MAT128,Subject33,scored_rest,0,rest,56.0,60.0,MAT128|Subject33|scored_rest|56.000|60.000
MAT128,Subject33,scored_task,1,arithmetic,0.0,4.0,MAT128|Subject33|scored_task|0.000|4.000
MAT128,Subject33,scored_task,1,arithmetic,2.0,6.0,MAT128|Subject33|scored_task|2.000|6.000
MAT128,Subject33,scored_task,1,arithmetic,4.0,8.0,MAT128|Subject33|scored_task|4.000|8.000
MAT128,Subject33,scored_task,1,arithmetic,6.0,10.0,MAT128|Subject33|scored_task|6.000|10.000
MAT128,Subject33,scored_task,1,arithmetic,8.0,12.0,MAT128|Subject33|scored_task|8.000|12.000
MAT128,Subject33,scored_task,1,arithmetic,10.0,14.0,MAT128|Subject33|scored_task|10.000|14.000
MAT128,Subject33,scored_task,1,arithmetic,12.0,16.0,MAT128|Subject33|scored_task|12.000|16.000
MAT128,Subject33,scored_task,1,arithmetic,14.0,18.0,MAT128|Subject33|scored_task|14.000|18.000
MAT128,Subject33,scored_task,1,arithmetic,16.0,20.0,MAT128|Subject33|scored_task|16.000|20.000
MAT128,Subject33,scored_task,1,arithmetic,18.0,22.0,MAT128|Subject33|scored_task|18.000|22.000
MAT128,Subject33,scored_task,1,arithmetic,20.0,24.0,MAT128|Subject33|scored_task|20.000|24.000
MAT128,Subject33,scored_task,1,arithmetic,22.0,26.0,MAT128|Subject33|scored_task|22.000|26.000
MAT128,Subject33,scored_task,1,arithmetic,24.0,28.0,MAT128|Subject33|scored_task|24.000|28.000
MAT128,Subject33,scored_task,1,arithmetic,26.0,30.0,MAT128|Subject33|scored_task|26.000|30.000
MAT128,Subject34,calibration,0,rest,0.0,4.0,MAT128|Subject34|calibration|0.000|4.000
MAT128,Subject34,calibration,0,rest,2.0,6.0,MAT128|Subject34|calibration|2.000|6.000
MAT128,Subject34,calibration,0,rest,4.0,8.0,MAT128|Subject34|calibration|4.000|8.000
MAT128,Subject34,calibration,0,rest,6.0,10.0,MAT128|Subject34|calibration|6.000|10.000
MAT128,Subject34,calibration,0,rest,8.0,12.0,MAT128|Subject34|calibration|8.000|12.000
MAT128,Subject34,calibration,0,rest,10.0,14.0,MAT128|Subject34|calibration|10.000|14.000
MAT128,Subject34,calibration,0,rest,12.0,16.0,MAT128|Subject34|calibration|12.000|16.000
MAT128,Subject34,calibration,0,rest,14.0,18.0,MAT128|Subject34|calibration|14.000|18.000
MAT128,Subject34,calibration,0,rest,16.0,20.0,MAT128|Subject34|calibration|16.000|20.000
MAT128,Subject34,calibration,0,rest,18.0,22.0,MAT128|Subject34|calibration|18.000|22.000
MAT128,Subject34,calibration,0,rest,20.0,24.0,MAT128|Subject34|calibration|20.000|24.000
MAT128,Subject34,calibration,0,rest,22.0,26.0,MAT128|Subject34|calibration|22.000|26.000
MAT128,Subject34,calibration,0,rest,24.0,28.0,MAT128|Subject34|calibration|24.000|28.000
MAT128,Subject34,calibration,0,rest,26.0,30.0,MAT128|Subject34|calibration|26.000|30.000
MAT128,Subject34,scored_rest,0,rest,30.0,34.0,MAT128|Subject34|scored_rest|30.000|34.000
MAT128,Subject34,scored_rest,0,rest,32.0,36.0,MAT128|Subject34|scored_rest|32.000|36.000
MAT128,Subject34,scored_rest,0,rest,34.0,38.0,MAT128|Subject34|scored_rest|34.000|38.000
MAT128,Subject34,scored_rest,0,rest,36.0,40.0,MAT128|Subject34|scored_rest|36.000|40.000
MAT128,Subject34,scored_rest,0,rest,38.0,42.0,MAT128|Subject34|scored_rest|38.000|42.000
MAT128,Subject34,scored_rest,0,rest,40.0,44.0,MAT128|Subject34|scored_rest|40.000|44.000
MAT128,Subject34,scored_rest,0,rest,42.0,46.0,MAT128|Subject34|scored_rest|42.000|46.000
MAT128,Subject34,scored_rest,0,rest,44.0,48.0,MAT128|Subject34|scored_rest|44.000|48.000
MAT128,Subject34,scored_rest,0,rest,46.0,50.0,MAT128|Subject34|scored_rest|46.000|50.000
MAT128,Subject34,scored_rest,0,rest,48.0,52.0,MAT128|Subject34|scored_rest|48.000|52.000
MAT128,Subject34,scored_rest,0,rest,50.0,54.0,MAT128|Subject34|scored_rest|50.000|54.000
MAT128,Subject34,scored_rest,0,rest,52.0,56.0,MAT128|Subject34|scored_rest|52.000|56.000
MAT128,Subject34,scored_rest,0,rest,54.0,58.0,MAT128|Subject34|scored_rest|54.000|58.000
MAT128,Subject34,scored_rest,0,rest,56.0,60.0,MAT128|Subject34|scored_rest|56.000|60.000
MAT128,Subject34,scored_task,1,arithmetic,0.0,4.0,MAT128|Subject34|scored_task|0.000|4.000
MAT128,Subject34,scored_task,1,arithmetic,2.0,6.0,MAT128|Subject34|scored_task|2.000|6.000
MAT128,Subject34,scored_task,1,arithmetic,4.0,8.0,MAT128|Subject34|scored_task|4.000|8.000
MAT128,Subject34,scored_task,1,arithmetic,6.0,10.0,MAT128|Subject34|scored_task|6.000|10.000
MAT128,Subject34,scored_task,1,arithmetic,8.0,12.0,MAT128|Subject34|scored_task|8.000|12.000
MAT128,Subject34,scored_task,1,arithmetic,10.0,14.0,MAT128|Subject34|scored_task|10.000|14.000
MAT128,Subject34,scored_task,1,arithmetic,12.0,16.0,MAT128|Subject34|scored_task|12.000|16.000
MAT128,Subject34,scored_task,1,arithmetic,14.0,18.0,MAT128|Subject34|scored_task|14.000|18.000
MAT128,Subject34,scored_task,1,arithmetic,16.0,20.0,MAT128|Subject34|scored_task|16.000|20.000
MAT128,Subject34,scored_task,1,arithmetic,18.0,22.0,MAT128|Subject34|scored_task|18.000|22.000
MAT128,Subject34,scored_task,1,arithmetic,20.0,24.0,MAT128|Subject34|scored_task|20.000|24.000
MAT128,Subject34,scored_task,1,arithmetic,22.0,26.0,MAT128|Subject34|scored_task|22.000|26.000
MAT128,Subject34,scored_task,1,arithmetic,24.0,28.0,MAT128|Subject34|scored_task|24.000|28.000
MAT128,Subject34,scored_task,1,arithmetic,26.0,30.0,MAT128|Subject34|scored_task|26.000|30.000
MAT128,Subject35,calibration,0,rest,0.0,4.0,MAT128|Subject35|calibration|0.000|4.000
MAT128,Subject35,calibration,0,rest,2.0,6.0,MAT128|Subject35|calibration|2.000|6.000
MAT128,Subject35,calibration,0,rest,4.0,8.0,MAT128|Subject35|calibration|4.000|8.000
MAT128,Subject35,calibration,0,rest,6.0,10.0,MAT128|Subject35|calibration|6.000|10.000
MAT128,Subject35,calibration,0,rest,8.0,12.0,MAT128|Subject35|calibration|8.000|12.000
MAT128,Subject35,calibration,0,rest,10.0,14.0,MAT128|Subject35|calibration|10.000|14.000
MAT128,Subject35,calibration,0,rest,12.0,16.0,MAT128|Subject35|calibration|12.000|16.000
MAT128,Subject35,calibration,0,rest,14.0,18.0,MAT128|Subject35|calibration|14.000|18.000
MAT128,Subject35,calibration,0,rest,16.0,20.0,MAT128|Subject35|calibration|16.000|20.000
MAT128,Subject35,calibration,0,rest,18.0,22.0,MAT128|Subject35|calibration|18.000|22.000
MAT128,Subject35,calibration,0,rest,20.0,24.0,MAT128|Subject35|calibration|20.000|24.000
MAT128,Subject35,calibration,0,rest,22.0,26.0,MAT128|Subject35|calibration|22.000|26.000
MAT128,Subject35,calibration,0,rest,24.0,28.0,MAT128|Subject35|calibration|24.000|28.000
MAT128,Subject35,calibration,0,rest,26.0,30.0,MAT128|Subject35|calibration|26.000|30.000
MAT128,Subject35,scored_rest,0,rest,30.0,34.0,MAT128|Subject35|scored_rest|30.000|34.000
MAT128,Subject35,scored_rest,0,rest,32.0,36.0,MAT128|Subject35|scored_rest|32.000|36.000
MAT128,Subject35,scored_rest,0,rest,34.0,38.0,MAT128|Subject35|scored_rest|34.000|38.000
MAT128,Subject35,scored_rest,0,rest,36.0,40.0,MAT128|Subject35|scored_rest|36.000|40.000
MAT128,Subject35,scored_rest,0,rest,38.0,42.0,MAT128|Subject35|scored_rest|38.000|42.000
MAT128,Subject35,scored_rest,0,rest,40.0,44.0,MAT128|Subject35|scored_rest|40.000|44.000
MAT128,Subject35,scored_rest,0,rest,42.0,46.0,MAT128|Subject35|scored_rest|42.000|46.000
MAT128,Subject35,scored_rest,0,rest,44.0,48.0,MAT128|Subject35|scored_rest|44.000|48.000
MAT128,Subject35,scored_rest,0,rest,46.0,50.0,MAT128|Subject35|scored_rest|46.000|50.000
MAT128,Subject35,scored_rest,0,rest,48.0,52.0,MAT128|Subject35|scored_rest|48.000|52.000
MAT128,Subject35,scored_rest,0,rest,50.0,54.0,MAT128|Subject35|scored_rest|50.000|54.000
MAT128,Subject35,scored_rest,0,rest,52.0,56.0,MAT128|Subject35|scored_rest|52.000|56.000
MAT128,Subject35,scored_rest,0,rest,54.0,58.0,MAT128|Subject35|scored_rest|54.000|58.000
MAT128,Subject35,scored_rest,0,rest,56.0,60.0,MAT128|Subject35|scored_rest|56.000|60.000
MAT128,Subject35,scored_task,1,arithmetic,0.0,4.0,MAT128|Subject35|scored_task|0.000|4.000
MAT128,Subject35,scored_task,1,arithmetic,2.0,6.0,MAT128|Subject35|scored_task|2.000|6.000
MAT128,Subject35,scored_task,1,arithmetic,4.0,8.0,MAT128|Subject35|scored_task|4.000|8.000
MAT128,Subject35,scored_task,1,arithmetic,6.0,10.0,MAT128|Subject35|scored_task|6.000|10.000
MAT128,Subject35,scored_task,1,arithmetic,8.0,12.0,MAT128|Subject35|scored_task|8.000|12.000
MAT128,Subject35,scored_task,1,arithmetic,10.0,14.0,MAT128|Subject35|scored_task|10.000|14.000
MAT128,Subject35,scored_task,1,arithmetic,12.0,16.0,MAT128|Subject35|scored_task|12.000|16.000
MAT128,Subject35,scored_task,1,arithmetic,14.0,18.0,MAT128|Subject35|scored_task|14.000|18.000
MAT128,Subject35,scored_task,1,arithmetic,16.0,20.0,MAT128|Subject35|scored_task|16.000|20.000
MAT128,Subject35,scored_task,1,arithmetic,18.0,22.0,MAT128|Subject35|scored_task|18.000|22.000
MAT128,Subject35,scored_task,1,arithmetic,20.0,24.0,MAT128|Subject35|scored_task|20.000|24.000
MAT128,Subject35,scored_task,1,arithmetic,22.0,26.0,MAT128|Subject35|scored_task|22.000|26.000
MAT128,Subject35,scored_task,1,arithmetic,24.0,28.0,MAT128|Subject35|scored_task|24.000|28.000
MAT128,Subject35,scored_task,1,arithmetic,26.0,30.0,MAT128|Subject35|scored_task|26.000|30.000
