window_uid,subject_id,condition,label,source_edf,start_sec,end_sec,source_duration_sec,window_extends_beyond_source,window_seconds,overlap_seconds,overlap_status,segment_type,row_id,used_for_calibration,used_for_scoring,calibration_scoring_overlap
Subject00|rest|Subject00_1.edf|0.000|4.000,Subject00,rest,0,Subject00_1.edf,0.0,4.0,182.0,False,4.0,2.0,4s_windows_50pct_overlap,calibration,0,True,False,False
Subject00|rest|Subject00_1.edf|2.000|6.000,Subject00,rest,0,Subject00_1.edf,2.0,6.0,182.0,False,4.0,2.0,4s_windows_50pct_overlap,calibration,1,True,False,False
Subject00|rest|Subject00_1.edf|4.000|8.000,Subject00,rest,0,Subject00_1.edf,4.0,8.0,182.0,False,4.0,2.0,4s_windows_50pct_overlap,calibration,2,True,False,False
Subject00|rest|Subject00_1.edf|6.000|10.000,Subject00,rest,0,Subject00_1.edf,6.0,10.0,182.0,False,4.0,2.0,4s_windows_50pct_overlap,calibration,3,True,False,False
Subject00|rest|Subject00_1.edf|8.000|12.000,Subject00,rest,0,Subject00_1.edf,8.0,12.0,182.0,False,4.0,2.0,4s_windows_50pct_overlap,calibration,4,True,False,False
Subject00|rest|Subject00_1.edf|10.000|14.000,Subject00,rest,0,Subject00_1.edf,10.0,14.0,182.0,False,4.0,2.0,4s_windows_50pct_overlap,calibration,5,True,False,False
Subject00|rest|Subject00_1.edf|12.000|16.000,Subject00,rest,0,Subject00_1.edf,12.0,16.0,182.0,False,4.0,2.0,4s_windows_50pct_overlap,calibration,6,True,False,False
Subject00|rest|Subject00_1.edf|14.000|18.000,Subject00,rest,0,Subject00_1.edf,14.0,18.0,182.0,False,4.0,2.0,4s_windows_50pct_overlap,calibration,7,True,False,False
Subject00|rest|Subject00_1.edf|16.000|20.000,Subject00,rest,0,Subject00_1.edf,16.0,20.0,182.0,False,4.0,2.0,4s_windows_50pct_overlap,calibration,8,True,False,False
Subject00|rest|Subject00_1.edf|18.000|22.000,Subject00,rest,0,Subject00_1.edf,18.0,22.0,182.0,False,4.0,2.0,4s_windows_50pct_overlap,calibration,9,True,False,False
Subject00|rest|Subject00_1.edf|20.000|24.000,Subject00,rest,0,Subject00_1.edf,20.0,24.0,182.0,False,4.0,2.0,4s_windows_50pct_overlap,calibration,10,True,False,False
Subject00|rest|Subject00_1.edf|22.000|26.000,Subject00,rest,0,Subject00_1.edf,22.0,26.0,182.0,False,4.0,2.0,4s_windows_50pct_overlap,calibration,11,True,False,False
Subject00|rest|Subject00_1.edf|24.000|28.000,Subject00,rest,0,Subject00_1.edf,24.0,28.0,182.0,False,4.0,2.0,4s_windows_50pct_overlap,calibration,12,True,False,False
Subject00|rest|Subject00_1.edf|26.000|30.000,Subject00,rest,0,Subject00_1.edf,26.0,30.0,182.0,False,4.0,2.0,4s_windows_50pct_overlap,calibration,13,True,False,False
Subject00|rest|Subject00_1.edf|28.000|32.000,Subject00,rest,0,Subject00_1.edf,28.0,32.0,182.0,False,4.0,2.0,4s_windows_50pct_overlap,unused,14,False,False,False
Subject00|rest|Subject00_1.edf|30.000|34.000,Subject00,rest,0,Subject00_1.edf,30.0,34.0,182.0,False,4.0,2.0,4s_windows_50pct_overlap,scored_rest,15,False,True,False
Subject00|rest|Subject00_1.edf|32.000|36.000,Subject00,rest,0,Subject00_1.edf,32.0,36.0,182.0,False,4.0,2.0,4s_windows_50pct_overlap,scored_rest,16,False,True,False
Subject00|rest|Subject00_1.edf|34.000|38.000,Subject00,rest,0,Subject00_1.edf,34.0,38.0,182.0,False,4.0,2.0,4s_windows_50pct_overlap,scored_rest,17,False,True,False
Subject00|rest|Subject00_1.edf|36.000|40.000,Subject00,rest,0,Subject00_1.edf,36.0,40.0,182.0,False,4.0,2.0,4s_windows_50pct_overlap,scored_rest,18,False,True,False
Subject00|rest|Subject00_1.edf|38.000|42.000,Subject00,rest,0,Subject00_1.edf,38.0,42.0,182.0,False,4.0,2.0,4s_windows_50pct_overlap,scored_rest,19,False,True,False
Subject00|rest|Subject00_1.edf|40.000|44.000,Subject00,rest,0,Subject00_1.edf,40.0,44.0,182.0,False,4.0,2.0,4s_windows_50pct_overlap,scored_rest,20,False,True,False
Subject00|rest|Subject00_1.edf|42.000|46.000,Subject00,rest,0,Subject00_1.edf,42.0,46.0,182.0,False,4.0,2.0,4s_windows_50pct_overlap,scored_rest,21,False,True,False
Subject00|rest|Subject00_1.edf|44.000|48.000,Subject00,rest,0,Subject00_1.edf,44.0,48.0,182.0,False,4.0,2.0,4s_windows_50pct_overlap,scored_rest,22,False,True,False
Subject00|rest|Subject00_1.edf|46.000|50.000,Subject00,rest,0,Subject00_1.edf,46.0,50.0,182.0,False,4.0,2.0,4s_windows_50pct_overlap,scored_rest,23,False,True,False
Subject00|rest|Subject00_1.edf|48.000|52.000,Subject00,rest,0,Subject00_1.edf,48.0,52.0,182.0,False,4.0,2.0,4s_windows_50pct_overlap,scored_rest,24,False,True,False
Subject00|rest|Subject00_1.edf|50.000|54.000,Subject00,rest,0,Subject00_1.edf,50.0,54.0,182.0,False,4.0,2.0,4s_windows_50pct_overlap,scored_rest,25,False,True,False
Subject00|rest|Subject00_1.edf|52.000|56.000,Subject00,rest,0,Subject00_1.edf,52.0,56.0,182.0,False,4.0,2.0,4s_windows_50pct_overlap,scored_rest,26,False,True,False
Subject00|rest|Subject00_1.edf|54.000|58.000,Subject00,rest,0,Subject00_1.edf,54.0,58.0,182.0,False,4.0,2.0,4s_windows_50pct_overlap,scored_rest,27,False,True,False
Subject00|rest|Subject00_1.edf|56.000|60.000,Subject00,rest,0,Subject00_1.edf,56.0,60.0,182.0,False,4.0,2.0,4s_windows_50pct_overlap,scored_rest,28,False,True,False
Subject00|rest|Subject00_1.edf|58.000|62.000,Subject00,rest,0,Subject00_1.edf,58.0,62.0,182.0,False,4.0,2.0,4s_windows_50pct_overlap,unused,29,False,False,False
Subject00|rest|Subject00_1.edf|60.000|64.000,Subject00,rest,0,Subject00_1.edf,60.0,64.0,182.0,False,4.0,2.0,4s_windows_50pct_overlap,unused,30,False,False,False
Subject00|rest|Subject00_1.edf|62.000|66.000,Subject00,rest,0,Subject00_1.edf,62.0,66.0,182.0,False,4.0,2.0,4s_windows_50pct_overlap,unused,31,False,False,False
Subject00|rest|Subject00_1.edf|64.000|68.000,Subject00,rest,0,Subject00_1.edf,64.0,68.0,182.0,False,4.0,2.0,4s_windows_50pct_overlap,unused,32,False,False,False
Subject00|rest|Subject00_1.edf|66.000|70.000,Subject00,rest,0,Subject00_1.edf,66.0,70.0,182.0,False,4.0,2.0,4s_windows_50pct_overlap,unused,33,False,False,False
Subject00|rest|Subject00_1.edf|68.000|72.000,Subject00,rest,0,Subject00_1.edf,68.0,72.0,182.0,False,4.0,2.0,4s_windows_50pct_overlap,unused,34,False,False,False
Subject00|rest|Subject00_1.edf|70.000|74.000,Subject00,rest,0,Subject00_1.edf,70.0,74.0,182.0,False,4.0,2.0,4s_windows_50pct_overlap,unused,35,False,False,False
Subject00|rest|Subject00_1.edf|72.000|76.000,Subject00,rest,0,Subject00_1.edf,72.0,76.0,182.0,False,4.0,2.0,4s_windows_50pct_overlap,unused,36,False,False,False
Subject00|rest|Subject00_1.edf|74.000|78.000,Subject00,rest,0,Subject00_1.edf,74.0,78.0,182.0,False,4.0,2.0,4s_windows_50pct_overlap,unused,37,False,False,False
Subject00|rest|Subject00_1.edf|76.000|80.000,Subject00,rest,0,Subject00_1.edf,76.0,80.0,182.0,False,4.0,2.0,4s_windows_50pct_overlap,unused,38,False,False,False
Subject00|rest|Subject00_1.edf|78.000|82.000,Subject00,rest,0,Subject00_1.edf,78.0,82.0,182.0,False,4.0,2.0,4s_windows_50pct_overlap,unused,39,False,False,False
Subject00|rest|Subject00_1.edf|80.000|84.000,Subject00,rest,0,Subject00_1.edf,80.0,84.0,182.0,False,4.0,2.0,4s_windows_50pct_overlap,unused,40,False,False,False
Subject00|rest|Subject00_1.edf|82.000|86.000,Subject00,rest,0,Subject00_1.edf,82.0,86.0,182.0,False,4.0,2.0,4s_windows_50pct_overlap,unused,41,False,False,False
Subject00|rest|Subject00_1.edf|84.000|88.000,Subject00,rest,0,Subject00_1.edf,84.0,88.0,182.0,False,4.0,2.0,4s_windows_50pct_overlap,unused,42,False,False,False
Subject00|rest|Subject00_1.edf|86.000|90.000,Subject00,rest,0,Subject00_1.edf,86.0,90.0,182.0,False,4.0,2.0,4s_windows_50pct_overlap,unused,43,False,False,False
Subject00|rest|Subject00_1.edf|88.000|92.000,Subject00,rest,0,Subject00_1.edf,88.0,92.0,182.0,False,4.0,2.0,4s_windows_50pct_overlap,unused,44,False,False,False
Subject00|rest|Subject00_1.edf|90.000|94.000,Subject00,rest,0,Subject00_1.edf,90.0,94.0,182.0,False,4.0,2.0,4s_windows_50pct_overlap,unused,45,False,False,False
Subject00|rest|Subject00_1.edf|92.000|96.000,Subject00,rest,0,Subject00_1.edf,92.0,96.0,182.0,False,4.0,2.0,4s_windows_50pct_overlap,unused,46,False,False,False
Subject00|rest|Subject00_1.edf|94.000|98.000,Subject00,rest,0,Subject00_1.edf,94.0,98.0,182.0,False,4.0,2.0,4s_windows_50pct_overlap,unused,47,False,False,False
Subject00|rest|Subject00_1.edf|96.000|100.000,Subject00,rest,0,Subject00_1.edf,96.0,100.0,182.0,False,4.0,2.0,4s_windows_50pct_overlap,unused,48,False,False,False
Subject00|rest|Subject00_1.edf|98.000|102.000,Subject00,rest,0,Subject00_1.edf,98.0,102.0,182.0,False,4.0,2.0,4s_windows_50pct_overlap,unused,49,False,False,False
Subject00|rest|Subject00_1.edf|100.000|104.000,Subject00,rest,0,Subject00_1.edf,100.0,104.0,182.0,False,4.0,2.0,4s_windows_50pct_overlap,unused,50,False,False,False
Subject00|rest|Subject00_1.edf|102.000|106.000,Subject00,rest,0,Subject00_1.edf,102.0,106.0,182.0,False,4.0,2.0,4s_windows_50pct_overlap,unused,51,False,False,False
Subject00|rest|Subject00_1.edf|104.000|108.000,Subject00,rest,0,Subject00_1.edf,104.0,108.0,182.0,False,4.0,2.0,4s_windows_50pct_overlap,unused,52,False,False,False
Subject00|rest|Subject00_1.edf|106.000|110.000,Subject00,rest,0,Subject00_1.edf,106.0,110.0,182.0,False,4.0,2.0,4s_windows_50pct_overlap,unused,53,False,False,False
Subject00|rest|Subject00_1.edf|108.000|112.000,Subject00,rest,0,Subject00_1.edf,108.0,112.0,182.0,False,4.0,2.0,4s_windows_50pct_overlap,unused,54,False,False,False
Subject00|rest|Subject00_1.edf|110.000|114.000,Subject00,rest,0,Subject00_1.edf,110.0,114.0,182.0,False,4.0,2.0,4s_windows_50pct_overlap,unused,55,False,False,False
Subject00|rest|Subject00_1.edf|112.000|116.000,Subject00,rest,0,Subject00_1.edf,112.0,116.0,182.0,False,4.0,2.0,4s_windows_50pct_overlap,unused,56,False,False,False
Subject00|rest|Subject00_1.edf|114.000|118.000,Subject00,rest,0,Subject00_1.edf,114.0,118.0,182.0,False,4.0,2.0,4s_windows_50pct_overlap,unused,57,False,False,False
Subject00|rest|Subject00_1.edf|116.000|120.000,Subject00,rest,0,Subject00_1.edf,116.0,120.0,182.0,False,4.0,2.0,4s_windows_50pct_overlap,unused,58,False,False,False
Subject00|rest|Subject00_1.edf|118.000|122.000,Subject00,rest,0,Subject00_1.edf,118.0,122.0,182.0,False,4.0,2.0,4s_windows_50pct_overlap,unused,59,False,False,False
Subject00|rest|Subject00_1.edf|120.000|124.000,Subject00,rest,0,Subject00_1.edf,120.0,124.0,182.0,False,4.0,2.0,4s_windows_50pct_overlap,unused,60,False,False,False
Subject00|rest|Subject00_1.edf|122.000|126.000,Subject00,rest,0,Subject00_1.edf,122.0,126.0,182.0,False,4.0,2.0,4s_windows_50pct_overlap,unused,61,False,False,False
Subject00|rest|Subject00_1.edf|124.000|128.000,Subject00,rest,0,Subject00_1.edf,124.0,128.0,182.0,False,4.0,2.0,4s_windows_50pct_overlap,unused,62,False,False,False
Subject00|rest|Subject00_1.edf|126.000|130.000,Subject00,rest,0,Subject00_1.edf,126.0,130.0,182.0,False,4.0,2.0,4s_windows_50pct_overlap,unused,63,False,False,False
Subject00|rest|Subject00_1.edf|128.000|132.000,Subject00,rest,0,Subject00_1.edf,128.0,132.0,182.0,False,4.0,2.0,4s_windows_50pct_overlap,unused,64,False,False,False
Subject00|rest|Subject00_1.edf|130.000|134.000,Subject00,rest,0,Subject00_1.edf,130.0,134.0,182.0,False,4.0,2.0,4s_windows_50pct_overlap,unused,65,False,False,False
Subject00|rest|Subject00_1.edf|132.000|136.000,Subject00,rest,0,Subject00_1.edf,132.0,136.0,182.0,False,4.0,2.0,4s_windows_50pct_overlap,unused,66,False,False,False
Subject00|rest|Subject00_1.edf|134.000|138.000,Subject00,rest,0,Subject00_1.edf,134.0,138.0,182.0,False,4.0,2.0,4s_windows_50pct_overlap,unused,67,False,False,False
Subject00|rest|Subject00_1.edf|136.000|140.000,Subject00,rest,0,Subject00_1.edf,136.0,140.0,182.0,False,4.0,2.0,4s_windows_50pct_overlap,unused,68,False,False,False
Subject00|rest|Subject00_1.edf|138.000|142.000,Subject00,rest,0,Subject00_1.edf,138.0,142.0,182.0,False,4.0,2.0,4s_windows_50pct_overlap,unused,69,False,False,False
Subject00|rest|Subject00_1.edf|140.000|144.000,Subject00,rest,0,Subject00_1.edf,140.0,144.0,182.0,False,4.0,2.0,4s_windows_50pct_overlap,unused,70,False,False,False
Subject00|rest|Subject00_1.edf|142.000|146.000,Subject00,rest,0,Subject00_1.edf,142.0,146.0,182.0,False,4.0,2.0,4s_windows_50pct_overlap,unused,71,False,False,False
Subject00|rest|Subject00_1.edf|144.000|148.000,Subject00,rest,0,Subject00_1.edf,144.0,148.0,182.0,False,4.0,2.0,4s_windows_50pct_overlap,unused,72,False,False,False
Subject00|rest|Subject00_1.edf|146.000|150.000,Subject00,rest,0,Subject00_1.edf,146.0,150.0,182.0,False,4.0,2.0,4s_windows_50pct_overlap,unused,73,False,False,False
Subject00|rest|Subject00_1.edf|148.000|152.000,Subject00,rest,0,Subject00_1.edf,148.0,152.0,182.0,False,4.0,2.0,4s_windows_50pct_overlap,unused,74,False,False,False
Subject00|rest|Subject00_1.edf|150.000|154.000,Subject00,rest,0,Subject00_1.edf,150.0,154.0,182.0,False,4.0,2.0,4s_windows_50pct_overlap,unused,75,False,False,False
Subject00|rest|Subject00_1.edf|152.000|156.000,Subject00,rest,0,Subject00_1.edf,152.0,156.0,182.0,False,4.0,2.0,4s_windows_50pct_overlap,unused,76,False,False,False
Subject00|rest|Subject00_1.edf|154.000|158.000,Subject00,rest,0,Subject00_1.edf,154.0,158.0,182.0,False,4.0,2.0,4s_windows_50pct_overlap,unused,77,False,False,False
Subject00|rest|Subject00_1.edf|156.000|160.000,Subject00,rest,0,Subject00_1.edf,156.0,160.0,182.0,False,4.0,2.0,4s_windows_50pct_overlap,unused,78,False,False,False
Subject00|rest|Subject00_1.edf|158.000|162.000,Subject00,rest,0,Subject00_1.edf,158.0,162.0,182.0,False,4.0,2.0,4s_windows_50pct_overlap,unused,79,False,False,False
Subject00|rest|Subject00_1.edf|160.000|164.000,Subject00,rest,0,Subject00_1.edf,160.0,164.0,182.0,False,4.0,2.0,4s_windows_50pct_overlap,unused,80,False,False,False
Subject00|rest|Subject00_1.edf|162.000|166.000,Subject00,rest,0,Subject00_1.edf,162.0,166.0,182.0,False,4.0,2.0,4s_windows_50pct_overlap,unused,81,False,False,False
Subject00|rest|Subject00_1.edf|164.000|168.000,Subject00,rest,0,Subject00_1.edf,164.0,168.0,182.0,False,4.0,2.0,4s_windows_50pct_overlap,unused,82,False,False,False
Subject00|rest|Subject00_1.edf|166.000|170.000,Subject00,rest,0,Subject00_1.edf,166.0,170.0,182.0,False,4.0,2.0,4s_windows_50pct_overlap,unused,83,False,False,False
Subject00|rest|Subject00_1.edf|168.000|172.000,Subject00,rest,0,Subject00_1.edf,168.0,172.0,182.0,False,4.0,2.0,4s_windows_50pct_overlap,unused,84,False,False,False
Subject00|rest|Subject00_1.edf|170.000|174.000,Subject00,rest,0,Subject00_1.edf,170.0,174.0,182.0,False,4.0,2.0,4s_windows_50pct_overlap,unused,85,False,False,False
Subject00|rest|Subject00_1.edf|172.000|176.000,Subject00,rest,0,Subject00_1.edf,172.0,176.0,182.0,False,4.0,2.0,4s_windows_50pct_overlap,unused,86,False,False,False
Subject00|rest|Subject00_1.edf|174.000|178.000,Subject00,rest,0,Subject00_1.edf,174.0,178.0,182.0,False,4.0,2.0,4s_windows_50pct_overlap,unused,87,False,False,False
Subject00|rest|Subject00_1.edf|176.000|180.000,Subject00,rest,0,Subject00_1.edf,176.0,180.0,182.0,False,4.0,2.0,4s_windows_50pct_overlap,unused,88,False,False,False
Subject00|rest|Subject00_1.edf|178.000|182.000,Subject00,rest,0,Subject00_1.edf,178.0,182.0,182.0,False,4.0,2.0,4s_windows_50pct_overlap,unused,89,False,False,False
Subject00|arithmetic|Subject00_2.edf|0.000|4.000,Subject00,arithmetic,1,Subject00_2.edf,0.0,4.0,62.0,False,4.0,2.0,4s_windows_50pct_overlap,scored_task,90,False,True,False
Subject00|arithmetic|Subject00_2.edf|2.000|6.000,Subject00,arithmetic,1,Subject00_2.edf,2.0,6.0,62.0,False,4.0,2.0,4s_windows_50pct_overlap,scored_task,91,False,True,False
Subject00|arithmetic|Subject00_2.edf|4.000|8.000,Subject00,arithmetic,1,Subject00_2.edf,4.0,8.0,62.0,False,4.0,2.0,4s_windows_50pct_overlap,scored_task,92,False,True,False
Subject00|arithmetic|Subject00_2.edf|6.000|10.000,Subject00,arithmetic,1,Subject00_2.edf,6.0,10.0,62.0,False,4.0,2.0,4s_windows_50pct_overlap,scored_task,93,False,True,False
Subject00|arithmetic|Subject00_2.edf|8.000|12.000,Subject00,arithmetic,1,Subject00_2.edf,8.0,12.0,62.0,False,4.0,2.0,4s_windows_50pct_overlap,scored_task,94,False,True,False
Subject00|arithmetic|Subject00_2.edf|10.000|14.000,Subject00,arithmetic,1,Subject00_2.edf,10.0,14.0,62.0,False,4.0,2.0,4s_windows_50pct_overlap,scored_task,95,False,True,False
Subject00|arithmetic|Subject00_2.edf|12.000|16.000,Subject00,arithmetic,1,Subject00_2.edf,12.0,16.0,62.0,False,4.0,2.0,4s_windows_50pct_overlap,scored_task,96,False,True,False
Subject00|arithmetic|Subject00_2.edf|14.000|18.000,Subject00,arithmetic,1,Subject00_2.edf,14.0,18.0,62.0,False,4.0,2.0,4s_windows_50pct_overlap,scored_task,97,False,True,False
Subject00|arithmetic|Subject00_2.edf|16.000|20.000,Subject00,arithmetic,1,Subject00_2.edf,16.0,20.0,62.0,False,4.0,2.0,4s_windows_50pct_overlap,scored_task,98,False,True,False
Subject00|arithmetic|Subject00_2.edf|18.000|22.000,Subject00,arithmetic,1,Subject00_2.edf,18.0,22.0,62.0,False,4.0,2.0,4s_windows_50pct_overlap,scored_task,99,False,True,False
Subject00|arithmetic|Subject00_2.edf|20.000|24.000,Subject00,arithmetic,1,Subject00_2.edf,20.0,24.0,62.0,False,4.0,2.0,4s_windows_50pct_overlap,scored_task,100,False,True,False
Subject00|arithmetic|Subject00_2.edf|22.000|26.000,Subject00,arithmetic,1,Subject00_2.edf,22.0,26.0,62.0,False,4.0,2.0,4s_windows_50pct_overlap,scored_task,101,False,True,False
Subject00|arithmetic|Subject00_2.edf|24.000|28.000,Subject00,arithmetic,1,Subject00_2.edf,24.0,28.0,62.0,False,4.0,2.0,4s_windows_50pct_overlap,scored_task,102,False,True,False
Subject00|arithmetic|Subject00_2.edf|26.000|30.000,Subject00,arithmetic,1,Subject00_2.edf,26.0,30.0,62.0,False,4.0,2.0,4s_windows_50pct_overlap,scored_task,103,False,True,False
Subject00|arithmetic|Subject00_2.edf|28.000|32.000,Subject00,arithmetic,1,Subject00_2.edf,28.0,32.0,62.0,False,4.0,2.0,4s_windows_50pct_overlap,unused,104,False,False,False
Subject00|arithmetic|Subject00_2.edf|30.000|34.000,Subject00,arithmetic,1,Subject00_2.edf,30.0,34.0,62.0,False,4.0,2.0,4s_windows_50pct_overlap,unused,105,False,False,False
Subject00|arithmetic|Subject00_2.edf|32.000|36.000,Subject00,arithmetic,1,Subject00_2.edf,32.0,36.0,62.0,False,4.0,2.0,4s_windows_50pct_overlap,unused,106,False,False,False
Subject00|arithmetic|Subject00_2.edf|34.000|38.000,Subject00,arithmetic,1,Subject00_2.edf,34.0,38.0,62.0,False,4.0,2.0,4s_windows_50pct_overlap,unused,107,False,False,False
Subject00|arithmetic|Subject00_2.edf|36.000|40.000,Subject00,arithmetic,1,Subject00_2.edf,36.0,40.0,62.0,False,4.0,2.0,4s_windows_50pct_overlap,unused,108,False,False,False
Subject00|arithmetic|Subject00_2.edf|38.000|42.000,Subject00,arithmetic,1,Subject00_2.edf,38.0,42.0,62.0,False,4.0,2.0,4s_windows_50pct_overlap,unused,109,False,False,False
Subject00|arithmetic|Subject00_2.edf|40.000|44.000,Subject00,arithmetic,1,Subject00_2.edf,40.0,44.0,62.0,False,4.0,2.0,4s_windows_50pct_overlap,unused,110,False,False,False
Subject00|arithmetic|Subject00_2.edf|42.000|46.000,Subject00,arithmetic,1,Subject00_2.edf,42.0,46.0,62.0,False,4.0,2.0,4s_windows_50pct_overlap,unused,111,False,False,False
Subject00|arithmetic|Subject00_2.edf|44.000|48.000,Subject00,arithmetic,1,Subject00_2.edf,44.0,48.0,62.0,False,4.0,2.0,4s_windows_50pct_overlap,unused,112,False,False,False
Subject00|arithmetic|Subject00_2.edf|46.000|50.000,Subject00,arithmetic,1,Subject00_2.edf,46.0,50.0,62.0,False,4.0,2.0,4s_windows_50pct_overlap,unused,113,False,False,False
Subject00|arithmetic|Subject00_2.edf|48.000|52.000,Subject00,arithmetic,1,Subject00_2.edf,48.0,52.0,62.0,False,4.0,2.0,4s_windows_50pct_overlap,unused,114,False,False,False
Subject00|arithmetic|Subject00_2.edf|50.000|54.000,Subject00,arithmetic,1,Subject00_2.edf,50.0,54.0,62.0,False,4.0,2.0,4s_windows_50pct_overlap,unused,115,False,False,False
Subject00|arithmetic|Subject00_2.edf|52.000|56.000,Subject00,arithmetic,1,Subject00_2.edf,52.0,56.0,62.0,False,4.0,2.0,4s_windows_50pct_overlap,unused,116,False,False,False
Subject00|arithmetic|Subject00_2.edf|54.000|58.000,Subject00,arithmetic,1,Subject00_2.edf,54.0,58.0,62.0,False,4.0,2.0,4s_windows_50pct_overlap,unused,117,False,False,False
Subject00|arithmetic|Subject00_2.edf|56.000|60.000,Subject00,arithmetic,1,Subject00_2.edf,56.0,60.0,62.0,False,4.0,2.0,4s_windows_50pct_overlap,unused,118,False,False,False
Subject00|arithmetic|Subject00_2.edf|58.000|62.000,Subject00,arithmetic,1,Subject00_2.edf,58.0,62.0,62.0,False,4.0,2.0,4s_windows_50pct_overlap,unused,119,False,False,False
Subject01|rest|Subject01_1.edf|0.000|4.000,Subject01,rest,0,Subject01_1.edf,0.0,4.0,182.0,False,4.0,2.0,4s_windows_50pct_overlap,calibration,120,True,False,False
Subject01|rest|Subject01_1.edf|2.000|6.000,Subject01,rest,0,Subject01_1.edf,2.0,6.0,182.0,False,4.0,2.0,4s_windows_50pct_overlap,calibration,121,True,False,False
Subject01|rest|Subject01_1.edf|4.000|8.000,Subject01,rest,0,Subject01_1.edf,4.0,8.0,182.0,False,4.0,2.0,4s_windows_50pct_overlap,calibration,122,True,False,False
Subject01|rest|Subject01_1.edf|6.000|10.000,Subject01,rest,0,Subject01_1.edf,6.0,10.0,182.0,False,4.0,2.0,4s_windows_50pct_overlap,calibration,123,True,False,False
Subject01|rest|Subject01_1.edf|8.000|12.000,Subject01,rest,0,Subject01_1.edf,8.0,12.0,182.0,False,4.0,2.0,4s_windows_50pct_overlap,calibration,124,True,False,False
Subject01|rest|Subject01_1.edf|10.000|14.000,Subject01,rest,0,Subject01_1.edf,10.0,14.0,182.0,False,4.0,2.0,4s_windows_50pct_overlap,calibration,125,True,False,False
Subject01|rest|Subject01_1.edf|12.000|16.000,Subject01,rest,0,Subject01_1.edf,12.0,16.0,182.0,False,4.0,2.0,4s_windows_50pct_overlap,calibration,126,True,False,False
Subject01|rest|Subject01_1.edf|14.000|18.000,Subject01,rest,0,Subject01_1.edf,14.0,18.0,182.0,False,4.0,2.0,4s_windows_50pct_overlap,calibration,127,True,False,False
Subject01|rest|Subject01_1.edf|16.000|20.000,Subject01,rest,0,Subject01_1.edf,16.0,20.0,182.0,False,4.0,2.0,4s_windows_50pct_overlap,calibration,128,True,False,False
Subject01|rest|Subject01_1.edf|18.000|22.000,Subject01,rest,0,Subject01_1.edf,18.0,22.0,182.0,False,4.0,2.0,4s_windows_50pct_overlap,calibration,129,True,False,False
Subject01|rest|Subject01_1.edf|20.000|24.000,Subject01,rest,0,Subject01_1.edf,20.0,24.0,182.0,False,4.0,2.0,4s_windows_50pct_overlap,calibration,130,True,False,False
Subject01|rest|Subject01_1.edf|22.000|26.000,Subject01,rest,0,Subject01_1.edf,22.0,26.0,182.0,False,4.0,2.0,4s_windows_50pct_overlap,calibration,131,True,False,False
Subject01|rest|Subject01_1.edf|24.000|28.000,Subject01,rest,0,Subject01_1.edf,24.0,28.0,182.0,False,4.0,2.0,4s_windows_50pct_overlap,calibration,132,True,False,False
Subject01|rest|Subject01_1.edf|26.000|30.000,Subject01,rest,0,Subject01_1.edf,26.0,30.0,182.0,False,4.0,2.0,4s_windows_50pct_overlap,calibration,133,True,False,False
Subject01|rest|Subject01_1.edf|28.000|32.000,Subject01,rest,0,Subject01_1.edf,28.0,32.0,182.0,False,4.0,2.0,4s_windows_50pct_overlap,unused,134,False,False,False
Subject01|rest|Subject01_1.edf|30.000|34.000,Subject01,rest,0,Subject01_1.edf,30.0,34.0,182.0,False,4.0,2.0,4s_windows_50pct_overlap,scored_rest,135,False,True,False
Subject01|rest|Subject01_1.edf|32.000|36.000,Subject01,rest,0,Subject01_1.edf,32.0,36.0,182.0,False,4.0,2.0,4s_windows_50pct_overlap,scored_rest,136,False,True,False
Subject01|rest|Subject01_1.edf|34.000|38.000,Subject01,rest,0,Subject01_1.edf,34.0,38.0,182.0,False,4.0,2.0,4s_windows_50pct_overlap,scored_rest,137,False,True,False
Subject01|rest|Subject01_1.edf|36.000|40.000,Subject01,rest,0,Subject01_1.edf,36.0,40.0,182.0,False,4.0,2.0,4s_windows_50pct_overlap,scored_rest,138,False,True,False
Subject01|rest|Subject01_1.edf|38.000|42.000,Subject01,rest,0,Subject01_1.edf,38.0,42.0,182.0,False,4.0,2.0,4s_windows_50pct_overlap,scored_rest,139,False,True,False
Subject01|rest|Subject01_1.edf|40.000|44.000,Subject01,rest,0,Subject01_1.edf,40.0,44.0,182.0,False,4.0,2.0,4s_windows_50pct_overlap,scored_rest,140,False,True,False
Subject01|rest|Subject01_1.edf|42.000|46.000,Subject01,rest,0,Subject01_1.edf,42.0,46.0,182.0,False,4.0,2.0,4s_windows_50pct_overlap,scored_rest,141,False,True,False
Subject01|rest|Subject01_1.edf|44.000|48.000,Subject01,rest,0,Subject01_1.edf,44.0,48.0,182.0,False,4.0,2.0,4s_windows_50pct_overlap,scored_rest,142,False,True,False
Subject01|rest|Subject01_1.edf|46.000|50.000,Subject01,rest,0,Subject01_1.edf,46.0,50.0,182.0,False,4.0,2.0,4s_windows_50pct_overlap,scored_rest,143,False,True,False
Subject01|rest|Subject01_1.edf|48.000|52.000,Subject01,rest,0,Subject01_1.edf,48.0,52.0,182.0,False,4.0,2.0,4s_windows_50pct_overlap,scored_rest,144,False,True,False
Subject01|rest|Subject01_1.edf|50.000|54.000,Subject01,rest,0,Subject01_1.edf,50.0,54.0,182.0,False,4.0,2.0,4s_windows_50pct_overlap,scored_rest,145,False,True,False
Subject01|rest|Subject01_1.edf|52.000|56.000,Subject01,rest,0,Subject01_1.edf,52.0,56.0,182.0,False,4.0,2.0,4s_windows_50pct_overlap,scored_rest,146,False,True,False
Subject01|rest|Subject01_1.edf|54.000|58.000,Subject01,rest,0,Subject01_1.edf,54.0,58.0,182.0,False,4.0,2.0,4s_windows_50pct_overlap,scored_rest,147,False,True,False
Subject01|rest|Subject01_1.edf|56.000|60.000,Subject01,rest,0,Subject01_1.edf,56.0,60.0,182.0,False,4.0,2.0,4s_windows_50pct_overlap,scored_rest,148,False,True,False
Subject01|rest|Subject01_1.edf|58.000|62.000,Subject01,rest,0,Subject01_1.edf,58.0,62.0,182.0,False,4.0,2.0,4s_windows_50pct_overlap,unused,149,False,False,False
Subject01|rest|Subject01_1.edf|60.000|64.000,Subject01,rest,0,Subject01_1.edf,60.0,64.0,182.0,False,4.0,2.0,4s_windows_50pct_overlap,unused,150,False,False,False
Subject01|rest|Subject01_1.edf|62.000|66.000,Subject01,rest,0,Subject01_1.edf,62.0,66.0,182.0,False,4.0,2.0,4s_windows_50pct_overlap,unused,151,False,False,False
Subject01|rest|Subject01_1.edf|64.000|68.000,Subject01,rest,0,Subject01_1.edf,64.0,68.0,182.0,False,4.0,2.0,4s_windows_50pct_overlap,unused,152,False,False,False
Subject01|rest|Subject01_1.edf|66.000|70.000,Subject01,rest,0,Subject01_1.edf,66.0,70.0,182.0,False,4.0,2.0,4s_windows_50pct_overlap,unused,153,False,False,False
Subject01|rest|Subject01_1.edf|68.000|72.000,Subject01,rest,0,Subject01_1.edf,68.0,72.0,182.0,False,4.0,2.0,4s_windows_50pct_overlap,unused,154,False,False,False
Subject01|rest|Subject01_1.edf|70.000|74.000,Subject01,rest,0,Subject01_1.edf,70.0,74.0,182.0,False,4.0,2.0,4s_windows_50pct_overlap,unused,155,False,False,False
Subject01|rest|Subject01_1.edf|72.000|76.000,Subject01,rest,0,Subject01_1.edf,72.0,76.0,182.0,False,4.0,2.0,4s_windows_50pct_overlap,unused,156,False,False,False
Subject01|rest|Subject01_1.edf|74.000|78.000,Subject01,rest,0,Subject01_1.edf,74.0,78.0,182.0,False,4.0,2.0,4s_windows_50pct_overlap,unused,157,False,False,False
Subject01|rest|Subject01_1.edf|76.000|80.000,Subject01,rest,0,Subject01_1.edf,76.0,80.0,182.0,False,4.0,2.0,4s_windows_50pct_overlap,unused,158,False,False,False
Subject01|rest|Subject01_1.edf|78.000|82.000,Subject01,rest,0,Subject01_1.edf,78.0,82.0,182.0,False,4.0,2.0,4s_windows_50pct_overlap,unused,159,False,False,False
Subject01|rest|Subject01_1.edf|80.000|84.000,Subject01,rest,0,Subject01_1.edf,80.0,84.0,182.0,False,4.0,2.0,4s_windows_50pct_overlap,unused,160,False,False,False
Subject01|rest|Subject01_1.edf|82.000|86.000,Subject01,rest,0,Subject01_1.edf,82.0,86.0,182.0,False,4.0,2.0,4s_windows_50pct_overlap,unused,161,False,False,False
Subject01|rest|Subject01_1.edf|84.000|88.000,Subject01,rest,0,Subject01_1.edf,84.0,88.0,182.0,False,4.0,2.0,4s_windows_50pct_overlap,unused,162,False,False,False
Subject01|rest|Subject01_1.edf|86.000|90.000,Subject01,rest,0,Subject01_1.edf,86.0,90.0,182.0,False,4.0,2.0,4s_windows_50pct_overlap,unused,163,False,False,False
Subject01|rest|Subject01_1.edf|88.000|92.000,Subject01,rest,0,Subject01_1.edf,88.0,92.0,182.0,False,4.0,2.0,4s_windows_50pct_overlap,unused,164,False,False,False
Subject01|rest|Subject01_1.edf|90.000|94.000,Subject01,rest,0,Subject01_1.edf,90.0,94.0,182.0,False,4.0,2.0,4s_windows_50pct_overlap,unused,165,False,False,False
Subject01|rest|Subject01_1.edf|92.000|96.000,Subject01,rest,0,Subject01_1.edf,92.0,96.0,182.0,False,4.0,2.0,4s_windows_50pct_overlap,unused,166,False,False,False
Subject01|rest|Subject01_1.edf|94.000|98.000,Subject01,rest,0,Subject01_1.edf,94.0,98.0,182.0,False,4.0,2.0,4s_windows_50pct_overlap,unused,167,False,False,False
Subject01|rest|Subject01_1.edf|96.000|100.000,Subject01,rest,0,Subject01_1.edf,96.0,100.0,182.0,False,4.0,2.0,4s_windows_50pct_overlap,unused,168,False,False,False
Subject01|rest|Subject01_1.edf|98.000|102.000,Subject01,rest,0,Subject01_1.edf,98.0,102.0,182.0,False,4.0,2.0,4s_windows_50pct_overlap,unused,169,False,False,False
Subject01|rest|Subject01_1.edf|100.000|104.000,Subject01,rest,0,Subject01_1.edf,100.0,104.0,182.0,False,4.0,2.0,4s_windows_50pct_overlap,unused,170,False,False,False
Subject01|rest|Subject01_1.edf|102.000|106.000,Subject01,rest,0,Subject01_1.edf,102.0,106.0,182.0,False,4.0,2.0,4s_windows_50pct_overlap,unused,171,False,False,False
Subject01|rest|Subject01_1.edf|104.000|108.000,Subject01,rest,0,Subject01_1.edf,104.0,108.0,182.0,False,4.0,2.0,4s_windows_50pct_overlap,unused,172,False,False,False
Subject01|rest|Subject01_1.edf|106.000|110.000,Subject01,rest,0,Subject01_1.edf,106.0,110.0,182.0,False,4.0,2.0,4s_windows_50pct_overlap,unused,173,False,False,False
Subject01|rest|Subject01_1.edf|108.000|112.000,Subject01,rest,0,Subject01_1.edf,108.0,112.0,182.0,False,4.0,2.0,4s_windows_50pct_overlap,unused,174,False,False,False
Subject01|rest|Subject01_1.edf|110.000|114.000,Subject01,rest,0,Subject01_1.edf,110.0,114.0,182.0,False,4.0,2.0,4s_windows_50pct_overlap,unused,175,False,False,False
Subject01|rest|Subject01_1.edf|112.000|116.000,Subject01,rest,0,Subject01_1.edf,112.0,116.0,182.0,False,4.0,2.0,4s_windows_50pct_overlap,unused,176,False,False,False
Subject01|rest|Subject01_1.edf|114.000|118.000,Subject01,rest,0,Subject01_1.edf,114.0,118.0,182.0,False,4.0,2.0,4s_windows_50pct_overlap,unused,177,False,False,False
Subject01|rest|Subject01_1.edf|116.000|120.000,Subject01,rest,0,Subject01_1.edf,116.0,120.0,182.0,False,4.0,2.0,4s_windows_50pct_overlap,unused,178,False,False,False
Subject01|rest|Subject01_1.edf|118.000|122.000,Subject01,rest,0,Subject01_1.edf,118.0,122.0,182.0,False,4.0,2.0,4s_windows_50pct_overlap,unused,179,False,False,False
Subject01|rest|Subject01_1.edf|120.000|124.000,Subject01,rest,0,Subject01_1.edf,120.0,124.0,182.0,False,4.0,2.0,4s_windows_50pct_overlap,unused,180,False,False,False
Subject01|rest|Subject01_1.edf|122.000|126.000,Subject01,rest,0,Subject01_1.edf,122.0,126.0,182.0,False,4.0,2.0,4s_windows_50pct_overlap,unused,181,False,False,False
Subject01|rest|Subject01_1.edf|124.000|128.000,Subject01,rest,0,Subject01_1.edf,124.0,128.0,182.0,False,4.0,2.0,4s_windows_50pct_overlap,unused,182,False,False,False
Subject01|rest|Subject01_1.edf|126.000|130.000,Subject01,rest,0,Subject01_1.edf,126.0,130.0,182.0,False,4.0,2.0,4s_windows_50pct_overlap,unused,183,False,False,False
Subject01|rest|Subject01_1.edf|128.000|132.000,Subject01,rest,0,Subject01_1.edf,128.0,132.0,182.0,False,4.0,2.0,4s_windows_50pct_overlap,unused,184,False,False,False
Subject01|rest|Subject01_1.edf|130.000|134.000,Subject01,rest,0,Subject01_1.edf,130.0,134.0,182.0,False,4.0,2.0,4s_windows_50pct_overlap,unused,185,False,False,False
Subject01|rest|Subject01_1.edf|132.000|136.000,Subject01,rest,0,Subject01_1.edf,132.0,136.0,182.0,False,4.0,2.0,4s_windows_50pct_overlap,unused,186,False,False,False
Subject01|rest|Subject01_1.edf|134.000|138.000,Subject01,rest,0,Subject01_1.edf,134.0,138.0,182.0,False,4.0,2.0,4s_windows_50pct_overlap,unused,187,False,False,False
Subject01|rest|Subject01_1.edf|136.000|140.000,Subject01,rest,0,Subject01_1.edf,136.0,140.0,182.0,False,4.0,2.0,4s_windows_50pct_overlap,unused,188,False,False,False
Subject01|rest|Subject01_1.edf|138.000|142.000,Subject01,rest,0,Subject01_1.edf,138.0,142.0,182.0,False,4.0,2.0,4s_windows_50pct_overlap,unused,189,False,False,False
Subject01|rest|Subject01_1.edf|140.000|144.000,Subject01,rest,0,Subject01_1.edf,140.0,144.0,182.0,False,4.0,2.0,4s_windows_50pct_overlap,unused,190,False,False,False
Subject01|rest|Subject01_1.edf|142.000|146.000,Subject01,rest,0,Subject01_1.edf,142.0,146.0,182.0,False,4.0,2.0,4s_windows_50pct_overlap,unused,191,False,False,False
Subject01|rest|Subject01_1.edf|144.000|148.000,Subject01,rest,0,Subject01_1.edf,144.0,148.0,182.0,False,4.0,2.0,4s_windows_50pct_overlap,unused,192,False,False,False
Subject01|rest|Subject01_1.edf|146.000|150.000,Subject01,rest,0,Subject01_1.edf,146.0,150.0,182.0,False,4.0,2.0,4s_windows_50pct_overlap,unused,193,False,False,False
Subject01|rest|Subject01_1.edf|148.000|152.000,Subject01,rest,0,Subject01_1.edf,148.0,152.0,182.0,False,4.0,2.0,4s_windows_50pct_overlap,unused,194,False,False,False
Subject01|rest|Subject01_1.edf|150.000|154.000,Subject01,rest,0,Subject01_1.edf,150.0,154.0,182.0,False,4.0,2.0,4s_windows_50pct_overlap,unused,195,False,False,False
Subject01|rest|Subject01_1.edf|152.000|156.000,Subject01,rest,0,Subject01_1.edf,152.0,156.0,182.0,False,4.0,2.0,4s_windows_50pct_overlap,unused,196,False,False,False
Subject01|rest|Subject01_1.edf|154.000|158.000,Subject01,rest,0,Subject01_1.edf,154.0,158.0,182.0,False,4.0,2.0,4s_windows_50pct_overlap,unused,197,False,False,False
Subject01|rest|Subject01_1.edf|156.000|160.000,Subject01,rest,0,Subject01_1.edf,156.0,160.0,182.0,False,4.0,2.0,4s_windows_50pct_overlap,unused,198,False,False,False
Subject01|rest|Subject01_1.edf|158.000|162.000,Subject01,rest,0,Subject01_1.edf,158.0,162.0,182.0,False,4.0,2.0,4s_windows_50pct_overlap,unused,199,False,False,False
Subject01|rest|Subject01_1.edf|160.000|164.000,Subject01,rest,0,Subject01_1.edf,160.0,164.0,182.0,False,4.0,2.0,4s_windows_50pct_overlap,unused,200,False,False,False
Subject01|rest|Subject01_1.edf|162.000|166.000,Subject01,rest,0,Subject01_1.edf,162.0,166.0,182.0,False,4.0,2.0,4s_windows_50pct_overlap,unused,201,False,False,False
Subject01|rest|Subject01_1.edf|164.000|168.000,Subject01,rest,0,Subject01_1.edf,164.0,168.0,182.0,False,4.0,2.0,4s_windows_50pct_overlap,unused,202,False,False,False
Subject01|rest|Subject01_1.edf|166.000|170.000,Subject01,rest,0,Subject01_1.edf,166.0,170.0,182.0,False,4.0,2.0,4s_windows_50pct_overlap,unused,203,False,False,False
Subject01|rest|Subject01_1.edf|168.000|172.000,Subject01,rest,0,Subject01_1.edf,168.0,172.0,182.0,False,4.0,2.0,4s_windows_50pct_overlap,unused,204,False,False,False
Subject01|rest|Subject01_1.edf|170.000|174.000,Subject01,rest,0,Subject01_1.edf,170.0,174.0,182.0,False,4.0,2.0,4s_windows_50pct_overlap,unused,205,False,False,False
Subject01|rest|Subject01_1.edf|172.000|176.000,Subject01,rest,0,Subject01_1.edf,172.0,176.0,182.0,False,4.0,2.0,4s_windows_50pct_overlap,unused,206,False,False,False
Subject01|rest|Subject01_1.edf|174.000|178.000,Subject01,rest,0,Subject01_1.edf,174.0,178.0,182.0,False,4.0,2.0,4s_windows_50pct_overlap,unused,207,False,False,False
Subject01|rest|Subject01_1.edf|176.000|180.000,Subject01,rest,0,Subject01_1.edf,176.0,180.0,182.0,False,4.0,2.0,4s_windows_50pct_overlap,unused,208,False,False,False
Subject01|rest|Subject01_1.edf|178.000|182.000,Subject01,rest,0,Subject01_1.edf,178.0,182.0,182.0,False,4.0,2.0,4s_windows_50pct_overlap,unused,209,False,False,False
Subject01|arithmetic|Subject01_2.edf|0.000|4.000,Subject01,arithmetic,1,Subject01_2.edf,0.0,4.0,62.0,False,4.0,2.0,4s_windows_50pct_overlap,scored_task,210,False,True,False
Subject01|arithmetic|Subject01_2.edf|2.000|6.000,Subject01,arithmetic,1,Subject01_2.edf,2.0,6.0,62.0,False,4.0,2.0,4s_windows_50pct_overlap,scored_task,211,False,True,False
Subject01|arithmetic|Subject01_2.edf|4.000|8.000,Subject01,arithmetic,1,Subject01_2.edf,4.0,8.0,62.0,False,4.0,2.0,4s_windows_50pct_overlap,scored_task,212,False,True,False
Subject01|arithmetic|Subject01_2.edf|6.000|10.000,Subject01,arithmetic,1,Subject01_2.edf,6.0,10.0,62.0,False,4.0,2.0,4s_windows_50pct_overlap,scored_task,213,False,True,False
Subject01|arithmetic|Subject01_2.edf|8.000|12.000,Subject01,arithmetic,1,Subject01_2.edf,8.0,12.0,62.0,False,4.0,2.0,4s_windows_50pct_overlap,scored_task,214,False,True,False
Subject01|arithmetic|Subject01_2.edf|10.000|14.000,Subject01,arithmetic,1,Subject01_2.edf,10.0,14.0,62.0,False,4.0,2.0,4s_windows_50pct_overlap,scored_task,215,False,True,False
Subject01|arithmetic|Subject01_2.edf|12.000|16.000,Subject01,arithmetic,1,Subject01_2.edf,12.0,16.0,62.0,False,4.0,2.0,4s_windows_50pct_overlap,scored_task,216,False,True,False
Subject01|arithmetic|Subject01_2.edf|14.000|18.000,Subject01,arithmetic,1,Subject01_2.edf,14.0,18.0,62.0,False,4.0,2.0,4s_windows_50pct_overlap,scored_task,217,False,True,False
Subject01|arithmetic|Subject01_2.edf|16.000|20.000,Subject01,arithmetic,1,Subject01_2.edf,16.0,20.0,62.0,False,4.0,2.0,4s_windows_50pct_overlap,scored_task,218,False,True,False
Subject01|arithmetic|Subject01_2.edf|18.000|22.000,Subject01,arithmetic,1,Subject01_2.edf,18.0,22.0,62.0,False,4.0,2.0,4s_windows_50pct_overlap,scored_task,219,False,True,False
Subject01|arithmetic|Subject01_2.edf|20.000|24.000,Subject01,arithmetic,1,Subject01_2.edf,20.0,24.0,62.0,False,4.0,2.0,4s_windows_50pct_overlap,scored_task,220,False,True,False
Subject01|arithmetic|Subject01_2.edf|22.000|26.000,Subject01,arithmetic,1,Subject01_2.edf,22.0,26.0,62.0,False,4.0,2.0,4s_windows_50pct_overlap,scored_task,221,False,True,False
Subject01|arithmetic|Subject01_2.edf|24.000|28.000,Subject01,arithmetic,1,Subject01_2.edf,24.0,28.0,62.0,False,4.0,2.0,4s_windows_50pct_overlap,scored_task,222,False,True,False
Subject01|arithmetic|Subject01_2.edf|26.000|30.000,Subject01,arithmetic,1,Subject01_2.edf,26.0,30.0,62.0,False,4.0,2.0,4s_windows_50pct_overlap,scored_task,223,False,True,False
Subject01|arithmetic|Subject01_2.edf|28.000|32.000,Subject01,arithmetic,1,Subject01_2.edf,28.0,32.0,62.0,False,4.0,2.0,4s_windows_50pct_overlap,unused,224,False,False,False
Subject01|arithmetic|Subject01_2.edf|30.000|34.000,Subject01,arithmetic,1,Subject01_2.edf,30.0,34.0,62.0,False,4.0,2.0,4s_windows_50pct_overlap,unused,225,False,False,False
Subject01|arithmetic|Subject01_2.edf|32.000|36.000,Subject01,arithmetic,1,Subject01_2.edf,32.0,36.0,62.0,False,4.0,2.0,4s_windows_50pct_overlap,unused,226,False,False,False
Subject01|arithmetic|Subject01_2.edf|34.000|38.000,Subject01,arithmetic,1,Subject01_2.edf,34.0,38.0,62.0,False,4.0,2.0,4s_windows_50pct_overlap,unused,227,False,False,False
Subject01|arithmetic|Subject01_2.edf|36.000|40.000,Subject01,arithmetic,1,Subject01_2.edf,36.0,40.0,62.0,False,4.0,2.0,4s_windows_50pct_overlap,unused,228,False,False,False
Subject01|arithmetic|Subject01_2.edf|38.000|42.000,Subject01,arithmetic,1,Subject01_2.edf,38.0,42.0,62.0,False,4.0,2.0,4s_windows_50pct_overlap,unused,229,False,False,False
Subject01|arithmetic|Subject01_2.edf|40.000|44.000,Subject01,arithmetic,1,Subject01_2.edf,40.0,44.0,62.0,False,4.0,2.0,4s_windows_50pct_overlap,unused,230,False,False,False
Subject01|arithmetic|Subject01_2.edf|42.000|46.000,Subject01,arithmetic,1,Subject01_2.edf,42.0,46.0,62.0,False,4.0,2.0,4s_windows_50pct_overlap,unused,231,False,False,False
Subject01|arithmetic|Subject01_2.edf|44.000|48.000,Subject01,arithmetic,1,Subject01_2.edf,44.0,48.0,62.0,False,4.0,2.0,4s_windows_50pct_overlap,unused,232,False,False,False
Subject01|arithmetic|Subject01_2.edf|46.000|50.000,Subject01,arithmetic,1,Subject01_2.edf,46.0,50.0,62.0,False,4.0,2.0,4s_windows_50pct_overlap,unused,233,False,False,False
Subject01|arithmetic|Subject01_2.edf|48.000|52.000,Subject01,arithmetic,1,Subject01_2.edf,48.0,52.0,62.0,False,4.0,2.0,4s_windows_50pct_overlap,unused,234,False,False,False
Subject01|arithmetic|Subject01_2.edf|50.000|54.000,Subject01,arithmetic,1,Subject01_2.edf,50.0,54.0,62.0,False,4.0,2.0,4s_windows_50pct_overlap,unused,235,False,False,False
Subject01|arithmetic|Subject01_2.edf|52.000|56.000,Subject01,arithmetic,1,Subject01_2.edf,52.0,56.0,62.0,False,4.0,2.0,4s_windows_50pct_overlap,unused,236,False,False,False
Subject01|arithmetic|Subject01_2.edf|54.000|58.000,Subject01,arithmetic,1,Subject01_2.edf,54.0,58.0,62.0,False,4.0,2.0,4s_windows_50pct_overlap,unused,237,False,False,False
Subject01|arithmetic|Subject01_2.edf|56.000|60.000,Subject01,arithmetic,1,Subject01_2.edf,56.0,60.0,62.0,False,4.0,2.0,4s_windows_50pct_overlap,unused,238,False,False,False
Subject01|arithmetic|Subject01_2.edf|58.000|62.000,Subject01,arithmetic,1,Subject01_2.edf,58.0,62.0,62.0,False,4.0,2.0,4s_windows_50pct_overlap,unused,239,False,False,False
Subject02|rest|Subject02_1.edf|0.000|4.000,Subject02,rest,0,Subject02_1.edf,0.0,4.0,182.0,False,4.0,2.0,4s_windows_50pct_overlap,calibration,240,True,False,False
Subject02|rest|Subject02_1.edf|2.000|6.000,Subject02,rest,0,Subject02_1.edf,2.0,6.0,182.0,False,4.0,2.0,4s_windows_50pct_overlap,calibration,241,True,False,False
Subject02|rest|Subject02_1.edf|4.000|8.000,Subject02,rest,0,Subject02_1.edf,4.0,8.0,182.0,False,4.0,2.0,4s_windows_50pct_overlap,calibration,242,True,False,False
Subject02|rest|Subject02_1.edf|6.000|10.000,Subject02,rest,0,Subject02_1.edf,6.0,10.0,182.0,False,4.0,2.0,4s_windows_50pct_overlap,calibration,243,True,False,False
Subject02|rest|Subject02_1.edf|8.000|12.000,Subject02,rest,0,Subject02_1.edf,8.0,12.0,182.0,False,4.0,2.0,4s_windows_50pct_overlap,calibration,244,True,False,False
Subject02|rest|Subject02_1.edf|10.000|14.000,Subject02,rest,0,Subject02_1.edf,10.0,14.0,182.0,False,4.0,2.0,4s_windows_50pct_overlap,calibration,245,True,False,False
Subject02|rest|Subject02_1.edf|12.000|16.000,Subject02,rest,0,Subject02_1.edf,12.0,16.0,182.0,False,4.0,2.0,4s_windows_50pct_overlap,calibration,246,True,False,False
Subject02|rest|Subject02_1.edf|14.000|18.000,Subject02,rest,0,Subject02_1.edf,14.0,18.0,182.0,False,4.0,2.0,4s_windows_50pct_overlap,calibration,247,True,False,False
Subject02|rest|Subject02_1.edf|16.000|20.000,Subject02,rest,0,Subject02_1.edf,16.0,20.0,182.0,False,4.0,2.0,4s_windows_50pct_overlap,calibration,248,True,False,False
Subject02|rest|Subject02_1.edf|18.000|22.000,Subject02,rest,0,Subject02_1.edf,18.0,22.0,182.0,False,4.0,2.0,4s_windows_50pct_overlap,calibration,249,True,False,False
Subject02|rest|Subject02_1.edf|20.000|24.000,Subject02,rest,0,Subject02_1.edf,20.0,24.0,182.0,False,4.0,2.0,4s_windows_50pct_overlap,calibration,250,True,False,False
Subject02|rest|Subject02_1.edf|22.000|26.000,Subject02,rest,0,Subject02_1.edf,22.0,26.0,182.0,False,4.0,2.0,4s_windows_50pct_overlap,calibration,251,True,False,False
Subject02|rest|Subject02_1.edf|24.000|28.000,Subject02,rest,0,Subject02_1.edf,24.0,28.0,182.0,False,4.0,2.0,4s_windows_50pct_overlap,calibration,252,True,False,False
Subject02|rest|Subject02_1.edf|26.000|30.000,Subject02,rest,0,Subject02_1.edf,26.0,30.0,182.0,False,4.0,2.0,4s_windows_50pct_overlap,calibration,253,True,False,False
Subject02|rest|Subject02_1.edf|28.000|32.000,Subject02,rest,0,Subject02_1.edf,28.0,32.0,182.0,False,4.0,2.0,4s_windows_50pct_overlap,unused,254,False,False,False
Subject02|rest|Subject02_1.edf|30.000|34.000,Subject02,rest,0,Subject02_1.edf,30.0,34.0,182.0,False,4.0,2.0,4s_windows_50pct_overlap,scored_rest,255,False,True,False
Subject02|rest|Subject02_1.edf|32.000|36.000,Subject02,rest,0,Subject02_1.edf,32.0,36.0,182.0,False,4.0,2.0,4s_windows_50pct_overlap,scored_rest,256,False,True,False
Subject02|rest|Subject02_1.edf|34.000|38.000,Subject02,rest,0,Subject02_1.edf,34.0,38.0,182.0,False,4.0,2.0,4s_windows_50pct_overlap,scored_rest,257,False,True,False
Subject02|rest|Subject02_1.edf|36.000|40.000,Subject02,rest,0,Subject02_1.edf,36.0,40.0,182.0,False,4.0,2.0,4s_windows_50pct_overlap,scored_rest,258,False,True,False
Subject02|rest|Subject02_1.edf|38.000|42.000,Subject02,rest,0,Subject02_1.edf,38.0,42.0,182.0,False,4.0,2.0,4s_windows_50pct_overlap,scored_rest,259,False,True,False
Subject02|rest|Subject02_1.edf|40.000|44.000,Subject02,rest,0,Subject02_1.edf,40.0,44.0,182.0,False,4.0,2.0,4s_windows_50pct_overlap,scored_rest,260,False,True,False
Subject02|rest|Subject02_1.edf|42.000|46.000,Subject02,rest,0,Subject02_1.edf,42.0,46.0,182.0,False,4.0,2.0,4s_windows_50pct_overlap,scored_rest,261,False,True,False
Subject02|rest|Subject02_1.edf|44.000|48.000,Subject02,rest,0,Subject02_1.edf,44.0,48.0,182.0,False,4.0,2.0,4s_windows_50pct_overlap,scored_rest,262,False,True,False
Subject02|rest|Subject02_1.edf|46.000|50.000,Subject02,rest,0,Subject02_1.edf,46.0,50.0,182.0,False,4.0,2.0,4s_windows_50pct_overlap,scored_rest,263,False,True,False
Subject02|rest|Subject02_1.edf|48.000|52.000,Subject02,rest,0,Subject02_1.edf,48.0,52.0,182.0,False,4.0,2.0,4s_windows_50pct_overlap,scored_rest,264,False,True,False
Subject02|rest|Subject02_1.edf|50.000|54.000,Subject02,rest,0,Subject02_1.edf,50.0,54.0,182.0,False,4.0,2.0,4s_windows_50pct_overlap,scored_rest,265,False,True,False
Subject02|rest|Subject02_1.edf|52.000|56.000,Subject02,rest,0,Subject02_1.edf,52.0,56.0,182.0,False,4.0,2.0,4s_windows_50pct_overlap,scored_rest,266,False,True,False
Subject02|rest|Subject02_1.edf|54.000|58.000,Subject02,rest,0,Subject02_1.edf,54.0,58.0,182.0,False,4.0,2.0,4s_windows_50pct_overlap,scored_rest,267,False,True,False
Subject02|rest|Subject02_1.edf|56.000|60.000,Subject02,rest,0,Subject02_1.edf,56.0,60.0,182.0,False,4.0,2.0,4s_windows_50pct_overlap,scored_rest,268,False,True,False
Subject02|rest|Subject02_1.edf|58.000|62.000,Subject02,rest,0,Subject02_1.edf,58.0,62.0,182.0,False,4.0,2.0,4s_windows_50pct_overlap,unused,269,False,False,False
Subject02|rest|Subject02_1.edf|60.000|64.000,Subject02,rest,0,Subject02_1.edf,60.0,64.0,182.0,False,4.0,2.0,4s_windows_50pct_overlap,unused,270,False,False,False
Subject02|rest|Subject02_1.edf|62.000|66.000,Subject02,rest,0,Subject02_1.edf,62.0,66.0,182.0,False,4.0,2.0,4s_windows_50pct_overlap,unused,271,False,False,False
Subject02|rest|Subject02_1.edf|64.000|68.000,Subject02,rest,0,Subject02_1.edf,64.0,68.0,182.0,False,4.0,2.0,4s_windows_50pct_overlap,unused,272,False,False,False
Subject02|rest|Subject02_1.edf|66.000|70.000,Subject02,rest,0,Subject02_1.edf,66.0,70.0,182.0,False,4.0,2.0,4s_windows_50pct_overlap,unused,273,False,False,False
Subject02|rest|Subject02_1.edf|68.000|72.000,Subject02,rest,0,Subject02_1.edf,68.0,72.0,182.0,False,4.0,2.0,4s_windows_50pct_overlap,unused,274,False,False,False
Subject02|rest|Subject02_1.edf|70.000|74.000,Subject02,rest,0,Subject02_1.edf,70.0,74.0,182.0,False,4.0,2.0,4s_windows_50pct_overlap,unused,275,False,False,False
Subject02|rest|Subject02_1.edf|72.000|76.000,Subject02,rest,0,Subject02_1.edf,72.0,76.0,182.0,False,4.0,2.0,4s_windows_50pct_overlap,unused,276,False,False,False
Subject02|rest|Subject02_1.edf|74.000|78.000,Subject02,rest,0,Subject02_1.edf,74.0,78.0,182.0,False,4.0,2.0,4s_windows_50pct_overlap,unused,277,False,False,False
Subject02|rest|Subject02_1.edf|76.000|80.000,Subject02,rest,0,Subject02_1.edf,76.0,80.0,182.0,False,4.0,2.0,4s_windows_50pct_overlap,unused,278,False,False,False
Subject02|rest|Subject02_1.edf|78.000|82.000,Subject02,rest,0,Subject02_1.edf,78.0,82.0,182.0,False,4.0,2.0,4s_windows_50pct_overlap,unused,279,False,False,False
Subject02|rest|Subject02_1.edf|80.000|84.000,Subject02,rest,0,Subject02_1.edf,80.0,84.0,182.0,False,4.0,2.0,4s_windows_50pct_overlap,unused,280,False,False,False
Subject02|rest|Subject02_1.edf|82.000|86.000,Subject02,rest,0,Subject02_1.edf,82.0,86.0,182.0,False,4.0,2.0,4s_windows_50pct_overlap,unused,281,False,False,False
Subject02|rest|Subject02_1.edf|84.000|88.000,Subject02,rest,0,Subject02_1.edf,84.0,88.0,182.0,False,4.0,2.0,4s_windows_50pct_overlap,unused,282,False,False,False
Subject02|rest|Subject02_1.edf|86.000|90.000,Subject02,rest,0,Subject02_1.edf,86.0,90.0,182.0,False,4.0,2.0,4s_windows_50pct_overlap,unused,283,False,False,False
Subject02|rest|Subject02_1.edf|88.000|92.000,Subject02,rest,0,Subject02_1.edf,88.0,92.0,182.0,False,4.0,2.0,4s_windows_50pct_overlap,unused,284,False,False,False
Subject02|rest|Subject02_1.edf|90.000|94.000,Subject02,rest,0,Subject02_1.edf,90.0,94.0,182.0,False,4.0,2.0,4s_windows_50pct_overlap,unused,285,False,False,False
Subject02|rest|Subject02_1.edf|92.000|96.000,Subject02,rest,0,Subject02_1.edf,92.0,96.0,182.0,False,4.0,2.0,4s_windows_50pct_overlap,unused,286,False,False,False
Subject02|rest|Subject02_1.edf|94.000|98.000,Subject02,rest,0,Subject02_1.edf,94.0,98.0,182.0,False,4.0,2.0,4s_windows_50pct_overlap,unused,287,False,False,False
Subject02|rest|Subject02_1.edf|96.000|100.000,Subject02,rest,0,Subject02_1.edf,96.0,100.0,182.0,False,4.0,2.0,4s_windows_50pct_overlap,unused,288,False,False,False
Subject02|rest|Subject02_1.edf|98.000|102.000,Subject02,rest,0,Subject02_1.edf,98.0,102.0,182.0,False,4.0,2.0,4s_windows_50pct_overlap,unused,289,False,False,False
Subject02|rest|Subject02_1.edf|100.000|104.000,Subject02,rest,0,Subject02_1.edf,100.0,104.0,182.0,False,4.0,2.0,4s_windows_50pct_overlap,unused,290,False,False,False
Subject02|rest|Subject02_1.edf|102.000|106.000,Subject02,rest,0,Subject02_1.edf,102.0,106.0,182.0,False,4.0,2.0,4s_windows_50pct_overlap,unused,291,False,False,False
Subject02|rest|Subject02_1.edf|104.000|108.000,Subject02,rest,0,Subject02_1.edf,104.0,108.0,182.0,False,4.0,2.0,4s_windows_50pct_overlap,unused,292,False,False,False
Subject02|rest|Subject02_1.edf|106.000|110.000,Subject02,rest,0,Subject02_1.edf,106.0,110.0,182.0,False,4.0,2.0,4s_windows_50pct_overlap,unused,293,False,False,False
Subject02|rest|Subject02_1.edf|108.000|112.000,Subject02,rest,0,Subject02_1.edf,108.0,112.0,182.0,False,4.0,2.0,4s_windows_50pct_overlap,unused,294,False,False,False
Subject02|rest|Subject02_1.edf|110.000|114.000,Subject02,rest,0,Subject02_1.edf,110.0,114.0,182.0,False,4.0,2.0,4s_windows_50pct_overlap,unused,295,False,False,False
Subject02|rest|Subject02_1.edf|112.000|116.000,Subject02,rest,0,Subject02_1.edf,112.0,116.0,182.0,False,4.0,2.0,4s_windows_50pct_overlap,unused,296,False,False,False
Subject02|rest|Subject02_1.edf|114.000|118.000,Subject02,rest,0,Subject02_1.edf,114.0,118.0,182.0,False,4.0,2.0,4s_windows_50pct_overlap,unused,297,False,False,False
Subject02|rest|Subject02_1.edf|116.000|120.000,Subject02,rest,0,Subject02_1.edf,116.0,120.0,182.0,False,4.0,2.0,4s_windows_50pct_overlap,unused,298,False,False,False
Subject02|rest|Subject02_1.edf|118.000|122.000,Subject02,rest,0,Subject02_1.edf,118.0,122.0,182.0,False,4.0,2.0,4s_windows_50pct_overlap,unused,299,False,False,False
Subject02|rest|Subject02_1.edf|120.000|124.000,Subject02,rest,0,Subject02_1.edf,120.0,124.0,182.0,False,4.0,2.0,4s_windows_50pct_overlap,unused,300,False,False,False
Subject02|rest|Subject02_1.edf|122.000|126.000,Subject02,rest,0,Subject02_1.edf,122.0,126.0,182.0,False,4.0,2.0,4s_windows_50pct_overlap,unused,301,False,False,False
Subject02|rest|Subject02_1.edf|124.000|128.000,Subject02,rest,0,Subject02_1.edf,124.0,128.0,182.0,False,4.0,2.0,4s_windows_50pct_overlap,unused,302,False,False,False
Subject02|rest|Subject02_1.edf|126.000|130.000,Subject02,rest,0,Subject02_1.edf,126.0,130.0,182.0,False,4.0,2.0,4s_windows_50pct_overlap,unused,303,False,False,False
Subject02|rest|Subject02_1.edf|128.000|132.000,Subject02,rest,0,Subject02_1.edf,128.0,132.0,182.0,False,4.0,2.0,4s_windows_50pct_overlap,unused,304,False,False,False
Subject02|rest|Subject02_1.edf|130.000|134.000,Subject02,rest,0,Subject02_1.edf,130.0,134.0,182.0,False,4.0,2.0,4s_windows_50pct_overlap,unused,305,False,False,False
Subject02|rest|Subject02_1.edf|132.000|136.000,Subject02,rest,0,Subject02_1.edf,132.0,136.0,182.0,False,4.0,2.0,4s_windows_50pct_overlap,unused,306,False,False,False
Subject02|rest|Subject02_1.edf|134.000|138.000,Subject02,rest,0,Subject02_1.edf,134.0,138.0,182.0,False,4.0,2.0,4s_windows_50pct_overlap,unused,307,False,False,False
Subject02|rest|Subject02_1.edf|136.000|140.000,Subject02,rest,0,Subject02_1.edf,136.0,140.0,182.0,False,4.0,2.0,4s_windows_50pct_overlap,unused,308,False,False,False
Subject02|rest|Subject02_1.edf|138.000|142.000,Subject02,rest,0,Subject02_1.edf,138.0,142.0,182.0,False,4.0,2.0,4s_windows_50pct_overlap,unused,309,False,False,False
Subject02|rest|Subject02_1.edf|140.000|144.000,Subject02,rest,0,Subject02_1.edf,140.0,144.0,182.0,False,4.0,2.0,4s_windows_50pct_overlap,unused,310,False,False,False
Subject02|rest|Subject02_1.edf|142.000|146.000,Subject02,rest,0,Subject02_1.edf,142.0,146.0,182.0,False,4.0,2.0,4s_windows_50pct_overlap,unused,311,False,False,False
Subject02|rest|Subject02_1.edf|144.000|148.000,Subject02,rest,0,Subject02_1.edf,144.0,148.0,182.0,False,4.0,2.0,4s_windows_50pct_overlap,unused,312,False,False,False
Subject02|rest|Subject02_1.edf|146.000|150.000,Subject02,rest,0,Subject02_1.edf,146.0,150.0,182.0,False,4.0,2.0,4s_windows_50pct_overlap,unused,313,False,False,False
Subject02|rest|Subject02_1.edf|148.000|152.000,Subject02,rest,0,Subject02_1.edf,148.0,152.0,182.0,False,4.0,2.0,4s_windows_50pct_overlap,unused,314,False,False,False
Subject02|rest|Subject02_1.edf|150.000|154.000,Subject02,rest,0,Subject02_1.edf,150.0,154.0,182.0,False,4.0,2.0,4s_windows_50pct_overlap,unused,315,False,False,False
Subject02|rest|Subject02_1.edf|152.000|156.000,Subject02,rest,0,Subject02_1.edf,152.0,156.0,182.0,False,4.0,2.0,4s_windows_50pct_overlap,unused,316,False,False,False
Subject02|rest|Subject02_1.edf|154.000|158.000,Subject02,rest,0,Subject02_1.edf,154.0,158.0,182.0,False,4.0,2.0,4s_windows_50pct_overlap,unused,317,False,False,False
Subject02|rest|Subject02_1.edf|156.000|160.000,Subject02,rest,0,Subject02_1.edf,156.0,160.0,182.0,False,4.0,2.0,4s_windows_50pct_overlap,unused,318,False,False,False
Subject02|rest|Subject02_1.edf|158.000|162.000,Subject02,rest,0,Subject02_1.edf,158.0,162.0,182.0,False,4.0,2.0,4s_windows_50pct_overlap,unused,319,False,False,False
Subject02|rest|Subject02_1.edf|160.000|164.000,Subject02,rest,0,Subject02_1.edf,160.0,164.0,182.0,False,4.0,2.0,4s_windows_50pct_overlap,unused,320,False,False,False
Subject02|rest|Subject02_1.edf|162.000|166.000,Subject02,rest,0,Subject02_1.edf,162.0,166.0,182.0,False,4.0,2.0,4s_windows_50pct_overlap,unused,321,False,False,False
Subject02|rest|Subject02_1.edf|164.000|168.000,Subject02,rest,0,Subject02_1.edf,164.0,168.0,182.0,False,4.0,2.0,4s_windows_50pct_overlap,unused,322,False,False,False
Subject02|rest|Subject02_1.edf|166.000|170.000,Subject02,rest,0,Subject02_1.edf,166.0,170.0,182.0,False,4.0,2.0,4s_windows_50pct_overlap,unused,323,False,False,False
Subject02|rest|Subject02_1.edf|168.000|172.000,Subject02,rest,0,Subject02_1.edf,168.0,172.0,182.0,False,4.0,2.0,4s_windows_50pct_overlap,unused,324,False,False,False
Subject02|rest|Subject02_1.edf|170.000|174.000,Subject02,rest,0,Subject02_1.edf,170.0,174.0,182.0,False,4.0,2.0,4s_windows_50pct_overlap,unused,325,False,False,False
Subject02|rest|Subject02_1.edf|172.000|176.000,Subject02,rest,0,Subject02_1.edf,172.0,176.0,182.0,False,4.0,2.0,4s_windows_50pct_overlap,unused,326,False,False,False
Subject02|rest|Subject02_1.edf|174.000|178.000,Subject02,rest,0,Subject02_1.edf,174.0,178.0,182.0,False,4.0,2.0,4s_windows_50pct_overlap,unused,327,False,False,False
Subject02|rest|Subject02_1.edf|176.000|180.000,Subject02,rest,0,Subject02_1.edf,176.0,180.0,182.0,False,4.0,2.0,4s_windows_50pct_overlap,unused,328,False,False,False
Subject02|rest|Subject02_1.edf|178.000|182.000,Subject02,rest,0,Subject02_1.edf,178.0,182.0,182.0,False,4.0,2.0,4s_windows_50pct_overlap,unused,329,False,False,False
Subject02|arithmetic|Subject02_2.edf|0.000|4.000,Subject02,arithmetic,1,Subject02_2.edf,0.0,4.0,62.0,False,4.0,2.0,4s_windows_50pct_overlap,scored_task,330,False,True,False
Subject02|arithmetic|Subject02_2.edf|2.000|6.000,Subject02,arithmetic,1,Subject02_2.edf,2.0,6.0,62.0,False,4.0,2.0,4s_windows_50pct_overlap,scored_task,331,False,True,False
Subject02|arithmetic|Subject02_2.edf|4.000|8.000,Subject02,arithmetic,1,Subject02_2.edf,4.0,8.0,62.0,False,4.0,2.0,4s_windows_50pct_overlap,scored_task,332,False,True,False
Subject02|arithmetic|Subject02_2.edf|6.000|10.000,Subject02,arithmetic,1,Subject02_2.edf,6.0,10.0,62.0,False,4.0,2.0,4s_windows_50pct_overlap,scored_task,333,False,True,False
Subject02|arithmetic|Subject02_2.edf|8.000|12.000,Subject02,arithmetic,1,Subject02_2.edf,8.0,12.0,62.0,False,4.0,2.0,4s_windows_50pct_overlap,scored_task,334,False,True,False
Subject02|arithmetic|Subject02_2.edf|10.000|14.000,Subject02,arithmetic,1,Subject02_2.edf,10.0,14.0,62.0,False,4.0,2.0,4s_windows_50pct_overlap,scored_task,335,False,True,False
Subject02|arithmetic|Subject02_2.edf|12.000|16.000,Subject02,arithmetic,1,Subject02_2.edf,12.0,16.0,62.0,False,4.0,2.0,4s_windows_50pct_overlap,scored_task,336,False,True,False
Subject02|arithmetic|Subject02_2.edf|14.000|18.000,Subject02,arithmetic,1,Subject02_2.edf,14.0,18.0,62.0,False,4.0,2.0,4s_windows_50pct_overlap,scored_task,337,False,True,False
Subject02|arithmetic|Subject02_2.edf|16.000|20.000,Subject02,arithmetic,1,Subject02_2.edf,16.0,20.0,62.0,False,4.0,2.0,4s_windows_50pct_overlap,scored_task,338,False,True,False
Subject02|arithmetic|Subject02_2.edf|18.000|22.000,Subject02,arithmetic,1,Subject02_2.edf,18.0,22.0,62.0,False,4.0,2.0,4s_windows_50pct_overlap,scored_task,339,False,True,False
Subject02|arithmetic|Subject02_2.edf|20.000|24.000,Subject02,arithmetic,1,Subject02_2.edf,20.0,24.0,62.0,False,4.0,2.0,4s_windows_50pct_overlap,scored_task,340,False,True,False
Subject02|arithmetic|Subject02_2.edf|22.000|26.000,Subject02,arithmetic,1,Subject02_2.edf,22.0,26.0,62.0,False,4.0,2.0,4s_windows_50pct_overlap,scored_task,341,False,True,False
Subject02|arithmetic|Subject02_2.edf|24.000|28.000,Subject02,arithmetic,1,Subject02_2.edf,24.0,28.0,62.0,False,4.0,2.0,4s_windows_50pct_overlap,scored_task,342,False,True,False
Subject02|arithmetic|Subject02_2.edf|26.000|30.000,Subject02,arithmetic,1,Subject02_2.edf,26.0,30.0,62.0,False,4.0,2.0,4s_windows_50pct_overlap,scored_task,343,False,True,False
Subject02|arithmetic|Subject02_2.edf|28.000|32.000,Subject02,arithmetic,1,Subject02_2.edf,28.0,32.0,62.0,False,4.0,2.0,4s_windows_50pct_overlap,unused,344,False,False,False
Subject02|arithmetic|Subject02_2.edf|30.000|34.000,Subject02,arithmetic,1,Subject02_2.edf,30.0,34.0,62.0,False,4.0,2.0,4s_windows_50pct_overlap,unused,345,False,False,False
Subject02|arithmetic|Subject02_2.edf|32.000|36.000,Subject02,arithmetic,1,Subject02_2.edf,32.0,36.0,62.0,False,4.0,2.0,4s_windows_50pct_overlap,unused,346,False,False,False
Subject02|arithmetic|Subject02_2.edf|34.000|38.000,Subject02,arithmetic,1,Subject02_2.edf,34.0,38.0,62.0,False,4.0,2.0,4s_windows_50pct_overlap,unused,347,False,False,False
Subject02|arithmetic|Subject02_2.edf|36.000|40.000,Subject02,arithmetic,1,Subject02_2.edf,36.0,40.0,62.0,False,4.0,2.0,4s_windows_50pct_overlap,unused,348,False,False,False
Subject02|arithmetic|Subject02_2.edf|38.000|42.000,Subject02,arithmetic,1,Subject02_2.edf,38.0,42.0,62.0,False,4.0,2.0,4s_windows_50pct_overlap,unused,349,False,False,False
Subject02|arithmetic|Subject02_2.edf|40.000|44.000,Subject02,arithmetic,1,Subject02_2.edf,40.0,44.0,62.0,False,4.0,2.0,4s_windows_50pct_overlap,unused,350,False,False,False
Subject02|arithmetic|Subject02_2.edf|42.000|46.000,Subject02,arithmetic,1,Subject02_2.edf,42.0,46.0,62.0,False,4.0,2.0,4s_windows_50pct_overlap,unused,351,False,False,False
Subject02|arithmetic|Subject02_2.edf|44.000|48.000,Subject02,arithmetic,1,Subject02_2.edf,44.0,48.0,62.0,False,4.0,2.0,4s_windows_50pct_overlap,unused,352,False,False,False
Subject02|arithmetic|Subject02_2.edf|46.000|50.000,Subject02,arithmetic,1,Subject02_2.edf,46.0,50.0,62.0,False,4.0,2.0,4s_windows_50pct_overlap,unused,353,False,False,False
Subject02|arithmetic|Subject02_2.edf|48.000|52.000,Subject02,arithmetic,1,Subject02_2.edf,48.0,52.0,62.0,False,4.0,2.0,4s_windows_50pct_overlap,unused,354,False,False,False
Subject02|arithmetic|Subject02_2.edf|50.000|54.000,Subject02,arithmetic,1,Subject02_2.edf,50.0,54.0,62.0,False,4.0,2.0,4s_windows_50pct_overlap,unused,355,False,False,False
Subject02|arithmetic|Subject02_2.edf|52.000|56.000,Subject02,arithmetic,1,Subject02_2.edf,52.0,56.0,62.0,False,4.0,2.0,4s_windows_50pct_overlap,unused,356,False,False,False
Subject02|arithmetic|Subject02_2.edf|54.000|58.000,Subject02,arithmetic,1,Subject02_2.edf,54.0,58.0,62.0,False,4.0,2.0,4s_windows_50pct_overlap,unused,357,False,False,False
Subject02|arithmetic|Subject02_2.edf|56.000|60.000,Subject02,arithmetic,1,Subject02_2.edf,56.0,60.0,62.0,False,4.0,2.0,4s_windows_50pct_overlap,unused,358,False,False,False
Subject02|arithmetic|Subject02_2.edf|58.000|62.000,Subject02,arithmetic,1,Subject02_2.edf,58.0,62.0,62.0,False,4.0,2.0,4s_windows_50pct_overlap,unused,359,False,False,False
Subject03|rest|Subject03_1.edf|0.000|4.000,Subject03,rest,0,Subject03_1.edf,0.0,4.0,182.0,False,4.0,2.0,4s_windows_50pct_overlap,calibration,360,True,False,False
Subject03|rest|Subject03_1.edf|2.000|6.000,Subject03,rest,0,Subject03_1.edf,2.0,6.0,182.0,False,4.0,2.0,4s_windows_50pct_overlap,calibration,361,True,False,False
Subject03|rest|Subject03_1.edf|4.000|8.000,Subject03,rest,0,Subject03_1.edf,4.0,8.0,182.0,False,4.0,2.0,4s_windows_50pct_overlap,calibration,362,True,False,False
Subject03|rest|Subject03_1.edf|6.000|10.000,Subject03,rest,0,Subject03_1.edf,6.0,10.0,182.0,False,4.0,2.0,4s_windows_50pct_overlap,calibration,363,True,False,False
Subject03|rest|Subject03_1.edf|8.000|12.000,Subject03,rest,0,Subject03_1.edf,8.0,12.0,182.0,False,4.0,2.0,4s_windows_50pct_overlap,calibration,364,True,False,False
Subject03|rest|Subject03_1.edf|10.000|14.000,Subject03,rest,0,Subject03_1.edf,10.0,14.0,182.0,False,4.0,2.0,4s_windows_50pct_overlap,calibration,365,True,False,False
Subject03|rest|Subject03_1.edf|12.000|16.000,Subject03,rest,0,Subject03_1.edf,12.0,16.0,182.0,False,4.0,2.0,4s_windows_50pct_overlap,calibration,366,True,False,False
Subject03|rest|Subject03_1.edf|14.000|18.000,Subject03,rest,0,Subject03_1.edf,14.0,18.0,182.0,False,4.0,2.0,4s_windows_50pct_overlap,calibration,367,True,False,False
Subject03|rest|Subject03_1.edf|16.000|20.000,Subject03,rest,0,Subject03_1.edf,16.0,20.0,182.0,False,4.0,2.0,4s_windows_50pct_overlap,calibration,368,True,False,False
Subject03|rest|Subject03_1.edf|18.000|22.000,Subject03,rest,0,Subject03_1.edf,18.0,22.0,182.0,False,4.0,2.0,4s_windows_50pct_overlap,calibration,369,True,False,False
Subject03|rest|Subject03_1.edf|20.000|24.000,Subject03,rest,0,Subject03_1.edf,20.0,24.0,182.0,False,4.0,2.0,4s_windows_50pct_overlap,calibration,370,True,False,False
Subject03|rest|Subject03_1.edf|22.000|26.000,Subject03,rest,0,Subject03_1.edf,22.0,26.0,182.0,False,4.0,2.0,4s_windows_50pct_overlap,calibration,371,True,False,False
Subject03|rest|Subject03_1.edf|24.000|28.000,Subject03,rest,0,Subject03_1.edf,24.0,28.0,182.0,False,4.0,2.0,4s_windows_50pct_overlap,calibration,372,True,False,False
Subject03|rest|Subject03_1.edf|26.000|30.000,Subject03,rest,0,Subject03_1.edf,26.0,30.0,182.0,False,4.0,2.0,4s_windows_50pct_overlap,calibration,373,True,False,False
Subject03|rest|Subject03_1.edf|28.000|32.000,Subject03,rest,0,Subject03_1.edf,28.0,32.0,182.0,False,4.0,2.0,4s_windows_50pct_overlap,unused,374,False,False,False
Subject03|rest|Subject03_1.edf|30.000|34.000,Subject03,rest,0,Subject03_1.edf,30.0,34.0,182.0,False,4.0,2.0,4s_windows_50pct_overlap,scored_rest,375,False,True,False
Subject03|rest|Subject03_1.edf|32.000|36.000,Subject03,rest,0,Subject03_1.edf,32.0,36.0,182.0,False,4.0,2.0,4s_windows_50pct_overlap,scored_rest,376,False,True,False
Subject03|rest|Subject03_1.edf|34.000|38.000,Subject03,rest,0,Subject03_1.edf,34.0,38.0,182.0,False,4.0,2.0,4s_windows_50pct_overlap,scored_rest,377,False,True,False
Subject03|rest|Subject03_1.edf|36.000|40.000,Subject03,rest,0,Subject03_1.edf,36.0,40.0,182.0,False,4.0,2.0,4s_windows_50pct_overlap,scored_rest,378,False,True,False
Subject03|rest|Subject03_1.edf|38.000|42.000,Subject03,rest,0,Subject03_1.edf,38.0,42.0,182.0,False,4.0,2.0,4s_windows_50pct_overlap,scored_rest,379,False,True,False
Subject03|rest|Subject03_1.edf|40.000|44.000,Subject03,rest,0,Subject03_1.edf,40.0,44.0,182.0,False,4.0,2.0,4s_windows_50pct_overlap,scored_rest,380,False,True,False
Subject03|rest|Subject03_1.edf|42.000|46.000,Subject03,rest,0,Subject03_1.edf,42.0,46.0,182.0,False,4.0,2.0,4s_windows_50pct_overlap,scored_rest,381,False,True,False
Subject03|rest|Subject03_1.edf|44.000|48.000,Subject03,rest,0,Subject03_1.edf,44.0,48.0,182.0,False,4.0,2.0,4s_windows_50pct_overlap,scored_rest,382,False,True,False
Subject03|rest|Subject03_1.edf|46.000|50.000,Subject03,rest,0,Subject03_1.edf,46.0,50.0,182.0,False,4.0,2.0,4s_windows_50pct_overlap,scored_rest,383,False,True,False
Subject03|rest|Subject03_1.edf|48.000|52.000,Subject03,rest,0,Subject03_1.edf,48.0,52.0,182.0,False,4.0,2.0,4s_windows_50pct_overlap,scored_rest,384,False,True,False
Subject03|rest|Subject03_1.edf|50.000|54.000,Subject03,rest,0,Subject03_1.edf,50.0,54.0,182.0,False,4.0,2.0,4s_windows_50pct_overlap,scored_rest,385,False,True,False
Subject03|rest|Subject03_1.edf|52.000|56.000,Subject03,rest,0,Subject03_1.edf,52.0,56.0,182.0,False,4.0,2.0,4s_windows_50pct_overlap,scored_rest,386,False,True,False
Subject03|rest|Subject03_1.edf|54.000|58.000,Subject03,rest,0,Subject03_1.edf,54.0,58.0,182.0,False,4.0,2.0,4s_windows_50pct_overlap,scored_rest,387,False,True,False
Subject03|rest|Subject03_1.edf|56.000|60.000,Subject03,rest,0,Subject03_1.edf,56.0,60.0,182.0,False,4.0,2.0,4s_windows_50pct_overlap,scored_rest,388,False,True,False
Subject03|rest|Subject03_1.edf|58.000|62.000,Subject03,rest,0,Subject03_1.edf,58.0,62.0,182.0,False,4.0,2.0,4s_windows_50pct_overlap,unused,389,False,False,False
Subject03|rest|Subject03_1.edf|60.000|64.000,Subject03,rest,0,Subject03_1.edf,60.0,64.0,182.0,False,4.0,2.0,4s_windows_50pct_overlap,unused,390,False,False,False
Subject03|rest|Subject03_1.edf|62.000|66.000,Subject03,rest,0,Subject03_1.edf,62.0,66.0,182.0,False,4.0,2.0,4s_windows_50pct_overlap,unused,391,False,False,False
Subject03|rest|Subject03_1.edf|64.000|68.000,Subject03,rest,0,Subject03_1.edf,64.0,68.0,182.0,False,4.0,2.0,4s_windows_50pct_overlap,unused,392,False,False,False
Subject03|rest|Subject03_1.edf|66.000|70.000,Subject03,rest,0,Subject03_1.edf,66.0,70.0,182.0,False,4.0,2.0,4s_windows_50pct_overlap,unused,393,False,False,False
Subject03|rest|Subject03_1.edf|68.000|72.000,Subject03,rest,0,Subject03_1.edf,68.0,72.0,182.0,False,4.0,2.0,4s_windows_50pct_overlap,unused,394,False,False,False
Subject03|rest|Subject03_1.edf|70.000|74.000,Subject03,rest,0,Subject03_1.edf,70.0,74.0,182.0,False,4.0,2.0,4s_windows_50pct_overlap,unused,395,False,False,False
Subject03|rest|Subject03_1.edf|72.000|76.000,Subject03,rest,0,Subject03_1.edf,72.0,76.0,182.0,False,4.0,2.0,4s_windows_50pct_overlap,unused,396,False,False,False
Subject03|rest|Subject03_1.edf|74.000|78.000,Subject03,rest,0,Subject03_1.edf,74.0,78.0,182.0,False,4.0,2.0,4s_windows_50pct_overlap,unused,397,False,False,False
Subject03|rest|Subject03_1.edf|76.000|80.000,Subject03,rest,0,Subject03_1.edf,76.0,80.0,182.0,False,4.0,2.0,4s_windows_50pct_overlap,unused,398,False,False,False
Subject03|rest|Subject03_1.edf|78.000|82.000,Subject03,rest,0,Subject03_1.edf,78.0,82.0,182.0,False,4.0,2.0,4s_windows_50pct_overlap,unused,399,False,False,False
Subject03|rest|Subject03_1.edf|80.000|84.000,Subject03,rest,0,Subject03_1.edf,80.0,84.0,182.0,False,4.0,2.0,4s_windows_50pct_overlap,unused,400,False,False,False
Subject03|rest|Subject03_1.edf|82.000|86.000,Subject03,rest,0,Subject03_1.edf,82.0,86.0,182.0,False,4.0,2.0,4s_windows_50pct_overlap,unused,401,False,False,False
Subject03|rest|Subject03_1.edf|84.000|88.000,Subject03,rest,0,Subject03_1.edf,84.0,88.0,182.0,False,4.0,2.0,4s_windows_50pct_overlap,unused,402,False,False,False
Subject03|rest|Subject03_1.edf|86.000|90.000,Subject03,rest,0,Subject03_1.edf,86.0,90.0,182.0,False,4.0,2.0,4s_windows_50pct_overlap,unused,403,False,False,False
Subject03|rest|Subject03_1.edf|88.000|92.000,Subject03,rest,0,Subject03_1.edf,88.0,92.0,182.0,False,4.0,2.0,4s_windows_50pct_overlap,unused,404,False,False,False
Subject03|rest|Subject03_1.edf|90.000|94.000,Subject03,rest,0,Subject03_1.edf,90.0,94.0,182.0,False,4.0,2.0,4s_windows_50pct_overlap,unused,405,False,False,False
Subject03|rest|Subject03_1.edf|92.000|96.000,Subject03,rest,0,Subject03_1.edf,92.0,96.0,182.0,False,4.0,2.0,4s_windows_50pct_overlap,unused,406,False,False,False
Subject03|rest|Subject03_1.edf|94.000|98.000,Subject03,rest,0,Subject03_1.edf,94.0,98.0,182.0,False,4.0,2.0,4s_windows_50pct_overlap,unused,407,False,False,False
Subject03|rest|Subject03_1.edf|96.000|100.000,Subject03,rest,0,Subject03_1.edf,96.0,100.0,182.0,False,4.0,2.0,4s_windows_50pct_overlap,unused,408,False,False,False
Subject03|rest|Subject03_1.edf|98.000|102.000,Subject03,rest,0,Subject03_1.edf,98.0,102.0,182.0,False,4.0,2.0,4s_windows_50pct_overlap,unused,409,False,False,False
Subject03|rest|Subject03_1.edf|100.000|104.000,Subject03,rest,0,Subject03_1.edf,100.0,104.0,182.0,False,4.0,2.0,4s_windows_50pct_overlap,unused,410,False,False,False
Subject03|rest|Subject03_1.edf|102.000|106.000,Subject03,rest,0,Subject03_1.edf,102.0,106.0,182.0,False,4.0,2.0,4s_windows_50pct_overlap,unused,411,False,False,False
Subject03|rest|Subject03_1.edf|104.000|108.000,Subject03,rest,0,Subject03_1.edf,104.0,108.0,182.0,False,4.0,2.0,4s_windows_50pct_overlap,unused,412,False,False,False
Subject03|rest|Subject03_1.edf|106.000|110.000,Subject03,rest,0,Subject03_1.edf,106.0,110.0,182.0,False,4.0,2.0,4s_windows_50pct_overlap,unused,413,False,False,False
Subject03|rest|Subject03_1.edf|108.000|112.000,Subject03,rest,0,Subject03_1.edf,108.0,112.0,182.0,False,4.0,2.0,4s_windows_50pct_overlap,unused,414,False,False,False
Subject03|rest|Subject03_1.edf|110.000|114.000,Subject03,rest,0,Subject03_1.edf,110.0,114.0,182.0,False,4.0,2.0,4s_windows_50pct_overlap,unused,415,False,False,False
Subject03|rest|Subject03_1.edf|112.000|116.000,Subject03,rest,0,Subject03_1.edf,112.0,116.0,182.0,False,4.0,2.0,4s_windows_50pct_overlap,unused,416,False,False,False
Subject03|rest|Subject03_1.edf|114.000|118.000,Subject03,rest,0,Subject03_1.edf,114.0,118.0,182.0,False,4.0,2.0,4s_windows_50pct_overlap,unused,417,False,False,False
Subject03|rest|Subject03_1.edf|116.000|120.000,Subject03,rest,0,Subject03_1.edf,116.0,120.0,182.0,False,4.0,2.0,4s_windows_50pct_overlap,unused,418,False,False,False
Subject03|rest|Subject03_1.edf|118.000|122.000,Subject03,rest,0,Subject03_1.edf,118.0,122.0,182.0,False,4.0,2.0,4s_windows_50pct_overlap,unused,419,False,False,False
Subject03|rest|Subject03_1.edf|120.000|124.000,Subject03,rest,0,Subject03_1.edf,120.0,124.0,182.0,False,4.0,2.0,4s_windows_50pct_overlap,unused,420,False,False,False
Subject03|rest|Subject03_1.edf|122.000|126.000,Subject03,rest,0,Subject03_1.edf,122.0,126.0,182.0,False,4.0,2.0,4s_windows_50pct_overlap,unused,421,False,False,False
Subject03|rest|Subject03_1.edf|124.000|128.000,Subject03,rest,0,Subject03_1.edf,124.0,128.0,182.0,False,4.0,2.0,4s_windows_50pct_overlap,unused,422,False,False,False
Subject03|rest|Subject03_1.edf|126.000|130.000,Subject03,rest,0,Subject03_1.edf,126.0,130.0,182.0,False,4.0,2.0,4s_windows_50pct_overlap,unused,423,False,False,False
Subject03|rest|Subject03_1.edf|128.000|132.000,Subject03,rest,0,Subject03_1.edf,128.0,132.0,182.0,False,4.0,2.0,4s_windows_50pct_overlap,unused,424,False,False,False
Subject03|rest|Subject03_1.edf|130.000|134.000,Subject03,rest,0,Subject03_1.edf,130.0,134.0,182.0,False,4.0,2.0,4s_windows_50pct_overlap,unused,425,False,False,False
Subject03|rest|Subject03_1.edf|132.000|136.000,Subject03,rest,0,Subject03_1.edf,132.0,136.0,182.0,False,4.0,2.0,4s_windows_50pct_overlap,unused,426,False,False,False
Subject03|rest|Subject03_1.edf|134.000|138.000,Subject03,rest,0,Subject03_1.edf,134.0,138.0,182.0,False,4.0,2.0,4s_windows_50pct_overlap,unused,427,False,False,False
Subject03|rest|Subject03_1.edf|136.000|140.000,Subject03,rest,0,Subject03_1.edf,136.0,140.0,182.0,False,4.0,2.0,4s_windows_50pct_overlap,unused,428,False,False,False
Subject03|rest|Subject03_1.edf|138.000|142.000,Subject03,rest,0,Subject03_1.edf,138.0,142.0,182.0,False,4.0,2.0,4s_windows_50pct_overlap,unused,429,False,False,False
Subject03|rest|Subject03_1.edf|140.000|144.000,Subject03,rest,0,Subject03_1.edf,140.0,144.0,182.0,False,4.0,2.0,4s_windows_50pct_overlap,unused,430,False,False,False
Subject03|rest|Subject03_1.edf|142.000|146.000,Subject03,rest,0,Subject03_1.edf,142.0,146.0,182.0,False,4.0,2.0,4s_windows_50pct_overlap,unused,431,False,False,False
Subject03|rest|Subject03_1.edf|144.000|148.000,Subject03,rest,0,Subject03_1.edf,144.0,148.0,182.0,False,4.0,2.0,4s_windows_50pct_overlap,unused,432,False,False,False
Subject03|rest|Subject03_1.edf|146.000|150.000,Subject03,rest,0,Subject03_1.edf,146.0,150.0,182.0,False,4.0,2.0,4s_windows_50pct_overlap,unused,433,False,False,False
Subject03|rest|Subject03_1.edf|148.000|152.000,Subject03,rest,0,Subject03_1.edf,148.0,152.0,182.0,False,4.0,2.0,4s_windows_50pct_overlap,unused,434,False,False,False
Subject03|rest|Subject03_1.edf|150.000|154.000,Subject03,rest,0,Subject03_1.edf,150.0,154.0,182.0,False,4.0,2.0,4s_windows_50pct_overlap,unused,435,False,False,False
Subject03|rest|Subject03_1.edf|152.000|156.000,Subject03,rest,0,Subject03_1.edf,152.0,156.0,182.0,False,4.0,2.0,4s_windows_50pct_overlap,unused,436,False,False,False
Subject03|rest|Subject03_1.edf|154.000|158.000,Subject03,rest,0,Subject03_1.edf,154.0,158.0,182.0,False,4.0,2.0,4s_windows_50pct_overlap,unused,437,False,False,False
Subject03|rest|Subject03_1.edf|156.000|160.000,Subject03,rest,0,Subject03_1.edf,156.0,160.0,182.0,False,4.0,2.0,4s_windows_50pct_overlap,unused,438,False,False,False
Subject03|rest|Subject03_1.edf|158.000|162.000,Subject03,rest,0,Subject03_1.edf,158.0,162.0,182.0,False,4.0,2.0,4s_windows_50pct_overlap,unused,439,False,False,False
Subject03|rest|Subject03_1.edf|160.000|164.000,Subject03,rest,0,Subject03_1.edf,160.0,164.0,182.0,False,4.0,2.0,4s_windows_50pct_overlap,unused,440,False,False,False
Subject03|rest|Subject03_1.edf|162.000|166.000,Subject03,rest,0,Subject03_1.edf,162.0,166.0,182.0,False,4.0,2.0,4s_windows_50pct_overlap,unused,441,False,False,False
Subject03|rest|Subject03_1.edf|164.000|168.000,Subject03,rest,0,Subject03_1.edf,164.0,168.0,182.0,False,4.0,2.0,4s_windows_50pct_overlap,unused,442,False,False,False
Subject03|rest|Subject03_1.edf|166.000|170.000,Subject03,rest,0,Subject03_1.edf,166.0,170.0,182.0,False,4.0,2.0,4s_windows_50pct_overlap,unused,443,False,False,False
Subject03|rest|Subject03_1.edf|168.000|172.000,Subject03,rest,0,Subject03_1.edf,168.0,172.0,182.0,False,4.0,2.0,4s_windows_50pct_overlap,unused,444,False,False,False
Subject03|rest|Subject03_1.edf|170.000|174.000,Subject03,rest,0,Subject03_1.edf,170.0,174.0,182.0,False,4.0,2.0,4s_windows_50pct_overlap,unused,445,False,False,False
Subject03|rest|Subject03_1.edf|172.000|176.000,Subject03,rest,0,Subject03_1.edf,172.0,176.0,182.0,False,4.0,2.0,4s_windows_50pct_overlap,unused,446,False,False,False
Subject03|rest|Subject03_1.edf|174.000|178.000,Subject03,rest,0,Subject03_1.edf,174.0,178.0,182.0,False,4.0,2.0,4s_windows_50pct_overlap,unused,447,False,False,False
Subject03|rest|Subject03_1.edf|176.000|180.000,Subject03,rest,0,Subject03_1.edf,176.0,180.0,182.0,False,4.0,2.0,4s_windows_50pct_overlap,unused,448,False,False,False
Subject03|rest|Subject03_1.edf|178.000|182.000,Subject03,rest,0,Subject03_1.edf,178.0,182.0,182.0,False,4.0,2.0,4s_windows_50pct_overlap,unused,449,False,False,False
Subject03|arithmetic|Subject03_2.edf|0.000|4.000,Subject03,arithmetic,1,Subject03_2.edf,0.0,4.0,62.0,False,4.0,2.0,4s_windows_50pct_overlap,scored_task,450,False,True,False
Subject03|arithmetic|Subject03_2.edf|2.000|6.000,Subject03,arithmetic,1,Subject03_2.edf,2.0,6.0,62.0,False,4.0,2.0,4s_windows_50pct_overlap,scored_task,451,False,True,False
Subject03|arithmetic|Subject03_2.edf|4.000|8.000,Subject03,arithmetic,1,Subject03_2.edf,4.0,8.0,62.0,False,4.0,2.0,4s_windows_50pct_overlap,scored_task,452,False,True,False
Subject03|arithmetic|Subject03_2.edf|6.000|10.000,Subject03,arithmetic,1,Subject03_2.edf,6.0,10.0,62.0,False,4.0,2.0,4s_windows_50pct_overlap,scored_task,453,False,True,False
Subject03|arithmetic|Subject03_2.edf|8.000|12.000,Subject03,arithmetic,1,Subject03_2.edf,8.0,12.0,62.0,False,4.0,2.0,4s_windows_50pct_overlap,scored_task,454,False,True,False
Subject03|arithmetic|Subject03_2.edf|10.000|14.000,Subject03,arithmetic,1,Subject03_2.edf,10.0,14.0,62.0,False,4.0,2.0,4s_windows_50pct_overlap,scored_task,455,False,True,False
Subject03|arithmetic|Subject03_2.edf|12.000|16.000,Subject03,arithmetic,1,Subject03_2.edf,12.0,16.0,62.0,False,4.0,2.0,4s_windows_50pct_overlap,scored_task,456,False,True,False
Subject03|arithmetic|Subject03_2.edf|14.000|18.000,Subject03,arithmetic,1,Subject03_2.edf,14.0,18.0,62.0,False,4.0,2.0,4s_windows_50pct_overlap,scored_task,457,False,True,False
Subject03|arithmetic|Subject03_2.edf|16.000|20.000,Subject03,arithmetic,1,Subject03_2.edf,16.0,20.0,62.0,False,4.0,2.0,4s_windows_50pct_overlap,scored_task,458,False,True,False
Subject03|arithmetic|Subject03_2.edf|18.000|22.000,Subject03,arithmetic,1,Subject03_2.edf,18.0,22.0,62.0,False,4.0,2.0,4s_windows_50pct_overlap,scored_task,459,False,True,False
Subject03|arithmetic|Subject03_2.edf|20.000|24.000,Subject03,arithmetic,1,Subject03_2.edf,20.0,24.0,62.0,False,4.0,2.0,4s_windows_50pct_overlap,scored_task,460,False,True,False
Subject03|arithmetic|Subject03_2.edf|22.000|26.000,Subject03,arithmetic,1,Subject03_2.edf,22.0,26.0,62.0,False,4.0,2.0,4s_windows_50pct_overlap,scored_task,461,False,True,False
Subject03|arithmetic|Subject03_2.edf|24.000|28.000,Subject03,arithmetic,1,Subject03_2.edf,24.0,28.0,62.0,False,4.0,2.0,4s_windows_50pct_overlap,scored_task,462,False,True,False
Subject03|arithmetic|Subject03_2.edf|26.000|30.000,Subject03,arithmetic,1,Subject03_2.edf,26.0,30.0,62.0,False,4.0,2.0,4s_windows_50pct_overlap,scored_task,463,False,True,False
Subject03|arithmetic|Subject03_2.edf|28.000|32.000,Subject03,arithmetic,1,Subject03_2.edf,28.0,32.0,62.0,False,4.0,2.0,4s_windows_50pct_overlap,unused,464,False,False,False
Subject03|arithmetic|Subject03_2.edf|30.000|34.000,Subject03,arithmetic,1,Subject03_2.edf,30.0,34.0,62.0,False,4.0,2.0,4s_windows_50pct_overlap,unused,465,False,False,False
Subject03|arithmetic|Subject03_2.edf|32.000|36.000,Subject03,arithmetic,1,Subject03_2.edf,32.0,36.0,62.0,False,4.0,2.0,4s_windows_50pct_overlap,unused,466,False,False,False
Subject03|arithmetic|Subject03_2.edf|34.000|38.000,Subject03,arithmetic,1,Subject03_2.edf,34.0,38.0,62.0,False,4.0,2.0,4s_windows_50pct_overlap,unused,467,False,False,False
Subject03|arithmetic|Subject03_2.edf|36.000|40.000,Subject03,arithmetic,1,Subject03_2.edf,36.0,40.0,62.0,False,4.0,2.0,4s_windows_50pct_overlap,unused,468,False,False,False
Subject03|arithmetic|Subject03_2.edf|38.000|42.000,Subject03,arithmetic,1,Subject03_2.edf,38.0,42.0,62.0,False,4.0,2.0,4s_windows_50pct_overlap,unused,469,False,False,False
Subject03|arithmetic|Subject03_2.edf|40.000|44.000,Subject03,arithmetic,1,Subject03_2.edf,40.0,44.0,62.0,False,4.0,2.0,4s_windows_50pct_overlap,unused,470,False,False,False
Subject03|arithmetic|Subject03_2.edf|42.000|46.000,Subject03,arithmetic,1,Subject03_2.edf,42.0,46.0,62.0,False,4.0,2.0,4s_windows_50pct_overlap,unused,471,False,False,False
Subject03|arithmetic|Subject03_2.edf|44.000|48.000,Subject03,arithmetic,1,Subject03_2.edf,44.0,48.0,62.0,False,4.0,2.0,4s_windows_50pct_overlap,unused,472,False,False,False
Subject03|arithmetic|Subject03_2.edf|46.000|50.000,Subject03,arithmetic,1,Subject03_2.edf,46.0,50.0,62.0,False,4.0,2.0,4s_windows_50pct_overlap,unused,473,False,False,False
Subject03|arithmetic|Subject03_2.edf|48.000|52.000,Subject03,arithmetic,1,Subject03_2.edf,48.0,52.0,62.0,False,4.0,2.0,4s_windows_50pct_overlap,unused,474,False,False,False
Subject03|arithmetic|Subject03_2.edf|50.000|54.000,Subject03,arithmetic,1,Subject03_2.edf,50.0,54.0,62.0,False,4.0,2.0,4s_windows_50pct_overlap,unused,475,False,False,False
Subject03|arithmetic|Subject03_2.edf|52.000|56.000,Subject03,arithmetic,1,Subject03_2.edf,52.0,56.0,62.0,False,4.0,2.0,4s_windows_50pct_overlap,unused,476,False,False,False
Subject03|arithmetic|Subject03_2.edf|54.000|58.000,Subject03,arithmetic,1,Subject03_2.edf,54.0,58.0,62.0,False,4.0,2.0,4s_windows_50pct_overlap,unused,477,False,False,False
Subject03|arithmetic|Subject03_2.edf|56.000|60.000,Subject03,arithmetic,1,Subject03_2.edf,56.0,60.0,62.0,False,4.0,2.0,4s_windows_50pct_overlap,unused,478,False,False,False
Subject03|arithmetic|Subject03_2.edf|58.000|62.000,Subject03,arithmetic,1,Subject03_2.edf,58.0,62.0,62.0,False,4.0,2.0,4s_windows_50pct_overlap,unused,479,False,False,False
Subject04|rest|Subject04_1.edf|0.000|4.000,Subject04,rest,0,Subject04_1.edf,0.0,4.0,170.0,False,4.0,2.0,4s_windows_50pct_overlap,calibration,480,True,False,False
Subject04|rest|Subject04_1.edf|2.000|6.000,Subject04,rest,0,Subject04_1.edf,2.0,6.0,170.0,False,4.0,2.0,4s_windows_50pct_overlap,calibration,481,True,False,False
Subject04|rest|Subject04_1.edf|4.000|8.000,Subject04,rest,0,Subject04_1.edf,4.0,8.0,170.0,False,4.0,2.0,4s_windows_50pct_overlap,calibration,482,True,False,False
Subject04|rest|Subject04_1.edf|6.000|10.000,Subject04,rest,0,Subject04_1.edf,6.0,10.0,170.0,False,4.0,2.0,4s_windows_50pct_overlap,calibration,483,True,False,False
Subject04|rest|Subject04_1.edf|8.000|12.000,Subject04,rest,0,Subject04_1.edf,8.0,12.0,170.0,False,4.0,2.0,4s_windows_50pct_overlap,calibration,484,True,False,False
Subject04|rest|Subject04_1.edf|10.000|14.000,Subject04,rest,0,Subject04_1.edf,10.0,14.0,170.0,False,4.0,2.0,4s_windows_50pct_overlap,calibration,485,True,False,False
Subject04|rest|Subject04_1.edf|12.000|16.000,Subject04,rest,0,Subject04_1.edf,12.0,16.0,170.0,False,4.0,2.0,4s_windows_50pct_overlap,calibration,486,True,False,False
Subject04|rest|Subject04_1.edf|14.000|18.000,Subject04,rest,0,Subject04_1.edf,14.0,18.0,170.0,False,4.0,2.0,4s_windows_50pct_overlap,calibration,487,True,False,False
Subject04|rest|Subject04_1.edf|16.000|20.000,Subject04,rest,0,Subject04_1.edf,16.0,20.0,170.0,False,4.0,2.0,4s_windows_50pct_overlap,calibration,488,True,False,False
Subject04|rest|Subject04_1.edf|18.000|22.000,Subject04,rest,0,Subject04_1.edf,18.0,22.0,170.0,False,4.0,2.0,4s_windows_50pct_overlap,calibration,489,True,False,False
Subject04|rest|Subject04_1.edf|20.000|24.000,Subject04,rest,0,Subject04_1.edf,20.0,24.0,170.0,False,4.0,2.0,4s_windows_50pct_overlap,calibration,490,True,False,False
Subject04|rest|Subject04_1.edf|22.000|26.000,Subject04,rest,0,Subject04_1.edf,22.0,26.0,170.0,False,4.0,2.0,4s_windows_50pct_overlap,calibration,491,True,False,False
Subject04|rest|Subject04_1.edf|24.000|28.000,Subject04,rest,0,Subject04_1.edf,24.0,28.0,170.0,False,4.0,2.0,4s_windows_50pct_overlap,calibration,492,True,False,False
Subject04|rest|Subject04_1.edf|26.000|30.000,Subject04,rest,0,Subject04_1.edf,26.0,30.0,170.0,False,4.0,2.0,4s_windows_50pct_overlap,calibration,493,True,False,False
Subject04|rest|Subject04_1.edf|28.000|32.000,Subject04,rest,0,Subject04_1.edf,28.0,32.0,170.0,False,4.0,2.0,4s_windows_50pct_overlap,unused,494,False,False,False
Subject04|rest|Subject04_1.edf|30.000|34.000,Subject04,rest,0,Subject04_1.edf,30.0,34.0,170.0,False,4.0,2.0,4s_windows_50pct_overlap,scored_rest,495,False,True,False
Subject04|rest|Subject04_1.edf|32.000|36.000,Subject04,rest,0,Subject04_1.edf,32.0,36.0,170.0,False,4.0,2.0,4s_windows_50pct_overlap,scored_rest,496,False,True,False
Subject04|rest|Subject04_1.edf|34.000|38.000,Subject04,rest,0,Subject04_1.edf,34.0,38.0,170.0,False,4.0,2.0,4s_windows_50pct_overlap,scored_rest,497,False,True,False
Subject04|rest|Subject04_1.edf|36.000|40.000,Subject04,rest,0,Subject04_1.edf,36.0,40.0,170.0,False,4.0,2.0,4s_windows_50pct_overlap,scored_rest,498,False,True,False
Subject04|rest|Subject04_1.edf|38.000|42.000,Subject04,rest,0,Subject04_1.edf,38.0,42.0,170.0,False,4.0,2.0,4s_windows_50pct_overlap,scored_rest,499,False,True,False
Subject04|rest|Subject04_1.edf|40.000|44.000,Subject04,rest,0,Subject04_1.edf,40.0,44.0,170.0,False,4.0,2.0,4s_windows_50pct_overlap,scored_rest,500,False,True,False
Subject04|rest|Subject04_1.edf|42.000|46.000,Subject04,rest,0,Subject04_1.edf,42.0,46.0,170.0,False,4.0,2.0,4s_windows_50pct_overlap,scored_rest,501,False,True,False
Subject04|rest|Subject04_1.edf|44.000|48.000,Subject04,rest,0,Subject04_1.edf,44.0,48.0,170.0,False,4.0,2.0,4s_windows_50pct_overlap,scored_rest,502,False,True,False
Subject04|rest|Subject04_1.edf|46.000|50.000,Subject04,rest,0,Subject04_1.edf,46.0,50.0,170.0,False,4.0,2.0,4s_windows_50pct_overlap,scored_rest,503,False,True,False
Subject04|rest|Subject04_1.edf|48.000|52.000,Subject04,rest,0,Subject04_1.edf,48.0,52.0,170.0,False,4.0,2.0,4s_windows_50pct_overlap,scored_rest,504,False,True,False
Subject04|rest|Subject04_1.edf|50.000|54.000,Subject04,rest,0,Subject04_1.edf,50.0,54.0,170.0,False,4.0,2.0,4s_windows_50pct_overlap,scored_rest,505,False,True,False
Subject04|rest|Subject04_1.edf|52.000|56.000,Subject04,rest,0,Subject04_1.edf,52.0,56.0,170.0,False,4.0,2.0,4s_windows_50pct_overlap,scored_rest,506,False,True,False
Subject04|rest|Subject04_1.edf|54.000|58.000,Subject04,rest,0,Subject04_1.edf,54.0,58.0,170.0,False,4.0,2.0,4s_windows_50pct_overlap,scored_rest,507,False,True,False
Subject04|rest|Subject04_1.edf|56.000|60.000,Subject04,rest,0,Subject04_1.edf,56.0,60.0,170.0,False,4.0,2.0,4s_windows_50pct_overlap,scored_rest,508,False,True,False
Subject04|rest|Subject04_1.edf|58.000|62.000,Subject04,rest,0,Subject04_1.edf,58.0,62.0,170.0,False,4.0,2.0,4s_windows_50pct_overlap,unused,509,False,False,False
Subject04|rest|Subject04_1.edf|60.000|64.000,Subject04,rest,0,Subject04_1.edf,60.0,64.0,170.0,False,4.0,2.0,4s_windows_50pct_overlap,unused,510,False,False,False
Subject04|rest|Subject04_1.edf|62.000|66.000,Subject04,rest,0,Subject04_1.edf,62.0,66.0,170.0,False,4.0,2.0,4s_windows_50pct_overlap,unused,511,False,False,False
Subject04|rest|Subject04_1.edf|64.000|68.000,Subject04,rest,0,Subject04_1.edf,64.0,68.0,170.0,False,4.0,2.0,4s_windows_50pct_overlap,unused,512,False,False,False
Subject04|rest|Subject04_1.edf|66.000|70.000,Subject04,rest,0,Subject04_1.edf,66.0,70.0,170.0,False,4.0,2.0,4s_windows_50pct_overlap,unused,513,False,False,False
Subject04|rest|Subject04_1.edf|68.000|72.000,Subject04,rest,0,Subject04_1.edf,68.0,72.0,170.0,False,4.0,2.0,4s_windows_50pct_overlap,unused,514,False,False,False
Subject04|rest|Subject04_1.edf|70.000|74.000,Subject04,rest,0,Subject04_1.edf,70.0,74.0,170.0,False,4.0,2.0,4s_windows_50pct_overlap,unused,515,False,False,False
Subject04|rest|Subject04_1.edf|72.000|76.000,Subject04,rest,0,Subject04_1.edf,72.0,76.0,170.0,False,4.0,2.0,4s_windows_50pct_overlap,unused,516,False,False,False
Subject04|rest|Subject04_1.edf|74.000|78.000,Subject04,rest,0,Subject04_1.edf,74.0,78.0,170.0,False,4.0,2.0,4s_windows_50pct_overlap,unused,517,False,False,False
Subject04|rest|Subject04_1.edf|76.000|80.000,Subject04,rest,0,Subject04_1.edf,76.0,80.0,170.0,False,4.0,2.0,4s_windows_50pct_overlap,unused,518,False,False,False
Subject04|rest|Subject04_1.edf|78.000|82.000,Subject04,rest,0,Subject04_1.edf,78.0,82.0,170.0,False,4.0,2.0,4s_windows_50pct_overlap,unused,519,False,False,False
Subject04|rest|Subject04_1.edf|80.000|84.000,Subject04,rest,0,Subject04_1.edf,80.0,84.0,170.0,False,4.0,2.0,4s_windows_50pct_overlap,unused,520,False,False,False
Subject04|rest|Subject04_1.edf|82.000|86.000,Subject04,rest,0,Subject04_1.edf,82.0,86.0,170.0,False,4.0,2.0,4s_windows_50pct_overlap,unused,521,False,False,False
Subject04|rest|Subject04_1.edf|84.000|88.000,Subject04,rest,0,Subject04_1.edf,84.0,88.0,170.0,False,4.0,2.0,4s_windows_50pct_overlap,unused,522,False,False,False
Subject04|rest|Subject04_1.edf|86.000|90.000,Subject04,rest,0,Subject04_1.edf,86.0,90.0,170.0,False,4.0,2.0,4s_windows_50pct_overlap,unused,523,False,False,False
Subject04|rest|Subject04_1.edf|88.000|92.000,Subject04,rest,0,Subject04_1.edf,88.0,92.0,170.0,False,4.0,2.0,4s_windows_50pct_overlap,unused,524,False,False,False
Subject04|rest|Subject04_1.edf|90.000|94.000,Subject04,rest,0,Subject04_1.edf,90.0,94.0,170.0,False,4.0,2.0,4s_windows_50pct_overlap,unused,525,False,False,False
Subject04|rest|Subject04_1.edf|92.000|96.000,Subject04,rest,0,Subject04_1.edf,92.0,96.0,170.0,False,4.0,2.0,4s_windows_50pct_overlap,unused,526,False,False,False
Subject04|rest|Subject04_1.edf|94.000|98.000,Subject04,rest,0,Subject04_1.edf,94.0,98.0,170.0,False,4.0,2.0,4s_windows_50pct_overlap,unused,527,False,False,False
Subject04|rest|Subject04_1.edf|96.000|100.000,Subject04,rest,0,Subject04_1.edf,96.0,100.0,170.0,False,4.0,2.0,4s_windows_50pct_overlap,unused,528,False,False,False
Subject04|rest|Subject04_1.edf|98.000|102.000,Subject04,rest,0,Subject04_1.edf,98.0,102.0,170.0,False,4.0,2.0,4s_windows_50pct_overlap,unused,529,False,False,False
Subject04|rest|Subject04_1.edf|100.000|104.000,Subject04,rest,0,Subject04_1.edf,100.0,104.0,170.0,False,4.0,2.0,4s_windows_50pct_overlap,unused,530,False,False,False
Subject04|rest|Subject04_1.edf|102.000|106.000,Subject04,rest,0,Subject04_1.edf,102.0,106.0,170.0,False,4.0,2.0,4s_windows_50pct_overlap,unused,531,False,False,False
Subject04|rest|Subject04_1.edf|104.000|108.000,Subject04,rest,0,Subject04_1.edf,104.0,108.0,170.0,False,4.0,2.0,4s_windows_50pct_overlap,unused,532,False,False,False
Subject04|rest|Subject04_1.edf|106.000|110.000,Subject04,rest,0,Subject04_1.edf,106.0,110.0,170.0,False,4.0,2.0,4s_windows_50pct_overlap,unused,533,False,False,False
Subject04|rest|Subject04_1.edf|108.000|112.000,Subject04,rest,0,Subject04_1.edf,108.0,112.0,170.0,False,4.0,2.0,4s_windows_50pct_overlap,unused,534,False,False,False
Subject04|rest|Subject04_1.edf|110.000|114.000,Subject04,rest,0,Subject04_1.edf,110.0,114.0,170.0,False,4.0,2.0,4s_windows_50pct_overlap,unused,535,False,False,False
Subject04|rest|Subject04_1.edf|112.000|116.000,Subject04,rest,0,Subject04_1.edf,112.0,116.0,170.0,False,4.0,2.0,4s_windows_50pct_overlap,unused,536,False,False,False
Subject04|rest|Subject04_1.edf|114.000|118.000,Subject04,rest,0,Subject04_1.edf,114.0,118.0,170.0,False,4.0,2.0,4s_windows_50pct_overlap,unused,537,False,False,False
Subject04|rest|Subject04_1.edf|116.000|120.000,Subject04,rest,0,Subject04_1.edf,116.0,120.0,170.0,False,4.0,2.0,4s_windows_50pct_overlap,unused,538,False,False,False
Subject04|rest|Subject04_1.edf|118.000|122.000,Subject04,rest,0,Subject04_1.edf,118.0,122.0,170.0,False,4.0,2.0,4s_windows_50pct_overlap,unused,539,False,False,False
Subject04|rest|Subject04_1.edf|120.000|124.000,Subject04,rest,0,Subject04_1.edf,120.0,124.0,170.0,False,4.0,2.0,4s_windows_50pct_overlap,unused,540,False,False,False
Subject04|rest|Subject04_1.edf|122.000|126.000,Subject04,rest,0,Subject04_1.edf,122.0,126.0,170.0,False,4.0,2.0,4s_windows_50pct_overlap,unused,541,False,False,False
Subject04|rest|Subject04_1.edf|124.000|128.000,Subject04,rest,0,Subject04_1.edf,124.0,128.0,170.0,False,4.0,2.0,4s_windows_50pct_overlap,unused,542,False,False,False
Subject04|rest|Subject04_1.edf|126.000|130.000,Subject04,rest,0,Subject04_1.edf,126.0,130.0,170.0,False,4.0,2.0,4s_windows_50pct_overlap,unused,543,False,False,False
Subject04|rest|Subject04_1.edf|128.000|132.000,Subject04,rest,0,Subject04_1.edf,128.0,132.0,170.0,False,4.0,2.0,4s_windows_50pct_overlap,unused,544,False,False,False
Subject04|rest|Subject04_1.edf|130.000|134.000,Subject04,rest,0,Subject04_1.edf,130.0,134.0,170.0,False,4.0,2.0,4s_windows_50pct_overlap,unused,545,False,False,False
Subject04|rest|Subject04_1.edf|132.000|136.000,Subject04,rest,0,Subject04_1.edf,132.0,136.0,170.0,False,4.0,2.0,4s_windows_50pct_overlap,unused,546,False,False,False
Subject04|rest|Subject04_1.edf|134.000|138.000,Subject04,rest,0,Subject04_1.edf,134.0,138.0,170.0,False,4.0,2.0,4s_windows_50pct_overlap,unused,547,False,False,False
Subject04|rest|Subject04_1.edf|136.000|140.000,Subject04,rest,0,Subject04_1.edf,136.0,140.0,170.0,False,4.0,2.0,4s_windows_50pct_overlap,unused,548,False,False,False
Subject04|rest|Subject04_1.edf|138.000|142.000,Subject04,rest,0,Subject04_1.edf,138.0,142.0,170.0,False,4.0,2.0,4s_windows_50pct_overlap,unused,549,False,False,False
Subject04|rest|Subject04_1.edf|140.000|144.000,Subject04,rest,0,Subject04_1.edf,140.0,144.0,170.0,False,4.0,2.0,4s_windows_50pct_overlap,unused,550,False,False,False
Subject04|rest|Subject04_1.edf|142.000|146.000,Subject04,rest,0,Subject04_1.edf,142.0,146.0,170.0,False,4.0,2.0,4s_windows_50pct_overlap,unused,551,False,False,False
Subject04|rest|Subject04_1.edf|144.000|148.000,Subject04,rest,0,Subject04_1.edf,144.0,148.0,170.0,False,4.0,2.0,4s_windows_50pct_overlap,unused,552,False,False,False
Subject04|rest|Subject04_1.edf|146.000|150.000,Subject04,rest,0,Subject04_1.edf,146.0,150.0,170.0,False,4.0,2.0,4s_windows_50pct_overlap,unused,553,False,False,False
Subject04|rest|Subject04_1.edf|148.000|152.000,Subject04,rest,0,Subject04_1.edf,148.0,152.0,170.0,False,4.0,2.0,4s_windows_50pct_overlap,unused,554,False,False,False
Subject04|rest|Subject04_1.edf|150.000|154.000,Subject04,rest,0,Subject04_1.edf,150.0,154.0,170.0,False,4.0,2.0,4s_windows_50pct_overlap,unused,555,False,False,False
Subject04|rest|Subject04_1.edf|152.000|156.000,Subject04,rest,0,Subject04_1.edf,152.0,156.0,170.0,False,4.0,2.0,4s_windows_50pct_overlap,unused,556,False,False,False
Subject04|rest|Subject04_1.edf|154.000|158.000,Subject04,rest,0,Subject04_1.edf,154.0,158.0,170.0,False,4.0,2.0,4s_windows_50pct_overlap,unused,557,False,False,False
Subject04|rest|Subject04_1.edf|156.000|160.000,Subject04,rest,0,Subject04_1.edf,156.0,160.0,170.0,False,4.0,2.0,4s_windows_50pct_overlap,unused,558,False,False,False
Subject04|rest|Subject04_1.edf|158.000|162.000,Subject04,rest,0,Subject04_1.edf,158.0,162.0,170.0,False,4.0,2.0,4s_windows_50pct_overlap,unused,559,False,False,False
Subject04|rest|Subject04_1.edf|160.000|164.000,Subject04,rest,0,Subject04_1.edf,160.0,164.0,170.0,False,4.0,2.0,4s_windows_50pct_overlap,unused,560,False,False,False
Subject04|rest|Subject04_1.edf|162.000|166.000,Subject04,rest,0,Subject04_1.edf,162.0,166.0,170.0,False,4.0,2.0,4s_windows_50pct_overlap,unused,561,False,False,False
Subject04|rest|Subject04_1.edf|164.000|168.000,Subject04,rest,0,Subject04_1.edf,164.0,168.0,170.0,False,4.0,2.0,4s_windows_50pct_overlap,unused,562,False,False,False
Subject04|rest|Subject04_1.edf|166.000|170.000,Subject04,rest,0,Subject04_1.edf,166.0,170.0,170.0,False,4.0,2.0,4s_windows_50pct_overlap,unused,563,False,False,False
Subject04|arithmetic|Subject04_2.edf|0.000|4.000,Subject04,arithmetic,1,Subject04_2.edf,0.0,4.0,62.0,False,4.0,2.0,4s_windows_50pct_overlap,scored_task,564,False,True,False
Subject04|arithmetic|Subject04_2.edf|2.000|6.000,Subject04,arithmetic,1,Subject04_2.edf,2.0,6.0,62.0,False,4.0,2.0,4s_windows_50pct_overlap,scored_task,565,False,True,False
Subject04|arithmetic|Subject04_2.edf|4.000|8.000,Subject04,arithmetic,1,Subject04_2.edf,4.0,8.0,62.0,False,4.0,2.0,4s_windows_50pct_overlap,scored_task,566,False,True,False
Subject04|arithmetic|Subject04_2.edf|6.000|10.000,Subject04,arithmetic,1,Subject04_2.edf,6.0,10.0,62.0,False,4.0,2.0,4s_windows_50pct_overlap,scored_task,567,False,True,False
Subject04|arithmetic|Subject04_2.edf|8.000|12.000,Subject04,arithmetic,1,Subject04_2.edf,8.0,12.0,62.0,False,4.0,2.0,4s_windows_50pct_overlap,scored_task,568,False,True,False
Subject04|arithmetic|Subject04_2.edf|10.000|14.000,Subject04,arithmetic,1,Subject04_2.edf,10.0,14.0,62.0,False,4.0,2.0,4s_windows_50pct_overlap,scored_task,569,False,True,False
Subject04|arithmetic|Subject04_2.edf|12.000|16.000,Subject04,arithmetic,1,Subject04_2.edf,12.0,16.0,62.0,False,4.0,2.0,4s_windows_50pct_overlap,scored_task,570,False,True,False
Subject04|arithmetic|Subject04_2.edf|14.000|18.000,Subject04,arithmetic,1,Subject04_2.edf,14.0,18.0,62.0,False,4.0,2.0,4s_windows_50pct_overlap,scored_task,571,False,True,False
Subject04|arithmetic|Subject04_2.edf|16.000|20.000,Subject04,arithmetic,1,Subject04_2.edf,16.0,20.0,62.0,False,4.0,2.0,4s_windows_50pct_overlap,scored_task,572,False,True,False
Subject04|arithmetic|Subject04_2.edf|18.000|22.000,Subject04,arithmetic,1,Subject04_2.edf,18.0,22.0,62.0,False,4.0,2.0,4s_windows_50pct_overlap,scored_task,573,False,True,False
Subject04|arithmetic|Subject04_2.edf|20.000|24.000,Subject04,arithmetic,1,Subject04_2.edf,20.0,24.0,62.0,False,4.0,2.0,4s_windows_50pct_overlap,scored_task,574,False,True,False
Subject04|arithmetic|Subject04_2.edf|22.000|26.000,Subject04,arithmetic,1,Subject04_2.edf,22.0,26.0,62.0,False,4.0,2.0,4s_windows_50pct_overlap,scored_task,575,False,True,False
Subject04|arithmetic|Subject04_2.edf|24.000|28.000,Subject04,arithmetic,1,Subject04_2.edf,24.0,28.0,62.0,False,4.0,2.0,4s_windows_50pct_overlap,scored_task,576,False,True,False
Subject04|arithmetic|Subject04_2.edf|26.000|30.000,Subject04,arithmetic,1,Subject04_2.edf,26.0,30.0,62.0,False,4.0,2.0,4s_windows_50pct_overlap,scored_task,577,False,True,False
Subject04|arithmetic|Subject04_2.edf|28.000|32.000,Subject04,arithmetic,1,Subject04_2.edf,28.0,32.0,62.0,False,4.0,2.0,4s_windows_50pct_overlap,unused,578,False,False,False
Subject04|arithmetic|Subject04_2.edf|30.000|34.000,Subject04,arithmetic,1,Subject04_2.edf,30.0,34.0,62.0,False,4.0,2.0,4s_windows_50pct_overlap,unused,579,False,False,False
Subject04|arithmetic|Subject04_2.edf|32.000|36.000,Subject04,arithmetic,1,Subject04_2.edf,32.0,36.0,62.0,False,4.0,2.0,4s_windows_50pct_overlap,unused,580,False,False,False
Subject04|arithmetic|Subject04_2.edf|34.000|38.000,Subject04,arithmetic,1,Subject04_2.edf,34.0,38.0,62.0,False,4.0,2.0,4s_windows_50pct_overlap,unused,581,False,False,False
Subject04|arithmetic|Subject04_2.edf|36.000|40.000,Subject04,arithmetic,1,Subject04_2.edf,36.0,40.0,62.0,False,4.0,2.0,4s_windows_50pct_overlap,unused,582,False,False,False
Subject04|arithmetic|Subject04_2.edf|38.000|42.000,Subject04,arithmetic,1,Subject04_2.edf,38.0,42.0,62.0,False,4.0,2.0,4s_windows_50pct_overlap,unused,583,False,False,False
Subject04|arithmetic|Subject04_2.edf|40.000|44.000,Subject04,arithmetic,1,Subject04_2.edf,40.0,44.0,62.0,False,4.0,2.0,4s_windows_50pct_overlap,unused,584,False,False,False
Subject04|arithmetic|Subject04_2.edf|42.000|46.000,Subject04,arithmetic,1,Subject04_2.edf,42.0,46.0,62.0,False,4.0,2.0,4s_windows_50pct_overlap,unused,585,False,False,False
Subject04|arithmetic|Subject04_2.edf|44.000|48.000,Subject04,arithmetic,1,Subject04_2.edf,44.0,48.0,62.0,False,4.0,2.0,4s_windows_50pct_overlap,unused,586,False,False,False
Subject04|arithmetic|Subject04_2.edf|46.000|50.000,Subject04,arithmetic,1,Subject04_2.edf,46.0,50.0,62.0,False,4.0,2.0,4s_windows_50pct_overlap,unused,587,False,False,False
Subject04|arithmetic|Subject04_2.edf|48.000|52.000,Subject04,arithmetic,1,Subject04_2.edf,48.0,52.0,62.0,False,4.0,2.0,4s_windows_50pct_overlap,unused,588,False,False,False
Subject04|arithmetic|Subject04_2.edf|50.000|54.000,Subject04,arithmetic,1,Subject04_2.edf,50.0,54.0,62.0,False,4.0,2.0,4s_windows_50pct_overlap,unused,589,False,False,False
Subject04|arithmetic|Subject04_2.edf|52.000|56.000,Subject04,arithmetic,1,Subject04_2.edf,52.0,56.0,62.0,False,4.0,2.0,4s_windows_50pct_overlap,unused,590,False,False,False
Subject04|arithmetic|Subject04_2.edf|54.000|58.000,Subject04,arithmetic,1,Subject04_2.edf,54.0,58.0,62.0,False,4.0,2.0,4s_windows_50pct_overlap,unused,591,False,False,False
Subject04|arithmetic|Subject04_2.edf|56.000|60.000,Subject04,arithmetic,1,Subject04_2.edf,56.0,60.0,62.0,False,4.0,2.0,4s_windows_50pct_overlap,unused,592,False,False,False
Subject04|arithmetic|Subject04_2.edf|58.000|62.000,Subject04,arithmetic,1,Subject04_2.edf,58.0,62.0,62.0,False,4.0,2.0,4s_windows_50pct_overlap,unused,593,False,False,False
Subject05|rest|Subject05_1.edf|0.000|4.000,Subject05,rest,0,Subject05_1.edf,0.0,4.0,182.0,False,4.0,2.0,4s_windows_50pct_overlap,calibration,594,True,False,False
Subject05|rest|Subject05_1.edf|2.000|6.000,Subject05,rest,0,Subject05_1.edf,2.0,6.0,182.0,False,4.0,2.0,4s_windows_50pct_overlap,calibration,595,True,False,False
Subject05|rest|Subject05_1.edf|4.000|8.000,Subject05,rest,0,Subject05_1.edf,4.0,8.0,182.0,False,4.0,2.0,4s_windows_50pct_overlap,calibration,596,True,False,False
Subject05|rest|Subject05_1.edf|6.000|10.000,Subject05,rest,0,Subject05_1.edf,6.0,10.0,182.0,False,4.0,2.0,4s_windows_50pct_overlap,calibration,597,True,False,False
Subject05|rest|Subject05_1.edf|8.000|12.000,Subject05,rest,0,Subject05_1.edf,8.0,12.0,182.0,False,4.0,2.0,4s_windows_50pct_overlap,calibration,598,True,False,False
Subject05|rest|Subject05_1.edf|10.000|14.000,Subject05,rest,0,Subject05_1.edf,10.0,14.0,182.0,False,4.0,2.0,4s_windows_50pct_overlap,calibration,599,True,False,False
Subject05|rest|Subject05_1.edf|12.000|16.000,Subject05,rest,0,Subject05_1.edf,12.0,16.0,182.0,False,4.0,2.0,4s_windows_50pct_overlap,calibration,600,True,False,False
Subject05|rest|Subject05_1.edf|14.000|18.000,Subject05,rest,0,Subject05_1.edf,14.0,18.0,182.0,False,4.0,2.0,4s_windows_50pct_overlap,calibration,601,True,False,False
Subject05|rest|Subject05_1.edf|16.000|20.000,Subject05,rest,0,Subject05_1.edf,16.0,20.0,182.0,False,4.0,2.0,4s_windows_50pct_overlap,calibration,602,True,False,False
Subject05|rest|Subject05_1.edf|18.000|22.000,Subject05,rest,0,Subject05_1.edf,18.0,22.0,182.0,False,4.0,2.0,4s_windows_50pct_overlap,calibration,603,True,False,False
Subject05|rest|Subject05_1.edf|20.000|24.000,Subject05,rest,0,Subject05_1.edf,20.0,24.0,182.0,False,4.0,2.0,4s_windows_50pct_overlap,calibration,604,True,False,False
Subject05|rest|Subject05_1.edf|22.000|26.000,Subject05,rest,0,Subject05_1.edf,22.0,26.0,182.0,False,4.0,2.0,4s_windows_50pct_overlap,calibration,605,True,False,False
Subject05|rest|Subject05_1.edf|24.000|28.000,Subject05,rest,0,Subject05_1.edf,24.0,28.0,182.0,False,4.0,2.0,4s_windows_50pct_overlap,calibration,606,True,False,False
Subject05|rest|Subject05_1.edf|26.000|30.000,Subject05,rest,0,Subject05_1.edf,26.0,30.0,182.0,False,4.0,2.0,4s_windows_50pct_overlap,calibration,607,True,False,False
Subject05|rest|Subject05_1.edf|28.000|32.000,Subject05,rest,0,Subject05_1.edf,28.0,32.0,182.0,False,4.0,2.0,4s_windows_50pct_overlap,unused,608,False,False,False
Subject05|rest|Subject05_1.edf|30.000|34.000,Subject05,rest,0,Subject05_1.edf,30.0,34.0,182.0,False,4.0,2.0,4s_windows_50pct_overlap,scored_rest,609,False,True,False
Subject05|rest|Subject05_1.edf|32.000|36.000,Subject05,rest,0,Subject05_1.edf,32.0,36.0,182.0,False,4.0,2.0,4s_windows_50pct_overlap,scored_rest,610,False,True,False
Subject05|rest|Subject05_1.edf|34.000|38.000,Subject05,rest,0,Subject05_1.edf,34.0,38.0,182.0,False,4.0,2.0,4s_windows_50pct_overlap,scored_rest,611,False,True,False
Subject05|rest|Subject05_1.edf|36.000|40.000,Subject05,rest,0,Subject05_1.edf,36.0,40.0,182.0,False,4.0,2.0,4s_windows_50pct_overlap,scored_rest,612,False,True,False
Subject05|rest|Subject05_1.edf|38.000|42.000,Subject05,rest,0,Subject05_1.edf,38.0,42.0,182.0,False,4.0,2.0,4s_windows_50pct_overlap,scored_rest,613,False,True,False
Subject05|rest|Subject05_1.edf|40.000|44.000,Subject05,rest,0,Subject05_1.edf,40.0,44.0,182.0,False,4.0,2.0,4s_windows_50pct_overlap,scored_rest,614,False,True,False
Subject05|rest|Subject05_1.edf|42.000|46.000,Subject05,rest,0,Subject05_1.edf,42.0,46.0,182.0,False,4.0,2.0,4s_windows_50pct_overlap,scored_rest,615,False,True,False
Subject05|rest|Subject05_1.edf|44.000|48.000,Subject05,rest,0,Subject05_1.edf,44.0,48.0,182.0,False,4.0,2.0,4s_windows_50pct_overlap,scored_rest,616,False,True,False
Subject05|rest|Subject05_1.edf|46.000|50.000,Subject05,rest,0,Subject05_1.edf,46.0,50.0,182.0,False,4.0,2.0,4s_windows_50pct_overlap,scored_rest,617,False,True,False
Subject05|rest|Subject05_1.edf|48.000|52.000,Subject05,rest,0,Subject05_1.edf,48.0,52.0,182.0,False,4.0,2.0,4s_windows_50pct_overlap,scored_rest,618,False,True,False
Subject05|rest|Subject05_1.edf|50.000|54.000,Subject05,rest,0,Subject05_1.edf,50.0,54.0,182.0,False,4.0,2.0,4s_windows_50pct_overlap,scored_rest,619,False,True,False
Subject05|rest|Subject05_1.edf|52.000|56.000,Subject05,rest,0,Subject05_1.edf,52.0,56.0,182.0,False,4.0,2.0,4s_windows_50pct_overlap,scored_rest,620,False,True,False
Subject05|rest|Subject05_1.edf|54.000|58.000,Subject05,rest,0,Subject05_1.edf,54.0,58.0,182.0,False,4.0,2.0,4s_windows_50pct_overlap,scored_rest,621,False,True,False
Subject05|rest|Subject05_1.edf|56.000|60.000,Subject05,rest,0,Subject05_1.edf,56.0,60.0,182.0,False,4.0,2.0,4s_windows_50pct_overlap,scored_rest,622,False,True,False
Subject05|rest|Subject05_1.edf|58.000|62.000,Subject05,rest,0,Subject05_1.edf,58.0,62.0,182.0,False,4.0,2.0,4s_windows_50pct_overlap,unused,623,False,False,False
Subject05|rest|Subject05_1.edf|60.000|64.000,Subject05,rest,0,Subject05_1.edf,60.0,64.0,182.0,False,4.0,2.0,4s_windows_50pct_overlap,unused,624,False,False,False
Subject05|rest|Subject05_1.edf|62.000|66.000,Subject05,rest,0,Subject05_1.edf,62.0,66.0,182.0,False,4.0,2.0,4s_windows_50pct_overlap,unused,625,False,False,False
Subject05|rest|Subject05_1.edf|64.000|68.000,Subject05,rest,0,Subject05_1.edf,64.0,68.0,182.0,False,4.0,2.0,4s_windows_50pct_overlap,unused,626,False,False,False
Subject05|rest|Subject05_1.edf|66.000|70.000,Subject05,rest,0,Subject05_1.edf,66.0,70.0,182.0,False,4.0,2.0,4s_windows_50pct_overlap,unused,627,False,False,False
Subject05|rest|Subject05_1.edf|68.000|72.000,Subject05,rest,0,Subject05_1.edf,68.0,72.0,182.0,False,4.0,2.0,4s_windows_50pct_overlap,unused,628,False,False,False
Subject05|rest|Subject05_1.edf|70.000|74.000,Subject05,rest,0,Subject05_1.edf,70.0,74.0,182.0,False,4.0,2.0,4s_windows_50pct_overlap,unused,629,False,False,False
Subject05|rest|Subject05_1.edf|72.000|76.000,Subject05,rest,0,Subject05_1.edf,72.0,76.0,182.0,False,4.0,2.0,4s_windows_50pct_overlap,unused,630,False,False,False
Subject05|rest|Subject05_1.edf|74.000|78.000,Subject05,rest,0,Subject05_1.edf,74.0,78.0,182.0,False,4.0,2.0,4s_windows_50pct_overlap,unused,631,False,False,False
Subject05|rest|Subject05_1.edf|76.000|80.000,Subject05,rest,0,Subject05_1.edf,76.0,80.0,182.0,False,4.0,2.0,4s_windows_50pct_overlap,unused,632,False,False,False
Subject05|rest|Subject05_1.edf|78.000|82.000,Subject05,rest,0,Subject05_1.edf,78.0,82.0,182.0,False,4.0,2.0,4s_windows_50pct_overlap,unused,633,False,False,False
Subject05|rest|Subject05_1.edf|80.000|84.000,Subject05,rest,0,Subject05_1.edf,80.0,84.0,182.0,False,4.0,2.0,4s_windows_50pct_overlap,unused,634,False,False,False
Subject05|rest|Subject05_1.edf|82.000|86.000,Subject05,rest,0,Subject05_1.edf,82.0,86.0,182.0,False,4.0,2.0,4s_windows_50pct_overlap,unused,635,False,False,False
Subject05|rest|Subject05_1.edf|84.000|88.000,Subject05,rest,0,Subject05_1.edf,84.0,88.0,182.0,False,4.0,2.0,4s_windows_50pct_overlap,unused,636,False,False,False
Subject05|rest|Subject05_1.edf|86.000|90.000,Subject05,rest,0,Subject05_1.edf,86.0,90.0,182.0,False,4.0,2.0,4s_windows_50pct_overlap,unused,637,False,False,False
Subject05|rest|Subject05_1.edf|88.000|92.000,Subject05,rest,0,Subject05_1.edf,88.0,92.0,182.0,False,4.0,2.0,4s_windows_50pct_overlap,unused,638,False,False,False
Subject05|rest|Subject05_1.edf|90.000|94.000,Subject05,rest,0,Subject05_1.edf,90.0,94.0,182.0,False,4.0,2.0,4s_windows_50pct_overlap,unused,639,False,False,False
Subject05|rest|Subject05_1.edf|92.000|96.000,Subject05,rest,0,Subject05_1.edf,92.0,96.0,182.0,False,4.0,2.0,4s_windows_50pct_overlap,unused,640,False,False,False
Subject05|rest|Subject05_1.edf|94.000|98.000,Subject05,rest,0,Subject05_1.edf,94.0,98.0,182.0,False,4.0,2.0,4s_windows_50pct_overlap,unused,641,False,False,False
Subject05|rest|Subject05_1.edf|96.000|100.000,Subject05,rest,0,Subject05_1.edf,96.0,100.0,182.0,False,4.0,2.0,4s_windows_50pct_overlap,unused,642,False,False,False
Subject05|rest|Subject05_1.edf|98.000|102.000,Subject05,rest,0,Subject05_1.edf,98.0,102.0,182.0,False,4.0,2.0,4s_windows_50pct_overlap,unused,643,False,False,False
Subject05|rest|Subject05_1.edf|100.000|104.000,Subject05,rest,0,Subject05_1.edf,100.0,104.0,182.0,False,4.0,2.0,4s_windows_50pct_overlap,unused,644,False,False,False
Subject05|rest|Subject05_1.edf|102.000|106.000,Subject05,rest,0,Subject05_1.edf,102.0,106.0,182.0,False,4.0,2.0,4s_windows_50pct_overlap,unused,645,False,False,False
Subject05|rest|Subject05_1.edf|104.000|108.000,Subject05,rest,0,Subject05_1.edf,104.0,108.0,182.0,False,4.0,2.0,4s_windows_50pct_overlap,unused,646,False,False,False
Subject05|rest|Subject05_1.edf|106.000|110.000,Subject05,rest,0,Subject05_1.edf,106.0,110.0,182.0,False,4.0,2.0,4s_windows_50pct_overlap,unused,647,False,False,False
Subject05|rest|Subject05_1.edf|108.000|112.000,Subject05,rest,0,Subject05_1.edf,108.0,112.0,182.0,False,4.0,2.0,4s_windows_50pct_overlap,unused,648,False,False,False
Subject05|rest|Subject05_1.edf|110.000|114.000,Subject05,rest,0,Subject05_1.edf,110.0,114.0,182.0,False,4.0,2.0,4s_windows_50pct_overlap,unused,649,False,False,False
Subject05|rest|Subject05_1.edf|112.000|116.000,Subject05,rest,0,Subject05_1.edf,112.0,116.0,182.0,False,4.0,2.0,4s_windows_50pct_overlap,unused,650,False,False,False
Subject05|rest|Subject05_1.edf|114.000|118.000,Subject05,rest,0,Subject05_1.edf,114.0,118.0,182.0,False,4.0,2.0,4s_windows_50pct_overlap,unused,651,False,False,False
Subject05|rest|Subject05_1.edf|116.000|120.000,Subject05,rest,0,Subject05_1.edf,116.0,120.0,182.0,False,4.0,2.0,4s_windows_50pct_overlap,unused,652,False,False,False
Subject05|rest|Subject05_1.edf|118.000|122.000,Subject05,rest,0,Subject05_1.edf,118.0,122.0,182.0,False,4.0,2.0,4s_windows_50pct_overlap,unused,653,False,False,False
Subject05|rest|Subject05_1.edf|120.000|124.000,Subject05,rest,0,Subject05_1.edf,120.0,124.0,182.0,False,4.0,2.0,4s_windows_50pct_overlap,unused,654,False,False,False
Subject05|rest|Subject05_1.edf|122.000|126.000,Subject05,rest,0,Subject05_1.edf,122.0,126.0,182.0,False,4.0,2.0,4s_windows_50pct_overlap,unused,655,False,False,False
Subject05|rest|Subject05_1.edf|124.000|128.000,Subject05,rest,0,Subject05_1.edf,124.0,128.0,182.0,False,4.0,2.0,4s_windows_50pct_overlap,unused,656,False,False,False
Subject05|rest|Subject05_1.edf|126.000|130.000,Subject05,rest,0,Subject05_1.edf,126.0,130.0,182.0,False,4.0,2.0,4s_windows_50pct_overlap,unused,657,False,False,False
Subject05|rest|Subject05_1.edf|128.000|132.000,Subject05,rest,0,Subject05_1.edf,128.0,132.0,182.0,False,4.0,2.0,4s_windows_50pct_overlap,unused,658,False,False,False
Subject05|rest|Subject05_1.edf|130.000|134.000,Subject05,rest,0,Subject05_1.edf,130.0,134.0,182.0,False,4.0,2.0,4s_windows_50pct_overlap,unused,659,False,False,False
Subject05|rest|Subject05_1.edf|132.000|136.000,Subject05,rest,0,Subject05_1.edf,132.0,136.0,182.0,False,4.0,2.0,4s_windows_50pct_overlap,unused,660,False,False,False
Subject05|rest|Subject05_1.edf|134.000|138.000,Subject05,rest,0,Subject05_1.edf,134.0,138.0,182.0,False,4.0,2.0,4s_windows_50pct_overlap,unused,661,False,False,False
Subject05|rest|Subject05_1.edf|136.000|140.000,Subject05,rest,0,Subject05_1.edf,136.0,140.0,182.0,False,4.0,2.0,4s_windows_50pct_overlap,unused,662,False,False,False
Subject05|rest|Subject05_1.edf|138.000|142.000,Subject05,rest,0,Subject05_1.edf,138.0,142.0,182.0,False,4.0,2.0,4s_windows_50pct_overlap,unused,663,False,False,False
Subject05|rest|Subject05_1.edf|140.000|144.000,Subject05,rest,0,Subject05_1.edf,140.0,144.0,182.0,False,4.0,2.0,4s_windows_50pct_overlap,unused,664,False,False,False
Subject05|rest|Subject05_1.edf|142.000|146.000,Subject05,rest,0,Subject05_1.edf,142.0,146.0,182.0,False,4.0,2.0,4s_windows_50pct_overlap,unused,665,False,False,False
Subject05|rest|Subject05_1.edf|144.000|148.000,Subject05,rest,0,Subject05_1.edf,144.0,148.0,182.0,False,4.0,2.0,4s_windows_50pct_overlap,unused,666,False,False,False
Subject05|rest|Subject05_1.edf|146.000|150.000,Subject05,rest,0,Subject05_1.edf,146.0,150.0,182.0,False,4.0,2.0,4s_windows_50pct_overlap,unused,667,False,False,False
Subject05|rest|Subject05_1.edf|148.000|152.000,Subject05,rest,0,Subject05_1.edf,148.0,152.0,182.0,False,4.0,2.0,4s_windows_50pct_overlap,unused,668,False,False,False
Subject05|rest|Subject05_1.edf|150.000|154.000,Subject05,rest,0,Subject05_1.edf,150.0,154.0,182.0,False,4.0,2.0,4s_windows_50pct_overlap,unused,669,False,False,False
Subject05|rest|Subject05_1.edf|152.000|156.000,Subject05,rest,0,Subject05_1.edf,152.0,156.0,182.0,False,4.0,2.0,4s_windows_50pct_overlap,unused,670,False,False,False
Subject05|rest|Subject05_1.edf|154.000|158.000,Subject05,rest,0,Subject05_1.edf,154.0,158.0,182.0,False,4.0,2.0,4s_windows_50pct_overlap,unused,671,False,False,False
Subject05|rest|Subject05_1.edf|156.000|160.000,Subject05,rest,0,Subject05_1.edf,156.0,160.0,182.0,False,4.0,2.0,4s_windows_50pct_overlap,unused,672,False,False,False
Subject05|rest|Subject05_1.edf|158.000|162.000,Subject05,rest,0,Subject05_1.edf,158.0,162.0,182.0,False,4.0,2.0,4s_windows_50pct_overlap,unused,673,False,False,False
Subject05|rest|Subject05_1.edf|160.000|164.000,Subject05,rest,0,Subject05_1.edf,160.0,164.0,182.0,False,4.0,2.0,4s_windows_50pct_overlap,unused,674,False,False,False
Subject05|rest|Subject05_1.edf|162.000|166.000,Subject05,rest,0,Subject05_1.edf,162.0,166.0,182.0,False,4.0,2.0,4s_windows_50pct_overlap,unused,675,False,False,False
Subject05|rest|Subject05_1.edf|164.000|168.000,Subject05,rest,0,Subject05_1.edf,164.0,168.0,182.0,False,4.0,2.0,4s_windows_50pct_overlap,unused,676,False,False,False
Subject05|rest|Subject05_1.edf|166.000|170.000,Subject05,rest,0,Subject05_1.edf,166.0,170.0,182.0,False,4.0,2.0,4s_windows_50pct_overlap,unused,677,False,False,False
Subject05|rest|Subject05_1.edf|168.000|172.000,Subject05,rest,0,Subject05_1.edf,168.0,172.0,182.0,False,4.0,2.0,4s_windows_50pct_overlap,unused,678,False,False,False
Subject05|rest|Subject05_1.edf|170.000|174.000,Subject05,rest,0,Subject05_1.edf,170.0,174.0,182.0,False,4.0,2.0,4s_windows_50pct_overlap,unused,679,False,False,False
Subject05|rest|Subject05_1.edf|172.000|176.000,Subject05,rest,0,Subject05_1.edf,172.0,176.0,182.0,False,4.0,2.0,4s_windows_50pct_overlap,unused,680,False,False,False
Subject05|rest|Subject05_1.edf|174.000|178.000,Subject05,rest,0,Subject05_1.edf,174.0,178.0,182.0,False,4.0,2.0,4s_windows_50pct_overlap,unused,681,False,False,False
Subject05|rest|Subject05_1.edf|176.000|180.000,Subject05,rest,0,Subject05_1.edf,176.0,180.0,182.0,False,4.0,2.0,4s_windows_50pct_overlap,unused,682,False,False,False
Subject05|rest|Subject05_1.edf|178.000|182.000,Subject05,rest,0,Subject05_1.edf,178.0,182.0,182.0,False,4.0,2.0,4s_windows_50pct_overlap,unused,683,False,False,False
Subject05|arithmetic|Subject05_2.edf|0.000|4.000,Subject05,arithmetic,1,Subject05_2.edf,0.0,4.0,62.0,False,4.0,2.0,4s_windows_50pct_overlap,scored_task,684,False,True,False
Subject05|arithmetic|Subject05_2.edf|2.000|6.000,Subject05,arithmetic,1,Subject05_2.edf,2.0,6.0,62.0,False,4.0,2.0,4s_windows_50pct_overlap,scored_task,685,False,True,False
Subject05|arithmetic|Subject05_2.edf|4.000|8.000,Subject05,arithmetic,1,Subject05_2.edf,4.0,8.0,62.0,False,4.0,2.0,4s_windows_50pct_overlap,scored_task,686,False,True,False
Subject05|arithmetic|Subject05_2.edf|6.000|10.000,Subject05,arithmetic,1,Subject05_2.edf,6.0,10.0,62.0,False,4.0,2.0,4s_windows_50pct_overlap,scored_task,687,False,True,False
Subject05|arithmetic|Subject05_2.edf|8.000|12.000,Subject05,arithmetic,1,Subject05_2.edf,8.0,12.0,62.0,False,4.0,2.0,4s_windows_50pct_overlap,scored_task,688,False,True,False
Subject05|arithmetic|Subject05_2.edf|10.000|14.000,Subject05,arithmetic,1,Subject05_2.edf,10.0,14.0,62.0,False,4.0,2.0,4s_windows_50pct_overlap,scored_task,689,False,True,False
Subject05|arithmetic|Subject05_2.edf|12.000|16.000,Subject05,arithmetic,1,Subject05_2.edf,12.0,16.0,62.0,False,4.0,2.0,4s_windows_50pct_overlap,scored_task,690,False,True,False
Subject05|arithmetic|Subject05_2.edf|14.000|18.000,Subject05,arithmetic,1,Subject05_2.edf,14.0,18.0,62.0,False,4.0,2.0,4s_windows_50pct_overlap,scored_task,691,False,True,False
Subject05|arithmetic|Subject05_2.edf|16.000|20.000,Subject05,arithmetic,1,Subject05_2.edf,16.0,20.0,62.0,False,4.0,2.0,4s_windows_50pct_overlap,scored_task,692,False,True,False
Subject05|arithmetic|Subject05_2.edf|18.000|22.000,Subject05,arithmetic,1,Subject05_2.edf,18.0,22.0,62.0,False,4.0,2.0,4s_windows_50pct_overlap,scored_task,693,False,True,False
Subject05|arithmetic|Subject05_2.edf|20.000|24.000,Subject05,arithmetic,1,Subject05_2.edf,20.0,24.0,62.0,False,4.0,2.0,4s_windows_50pct_overlap,scored_task,694,False,True,False
Subject05|arithmetic|Subject05_2.edf|22.000|26.000,Subject05,arithmetic,1,Subject05_2.edf,22.0,26.0,62.0,False,4.0,2.0,4s_windows_50pct_overlap,scored_task,695,False,True,False
Subject05|arithmetic|Subject05_2.edf|24.000|28.000,Subject05,arithmetic,1,Subject05_2.edf,24.0,28.0,62.0,False,4.0,2.0,4s_windows_50pct_overlap,scored_task,696,False,True,False
Subject05|arithmetic|Subject05_2.edf|26.000|30.000,Subject05,arithmetic,1,Subject05_2.edf,26.0,30.0,62.0,False,4.0,2.0,4s_windows_50pct_overlap,scored_task,697,False,True,False
Subject05|arithmetic|Subject05_2.edf|28.000|32.000,Subject05,arithmetic,1,Subject05_2.edf,28.0,32.0,62.0,False,4.0,2.0,4s_windows_50pct_overlap,unused,698,False,False,False
Subject05|arithmetic|Subject05_2.edf|30.000|34.000,Subject05,arithmetic,1,Subject05_2.edf,30.0,34.0,62.0,False,4.0,2.0,4s_windows_50pct_overlap,unused,699,False,False,False
Subject05|arithmetic|Subject05_2.edf|32.000|36.000,Subject05,arithmetic,1,Subject05_2.edf,32.0,36.0,62.0,False,4.0,2.0,4s_windows_50pct_overlap,unused,700,False,False,False
Subject05|arithmetic|Subject05_2.edf|34.000|38.000,Subject05,arithmetic,1,Subject05_2.edf,34.0,38.0,62.0,False,4.0,2.0,4s_windows_50pct_overlap,unused,701,False,False,False
Subject05|arithmetic|Subject05_2.edf|36.000|40.000,Subject05,arithmetic,1,Subject05_2.edf,36.0,40.0,62.0,False,4.0,2.0,4s_windows_50pct_overlap,unused,702,False,False,False
Subject05|arithmetic|Subject05_2.edf|38.000|42.000,Subject05,arithmetic,1,Subject05_2.edf,38.0,42.0,62.0,False,4.0,2.0,4s_windows_50pct_overlap,unused,703,False,False,False
Subject05|arithmetic|Subject05_2.edf|40.000|44.000,Subject05,arithmetic,1,Subject05_2.edf,40.0,44.0,62.0,False,4.0,2.0,4s_windows_50pct_overlap,unused,704,False,False,False
Subject05|arithmetic|Subject05_2.edf|42.000|46.000,Subject05,arithmetic,1,Subject05_2.edf,42.0,46.0,62.0,False,4.0,2.0,4s_windows_50pct_overlap,unused,705,False,False,False
Subject05|arithmetic|Subject05_2.edf|44.000|48.000,Subject05,arithmetic,1,Subject05_2.edf,44.0,48.0,62.0,False,4.0,2.0,4s_windows_50pct_overlap,unused,706,False,False,False
Subject05|arithmetic|Subject05_2.edf|46.000|50.000,Subject05,arithmetic,1,Subject05_2.edf,46.0,50.0,62.0,False,4.0,2.0,4s_windows_50pct_overlap,unused,707,False,False,False
Subject05|arithmetic|Subject05_2.edf|48.000|52.000,Subject05,arithmetic,1,Subject05_2.edf,48.0,52.0,62.0,False,4.0,2.0,4s_windows_50pct_overlap,unused,708,False,False,False
Subject05|arithmetic|Subject05_2.edf|50.000|54.000,Subject05,arithmetic,1,Subject05_2.edf,50.0,54.0,62.0,False,4.0,2.0,4s_windows_50pct_overlap,unused,709,False,False,False
Subject05|arithmetic|Subject05_2.edf|52.000|56.000,Subject05,arithmetic,1,Subject05_2.edf,52.0,56.0,62.0,False,4.0,2.0,4s_windows_50pct_overlap,unused,710,False,False,False
Subject05|arithmetic|Subject05_2.edf|54.000|58.000,Subject05,arithmetic,1,Subject05_2.edf,54.0,58.0,62.0,False,4.0,2.0,4s_windows_50pct_overlap,unused,711,False,False,False
Subject05|arithmetic|Subject05_2.edf|56.000|60.000,Subject05,arithmetic,1,Subject05_2.edf,56.0,60.0,62.0,False,4.0,2.0,4s_windows_50pct_overlap,unused,712,False,False,False
Subject05|arithmetic|Subject05_2.edf|58.000|62.000,Subject05,arithmetic,1,Subject05_2.edf,58.0,62.0,62.0,False,4.0,2.0,4s_windows_50pct_overlap,unused,713,False,False,False
Subject06|rest|Subject06_1.edf|0.000|4.000,Subject06,rest,0,Subject06_1.edf,0.0,4.0,182.0,False,4.0,2.0,4s_windows_50pct_overlap,calibration,714,True,False,False
Subject06|rest|Subject06_1.edf|2.000|6.000,Subject06,rest,0,Subject06_1.edf,2.0,6.0,182.0,False,4.0,2.0,4s_windows_50pct_overlap,calibration,715,True,False,False
Subject06|rest|Subject06_1.edf|4.000|8.000,Subject06,rest,0,Subject06_1.edf,4.0,8.0,182.0,False,4.0,2.0,4s_windows_50pct_overlap,calibration,716,True,False,False
Subject06|rest|Subject06_1.edf|6.000|10.000,Subject06,rest,0,Subject06_1.edf,6.0,10.0,182.0,False,4.0,2.0,4s_windows_50pct_overlap,calibration,717,True,False,False
Subject06|rest|Subject06_1.edf|8.000|12.000,Subject06,rest,0,Subject06_1.edf,8.0,12.0,182.0,False,4.0,2.0,4s_windows_50pct_overlap,calibration,718,True,False,False
Subject06|rest|Subject06_1.edf|10.000|14.000,Subject06,rest,0,Subject06_1.edf,10.0,14.0,182.0,False,4.0,2.0,4s_windows_50pct_overlap,calibration,719,True,False,False
Subject06|rest|Subject06_1.edf|12.000|16.000,Subject06,rest,0,Subject06_1.edf,12.0,16.0,182.0,False,4.0,2.0,4s_windows_50pct_overlap,calibration,720,True,False,False
Subject06|rest|Subject06_1.edf|14.000|18.000,Subject06,rest,0,Subject06_1.edf,14.0,18.0,182.0,False,4.0,2.0,4s_windows_50pct_overlap,calibration,721,True,False,False
Subject06|rest|Subject06_1.edf|16.000|20.000,Subject06,rest,0,Subject06_1.edf,16.0,20.0,182.0,False,4.0,2.0,4s_windows_50pct_overlap,calibration,722,True,False,False
Subject06|rest|Subject06_1.edf|18.000|22.000,Subject06,rest,0,Subject06_1.edf,18.0,22.0,182.0,False,4.0,2.0,4s_windows_50pct_overlap,calibration,723,True,False,False
Subject06|rest|Subject06_1.edf|20.000|24.000,Subject06,rest,0,Subject06_1.edf,20.0,24.0,182.0,False,4.0,2.0,4s_windows_50pct_overlap,calibration,724,True,False,False
Subject06|rest|Subject06_1.edf|22.000|26.000,Subject06,rest,0,Subject06_1.edf,22.0,26.0,182.0,False,4.0,2.0,4s_windows_50pct_overlap,calibration,725,True,False,False
Subject06|rest|Subject06_1.edf|24.000|28.000,Subject06,rest,0,Subject06_1.edf,24.0,28.0,182.0,False,4.0,2.0,4s_windows_50pct_overlap,calibration,726,True,False,False
Subject06|rest|Subject06_1.edf|26.000|30.000,Subject06,rest,0,Subject06_1.edf,26.0,30.0,182.0,False,4.0,2.0,4s_windows_50pct_overlap,calibration,727,True,False,False
Subject06|rest|Subject06_1.edf|28.000|32.000,Subject06,rest,0,Subject06_1.edf,28.0,32.0,182.0,False,4.0,2.0,4s_windows_50pct_overlap,unused,728,False,False,False
Subject06|rest|Subject06_1.edf|30.000|34.000,Subject06,rest,0,Subject06_1.edf,30.0,34.0,182.0,False,4.0,2.0,4s_windows_50pct_overlap,scored_rest,729,False,True,False
Subject06|rest|Subject06_1.edf|32.000|36.000,Subject06,rest,0,Subject06_1.edf,32.0,36.0,182.0,False,4.0,2.0,4s_windows_50pct_overlap,scored_rest,730,False,True,False
Subject06|rest|Subject06_1.edf|34.000|38.000,Subject06,rest,0,Subject06_1.edf,34.0,38.0,182.0,False,4.0,2.0,4s_windows_50pct_overlap,scored_rest,731,False,True,False
Subject06|rest|Subject06_1.edf|36.000|40.000,Subject06,rest,0,Subject06_1.edf,36.0,40.0,182.0,False,4.0,2.0,4s_windows_50pct_overlap,scored_rest,732,False,True,False
Subject06|rest|Subject06_1.edf|38.000|42.000,Subject06,rest,0,Subject06_1.edf,38.0,42.0,182.0,False,4.0,2.0,4s_windows_50pct_overlap,scored_rest,733,False,True,False
Subject06|rest|Subject06_1.edf|40.000|44.000,Subject06,rest,0,Subject06_1.edf,40.0,44.0,182.0,False,4.0,2.0,4s_windows_50pct_overlap,scored_rest,734,False,True,False
Subject06|rest|Subject06_1.edf|42.000|46.000,Subject06,rest,0,Subject06_1.edf,42.0,46.0,182.0,False,4.0,2.0,4s_windows_50pct_overlap,scored_rest,735,False,True,False
Subject06|rest|Subject06_1.edf|44.000|48.000,Subject06,rest,0,Subject06_1.edf,44.0,48.0,182.0,False,4.0,2.0,4s_windows_50pct_overlap,scored_rest,736,False,True,False
Subject06|rest|Subject06_1.edf|46.000|50.000,Subject06,rest,0,Subject06_1.edf,46.0,50.0,182.0,False,4.0,2.0,4s_windows_50pct_overlap,scored_rest,737,False,True,False
Subject06|rest|Subject06_1.edf|48.000|52.000,Subject06,rest,0,Subject06_1.edf,48.0,52.0,182.0,False,4.0,2.0,4s_windows_50pct_overlap,scored_rest,738,False,True,False
Subject06|rest|Subject06_1.edf|50.000|54.000,Subject06,rest,0,Subject06_1.edf,50.0,54.0,182.0,False,4.0,2.0,4s_windows_50pct_overlap,scored_rest,739,False,True,False
Subject06|rest|Subject06_1.edf|52.000|56.000,Subject06,rest,0,Subject06_1.edf,52.0,56.0,182.0,False,4.0,2.0,4s_windows_50pct_overlap,scored_rest,740,False,True,False
Subject06|rest|Subject06_1.edf|54.000|58.000,Subject06,rest,0,Subject06_1.edf,54.0,58.0,182.0,False,4.0,2.0,4s_windows_50pct_overlap,scored_rest,741,False,True,False
Subject06|rest|Subject06_1.edf|56.000|60.000,Subject06,rest,0,Subject06_1.edf,56.0,60.0,182.0,False,4.0,2.0,4s_windows_50pct_overlap,scored_rest,742,False,True,False
Subject06|rest|Subject06_1.edf|58.000|62.000,Subject06,rest,0,Subject06_1.edf,58.0,62.0,182.0,False,4.0,2.0,4s_windows_50pct_overlap,unused,743,False,False,False
Subject06|rest|Subject06_1.edf|60.000|64.000,Subject06,rest,0,Subject06_1.edf,60.0,64.0,182.0,False,4.0,2.0,4s_windows_50pct_overlap,unused,744,False,False,False
Subject06|rest|Subject06_1.edf|62.000|66.000,Subject06,rest,0,Subject06_1.edf,62.0,66.0,182.0,False,4.0,2.0,4s_windows_50pct_overlap,unused,745,False,False,False
Subject06|rest|Subject06_1.edf|64.000|68.000,Subject06,rest,0,Subject06_1.edf,64.0,68.0,182.0,False,4.0,2.0,4s_windows_50pct_overlap,unused,746,False,False,False
Subject06|rest|Subject06_1.edf|66.000|70.000,Subject06,rest,0,Subject06_1.edf,66.0,70.0,182.0,False,4.0,2.0,4s_windows_50pct_overlap,unused,747,False,False,False
Subject06|rest|Subject06_1.edf|68.000|72.000,Subject06,rest,0,Subject06_1.edf,68.0,72.0,182.0,False,4.0,2.0,4s_windows_50pct_overlap,unused,748,False,False,False
Subject06|rest|Subject06_1.edf|70.000|74.000,Subject06,rest,0,Subject06_1.edf,70.0,74.0,182.0,False,4.0,2.0,4s_windows_50pct_overlap,unused,749,False,False,False
Subject06|rest|Subject06_1.edf|72.000|76.000,Subject06,rest,0,Subject06_1.edf,72.0,76.0,182.0,False,4.0,2.0,4s_windows_50pct_overlap,unused,750,False,False,False
Subject06|rest|Subject06_1.edf|74.000|78.000,Subject06,rest,0,Subject06_1.edf,74.0,78.0,182.0,False,4.0,2.0,4s_windows_50pct_overlap,unused,751,False,False,False
Subject06|rest|Subject06_1.edf|76.000|80.000,Subject06,rest,0,Subject06_1.edf,76.0,80.0,182.0,False,4.0,2.0,4s_windows_50pct_overlap,unused,752,False,False,False
Subject06|rest|Subject06_1.edf|78.000|82.000,Subject06,rest,0,Subject06_1.edf,78.0,82.0,182.0,False,4.0,2.0,4s_windows_50pct_overlap,unused,753,False,False,False
Subject06|rest|Subject06_1.edf|80.000|84.000,Subject06,rest,0,Subject06_1.edf,80.0,84.0,182.0,False,4.0,2.0,4s_windows_50pct_overlap,unused,754,False,False,False
Subject06|rest|Subject06_1.edf|82.000|86.000,Subject06,rest,0,Subject06_1.edf,82.0,86.0,182.0,False,4.0,2.0,4s_windows_50pct_overlap,unused,755,False,False,False
Subject06|rest|Subject06_1.edf|84.000|88.000,Subject06,rest,0,Subject06_1.edf,84.0,88.0,182.0,False,4.0,2.0,4s_windows_50pct_overlap,unused,756,False,False,False
Subject06|rest|Subject06_1.edf|86.000|90.000,Subject06,rest,0,Subject06_1.edf,86.0,90.0,182.0,False,4.0,2.0,4s_windows_50pct_overlap,unused,757,False,False,False
Subject06|rest|Subject06_1.edf|88.000|92.000,Subject06,rest,0,Subject06_1.edf,88.0,92.0,182.0,False,4.0,2.0,4s_windows_50pct_overlap,unused,758,False,False,False
Subject06|rest|Subject06_1.edf|90.000|94.000,Subject06,rest,0,Subject06_1.edf,90.0,94.0,182.0,False,4.0,2.0,4s_windows_50pct_overlap,unused,759,False,False,False
Subject06|rest|Subject06_1.edf|92.000|96.000,Subject06,rest,0,Subject06_1.edf,92.0,96.0,182.0,False,4.0,2.0,4s_windows_50pct_overlap,unused,760,False,False,False
Subject06|rest|Subject06_1.edf|94.000|98.000,Subject06,rest,0,Subject06_1.edf,94.0,98.0,182.0,False,4.0,2.0,4s_windows_50pct_overlap,unused,761,False,False,False
Subject06|rest|Subject06_1.edf|96.000|100.000,Subject06,rest,0,Subject06_1.edf,96.0,100.0,182.0,False,4.0,2.0,4s_windows_50pct_overlap,unused,762,False,False,False
Subject06|rest|Subject06_1.edf|98.000|102.000,Subject06,rest,0,Subject06_1.edf,98.0,102.0,182.0,False,4.0,2.0,4s_windows_50pct_overlap,unused,763,False,False,False
Subject06|rest|Subject06_1.edf|100.000|104.000,Subject06,rest,0,Subject06_1.edf,100.0,104.0,182.0,False,4.0,2.0,4s_windows_50pct_overlap,unused,764,False,False,False
Subject06|rest|Subject06_1.edf|102.000|106.000,Subject06,rest,0,Subject06_1.edf,102.0,106.0,182.0,False,4.0,2.0,4s_windows_50pct_overlap,unused,765,False,False,False
Subject06|rest|Subject06_1.edf|104.000|108.000,Subject06,rest,0,Subject06_1.edf,104.0,108.0,182.0,False,4.0,2.0,4s_windows_50pct_overlap,unused,766,False,False,False
Subject06|rest|Subject06_1.edf|106.000|110.000,Subject06,rest,0,Subject06_1.edf,106.0,110.0,182.0,False,4.0,2.0,4s_windows_50pct_overlap,unused,767,False,False,False
Subject06|rest|Subject06_1.edf|108.000|112.000,Subject06,rest,0,Subject06_1.edf,108.0,112.0,182.0,False,4.0,2.0,4s_windows_50pct_overlap,unused,768,False,False,False
Subject06|rest|Subject06_1.edf|110.000|114.000,Subject06,rest,0,Subject06_1.edf,110.0,114.0,182.0,False,4.0,2.0,4s_windows_50pct_overlap,unused,769,False,False,False
Subject06|rest|Subject06_1.edf|112.000|116.000,Subject06,rest,0,Subject06_1.edf,112.0,116.0,182.0,False,4.0,2.0,4s_windows_50pct_overlap,unused,770,False,False,False
Subject06|rest|Subject06_1.edf|114.000|118.000,Subject06,rest,0,Subject06_1.edf,114.0,118.0,182.0,False,4.0,2.0,4s_windows_50pct_overlap,unused,771,False,False,False
Subject06|rest|Subject06_1.edf|116.000|120.000,Subject06,rest,0,Subject06_1.edf,116.0,120.0,182.0,False,4.0,2.0,4s_windows_50pct_overlap,unused,772,False,False,False
Subject06|rest|Subject06_1.edf|118.000|122.000,Subject06,rest,0,Subject06_1.edf,118.0,122.0,182.0,False,4.0,2.0,4s_windows_50pct_overlap,unused,773,False,False,False
Subject06|rest|Subject06_1.edf|120.000|124.000,Subject06,rest,0,Subject06_1.edf,120.0,124.0,182.0,False,4.0,2.0,4s_windows_50pct_overlap,unused,774,False,False,False
Subject06|rest|Subject06_1.edf|122.000|126.000,Subject06,rest,0,Subject06_1.edf,122.0,126.0,182.0,False,4.0,2.0,4s_windows_50pct_overlap,unused,775,False,False,False
Subject06|rest|Subject06_1.edf|124.000|128.000,Subject06,rest,0,Subject06_1.edf,124.0,128.0,182.0,False,4.0,2.0,4s_windows_50pct_overlap,unused,776,False,False,False
Subject06|rest|Subject06_1.edf|126.000|130.000,Subject06,rest,0,Subject06_1.edf,126.0,130.0,182.0,False,4.0,2.0,4s_windows_50pct_overlap,unused,777,False,False,False
Subject06|rest|Subject06_1.edf|128.000|132.000,Subject06,rest,0,Subject06_1.edf,128.0,132.0,182.0,False,4.0,2.0,4s_windows_50pct_overlap,unused,778,False,False,False
Subject06|rest|Subject06_1.edf|130.000|134.000,Subject06,rest,0,Subject06_1.edf,130.0,134.0,182.0,False,4.0,2.0,4s_windows_50pct_overlap,unused,779,False,False,False
Subject06|rest|Subject06_1.edf|132.000|136.000,Subject06,rest,0,Subject06_1.edf,132.0,136.0,182.0,False,4.0,2.0,4s_windows_50pct_overlap,unused,780,False,False,False
Subject06|rest|Subject06_1.edf|134.000|138.000,Subject06,rest,0,Subject06_1.edf,134.0,138.0,182.0,False,4.0,2.0,4s_windows_50pct_overlap,unused,781,False,False,False
Subject06|rest|Subject06_1.edf|136.000|140.000,Subject06,rest,0,Subject06_1.edf,136.0,140.0,182.0,False,4.0,2.0,4s_windows_50pct_overlap,unused,782,False,False,False
Subject06|rest|Subject06_1.edf|138.000|142.000,Subject06,rest,0,Subject06_1.edf,138.0,142.0,182.0,False,4.0,2.0,4s_windows_50pct_overlap,unused,783,False,False,False
Subject06|rest|Subject06_1.edf|140.000|144.000,Subject06,rest,0,Subject06_1.edf,140.0,144.0,182.0,False,4.0,2.0,4s_windows_50pct_overlap,unused,784,False,False,False
Subject06|rest|Subject06_1.edf|142.000|146.000,Subject06,rest,0,Subject06_1.edf,142.0,146.0,182.0,False,4.0,2.0,4s_windows_50pct_overlap,unused,785,False,False,False
Subject06|rest|Subject06_1.edf|144.000|148.000,Subject06,rest,0,Subject06_1.edf,144.0,148.0,182.0,False,4.0,2.0,4s_windows_50pct_overlap,unused,786,False,False,False
Subject06|rest|Subject06_1.edf|146.000|150.000,Subject06,rest,0,Subject06_1.edf,146.0,150.0,182.0,False,4.0,2.0,4s_windows_50pct_overlap,unused,787,False,False,False
Subject06|rest|Subject06_1.edf|148.000|152.000,Subject06,rest,0,Subject06_1.edf,148.0,152.0,182.0,False,4.0,2.0,4s_windows_50pct_overlap,unused,788,False,False,False
Subject06|rest|Subject06_1.edf|150.000|154.000,Subject06,rest,0,Subject06_1.edf,150.0,154.0,182.0,False,4.0,2.0,4s_windows_50pct_overlap,unused,789,False,False,False
Subject06|rest|Subject06_1.edf|152.000|156.000,Subject06,rest,0,Subject06_1.edf,152.0,156.0,182.0,False,4.0,2.0,4s_windows_50pct_overlap,unused,790,False,False,False
Subject06|rest|Subject06_1.edf|154.000|158.000,Subject06,rest,0,Subject06_1.edf,154.0,158.0,182.0,False,4.0,2.0,4s_windows_50pct_overlap,unused,791,False,False,False
Subject06|rest|Subject06_1.edf|156.000|160.000,Subject06,rest,0,Subject06_1.edf,156.0,160.0,182.0,False,4.0,2.0,4s_windows_50pct_overlap,unused,792,False,False,False
Subject06|rest|Subject06_1.edf|158.000|162.000,Subject06,rest,0,Subject06_1.edf,158.0,162.0,182.0,False,4.0,2.0,4s_windows_50pct_overlap,unused,793,False,False,False
Subject06|rest|Subject06_1.edf|160.000|164.000,Subject06,rest,0,Subject06_1.edf,160.0,164.0,182.0,False,4.0,2.0,4s_windows_50pct_overlap,unused,794,False,False,False
Subject06|rest|Subject06_1.edf|162.000|166.000,Subject06,rest,0,Subject06_1.edf,162.0,166.0,182.0,False,4.0,2.0,4s_windows_50pct_overlap,unused,795,False,False,False
Subject06|rest|Subject06_1.edf|164.000|168.000,Subject06,rest,0,Subject06_1.edf,164.0,168.0,182.0,False,4.0,2.0,4s_windows_50pct_overlap,unused,796,False,False,False
Subject06|rest|Subject06_1.edf|166.000|170.000,Subject06,rest,0,Subject06_1.edf,166.0,170.0,182.0,False,4.0,2.0,4s_windows_50pct_overlap,unused,797,False,False,False
Subject06|rest|Subject06_1.edf|168.000|172.000,Subject06,rest,0,Subject06_1.edf,168.0,172.0,182.0,False,4.0,2.0,4s_windows_50pct_overlap,unused,798,False,False,False
Subject06|rest|Subject06_1.edf|170.000|174.000,Subject06,rest,0,Subject06_1.edf,170.0,174.0,182.0,False,4.0,2.0,4s_windows_50pct_overlap,unused,799,False,False,False
Subject06|rest|Subject06_1.edf|172.000|176.000,Subject06,rest,0,Subject06_1.edf,172.0,176.0,182.0,False,4.0,2.0,4s_windows_50pct_overlap,unused,800,False,False,False
Subject06|rest|Subject06_1.edf|174.000|178.000,Subject06,rest,0,Subject06_1.edf,174.0,178.0,182.0,False,4.0,2.0,4s_windows_50pct_overlap,unused,801,False,False,False
Subject06|rest|Subject06_1.edf|176.000|180.000,Subject06,rest,0,Subject06_1.edf,176.0,180.0,182.0,False,4.0,2.0,4s_windows_50pct_overlap,unused,802,False,False,False
Subject06|rest|Subject06_1.edf|178.000|182.000,Subject06,rest,0,Subject06_1.edf,178.0,182.0,182.0,False,4.0,2.0,4s_windows_50pct_overlap,unused,803,False,False,False
Subject06|arithmetic|Subject06_2.edf|0.000|4.000,Subject06,arithmetic,1,Subject06_2.edf,0.0,4.0,62.0,False,4.0,2.0,4s_windows_50pct_overlap,scored_task,804,False,True,False
Subject06|arithmetic|Subject06_2.edf|2.000|6.000,Subject06,arithmetic,1,Subject06_2.edf,2.0,6.0,62.0,False,4.0,2.0,4s_windows_50pct_overlap,scored_task,805,False,True,False
Subject06|arithmetic|Subject06_2.edf|4.000|8.000,Subject06,arithmetic,1,Subject06_2.edf,4.0,8.0,62.0,False,4.0,2.0,4s_windows_50pct_overlap,scored_task,806,False,True,False
Subject06|arithmetic|Subject06_2.edf|6.000|10.000,Subject06,arithmetic,1,Subject06_2.edf,6.0,10.0,62.0,False,4.0,2.0,4s_windows_50pct_overlap,scored_task,807,False,True,False
Subject06|arithmetic|Subject06_2.edf|8.000|12.000,Subject06,arithmetic,1,Subject06_2.edf,8.0,12.0,62.0,False,4.0,2.0,4s_windows_50pct_overlap,scored_task,808,False,True,False
Subject06|arithmetic|Subject06_2.edf|10.000|14.000,Subject06,arithmetic,1,Subject06_2.edf,10.0,14.0,62.0,False,4.0,2.0,4s_windows_50pct_overlap,scored_task,809,False,True,False
Subject06|arithmetic|Subject06_2.edf|12.000|16.000,Subject06,arithmetic,1,Subject06_2.edf,12.0,16.0,62.0,False,4.0,2.0,4s_windows_50pct_overlap,scored_task,810,False,True,False
Subject06|arithmetic|Subject06_2.edf|14.000|18.000,Subject06,arithmetic,1,Subject06_2.edf,14.0,18.0,62.0,False,4.0,2.0,4s_windows_50pct_overlap,scored_task,811,False,True,False
Subject06|arithmetic|Subject06_2.edf|16.000|20.000,Subject06,arithmetic,1,Subject06_2.edf,16.0,20.0,62.0,False,4.0,2.0,4s_windows_50pct_overlap,scored_task,812,False,True,False
Subject06|arithmetic|Subject06_2.edf|18.000|22.000,Subject06,arithmetic,1,Subject06_2.edf,18.0,22.0,62.0,False,4.0,2.0,4s_windows_50pct_overlap,scored_task,813,False,True,False
Subject06|arithmetic|Subject06_2.edf|20.000|24.000,Subject06,arithmetic,1,Subject06_2.edf,20.0,24.0,62.0,False,4.0,2.0,4s_windows_50pct_overlap,scored_task,814,False,True,False
Subject06|arithmetic|Subject06_2.edf|22.000|26.000,Subject06,arithmetic,1,Subject06_2.edf,22.0,26.0,62.0,False,4.0,2.0,4s_windows_50pct_overlap,scored_task,815,False,True,False
Subject06|arithmetic|Subject06_2.edf|24.000|28.000,Subject06,arithmetic,1,Subject06_2.edf,24.0,28.0,62.0,False,4.0,2.0,4s_windows_50pct_overlap,scored_task,816,False,True,False
Subject06|arithmetic|Subject06_2.edf|26.000|30.000,Subject06,arithmetic,1,Subject06_2.edf,26.0,30.0,62.0,False,4.0,2.0,4s_windows_50pct_overlap,scored_task,817,False,True,False
Subject06|arithmetic|Subject06_2.edf|28.000|32.000,Subject06,arithmetic,1,Subject06_2.edf,28.0,32.0,62.0,False,4.0,2.0,4s_windows_50pct_overlap,unused,818,False,False,False
Subject06|arithmetic|Subject06_2.edf|30.000|34.000,Subject06,arithmetic,1,Subject06_2.edf,30.0,34.0,62.0,False,4.0,2.0,4s_windows_50pct_overlap,unused,819,False,False,False
Subject06|arithmetic|Subject06_2.edf|32.000|36.000,Subject06,arithmetic,1,Subject06_2.edf,32.0,36.0,62.0,False,4.0,2.0,4s_windows_50pct_overlap,unused,820,False,False,False
Subject06|arithmetic|Subject06_2.edf|34.000|38.000,Subject06,arithmetic,1,Subject06_2.edf,34.0,38.0,62.0,False,4.0,2.0,4s_windows_50pct_overlap,unused,821,False,False,False
Subject06|arithmetic|Subject06_2.edf|36.000|40.000,Subject06,arithmetic,1,Subject06_2.edf,36.0,40.0,62.0,False,4.0,2.0,4s_windows_50pct_overlap,unused,822,False,False,False
Subject06|arithmetic|Subject06_2.edf|38.000|42.000,Subject06,arithmetic,1,Subject06_2.edf,38.0,42.0,62.0,False,4.0,2.0,4s_windows_50pct_overlap,unused,823,False,False,False
Subject06|arithmetic|Subject06_2.edf|40.000|44.000,Subject06,arithmetic,1,Subject06_2.edf,40.0,44.0,62.0,False,4.0,2.0,4s_windows_50pct_overlap,unused,824,False,False,False
Subject06|arithmetic|Subject06_2.edf|42.000|46.000,Subject06,arithmetic,1,Subject06_2.edf,42.0,46.0,62.0,False,4.0,2.0,4s_windows_50pct_overlap,unused,825,False,False,False
Subject06|arithmetic|Subject06_2.edf|44.000|48.000,Subject06,arithmetic,1,Subject06_2.edf,44.0,48.0,62.0,False,4.0,2.0,4s_windows_50pct_overlap,unused,826,False,False,False
Subject06|arithmetic|Subject06_2.edf|46.000|50.000,Subject06,arithmetic,1,Subject06_2.edf,46.0,50.0,62.0,False,4.0,2.0,4s_windows_50pct_overlap,unused,827,False,False,False
Subject06|arithmetic|Subject06_2.edf|48.000|52.000,Subject06,arithmetic,1,Subject06_2.edf,48.0,52.0,62.0,False,4.0,2.0,4s_windows_50pct_overlap,unused,828,False,False,False
Subject06|arithmetic|Subject06_2.edf|50.000|54.000,Subject06,arithmetic,1,Subject06_2.edf,50.0,54.0,62.0,False,4.0,2.0,4s_windows_50pct_overlap,unused,829,False,False,False
Subject06|arithmetic|Subject06_2.edf|52.000|56.000,Subject06,arithmetic,1,Subject06_2.edf,52.0,56.0,62.0,False,4.0,2.0,4s_windows_50pct_overlap,unused,830,False,False,False
Subject06|arithmetic|Subject06_2.edf|54.000|58.000,Subject06,arithmetic,1,Subject06_2.edf,54.0,58.0,62.0,False,4.0,2.0,4s_windows_50pct_overlap,unused,831,False,False,False
Subject06|arithmetic|Subject06_2.edf|56.000|60.000,Subject06,arithmetic,1,Subject06_2.edf,56.0,60.0,62.0,False,4.0,2.0,4s_windows_50pct_overlap,unused,832,False,False,False
Subject06|arithmetic|Subject06_2.edf|58.000|62.000,Subject06,arithmetic,1,Subject06_2.edf,58.0,62.0,62.0,False,4.0,2.0,4s_windows_50pct_overlap,unused,833,False,False,False
Subject07|rest|Subject07_1.edf|0.000|4.000,Subject07,rest,0,Subject07_1.edf,0.0,4.0,182.0,False,4.0,2.0,4s_windows_50pct_overlap,calibration,834,True,False,False
Subject07|rest|Subject07_1.edf|2.000|6.000,Subject07,rest,0,Subject07_1.edf,2.0,6.0,182.0,False,4.0,2.0,4s_windows_50pct_overlap,calibration,835,True,False,False
Subject07|rest|Subject07_1.edf|4.000|8.000,Subject07,rest,0,Subject07_1.edf,4.0,8.0,182.0,False,4.0,2.0,4s_windows_50pct_overlap,calibration,836,True,False,False
Subject07|rest|Subject07_1.edf|6.000|10.000,Subject07,rest,0,Subject07_1.edf,6.0,10.0,182.0,False,4.0,2.0,4s_windows_50pct_overlap,calibration,837,True,False,False
Subject07|rest|Subject07_1.edf|8.000|12.000,Subject07,rest,0,Subject07_1.edf,8.0,12.0,182.0,False,4.0,2.0,4s_windows_50pct_overlap,calibration,838,True,False,False
Subject07|rest|Subject07_1.edf|10.000|14.000,Subject07,rest,0,Subject07_1.edf,10.0,14.0,182.0,False,4.0,2.0,4s_windows_50pct_overlap,calibration,839,True,False,False
Subject07|rest|Subject07_1.edf|12.000|16.000,Subject07,rest,0,Subject07_1.edf,12.0,16.0,182.0,False,4.0,2.0,4s_windows_50pct_overlap,calibration,840,True,False,False
Subject07|rest|Subject07_1.edf|14.000|18.000,Subject07,rest,0,Subject07_1.edf,14.0,18.0,182.0,False,4.0,2.0,4s_windows_50pct_overlap,calibration,841,True,False,False
Subject07|rest|Subject07_1.edf|16.000|20.000,Subject07,rest,0,Subject07_1.edf,16.0,20.0,182.0,False,4.0,2.0,4s_windows_50pct_overlap,calibration,842,True,False,False
Subject07|rest|Subject07_1.edf|18.000|22.000,Subject07,rest,0,Subject07_1.edf,18.0,22.0,182.0,False,4.0,2.0,4s_windows_50pct_overlap,calibration,843,True,False,False
Subject07|rest|Subject07_1.edf|20.000|24.000,Subject07,rest,0,Subject07_1.edf,20.0,24.0,182.0,False,4.0,2.0,4s_windows_50pct_overlap,calibration,844,True,False,False
Subject07|rest|Subject07_1.edf|22.000|26.000,Subject07,rest,0,Subject07_1.edf,22.0,26.0,182.0,False,4.0,2.0,4s_windows_50pct_overlap,calibration,845,True,False,False
Subject07|rest|Subject07_1.edf|24.000|28.000,Subject07,rest,0,Subject07_1.edf,24.0,28.0,182.0,False,4.0,2.0,4s_windows_50pct_overlap,calibration,846,True,False,False
Subject07|rest|Subject07_1.edf|26.000|30.000,Subject07,rest,0,Subject07_1.edf,26.0,30.0,182.0,False,4.0,2.0,4s_windows_50pct_overlap,calibration,847,True,False,False
Subject07|rest|Subject07_1.edf|28.000|32.000,Subject07,rest,0,Subject07_1.edf,28.0,32.0,182.0,False,4.0,2.0,4s_windows_50pct_overlap,unused,848,False,False,False
Subject07|rest|Subject07_1.edf|30.000|34.000,Subject07,rest,0,Subject07_1.edf,30.0,34.0,182.0,False,4.0,2.0,4s_windows_50pct_overlap,scored_rest,849,False,True,False
Subject07|rest|Subject07_1.edf|32.000|36.000,Subject07,rest,0,Subject07_1.edf,32.0,36.0,182.0,False,4.0,2.0,4s_windows_50pct_overlap,scored_rest,850,False,True,False
Subject07|rest|Subject07_1.edf|34.000|38.000,Subject07,rest,0,Subject07_1.edf,34.0,38.0,182.0,False,4.0,2.0,4s_windows_50pct_overlap,scored_rest,851,False,True,False
Subject07|rest|Subject07_1.edf|36.000|40.000,Subject07,rest,0,Subject07_1.edf,36.0,40.0,182.0,False,4.0,2.0,4s_windows_50pct_overlap,scored_rest,852,False,True,False
Subject07|rest|Subject07_1.edf|38.000|42.000,Subject07,rest,0,Subject07_1.edf,38.0,42.0,182.0,False,4.0,2.0,4s_windows_50pct_overlap,scored_rest,853,False,True,False
Subject07|rest|Subject07_1.edf|40.000|44.000,Subject07,rest,0,Subject07_1.edf,40.0,44.0,182.0,False,4.0,2.0,4s_windows_50pct_overlap,scored_rest,854,False,True,False
Subject07|rest|Subject07_1.edf|42.000|46.000,Subject07,rest,0,Subject07_1.edf,42.0,46.0,182.0,False,4.0,2.0,4s_windows_50pct_overlap,scored_rest,855,False,True,False
Subject07|rest|Subject07_1.edf|44.000|48.000,Subject07,rest,0,Subject07_1.edf,44.0,48.0,182.0,False,4.0,2.0,4s_windows_50pct_overlap,scored_rest,856,False,True,False
Subject07|rest|Subject07_1.edf|46.000|50.000,Subject07,rest,0,Subject07_1.edf,46.0,50.0,182.0,False,4.0,2.0,4s_windows_50pct_overlap,scored_rest,857,False,True,False
Subject07|rest|Subject07_1.edf|48.000|52.000,Subject07,rest,0,Subject07_1.edf,48.0,52.0,182.0,False,4.0,2.0,4s_windows_50pct_overlap,scored_rest,858,False,True,False
Subject07|rest|Subject07_1.edf|50.000|54.000,Subject07,rest,0,Subject07_1.edf,50.0,54.0,182.0,False,4.0,2.0,4s_windows_50pct_overlap,scored_rest,859,False,True,False
Subject07|rest|Subject07_1.edf|52.000|56.000,Subject07,rest,0,Subject07_1.edf,52.0,56.0,182.0,False,4.0,2.0,4s_windows_50pct_overlap,scored_rest,860,False,True,False
Subject07|rest|Subject07_1.edf|54.000|58.000,Subject07,rest,0,Subject07_1.edf,54.0,58.0,182.0,False,4.0,2.0,4s_windows_50pct_overlap,scored_rest,861,False,True,False
Subject07|rest|Subject07_1.edf|56.000|60.000,Subject07,rest,0,Subject07_1.edf,56.0,60.0,182.0,False,4.0,2.0,4s_windows_50pct_overlap,scored_rest,862,False,True,False
Subject07|rest|Subject07_1.edf|58.000|62.000,Subject07,rest,0,Subject07_1.edf,58.0,62.0,182.0,False,4.0,2.0,4s_windows_50pct_overlap,unused,863,False,False,False
Subject07|rest|Subject07_1.edf|60.000|64.000,Subject07,rest,0,Subject07_1.edf,60.0,64.0,182.0,False,4.0,2.0,4s_windows_50pct_overlap,unused,864,False,False,False
Subject07|rest|Subject07_1.edf|62.000|66.000,Subject07,rest,0,Subject07_1.edf,62.0,66.0,182.0,False,4.0,2.0,4s_windows_50pct_overlap,unused,865,False,False,False
Subject07|rest|Subject07_1.edf|64.000|68.000,Subject07,rest,0,Subject07_1.edf,64.0,68.0,182.0,False,4.0,2.0,4s_windows_50pct_overlap,unused,866,False,False,False
Subject07|rest|Subject07_1.edf|66.000|70.000,Subject07,rest,0,Subject07_1.edf,66.0,70.0,182.0,False,4.0,2.0,4s_windows_50pct_overlap,unused,867,False,False,False
Subject07|rest|Subject07_1.edf|68.000|72.000,Subject07,rest,0,Subject07_1.edf,68.0,72.0,182.0,False,4.0,2.0,4s_windows_50pct_overlap,unused,868,False,False,False
Subject07|rest|Subject07_1.edf|70.000|74.000,Subject07,rest,0,Subject07_1.edf,70.0,74.0,182.0,False,4.0,2.0,4s_windows_50pct_overlap,unused,869,False,False,False
Subject07|rest|Subject07_1.edf|72.000|76.000,Subject07,rest,0,Subject07_1.edf,72.0,76.0,182.0,False,4.0,2.0,4s_windows_50pct_overlap,unused,870,False,False,False
Subject07|rest|Subject07_1.edf|74.000|78.000,Subject07,rest,0,Subject07_1.edf,74.0,78.0,182.0,False,4.0,2.0,4s_windows_50pct_overlap,unused,871,False,False,False
Subject07|rest|Subject07_1.edf|76.000|80.000,Subject07,rest,0,Subject07_1.edf,76.0,80.0,182.0,False,4.0,2.0,4s_windows_50pct_overlap,unused,872,False,False,False
Subject07|rest|Subject07_1.edf|78.000|82.000,Subject07,rest,0,Subject07_1.edf,78.0,82.0,182.0,False,4.0,2.0,4s_windows_50pct_overlap,unused,873,False,False,False
Subject07|rest|Subject07_1.edf|80.000|84.000,Subject07,rest,0,Subject07_1.edf,80.0,84.0,182.0,False,4.0,2.0,4s_windows_50pct_overlap,unused,874,False,False,False
Subject07|rest|Subject07_1.edf|82.000|86.000,Subject07,rest,0,Subject07_1.edf,82.0,86.0,182.0,False,4.0,2.0,4s_windows_50pct_overlap,unused,875,False,False,False
Subject07|rest|Subject07_1.edf|84.000|88.000,Subject07,rest,0,Subject07_1.edf,84.0,88.0,182.0,False,4.0,2.0,4s_windows_50pct_overlap,unused,876,False,False,False
Subject07|rest|Subject07_1.edf|86.000|90.000,Subject07,rest,0,Subject07_1.edf,86.0,90.0,182.0,False,4.0,2.0,4s_windows_50pct_overlap,unused,877,False,False,False
Subject07|rest|Subject07_1.edf|88.000|92.000,Subject07,rest,0,Subject07_1.edf,88.0,92.0,182.0,False,4.0,2.0,4s_windows_50pct_overlap,unused,878,False,False,False
Subject07|rest|Subject07_1.edf|90.000|94.000,Subject07,rest,0,Subject07_1.edf,90.0,94.0,182.0,False,4.0,2.0,4s_windows_50pct_overlap,unused,879,False,False,False
Subject07|rest|Subject07_1.edf|92.000|96.000,Subject07,rest,0,Subject07_1.edf,92.0,96.0,182.0,False,4.0,2.0,4s_windows_50pct_overlap,unused,880,False,False,False
Subject07|rest|Subject07_1.edf|94.000|98.000,Subject07,rest,0,Subject07_1.edf,94.0,98.0,182.0,False,4.0,2.0,4s_windows_50pct_overlap,unused,881,False,False,False
Subject07|rest|Subject07_1.edf|96.000|100.000,Subject07,rest,0,Subject07_1.edf,96.0,100.0,182.0,False,4.0,2.0,4s_windows_50pct_overlap,unused,882,False,False,False
Subject07|rest|Subject07_1.edf|98.000|102.000,Subject07,rest,0,Subject07_1.edf,98.0,102.0,182.0,False,4.0,2.0,4s_windows_50pct_overlap,unused,883,False,False,False
Subject07|rest|Subject07_1.edf|100.000|104.000,Subject07,rest,0,Subject07_1.edf,100.0,104.0,182.0,False,4.0,2.0,4s_windows_50pct_overlap,unused,884,False,False,False
Subject07|rest|Subject07_1.edf|102.000|106.000,Subject07,rest,0,Subject07_1.edf,102.0,106.0,182.0,False,4.0,2.0,4s_windows_50pct_overlap,unused,885,False,False,False
Subject07|rest|Subject07_1.edf|104.000|108.000,Subject07,rest,0,Subject07_1.edf,104.0,108.0,182.0,False,4.0,2.0,4s_windows_50pct_overlap,unused,886,False,False,False
Subject07|rest|Subject07_1.edf|106.000|110.000,Subject07,rest,0,Subject07_1.edf,106.0,110.0,182.0,False,4.0,2.0,4s_windows_50pct_overlap,unused,887,False,False,False
Subject07|rest|Subject07_1.edf|108.000|112.000,Subject07,rest,0,Subject07_1.edf,108.0,112.0,182.0,False,4.0,2.0,4s_windows_50pct_overlap,unused,888,False,False,False
Subject07|rest|Subject07_1.edf|110.000|114.000,Subject07,rest,0,Subject07_1.edf,110.0,114.0,182.0,False,4.0,2.0,4s_windows_50pct_overlap,unused,889,False,False,False
Subject07|rest|Subject07_1.edf|112.000|116.000,Subject07,rest,0,Subject07_1.edf,112.0,116.0,182.0,False,4.0,2.0,4s_windows_50pct_overlap,unused,890,False,False,False
Subject07|rest|Subject07_1.edf|114.000|118.000,Subject07,rest,0,Subject07_1.edf,114.0,118.0,182.0,False,4.0,2.0,4s_windows_50pct_overlap,unused,891,False,False,False
Subject07|rest|Subject07_1.edf|116.000|120.000,Subject07,rest,0,Subject07_1.edf,116.0,120.0,182.0,False,4.0,2.0,4s_windows_50pct_overlap,unused,892,False,False,False
Subject07|rest|Subject07_1.edf|118.000|122.000,Subject07,rest,0,Subject07_1.edf,118.0,122.0,182.0,False,4.0,2.0,4s_windows_50pct_overlap,unused,893,False,False,False
Subject07|rest|Subject07_1.edf|120.000|124.000,Subject07,rest,0,Subject07_1.edf,120.0,124.0,182.0,False,4.0,2.0,4s_windows_50pct_overlap,unused,894,False,False,False
Subject07|rest|Subject07_1.edf|122.000|126.000,Subject07,rest,0,Subject07_1.edf,122.0,126.0,182.0,False,4.0,2.0,4s_windows_50pct_overlap,unused,895,False,False,False
Subject07|rest|Subject07_1.edf|124.000|128.000,Subject07,rest,0,Subject07_1.edf,124.0,128.0,182.0,False,4.0,2.0,4s_windows_50pct_overlap,unused,896,False,False,False
Subject07|rest|Subject07_1.edf|126.000|130.000,Subject07,rest,0,Subject07_1.edf,126.0,130.0,182.0,False,4.0,2.0,4s_windows_50pct_overlap,unused,897,False,False,False
Subject07|rest|Subject07_1.edf|128.000|132.000,Subject07,rest,0,Subject07_1.edf,128.0,132.0,182.0,False,4.0,2.0,4s_windows_50pct_overlap,unused,898,False,False,False
Subject07|rest|Subject07_1.edf|130.000|134.000,Subject07,rest,0,Subject07_1.edf,130.0,134.0,182.0,False,4.0,2.0,4s_windows_50pct_overlap,unused,899,False,False,False
Subject07|rest|Subject07_1.edf|132.000|136.000,Subject07,rest,0,Subject07_1.edf,132.0,136.0,182.0,False,4.0,2.0,4s_windows_50pct_overlap,unused,900,False,False,False
Subject07|rest|Subject07_1.edf|134.000|138.000,Subject07,rest,0,Subject07_1.edf,134.0,138.0,182.0,False,4.0,2.0,4s_windows_50pct_overlap,unused,901,False,False,False
Subject07|rest|Subject07_1.edf|136.000|140.000,Subject07,rest,0,Subject07_1.edf,136.0,140.0,182.0,False,4.0,2.0,4s_windows_50pct_overlap,unused,902,False,False,False
Subject07|rest|Subject07_1.edf|138.000|142.000,Subject07,rest,0,Subject07_1.edf,138.0,142.0,182.0,False,4.0,2.0,4s_windows_50pct_overlap,unused,903,False,False,False
Subject07|rest|Subject07_1.edf|140.000|144.000,Subject07,rest,0,Subject07_1.edf,140.0,144.0,182.0,False,4.0,2.0,4s_windows_50pct_overlap,unused,904,False,False,False
Subject07|rest|Subject07_1.edf|142.000|146.000,Subject07,rest,0,Subject07_1.edf,142.0,146.0,182.0,False,4.0,2.0,4s_windows_50pct_overlap,unused,905,False,False,False
Subject07|rest|Subject07_1.edf|144.000|148.000,Subject07,rest,0,Subject07_1.edf,144.0,148.0,182.0,False,4.0,2.0,4s_windows_50pct_overlap,unused,906,False,False,False
Subject07|rest|Subject07_1.edf|146.000|150.000,Subject07,rest,0,Subject07_1.edf,146.0,150.0,182.0,False,4.0,2.0,4s_windows_50pct_overlap,unused,907,False,False,False
Subject07|rest|Subject07_1.edf|148.000|152.000,Subject07,rest,0,Subject07_1.edf,148.0,152.0,182.0,False,4.0,2.0,4s_windows_50pct_overlap,unused,908,False,False,False
Subject07|rest|Subject07_1.edf|150.000|154.000,Subject07,rest,0,Subject07_1.edf,150.0,154.0,182.0,False,4.0,2.0,4s_windows_50pct_overlap,unused,909,False,False,False
Subject07|rest|Subject07_1.edf|152.000|156.000,Subject07,rest,0,Subject07_1.edf,152.0,156.0,182.0,False,4.0,2.0,4s_windows_50pct_overlap,unused,910,False,False,False
Subject07|rest|Subject07_1.edf|154.000|158.000,Subject07,rest,0,Subject07_1.edf,154.0,158.0,182.0,False,4.0,2.0,4s_windows_50pct_overlap,unused,911,False,False,False
Subject07|rest|Subject07_1.edf|156.000|160.000,Subject07,rest,0,Subject07_1.edf,156.0,160.0,182.0,False,4.0,2.0,4s_windows_50pct_overlap,unused,912,False,False,False
Subject07|rest|Subject07_1.edf|158.000|162.000,Subject07,rest,0,Subject07_1.edf,158.0,162.0,182.0,False,4.0,2.0,4s_windows_50pct_overlap,unused,913,False,False,False
Subject07|rest|Subject07_1.edf|160.000|164.000,Subject07,rest,0,Subject07_1.edf,160.0,164.0,182.0,False,4.0,2.0,4s_windows_50pct_overlap,unused,914,False,False,False
Subject07|rest|Subject07_1.edf|162.000|166.000,Subject07,rest,0,Subject07_1.edf,162.0,166.0,182.0,False,4.0,2.0,4s_windows_50pct_overlap,unused,915,False,False,False
Subject07|rest|Subject07_1.edf|164.000|168.000,Subject07,rest,0,Subject07_1.edf,164.0,168.0,182.0,False,4.0,2.0,4s_windows_50pct_overlap,unused,916,False,False,False
Subject07|rest|Subject07_1.edf|166.000|170.000,Subject07,rest,0,Subject07_1.edf,166.0,170.0,182.0,False,4.0,2.0,4s_windows_50pct_overlap,unused,917,False,False,False
Subject07|rest|Subject07_1.edf|168.000|172.000,Subject07,rest,0,Subject07_1.edf,168.0,172.0,182.0,False,4.0,2.0,4s_windows_50pct_overlap,unused,918,False,False,False
Subject07|rest|Subject07_1.edf|170.000|174.000,Subject07,rest,0,Subject07_1.edf,170.0,174.0,182.0,False,4.0,2.0,4s_windows_50pct_overlap,unused,919,False,False,False
Subject07|rest|Subject07_1.edf|172.000|176.000,Subject07,rest,0,Subject07_1.edf,172.0,176.0,182.0,False,4.0,2.0,4s_windows_50pct_overlap,unused,920,False,False,False
Subject07|rest|Subject07_1.edf|174.000|178.000,Subject07,rest,0,Subject07_1.edf,174.0,178.0,182.0,False,4.0,2.0,4s_windows_50pct_overlap,unused,921,False,False,False
Subject07|rest|Subject07_1.edf|176.000|180.000,Subject07,rest,0,Subject07_1.edf,176.0,180.0,182.0,False,4.0,2.0,4s_windows_50pct_overlap,unused,922,False,False,False
Subject07|rest|Subject07_1.edf|178.000|182.000,Subject07,rest,0,Subject07_1.edf,178.0,182.0,182.0,False,4.0,2.0,4s_windows_50pct_overlap,unused,923,False,False,False
Subject07|arithmetic|Subject07_2.edf|0.000|4.000,Subject07,arithmetic,1,Subject07_2.edf,0.0,4.0,62.0,False,4.0,2.0,4s_windows_50pct_overlap,scored_task,924,False,True,False
Subject07|arithmetic|Subject07_2.edf|2.000|6.000,Subject07,arithmetic,1,Subject07_2.edf,2.0,6.0,62.0,False,4.0,2.0,4s_windows_50pct_overlap,scored_task,925,False,True,False
Subject07|arithmetic|Subject07_2.edf|4.000|8.000,Subject07,arithmetic,1,Subject07_2.edf,4.0,8.0,62.0,False,4.0,2.0,4s_windows_50pct_overlap,scored_task,926,False,True,False
Subject07|arithmetic|Subject07_2.edf|6.000|10.000,Subject07,arithmetic,1,Subject07_2.edf,6.0,10.0,62.0,False,4.0,2.0,4s_windows_50pct_overlap,scored_task,927,False,True,False
Subject07|arithmetic|Subject07_2.edf|8.000|12.000,Subject07,arithmetic,1,Subject07_2.edf,8.0,12.0,62.0,False,4.0,2.0,4s_windows_50pct_overlap,scored_task,928,False,True,False
Subject07|arithmetic|Subject07_2.edf|10.000|14.000,Subject07,arithmetic,1,Subject07_2.edf,10.0,14.0,62.0,False,4.0,2.0,4s_windows_50pct_overlap,scored_task,929,False,True,False
Subject07|arithmetic|Subject07_2.edf|12.000|16.000,Subject07,arithmetic,1,Subject07_2.edf,12.0,16.0,62.0,False,4.0,2.0,4s_windows_50pct_overlap,scored_task,930,False,True,False
Subject07|arithmetic|Subject07_2.edf|14.000|18.000,Subject07,arithmetic,1,Subject07_2.edf,14.0,18.0,62.0,False,4.0,2.0,4s_windows_50pct_overlap,scored_task,931,False,True,False
Subject07|arithmetic|Subject07_2.edf|16.000|20.000,Subject07,arithmetic,1,Subject07_2.edf,16.0,20.0,62.0,False,4.0,2.0,4s_windows_50pct_overlap,scored_task,932,False,True,False
Subject07|arithmetic|Subject07_2.edf|18.000|22.000,Subject07,arithmetic,1,Subject07_2.edf,18.0,22.0,62.0,False,4.0,2.0,4s_windows_50pct_overlap,scored_task,933,False,True,False
Subject07|arithmetic|Subject07_2.edf|20.000|24.000,Subject07,arithmetic,1,Subject07_2.edf,20.0,24.0,62.0,False,4.0,2.0,4s_windows_50pct_overlap,scored_task,934,False,True,False
Subject07|arithmetic|Subject07_2.edf|22.000|26.000,Subject07,arithmetic,1,Subject07_2.edf,22.0,26.0,62.0,False,4.0,2.0,4s_windows_50pct_overlap,scored_task,935,False,True,False
Subject07|arithmetic|Subject07_2.edf|24.000|28.000,Subject07,arithmetic,1,Subject07_2.edf,24.0,28.0,62.0,False,4.0,2.0,4s_windows_50pct_overlap,scored_task,936,False,True,False
Subject07|arithmetic|Subject07_2.edf|26.000|30.000,Subject07,arithmetic,1,Subject07_2.edf,26.0,30.0,62.0,False,4.0,2.0,4s_windows_50pct_overlap,scored_task,937,False,True,False
Subject07|arithmetic|Subject07_2.edf|28.000|32.000,Subject07,arithmetic,1,Subject07_2.edf,28.0,32.0,62.0,False,4.0,2.0,4s_windows_50pct_overlap,unused,938,False,False,False
Subject07|arithmetic|Subject07_2.edf|30.000|34.000,Subject07,arithmetic,1,Subject07_2.edf,30.0,34.0,62.0,False,4.0,2.0,4s_windows_50pct_overlap,unused,939,False,False,False
Subject07|arithmetic|Subject07_2.edf|32.000|36.000,Subject07,arithmetic,1,Subject07_2.edf,32.0,36.0,62.0,False,4.0,2.0,4s_windows_50pct_overlap,unused,940,False,False,False
Subject07|arithmetic|Subject07_2.edf|34.000|38.000,Subject07,arithmetic,1,Subject07_2.edf,34.0,38.0,62.0,False,4.0,2.0,4s_windows_50pct_overlap,unused,941,False,False,False
Subject07|arithmetic|Subject07_2.edf|36.000|40.000,Subject07,arithmetic,1,Subject07_2.edf,36.0,40.0,62.0,False,4.0,2.0,4s_windows_50pct_overlap,unused,942,False,False,False
Subject07|arithmetic|Subject07_2.edf|38.000|42.000,Subject07,arithmetic,1,Subject07_2.edf,38.0,42.0,62.0,False,4.0,2.0,4s_windows_50pct_overlap,unused,943,False,False,False
Subject07|arithmetic|Subject07_2.edf|40.000|44.000,Subject07,arithmetic,1,Subject07_2.edf,40.0,44.0,62.0,False,4.0,2.0,4s_windows_50pct_overlap,unused,944,False,False,False
Subject07|arithmetic|Subject07_2.edf|42.000|46.000,Subject07,arithmetic,1,Subject07_2.edf,42.0,46.0,62.0,False,4.0,2.0,4s_windows_50pct_overlap,unused,945,False,False,False
Subject07|arithmetic|Subject07_2.edf|44.000|48.000,Subject07,arithmetic,1,Subject07_2.edf,44.0,48.0,62.0,False,4.0,2.0,4s_windows_50pct_overlap,unused,946,False,False,False
Subject07|arithmetic|Subject07_2.edf|46.000|50.000,Subject07,arithmetic,1,Subject07_2.edf,46.0,50.0,62.0,False,4.0,2.0,4s_windows_50pct_overlap,unused,947,False,False,False
Subject07|arithmetic|Subject07_2.edf|48.000|52.000,Subject07,arithmetic,1,Subject07_2.edf,48.0,52.0,62.0,False,4.0,2.0,4s_windows_50pct_overlap,unused,948,False,False,False
Subject07|arithmetic|Subject07_2.edf|50.000|54.000,Subject07,arithmetic,1,Subject07_2.edf,50.0,54.0,62.0,False,4.0,2.0,4s_windows_50pct_overlap,unused,949,False,False,False
Subject07|arithmetic|Subject07_2.edf|52.000|56.000,Subject07,arithmetic,1,Subject07_2.edf,52.0,56.0,62.0,False,4.0,2.0,4s_windows_50pct_overlap,unused,950,False,False,False
Subject07|arithmetic|Subject07_2.edf|54.000|58.000,Subject07,arithmetic,1,Subject07_2.edf,54.0,58.0,62.0,False,4.0,2.0,4s_windows_50pct_overlap,unused,951,False,False,False
Subject07|arithmetic|Subject07_2.edf|56.000|60.000,Subject07,arithmetic,1,Subject07_2.edf,56.0,60.0,62.0,False,4.0,2.0,4s_windows_50pct_overlap,unused,952,False,False,False
Subject07|arithmetic|Subject07_2.edf|58.000|62.000,Subject07,arithmetic,1,Subject07_2.edf,58.0,62.0,62.0,False,4.0,2.0,4s_windows_50pct_overlap,unused,953,False,False,False
Subject08|rest|Subject08_1.edf|0.000|4.000,Subject08,rest,0,Subject08_1.edf,0.0,4.0,182.0,False,4.0,2.0,4s_windows_50pct_overlap,calibration,954,True,False,False
Subject08|rest|Subject08_1.edf|2.000|6.000,Subject08,rest,0,Subject08_1.edf,2.0,6.0,182.0,False,4.0,2.0,4s_windows_50pct_overlap,calibration,955,True,False,False
Subject08|rest|Subject08_1.edf|4.000|8.000,Subject08,rest,0,Subject08_1.edf,4.0,8.0,182.0,False,4.0,2.0,4s_windows_50pct_overlap,calibration,956,True,False,False
Subject08|rest|Subject08_1.edf|6.000|10.000,Subject08,rest,0,Subject08_1.edf,6.0,10.0,182.0,False,4.0,2.0,4s_windows_50pct_overlap,calibration,957,True,False,False
Subject08|rest|Subject08_1.edf|8.000|12.000,Subject08,rest,0,Subject08_1.edf,8.0,12.0,182.0,False,4.0,2.0,4s_windows_50pct_overlap,calibration,958,True,False,False
Subject08|rest|Subject08_1.edf|10.000|14.000,Subject08,rest,0,Subject08_1.edf,10.0,14.0,182.0,False,4.0,2.0,4s_windows_50pct_overlap,calibration,959,True,False,False
Subject08|rest|Subject08_1.edf|12.000|16.000,Subject08,rest,0,Subject08_1.edf,12.0,16.0,182.0,False,4.0,2.0,4s_windows_50pct_overlap,calibration,960,True,False,False
Subject08|rest|Subject08_1.edf|14.000|18.000,Subject08,rest,0,Subject08_1.edf,14.0,18.0,182.0,False,4.0,2.0,4s_windows_50pct_overlap,calibration,961,True,False,False
Subject08|rest|Subject08_1.edf|16.000|20.000,Subject08,rest,0,Subject08_1.edf,16.0,20.0,182.0,False,4.0,2.0,4s_windows_50pct_overlap,calibration,962,True,False,False
Subject08|rest|Subject08_1.edf|18.000|22.000,Subject08,rest,0,Subject08_1.edf,18.0,22.0,182.0,False,4.0,2.0,4s_windows_50pct_overlap,calibration,963,True,False,False
Subject08|rest|Subject08_1.edf|20.000|24.000,Subject08,rest,0,Subject08_1.edf,20.0,24.0,182.0,False,4.0,2.0,4s_windows_50pct_overlap,calibration,964,True,False,False
Subject08|rest|Subject08_1.edf|22.000|26.000,Subject08,rest,0,Subject08_1.edf,22.0,26.0,182.0,False,4.0,2.0,4s_windows_50pct_overlap,calibration,965,True,False,False
Subject08|rest|Subject08_1.edf|24.000|28.000,Subject08,rest,0,Subject08_1.edf,24.0,28.0,182.0,False,4.0,2.0,4s_windows_50pct_overlap,calibration,966,True,False,False
Subject08|rest|Subject08_1.edf|26.000|30.000,Subject08,rest,0,Subject08_1.edf,26.0,30.0,182.0,False,4.0,2.0,4s_windows_50pct_overlap,calibration,967,True,False,False
Subject08|rest|Subject08_1.edf|28.000|32.000,Subject08,rest,0,Subject08_1.edf,28.0,32.0,182.0,False,4.0,2.0,4s_windows_50pct_overlap,unused,968,False,False,False
Subject08|rest|Subject08_1.edf|30.000|34.000,Subject08,rest,0,Subject08_1.edf,30.0,34.0,182.0,False,4.0,2.0,4s_windows_50pct_overlap,scored_rest,969,False,True,False
Subject08|rest|Subject08_1.edf|32.000|36.000,Subject08,rest,0,Subject08_1.edf,32.0,36.0,182.0,False,4.0,2.0,4s_windows_50pct_overlap,scored_rest,970,False,True,False
Subject08|rest|Subject08_1.edf|34.000|38.000,Subject08,rest,0,Subject08_1.edf,34.0,38.0,182.0,False,4.0,2.0,4s_windows_50pct_overlap,scored_rest,971,False,True,False
Subject08|rest|Subject08_1.edf|36.000|40.000,Subject08,rest,0,Subject08_1.edf,36.0,40.0,182.0,False,4.0,2.0,4s_windows_50pct_overlap,scored_rest,972,False,True,False
Subject08|rest|Subject08_1.edf|38.000|42.000,Subject08,rest,0,Subject08_1.edf,38.0,42.0,182.0,False,4.0,2.0,4s_windows_50pct_overlap,scored_rest,973,False,True,False
Subject08|rest|Subject08_1.edf|40.000|44.000,Subject08,rest,0,Subject08_1.edf,40.0,44.0,182.0,False,4.0,2.0,4s_windows_50pct_overlap,scored_rest,974,False,True,False
Subject08|rest|Subject08_1.edf|42.000|46.000,Subject08,rest,0,Subject08_1.edf,42.0,46.0,182.0,False,4.0,2.0,4s_windows_50pct_overlap,scored_rest,975,False,True,False
Subject08|rest|Subject08_1.edf|44.000|48.000,Subject08,rest,0,Subject08_1.edf,44.0,48.0,182.0,False,4.0,2.0,4s_windows_50pct_overlap,scored_rest,976,False,True,False
Subject08|rest|Subject08_1.edf|46.000|50.000,Subject08,rest,0,Subject08_1.edf,46.0,50.0,182.0,False,4.0,2.0,4s_windows_50pct_overlap,scored_rest,977,False,True,False
Subject08|rest|Subject08_1.edf|48.000|52.000,Subject08,rest,0,Subject08_1.edf,48.0,52.0,182.0,False,4.0,2.0,4s_windows_50pct_overlap,scored_rest,978,False,True,False
Subject08|rest|Subject08_1.edf|50.000|54.000,Subject08,rest,0,Subject08_1.edf,50.0,54.0,182.0,False,4.0,2.0,4s_windows_50pct_overlap,scored_rest,979,False,True,False
Subject08|rest|Subject08_1.edf|52.000|56.000,Subject08,rest,0,Subject08_1.edf,52.0,56.0,182.0,False,4.0,2.0,4s_windows_50pct_overlap,scored_rest,980,False,True,False
Subject08|rest|Subject08_1.edf|54.000|58.000,Subject08,rest,0,Subject08_1.edf,54.0,58.0,182.0,False,4.0,2.0,4s_windows_50pct_overlap,scored_rest,981,False,True,False
Subject08|rest|Subject08_1.edf|56.000|60.000,Subject08,rest,0,Subject08_1.edf,56.0,60.0,182.0,False,4.0,2.0,4s_windows_50pct_overlap,scored_rest,982,False,True,False
Subject08|rest|Subject08_1.edf|58.000|62.000,Subject08,rest,0,Subject08_1.edf,58.0,62.0,182.0,False,4.0,2.0,4s_windows_50pct_overlap,unused,983,False,False,False
Subject08|rest|Subject08_1.edf|60.000|64.000,Subject08,rest,0,Subject08_1.edf,60.0,64.0,182.0,False,4.0,2.0,4s_windows_50pct_overlap,unused,984,False,False,False
Subject08|rest|Subject08_1.edf|62.000|66.000,Subject08,rest,0,Subject08_1.edf,62.0,66.0,182.0,False,4.0,2.0,4s_windows_50pct_overlap,unused,985,False,False,False
Subject08|rest|Subject08_1.edf|64.000|68.000,Subject08,rest,0,Subject08_1.edf,64.0,68.0,182.0,False,4.0,2.0,4s_windows_50pct_overlap,unused,986,False,False,False
Subject08|rest|Subject08_1.edf|66.000|70.000,Subject08,rest,0,Subject08_1.edf,66.0,70.0,182.0,False,4.0,2.0,4s_windows_50pct_overlap,unused,987,False,False,False
Subject08|rest|Subject08_1.edf|68.000|72.000,Subject08,rest,0,Subject08_1.edf,68.0,72.0,182.0,False,4.0,2.0,4s_windows_50pct_overlap,unused,988,False,False,False
Subject08|rest|Subject08_1.edf|70.000|74.000,Subject08,rest,0,Subject08_1.edf,70.0,74.0,182.0,False,4.0,2.0,4s_windows_50pct_overlap,unused,989,False,False,False
Subject08|rest|Subject08_1.edf|72.000|76.000,Subject08,rest,0,Subject08_1.edf,72.0,76.0,182.0,False,4.0,2.0,4s_windows_50pct_overlap,unused,990,False,False,False
Subject08|rest|Subject08_1.edf|74.000|78.000,Subject08,rest,0,Subject08_1.edf,74.0,78.0,182.0,False,4.0,2.0,4s_windows_50pct_overlap,unused,991,False,False,False
Subject08|rest|Subject08_1.edf|76.000|80.000,Subject08,rest,0,Subject08_1.edf,76.0,80.0,182.0,False,4.0,2.0,4s_windows_50pct_overlap,unused,992,False,False,False
Subject08|rest|Subject08_1.edf|78.000|82.000,Subject08,rest,0,Subject08_1.edf,78.0,82.0,182.0,False,4.0,2.0,4s_windows_50pct_overlap,unused,993,False,False,False
Subject08|rest|Subject08_1.edf|80.000|84.000,Subject08,rest,0,Subject08_1.edf,80.0,84.0,182.0,False,4.0,2.0,4s_windows_50pct_overlap,unused,994,False,False,False
Subject08|rest|Subject08_1.edf|82.000|86.000,Subject08,rest,0,Subject08_1.edf,82.0,86.0,182.0,False,4.0,2.0,4s_windows_50pct_overlap,unused,995,False,False,False
Subject08|rest|Subject08_1.edf|84.000|88.000,Subject08,rest,0,Subject08_1.edf,84.0,88.0,182.0,False,4.0,2.0,4s_windows_50pct_overlap,unused,996,False,False,False
Subject08|rest|Subject08_1.edf|86.000|90.000,Subject08,rest,0,Subject08_1.edf,86.0,90.0,182.0,False,4.0,2.0,4s_windows_50pct_overlap,unused,997,False,False,False
Subject08|rest|Subject08_1.edf|88.000|92.000,Subject08,rest,0,Subject08_1.edf,88.0,92.0,182.0,False,4.0,2.0,4s_windows_50pct_overlap,unused,998,False,False,False
Subject08|rest|Subject08_1.edf|90.000|94.000,Subject08,rest,0,Subject08_1.edf,90.0,94.0,182.0,False,4.0,2.0,4s_windows_50pct_overlap,unused,999,False,False,False
Subject08|rest|Subject08_1.edf|92.000|96.000,Subject08,rest,0,Subject08_1.edf,92.0,96.0,182.0,False,4.0,2.0,4s_windows_50pct_overlap,unused,1000,False,False,False
Subject08|rest|Subject08_1.edf|94.000|98.000,Subject08,rest,0,Subject08_1.edf,94.0,98.0,182.0,False,4.0,2.0,4s_windows_50pct_overlap,unused,1001,False,False,False
Subject08|rest|Subject08_1.edf|96.000|100.000,Subject08,rest,0,Subject08_1.edf,96.0,100.0,182.0,False,4.0,2.0,4s_windows_50pct_overlap,unused,1002,False,False,False
Subject08|rest|Subject08_1.edf|98.000|102.000,Subject08,rest,0,Subject08_1.edf,98.0,102.0,182.0,False,4.0,2.0,4s_windows_50pct_overlap,unused,1003,False,False,False
Subject08|rest|Subject08_1.edf|100.000|104.000,Subject08,rest,0,Subject08_1.edf,100.0,104.0,182.0,False,4.0,2.0,4s_windows_50pct_overlap,unused,1004,False,False,False
Subject08|rest|Subject08_1.edf|102.000|106.000,Subject08,rest,0,Subject08_1.edf,102.0,106.0,182.0,False,4.0,2.0,4s_windows_50pct_overlap,unused,1005,False,False,False
Subject08|rest|Subject08_1.edf|104.000|108.000,Subject08,rest,0,Subject08_1.edf,104.0,108.0,182.0,False,4.0,2.0,4s_windows_50pct_overlap,unused,1006,False,False,False
Subject08|rest|Subject08_1.edf|106.000|110.000,Subject08,rest,0,Subject08_1.edf,106.0,110.0,182.0,False,4.0,2.0,4s_windows_50pct_overlap,unused,1007,False,False,False
Subject08|rest|Subject08_1.edf|108.000|112.000,Subject08,rest,0,Subject08_1.edf,108.0,112.0,182.0,False,4.0,2.0,4s_windows_50pct_overlap,unused,1008,False,False,False
Subject08|rest|Subject08_1.edf|110.000|114.000,Subject08,rest,0,Subject08_1.edf,110.0,114.0,182.0,False,4.0,2.0,4s_windows_50pct_overlap,unused,1009,False,False,False
Subject08|rest|Subject08_1.edf|112.000|116.000,Subject08,rest,0,Subject08_1.edf,112.0,116.0,182.0,False,4.0,2.0,4s_windows_50pct_overlap,unused,1010,False,False,False
Subject08|rest|Subject08_1.edf|114.000|118.000,Subject08,rest,0,Subject08_1.edf,114.0,118.0,182.0,False,4.0,2.0,4s_windows_50pct_overlap,unused,1011,False,False,False
Subject08|rest|Subject08_1.edf|116.000|120.000,Subject08,rest,0,Subject08_1.edf,116.0,120.0,182.0,False,4.0,2.0,4s_windows_50pct_overlap,unused,1012,False,False,False
Subject08|rest|Subject08_1.edf|118.000|122.000,Subject08,rest,0,Subject08_1.edf,118.0,122.0,182.0,False,4.0,2.0,4s_windows_50pct_overlap,unused,1013,False,False,False
Subject08|rest|Subject08_1.edf|120.000|124.000,Subject08,rest,0,Subject08_1.edf,120.0,124.0,182.0,False,4.0,2.0,4s_windows_50pct_overlap,unused,1014,False,False,False
Subject08|rest|Subject08_1.edf|122.000|126.000,Subject08,rest,0,Subject08_1.edf,122.0,126.0,182.0,False,4.0,2.0,4s_windows_50pct_overlap,unused,1015,False,False,False
Subject08|rest|Subject08_1.edf|124.000|128.000,Subject08,rest,0,Subject08_1.edf,124.0,128.0,182.0,False,4.0,2.0,4s_windows_50pct_overlap,unused,1016,False,False,False
Subject08|rest|Subject08_1.edf|126.000|130.000,Subject08,rest,0,Subject08_1.edf,126.0,130.0,182.0,False,4.0,2.0,4s_windows_50pct_overlap,unused,1017,False,False,False
Subject08|rest|Subject08_1.edf|128.000|132.000,Subject08,rest,0,Subject08_1.edf,128.0,132.0,182.0,False,4.0,2.0,4s_windows_50pct_overlap,unused,1018,False,False,False
Subject08|rest|Subject08_1.edf|130.000|134.000,Subject08,rest,0,Subject08_1.edf,130.0,134.0,182.0,False,4.0,2.0,4s_windows_50pct_overlap,unused,1019,False,False,False
Subject08|rest|Subject08_1.edf|132.000|136.000,Subject08,rest,0,Subject08_1.edf,132.0,136.0,182.0,False,4.0,2.0,4s_windows_50pct_overlap,unused,1020,False,False,False
Subject08|rest|Subject08_1.edf|134.000|138.000,Subject08,rest,0,Subject08_1.edf,134.0,138.0,182.0,False,4.0,2.0,4s_windows_50pct_overlap,unused,1021,False,False,False
Subject08|rest|Subject08_1.edf|136.000|140.000,Subject08,rest,0,Subject08_1.edf,136.0,140.0,182.0,False,4.0,2.0,4s_windows_50pct_overlap,unused,1022,False,False,False
Subject08|rest|Subject08_1.edf|138.000|142.000,Subject08,rest,0,Subject08_1.edf,138.0,142.0,182.0,False,4.0,2.0,4s_windows_50pct_overlap,unused,1023,False,False,False
Subject08|rest|Subject08_1.edf|140.000|144.000,Subject08,rest,0,Subject08_1.edf,140.0,144.0,182.0,False,4.0,2.0,4s_windows_50pct_overlap,unused,1024,False,False,False
Subject08|rest|Subject08_1.edf|142.000|146.000,Subject08,rest,0,Subject08_1.edf,142.0,146.0,182.0,False,4.0,2.0,4s_windows_50pct_overlap,unused,1025,False,False,False
Subject08|rest|Subject08_1.edf|144.000|148.000,Subject08,rest,0,Subject08_1.edf,144.0,148.0,182.0,False,4.0,2.0,4s_windows_50pct_overlap,unused,1026,False,False,False
Subject08|rest|Subject08_1.edf|146.000|150.000,Subject08,rest,0,Subject08_1.edf,146.0,150.0,182.0,False,4.0,2.0,4s_windows_50pct_overlap,unused,1027,False,False,False
Subject08|rest|Subject08_1.edf|148.000|152.000,Subject08,rest,0,Subject08_1.edf,148.0,152.0,182.0,False,4.0,2.0,4s_windows_50pct_overlap,unused,1028,False,False,False
Subject08|rest|Subject08_1.edf|150.000|154.000,Subject08,rest,0,Subject08_1.edf,150.0,154.0,182.0,False,4.0,2.0,4s_windows_50pct_overlap,unused,1029,False,False,False
Subject08|rest|Subject08_1.edf|152.000|156.000,Subject08,rest,0,Subject08_1.edf,152.0,156.0,182.0,False,4.0,2.0,4s_windows_50pct_overlap,unused,1030,False,False,False
Subject08|rest|Subject08_1.edf|154.000|158.000,Subject08,rest,0,Subject08_1.edf,154.0,158.0,182.0,False,4.0,2.0,4s_windows_50pct_overlap,unused,1031,False,False,False
Subject08|rest|Subject08_1.edf|156.000|160.000,Subject08,rest,0,Subject08_1.edf,156.0,160.0,182.0,False,4.0,2.0,4s_windows_50pct_overlap,unused,1032,False,False,False
Subject08|rest|Subject08_1.edf|158.000|162.000,Subject08,rest,0,Subject08_1.edf,158.0,162.0,182.0,False,4.0,2.0,4s_windows_50pct_overlap,unused,1033,False,False,False
Subject08|rest|Subject08_1.edf|160.000|164.000,Subject08,rest,0,Subject08_1.edf,160.0,164.0,182.0,False,4.0,2.0,4s_windows_50pct_overlap,unused,1034,False,False,False
Subject08|rest|Subject08_1.edf|162.000|166.000,Subject08,rest,0,Subject08_1.edf,162.0,166.0,182.0,False,4.0,2.0,4s_windows_50pct_overlap,unused,1035,False,False,False
Subject08|rest|Subject08_1.edf|164.000|168.000,Subject08,rest,0,Subject08_1.edf,164.0,168.0,182.0,False,4.0,2.0,4s_windows_50pct_overlap,unused,1036,False,False,False
Subject08|rest|Subject08_1.edf|166.000|170.000,Subject08,rest,0,Subject08_1.edf,166.0,170.0,182.0,False,4.0,2.0,4s_windows_50pct_overlap,unused,1037,False,False,False
Subject08|rest|Subject08_1.edf|168.000|172.000,Subject08,rest,0,Subject08_1.edf,168.0,172.0,182.0,False,4.0,2.0,4s_windows_50pct_overlap,unused,1038,False,False,False
Subject08|rest|Subject08_1.edf|170.000|174.000,Subject08,rest,0,Subject08_1.edf,170.0,174.0,182.0,False,4.0,2.0,4s_windows_50pct_overlap,unused,1039,False,False,False
Subject08|rest|Subject08_1.edf|172.000|176.000,Subject08,rest,0,Subject08_1.edf,172.0,176.0,182.0,False,4.0,2.0,4s_windows_50pct_overlap,unused,1040,False,False,False
Subject08|rest|Subject08_1.edf|174.000|178.000,Subject08,rest,0,Subject08_1.edf,174.0,178.0,182.0,False,4.0,2.0,4s_windows_50pct_overlap,unused,1041,False,False,False
Subject08|rest|Subject08_1.edf|176.000|180.000,Subject08,rest,0,Subject08_1.edf,176.0,180.0,182.0,False,4.0,2.0,4s_windows_50pct_overlap,unused,1042,False,False,False
Subject08|rest|Subject08_1.edf|178.000|182.000,Subject08,rest,0,Subject08_1.edf,178.0,182.0,182.0,False,4.0,2.0,4s_windows_50pct_overlap,unused,1043,False,False,False
Subject08|arithmetic|Subject08_2.edf|0.000|4.000,Subject08,arithmetic,1,Subject08_2.edf,0.0,4.0,62.0,False,4.0,2.0,4s_windows_50pct_overlap,scored_task,1044,False,True,False
Subject08|arithmetic|Subject08_2.edf|2.000|6.000,Subject08,arithmetic,1,Subject08_2.edf,2.0,6.0,62.0,False,4.0,2.0,4s_windows_50pct_overlap,scored_task,1045,False,True,False
Subject08|arithmetic|Subject08_2.edf|4.000|8.000,Subject08,arithmetic,1,Subject08_2.edf,4.0,8.0,62.0,False,4.0,2.0,4s_windows_50pct_overlap,scored_task,1046,False,True,False
Subject08|arithmetic|Subject08_2.edf|6.000|10.000,Subject08,arithmetic,1,Subject08_2.edf,6.0,10.0,62.0,False,4.0,2.0,4s_windows_50pct_overlap,scored_task,1047,False,True,False
Subject08|arithmetic|Subject08_2.edf|8.000|12.000,Subject08,arithmetic,1,Subject08_2.edf,8.0,12.0,62.0,False,4.0,2.0,4s_windows_50pct_overlap,scored_task,1048,False,True,False
Subject08|arithmetic|Subject08_2.edf|10.000|14.000,Subject08,arithmetic,1,Subject08_2.edf,10.0,14.0,62.0,False,4.0,2.0,4s_windows_50pct_overlap,scored_task,1049,False,True,False
Subject08|arithmetic|Subject08_2.edf|12.000|16.000,Subject08,arithmetic,1,Subject08_2.edf,12.0,16.0,62.0,False,4.0,2.0,4s_windows_50pct_overlap,scored_task,1050,False,True,False
Subject08|arithmetic|Subject08_2.edf|14.000|18.000,Subject08,arithmetic,1,Subject08_2.edf,14.0,18.0,62.0,False,4.0,2.0,4s_windows_50pct_overlap,scored_task,1051,False,True,False
Subject08|arithmetic|Subject08_2.edf|16.000|20.000,Subject08,arithmetic,1,Subject08_2.edf,16.0,20.0,62.0,False,4.0,2.0,4s_windows_50pct_overlap,scored_task,1052,False,True,False
Subject08|arithmetic|Subject08_2.edf|18.000|22.000,Subject08,arithmetic,1,Subject08_2.edf,18.0,22.0,62.0,False,4.0,2.0,4s_windows_50pct_overlap,scored_task,1053,False,True,False
Subject08|arithmetic|Subject08_2.edf|20.000|24.000,Subject08,arithmetic,1,Subject08_2.edf,20.0,24.0,62.0,False,4.0,2.0,4s_windows_50pct_overlap,scored_task,1054,False,True,False
Subject08|arithmetic|Subject08_2.edf|22.000|26.000,Subject08,arithmetic,1,Subject08_2.edf,22.0,26.0,62.0,False,4.0,2.0,4s_windows_50pct_overlap,scored_task,1055,False,True,False
Subject08|arithmetic|Subject08_2.edf|24.000|28.000,Subject08,arithmetic,1,Subject08_2.edf,24.0,28.0,62.0,False,4.0,2.0,4s_windows_50pct_overlap,scored_task,1056,False,True,False
Subject08|arithmetic|Subject08_2.edf|26.000|30.000,Subject08,arithmetic,1,Subject08_2.edf,26.0,30.0,62.0,False,4.0,2.0,4s_windows_50pct_overlap,scored_task,1057,False,True,False
Subject08|arithmetic|Subject08_2.edf|28.000|32.000,Subject08,arithmetic,1,Subject08_2.edf,28.0,32.0,62.0,False,4.0,2.0,4s_windows_50pct_overlap,unused,1058,False,False,False
Subject08|arithmetic|Subject08_2.edf|30.000|34.000,Subject08,arithmetic,1,Subject08_2.edf,30.0,34.0,62.0,False,4.0,2.0,4s_windows_50pct_overlap,unused,1059,False,False,False
Subject08|arithmetic|Subject08_2.edf|32.000|36.000,Subject08,arithmetic,1,Subject08_2.edf,32.0,36.0,62.0,False,4.0,2.0,4s_windows_50pct_overlap,unused,1060,False,False,False
Subject08|arithmetic|Subject08_2.edf|34.000|38.000,Subject08,arithmetic,1,Subject08_2.edf,34.0,38.0,62.0,False,4.0,2.0,4s_windows_50pct_overlap,unused,1061,False,False,False
Subject08|arithmetic|Subject08_2.edf|36.000|40.000,Subject08,arithmetic,1,Subject08_2.edf,36.0,40.0,62.0,False,4.0,2.0,4s_windows_50pct_overlap,unused,1062,False,False,False
Subject08|arithmetic|Subject08_2.edf|38.000|42.000,Subject08,arithmetic,1,Subject08_2.edf,38.0,42.0,62.0,False,4.0,2.0,4s_windows_50pct_overlap,unused,1063,False,False,False
Subject08|arithmetic|Subject08_2.edf|40.000|44.000,Subject08,arithmetic,1,Subject08_2.edf,40.0,44.0,62.0,False,4.0,2.0,4s_windows_50pct_overlap,unused,1064,False,False,False
Subject08|arithmetic|Subject08_2.edf|42.000|46.000,Subject08,arithmetic,1,Subject08_2.edf,42.0,46.0,62.0,False,4.0,2.0,4s_windows_50pct_overlap,unused,1065,False,False,False
Subject08|arithmetic|Subject08_2.edf|44.000|48.000,Subject08,arithmetic,1,Subject08_2.edf,44.0,48.0,62.0,False,4.0,2.0,4s_windows_50pct_overlap,unused,1066,False,False,False
Subject08|arithmetic|Subject08_2.edf|46.000|50.000,Subject08,arithmetic,1,Subject08_2.edf,46.0,50.0,62.0,False,4.0,2.0,4s_windows_50pct_overlap,unused,1067,False,False,False
Subject08|arithmetic|Subject08_2.edf|48.000|52.000,Subject08,arithmetic,1,Subject08_2.edf,48.0,52.0,62.0,False,4.0,2.0,4s_windows_50pct_overlap,unused,1068,False,False,False
Subject08|arithmetic|Subject08_2.edf|50.000|54.000,Subject08,arithmetic,1,Subject08_2.edf,50.0,54.0,62.0,False,4.0,2.0,4s_windows_50pct_overlap,unused,1069,False,False,False
Subject08|arithmetic|Subject08_2.edf|52.000|56.000,Subject08,arithmetic,1,Subject08_2.edf,52.0,56.0,62.0,False,4.0,2.0,4s_windows_50pct_overlap,unused,1070,False,False,False
Subject08|arithmetic|Subject08_2.edf|54.000|58.000,Subject08,arithmetic,1,Subject08_2.edf,54.0,58.0,62.0,False,4.0,2.0,4s_windows_50pct_overlap,unused,1071,False,False,False
Subject08|arithmetic|Subject08_2.edf|56.000|60.000,Subject08,arithmetic,1,Subject08_2.edf,56.0,60.0,62.0,False,4.0,2.0,4s_windows_50pct_overlap,unused,1072,False,False,False
Subject08|arithmetic|Subject08_2.edf|58.000|62.000,Subject08,arithmetic,1,Subject08_2.edf,58.0,62.0,62.0,False,4.0,2.0,4s_windows_50pct_overlap,unused,1073,False,False,False
Subject09|rest|Subject09_1.edf|0.000|4.000,Subject09,rest,0,Subject09_1.edf,0.0,4.0,182.0,False,4.0,2.0,4s_windows_50pct_overlap,calibration,1074,True,False,False
Subject09|rest|Subject09_1.edf|2.000|6.000,Subject09,rest,0,Subject09_1.edf,2.0,6.0,182.0,False,4.0,2.0,4s_windows_50pct_overlap,calibration,1075,True,False,False
Subject09|rest|Subject09_1.edf|4.000|8.000,Subject09,rest,0,Subject09_1.edf,4.0,8.0,182.0,False,4.0,2.0,4s_windows_50pct_overlap,calibration,1076,True,False,False
Subject09|rest|Subject09_1.edf|6.000|10.000,Subject09,rest,0,Subject09_1.edf,6.0,10.0,182.0,False,4.0,2.0,4s_windows_50pct_overlap,calibration,1077,True,False,False
Subject09|rest|Subject09_1.edf|8.000|12.000,Subject09,rest,0,Subject09_1.edf,8.0,12.0,182.0,False,4.0,2.0,4s_windows_50pct_overlap,calibration,1078,True,False,False
Subject09|rest|Subject09_1.edf|10.000|14.000,Subject09,rest,0,Subject09_1.edf,10.0,14.0,182.0,False,4.0,2.0,4s_windows_50pct_overlap,calibration,1079,True,False,False
Subject09|rest|Subject09_1.edf|12.000|16.000,Subject09,rest,0,Subject09_1.edf,12.0,16.0,182.0,False,4.0,2.0,4s_windows_50pct_overlap,calibration,1080,True,False,False
Subject09|rest|Subject09_1.edf|14.000|18.000,Subject09,rest,0,Subject09_1.edf,14.0,18.0,182.0,False,4.0,2.0,4s_windows_50pct_overlap,calibration,1081,True,False,False
Subject09|rest|Subject09_1.edf|16.000|20.000,Subject09,rest,0,Subject09_1.edf,16.0,20.0,182.0,False,4.0,2.0,4s_windows_50pct_overlap,calibration,1082,True,False,False
Subject09|rest|Subject09_1.edf|18.000|22.000,Subject09,rest,0,Subject09_1.edf,18.0,22.0,182.0,False,4.0,2.0,4s_windows_50pct_overlap,calibration,1083,True,False,False
Subject09|rest|Subject09_1.edf|20.000|24.000,Subject09,rest,0,Subject09_1.edf,20.0,24.0,182.0,False,4.0,2.0,4s_windows_50pct_overlap,calibration,1084,True,False,False
Subject09|rest|Subject09_1.edf|22.000|26.000,Subject09,rest,0,Subject09_1.edf,22.0,26.0,182.0,False,4.0,2.0,4s_windows_50pct_overlap,calibration,1085,True,False,False
Subject09|rest|Subject09_1.edf|24.000|28.000,Subject09,rest,0,Subject09_1.edf,24.0,28.0,182.0,False,4.0,2.0,4s_windows_50pct_overlap,calibration,1086,True,False,False
Subject09|rest|Subject09_1.edf|26.000|30.000,Subject09,rest,0,Subject09_1.edf,26.0,30.0,182.0,False,4.0,2.0,4s_windows_50pct_overlap,calibration,1087,True,False,False
Subject09|rest|Subject09_1.edf|28.000|32.000,Subject09,rest,0,Subject09_1.edf,28.0,32.0,182.0,False,4.0,2.0,4s_windows_50pct_overlap,unused,1088,False,False,False
Subject09|rest|Subject09_1.edf|30.000|34.000,Subject09,rest,0,Subject09_1.edf,30.0,34.0,182.0,False,4.0,2.0,4s_windows_50pct_overlap,scored_rest,1089,False,True,False
Subject09|rest|Subject09_1.edf|32.000|36.000,Subject09,rest,0,Subject09_1.edf,32.0,36.0,182.0,False,4.0,2.0,4s_windows_50pct_overlap,scored_rest,1090,False,True,False
Subject09|rest|Subject09_1.edf|34.000|38.000,Subject09,rest,0,Subject09_1.edf,34.0,38.0,182.0,False,4.0,2.0,4s_windows_50pct_overlap,scored_rest,1091,False,True,False
Subject09|rest|Subject09_1.edf|36.000|40.000,Subject09,rest,0,Subject09_1.edf,36.0,40.0,182.0,False,4.0,2.0,4s_windows_50pct_overlap,scored_rest,1092,False,True,False
Subject09|rest|Subject09_1.edf|38.000|42.000,Subject09,rest,0,Subject09_1.edf,38.0,42.0,182.0,False,4.0,2.0,4s_windows_50pct_overlap,scored_rest,1093,False,True,False
Subject09|rest|Subject09_1.edf|40.000|44.000,Subject09,rest,0,Subject09_1.edf,40.0,44.0,182.0,False,4.0,2.0,4s_windows_50pct_overlap,scored_rest,1094,False,True,False
Subject09|rest|Subject09_1.edf|42.000|46.000,Subject09,rest,0,Subject09_1.edf,42.0,46.0,182.0,False,4.0,2.0,4s_windows_50pct_overlap,scored_rest,1095,False,True,False
Subject09|rest|Subject09_1.edf|44.000|48.000,Subject09,rest,0,Subject09_1.edf,44.0,48.0,182.0,False,4.0,2.0,4s_windows_50pct_overlap,scored_rest,1096,False,True,False
Subject09|rest|Subject09_1.edf|46.000|50.000,Subject09,rest,0,Subject09_1.edf,46.0,50.0,182.0,False,4.0,2.0,4s_windows_50pct_overlap,scored_rest,1097,False,True,False
Subject09|rest|Subject09_1.edf|48.000|52.000,Subject09,rest,0,Subject09_1.edf,48.0,52.0,182.0,False,4.0,2.0,4s_windows_50pct_overlap,scored_rest,1098,False,True,False
Subject09|rest|Subject09_1.edf|50.000|54.000,Subject09,rest,0,Subject09_1.edf,50.0,54.0,182.0,False,4.0,2.0,4s_windows_50pct_overlap,scored_rest,1099,False,True,False
Subject09|rest|Subject09_1.edf|52.000|56.000,Subject09,rest,0,Subject09_1.edf,52.0,56.0,182.0,False,4.0,2.0,4s_windows_50pct_overlap,scored_rest,1100,False,True,False
Subject09|rest|Subject09_1.edf|54.000|58.000,Subject09,rest,0,Subject09_1.edf,54.0,58.0,182.0,False,4.0,2.0,4s_windows_50pct_overlap,scored_rest,1101,False,True,False
Subject09|rest|Subject09_1.edf|56.000|60.000,Subject09,rest,0,Subject09_1.edf,56.0,60.0,182.0,False,4.0,2.0,4s_windows_50pct_overlap,scored_rest,1102,False,True,False
Subject09|rest|Subject09_1.edf|58.000|62.000,Subject09,rest,0,Subject09_1.edf,58.0,62.0,182.0,False,4.0,2.0,4s_windows_50pct_overlap,unused,1103,False,False,False
Subject09|rest|Subject09_1.edf|60.000|64.000,Subject09,rest,0,Subject09_1.edf,60.0,64.0,182.0,False,4.0,2.0,4s_windows_50pct_overlap,unused,1104,False,False,False
Subject09|rest|Subject09_1.edf|62.000|66.000,Subject09,rest,0,Subject09_1.edf,62.0,66.0,182.0,False,4.0,2.0,4s_windows_50pct_overlap,unused,1105,False,False,False
Subject09|rest|Subject09_1.edf|64.000|68.000,Subject09,rest,0,Subject09_1.edf,64.0,68.0,182.0,False,4.0,2.0,4s_windows_50pct_overlap,unused,1106,False,False,False
Subject09|rest|Subject09_1.edf|66.000|70.000,Subject09,rest,0,Subject09_1.edf,66.0,70.0,182.0,False,4.0,2.0,4s_windows_50pct_overlap,unused,1107,False,False,False
Subject09|rest|Subject09_1.edf|68.000|72.000,Subject09,rest,0,Subject09_1.edf,68.0,72.0,182.0,False,4.0,2.0,4s_windows_50pct_overlap,unused,1108,False,False,False
Subject09|rest|Subject09_1.edf|70.000|74.000,Subject09,rest,0,Subject09_1.edf,70.0,74.0,182.0,False,4.0,2.0,4s_windows_50pct_overlap,unused,1109,False,False,False
Subject09|rest|Subject09_1.edf|72.000|76.000,Subject09,rest,0,Subject09_1.edf,72.0,76.0,182.0,False,4.0,2.0,4s_windows_50pct_overlap,unused,1110,False,False,False
Subject09|rest|Subject09_1.edf|74.000|78.000,Subject09,rest,0,Subject09_1.edf,74.0,78.0,182.0,False,4.0,2.0,4s_windows_50pct_overlap,unused,1111,False,False,False
Subject09|rest|Subject09_1.edf|76.000|80.000,Subject09,rest,0,Subject09_1.edf,76.0,80.0,182.0,False,4.0,2.0,4s_windows_50pct_overlap,unused,1112,False,False,False
Subject09|rest|Subject09_1.edf|78.000|82.000,Subject09,rest,0,Subject09_1.edf,78.0,82.0,182.0,False,4.0,2.0,4s_windows_50pct_overlap,unused,1113,False,False,False
Subject09|rest|Subject09_1.edf|80.000|84.000,Subject09,rest,0,Subject09_1.edf,80.0,84.0,182.0,False,4.0,2.0,4s_windows_50pct_overlap,unused,1114,False,False,False
Subject09|rest|Subject09_1.edf|82.000|86.000,Subject09,rest,0,Subject09_1.edf,82.0,86.0,182.0,False,4.0,2.0,4s_windows_50pct_overlap,unused,1115,False,False,False
Subject09|rest|Subject09_1.edf|84.000|88.000,Subject09,rest,0,Subject09_1.edf,84.0,88.0,182.0,False,4.0,2.0,4s_windows_50pct_overlap,unused,1116,False,False,False
Subject09|rest|Subject09_1.edf|86.000|90.000,Subject09,rest,0,Subject09_1.edf,86.0,90.0,182.0,False,4.0,2.0,4s_windows_50pct_overlap,unused,1117,False,False,False
Subject09|rest|Subject09_1.edf|88.000|92.000,Subject09,rest,0,Subject09_1.edf,88.0,92.0,182.0,False,4.0,2.0,4s_windows_50pct_overlap,unused,1118,False,False,False
Subject09|rest|Subject09_1.edf|90.000|94.000,Subject09,rest,0,Subject09_1.edf,90.0,94.0,182.0,False,4.0,2.0,4s_windows_50pct_overlap,unused,1119,False,False,False
Subject09|rest|Subject09_1.edf|92.000|96.000,Subject09,rest,0,Subject09_1.edf,92.0,96.0,182.0,False,4.0,2.0,4s_windows_50pct_overlap,unused,1120,False,False,False
Subject09|rest|Subject09_1.edf|94.000|98.000,Subject09,rest,0,Subject09_1.edf,94.0,98.0,182.0,False,4.0,2.0,4s_windows_50pct_overlap,unused,1121,False,False,False
Subject09|rest|Subject09_1.edf|96.000|100.000,Subject09,rest,0,Subject09_1.edf,96.0,100.0,182.0,False,4.0,2.0,4s_windows_50pct_overlap,unused,1122,False,False,False
Subject09|rest|Subject09_1.edf|98.000|102.000,Subject09,rest,0,Subject09_1.edf,98.0,102.0,182.0,False,4.0,2.0,4s_windows_50pct_overlap,unused,1123,False,False,False
Subject09|rest|Subject09_1.edf|100.000|104.000,Subject09,rest,0,Subject09_1.edf,100.0,104.0,182.0,False,4.0,2.0,4s_windows_50pct_overlap,unused,1124,False,False,False
Subject09|rest|Subject09_1.edf|102.000|106.000,Subject09,rest,0,Subject09_1.edf,102.0,106.0,182.0,False,4.0,2.0,4s_windows_50pct_overlap,unused,1125,False,False,False
Subject09|rest|Subject09_1.edf|104.000|108.000,Subject09,rest,0,Subject09_1.edf,104.0,108.0,182.0,False,4.0,2.0,4s_windows_50pct_overlap,unused,1126,False,False,False
Subject09|rest|Subject09_1.edf|106.000|110.000,Subject09,rest,0,Subject09_1.edf,106.0,110.0,182.0,False,4.0,2.0,4s_windows_50pct_overlap,unused,1127,False,False,False
Subject09|rest|Subject09_1.edf|108.000|112.000,Subject09,rest,0,Subject09_1.edf,108.0,112.0,182.0,False,4.0,2.0,4s_windows_50pct_overlap,unused,1128,False,False,False
Subject09|rest|Subject09_1.edf|110.000|114.000,Subject09,rest,0,Subject09_1.edf,110.0,114.0,182.0,False,4.0,2.0,4s_windows_50pct_overlap,unused,1129,False,False,False
Subject09|rest|Subject09_1.edf|112.000|116.000,Subject09,rest,0,Subject09_1.edf,112.0,116.0,182.0,False,4.0,2.0,4s_windows_50pct_overlap,unused,1130,False,False,False
Subject09|rest|Subject09_1.edf|114.000|118.000,Subject09,rest,0,Subject09_1.edf,114.0,118.0,182.0,False,4.0,2.0,4s_windows_50pct_overlap,unused,1131,False,False,False
Subject09|rest|Subject09_1.edf|116.000|120.000,Subject09,rest,0,Subject09_1.edf,116.0,120.0,182.0,False,4.0,2.0,4s_windows_50pct_overlap,unused,1132,False,False,False
Subject09|rest|Subject09_1.edf|118.000|122.000,Subject09,rest,0,Subject09_1.edf,118.0,122.0,182.0,False,4.0,2.0,4s_windows_50pct_overlap,unused,1133,False,False,False
Subject09|rest|Subject09_1.edf|120.000|124.000,Subject09,rest,0,Subject09_1.edf,120.0,124.0,182.0,False,4.0,2.0,4s_windows_50pct_overlap,unused,1134,False,False,False
Subject09|rest|Subject09_1.edf|122.000|126.000,Subject09,rest,0,Subject09_1.edf,122.0,126.0,182.0,False,4.0,2.0,4s_windows_50pct_overlap,unused,1135,False,False,False
Subject09|rest|Subject09_1.edf|124.000|128.000,Subject09,rest,0,Subject09_1.edf,124.0,128.0,182.0,False,4.0,2.0,4s_windows_50pct_overlap,unused,1136,False,False,False
Subject09|rest|Subject09_1.edf|126.000|130.000,Subject09,rest,0,Subject09_1.edf,126.0,130.0,182.0,False,4.0,2.0,4s_windows_50pct_overlap,unused,1137,False,False,False
Subject09|rest|Subject09_1.edf|128.000|132.000,Subject09,rest,0,Subject09_1.edf,128.0,132.0,182.0,False,4.0,2.0,4s_windows_50pct_overlap,unused,1138,False,False,False
Subject09|rest|Subject09_1.edf|130.000|134.000,Subject09,rest,0,Subject09_1.edf,130.0,134.0,182.0,False,4.0,2.0,4s_windows_50pct_overlap,unused,1139,False,False,False
Subject09|rest|Subject09_1.edf|132.000|136.000,Subject09,rest,0,Subject09_1.edf,132.0,136.0,182.0,False,4.0,2.0,4s_windows_50pct_overlap,unused,1140,False,False,False
Subject09|rest|Subject09_1.edf|134.000|138.000,Subject09,rest,0,Subject09_1.edf,134.0,138.0,182.0,False,4.0,2.0,4s_windows_50pct_overlap,unused,1141,False,False,False
Subject09|rest|Subject09_1.edf|136.000|140.000,Subject09,rest,0,Subject09_1.edf,136.0,140.0,182.0,False,4.0,2.0,4s_windows_50pct_overlap,unused,1142,False,False,False
Subject09|rest|Subject09_1.edf|138.000|142.000,Subject09,rest,0,Subject09_1.edf,138.0,142.0,182.0,False,4.0,2.0,4s_windows_50pct_overlap,unused,1143,False,False,False
Subject09|rest|Subject09_1.edf|140.000|144.000,Subject09,rest,0,Subject09_1.edf,140.0,144.0,182.0,False,4.0,2.0,4s_windows_50pct_overlap,unused,1144,False,False,False
Subject09|rest|Subject09_1.edf|142.000|146.000,Subject09,rest,0,Subject09_1.edf,142.0,146.0,182.0,False,4.0,2.0,4s_windows_50pct_overlap,unused,1145,False,False,False
Subject09|rest|Subject09_1.edf|144.000|148.000,Subject09,rest,0,Subject09_1.edf,144.0,148.0,182.0,False,4.0,2.0,4s_windows_50pct_overlap,unused,1146,False,False,False
Subject09|rest|Subject09_1.edf|146.000|150.000,Subject09,rest,0,Subject09_1.edf,146.0,150.0,182.0,False,4.0,2.0,4s_windows_50pct_overlap,unused,1147,False,False,False
Subject09|rest|Subject09_1.edf|148.000|152.000,Subject09,rest,0,Subject09_1.edf,148.0,152.0,182.0,False,4.0,2.0,4s_windows_50pct_overlap,unused,1148,False,False,False
Subject09|rest|Subject09_1.edf|150.000|154.000,Subject09,rest,0,Subject09_1.edf,150.0,154.0,182.0,False,4.0,2.0,4s_windows_50pct_overlap,unused,1149,False,False,False
Subject09|rest|Subject09_1.edf|152.000|156.000,Subject09,rest,0,Subject09_1.edf,152.0,156.0,182.0,False,4.0,2.0,4s_windows_50pct_overlap,unused,1150,False,False,False
Subject09|rest|Subject09_1.edf|154.000|158.000,Subject09,rest,0,Subject09_1.edf,154.0,158.0,182.0,False,4.0,2.0,4s_windows_50pct_overlap,unused,1151,False,False,False
Subject09|rest|Subject09_1.edf|156.000|160.000,Subject09,rest,0,Subject09_1.edf,156.0,160.0,182.0,False,4.0,2.0,4s_windows_50pct_overlap,unused,1152,False,False,False
Subject09|rest|Subject09_1.edf|158.000|162.000,Subject09,rest,0,Subject09_1.edf,158.0,162.0,182.0,False,4.0,2.0,4s_windows_50pct_overlap,unused,1153,False,False,False
Subject09|rest|Subject09_1.edf|160.000|164.000,Subject09,rest,0,Subject09_1.edf,160.0,164.0,182.0,False,4.0,2.0,4s_windows_50pct_overlap,unused,1154,False,False,False
Subject09|rest|Subject09_1.edf|162.000|166.000,Subject09,rest,0,Subject09_1.edf,162.0,166.0,182.0,False,4.0,2.0,4s_windows_50pct_overlap,unused,1155,False,False,False
Subject09|rest|Subject09_1.edf|164.000|168.000,Subject09,rest,0,Subject09_1.edf,164.0,168.0,182.0,False,4.0,2.0,4s_windows_50pct_overlap,unused,1156,False,False,False
Subject09|rest|Subject09_1.edf|166.000|170.000,Subject09,rest,0,Subject09_1.edf,166.0,170.0,182.0,False,4.0,2.0,4s_windows_50pct_overlap,unused,1157,False,False,False
Subject09|rest|Subject09_1.edf|168.000|172.000,Subject09,rest,0,Subject09_1.edf,168.0,172.0,182.0,False,4.0,2.0,4s_windows_50pct_overlap,unused,1158,False,False,False
Subject09|rest|Subject09_1.edf|170.000|174.000,Subject09,rest,0,Subject09_1.edf,170.0,174.0,182.0,False,4.0,2.0,4s_windows_50pct_overlap,unused,1159,False,False,False
Subject09|rest|Subject09_1.edf|172.000|176.000,Subject09,rest,0,Subject09_1.edf,172.0,176.0,182.0,False,4.0,2.0,4s_windows_50pct_overlap,unused,1160,False,False,False
Subject09|rest|Subject09_1.edf|174.000|178.000,Subject09,rest,0,Subject09_1.edf,174.0,178.0,182.0,False,4.0,2.0,4s_windows_50pct_overlap,unused,1161,False,False,False
Subject09|rest|Subject09_1.edf|176.000|180.000,Subject09,rest,0,Subject09_1.edf,176.0,180.0,182.0,False,4.0,2.0,4s_windows_50pct_overlap,unused,1162,False,False,False
Subject09|rest|Subject09_1.edf|178.000|182.000,Subject09,rest,0,Subject09_1.edf,178.0,182.0,182.0,False,4.0,2.0,4s_windows_50pct_overlap,unused,1163,False,False,False
Subject09|arithmetic|Subject09_2.edf|0.000|4.000,Subject09,arithmetic,1,Subject09_2.edf,0.0,4.0,62.0,False,4.0,2.0,4s_windows_50pct_overlap,scored_task,1164,False,True,False
Subject09|arithmetic|Subject09_2.edf|2.000|6.000,Subject09,arithmetic,1,Subject09_2.edf,2.0,6.0,62.0,False,4.0,2.0,4s_windows_50pct_overlap,scored_task,1165,False,True,False
Subject09|arithmetic|Subject09_2.edf|4.000|8.000,Subject09,arithmetic,1,Subject09_2.edf,4.0,8.0,62.0,False,4.0,2.0,4s_windows_50pct_overlap,scored_task,1166,False,True,False
Subject09|arithmetic|Subject09_2.edf|6.000|10.000,Subject09,arithmetic,1,Subject09_2.edf,6.0,10.0,62.0,False,4.0,2.0,4s_windows_50pct_overlap,scored_task,1167,False,True,False
Subject09|arithmetic|Subject09_2.edf|8.000|12.000,Subject09,arithmetic,1,Subject09_2.edf,8.0,12.0,62.0,False,4.0,2.0,4s_windows_50pct_overlap,scored_task,1168,False,True,False
Subject09|arithmetic|Subject09_2.edf|10.000|14.000,Subject09,arithmetic,1,Subject09_2.edf,10.0,14.0,62.0,False,4.0,2.0,4s_windows_50pct_overlap,scored_task,1169,False,True,False
Subject09|arithmetic|Subject09_2.edf|12.000|16.000,Subject09,arithmetic,1,Subject09_2.edf,12.0,16.0,62.0,False,4.0,2.0,4s_windows_50pct_overlap,scored_task,1170,False,True,False
Subject09|arithmetic|Subject09_2.edf|14.000|18.000,Subject09,arithmetic,1,Subject09_2.edf,14.0,18.0,62.0,False,4.0,2.0,4s_windows_50pct_overlap,scored_task,1171,False,True,False
Subject09|arithmetic|Subject09_2.edf|16.000|20.000,Subject09,arithmetic,1,Subject09_2.edf,16.0,20.0,62.0,False,4.0,2.0,4s_windows_50pct_overlap,scored_task,1172,False,True,False
Subject09|arithmetic|Subject09_2.edf|18.000|22.000,Subject09,arithmetic,1,Subject09_2.edf,18.0,22.0,62.0,False,4.0,2.0,4s_windows_50pct_overlap,scored_task,1173,False,True,False
Subject09|arithmetic|Subject09_2.edf|20.000|24.000,Subject09,arithmetic,1,Subject09_2.edf,20.0,24.0,62.0,False,4.0,2.0,4s_windows_50pct_overlap,scored_task,1174,False,True,False
Subject09|arithmetic|Subject09_2.edf|22.000|26.000,Subject09,arithmetic,1,Subject09_2.edf,22.0,26.0,62.0,False,4.0,2.0,4s_windows_50pct_overlap,scored_task,1175,False,True,False
Subject09|arithmetic|Subject09_2.edf|24.000|28.000,Subject09,arithmetic,1,Subject09_2.edf,24.0,28.0,62.0,False,4.0,2.0,4s_windows_50pct_overlap,scored_task,1176,False,True,False
Subject09|arithmetic|Subject09_2.edf|26.000|30.000,Subject09,arithmetic,1,Subject09_2.edf,26.0,30.0,62.0,False,4.0,2.0,4s_windows_50pct_overlap,scored_task,1177,False,True,False
Subject09|arithmetic|Subject09_2.edf|28.000|32.000,Subject09,arithmetic,1,Subject09_2.edf,28.0,32.0,62.0,False,4.0,2.0,4s_windows_50pct_overlap,unused,1178,False,False,False
Subject09|arithmetic|Subject09_2.edf|30.000|34.000,Subject09,arithmetic,1,Subject09_2.edf,30.0,34.0,62.0,False,4.0,2.0,4s_windows_50pct_overlap,unused,1179,False,False,False
Subject09|arithmetic|Subject09_2.edf|32.000|36.000,Subject09,arithmetic,1,Subject09_2.edf,32.0,36.0,62.0,False,4.0,2.0,4s_windows_50pct_overlap,unused,1180,False,False,False
Subject09|arithmetic|Subject09_2.edf|34.000|38.000,Subject09,arithmetic,1,Subject09_2.edf,34.0,38.0,62.0,False,4.0,2.0,4s_windows_50pct_overlap,unused,1181,False,False,False
Subject09|arithmetic|Subject09_2.edf|36.000|40.000,Subject09,arithmetic,1,Subject09_2.edf,36.0,40.0,62.0,False,4.0,2.0,4s_windows_50pct_overlap,unused,1182,False,False,False
Subject09|arithmetic|Subject09_2.edf|38.000|42.000,Subject09,arithmetic,1,Subject09_2.edf,38.0,42.0,62.0,False,4.0,2.0,4s_windows_50pct_overlap,unused,1183,False,False,False
Subject09|arithmetic|Subject09_2.edf|40.000|44.000,Subject09,arithmetic,1,Subject09_2.edf,40.0,44.0,62.0,False,4.0,2.0,4s_windows_50pct_overlap,unused,1184,False,False,False
Subject09|arithmetic|Subject09_2.edf|42.000|46.000,Subject09,arithmetic,1,Subject09_2.edf,42.0,46.0,62.0,False,4.0,2.0,4s_windows_50pct_overlap,unused,1185,False,False,False
Subject09|arithmetic|Subject09_2.edf|44.000|48.000,Subject09,arithmetic,1,Subject09_2.edf,44.0,48.0,62.0,False,4.0,2.0,4s_windows_50pct_overlap,unused,1186,False,False,False
Subject09|arithmetic|Subject09_2.edf|46.000|50.000,Subject09,arithmetic,1,Subject09_2.edf,46.0,50.0,62.0,False,4.0,2.0,4s_windows_50pct_overlap,unused,1187,False,False,False
Subject09|arithmetic|Subject09_2.edf|48.000|52.000,Subject09,arithmetic,1,Subject09_2.edf,48.0,52.0,62.0,False,4.0,2.0,4s_windows_50pct_overlap,unused,1188,False,False,False
Subject09|arithmetic|Subject09_2.edf|50.000|54.000,Subject09,arithmetic,1,Subject09_2.edf,50.0,54.0,62.0,False,4.0,2.0,4s_windows_50pct_overlap,unused,1189,False,False,False
Subject09|arithmetic|Subject09_2.edf|52.000|56.000,Subject09,arithmetic,1,Subject09_2.edf,52.0,56.0,62.0,False,4.0,2.0,4s_windows_50pct_overlap,unused,1190,False,False,False
Subject09|arithmetic|Subject09_2.edf|54.000|58.000,Subject09,arithmetic,1,Subject09_2.edf,54.0,58.0,62.0,False,4.0,2.0,4s_windows_50pct_overlap,unused,1191,False,False,False
Subject09|arithmetic|Subject09_2.edf|56.000|60.000,Subject09,arithmetic,1,Subject09_2.edf,56.0,60.0,62.0,False,4.0,2.0,4s_windows_50pct_overlap,unused,1192,False,False,False
Subject09|arithmetic|Subject09_2.edf|58.000|62.000,Subject09,arithmetic,1,Subject09_2.edf,58.0,62.0,62.0,False,4.0,2.0,4s_windows_50pct_overlap,unused,1193,False,False,False
Subject10|rest|Subject10_1.edf|0.000|4.000,Subject10,rest,0,Subject10_1.edf,0.0,4.0,188.0,False,4.0,2.0,4s_windows_50pct_overlap,calibration,1194,True,False,False
Subject10|rest|Subject10_1.edf|2.000|6.000,Subject10,rest,0,Subject10_1.edf,2.0,6.0,188.0,False,4.0,2.0,4s_windows_50pct_overlap,calibration,1195,True,False,False
Subject10|rest|Subject10_1.edf|4.000|8.000,Subject10,rest,0,Subject10_1.edf,4.0,8.0,188.0,False,4.0,2.0,4s_windows_50pct_overlap,calibration,1196,True,False,False
Subject10|rest|Subject10_1.edf|6.000|10.000,Subject10,rest,0,Subject10_1.edf,6.0,10.0,188.0,False,4.0,2.0,4s_windows_50pct_overlap,calibration,1197,True,False,False
Subject10|rest|Subject10_1.edf|8.000|12.000,Subject10,rest,0,Subject10_1.edf,8.0,12.0,188.0,False,4.0,2.0,4s_windows_50pct_overlap,calibration,1198,True,False,False
Subject10|rest|Subject10_1.edf|10.000|14.000,Subject10,rest,0,Subject10_1.edf,10.0,14.0,188.0,False,4.0,2.0,4s_windows_50pct_overlap,calibration,1199,True,False,False
Subject10|rest|Subject10_1.edf|12.000|16.000,Subject10,rest,0,Subject10_1.edf,12.0,16.0,188.0,False,4.0,2.0,4s_windows_50pct_overlap,calibration,1200,True,False,False
Subject10|rest|Subject10_1.edf|14.000|18.000,Subject10,rest,0,Subject10_1.edf,14.0,18.0,188.0,False,4.0,2.0,4s_windows_50pct_overlap,calibration,1201,True,False,False
Subject10|rest|Subject10_1.edf|16.000|20.000,Subject10,rest,0,Subject10_1.edf,16.0,20.0,188.0,False,4.0,2.0,4s_windows_50pct_overlap,calibration,1202,True,False,False
Subject10|rest|Subject10_1.edf|18.000|22.000,Subject10,rest,0,Subject10_1.edf,18.0,22.0,188.0,False,4.0,2.0,4s_windows_50pct_overlap,calibration,1203,True,False,False
Subject10|rest|Subject10_1.edf|20.000|24.000,Subject10,rest,0,Subject10_1.edf,20.0,24.0,188.0,False,4.0,2.0,4s_windows_50pct_overlap,calibration,1204,True,False,False
Subject10|rest|Subject10_1.edf|22.000|26.000,Subject10,rest,0,Subject10_1.edf,22.0,26.0,188.0,False,4.0,2.0,4s_windows_50pct_overlap,calibration,1205,True,False,False
Subject10|rest|Subject10_1.edf|24.000|28.000,Subject10,rest,0,Subject10_1.edf,24.0,28.0,188.0,False,4.0,2.0,4s_windows_50pct_overlap,calibration,1206,True,False,False
Subject10|rest|Subject10_1.edf|26.000|30.000,Subject10,rest,0,Subject10_1.edf,26.0,30.0,188.0,False,4.0,2.0,4s_windows_50pct_overlap,calibration,1207,True,False,False
Subject10|rest|Subject10_1.edf|28.000|32.000,Subject10,rest,0,Subject10_1.edf,28.0,32.0,188.0,False,4.0,2.0,4s_windows_50pct_overlap,unused,1208,False,False,False
Subject10|rest|Subject10_1.edf|30.000|34.000,Subject10,rest,0,Subject10_1.edf,30.0,34.0,188.0,False,4.0,2.0,4s_windows_50pct_overlap,scored_rest,1209,False,True,False
Subject10|rest|Subject10_1.edf|32.000|36.000,Subject10,rest,0,Subject10_1.edf,32.0,36.0,188.0,False,4.0,2.0,4s_windows_50pct_overlap,scored_rest,1210,False,True,False
Subject10|rest|Subject10_1.edf|34.000|38.000,Subject10,rest,0,Subject10_1.edf,34.0,38.0,188.0,False,4.0,2.0,4s_windows_50pct_overlap,scored_rest,1211,False,True,False
Subject10|rest|Subject10_1.edf|36.000|40.000,Subject10,rest,0,Subject10_1.edf,36.0,40.0,188.0,False,4.0,2.0,4s_windows_50pct_overlap,scored_rest,1212,False,True,False
Subject10|rest|Subject10_1.edf|38.000|42.000,Subject10,rest,0,Subject10_1.edf,38.0,42.0,188.0,False,4.0,2.0,4s_windows_50pct_overlap,scored_rest,1213,False,True,False
Subject10|rest|Subject10_1.edf|40.000|44.000,Subject10,rest,0,Subject10_1.edf,40.0,44.0,188.0,False,4.0,2.0,4s_windows_50pct_overlap,scored_rest,1214,False,True,False
Subject10|rest|Subject10_1.edf|42.000|46.000,Subject10,rest,0,Subject10_1.edf,42.0,46.0,188.0,False,4.0,2.0,4s_windows_50pct_overlap,scored_rest,1215,False,True,False
Subject10|rest|Subject10_1.edf|44.000|48.000,Subject10,rest,0,Subject10_1.edf,44.0,48.0,188.0,False,4.0,2.0,4s_windows_50pct_overlap,scored_rest,1216,False,True,False
Subject10|rest|Subject10_1.edf|46.000|50.000,Subject10,rest,0,Subject10_1.edf,46.0,50.0,188.0,False,4.0,2.0,4s_windows_50pct_overlap,scored_rest,1217,False,True,False
Subject10|rest|Subject10_1.edf|48.000|52.000,Subject10,rest,0,Subject10_1.edf,48.0,52.0,188.0,False,4.0,2.0,4s_windows_50pct_overlap,scored_rest,1218,False,True,False
Subject10|rest|Subject10_1.edf|50.000|54.000,Subject10,rest,0,Subject10_1.edf,50.0,54.0,188.0,False,4.0,2.0,4s_windows_50pct_overlap,scored_rest,1219,False,True,False
Subject10|rest|Subject10_1.edf|52.000|56.000,Subject10,rest,0,Subject10_1.edf,52.0,56.0,188.0,False,4.0,2.0,4s_windows_50pct_overlap,scored_rest,1220,False,True,False
Subject10|rest|Subject10_1.edf|54.000|58.000,Subject10,rest,0,Subject10_1.edf,54.0,58.0,188.0,False,4.0,2.0,4s_windows_50pct_overlap,scored_rest,1221,False,True,False
Subject10|rest|Subject10_1.edf|56.000|60.000,Subject10,rest,0,Subject10_1.edf,56.0,60.0,188.0,False,4.0,2.0,4s_windows_50pct_overlap,scored_rest,1222,False,True,False
Subject10|rest|Subject10_1.edf|58.000|62.000,Subject10,rest,0,Subject10_1.edf,58.0,62.0,188.0,False,4.0,2.0,4s_windows_50pct_overlap,unused,1223,False,False,False
Subject10|rest|Subject10_1.edf|60.000|64.000,Subject10,rest,0,Subject10_1.edf,60.0,64.0,188.0,False,4.0,2.0,4s_windows_50pct_overlap,unused,1224,False,False,False
Subject10|rest|Subject10_1.edf|62.000|66.000,Subject10,rest,0,Subject10_1.edf,62.0,66.0,188.0,False,4.0,2.0,4s_windows_50pct_overlap,unused,1225,False,False,False
Subject10|rest|Subject10_1.edf|64.000|68.000,Subject10,rest,0,Subject10_1.edf,64.0,68.0,188.0,False,4.0,2.0,4s_windows_50pct_overlap,unused,1226,False,False,False
Subject10|rest|Subject10_1.edf|66.000|70.000,Subject10,rest,0,Subject10_1.edf,66.0,70.0,188.0,False,4.0,2.0,4s_windows_50pct_overlap,unused,1227,False,False,False
Subject10|rest|Subject10_1.edf|68.000|72.000,Subject10,rest,0,Subject10_1.edf,68.0,72.0,188.0,False,4.0,2.0,4s_windows_50pct_overlap,unused,1228,False,False,False
Subject10|rest|Subject10_1.edf|70.000|74.000,Subject10,rest,0,Subject10_1.edf,70.0,74.0,188.0,False,4.0,2.0,4s_windows_50pct_overlap,unused,1229,False,False,False
Subject10|rest|Subject10_1.edf|72.000|76.000,Subject10,rest,0,Subject10_1.edf,72.0,76.0,188.0,False,4.0,2.0,4s_windows_50pct_overlap,unused,1230,False,False,False
Subject10|rest|Subject10_1.edf|74.000|78.000,Subject10,rest,0,Subject10_1.edf,74.0,78.0,188.0,False,4.0,2.0,4s_windows_50pct_overlap,unused,1231,False,False,False
Subject10|rest|Subject10_1.edf|76.000|80.000,Subject10,rest,0,Subject10_1.edf,76.0,80.0,188.0,False,4.0,2.0,4s_windows_50pct_overlap,unused,1232,False,False,False
Subject10|rest|Subject10_1.edf|78.000|82.000,Subject10,rest,0,Subject10_1.edf,78.0,82.0,188.0,False,4.0,2.0,4s_windows_50pct_overlap,unused,1233,False,False,False
Subject10|rest|Subject10_1.edf|80.000|84.000,Subject10,rest,0,Subject10_1.edf,80.0,84.0,188.0,False,4.0,2.0,4s_windows_50pct_overlap,unused,1234,False,False,False
Subject10|rest|Subject10_1.edf|82.000|86.000,Subject10,rest,0,Subject10_1.edf,82.0,86.0,188.0,False,4.0,2.0,4s_windows_50pct_overlap,unused,1235,False,False,False
Subject10|rest|Subject10_1.edf|84.000|88.000,Subject10,rest,0,Subject10_1.edf,84.0,88.0,188.0,False,4.0,2.0,4s_windows_50pct_overlap,unused,1236,False,False,False
Subject10|rest|Subject10_1.edf|86.000|90.000,Subject10,rest,0,Subject10_1.edf,86.0,90.0,188.0,False,4.0,2.0,4s_windows_50pct_overlap,unused,1237,False,False,False
Subject10|rest|Subject10_1.edf|88.000|92.000,Subject10,rest,0,Subject10_1.edf,88.0,92.0,188.0,False,4.0,2.0,4s_windows_50pct_overlap,unused,1238,False,False,False
Subject10|rest|Subject10_1.edf|90.000|94.000,Subject10,rest,0,Subject10_1.edf,90.0,94.0,188.0,False,4.0,2.0,4s_windows_50pct_overlap,unused,1239,False,False,False
Subject10|rest|Subject10_1.edf|92.000|96.000,Subject10,rest,0,Subject10_1.edf,92.0,96.0,188.0,False,4.0,2.0,4s_windows_50pct_overlap,unused,1240,False,False,False
Subject10|rest|Subject10_1.edf|94.000|98.000,Subject10,rest,0,Subject10_1.edf,94.0,98.0,188.0,False,4.0,2.0,4s_windows_50pct_overlap,unused,1241,False,False,False
Subject10|rest|Subject10_1.edf|96.000|100.000,Subject10,rest,0,Subject10_1.edf,96.0,100.0,188.0,False,4.0,2.0,4s_windows_50pct_overlap,unused,1242,False,False,False
Subject10|rest|Subject10_1.edf|98.000|102.000,Subject10,rest,0,Subject10_1.edf,98.0,102.0,188.0,False,4.0,2.0,4s_windows_50pct_overlap,unused,1243,False,False,False
Subject10|rest|Subject10_1.edf|100.000|104.000,Subject10,rest,0,Subject10_1.edf,100.0,104.0,188.0,False,4.0,2.0,4s_windows_50pct_overlap,unused,1244,False,False,False
Subject10|rest|Subject10_1.edf|102.000|106.000,Subject10,rest,0,Subject10_1.edf,102.0,106.0,188.0,False,4.0,2.0,4s_windows_50pct_overlap,unused,1245,False,False,False
Subject10|rest|Subject10_1.edf|104.000|108.000,Subject10,rest,0,Subject10_1.edf,104.0,108.0,188.0,False,4.0,2.0,4s_windows_50pct_overlap,unused,1246,False,False,False
Subject10|rest|Subject10_1.edf|106.000|110.000,Subject10,rest,0,Subject10_1.edf,106.0,110.0,188.0,False,4.0,2.0,4s_windows_50pct_overlap,unused,1247,False,False,False
Subject10|rest|Subject10_1.edf|108.000|112.000,Subject10,rest,0,Subject10_1.edf,108.0,112.0,188.0,False,4.0,2.0,4s_windows_50pct_overlap,unused,1248,False,False,False
Subject10|rest|Subject10_1.edf|110.000|114.000,Subject10,rest,0,Subject10_1.edf,110.0,114.0,188.0,False,4.0,2.0,4s_windows_50pct_overlap,unused,1249,False,False,False
Subject10|rest|Subject10_1.edf|112.000|116.000,Subject10,rest,0,Subject10_1.edf,112.0,116.0,188.0,False,4.0,2.0,4s_windows_50pct_overlap,unused,1250,False,False,False
Subject10|rest|Subject10_1.edf|114.000|118.000,Subject10,rest,0,Subject10_1.edf,114.0,118.0,188.0,False,4.0,2.0,4s_windows_50pct_overlap,unused,1251,False,False,False
Subject10|rest|Subject10_1.edf|116.000|120.000,Subject10,rest,0,Subject10_1.edf,116.0,120.0,188.0,False,4.0,2.0,4s_windows_50pct_overlap,unused,1252,False,False,False
Subject10|rest|Subject10_1.edf|118.000|122.000,Subject10,rest,0,Subject10_1.edf,118.0,122.0,188.0,False,4.0,2.0,4s_windows_50pct_overlap,unused,1253,False,False,False
Subject10|rest|Subject10_1.edf|120.000|124.000,Subject10,rest,0,Subject10_1.edf,120.0,124.0,188.0,False,4.0,2.0,4s_windows_50pct_overlap,unused,1254,False,False,False
Subject10|rest|Subject10_1.edf|122.000|126.000,Subject10,rest,0,Subject10_1.edf,122.0,126.0,188.0,False,4.0,2.0,4s_windows_50pct_overlap,unused,1255,False,False,False
Subject10|rest|Subject10_1.edf|124.000|128.000,Subject10,rest,0,Subject10_1.edf,124.0,128.0,188.0,False,4.0,2.0,4s_windows_50pct_overlap,unused,1256,False,False,False
Subject10|rest|Subject10_1.edf|126.000|130.000,Subject10,rest,0,Subject10_1.edf,126.0,130.0,188.0,False,4.0,2.0,4s_windows_50pct_overlap,unused,1257,False,False,False
Subject10|rest|Subject10_1.edf|128.000|132.000,Subject10,rest,0,Subject10_1.edf,128.0,132.0,188.0,False,4.0,2.0,4s_windows_50pct_overlap,unused,1258,False,False,False
Subject10|rest|Subject10_1.edf|130.000|134.000,Subject10,rest,0,Subject10_1.edf,130.0,134.0,188.0,False,4.0,2.0,4s_windows_50pct_overlap,unused,1259,False,False,False
Subject10|rest|Subject10_1.edf|132.000|136.000,Subject10,rest,0,Subject10_1.edf,132.0,136.0,188.0,False,4.0,2.0,4s_windows_50pct_overlap,unused,1260,False,False,False
Subject10|rest|Subject10_1.edf|134.000|138.000,Subject10,rest,0,Subject10_1.edf,134.0,138.0,188.0,False,4.0,2.0,4s_windows_50pct_overlap,unused,1261,False,False,False
Subject10|rest|Subject10_1.edf|136.000|140.000,Subject10,rest,0,Subject10_1.edf,136.0,140.0,188.0,False,4.0,2.0,4s_windows_50pct_overlap,unused,1262,False,False,False
Subject10|rest|Subject10_1.edf|138.000|142.000,Subject10,rest,0,Subject10_1.edf,138.0,142.0,188.0,False,4.0,2.0,4s_windows_50pct_overlap,unused,1263,False,False,False
Subject10|rest|Subject10_1.edf|140.000|144.000,Subject10,rest,0,Subject10_1.edf,140.0,144.0,188.0,False,4.0,2.0,4s_windows_50pct_overlap,unused,1264,False,False,False
Subject10|rest|Subject10_1.edf|142.000|146.000,Subject10,rest,0,Subject10_1.edf,142.0,146.0,188.0,False,4.0,2.0,4s_windows_50pct_overlap,unused,1265,False,False,False
Subject10|rest|Subject10_1.edf|144.000|148.000,Subject10,rest,0,Subject10_1.edf,144.0,148.0,188.0,False,4.0,2.0,4s_windows_50pct_overlap,unused,1266,False,False,False
Subject10|rest|Subject10_1.edf|146.000|150.000,Subject10,rest,0,Subject10_1.edf,146.0,150.0,188.0,False,4.0,2.0,4s_windows_50pct_overlap,unused,1267,False,False,False
Subject10|rest|Subject10_1.edf|148.000|152.000,Subject10,rest,0,Subject10_1.edf,148.0,152.0,188.0,False,4.0,2.0,4s_windows_50pct_overlap,unused,1268,False,False,False
Subject10|rest|Subject10_1.edf|150.000|154.000,Subject10,rest,0,Subject10_1.edf,150.0,154.0,188.0,False,4.0,2.0,4s_windows_50pct_overlap,unused,1269,False,False,False
Subject10|rest|Subject10_1.edf|152.000|156.000,Subject10,rest,0,Subject10_1.edf,152.0,156.0,188.0,False,4.0,2.0,4s_windows_50pct_overlap,unused,1270,False,False,False
Subject10|rest|Subject10_1.edf|154.000|158.000,Subject10,rest,0,Subject10_1.edf,154.0,158.0,188.0,False,4.0,2.0,4s_windows_50pct_overlap,unused,1271,False,False,False
Subject10|rest|Subject10_1.edf|156.000|160.000,Subject10,rest,0,Subject10_1.edf,156.0,160.0,188.0,False,4.0,2.0,4s_windows_50pct_overlap,unused,1272,False,False,False
Subject10|rest|Subject10_1.edf|158.000|162.000,Subject10,rest,0,Subject10_1.edf,158.0,162.0,188.0,False,4.0,2.0,4s_windows_50pct_overlap,unused,1273,False,False,False
Subject10|rest|Subject10_1.edf|160.000|164.000,Subject10,rest,0,Subject10_1.edf,160.0,164.0,188.0,False,4.0,2.0,4s_windows_50pct_overlap,unused,1274,False,False,False
Subject10|rest|Subject10_1.edf|162.000|166.000,Subject10,rest,0,Subject10_1.edf,162.0,166.0,188.0,False,4.0,2.0,4s_windows_50pct_overlap,unused,1275,False,False,False
Subject10|rest|Subject10_1.edf|164.000|168.000,Subject10,rest,0,Subject10_1.edf,164.0,168.0,188.0,False,4.0,2.0,4s_windows_50pct_overlap,unused,1276,False,False,False
Subject10|rest|Subject10_1.edf|166.000|170.000,Subject10,rest,0,Subject10_1.edf,166.0,170.0,188.0,False,4.0,2.0,4s_windows_50pct_overlap,unused,1277,False,False,False
Subject10|rest|Subject10_1.edf|168.000|172.000,Subject10,rest,0,Subject10_1.edf,168.0,172.0,188.0,False,4.0,2.0,4s_windows_50pct_overlap,unused,1278,False,False,False
Subject10|rest|Subject10_1.edf|170.000|174.000,Subject10,rest,0,Subject10_1.edf,170.0,174.0,188.0,False,4.0,2.0,4s_windows_50pct_overlap,unused,1279,False,False,False
Subject10|rest|Subject10_1.edf|172.000|176.000,Subject10,rest,0,Subject10_1.edf,172.0,176.0,188.0,False,4.0,2.0,4s_windows_50pct_overlap,unused,1280,False,False,False
Subject10|rest|Subject10_1.edf|174.000|178.000,Subject10,rest,0,Subject10_1.edf,174.0,178.0,188.0,False,4.0,2.0,4s_windows_50pct_overlap,unused,1281,False,False,False
Subject10|rest|Subject10_1.edf|176.000|180.000,Subject10,rest,0,Subject10_1.edf,176.0,180.0,188.0,False,4.0,2.0,4s_windows_50pct_overlap,unused,1282,False,False,False
Subject10|rest|Subject10_1.edf|178.000|182.000,Subject10,rest,0,Subject10_1.edf,178.0,182.0,188.0,False,4.0,2.0,4s_windows_50pct_overlap,unused,1283,False,False,False
Subject10|rest|Subject10_1.edf|180.000|184.000,Subject10,rest,0,Subject10_1.edf,180.0,184.0,188.0,False,4.0,2.0,4s_windows_50pct_overlap,unused,1284,False,False,False
Subject10|rest|Subject10_1.edf|182.000|186.000,Subject10,rest,0,Subject10_1.edf,182.0,186.0,188.0,False,4.0,2.0,4s_windows_50pct_overlap,unused,1285,False,False,False
Subject10|rest|Subject10_1.edf|184.000|188.000,Subject10,rest,0,Subject10_1.edf,184.0,188.0,188.0,False,4.0,2.0,4s_windows_50pct_overlap,unused,1286,False,False,False
Subject10|arithmetic|Subject10_2.edf|0.000|4.000,Subject10,arithmetic,1,Subject10_2.edf,0.0,4.0,62.0,False,4.0,2.0,4s_windows_50pct_overlap,scored_task,1287,False,True,False
Subject10|arithmetic|Subject10_2.edf|2.000|6.000,Subject10,arithmetic,1,Subject10_2.edf,2.0,6.0,62.0,False,4.0,2.0,4s_windows_50pct_overlap,scored_task,1288,False,True,False
Subject10|arithmetic|Subject10_2.edf|4.000|8.000,Subject10,arithmetic,1,Subject10_2.edf,4.0,8.0,62.0,False,4.0,2.0,4s_windows_50pct_overlap,scored_task,1289,False,True,False
Subject10|arithmetic|Subject10_2.edf|6.000|10.000,Subject10,arithmetic,1,Subject10_2.edf,6.0,10.0,62.0,False,4.0,2.0,4s_windows_50pct_overlap,scored_task,1290,False,True,False
Subject10|arithmetic|Subject10_2.edf|8.000|12.000,Subject10,arithmetic,1,Subject10_2.edf,8.0,12.0,62.0,False,4.0,2.0,4s_windows_50pct_overlap,scored_task,1291,False,True,False
Subject10|arithmetic|Subject10_2.edf|10.000|14.000,Subject10,arithmetic,1,Subject10_2.edf,10.0,14.0,62.0,False,4.0,2.0,4s_windows_50pct_overlap,scored_task,1292,False,True,False
Subject10|arithmetic|Subject10_2.edf|12.000|16.000,Subject10,arithmetic,1,Subject10_2.edf,12.0,16.0,62.0,False,4.0,2.0,4s_windows_50pct_overlap,scored_task,1293,False,True,False
Subject10|arithmetic|Subject10_2.edf|14.000|18.000,Subject10,arithmetic,1,Subject10_2.edf,14.0,18.0,62.0,False,4.0,2.0,4s_windows_50pct_overlap,scored_task,1294,False,True,False
Subject10|arithmetic|Subject10_2.edf|16.000|20.000,Subject10,arithmetic,1,Subject10_2.edf,16.0,20.0,62.0,False,4.0,2.0,4s_windows_50pct_overlap,scored_task,1295,False,True,False
Subject10|arithmetic|Subject10_2.edf|18.000|22.000,Subject10,arithmetic,1,Subject10_2.edf,18.0,22.0,62.0,False,4.0,2.0,4s_windows_50pct_overlap,scored_task,1296,False,True,False
Subject10|arithmetic|Subject10_2.edf|20.000|24.000,Subject10,arithmetic,1,Subject10_2.edf,20.0,24.0,62.0,False,4.0,2.0,4s_windows_50pct_overlap,scored_task,1297,False,True,False
Subject10|arithmetic|Subject10_2.edf|22.000|26.000,Subject10,arithmetic,1,Subject10_2.edf,22.0,26.0,62.0,False,4.0,2.0,4s_windows_50pct_overlap,scored_task,1298,False,True,False
Subject10|arithmetic|Subject10_2.edf|24.000|28.000,Subject10,arithmetic,1,Subject10_2.edf,24.0,28.0,62.0,False,4.0,2.0,4s_windows_50pct_overlap,scored_task,1299,False,True,False
Subject10|arithmetic|Subject10_2.edf|26.000|30.000,Subject10,arithmetic,1,Subject10_2.edf,26.0,30.0,62.0,False,4.0,2.0,4s_windows_50pct_overlap,scored_task,1300,False,True,False
Subject10|arithmetic|Subject10_2.edf|28.000|32.000,Subject10,arithmetic,1,Subject10_2.edf,28.0,32.0,62.0,False,4.0,2.0,4s_windows_50pct_overlap,unused,1301,False,False,False
Subject10|arithmetic|Subject10_2.edf|30.000|34.000,Subject10,arithmetic,1,Subject10_2.edf,30.0,34.0,62.0,False,4.0,2.0,4s_windows_50pct_overlap,unused,1302,False,False,False
Subject10|arithmetic|Subject10_2.edf|32.000|36.000,Subject10,arithmetic,1,Subject10_2.edf,32.0,36.0,62.0,False,4.0,2.0,4s_windows_50pct_overlap,unused,1303,False,False,False
Subject10|arithmetic|Subject10_2.edf|34.000|38.000,Subject10,arithmetic,1,Subject10_2.edf,34.0,38.0,62.0,False,4.0,2.0,4s_windows_50pct_overlap,unused,1304,False,False,False
Subject10|arithmetic|Subject10_2.edf|36.000|40.000,Subject10,arithmetic,1,Subject10_2.edf,36.0,40.0,62.0,False,4.0,2.0,4s_windows_50pct_overlap,unused,1305,False,False,False
Subject10|arithmetic|Subject10_2.edf|38.000|42.000,Subject10,arithmetic,1,Subject10_2.edf,38.0,42.0,62.0,False,4.0,2.0,4s_windows_50pct_overlap,unused,1306,False,False,False
Subject10|arithmetic|Subject10_2.edf|40.000|44.000,Subject10,arithmetic,1,Subject10_2.edf,40.0,44.0,62.0,False,4.0,2.0,4s_windows_50pct_overlap,unused,1307,False,False,False
Subject10|arithmetic|Subject10_2.edf|42.000|46.000,Subject10,arithmetic,1,Subject10_2.edf,42.0,46.0,62.0,False,4.0,2.0,4s_windows_50pct_overlap,unused,1308,False,False,False
Subject10|arithmetic|Subject10_2.edf|44.000|48.000,Subject10,arithmetic,1,Subject10_2.edf,44.0,48.0,62.0,False,4.0,2.0,4s_windows_50pct_overlap,unused,1309,False,False,False
Subject10|arithmetic|Subject10_2.edf|46.000|50.000,Subject10,arithmetic,1,Subject10_2.edf,46.0,50.0,62.0,False,4.0,2.0,4s_windows_50pct_overlap,unused,1310,False,False,False
Subject10|arithmetic|Subject10_2.edf|48.000|52.000,Subject10,arithmetic,1,Subject10_2.edf,48.0,52.0,62.0,False,4.0,2.0,4s_windows_50pct_overlap,unused,1311,False,False,False
Subject10|arithmetic|Subject10_2.edf|50.000|54.000,Subject10,arithmetic,1,Subject10_2.edf,50.0,54.0,62.0,False,4.0,2.0,4s_windows_50pct_overlap,unused,1312,False,False,False
Subject10|arithmetic|Subject10_2.edf|52.000|56.000,Subject10,arithmetic,1,Subject10_2.edf,52.0,56.0,62.0,False,4.0,2.0,4s_windows_50pct_overlap,unused,1313,False,False,False
Subject10|arithmetic|Subject10_2.edf|54.000|58.000,Subject10,arithmetic,1,Subject10_2.edf,54.0,58.0,62.0,False,4.0,2.0,4s_windows_50pct_overlap,unused,1314,False,False,False
Subject10|arithmetic|Subject10_2.edf|56.000|60.000,Subject10,arithmetic,1,Subject10_2.edf,56.0,60.0,62.0,False,4.0,2.0,4s_windows_50pct_overlap,unused,1315,False,False,False
Subject10|arithmetic|Subject10_2.edf|58.000|62.000,Subject10,arithmetic,1,Subject10_2.edf,58.0,62.0,62.0,False,4.0,2.0,4s_windows_50pct_overlap,unused,1316,False,False,False
Subject11|rest|Subject11_1.edf|0.000|4.000,Subject11,rest,0,Subject11_1.edf,0.0,4.0,182.0,False,4.0,2.0,4s_windows_50pct_overlap,calibration,1317,True,False,False
Subject11|rest|Subject11_1.edf|2.000|6.000,Subject11,rest,0,Subject11_1.edf,2.0,6.0,182.0,False,4.0,2.0,4s_windows_50pct_overlap,calibration,1318,True,False,False
Subject11|rest|Subject11_1.edf|4.000|8.000,Subject11,rest,0,Subject11_1.edf,4.0,8.0,182.0,False,4.0,2.0,4s_windows_50pct_overlap,calibration,1319,True,False,False
Subject11|rest|Subject11_1.edf|6.000|10.000,Subject11,rest,0,Subject11_1.edf,6.0,10.0,182.0,False,4.0,2.0,4s_windows_50pct_overlap,calibration,1320,True,False,False
Subject11|rest|Subject11_1.edf|8.000|12.000,Subject11,rest,0,Subject11_1.edf,8.0,12.0,182.0,False,4.0,2.0,4s_windows_50pct_overlap,calibration,1321,True,False,False
Subject11|rest|Subject11_1.edf|10.000|14.000,Subject11,rest,0,Subject11_1.edf,10.0,14.0,182.0,False,4.0,2.0,4s_windows_50pct_overlap,calibration,1322,True,False,False
Subject11|rest|Subject11_1.edf|12.000|16.000,Subject11,rest,0,Subject11_1.edf,12.0,16.0,182.0,False,4.0,2.0,4s_windows_50pct_overlap,calibration,1323,True,False,False
Subject11|rest|Subject11_1.edf|14.000|18.000,Subject11,rest,0,Subject11_1.edf,14.0,18.0,182.0,False,4.0,2.0,4s_windows_50pct_overlap,calibration,1324,True,False,False
Subject11|rest|Subject11_1.edf|16.000|20.000,Subject11,rest,0,Subject11_1.edf,16.0,20.0,182.0,False,4.0,2.0,4s_windows_50pct_overlap,calibration,1325,True,False,False
Subject11|rest|Subject11_1.edf|18.000|22.000,Subject11,rest,0,Subject11_1.edf,18.0,22.0,182.0,False,4.0,2.0,4s_windows_50pct_overlap,calibration,1326,True,False,False
Subject11|rest|Subject11_1.edf|20.000|24.000,Subject11,rest,0,Subject11_1.edf,20.0,24.0,182.0,False,4.0,2.0,4s_windows_50pct_overlap,calibration,1327,True,False,False
Subject11|rest|Subject11_1.edf|22.000|26.000,Subject11,rest,0,Subject11_1.edf,22.0,26.0,182.0,False,4.0,2.0,4s_windows_50pct_overlap,calibration,1328,True,False,False
Subject11|rest|Subject11_1.edf|24.000|28.000,Subject11,rest,0,Subject11_1.edf,24.0,28.0,182.0,False,4.0,2.0,4s_windows_50pct_overlap,calibration,1329,True,False,False
Subject11|rest|Subject11_1.edf|26.000|30.000,Subject11,rest,0,Subject11_1.edf,26.0,30.0,182.0,False,4.0,2.0,4s_windows_50pct_overlap,calibration,1330,True,False,False
Subject11|rest|Subject11_1.edf|28.000|32.000,Subject11,rest,0,Subject11_1.edf,28.0,32.0,182.0,False,4.0,2.0,4s_windows_50pct_overlap,unused,1331,False,False,False
Subject11|rest|Subject11_1.edf|30.000|34.000,Subject11,rest,0,Subject11_1.edf,30.0,34.0,182.0,False,4.0,2.0,4s_windows_50pct_overlap,scored_rest,1332,False,True,False
Subject11|rest|Subject11_1.edf|32.000|36.000,Subject11,rest,0,Subject11_1.edf,32.0,36.0,182.0,False,4.0,2.0,4s_windows_50pct_overlap,scored_rest,1333,False,True,False
Subject11|rest|Subject11_1.edf|34.000|38.000,Subject11,rest,0,Subject11_1.edf,34.0,38.0,182.0,False,4.0,2.0,4s_windows_50pct_overlap,scored_rest,1334,False,True,False
Subject11|rest|Subject11_1.edf|36.000|40.000,Subject11,rest,0,Subject11_1.edf,36.0,40.0,182.0,False,4.0,2.0,4s_windows_50pct_overlap,scored_rest,1335,False,True,False
Subject11|rest|Subject11_1.edf|38.000|42.000,Subject11,rest,0,Subject11_1.edf,38.0,42.0,182.0,False,4.0,2.0,4s_windows_50pct_overlap,scored_rest,1336,False,True,False
Subject11|rest|Subject11_1.edf|40.000|44.000,Subject11,rest,0,Subject11_1.edf,40.0,44.0,182.0,False,4.0,2.0,4s_windows_50pct_overlap,scored_rest,1337,False,True,False
Subject11|rest|Subject11_1.edf|42.000|46.000,Subject11,rest,0,Subject11_1.edf,42.0,46.0,182.0,False,4.0,2.0,4s_windows_50pct_overlap,scored_rest,1338,False,True,False
Subject11|rest|Subject11_1.edf|44.000|48.000,Subject11,rest,0,Subject11_1.edf,44.0,48.0,182.0,False,4.0,2.0,4s_windows_50pct_overlap,scored_rest,1339,False,True,False
Subject11|rest|Subject11_1.edf|46.000|50.000,Subject11,rest,0,Subject11_1.edf,46.0,50.0,182.0,False,4.0,2.0,4s_windows_50pct_overlap,scored_rest,1340,False,True,False
Subject11|rest|Subject11_1.edf|48.000|52.000,Subject11,rest,0,Subject11_1.edf,48.0,52.0,182.0,False,4.0,2.0,4s_windows_50pct_overlap,scored_rest,1341,False,True,False
Subject11|rest|Subject11_1.edf|50.000|54.000,Subject11,rest,0,Subject11_1.edf,50.0,54.0,182.0,False,4.0,2.0,4s_windows_50pct_overlap,scored_rest,1342,False,True,False
Subject11|rest|Subject11_1.edf|52.000|56.000,Subject11,rest,0,Subject11_1.edf,52.0,56.0,182.0,False,4.0,2.0,4s_windows_50pct_overlap,scored_rest,1343,False,True,False
Subject11|rest|Subject11_1.edf|54.000|58.000,Subject11,rest,0,Subject11_1.edf,54.0,58.0,182.0,False,4.0,2.0,4s_windows_50pct_overlap,scored_rest,1344,False,True,False
Subject11|rest|Subject11_1.edf|56.000|60.000,Subject11,rest,0,Subject11_1.edf,56.0,60.0,182.0,False,4.0,2.0,4s_windows_50pct_overlap,scored_rest,1345,False,True,False
Subject11|rest|Subject11_1.edf|58.000|62.000,Subject11,rest,0,Subject11_1.edf,58.0,62.0,182.0,False,4.0,2.0,4s_windows_50pct_overlap,unused,1346,False,False,False
Subject11|rest|Subject11_1.edf|60.000|64.000,Subject11,rest,0,Subject11_1.edf,60.0,64.0,182.0,False,4.0,2.0,4s_windows_50pct_overlap,unused,1347,False,False,False
Subject11|rest|Subject11_1.edf|62.000|66.000,Subject11,rest,0,Subject11_1.edf,62.0,66.0,182.0,False,4.0,2.0,4s_windows_50pct_overlap,unused,1348,False,False,False
Subject11|rest|Subject11_1.edf|64.000|68.000,Subject11,rest,0,Subject11_1.edf,64.0,68.0,182.0,False,4.0,2.0,4s_windows_50pct_overlap,unused,1349,False,False,False
Subject11|rest|Subject11_1.edf|66.000|70.000,Subject11,rest,0,Subject11_1.edf,66.0,70.0,182.0,False,4.0,2.0,4s_windows_50pct_overlap,unused,1350,False,False,False
Subject11|rest|Subject11_1.edf|68.000|72.000,Subject11,rest,0,Subject11_1.edf,68.0,72.0,182.0,False,4.0,2.0,4s_windows_50pct_overlap,unused,1351,False,False,False
Subject11|rest|Subject11_1.edf|70.000|74.000,Subject11,rest,0,Subject11_1.edf,70.0,74.0,182.0,False,4.0,2.0,4s_windows_50pct_overlap,unused,1352,False,False,False
Subject11|rest|Subject11_1.edf|72.000|76.000,Subject11,rest,0,Subject11_1.edf,72.0,76.0,182.0,False,4.0,2.0,4s_windows_50pct_overlap,unused,1353,False,False,False
Subject11|rest|Subject11_1.edf|74.000|78.000,Subject11,rest,0,Subject11_1.edf,74.0,78.0,182.0,False,4.0,2.0,4s_windows_50pct_overlap,unused,1354,False,False,False
Subject11|rest|Subject11_1.edf|76.000|80.000,Subject11,rest,0,Subject11_1.edf,76.0,80.0,182.0,False,4.0,2.0,4s_windows_50pct_overlap,unused,1355,False,False,False
Subject11|rest|Subject11_1.edf|78.000|82.000,Subject11,rest,0,Subject11_1.edf,78.0,82.0,182.0,False,4.0,2.0,4s_windows_50pct_overlap,unused,1356,False,False,False
Subject11|rest|Subject11_1.edf|80.000|84.000,Subject11,rest,0,Subject11_1.edf,80.0,84.0,182.0,False,4.0,2.0,4s_windows_50pct_overlap,unused,1357,False,False,False
Subject11|rest|Subject11_1.edf|82.000|86.000,Subject11,rest,0,Subject11_1.edf,82.0,86.0,182.0,False,4.0,2.0,4s_windows_50pct_overlap,unused,1358,False,False,False
Subject11|rest|Subject11_1.edf|84.000|88.000,Subject11,rest,0,Subject11_1.edf,84.0,88.0,182.0,False,4.0,2.0,4s_windows_50pct_overlap,unused,1359,False,False,False
Subject11|rest|Subject11_1.edf|86.000|90.000,Subject11,rest,0,Subject11_1.edf,86.0,90.0,182.0,False,4.0,2.0,4s_windows_50pct_overlap,unused,1360,False,False,False
Subject11|rest|Subject11_1.edf|88.000|92.000,Subject11,rest,0,Subject11_1.edf,88.0,92.0,182.0,False,4.0,2.0,4s_windows_50pct_overlap,unused,1361,False,False,False
Subject11|rest|Subject11_1.edf|90.000|94.000,Subject11,rest,0,Subject11_1.edf,90.0,94.0,182.0,False,4.0,2.0,4s_windows_50pct_overlap,unused,1362,False,False,False
Subject11|rest|Subject11_1.edf|92.000|96.000,Subject11,rest,0,Subject11_1.edf,92.0,96.0,182.0,False,4.0,2.0,4s_windows_50pct_overlap,unused,1363,False,False,False
Subject11|rest|Subject11_1.edf|94.000|98.000,Subject11,rest,0,Subject11_1.edf,94.0,98.0,182.0,False,4.0,2.0,4s_windows_50pct_overlap,unused,1364,False,False,False
Subject11|rest|Subject11_1.edf|96.000|100.000,Subject11,rest,0,Subject11_1.edf,96.0,100.0,182.0,False,4.0,2.0,4s_windows_50pct_overlap,unused,1365,False,False,False
Subject11|rest|Subject11_1.edf|98.000|102.000,Subject11,rest,0,Subject11_1.edf,98.0,102.0,182.0,False,4.0,2.0,4s_windows_50pct_overlap,unused,1366,False,False,False
Subject11|rest|Subject11_1.edf|100.000|104.000,Subject11,rest,0,Subject11_1.edf,100.0,104.0,182.0,False,4.0,2.0,4s_windows_50pct_overlap,unused,1367,False,False,False
Subject11|rest|Subject11_1.edf|102.000|106.000,Subject11,rest,0,Subject11_1.edf,102.0,106.0,182.0,False,4.0,2.0,4s_windows_50pct_overlap,unused,1368,False,False,False
Subject11|rest|Subject11_1.edf|104.000|108.000,Subject11,rest,0,Subject11_1.edf,104.0,108.0,182.0,False,4.0,2.0,4s_windows_50pct_overlap,unused,1369,False,False,False
Subject11|rest|Subject11_1.edf|106.000|110.000,Subject11,rest,0,Subject11_1.edf,106.0,110.0,182.0,False,4.0,2.0,4s_windows_50pct_overlap,unused,1370,False,False,False
Subject11|rest|Subject11_1.edf|108.000|112.000,Subject11,rest,0,Subject11_1.edf,108.0,112.0,182.0,False,4.0,2.0,4s_windows_50pct_overlap,unused,1371,False,False,False
Subject11|rest|Subject11_1.edf|110.000|114.000,Subject11,rest,0,Subject11_1.edf,110.0,114.0,182.0,False,4.0,2.0,4s_windows_50pct_overlap,unused,1372,False,False,False
Subject11|rest|Subject11_1.edf|112.000|116.000,Subject11,rest,0,Subject11_1.edf,112.0,116.0,182.0,False,4.0,2.0,4s_windows_50pct_overlap,unused,1373,False,False,False
Subject11|rest|Subject11_1.edf|114.000|118.000,Subject11,rest,0,Subject11_1.edf,114.0,118.0,182.0,False,4.0,2.0,4s_windows_50pct_overlap,unused,1374,False,False,False
Subject11|rest|Subject11_1.edf|116.000|120.000,Subject11,rest,0,Subject11_1.edf,116.0,120.0,182.0,False,4.0,2.0,4s_windows_50pct_overlap,unused,1375,False,False,False
Subject11|rest|Subject11_1.edf|118.000|122.000,Subject11,rest,0,Subject11_1.edf,118.0,122.0,182.0,False,4.0,2.0,4s_windows_50pct_overlap,unused,1376,False,False,False
Subject11|rest|Subject11_1.edf|120.000|124.000,Subject11,rest,0,Subject11_1.edf,120.0,124.0,182.0,False,4.0,2.0,4s_windows_50pct_overlap,unused,1377,False,False,False
Subject11|rest|Subject11_1.edf|122.000|126.000,Subject11,rest,0,Subject11_1.edf,122.0,126.0,182.0,False,4.0,2.0,4s_windows_50pct_overlap,unused,1378,False,False,False
Subject11|rest|Subject11_1.edf|124.000|128.000,Subject11,rest,0,Subject11_1.edf,124.0,128.0,182.0,False,4.0,2.0,4s_windows_50pct_overlap,unused,1379,False,False,False
Subject11|rest|Subject11_1.edf|126.000|130.000,Subject11,rest,0,Subject11_1.edf,126.0,130.0,182.0,False,4.0,2.0,4s_windows_50pct_overlap,unused,1380,False,False,False
Subject11|rest|Subject11_1.edf|128.000|132.000,Subject11,rest,0,Subject11_1.edf,128.0,132.0,182.0,False,4.0,2.0,4s_windows_50pct_overlap,unused,1381,False,False,False
Subject11|rest|Subject11_1.edf|130.000|134.000,Subject11,rest,0,Subject11_1.edf,130.0,134.0,182.0,False,4.0,2.0,4s_windows_50pct_overlap,unused,1382,False,False,False
Subject11|rest|Subject11_1.edf|132.000|136.000,Subject11,rest,0,Subject11_1.edf,132.0,136.0,182.0,False,4.0,2.0,4s_windows_50pct_overlap,unused,1383,False,False,False
Subject11|rest|Subject11_1.edf|134.000|138.000,Subject11,rest,0,Subject11_1.edf,134.0,138.0,182.0,False,4.0,2.0,4s_windows_50pct_overlap,unused,1384,False,False,False
Subject11|rest|Subject11_1.edf|136.000|140.000,Subject11,rest,0,Subject11_1.edf,136.0,140.0,182.0,False,4.0,2.0,4s_windows_50pct_overlap,unused,1385,False,False,False
Subject11|rest|Subject11_1.edf|138.000|142.000,Subject11,rest,0,Subject11_1.edf,138.0,142.0,182.0,False,4.0,2.0,4s_windows_50pct_overlap,unused,1386,False,False,False
Subject11|rest|Subject11_1.edf|140.000|144.000,Subject11,rest,0,Subject11_1.edf,140.0,144.0,182.0,False,4.0,2.0,4s_windows_50pct_overlap,unused,1387,False,False,False
Subject11|rest|Subject11_1.edf|142.000|146.000,Subject11,rest,0,Subject11_1.edf,142.0,146.0,182.0,False,4.0,2.0,4s_windows_50pct_overlap,unused,1388,False,False,False
Subject11|rest|Subject11_1.edf|144.000|148.000,Subject11,rest,0,Subject11_1.edf,144.0,148.0,182.0,False,4.0,2.0,4s_windows_50pct_overlap,unused,1389,False,False,False
Subject11|rest|Subject11_1.edf|146.000|150.000,Subject11,rest,0,Subject11_1.edf,146.0,150.0,182.0,False,4.0,2.0,4s_windows_50pct_overlap,unused,1390,False,False,False
Subject11|rest|Subject11_1.edf|148.000|152.000,Subject11,rest,0,Subject11_1.edf,148.0,152.0,182.0,False,4.0,2.0,4s_windows_50pct_overlap,unused,1391,False,False,False
Subject11|rest|Subject11_1.edf|150.000|154.000,Subject11,rest,0,Subject11_1.edf,150.0,154.0,182.0,False,4.0,2.0,4s_windows_50pct_overlap,unused,1392,False,False,False
Subject11|rest|Subject11_1.edf|152.000|156.000,Subject11,rest,0,Subject11_1.edf,152.0,156.0,182.0,False,4.0,2.0,4s_windows_50pct_overlap,unused,1393,False,False,False
Subject11|rest|Subject11_1.edf|154.000|158.000,Subject11,rest,0,Subject11_1.edf,154.0,158.0,182.0,False,4.0,2.0,4s_windows_50pct_overlap,unused,1394,False,False,False
Subject11|rest|Subject11_1.edf|156.000|160.000,Subject11,rest,0,Subject11_1.edf,156.0,160.0,182.0,False,4.0,2.0,4s_windows_50pct_overlap,unused,1395,False,False,False
Subject11|rest|Subject11_1.edf|158.000|162.000,Subject11,rest,0,Subject11_1.edf,158.0,162.0,182.0,False,4.0,2.0,4s_windows_50pct_overlap,unused,1396,False,False,False
Subject11|rest|Subject11_1.edf|160.000|164.000,Subject11,rest,0,Subject11_1.edf,160.0,164.0,182.0,False,4.0,2.0,4s_windows_50pct_overlap,unused,1397,False,False,False
Subject11|rest|Subject11_1.edf|162.000|166.000,Subject11,rest,0,Subject11_1.edf,162.0,166.0,182.0,False,4.0,2.0,4s_windows_50pct_overlap,unused,1398,False,False,False
Subject11|rest|Subject11_1.edf|164.000|168.000,Subject11,rest,0,Subject11_1.edf,164.0,168.0,182.0,False,4.0,2.0,4s_windows_50pct_overlap,unused,1399,False,False,False
Subject11|rest|Subject11_1.edf|166.000|170.000,Subject11,rest,0,Subject11_1.edf,166.0,170.0,182.0,False,4.0,2.0,4s_windows_50pct_overlap,unused,1400,False,False,False
Subject11|rest|Subject11_1.edf|168.000|172.000,Subject11,rest,0,Subject11_1.edf,168.0,172.0,182.0,False,4.0,2.0,4s_windows_50pct_overlap,unused,1401,False,False,False
Subject11|rest|Subject11_1.edf|170.000|174.000,Subject11,rest,0,Subject11_1.edf,170.0,174.0,182.0,False,4.0,2.0,4s_windows_50pct_overlap,unused,1402,False,False,False
Subject11|rest|Subject11_1.edf|172.000|176.000,Subject11,rest,0,Subject11_1.edf,172.0,176.0,182.0,False,4.0,2.0,4s_windows_50pct_overlap,unused,1403,False,False,False
Subject11|rest|Subject11_1.edf|174.000|178.000,Subject11,rest,0,Subject11_1.edf,174.0,178.0,182.0,False,4.0,2.0,4s_windows_50pct_overlap,unused,1404,False,False,False
Subject11|rest|Subject11_1.edf|176.000|180.000,Subject11,rest,0,Subject11_1.edf,176.0,180.0,182.0,False,4.0,2.0,4s_windows_50pct_overlap,unused,1405,False,False,False
Subject11|rest|Subject11_1.edf|178.000|182.000,Subject11,rest,0,Subject11_1.edf,178.0,182.0,182.0,False,4.0,2.0,4s_windows_50pct_overlap,unused,1406,False,False,False
Subject11|arithmetic|Subject11_2.edf|0.000|4.000,Subject11,arithmetic,1,Subject11_2.edf,0.0,4.0,62.0,False,4.0,2.0,4s_windows_50pct_overlap,scored_task,1407,False,True,False
Subject11|arithmetic|Subject11_2.edf|2.000|6.000,Subject11,arithmetic,1,Subject11_2.edf,2.0,6.0,62.0,False,4.0,2.0,4s_windows_50pct_overlap,scored_task,1408,False,True,False
Subject11|arithmetic|Subject11_2.edf|4.000|8.000,Subject11,arithmetic,1,Subject11_2.edf,4.0,8.0,62.0,False,4.0,2.0,4s_windows_50pct_overlap,scored_task,1409,False,True,False
Subject11|arithmetic|Subject11_2.edf|6.000|10.000,Subject11,arithmetic,1,Subject11_2.edf,6.0,10.0,62.0,False,4.0,2.0,4s_windows_50pct_overlap,scored_task,1410,False,True,False
Subject11|arithmetic|Subject11_2.edf|8.000|12.000,Subject11,arithmetic,1,Subject11_2.edf,8.0,12.0,62.0,False,4.0,2.0,4s_windows_50pct_overlap,scored_task,1411,False,True,False
Subject11|arithmetic|Subject11_2.edf|10.000|14.000,Subject11,arithmetic,1,Subject11_2.edf,10.0,14.0,62.0,False,4.0,2.0,4s_windows_50pct_overlap,scored_task,1412,False,True,False
Subject11|arithmetic|Subject11_2.edf|12.000|16.000,Subject11,arithmetic,1,Subject11_2.edf,12.0,16.0,62.0,False,4.0,2.0,4s_windows_50pct_overlap,scored_task,1413,False,True,False
Subject11|arithmetic|Subject11_2.edf|14.000|18.000,Subject11,arithmetic,1,Subject11_2.edf,14.0,18.0,62.0,False,4.0,2.0,4s_windows_50pct_overlap,scored_task,1414,False,True,False
Subject11|arithmetic|Subject11_2.edf|16.000|20.000,Subject11,arithmetic,1,Subject11_2.edf,16.0,20.0,62.0,False,4.0,2.0,4s_windows_50pct_overlap,scored_task,1415,False,True,False
Subject11|arithmetic|Subject11_2.edf|18.000|22.000,Subject11,arithmetic,1,Subject11_2.edf,18.0,22.0,62.0,False,4.0,2.0,4s_windows_50pct_overlap,scored_task,1416,False,True,False
Subject11|arithmetic|Subject11_2.edf|20.000|24.000,Subject11,arithmetic,1,Subject11_2.edf,20.0,24.0,62.0,False,4.0,2.0,4s_windows_50pct_overlap,scored_task,1417,False,True,False
Subject11|arithmetic|Subject11_2.edf|22.000|26.000,Subject11,arithmetic,1,Subject11_2.edf,22.0,26.0,62.0,False,4.0,2.0,4s_windows_50pct_overlap,scored_task,1418,False,True,False
Subject11|arithmetic|Subject11_2.edf|24.000|28.000,Subject11,arithmetic,1,Subject11_2.edf,24.0,28.0,62.0,False,4.0,2.0,4s_windows_50pct_overlap,scored_task,1419,False,True,False
Subject11|arithmetic|Subject11_2.edf|26.000|30.000,Subject11,arithmetic,1,Subject11_2.edf,26.0,30.0,62.0,False,4.0,2.0,4s_windows_50pct_overlap,scored_task,1420,False,True,False
Subject11|arithmetic|Subject11_2.edf|28.000|32.000,Subject11,arithmetic,1,Subject11_2.edf,28.0,32.0,62.0,False,4.0,2.0,4s_windows_50pct_overlap,unused,1421,False,False,False
Subject11|arithmetic|Subject11_2.edf|30.000|34.000,Subject11,arithmetic,1,Subject11_2.edf,30.0,34.0,62.0,False,4.0,2.0,4s_windows_50pct_overlap,unused,1422,False,False,False
Subject11|arithmetic|Subject11_2.edf|32.000|36.000,Subject11,arithmetic,1,Subject11_2.edf,32.0,36.0,62.0,False,4.0,2.0,4s_windows_50pct_overlap,unused,1423,False,False,False
Subject11|arithmetic|Subject11_2.edf|34.000|38.000,Subject11,arithmetic,1,Subject11_2.edf,34.0,38.0,62.0,False,4.0,2.0,4s_windows_50pct_overlap,unused,1424,False,False,False
Subject11|arithmetic|Subject11_2.edf|36.000|40.000,Subject11,arithmetic,1,Subject11_2.edf,36.0,40.0,62.0,False,4.0,2.0,4s_windows_50pct_overlap,unused,1425,False,False,False
Subject11|arithmetic|Subject11_2.edf|38.000|42.000,Subject11,arithmetic,1,Subject11_2.edf,38.0,42.0,62.0,False,4.0,2.0,4s_windows_50pct_overlap,unused,1426,False,False,False
Subject11|arithmetic|Subject11_2.edf|40.000|44.000,Subject11,arithmetic,1,Subject11_2.edf,40.0,44.0,62.0,False,4.0,2.0,4s_windows_50pct_overlap,unused,1427,False,False,False
Subject11|arithmetic|Subject11_2.edf|42.000|46.000,Subject11,arithmetic,1,Subject11_2.edf,42.0,46.0,62.0,False,4.0,2.0,4s_windows_50pct_overlap,unused,1428,False,False,False
Subject11|arithmetic|Subject11_2.edf|44.000|48.000,Subject11,arithmetic,1,Subject11_2.edf,44.0,48.0,62.0,False,4.0,2.0,4s_windows_50pct_overlap,unused,1429,False,False,False
Subject11|arithmetic|Subject11_2.edf|46.000|50.000,Subject11,arithmetic,1,Subject11_2.edf,46.0,50.0,62.0,False,4.0,2.0,4s_windows_50pct_overlap,unused,1430,False,False,False
Subject11|arithmetic|Subject11_2.edf|48.000|52.000,Subject11,arithmetic,1,Subject11_2.edf,48.0,52.0,62.0,False,4.0,2.0,4s_windows_50pct_overlap,unused,1431,False,False,False
Subject11|arithmetic|Subject11_2.edf|50.000|54.000,Subject11,arithmetic,1,Subject11_2.edf,50.0,54.0,62.0,False,4.0,2.0,4s_windows_50pct_overlap,unused,1432,False,False,False
Subject11|arithmetic|Subject11_2.edf|52.000|56.000,Subject11,arithmetic,1,Subject11_2.edf,52.0,56.0,62.0,False,4.0,2.0,4s_windows_50pct_overlap,unused,1433,False,False,False
Subject11|arithmetic|Subject11_2.edf|54.000|58.000,Subject11,arithmetic,1,Subject11_2.edf,54.0,58.0,62.0,False,4.0,2.0,4s_windows_50pct_overlap,unused,1434,False,False,False
Subject11|arithmetic|Subject11_2.edf|56.000|60.000,Subject11,arithmetic,1,Subject11_2.edf,56.0,60.0,62.0,False,4.0,2.0,4s_windows_50pct_overlap,unused,1435,False,False,False
Subject11|arithmetic|Subject11_2.edf|58.000|62.000,Subject11,arithmetic,1,Subject11_2.edf,58.0,62.0,62.0,False,4.0,2.0,4s_windows_50pct_overlap,unused,1436,False,False,False
Subject12|rest|Subject12_1.edf|0.000|4.000,Subject12,rest,0,Subject12_1.edf,0.0,4.0,182.0,False,4.0,2.0,4s_windows_50pct_overlap,calibration,1437,True,False,False
Subject12|rest|Subject12_1.edf|2.000|6.000,Subject12,rest,0,Subject12_1.edf,2.0,6.0,182.0,False,4.0,2.0,4s_windows_50pct_overlap,calibration,1438,True,False,False
Subject12|rest|Subject12_1.edf|4.000|8.000,Subject12,rest,0,Subject12_1.edf,4.0,8.0,182.0,False,4.0,2.0,4s_windows_50pct_overlap,calibration,1439,True,False,False
Subject12|rest|Subject12_1.edf|6.000|10.000,Subject12,rest,0,Subject12_1.edf,6.0,10.0,182.0,False,4.0,2.0,4s_windows_50pct_overlap,calibration,1440,True,False,False
Subject12|rest|Subject12_1.edf|8.000|12.000,Subject12,rest,0,Subject12_1.edf,8.0,12.0,182.0,False,4.0,2.0,4s_windows_50pct_overlap,calibration,1441,True,False,False
Subject12|rest|Subject12_1.edf|10.000|14.000,Subject12,rest,0,Subject12_1.edf,10.0,14.0,182.0,False,4.0,2.0,4s_windows_50pct_overlap,calibration,1442,True,False,False
Subject12|rest|Subject12_1.edf|12.000|16.000,Subject12,rest,0,Subject12_1.edf,12.0,16.0,182.0,False,4.0,2.0,4s_windows_50pct_overlap,calibration,1443,True,False,False
Subject12|rest|Subject12_1.edf|14.000|18.000,Subject12,rest,0,Subject12_1.edf,14.0,18.0,182.0,False,4.0,2.0,4s_windows_50pct_overlap,calibration,1444,True,False,False
Subject12|rest|Subject12_1.edf|16.000|20.000,Subject12,rest,0,Subject12_1.edf,16.0,20.0,182.0,False,4.0,2.0,4s_windows_50pct_overlap,calibration,1445,True,False,False
Subject12|rest|Subject12_1.edf|18.000|22.000,Subject12,rest,0,Subject12_1.edf,18.0,22.0,182.0,False,4.0,2.0,4s_windows_50pct_overlap,calibration,1446,True,False,False
Subject12|rest|Subject12_1.edf|20.000|24.000,Subject12,rest,0,Subject12_1.edf,20.0,24.0,182.0,False,4.0,2.0,4s_windows_50pct_overlap,calibration,1447,True,False,False
Subject12|rest|Subject12_1.edf|22.000|26.000,Subject12,rest,0,Subject12_1.edf,22.0,26.0,182.0,False,4.0,2.0,4s_windows_50pct_overlap,calibration,1448,True,False,False
Subject12|rest|Subject12_1.edf|24.000|28.000,Subject12,rest,0,Subject12_1.edf,24.0,28.0,182.0,False,4.0,2.0,4s_windows_50pct_overlap,calibration,1449,True,False,False
Subject12|rest|Subject12_1.edf|26.000|30.000,Subject12,rest,0,Subject12_1.edf,26.0,30.0,182.0,False,4.0,2.0,4s_windows_50pct_overlap,calibration,1450,True,False,False
Subject12|rest|Subject12_1.edf|28.000|32.000,Subject12,rest,0,Subject12_1.edf,28.0,32.0,182.0,False,4.0,2.0,4s_windows_50pct_overlap,unused,1451,False,False,False
Subject12|rest|Subject12_1.edf|30.000|34.000,Subject12,rest,0,Subject12_1.edf,30.0,34.0,182.0,False,4.0,2.0,4s_windows_50pct_overlap,scored_rest,1452,False,True,False
Subject12|rest|Subject12_1.edf|32.000|36.000,Subject12,rest,0,Subject12_1.edf,32.0,36.0,182.0,False,4.0,2.0,4s_windows_50pct_overlap,scored_rest,1453,False,True,False
Subject12|rest|Subject12_1.edf|34.000|38.000,Subject12,rest,0,Subject12_1.edf,34.0,38.0,182.0,False,4.0,2.0,4s_windows_50pct_overlap,scored_rest,1454,False,True,False
Subject12|rest|Subject12_1.edf|36.000|40.000,Subject12,rest,0,Subject12_1.edf,36.0,40.0,182.0,False,4.0,2.0,4s_windows_50pct_overlap,scored_rest,1455,False,True,False
Subject12|rest|Subject12_1.edf|38.000|42.000,Subject12,rest,0,Subject12_1.edf,38.0,42.0,182.0,False,4.0,2.0,4s_windows_50pct_overlap,scored_rest,1456,False,True,False
Subject12|rest|Subject12_1.edf|40.000|44.000,Subject12,rest,0,Subject12_1.edf,40.0,44.0,182.0,False,4.0,2.0,4s_windows_50pct_overlap,scored_rest,1457,False,True,False
Subject12|rest|Subject12_1.edf|42.000|46.000,Subject12,rest,0,Subject12_1.edf,42.0,46.0,182.0,False,4.0,2.0,4s_windows_50pct_overlap,scored_rest,1458,False,True,False
Subject12|rest|Subject12_1.edf|44.000|48.000,Subject12,rest,0,Subject12_1.edf,44.0,48.0,182.0,False,4.0,2.0,4s_windows_50pct_overlap,scored_rest,1459,False,True,False
Subject12|rest|Subject12_1.edf|46.000|50.000,Subject12,rest,0,Subject12_1.edf,46.0,50.0,182.0,False,4.0,2.0,4s_windows_50pct_overlap,scored_rest,1460,False,True,False
Subject12|rest|Subject12_1.edf|48.000|52.000,Subject12,rest,0,Subject12_1.edf,48.0,52.0,182.0,False,4.0,2.0,4s_windows_50pct_overlap,scored_rest,1461,False,True,False
Subject12|rest|Subject12_1.edf|50.000|54.000,Subject12,rest,0,Subject12_1.edf,50.0,54.0,182.0,False,4.0,2.0,4s_windows_50pct_overlap,scored_rest,1462,False,True,False
Subject12|rest|Subject12_1.edf|52.000|56.000,Subject12,rest,0,Subject12_1.edf,52.0,56.0,182.0,False,4.0,2.0,4s_windows_50pct_overlap,scored_rest,1463,False,True,False
Subject12|rest|Subject12_1.edf|54.000|58.000,Subject12,rest,0,Subject12_1.edf,54.0,58.0,182.0,False,4.0,2.0,4s_windows_50pct_overlap,scored_rest,1464,False,True,False
Subject12|rest|Subject12_1.edf|56.000|60.000,Subject12,rest,0,Subject12_1.edf,56.0,60.0,182.0,False,4.0,2.0,4s_windows_50pct_overlap,scored_rest,1465,False,True,False
Subject12|rest|Subject12_1.edf|58.000|62.000,Subject12,rest,0,Subject12_1.edf,58.0,62.0,182.0,False,4.0,2.0,4s_windows_50pct_overlap,unused,1466,False,False,False
Subject12|rest|Subject12_1.edf|60.000|64.000,Subject12,rest,0,Subject12_1.edf,60.0,64.0,182.0,False,4.0,2.0,4s_windows_50pct_overlap,unused,1467,False,False,False
Subject12|rest|Subject12_1.edf|62.000|66.000,Subject12,rest,0,Subject12_1.edf,62.0,66.0,182.0,False,4.0,2.0,4s_windows_50pct_overlap,unused,1468,False,False,False
Subject12|rest|Subject12_1.edf|64.000|68.000,Subject12,rest,0,Subject12_1.edf,64.0,68.0,182.0,False,4.0,2.0,4s_windows_50pct_overlap,unused,1469,False,False,False
Subject12|rest|Subject12_1.edf|66.000|70.000,Subject12,rest,0,Subject12_1.edf,66.0,70.0,182.0,False,4.0,2.0,4s_windows_50pct_overlap,unused,1470,False,False,False
Subject12|rest|Subject12_1.edf|68.000|72.000,Subject12,rest,0,Subject12_1.edf,68.0,72.0,182.0,False,4.0,2.0,4s_windows_50pct_overlap,unused,1471,False,False,False
Subject12|rest|Subject12_1.edf|70.000|74.000,Subject12,rest,0,Subject12_1.edf,70.0,74.0,182.0,False,4.0,2.0,4s_windows_50pct_overlap,unused,1472,False,False,False
Subject12|rest|Subject12_1.edf|72.000|76.000,Subject12,rest,0,Subject12_1.edf,72.0,76.0,182.0,False,4.0,2.0,4s_windows_50pct_overlap,unused,1473,False,False,False
Subject12|rest|Subject12_1.edf|74.000|78.000,Subject12,rest,0,Subject12_1.edf,74.0,78.0,182.0,False,4.0,2.0,4s_windows_50pct_overlap,unused,1474,False,False,False
Subject12|rest|Subject12_1.edf|76.000|80.000,Subject12,rest,0,Subject12_1.edf,76.0,80.0,182.0,False,4.0,2.0,4s_windows_50pct_overlap,unused,1475,False,False,False
Subject12|rest|Subject12_1.edf|78.000|82.000,Subject12,rest,0,Subject12_1.edf,78.0,82.0,182.0,False,4.0,2.0,4s_windows_50pct_overlap,unused,1476,False,False,False
Subject12|rest|Subject12_1.edf|80.000|84.000,Subject12,rest,0,Subject12_1.edf,80.0,84.0,182.0,False,4.0,2.0,4s_windows_50pct_overlap,unused,1477,False,False,False
Subject12|rest|Subject12_1.edf|82.000|86.000,Subject12,rest,0,Subject12_1.edf,82.0,86.0,182.0,False,4.0,2.0,4s_windows_50pct_overlap,unused,1478,False,False,False
Subject12|rest|Subject12_1.edf|84.000|88.000,Subject12,rest,0,Subject12_1.edf,84.0,88.0,182.0,False,4.0,2.0,4s_windows_50pct_overlap,unused,1479,False,False,False
Subject12|rest|Subject12_1.edf|86.000|90.000,Subject12,rest,0,Subject12_1.edf,86.0,90.0,182.0,False,4.0,2.0,4s_windows_50pct_overlap,unused,1480,False,False,False
Subject12|rest|Subject12_1.edf|88.000|92.000,Subject12,rest,0,Subject12_1.edf,88.0,92.0,182.0,False,4.0,2.0,4s_windows_50pct_overlap,unused,1481,False,False,False
Subject12|rest|Subject12_1.edf|90.000|94.000,Subject12,rest,0,Subject12_1.edf,90.0,94.0,182.0,False,4.0,2.0,4s_windows_50pct_overlap,unused,1482,False,False,False
Subject12|rest|Subject12_1.edf|92.000|96.000,Subject12,rest,0,Subject12_1.edf,92.0,96.0,182.0,False,4.0,2.0,4s_windows_50pct_overlap,unused,1483,False,False,False
Subject12|rest|Subject12_1.edf|94.000|98.000,Subject12,rest,0,Subject12_1.edf,94.0,98.0,182.0,False,4.0,2.0,4s_windows_50pct_overlap,unused,1484,False,False,False
Subject12|rest|Subject12_1.edf|96.000|100.000,Subject12,rest,0,Subject12_1.edf,96.0,100.0,182.0,False,4.0,2.0,4s_windows_50pct_overlap,unused,1485,False,False,False
Subject12|rest|Subject12_1.edf|98.000|102.000,Subject12,rest,0,Subject12_1.edf,98.0,102.0,182.0,False,4.0,2.0,4s_windows_50pct_overlap,unused,1486,False,False,False
Subject12|rest|Subject12_1.edf|100.000|104.000,Subject12,rest,0,Subject12_1.edf,100.0,104.0,182.0,False,4.0,2.0,4s_windows_50pct_overlap,unused,1487,False,False,False
Subject12|rest|Subject12_1.edf|102.000|106.000,Subject12,rest,0,Subject12_1.edf,102.0,106.0,182.0,False,4.0,2.0,4s_windows_50pct_overlap,unused,1488,False,False,False
Subject12|rest|Subject12_1.edf|104.000|108.000,Subject12,rest,0,Subject12_1.edf,104.0,108.0,182.0,False,4.0,2.0,4s_windows_50pct_overlap,unused,1489,False,False,False
Subject12|rest|Subject12_1.edf|106.000|110.000,Subject12,rest,0,Subject12_1.edf,106.0,110.0,182.0,False,4.0,2.0,4s_windows_50pct_overlap,unused,1490,False,False,False
Subject12|rest|Subject12_1.edf|108.000|112.000,Subject12,rest,0,Subject12_1.edf,108.0,112.0,182.0,False,4.0,2.0,4s_windows_50pct_overlap,unused,1491,False,False,False
Subject12|rest|Subject12_1.edf|110.000|114.000,Subject12,rest,0,Subject12_1.edf,110.0,114.0,182.0,False,4.0,2.0,4s_windows_50pct_overlap,unused,1492,False,False,False
Subject12|rest|Subject12_1.edf|112.000|116.000,Subject12,rest,0,Subject12_1.edf,112.0,116.0,182.0,False,4.0,2.0,4s_windows_50pct_overlap,unused,1493,False,False,False
Subject12|rest|Subject12_1.edf|114.000|118.000,Subject12,rest,0,Subject12_1.edf,114.0,118.0,182.0,False,4.0,2.0,4s_windows_50pct_overlap,unused,1494,False,False,False
Subject12|rest|Subject12_1.edf|116.000|120.000,Subject12,rest,0,Subject12_1.edf,116.0,120.0,182.0,False,4.0,2.0,4s_windows_50pct_overlap,unused,1495,False,False,False
Subject12|rest|Subject12_1.edf|118.000|122.000,Subject12,rest,0,Subject12_1.edf,118.0,122.0,182.0,False,4.0,2.0,4s_windows_50pct_overlap,unused,1496,False,False,False
Subject12|rest|Subject12_1.edf|120.000|124.000,Subject12,rest,0,Subject12_1.edf,120.0,124.0,182.0,False,4.0,2.0,4s_windows_50pct_overlap,unused,1497,False,False,False
Subject12|rest|Subject12_1.edf|122.000|126.000,Subject12,rest,0,Subject12_1.edf,122.0,126.0,182.0,False,4.0,2.0,4s_windows_50pct_overlap,unused,1498,False,False,False
Subject12|rest|Subject12_1.edf|124.000|128.000,Subject12,rest,0,Subject12_1.edf,124.0,128.0,182.0,False,4.0,2.0,4s_windows_50pct_overlap,unused,1499,False,False,False
Subject12|rest|Subject12_1.edf|126.000|130.000,Subject12,rest,0,Subject12_1.edf,126.0,130.0,182.0,False,4.0,2.0,4s_windows_50pct_overlap,unused,1500,False,False,False
Subject12|rest|Subject12_1.edf|128.000|132.000,Subject12,rest,0,Subject12_1.edf,128.0,132.0,182.0,False,4.0,2.0,4s_windows_50pct_overlap,unused,1501,False,False,False
Subject12|rest|Subject12_1.edf|130.000|134.000,Subject12,rest,0,Subject12_1.edf,130.0,134.0,182.0,False,4.0,2.0,4s_windows_50pct_overlap,unused,1502,False,False,False
Subject12|rest|Subject12_1.edf|132.000|136.000,Subject12,rest,0,Subject12_1.edf,132.0,136.0,182.0,False,4.0,2.0,4s_windows_50pct_overlap,unused,1503,False,False,False
Subject12|rest|Subject12_1.edf|134.000|138.000,Subject12,rest,0,Subject12_1.edf,134.0,138.0,182.0,False,4.0,2.0,4s_windows_50pct_overlap,unused,1504,False,False,False
Subject12|rest|Subject12_1.edf|136.000|140.000,Subject12,rest,0,Subject12_1.edf,136.0,140.0,182.0,False,4.0,2.0,4s_windows_50pct_overlap,unused,1505,False,False,False
Subject12|rest|Subject12_1.edf|138.000|142.000,Subject12,rest,0,Subject12_1.edf,138.0,142.0,182.0,False,4.0,2.0,4s_windows_50pct_overlap,unused,1506,False,False,False
Subject12|rest|Subject12_1.edf|140.000|144.000,Subject12,rest,0,Subject12_1.edf,140.0,144.0,182.0,False,4.0,2.0,4s_windows_50pct_overlap,unused,1507,False,False,False
Subject12|rest|Subject12_1.edf|142.000|146.000,Subject12,rest,0,Subject12_1.edf,142.0,146.0,182.0,False,4.0,2.0,4s_windows_50pct_overlap,unused,1508,False,False,False
Subject12|rest|Subject12_1.edf|144.000|148.000,Subject12,rest,0,Subject12_1.edf,144.0,148.0,182.0,False,4.0,2.0,4s_windows_50pct_overlap,unused,1509,False,False,False
Subject12|rest|Subject12_1.edf|146.000|150.000,Subject12,rest,0,Subject12_1.edf,146.0,150.0,182.0,False,4.0,2.0,4s_windows_50pct_overlap,unused,1510,False,False,False
Subject12|rest|Subject12_1.edf|148.000|152.000,Subject12,rest,0,Subject12_1.edf,148.0,152.0,182.0,False,4.0,2.0,4s_windows_50pct_overlap,unused,1511,False,False,False
Subject12|rest|Subject12_1.edf|150.000|154.000,Subject12,rest,0,Subject12_1.edf,150.0,154.0,182.0,False,4.0,2.0,4s_windows_50pct_overlap,unused,1512,False,False,False
Subject12|rest|Subject12_1.edf|152.000|156.000,Subject12,rest,0,Subject12_1.edf,152.0,156.0,182.0,False,4.0,2.0,4s_windows_50pct_overlap,unused,1513,False,False,False
Subject12|rest|Subject12_1.edf|154.000|158.000,Subject12,rest,0,Subject12_1.edf,154.0,158.0,182.0,False,4.0,2.0,4s_windows_50pct_overlap,unused,1514,False,False,False
Subject12|rest|Subject12_1.edf|156.000|160.000,Subject12,rest,0,Subject12_1.edf,156.0,160.0,182.0,False,4.0,2.0,4s_windows_50pct_overlap,unused,1515,False,False,False
Subject12|rest|Subject12_1.edf|158.000|162.000,Subject12,rest,0,Subject12_1.edf,158.0,162.0,182.0,False,4.0,2.0,4s_windows_50pct_overlap,unused,1516,False,False,False
Subject12|rest|Subject12_1.edf|160.000|164.000,Subject12,rest,0,Subject12_1.edf,160.0,164.0,182.0,False,4.0,2.0,4s_windows_50pct_overlap,unused,1517,False,False,False
Subject12|rest|Subject12_1.edf|162.000|166.000,Subject12,rest,0,Subject12_1.edf,162.0,166.0,182.0,False,4.0,2.0,4s_windows_50pct_overlap,unused,1518,False,False,False
Subject12|rest|Subject12_1.edf|164.000|168.000,Subject12,rest,0,Subject12_1.edf,164.0,168.0,182.0,False,4.0,2.0,4s_windows_50pct_overlap,unused,1519,False,False,False
Subject12|rest|Subject12_1.edf|166.000|170.000,Subject12,rest,0,Subject12_1.edf,166.0,170.0,182.0,False,4.0,2.0,4s_windows_50pct_overlap,unused,1520,False,False,False
Subject12|rest|Subject12_1.edf|168.000|172.000,Subject12,rest,0,Subject12_1.edf,168.0,172.0,182.0,False,4.0,2.0,4s_windows_50pct_overlap,unused,1521,False,False,False
Subject12|rest|Subject12_1.edf|170.000|174.000,Subject12,rest,0,Subject12_1.edf,170.0,174.0,182.0,False,4.0,2.0,4s_windows_50pct_overlap,unused,1522,False,False,False
Subject12|rest|Subject12_1.edf|172.000|176.000,Subject12,rest,0,Subject12_1.edf,172.0,176.0,182.0,False,4.0,2.0,4s_windows_50pct_overlap,unused,1523,False,False,False
Subject12|rest|Subject12_1.edf|174.000|178.000,Subject12,rest,0,Subject12_1.edf,174.0,178.0,182.0,False,4.0,2.0,4s_windows_50pct_overlap,unused,1524,False,False,False
Subject12|rest|Subject12_1.edf|176.000|180.000,Subject12,rest,0,Subject12_1.edf,176.0,180.0,182.0,False,4.0,2.0,4s_windows_50pct_overlap,unused,1525,False,False,False
Subject12|rest|Subject12_1.edf|178.000|182.000,Subject12,rest,0,Subject12_1.edf,178.0,182.0,182.0,False,4.0,2.0,4s_windows_50pct_overlap,unused,1526,False,False,False
Subject12|arithmetic|Subject12_2.edf|0.000|4.000,Subject12,arithmetic,1,Subject12_2.edf,0.0,4.0,62.0,False,4.0,2.0,4s_windows_50pct_overlap,scored_task,1527,False,True,False
Subject12|arithmetic|Subject12_2.edf|2.000|6.000,Subject12,arithmetic,1,Subject12_2.edf,2.0,6.0,62.0,False,4.0,2.0,4s_windows_50pct_overlap,scored_task,1528,False,True,False
Subject12|arithmetic|Subject12_2.edf|4.000|8.000,Subject12,arithmetic,1,Subject12_2.edf,4.0,8.0,62.0,False,4.0,2.0,4s_windows_50pct_overlap,scored_task,1529,False,True,False
Subject12|arithmetic|Subject12_2.edf|6.000|10.000,Subject12,arithmetic,1,Subject12_2.edf,6.0,10.0,62.0,False,4.0,2.0,4s_windows_50pct_overlap,scored_task,1530,False,True,False
Subject12|arithmetic|Subject12_2.edf|8.000|12.000,Subject12,arithmetic,1,Subject12_2.edf,8.0,12.0,62.0,False,4.0,2.0,4s_windows_50pct_overlap,scored_task,1531,False,True,False
Subject12|arithmetic|Subject12_2.edf|10.000|14.000,Subject12,arithmetic,1,Subject12_2.edf,10.0,14.0,62.0,False,4.0,2.0,4s_windows_50pct_overlap,scored_task,1532,False,True,False
Subject12|arithmetic|Subject12_2.edf|12.000|16.000,Subject12,arithmetic,1,Subject12_2.edf,12.0,16.0,62.0,False,4.0,2.0,4s_windows_50pct_overlap,scored_task,1533,False,True,False
Subject12|arithmetic|Subject12_2.edf|14.000|18.000,Subject12,arithmetic,1,Subject12_2.edf,14.0,18.0,62.0,False,4.0,2.0,4s_windows_50pct_overlap,scored_task,1534,False,True,False
Subject12|arithmetic|Subject12_2.edf|16.000|20.000,Subject12,arithmetic,1,Subject12_2.edf,16.0,20.0,62.0,False,4.0,2.0,4s_windows_50pct_overlap,scored_task,1535,False,True,False
Subject12|arithmetic|Subject12_2.edf|18.000|22.000,Subject12,arithmetic,1,Subject12_2.edf,18.0,22.0,62.0,False,4.0,2.0,4s_windows_50pct_overlap,scored_task,1536,False,True,False
Subject12|arithmetic|Subject12_2.edf|20.000|24.000,Subject12,arithmetic,1,Subject12_2.edf,20.0,24.0,62.0,False,4.0,2.0,4s_windows_50pct_overlap,scored_task,1537,False,True,False
Subject12|arithmetic|Subject12_2.edf|22.000|26.000,Subject12,arithmetic,1,Subject12_2.edf,22.0,26.0,62.0,False,4.0,2.0,4s_windows_50pct_overlap,scored_task,1538,False,True,False
Subject12|arithmetic|Subject12_2.edf|24.000|28.000,Subject12,arithmetic,1,Subject12_2.edf,24.0,28.0,62.0,False,4.0,2.0,4s_windows_50pct_overlap,scored_task,1539,False,True,False
Subject12|arithmetic|Subject12_2.edf|26.000|30.000,Subject12,arithmetic,1,Subject12_2.edf,26.0,30.0,62.0,False,4.0,2.0,4s_windows_50pct_overlap,scored_task,1540,False,True,False
Subject12|arithmetic|Subject12_2.edf|28.000|32.000,Subject12,arithmetic,1,Subject12_2.edf,28.0,32.0,62.0,False,4.0,2.0,4s_windows_50pct_overlap,unused,1541,False,False,False
Subject12|arithmetic|Subject12_2.edf|30.000|34.000,Subject12,arithmetic,1,Subject12_2.edf,30.0,34.0,62.0,False,4.0,2.0,4s_windows_50pct_overlap,unused,1542,False,False,False
Subject12|arithmetic|Subject12_2.edf|32.000|36.000,Subject12,arithmetic,1,Subject12_2.edf,32.0,36.0,62.0,False,4.0,2.0,4s_windows_50pct_overlap,unused,1543,False,False,False
Subject12|arithmetic|Subject12_2.edf|34.000|38.000,Subject12,arithmetic,1,Subject12_2.edf,34.0,38.0,62.0,False,4.0,2.0,4s_windows_50pct_overlap,unused,1544,False,False,False
Subject12|arithmetic|Subject12_2.edf|36.000|40.000,Subject12,arithmetic,1,Subject12_2.edf,36.0,40.0,62.0,False,4.0,2.0,4s_windows_50pct_overlap,unused,1545,False,False,False
Subject12|arithmetic|Subject12_2.edf|38.000|42.000,Subject12,arithmetic,1,Subject12_2.edf,38.0,42.0,62.0,False,4.0,2.0,4s_windows_50pct_overlap,unused,1546,False,False,False
Subject12|arithmetic|Subject12_2.edf|40.000|44.000,Subject12,arithmetic,1,Subject12_2.edf,40.0,44.0,62.0,False,4.0,2.0,4s_windows_50pct_overlap,unused,1547,False,False,False
Subject12|arithmetic|Subject12_2.edf|42.000|46.000,Subject12,arithmetic,1,Subject12_2.edf,42.0,46.0,62.0,False,4.0,2.0,4s_windows_50pct_overlap,unused,1548,False,False,False
Subject12|arithmetic|Subject12_2.edf|44.000|48.000,Subject12,arithmetic,1,Subject12_2.edf,44.0,48.0,62.0,False,4.0,2.0,4s_windows_50pct_overlap,unused,1549,False,False,False
Subject12|arithmetic|Subject12_2.edf|46.000|50.000,Subject12,arithmetic,1,Subject12_2.edf,46.0,50.0,62.0,False,4.0,2.0,4s_windows_50pct_overlap,unused,1550,False,False,False
Subject12|arithmetic|Subject12_2.edf|48.000|52.000,Subject12,arithmetic,1,Subject12_2.edf,48.0,52.0,62.0,False,4.0,2.0,4s_windows_50pct_overlap,unused,1551,False,False,False
Subject12|arithmetic|Subject12_2.edf|50.000|54.000,Subject12,arithmetic,1,Subject12_2.edf,50.0,54.0,62.0,False,4.0,2.0,4s_windows_50pct_overlap,unused,1552,False,False,False
Subject12|arithmetic|Subject12_2.edf|52.000|56.000,Subject12,arithmetic,1,Subject12_2.edf,52.0,56.0,62.0,False,4.0,2.0,4s_windows_50pct_overlap,unused,1553,False,False,False
Subject12|arithmetic|Subject12_2.edf|54.000|58.000,Subject12,arithmetic,1,Subject12_2.edf,54.0,58.0,62.0,False,4.0,2.0,4s_windows_50pct_overlap,unused,1554,False,False,False
Subject12|arithmetic|Subject12_2.edf|56.000|60.000,Subject12,arithmetic,1,Subject12_2.edf,56.0,60.0,62.0,False,4.0,2.0,4s_windows_50pct_overlap,unused,1555,False,False,False
Subject12|arithmetic|Subject12_2.edf|58.000|62.000,Subject12,arithmetic,1,Subject12_2.edf,58.0,62.0,62.0,False,4.0,2.0,4s_windows_50pct_overlap,unused,1556,False,False,False
Subject13|rest|Subject13_1.edf|0.000|4.000,Subject13,rest,0,Subject13_1.edf,0.0,4.0,182.0,False,4.0,2.0,4s_windows_50pct_overlap,calibration,1557,True,False,False
Subject13|rest|Subject13_1.edf|2.000|6.000,Subject13,rest,0,Subject13_1.edf,2.0,6.0,182.0,False,4.0,2.0,4s_windows_50pct_overlap,calibration,1558,True,False,False
Subject13|rest|Subject13_1.edf|4.000|8.000,Subject13,rest,0,Subject13_1.edf,4.0,8.0,182.0,False,4.0,2.0,4s_windows_50pct_overlap,calibration,1559,True,False,False
Subject13|rest|Subject13_1.edf|6.000|10.000,Subject13,rest,0,Subject13_1.edf,6.0,10.0,182.0,False,4.0,2.0,4s_windows_50pct_overlap,calibration,1560,True,False,False
Subject13|rest|Subject13_1.edf|8.000|12.000,Subject13,rest,0,Subject13_1.edf,8.0,12.0,182.0,False,4.0,2.0,4s_windows_50pct_overlap,calibration,1561,True,False,False
Subject13|rest|Subject13_1.edf|10.000|14.000,Subject13,rest,0,Subject13_1.edf,10.0,14.0,182.0,False,4.0,2.0,4s_windows_50pct_overlap,calibration,1562,True,False,False
Subject13|rest|Subject13_1.edf|12.000|16.000,Subject13,rest,0,Subject13_1.edf,12.0,16.0,182.0,False,4.0,2.0,4s_windows_50pct_overlap,calibration,1563,True,False,False
Subject13|rest|Subject13_1.edf|14.000|18.000,Subject13,rest,0,Subject13_1.edf,14.0,18.0,182.0,False,4.0,2.0,4s_windows_50pct_overlap,calibration,1564,True,False,False
Subject13|rest|Subject13_1.edf|16.000|20.000,Subject13,rest,0,Subject13_1.edf,16.0,20.0,182.0,False,4.0,2.0,4s_windows_50pct_overlap,calibration,1565,True,False,False
Subject13|rest|Subject13_1.edf|18.000|22.000,Subject13,rest,0,Subject13_1.edf,18.0,22.0,182.0,False,4.0,2.0,4s_windows_50pct_overlap,calibration,1566,True,False,False
Subject13|rest|Subject13_1.edf|20.000|24.000,Subject13,rest,0,Subject13_1.edf,20.0,24.0,182.0,False,4.0,2.0,4s_windows_50pct_overlap,calibration,1567,True,False,False
Subject13|rest|Subject13_1.edf|22.000|26.000,Subject13,rest,0,Subject13_1.edf,22.0,26.0,182.0,False,4.0,2.0,4s_windows_50pct_overlap,calibration,1568,True,False,False
Subject13|rest|Subject13_1.edf|24.000|28.000,Subject13,rest,0,Subject13_1.edf,24.0,28.0,182.0,False,4.0,2.0,4s_windows_50pct_overlap,calibration,1569,True,False,False
Subject13|rest|Subject13_1.edf|26.000|30.000,Subject13,rest,0,Subject13_1.edf,26.0,30.0,182.0,False,4.0,2.0,4s_windows_50pct_overlap,calibration,1570,True,False,False
Subject13|rest|Subject13_1.edf|28.000|32.000,Subject13,rest,0,Subject13_1.edf,28.0,32.0,182.0,False,4.0,2.0,4s_windows_50pct_overlap,unused,1571,False,False,False
Subject13|rest|Subject13_1.edf|30.000|34.000,Subject13,rest,0,Subject13_1.edf,30.0,34.0,182.0,False,4.0,2.0,4s_windows_50pct_overlap,scored_rest,1572,False,True,False
Subject13|rest|Subject13_1.edf|32.000|36.000,Subject13,rest,0,Subject13_1.edf,32.0,36.0,182.0,False,4.0,2.0,4s_windows_50pct_overlap,scored_rest,1573,False,True,False
Subject13|rest|Subject13_1.edf|34.000|38.000,Subject13,rest,0,Subject13_1.edf,34.0,38.0,182.0,False,4.0,2.0,4s_windows_50pct_overlap,scored_rest,1574,False,True,False
Subject13|rest|Subject13_1.edf|36.000|40.000,Subject13,rest,0,Subject13_1.edf,36.0,40.0,182.0,False,4.0,2.0,4s_windows_50pct_overlap,scored_rest,1575,False,True,False
Subject13|rest|Subject13_1.edf|38.000|42.000,Subject13,rest,0,Subject13_1.edf,38.0,42.0,182.0,False,4.0,2.0,4s_windows_50pct_overlap,scored_rest,1576,False,True,False
Subject13|rest|Subject13_1.edf|40.000|44.000,Subject13,rest,0,Subject13_1.edf,40.0,44.0,182.0,False,4.0,2.0,4s_windows_50pct_overlap,scored_rest,1577,False,True,False
Subject13|rest|Subject13_1.edf|42.000|46.000,Subject13,rest,0,Subject13_1.edf,42.0,46.0,182.0,False,4.0,2.0,4s_windows_50pct_overlap,scored_rest,1578,False,True,False
Subject13|rest|Subject13_1.edf|44.000|48.000,Subject13,rest,0,Subject13_1.edf,44.0,48.0,182.0,False,4.0,2.0,4s_windows_50pct_overlap,scored_rest,1579,False,True,False
Subject13|rest|Subject13_1.edf|46.000|50.000,Subject13,rest,0,Subject13_1.edf,46.0,50.0,182.0,False,4.0,2.0,4s_windows_50pct_overlap,scored_rest,1580,False,True,False
Subject13|rest|Subject13_1.edf|48.000|52.000,Subject13,rest,0,Subject13_1.edf,48.0,52.0,182.0,False,4.0,2.0,4s_windows_50pct_overlap,scored_rest,1581,False,True,False
Subject13|rest|Subject13_1.edf|50.000|54.000,Subject13,rest,0,Subject13_1.edf,50.0,54.0,182.0,False,4.0,2.0,4s_windows_50pct_overlap,scored_rest,1582,False,True,False
Subject13|rest|Subject13_1.edf|52.000|56.000,Subject13,rest,0,Subject13_1.edf,52.0,56.0,182.0,False,4.0,2.0,4s_windows_50pct_overlap,scored_rest,1583,False,True,False
Subject13|rest|Subject13_1.edf|54.000|58.000,Subject13,rest,0,Subject13_1.edf,54.0,58.0,182.0,False,4.0,2.0,4s_windows_50pct_overlap,scored_rest,1584,False,True,False
Subject13|rest|Subject13_1.edf|56.000|60.000,Subject13,rest,0,Subject13_1.edf,56.0,60.0,182.0,False,4.0,2.0,4s_windows_50pct_overlap,scored_rest,1585,False,True,False
Subject13|rest|Subject13_1.edf|58.000|62.000,Subject13,rest,0,Subject13_1.edf,58.0,62.0,182.0,False,4.0,2.0,4s_windows_50pct_overlap,unused,1586,False,False,False
Subject13|rest|Subject13_1.edf|60.000|64.000,Subject13,rest,0,Subject13_1.edf,60.0,64.0,182.0,False,4.0,2.0,4s_windows_50pct_overlap,unused,1587,False,False,False
Subject13|rest|Subject13_1.edf|62.000|66.000,Subject13,rest,0,Subject13_1.edf,62.0,66.0,182.0,False,4.0,2.0,4s_windows_50pct_overlap,unused,1588,False,False,False
Subject13|rest|Subject13_1.edf|64.000|68.000,Subject13,rest,0,Subject13_1.edf,64.0,68.0,182.0,False,4.0,2.0,4s_windows_50pct_overlap,unused,1589,False,False,False
Subject13|rest|Subject13_1.edf|66.000|70.000,Subject13,rest,0,Subject13_1.edf,66.0,70.0,182.0,False,4.0,2.0,4s_windows_50pct_overlap,unused,1590,False,False,False
Subject13|rest|Subject13_1.edf|68.000|72.000,Subject13,rest,0,Subject13_1.edf,68.0,72.0,182.0,False,4.0,2.0,4s_windows_50pct_overlap,unused,1591,False,False,False
Subject13|rest|Subject13_1.edf|70.000|74.000,Subject13,rest,0,Subject13_1.edf,70.0,74.0,182.0,False,4.0,2.0,4s_windows_50pct_overlap,unused,1592,False,False,False
Subject13|rest|Subject13_1.edf|72.000|76.000,Subject13,rest,0,Subject13_1.edf,72.0,76.0,182.0,False,4.0,2.0,4s_windows_50pct_overlap,unused,1593,False,False,False
Subject13|rest|Subject13_1.edf|74.000|78.000,Subject13,rest,0,Subject13_1.edf,74.0,78.0,182.0,False,4.0,2.0,4s_windows_50pct_overlap,unused,1594,False,False,False
Subject13|rest|Subject13_1.edf|76.000|80.000,Subject13,rest,0,Subject13_1.edf,76.0,80.0,182.0,False,4.0,2.0,4s_windows_50pct_overlap,unused,1595,False,False,False
Subject13|rest|Subject13_1.edf|78.000|82.000,Subject13,rest,0,Subject13_1.edf,78.0,82.0,182.0,False,4.0,2.0,4s_windows_50pct_overlap,unused,1596,False,False,False
Subject13|rest|Subject13_1.edf|80.000|84.000,Subject13,rest,0,Subject13_1.edf,80.0,84.0,182.0,False,4.0,2.0,4s_windows_50pct_overlap,unused,1597,False,False,False
Subject13|rest|Subject13_1.edf|82.000|86.000,Subject13,rest,0,Subject13_1.edf,82.0,86.0,182.0,False,4.0,2.0,4s_windows_50pct_overlap,unused,1598,False,False,False
Subject13|rest|Subject13_1.edf|84.000|88.000,Subject13,rest,0,Subject13_1.edf,84.0,88.0,182.0,False,4.0,2.0,4s_windows_50pct_overlap,unused,1599,False,False,False
Subject13|rest|Subject13_1.edf|86.000|90.000,Subject13,rest,0,Subject13_1.edf,86.0,90.0,182.0,False,4.0,2.0,4s_windows_50pct_overlap,unused,1600,False,False,False
Subject13|rest|Subject13_1.edf|88.000|92.000,Subject13,rest,0,Subject13_1.edf,88.0,92.0,182.0,False,4.0,2.0,4s_windows_50pct_overlap,unused,1601,False,False,False
Subject13|rest|Subject13_1.edf|90.000|94.000,Subject13,rest,0,Subject13_1.edf,90.0,94.0,182.0,False,4.0,2.0,4s_windows_50pct_overlap,unused,1602,False,False,False
Subject13|rest|Subject13_1.edf|92.000|96.000,Subject13,rest,0,Subject13_1.edf,92.0,96.0,182.0,False,4.0,2.0,4s_windows_50pct_overlap,unused,1603,False,False,False
Subject13|rest|Subject13_1.edf|94.000|98.000,Subject13,rest,0,Subject13_1.edf,94.0,98.0,182.0,False,4.0,2.0,4s_windows_50pct_overlap,unused,1604,False,False,False
Subject13|rest|Subject13_1.edf|96.000|100.000,Subject13,rest,0,Subject13_1.edf,96.0,100.0,182.0,False,4.0,2.0,4s_windows_50pct_overlap,unused,1605,False,False,False
Subject13|rest|Subject13_1.edf|98.000|102.000,Subject13,rest,0,Subject13_1.edf,98.0,102.0,182.0,False,4.0,2.0,4s_windows_50pct_overlap,unused,1606,False,False,False
Subject13|rest|Subject13_1.edf|100.000|104.000,Subject13,rest,0,Subject13_1.edf,100.0,104.0,182.0,False,4.0,2.0,4s_windows_50pct_overlap,unused,1607,False,False,False
Subject13|rest|Subject13_1.edf|102.000|106.000,Subject13,rest,0,Subject13_1.edf,102.0,106.0,182.0,False,4.0,2.0,4s_windows_50pct_overlap,unused,1608,False,False,False
Subject13|rest|Subject13_1.edf|104.000|108.000,Subject13,rest,0,Subject13_1.edf,104.0,108.0,182.0,False,4.0,2.0,4s_windows_50pct_overlap,unused,1609,False,False,False
Subject13|rest|Subject13_1.edf|106.000|110.000,Subject13,rest,0,Subject13_1.edf,106.0,110.0,182.0,False,4.0,2.0,4s_windows_50pct_overlap,unused,1610,False,False,False
Subject13|rest|Subject13_1.edf|108.000|112.000,Subject13,rest,0,Subject13_1.edf,108.0,112.0,182.0,False,4.0,2.0,4s_windows_50pct_overlap,unused,1611,False,False,False
Subject13|rest|Subject13_1.edf|110.000|114.000,Subject13,rest,0,Subject13_1.edf,110.0,114.0,182.0,False,4.0,2.0,4s_windows_50pct_overlap,unused,1612,False,False,False
Subject13|rest|Subject13_1.edf|112.000|116.000,Subject13,rest,0,Subject13_1.edf,112.0,116.0,182.0,False,4.0,2.0,4s_windows_50pct_overlap,unused,1613,False,False,False
Subject13|rest|Subject13_1.edf|114.000|118.000,Subject13,rest,0,Subject13_1.edf,114.0,118.0,182.0,False,4.0,2.0,4s_windows_50pct_overlap,unused,1614,False,False,False
Subject13|rest|Subject13_1.edf|116.000|120.000,Subject13,rest,0,Subject13_1.edf,116.0,120.0,182.0,False,4.0,2.0,4s_windows_50pct_overlap,unused,1615,False,False,False
Subject13|rest|Subject13_1.edf|118.000|122.000,Subject13,rest,0,Subject13_1.edf,118.0,122.0,182.0,False,4.0,2.0,4s_windows_50pct_overlap,unused,1616,False,False,False
Subject13|rest|Subject13_1.edf|120.000|124.000,Subject13,rest,0,Subject13_1.edf,120.0,124.0,182.0,False,4.0,2.0,4s_windows_50pct_overlap,unused,1617,False,False,False
Subject13|rest|Subject13_1.edf|122.000|126.000,Subject13,rest,0,Subject13_1.edf,122.0,126.0,182.0,False,4.0,2.0,4s_windows_50pct_overlap,unused,1618,False,False,False
Subject13|rest|Subject13_1.edf|124.000|128.000,Subject13,rest,0,Subject13_1.edf,124.0,128.0,182.0,False,4.0,2.0,4s_windows_50pct_overlap,unused,1619,False,False,False
Subject13|rest|Subject13_1.edf|126.000|130.000,Subject13,rest,0,Subject13_1.edf,126.0,130.0,182.0,False,4.0,2.0,4s_windows_50pct_overlap,unused,1620,False,False,False
Subject13|rest|Subject13_1.edf|128.000|132.000,Subject13,rest,0,Subject13_1.edf,128.0,132.0,182.0,False,4.0,2.0,4s_windows_50pct_overlap,unused,1621,False,False,False
Subject13|rest|Subject13_1.edf|130.000|134.000,Subject13,rest,0,Subject13_1.edf,130.0,134.0,182.0,False,4.0,2.0,4s_windows_50pct_overlap,unused,1622,False,False,False
Subject13|rest|Subject13_1.edf|132.000|136.000,Subject13,rest,0,Subject13_1.edf,132.0,136.0,182.0,False,4.0,2.0,4s_windows_50pct_overlap,unused,1623,False,False,False
Subject13|rest|Subject13_1.edf|134.000|138.000,Subject13,rest,0,Subject13_1.edf,134.0,138.0,182.0,False,4.0,2.0,4s_windows_50pct_overlap,unused,1624,False,False,False
Subject13|rest|Subject13_1.edf|136.000|140.000,Subject13,rest,0,Subject13_1.edf,136.0,140.0,182.0,False,4.0,2.0,4s_windows_50pct_overlap,unused,1625,False,False,False
Subject13|rest|Subject13_1.edf|138.000|142.000,Subject13,rest,0,Subject13_1.edf,138.0,142.0,182.0,False,4.0,2.0,4s_windows_50pct_overlap,unused,1626,False,False,False
Subject13|rest|Subject13_1.edf|140.000|144.000,Subject13,rest,0,Subject13_1.edf,140.0,144.0,182.0,False,4.0,2.0,4s_windows_50pct_overlap,unused,1627,False,False,False
Subject13|rest|Subject13_1.edf|142.000|146.000,Subject13,rest,0,Subject13_1.edf,142.0,146.0,182.0,False,4.0,2.0,4s_windows_50pct_overlap,unused,1628,False,False,False
Subject13|rest|Subject13_1.edf|144.000|148.000,Subject13,rest,0,Subject13_1.edf,144.0,148.0,182.0,False,4.0,2.0,4s_windows_50pct_overlap,unused,1629,False,False,False
Subject13|rest|Subject13_1.edf|146.000|150.000,Subject13,rest,0,Subject13_1.edf,146.0,150.0,182.0,False,4.0,2.0,4s_windows_50pct_overlap,unused,1630,False,False,False
Subject13|rest|Subject13_1.edf|148.000|152.000,Subject13,rest,0,Subject13_1.edf,148.0,152.0,182.0,False,4.0,2.0,4s_windows_50pct_overlap,unused,1631,False,False,False
Subject13|rest|Subject13_1.edf|150.000|154.000,Subject13,rest,0,Subject13_1.edf,150.0,154.0,182.0,False,4.0,2.0,4s_windows_50pct_overlap,unused,1632,False,False,False
Subject13|rest|Subject13_1.edf|152.000|156.000,Subject13,rest,0,Subject13_1.edf,152.0,156.0,182.0,False,4.0,2.0,4s_windows_50pct_overlap,unused,1633,False,False,False
Subject13|rest|Subject13_1.edf|154.000|158.000,Subject13,rest,0,Subject13_1.edf,154.0,158.0,182.0,False,4.0,2.0,4s_windows_50pct_overlap,unused,1634,False,False,False
Subject13|rest|Subject13_1.edf|156.000|160.000,Subject13,rest,0,Subject13_1.edf,156.0,160.0,182.0,False,4.0,2.0,4s_windows_50pct_overlap,unused,1635,False,False,False
Subject13|rest|Subject13_1.edf|158.000|162.000,Subject13,rest,0,Subject13_1.edf,158.0,162.0,182.0,False,4.0,2.0,4s_windows_50pct_overlap,unused,1636,False,False,False
Subject13|rest|Subject13_1.edf|160.000|164.000,Subject13,rest,0,Subject13_1.edf,160.0,164.0,182.0,False,4.0,2.0,4s_windows_50pct_overlap,unused,1637,False,False,False
Subject13|rest|Subject13_1.edf|162.000|166.000,Subject13,rest,0,Subject13_1.edf,162.0,166.0,182.0,False,4.0,2.0,4s_windows_50pct_overlap,unused,1638,False,False,False
Subject13|rest|Subject13_1.edf|164.000|168.000,Subject13,rest,0,Subject13_1.edf,164.0,168.0,182.0,False,4.0,2.0,4s_windows_50pct_overlap,unused,1639,False,False,False
Subject13|rest|Subject13_1.edf|166.000|170.000,Subject13,rest,0,Subject13_1.edf,166.0,170.0,182.0,False,4.0,2.0,4s_windows_50pct_overlap,unused,1640,False,False,False
Subject13|rest|Subject13_1.edf|168.000|172.000,Subject13,rest,0,Subject13_1.edf,168.0,172.0,182.0,False,4.0,2.0,4s_windows_50pct_overlap,unused,1641,False,False,False
Subject13|rest|Subject13_1.edf|170.000|174.000,Subject13,rest,0,Subject13_1.edf,170.0,174.0,182.0,False,4.0,2.0,4s_windows_50pct_overlap,unused,1642,False,False,False
Subject13|rest|Subject13_1.edf|172.000|176.000,Subject13,rest,0,Subject13_1.edf,172.0,176.0,182.0,False,4.0,2.0,4s_windows_50pct_overlap,unused,1643,False,False,False
Subject13|rest|Subject13_1.edf|174.000|178.000,Subject13,rest,0,Subject13_1.edf,174.0,178.0,182.0,False,4.0,2.0,4s_windows_50pct_overlap,unused,1644,False,False,False
Subject13|rest|Subject13_1.edf|176.000|180.000,Subject13,rest,0,Subject13_1.edf,176.0,180.0,182.0,False,4.0,2.0,4s_windows_50pct_overlap,unused,1645,False,False,False
Subject13|rest|Subject13_1.edf|178.000|182.000,Subject13,rest,0,Subject13_1.edf,178.0,182.0,182.0,False,4.0,2.0,4s_windows_50pct_overlap,unused,1646,False,False,False
Subject13|arithmetic|Subject13_2.edf|0.000|4.000,Subject13,arithmetic,1,Subject13_2.edf,0.0,4.0,62.0,False,4.0,2.0,4s_windows_50pct_overlap,scored_task,1647,False,True,False
Subject13|arithmetic|Subject13_2.edf|2.000|6.000,Subject13,arithmetic,1,Subject13_2.edf,2.0,6.0,62.0,False,4.0,2.0,4s_windows_50pct_overlap,scored_task,1648,False,True,False
Subject13|arithmetic|Subject13_2.edf|4.000|8.000,Subject13,arithmetic,1,Subject13_2.edf,4.0,8.0,62.0,False,4.0,2.0,4s_windows_50pct_overlap,scored_task,1649,False,True,False
Subject13|arithmetic|Subject13_2.edf|6.000|10.000,Subject13,arithmetic,1,Subject13_2.edf,6.0,10.0,62.0,False,4.0,2.0,4s_windows_50pct_overlap,scored_task,1650,False,True,False
Subject13|arithmetic|Subject13_2.edf|8.000|12.000,Subject13,arithmetic,1,Subject13_2.edf,8.0,12.0,62.0,False,4.0,2.0,4s_windows_50pct_overlap,scored_task,1651,False,True,False
Subject13|arithmetic|Subject13_2.edf|10.000|14.000,Subject13,arithmetic,1,Subject13_2.edf,10.0,14.0,62.0,False,4.0,2.0,4s_windows_50pct_overlap,scored_task,1652,False,True,False
Subject13|arithmetic|Subject13_2.edf|12.000|16.000,Subject13,arithmetic,1,Subject13_2.edf,12.0,16.0,62.0,False,4.0,2.0,4s_windows_50pct_overlap,scored_task,1653,False,True,False
Subject13|arithmetic|Subject13_2.edf|14.000|18.000,Subject13,arithmetic,1,Subject13_2.edf,14.0,18.0,62.0,False,4.0,2.0,4s_windows_50pct_overlap,scored_task,1654,False,True,False
Subject13|arithmetic|Subject13_2.edf|16.000|20.000,Subject13,arithmetic,1,Subject13_2.edf,16.0,20.0,62.0,False,4.0,2.0,4s_windows_50pct_overlap,scored_task,1655,False,True,False
Subject13|arithmetic|Subject13_2.edf|18.000|22.000,Subject13,arithmetic,1,Subject13_2.edf,18.0,22.0,62.0,False,4.0,2.0,4s_windows_50pct_overlap,scored_task,1656,False,True,False
Subject13|arithmetic|Subject13_2.edf|20.000|24.000,Subject13,arithmetic,1,Subject13_2.edf,20.0,24.0,62.0,False,4.0,2.0,4s_windows_50pct_overlap,scored_task,1657,False,True,False
Subject13|arithmetic|Subject13_2.edf|22.000|26.000,Subject13,arithmetic,1,Subject13_2.edf,22.0,26.0,62.0,False,4.0,2.0,4s_windows_50pct_overlap,scored_task,1658,False,True,False
Subject13|arithmetic|Subject13_2.edf|24.000|28.000,Subject13,arithmetic,1,Subject13_2.edf,24.0,28.0,62.0,False,4.0,2.0,4s_windows_50pct_overlap,scored_task,1659,False,True,False
Subject13|arithmetic|Subject13_2.edf|26.000|30.000,Subject13,arithmetic,1,Subject13_2.edf,26.0,30.0,62.0,False,4.0,2.0,4s_windows_50pct_overlap,scored_task,1660,False,True,False
Subject13|arithmetic|Subject13_2.edf|28.000|32.000,Subject13,arithmetic,1,Subject13_2.edf,28.0,32.0,62.0,False,4.0,2.0,4s_windows_50pct_overlap,unused,1661,False,False,False
Subject13|arithmetic|Subject13_2.edf|30.000|34.000,Subject13,arithmetic,1,Subject13_2.edf,30.0,34.0,62.0,False,4.0,2.0,4s_windows_50pct_overlap,unused,1662,False,False,False
Subject13|arithmetic|Subject13_2.edf|32.000|36.000,Subject13,arithmetic,1,Subject13_2.edf,32.0,36.0,62.0,False,4.0,2.0,4s_windows_50pct_overlap,unused,1663,False,False,False
Subject13|arithmetic|Subject13_2.edf|34.000|38.000,Subject13,arithmetic,1,Subject13_2.edf,34.0,38.0,62.0,False,4.0,2.0,4s_windows_50pct_overlap,unused,1664,False,False,False
Subject13|arithmetic|Subject13_2.edf|36.000|40.000,Subject13,arithmetic,1,Subject13_2.edf,36.0,40.0,62.0,False,4.0,2.0,4s_windows_50pct_overlap,unused,1665,False,False,False
Subject13|arithmetic|Subject13_2.edf|38.000|42.000,Subject13,arithmetic,1,Subject13_2.edf,38.0,42.0,62.0,False,4.0,2.0,4s_windows_50pct_overlap,unused,1666,False,False,False
Subject13|arithmetic|Subject13_2.edf|40.000|44.000,Subject13,arithmetic,1,Subject13_2.edf,40.0,44.0,62.0,False,4.0,2.0,4s_windows_50pct_overlap,unused,1667,False,False,False
Subject13|arithmetic|Subject13_2.edf|42.000|46.000,Subject13,arithmetic,1,Subject13_2.edf,42.0,46.0,62.0,False,4.0,2.0,4s_windows_50pct_overlap,unused,1668,False,False,False
Subject13|arithmetic|Subject13_2.edf|44.000|48.000,Subject13,arithmetic,1,Subject13_2.edf,44.0,48.0,62.0,False,4.0,2.0,4s_windows_50pct_overlap,unused,1669,False,False,False
Subject13|arithmetic|Subject13_2.edf|46.000|50.000,Subject13,arithmetic,1,Subject13_2.edf,46.0,50.0,62.0,False,4.0,2.0,4s_windows_50pct_overlap,unused,1670,False,False,False
Subject13|arithmetic|Subject13_2.edf|48.000|52.000,Subject13,arithmetic,1,Subject13_2.edf,48.0,52.0,62.0,False,4.0,2.0,4s_windows_50pct_overlap,unused,1671,False,False,False
Subject13|arithmetic|Subject13_2.edf|50.000|54.000,Subject13,arithmetic,1,Subject13_2.edf,50.0,54.0,62.0,False,4.0,2.0,4s_windows_50pct_overlap,unused,1672,False,False,False
Subject13|arithmetic|Subject13_2.edf|52.000|56.000,Subject13,arithmetic,1,Subject13_2.edf,52.0,56.0,62.0,False,4.0,2.0,4s_windows_50pct_overlap,unused,1673,False,False,False
Subject13|arithmetic|Subject13_2.edf|54.000|58.000,Subject13,arithmetic,1,Subject13_2.edf,54.0,58.0,62.0,False,4.0,2.0,4s_windows_50pct_overlap,unused,1674,False,False,False
Subject13|arithmetic|Subject13_2.edf|56.000|60.000,Subject13,arithmetic,1,Subject13_2.edf,56.0,60.0,62.0,False,4.0,2.0,4s_windows_50pct_overlap,unused,1675,False,False,False
Subject13|arithmetic|Subject13_2.edf|58.000|62.000,Subject13,arithmetic,1,Subject13_2.edf,58.0,62.0,62.0,False,4.0,2.0,4s_windows_50pct_overlap,unused,1676,False,False,False
Subject14|rest|Subject14_1.edf|0.000|4.000,Subject14,rest,0,Subject14_1.edf,0.0,4.0,182.0,False,4.0,2.0,4s_windows_50pct_overlap,calibration,1677,True,False,False
Subject14|rest|Subject14_1.edf|2.000|6.000,Subject14,rest,0,Subject14_1.edf,2.0,6.0,182.0,False,4.0,2.0,4s_windows_50pct_overlap,calibration,1678,True,False,False
Subject14|rest|Subject14_1.edf|4.000|8.000,Subject14,rest,0,Subject14_1.edf,4.0,8.0,182.0,False,4.0,2.0,4s_windows_50pct_overlap,calibration,1679,True,False,False
Subject14|rest|Subject14_1.edf|6.000|10.000,Subject14,rest,0,Subject14_1.edf,6.0,10.0,182.0,False,4.0,2.0,4s_windows_50pct_overlap,calibration,1680,True,False,False
Subject14|rest|Subject14_1.edf|8.000|12.000,Subject14,rest,0,Subject14_1.edf,8.0,12.0,182.0,False,4.0,2.0,4s_windows_50pct_overlap,calibration,1681,True,False,False
Subject14|rest|Subject14_1.edf|10.000|14.000,Subject14,rest,0,Subject14_1.edf,10.0,14.0,182.0,False,4.0,2.0,4s_windows_50pct_overlap,calibration,1682,True,False,False
Subject14|rest|Subject14_1.edf|12.000|16.000,Subject14,rest,0,Subject14_1.edf,12.0,16.0,182.0,False,4.0,2.0,4s_windows_50pct_overlap,calibration,1683,True,False,False
Subject14|rest|Subject14_1.edf|14.000|18.000,Subject14,rest,0,Subject14_1.edf,14.0,18.0,182.0,False,4.0,2.0,4s_windows_50pct_overlap,calibration,1684,True,False,False
Subject14|rest|Subject14_1.edf|16.000|20.000,Subject14,rest,0,Subject14_1.edf,16.0,20.0,182.0,False,4.0,2.0,4s_windows_50pct_overlap,calibration,1685,True,False,False
Subject14|rest|Subject14_1.edf|18.000|22.000,Subject14,rest,0,Subject14_1.edf,18.0,22.0,182.0,False,4.0,2.0,4s_windows_50pct_overlap,calibration,1686,True,False,False
Subject14|rest|Subject14_1.edf|20.000|24.000,Subject14,rest,0,Subject14_1.edf,20.0,24.0,182.0,False,4.0,2.0,4s_windows_50pct_overlap,calibration,1687,True,False,False
Subject14|rest|Subject14_1.edf|22.000|26.000,Subject14,rest,0,Subject14_1.edf,22.0,26.0,182.0,False,4.0,2.0,4s_windows_50pct_overlap,calibration,1688,True,False,False
Subject14|rest|Subject14_1.edf|24.000|28.000,Subject14,rest,0,Subject14_1.edf,24.0,28.0,182.0,False,4.0,2.0,4s_windows_50pct_overlap,calibration,1689,True,False,False
Subject14|rest|Subject14_1.edf|26.000|30.000,Subject14,rest,0,Subject14_1.edf,26.0,30.0,182.0,False,4.0,2.0,4s_windows_50pct_overlap,calibration,1690,True,False,False
Subject14|rest|Subject14_1.edf|28.000|32.000,Subject14,rest,0,Subject14_1.edf,28.0,32.0,182.0,False,4.0,2.0,4s_windows_50pct_overlap,unused,1691,False,False,False
Subject14|rest|Subject14_1.edf|30.000|34.000,Subject14,rest,0,Subject14_1.edf,30.0,34.0,182.0,False,4.0,2.0,4s_windows_50pct_overlap,scored_rest,1692,False,True,False
Subject14|rest|Subject14_1.edf|32.000|36.000,Subject14,rest,0,Subject14_1.edf,32.0,36.0,182.0,False,4.0,2.0,4s_windows_50pct_overlap,scored_rest,1693,False,True,False
Subject14|rest|Subject14_1.edf|34.000|38.000,Subject14,rest,0,Subject14_1.edf,34.0,38.0,182.0,False,4.0,2.0,4s_windows_50pct_overlap,scored_rest,1694,False,True,False
Subject14|rest|Subject14_1.edf|36.000|40.000,Subject14,rest,0,Subject14_1.edf,36.0,40.0,182.0,False,4.0,2.0,4s_windows_50pct_overlap,scored_rest,1695,False,True,False
Subject14|rest|Subject14_1.edf|38.000|42.000,Subject14,rest,0,Subject14_1.edf,38.0,42.0,182.0,False,4.0,2.0,4s_windows_50pct_overlap,scored_rest,1696,False,True,False
Subject14|rest|Subject14_1.edf|40.000|44.000,Subject14,rest,0,Subject14_1.edf,40.0,44.0,182.0,False,4.0,2.0,4s_windows_50pct_overlap,scored_rest,1697,False,True,False
Subject14|rest|Subject14_1.edf|42.000|46.000,Subject14,rest,0,Subject14_1.edf,42.0,46.0,182.0,False,4.0,2.0,4s_windows_50pct_overlap,scored_rest,1698,False,True,False
Subject14|rest|Subject14_1.edf|44.000|48.000,Subject14,rest,0,Subject14_1.edf,44.0,48.0,182.0,False,4.0,2.0,4s_windows_50pct_overlap,scored_rest,1699,False,True,False
Subject14|rest|Subject14_1.edf|46.000|50.000,Subject14,rest,0,Subject14_1.edf,46.0,50.0,182.0,False,4.0,2.0,4s_windows_50pct_overlap,scored_rest,1700,False,True,False
Subject14|rest|Subject14_1.edf|48.000|52.000,Subject14,rest,0,Subject14_1.edf,48.0,52.0,182.0,False,4.0,2.0,4s_windows_50pct_overlap,scored_rest,1701,False,True,False
Subject14|rest|Subject14_1.edf|50.000|54.000,Subject14,rest,0,Subject14_1.edf,50.0,54.0,182.0,False,4.0,2.0,4s_windows_50pct_overlap,scored_rest,1702,False,True,False
Subject14|rest|Subject14_1.edf|52.000|56.000,Subject14,rest,0,Subject14_1.edf,52.0,56.0,182.0,False,4.0,2.0,4s_windows_50pct_overlap,scored_rest,1703,False,True,False
Subject14|rest|Subject14_1.edf|54.000|58.000,Subject14,rest,0,Subject14_1.edf,54.0,58.0,182.0,False,4.0,2.0,4s_windows_50pct_overlap,scored_rest,1704,False,True,False
Subject14|rest|Subject14_1.edf|56.000|60.000,Subject14,rest,0,Subject14_1.edf,56.0,60.0,182.0,False,4.0,2.0,4s_windows_50pct_overlap,scored_rest,1705,False,True,False
Subject14|rest|Subject14_1.edf|58.000|62.000,Subject14,rest,0,Subject14_1.edf,58.0,62.0,182.0,False,4.0,2.0,4s_windows_50pct_overlap,unused,1706,False,False,False
Subject14|rest|Subject14_1.edf|60.000|64.000,Subject14,rest,0,Subject14_1.edf,60.0,64.0,182.0,False,4.0,2.0,4s_windows_50pct_overlap,unused,1707,False,False,False
Subject14|rest|Subject14_1.edf|62.000|66.000,Subject14,rest,0,Subject14_1.edf,62.0,66.0,182.0,False,4.0,2.0,4s_windows_50pct_overlap,unused,1708,False,False,False
Subject14|rest|Subject14_1.edf|64.000|68.000,Subject14,rest,0,Subject14_1.edf,64.0,68.0,182.0,False,4.0,2.0,4s_windows_50pct_overlap,unused,1709,False,False,False
Subject14|rest|Subject14_1.edf|66.000|70.000,Subject14,rest,0,Subject14_1.edf,66.0,70.0,182.0,False,4.0,2.0,4s_windows_50pct_overlap,unused,1710,False,False,False
Subject14|rest|Subject14_1.edf|68.000|72.000,Subject14,rest,0,Subject14_1.edf,68.0,72.0,182.0,False,4.0,2.0,4s_windows_50pct_overlap,unused,1711,False,False,False
Subject14|rest|Subject14_1.edf|70.000|74.000,Subject14,rest,0,Subject14_1.edf,70.0,74.0,182.0,False,4.0,2.0,4s_windows_50pct_overlap,unused,1712,False,False,False
Subject14|rest|Subject14_1.edf|72.000|76.000,Subject14,rest,0,Subject14_1.edf,72.0,76.0,182.0,False,4.0,2.0,4s_windows_50pct_overlap,unused,1713,False,False,False
Subject14|rest|Subject14_1.edf|74.000|78.000,Subject14,rest,0,Subject14_1.edf,74.0,78.0,182.0,False,4.0,2.0,4s_windows_50pct_overlap,unused,1714,False,False,False
Subject14|rest|Subject14_1.edf|76.000|80.000,Subject14,rest,0,Subject14_1.edf,76.0,80.0,182.0,False,4.0,2.0,4s_windows_50pct_overlap,unused,1715,False,False,False
Subject14|rest|Subject14_1.edf|78.000|82.000,Subject14,rest,0,Subject14_1.edf,78.0,82.0,182.0,False,4.0,2.0,4s_windows_50pct_overlap,unused,1716,False,False,False
Subject14|rest|Subject14_1.edf|80.000|84.000,Subject14,rest,0,Subject14_1.edf,80.0,84.0,182.0,False,4.0,2.0,4s_windows_50pct_overlap,unused,1717,False,False,False
Subject14|rest|Subject14_1.edf|82.000|86.000,Subject14,rest,0,Subject14_1.edf,82.0,86.0,182.0,False,4.0,2.0,4s_windows_50pct_overlap,unused,1718,False,False,False
Subject14|rest|Subject14_1.edf|84.000|88.000,Subject14,rest,0,Subject14_1.edf,84.0,88.0,182.0,False,4.0,2.0,4s_windows_50pct_overlap,unused,1719,False,False,False
Subject14|rest|Subject14_1.edf|86.000|90.000,Subject14,rest,0,Subject14_1.edf,86.0,90.0,182.0,False,4.0,2.0,4s_windows_50pct_overlap,unused,1720,False,False,False
Subject14|rest|Subject14_1.edf|88.000|92.000,Subject14,rest,0,Subject14_1.edf,88.0,92.0,182.0,False,4.0,2.0,4s_windows_50pct_overlap,unused,1721,False,False,False
Subject14|rest|Subject14_1.edf|90.000|94.000,Subject14,rest,0,Subject14_1.edf,90.0,94.0,182.0,False,4.0,2.0,4s_windows_50pct_overlap,unused,1722,False,False,False
Subject14|rest|Subject14_1.edf|92.000|96.000,Subject14,rest,0,Subject14_1.edf,92.0,96.0,182.0,False,4.0,2.0,4s_windows_50pct_overlap,unused,1723,False,False,False
Subject14|rest|Subject14_1.edf|94.000|98.000,Subject14,rest,0,Subject14_1.edf,94.0,98.0,182.0,False,4.0,2.0,4s_windows_50pct_overlap,unused,1724,False,False,False
Subject14|rest|Subject14_1.edf|96.000|100.000,Subject14,rest,0,Subject14_1.edf,96.0,100.0,182.0,False,4.0,2.0,4s_windows_50pct_overlap,unused,1725,False,False,False
Subject14|rest|Subject14_1.edf|98.000|102.000,Subject14,rest,0,Subject14_1.edf,98.0,102.0,182.0,False,4.0,2.0,4s_windows_50pct_overlap,unused,1726,False,False,False
Subject14|rest|Subject14_1.edf|100.000|104.000,Subject14,rest,0,Subject14_1.edf,100.0,104.0,182.0,False,4.0,2.0,4s_windows_50pct_overlap,unused,1727,False,False,False
Subject14|rest|Subject14_1.edf|102.000|106.000,Subject14,rest,0,Subject14_1.edf,102.0,106.0,182.0,False,4.0,2.0,4s_windows_50pct_overlap,unused,1728,False,False,False
Subject14|rest|Subject14_1.edf|104.000|108.000,Subject14,rest,0,Subject14_1.edf,104.0,108.0,182.0,False,4.0,2.0,4s_windows_50pct_overlap,unused,1729,False,False,False
Subject14|rest|Subject14_1.edf|106.000|110.000,Subject14,rest,0,Subject14_1.edf,106.0,110.0,182.0,False,4.0,2.0,4s_windows_50pct_overlap,unused,1730,False,False,False
Subject14|rest|Subject14_1.edf|108.000|112.000,Subject14,rest,0,Subject14_1.edf,108.0,112.0,182.0,False,4.0,2.0,4s_windows_50pct_overlap,unused,1731,False,False,False
Subject14|rest|Subject14_1.edf|110.000|114.000,Subject14,rest,0,Subject14_1.edf,110.0,114.0,182.0,False,4.0,2.0,4s_windows_50pct_overlap,unused,1732,False,False,False
Subject14|rest|Subject14_1.edf|112.000|116.000,Subject14,rest,0,Subject14_1.edf,112.0,116.0,182.0,False,4.0,2.0,4s_windows_50pct_overlap,unused,1733,False,False,False
Subject14|rest|Subject14_1.edf|114.000|118.000,Subject14,rest,0,Subject14_1.edf,114.0,118.0,182.0,False,4.0,2.0,4s_windows_50pct_overlap,unused,1734,False,False,False
Subject14|rest|Subject14_1.edf|116.000|120.000,Subject14,rest,0,Subject14_1.edf,116.0,120.0,182.0,False,4.0,2.0,4s_windows_50pct_overlap,unused,1735,False,False,False
Subject14|rest|Subject14_1.edf|118.000|122.000,Subject14,rest,0,Subject14_1.edf,118.0,122.0,182.0,False,4.0,2.0,4s_windows_50pct_overlap,unused,1736,False,False,False
Subject14|rest|Subject14_1.edf|120.000|124.000,Subject14,rest,0,Subject14_1.edf,120.0,124.0,182.0,False,4.0,2.0,4s_windows_50pct_overlap,unused,1737,False,False,False
Subject14|rest|Subject14_1.edf|122.000|126.000,Subject14,rest,0,Subject14_1.edf,122.0,126.0,182.0,False,4.0,2.0,4s_windows_50pct_overlap,unused,1738,False,False,False
Subject14|rest|Subject14_1.edf|124.000|128.000,Subject14,rest,0,Subject14_1.edf,124.0,128.0,182.0,False,4.0,2.0,4s_windows_50pct_overlap,unused,1739,False,False,False
Subject14|rest|Subject14_1.edf|126.000|130.000,Subject14,rest,0,Subject14_1.edf,126.0,130.0,182.0,False,4.0,2.0,4s_windows_50pct_overlap,unused,1740,False,False,False
Subject14|rest|Subject14_1.edf|128.000|132.000,Subject14,rest,0,Subject14_1.edf,128.0,132.0,182.0,False,4.0,2.0,4s_windows_50pct_overlap,unused,1741,False,False,False
Subject14|rest|Subject14_1.edf|130.000|134.000,Subject14,rest,0,Subject14_1.edf,130.0,134.0,182.0,False,4.0,2.0,4s_windows_50pct_overlap,unused,1742,False,False,False
Subject14|rest|Subject14_1.edf|132.000|136.000,Subject14,rest,0,Subject14_1.edf,132.0,136.0,182.0,False,4.0,2.0,4s_windows_50pct_overlap,unused,1743,False,False,False
Subject14|rest|Subject14_1.edf|134.000|138.000,Subject14,rest,0,Subject14_1.edf,134.0,138.0,182.0,False,4.0,2.0,4s_windows_50pct_overlap,unused,1744,False,False,False
Subject14|rest|Subject14_1.edf|136.000|140.000,Subject14,rest,0,Subject14_1.edf,136.0,140.0,182.0,False,4.0,2.0,4s_windows_50pct_overlap,unused,1745,False,False,False
Subject14|rest|Subject14_1.edf|138.000|142.000,Subject14,rest,0,Subject14_1.edf,138.0,142.0,182.0,False,4.0,2.0,4s_windows_50pct_overlap,unused,1746,False,False,False
Subject14|rest|Subject14_1.edf|140.000|144.000,Subject14,rest,0,Subject14_1.edf,140.0,144.0,182.0,False,4.0,2.0,4s_windows_50pct_overlap,unused,1747,False,False,False
Subject14|rest|Subject14_1.edf|142.000|146.000,Subject14,rest,0,Subject14_1.edf,142.0,146.0,182.0,False,4.0,2.0,4s_windows_50pct_overlap,unused,1748,False,False,False
Subject14|rest|Subject14_1.edf|144.000|148.000,Subject14,rest,0,Subject14_1.edf,144.0,148.0,182.0,False,4.0,2.0,4s_windows_50pct_overlap,unused,1749,False,False,False
Subject14|rest|Subject14_1.edf|146.000|150.000,Subject14,rest,0,Subject14_1.edf,146.0,150.0,182.0,False,4.0,2.0,4s_windows_50pct_overlap,unused,1750,False,False,False
Subject14|rest|Subject14_1.edf|148.000|152.000,Subject14,rest,0,Subject14_1.edf,148.0,152.0,182.0,False,4.0,2.0,4s_windows_50pct_overlap,unused,1751,False,False,False
Subject14|rest|Subject14_1.edf|150.000|154.000,Subject14,rest,0,Subject14_1.edf,150.0,154.0,182.0,False,4.0,2.0,4s_windows_50pct_overlap,unused,1752,False,False,False
Subject14|rest|Subject14_1.edf|152.000|156.000,Subject14,rest,0,Subject14_1.edf,152.0,156.0,182.0,False,4.0,2.0,4s_windows_50pct_overlap,unused,1753,False,False,False
Subject14|rest|Subject14_1.edf|154.000|158.000,Subject14,rest,0,Subject14_1.edf,154.0,158.0,182.0,False,4.0,2.0,4s_windows_50pct_overlap,unused,1754,False,False,False
Subject14|rest|Subject14_1.edf|156.000|160.000,Subject14,rest,0,Subject14_1.edf,156.0,160.0,182.0,False,4.0,2.0,4s_windows_50pct_overlap,unused,1755,False,False,False
Subject14|rest|Subject14_1.edf|158.000|162.000,Subject14,rest,0,Subject14_1.edf,158.0,162.0,182.0,False,4.0,2.0,4s_windows_50pct_overlap,unused,1756,False,False,False
Subject14|rest|Subject14_1.edf|160.000|164.000,Subject14,rest,0,Subject14_1.edf,160.0,164.0,182.0,False,4.0,2.0,4s_windows_50pct_overlap,unused,1757,False,False,False
Subject14|rest|Subject14_1.edf|162.000|166.000,Subject14,rest,0,Subject14_1.edf,162.0,166.0,182.0,False,4.0,2.0,4s_windows_50pct_overlap,unused,1758,False,False,False
Subject14|rest|Subject14_1.edf|164.000|168.000,Subject14,rest,0,Subject14_1.edf,164.0,168.0,182.0,False,4.0,2.0,4s_windows_50pct_overlap,unused,1759,False,False,False
Subject14|rest|Subject14_1.edf|166.000|170.000,Subject14,rest,0,Subject14_1.edf,166.0,170.0,182.0,False,4.0,2.0,4s_windows_50pct_overlap,unused,1760,False,False,False
Subject14|rest|Subject14_1.edf|168.000|172.000,Subject14,rest,0,Subject14_1.edf,168.0,172.0,182.0,False,4.0,2.0,4s_windows_50pct_overlap,unused,1761,False,False,False
Subject14|rest|Subject14_1.edf|170.000|174.000,Subject14,rest,0,Subject14_1.edf,170.0,174.0,182.0,False,4.0,2.0,4s_windows_50pct_overlap,unused,1762,False,False,False
Subject14|rest|Subject14_1.edf|172.000|176.000,Subject14,rest,0,Subject14_1.edf,172.0,176.0,182.0,False,4.0,2.0,4s_windows_50pct_overlap,unused,1763,False,False,False
Subject14|rest|Subject14_1.edf|174.000|178.000,Subject14,rest,0,Subject14_1.edf,174.0,178.0,182.0,False,4.0,2.0,4s_windows_50pct_overlap,unused,1764,False,False,False
Subject14|rest|Subject14_1.edf|176.000|180.000,Subject14,rest,0,Subject14_1.edf,176.0,180.0,182.0,False,4.0,2.0,4s_windows_50pct_overlap,unused,1765,False,False,False
Subject14|rest|Subject14_1.edf|178.000|182.000,Subject14,rest,0,Subject14_1.edf,178.0,182.0,182.0,False,4.0,2.0,4s_windows_50pct_overlap,unused,1766,False,False,False
Subject14|arithmetic|Subject14_2.edf|0.000|4.000,Subject14,arithmetic,1,Subject14_2.edf,0.0,4.0,62.0,False,4.0,2.0,4s_windows_50pct_overlap,scored_task,1767,False,True,False
Subject14|arithmetic|Subject14_2.edf|2.000|6.000,Subject14,arithmetic,1,Subject14_2.edf,2.0,6.0,62.0,False,4.0,2.0,4s_windows_50pct_overlap,scored_task,1768,False,True,False
Subject14|arithmetic|Subject14_2.edf|4.000|8.000,Subject14,arithmetic,1,Subject14_2.edf,4.0,8.0,62.0,False,4.0,2.0,4s_windows_50pct_overlap,scored_task,1769,False,True,False
Subject14|arithmetic|Subject14_2.edf|6.000|10.000,Subject14,arithmetic,1,Subject14_2.edf,6.0,10.0,62.0,False,4.0,2.0,4s_windows_50pct_overlap,scored_task,1770,False,True,False
Subject14|arithmetic|Subject14_2.edf|8.000|12.000,Subject14,arithmetic,1,Subject14_2.edf,8.0,12.0,62.0,False,4.0,2.0,4s_windows_50pct_overlap,scored_task,1771,False,True,False
Subject14|arithmetic|Subject14_2.edf|10.000|14.000,Subject14,arithmetic,1,Subject14_2.edf,10.0,14.0,62.0,False,4.0,2.0,4s_windows_50pct_overlap,scored_task,1772,False,True,False
Subject14|arithmetic|Subject14_2.edf|12.000|16.000,Subject14,arithmetic,1,Subject14_2.edf,12.0,16.0,62.0,False,4.0,2.0,4s_windows_50pct_overlap,scored_task,1773,False,True,False
Subject14|arithmetic|Subject14_2.edf|14.000|18.000,Subject14,arithmetic,1,Subject14_2.edf,14.0,18.0,62.0,False,4.0,2.0,4s_windows_50pct_overlap,scored_task,1774,False,True,False
Subject14|arithmetic|Subject14_2.edf|16.000|20.000,Subject14,arithmetic,1,Subject14_2.edf,16.0,20.0,62.0,False,4.0,2.0,4s_windows_50pct_overlap,scored_task,1775,False,True,False
Subject14|arithmetic|Subject14_2.edf|18.000|22.000,Subject14,arithmetic,1,Subject14_2.edf,18.0,22.0,62.0,False,4.0,2.0,4s_windows_50pct_overlap,scored_task,1776,False,True,False
Subject14|arithmetic|Subject14_2.edf|20.000|24.000,Subject14,arithmetic,1,Subject14_2.edf,20.0,24.0,62.0,False,4.0,2.0,4s_windows_50pct_overlap,scored_task,1777,False,True,False
Subject14|arithmetic|Subject14_2.edf|22.000|26.000,Subject14,arithmetic,1,Subject14_2.edf,22.0,26.0,62.0,False,4.0,2.0,4s_windows_50pct_overlap,scored_task,1778,False,True,False
Subject14|arithmetic|Subject14_2.edf|24.000|28.000,Subject14,arithmetic,1,Subject14_2.edf,24.0,28.0,62.0,False,4.0,2.0,4s_windows_50pct_overlap,scored_task,1779,False,True,False
Subject14|arithmetic|Subject14_2.edf|26.000|30.000,Subject14,arithmetic,1,Subject14_2.edf,26.0,30.0,62.0,False,4.0,2.0,4s_windows_50pct_overlap,scored_task,1780,False,True,False
Subject14|arithmetic|Subject14_2.edf|28.000|32.000,Subject14,arithmetic,1,Subject14_2.edf,28.0,32.0,62.0,False,4.0,2.0,4s_windows_50pct_overlap,unused,1781,False,False,False
Subject14|arithmetic|Subject14_2.edf|30.000|34.000,Subject14,arithmetic,1,Subject14_2.edf,30.0,34.0,62.0,False,4.0,2.0,4s_windows_50pct_overlap,unused,1782,False,False,False
Subject14|arithmetic|Subject14_2.edf|32.000|36.000,Subject14,arithmetic,1,Subject14_2.edf,32.0,36.0,62.0,False,4.0,2.0,4s_windows_50pct_overlap,unused,1783,False,False,False
Subject14|arithmetic|Subject14_2.edf|34.000|38.000,Subject14,arithmetic,1,Subject14_2.edf,34.0,38.0,62.0,False,4.0,2.0,4s_windows_50pct_overlap,unused,1784,False,False,False
Subject14|arithmetic|Subject14_2.edf|36.000|40.000,Subject14,arithmetic,1,Subject14_2.edf,36.0,40.0,62.0,False,4.0,2.0,4s_windows_50pct_overlap,unused,1785,False,False,False
Subject14|arithmetic|Subject14_2.edf|38.000|42.000,Subject14,arithmetic,1,Subject14_2.edf,38.0,42.0,62.0,False,4.0,2.0,4s_windows_50pct_overlap,unused,1786,False,False,False
Subject14|arithmetic|Subject14_2.edf|40.000|44.000,Subject14,arithmetic,1,Subject14_2.edf,40.0,44.0,62.0,False,4.0,2.0,4s_windows_50pct_overlap,unused,1787,False,False,False
Subject14|arithmetic|Subject14_2.edf|42.000|46.000,Subject14,arithmetic,1,Subject14_2.edf,42.0,46.0,62.0,False,4.0,2.0,4s_windows_50pct_overlap,unused,1788,False,False,False
Subject14|arithmetic|Subject14_2.edf|44.000|48.000,Subject14,arithmetic,1,Subject14_2.edf,44.0,48.0,62.0,False,4.0,2.0,4s_windows_50pct_overlap,unused,1789,False,False,False
Subject14|arithmetic|Subject14_2.edf|46.000|50.000,Subject14,arithmetic,1,Subject14_2.edf,46.0,50.0,62.0,False,4.0,2.0,4s_windows_50pct_overlap,unused,1790,False,False,False
Subject14|arithmetic|Subject14_2.edf|48.000|52.000,Subject14,arithmetic,1,Subject14_2.edf,48.0,52.0,62.0,False,4.0,2.0,4s_windows_50pct_overlap,unused,1791,False,False,False
Subject14|arithmetic|Subject14_2.edf|50.000|54.000,Subject14,arithmetic,1,Subject14_2.edf,50.0,54.0,62.0,False,4.0,2.0,4s_windows_50pct_overlap,unused,1792,False,False,False
Subject14|arithmetic|Subject14_2.edf|52.000|56.000,Subject14,arithmetic,1,Subject14_2.edf,52.0,56.0,62.0,False,4.0,2.0,4s_windows_50pct_overlap,unused,1793,False,False,False
Subject14|arithmetic|Subject14_2.edf|54.000|58.000,Subject14,arithmetic,1,Subject14_2.edf,54.0,58.0,62.0,False,4.0,2.0,4s_windows_50pct_overlap,unused,1794,False,False,False
Subject14|arithmetic|Subject14_2.edf|56.000|60.000,Subject14,arithmetic,1,Subject14_2.edf,56.0,60.0,62.0,False,4.0,2.0,4s_windows_50pct_overlap,unused,1795,False,False,False
Subject14|arithmetic|Subject14_2.edf|58.000|62.000,Subject14,arithmetic,1,Subject14_2.edf,58.0,62.0,62.0,False,4.0,2.0,4s_windows_50pct_overlap,unused,1796,False,False,False
Subject15|rest|Subject15_1.edf|0.000|4.000,Subject15,rest,0,Subject15_1.edf,0.0,4.0,182.0,False,4.0,2.0,4s_windows_50pct_overlap,calibration,1797,True,False,False
Subject15|rest|Subject15_1.edf|2.000|6.000,Subject15,rest,0,Subject15_1.edf,2.0,6.0,182.0,False,4.0,2.0,4s_windows_50pct_overlap,calibration,1798,True,False,False
Subject15|rest|Subject15_1.edf|4.000|8.000,Subject15,rest,0,Subject15_1.edf,4.0,8.0,182.0,False,4.0,2.0,4s_windows_50pct_overlap,calibration,1799,True,False,False
Subject15|rest|Subject15_1.edf|6.000|10.000,Subject15,rest,0,Subject15_1.edf,6.0,10.0,182.0,False,4.0,2.0,4s_windows_50pct_overlap,calibration,1800,True,False,False
Subject15|rest|Subject15_1.edf|8.000|12.000,Subject15,rest,0,Subject15_1.edf,8.0,12.0,182.0,False,4.0,2.0,4s_windows_50pct_overlap,calibration,1801,True,False,False
Subject15|rest|Subject15_1.edf|10.000|14.000,Subject15,rest,0,Subject15_1.edf,10.0,14.0,182.0,False,4.0,2.0,4s_windows_50pct_overlap,calibration,1802,True,False,False
Subject15|rest|Subject15_1.edf|12.000|16.000,Subject15,rest,0,Subject15_1.edf,12.0,16.0,182.0,False,4.0,2.0,4s_windows_50pct_overlap,calibration,1803,True,False,False
Subject15|rest|Subject15_1.edf|14.000|18.000,Subject15,rest,0,Subject15_1.edf,14.0,18.0,182.0,False,4.0,2.0,4s_windows_50pct_overlap,calibration,1804,True,False,False
Subject15|rest|Subject15_1.edf|16.000|20.000,Subject15,rest,0,Subject15_1.edf,16.0,20.0,182.0,False,4.0,2.0,4s_windows_50pct_overlap,calibration,1805,True,False,False
Subject15|rest|Subject15_1.edf|18.000|22.000,Subject15,rest,0,Subject15_1.edf,18.0,22.0,182.0,False,4.0,2.0,4s_windows_50pct_overlap,calibration,1806,True,False,False
Subject15|rest|Subject15_1.edf|20.000|24.000,Subject15,rest,0,Subject15_1.edf,20.0,24.0,182.0,False,4.0,2.0,4s_windows_50pct_overlap,calibration,1807,True,False,False
Subject15|rest|Subject15_1.edf|22.000|26.000,Subject15,rest,0,Subject15_1.edf,22.0,26.0,182.0,False,4.0,2.0,4s_windows_50pct_overlap,calibration,1808,True,False,False
Subject15|rest|Subject15_1.edf|24.000|28.000,Subject15,rest,0,Subject15_1.edf,24.0,28.0,182.0,False,4.0,2.0,4s_windows_50pct_overlap,calibration,1809,True,False,False
Subject15|rest|Subject15_1.edf|26.000|30.000,Subject15,rest,0,Subject15_1.edf,26.0,30.0,182.0,False,4.0,2.0,4s_windows_50pct_overlap,calibration,1810,True,False,False
Subject15|rest|Subject15_1.edf|28.000|32.000,Subject15,rest,0,Subject15_1.edf,28.0,32.0,182.0,False,4.0,2.0,4s_windows_50pct_overlap,unused,1811,False,False,False
Subject15|rest|Subject15_1.edf|30.000|34.000,Subject15,rest,0,Subject15_1.edf,30.0,34.0,182.0,False,4.0,2.0,4s_windows_50pct_overlap,scored_rest,1812,False,True,False
Subject15|rest|Subject15_1.edf|32.000|36.000,Subject15,rest,0,Subject15_1.edf,32.0,36.0,182.0,False,4.0,2.0,4s_windows_50pct_overlap,scored_rest,1813,False,True,False
Subject15|rest|Subject15_1.edf|34.000|38.000,Subject15,rest,0,Subject15_1.edf,34.0,38.0,182.0,False,4.0,2.0,4s_windows_50pct_overlap,scored_rest,1814,False,True,False
Subject15|rest|Subject15_1.edf|36.000|40.000,Subject15,rest,0,Subject15_1.edf,36.0,40.0,182.0,False,4.0,2.0,4s_windows_50pct_overlap,scored_rest,1815,False,True,False
Subject15|rest|Subject15_1.edf|38.000|42.000,Subject15,rest,0,Subject15_1.edf,38.0,42.0,182.0,False,4.0,2.0,4s_windows_50pct_overlap,scored_rest,1816,False,True,False
Subject15|rest|Subject15_1.edf|40.000|44.000,Subject15,rest,0,Subject15_1.edf,40.0,44.0,182.0,False,4.0,2.0,4s_windows_50pct_overlap,scored_rest,1817,False,True,False
Subject15|rest|Subject15_1.edf|42.000|46.000,Subject15,rest,0,Subject15_1.edf,42.0,46.0,182.0,False,4.0,2.0,4s_windows_50pct_overlap,scored_rest,1818,False,True,False
Subject15|rest|Subject15_1.edf|44.000|48.000,Subject15,rest,0,Subject15_1.edf,44.0,48.0,182.0,False,4.0,2.0,4s_windows_50pct_overlap,scored_rest,1819,False,True,False
Subject15|rest|Subject15_1.edf|46.000|50.000,Subject15,rest,0,Subject15_1.edf,46.0,50.0,182.0,False,4.0,2.0,4s_windows_50pct_overlap,scored_rest,1820,False,True,False
Subject15|rest|Subject15_1.edf|48.000|52.000,Subject15,rest,0,Subject15_1.edf,48.0,52.0,182.0,False,4.0,2.0,4s_windows_50pct_overlap,scored_rest,1821,False,True,False
Subject15|rest|Subject15_1.edf|50.000|54.000,Subject15,rest,0,Subject15_1.edf,50.0,54.0,182.0,False,4.0,2.0,4s_windows_50pct_overlap,scored_rest,1822,False,True,False
Subject15|rest|Subject15_1.edf|52.000|56.000,Subject15,rest,0,Subject15_1.edf,52.0,56.0,182.0,False,4.0,2.0,4s_windows_50pct_overlap,scored_rest,1823,False,True,False
Subject15|rest|Subject15_1.edf|54.000|58.000,Subject15,rest,0,Subject15_1.edf,54.0,58.0,182.0,False,4.0,2.0,4s_windows_50pct_overlap,scored_rest,1824,False,True,False
Subject15|rest|Subject15_1.edf|56.000|60.000,Subject15,rest,0,Subject15_1.edf,56.0,60.0,182.0,False,4.0,2.0,4s_windows_50pct_overlap,scored_rest,1825,False,True,False
Subject15|rest|Subject15_1.edf|58.000|62.000,Subject15,rest,0,Subject15_1.edf,58.0,62.0,182.0,False,4.0,2.0,4s_windows_50pct_overlap,unused,1826,False,False,False
Subject15|rest|Subject15_1.edf|60.000|64.000,Subject15,rest,0,Subject15_1.edf,60.0,64.0,182.0,False,4.0,2.0,4s_windows_50pct_overlap,unused,1827,False,False,False
Subject15|rest|Subject15_1.edf|62.000|66.000,Subject15,rest,0,Subject15_1.edf,62.0,66.0,182.0,False,4.0,2.0,4s_windows_50pct_overlap,unused,1828,False,False,False
Subject15|rest|Subject15_1.edf|64.000|68.000,Subject15,rest,0,Subject15_1.edf,64.0,68.0,182.0,False,4.0,2.0,4s_windows_50pct_overlap,unused,1829,False,False,False
Subject15|rest|Subject15_1.edf|66.000|70.000,Subject15,rest,0,Subject15_1.edf,66.0,70.0,182.0,False,4.0,2.0,4s_windows_50pct_overlap,unused,1830,False,False,False
Subject15|rest|Subject15_1.edf|68.000|72.000,Subject15,rest,0,Subject15_1.edf,68.0,72.0,182.0,False,4.0,2.0,4s_windows_50pct_overlap,unused,1831,False,False,False
Subject15|rest|Subject15_1.edf|70.000|74.000,Subject15,rest,0,Subject15_1.edf,70.0,74.0,182.0,False,4.0,2.0,4s_windows_50pct_overlap,unused,1832,False,False,False
Subject15|rest|Subject15_1.edf|72.000|76.000,Subject15,rest,0,Subject15_1.edf,72.0,76.0,182.0,False,4.0,2.0,4s_windows_50pct_overlap,unused,1833,False,False,False
Subject15|rest|Subject15_1.edf|74.000|78.000,Subject15,rest,0,Subject15_1.edf,74.0,78.0,182.0,False,4.0,2.0,4s_windows_50pct_overlap,unused,1834,False,False,False
Subject15|rest|Subject15_1.edf|76.000|80.000,Subject15,rest,0,Subject15_1.edf,76.0,80.0,182.0,False,4.0,2.0,4s_windows_50pct_overlap,unused,1835,False,False,False
Subject15|rest|Subject15_1.edf|78.000|82.000,Subject15,rest,0,Subject15_1.edf,78.0,82.0,182.0,False,4.0,2.0,4s_windows_50pct_overlap,unused,1836,False,False,False
Subject15|rest|Subject15_1.edf|80.000|84.000,Subject15,rest,0,Subject15_1.edf,80.0,84.0,182.0,False,4.0,2.0,4s_windows_50pct_overlap,unused,1837,False,False,False
Subject15|rest|Subject15_1.edf|82.000|86.000,Subject15,rest,0,Subject15_1.edf,82.0,86.0,182.0,False,4.0,2.0,4s_windows_50pct_overlap,unused,1838,False,False,False
Subject15|rest|Subject15_1.edf|84.000|88.000,Subject15,rest,0,Subject15_1.edf,84.0,88.0,182.0,False,4.0,2.0,4s_windows_50pct_overlap,unused,1839,False,False,False
Subject15|rest|Subject15_1.edf|86.000|90.000,Subject15,rest,0,Subject15_1.edf,86.0,90.0,182.0,False,4.0,2.0,4s_windows_50pct_overlap,unused,1840,False,False,False
Subject15|rest|Subject15_1.edf|88.000|92.000,Subject15,rest,0,Subject15_1.edf,88.0,92.0,182.0,False,4.0,2.0,4s_windows_50pct_overlap,unused,1841,False,False,False
Subject15|rest|Subject15_1.edf|90.000|94.000,Subject15,rest,0,Subject15_1.edf,90.0,94.0,182.0,False,4.0,2.0,4s_windows_50pct_overlap,unused,1842,False,False,False
Subject15|rest|Subject15_1.edf|92.000|96.000,Subject15,rest,0,Subject15_1.edf,92.0,96.0,182.0,False,4.0,2.0,4s_windows_50pct_overlap,unused,1843,False,False,False
Subject15|rest|Subject15_1.edf|94.000|98.000,Subject15,rest,0,Subject15_1.edf,94.0,98.0,182.0,False,4.0,2.0,4s_windows_50pct_overlap,unused,1844,False,False,False
Subject15|rest|Subject15_1.edf|96.000|100.000,Subject15,rest,0,Subject15_1.edf,96.0,100.0,182.0,False,4.0,2.0,4s_windows_50pct_overlap,unused,1845,False,False,False
Subject15|rest|Subject15_1.edf|98.000|102.000,Subject15,rest,0,Subject15_1.edf,98.0,102.0,182.0,False,4.0,2.0,4s_windows_50pct_overlap,unused,1846,False,False,False
Subject15|rest|Subject15_1.edf|100.000|104.000,Subject15,rest,0,Subject15_1.edf,100.0,104.0,182.0,False,4.0,2.0,4s_windows_50pct_overlap,unused,1847,False,False,False
Subject15|rest|Subject15_1.edf|102.000|106.000,Subject15,rest,0,Subject15_1.edf,102.0,106.0,182.0,False,4.0,2.0,4s_windows_50pct_overlap,unused,1848,False,False,False
Subject15|rest|Subject15_1.edf|104.000|108.000,Subject15,rest,0,Subject15_1.edf,104.0,108.0,182.0,False,4.0,2.0,4s_windows_50pct_overlap,unused,1849,False,False,False
Subject15|rest|Subject15_1.edf|106.000|110.000,Subject15,rest,0,Subject15_1.edf,106.0,110.0,182.0,False,4.0,2.0,4s_windows_50pct_overlap,unused,1850,False,False,False
Subject15|rest|Subject15_1.edf|108.000|112.000,Subject15,rest,0,Subject15_1.edf,108.0,112.0,182.0,False,4.0,2.0,4s_windows_50pct_overlap,unused,1851,False,False,False
Subject15|rest|Subject15_1.edf|110.000|114.000,Subject15,rest,0,Subject15_1.edf,110.0,114.0,182.0,False,4.0,2.0,4s_windows_50pct_overlap,unused,1852,False,False,False
Subject15|rest|Subject15_1.edf|112.000|116.000,Subject15,rest,0,Subject15_1.edf,112.0,116.0,182.0,False,4.0,2.0,4s_windows_50pct_overlap,unused,1853,False,False,False
Subject15|rest|Subject15_1.edf|114.000|118.000,Subject15,rest,0,Subject15_1.edf,114.0,118.0,182.0,False,4.0,2.0,4s_windows_50pct_overlap,unused,1854,False,False,False
Subject15|rest|Subject15_1.edf|116.000|120.000,Subject15,rest,0,Subject15_1.edf,116.0,120.0,182.0,False,4.0,2.0,4s_windows_50pct_overlap,unused,1855,False,False,False
Subject15|rest|Subject15_1.edf|118.000|122.000,Subject15,rest,0,Subject15_1.edf,118.0,122.0,182.0,False,4.0,2.0,4s_windows_50pct_overlap,unused,1856,False,False,False
Subject15|rest|Subject15_1.edf|120.000|124.000,Subject15,rest,0,Subject15_1.edf,120.0,124.0,182.0,False,4.0,2.0,4s_windows_50pct_overlap,unused,1857,False,False,False
Subject15|rest|Subject15_1.edf|122.000|126.000,Subject15,rest,0,Subject15_1.edf,122.0,126.0,182.0,False,4.0,2.0,4s_windows_50pct_overlap,unused,1858,False,False,False
Subject15|rest|Subject15_1.edf|124.000|128.000,Subject15,rest,0,Subject15_1.edf,124.0,128.0,182.0,False,4.0,2.0,4s_windows_50pct_overlap,unused,1859,False,False,False
Subject15|rest|Subject15_1.edf|126.000|130.000,Subject15,rest,0,Subject15_1.edf,126.0,130.0,182.0,False,4.0,2.0,4s_windows_50pct_overlap,unused,1860,False,False,False
Subject15|rest|Subject15_1.edf|128.000|132.000,Subject15,rest,0,Subject15_1.edf,128.0,132.0,182.0,False,4.0,2.0,4s_windows_50pct_overlap,unused,1861,False,False,False
Subject15|rest|Subject15_1.edf|130.000|134.000,Subject15,rest,0,Subject15_1.edf,130.0,134.0,182.0,False,4.0,2.0,4s_windows_50pct_overlap,unused,1862,False,False,False
Subject15|rest|Subject15_1.edf|132.000|136.000,Subject15,rest,0,Subject15_1.edf,132.0,136.0,182.0,False,4.0,2.0,4s_windows_50pct_overlap,unused,1863,False,False,False
Subject15|rest|Subject15_1.edf|134.000|138.000,Subject15,rest,0,Subject15_1.edf,134.0,138.0,182.0,False,4.0,2.0,4s_windows_50pct_overlap,unused,1864,False,False,False
Subject15|rest|Subject15_1.edf|136.000|140.000,Subject15,rest,0,Subject15_1.edf,136.0,140.0,182.0,False,4.0,2.0,4s_windows_50pct_overlap,unused,1865,False,False,False
Subject15|rest|Subject15_1.edf|138.000|142.000,Subject15,rest,0,Subject15_1.edf,138.0,142.0,182.0,False,4.0,2.0,4s_windows_50pct_overlap,unused,1866,False,False,False
Subject15|rest|Subject15_1.edf|140.000|144.000,Subject15,rest,0,Subject15_1.edf,140.0,144.0,182.0,False,4.0,2.0,4s_windows_50pct_overlap,unused,1867,False,False,False
Subject15|rest|Subject15_1.edf|142.000|146.000,Subject15,rest,0,Subject15_1.edf,142.0,146.0,182.0,False,4.0,2.0,4s_windows_50pct_overlap,unused,1868,False,False,False
Subject15|rest|Subject15_1.edf|144.000|148.000,Subject15,rest,0,Subject15_1.edf,144.0,148.0,182.0,False,4.0,2.0,4s_windows_50pct_overlap,unused,1869,False,False,False
Subject15|rest|Subject15_1.edf|146.000|150.000,Subject15,rest,0,Subject15_1.edf,146.0,150.0,182.0,False,4.0,2.0,4s_windows_50pct_overlap,unused,1870,False,False,False
Subject15|rest|Subject15_1.edf|148.000|152.000,Subject15,rest,0,Subject15_1.edf,148.0,152.0,182.0,False,4.0,2.0,4s_windows_50pct_overlap,unused,1871,False,False,False
Subject15|rest|Subject15_1.edf|150.000|154.000,Subject15,rest,0,Subject15_1.edf,150.0,154.0,182.0,False,4.0,2.0,4s_windows_50pct_overlap,unused,1872,False,False,False
Subject15|rest|Subject15_1.edf|152.000|156.000,Subject15,rest,0,Subject15_1.edf,152.0,156.0,182.0,False,4.0,2.0,4s_windows_50pct_overlap,unused,1873,False,False,False
Subject15|rest|Subject15_1.edf|154.000|158.000,Subject15,rest,0,Subject15_1.edf,154.0,158.0,182.0,False,4.0,2.0,4s_windows_50pct_overlap,unused,1874,False,False,False
Subject15|rest|Subject15_1.edf|156.000|160.000,Subject15,rest,0,Subject15_1.edf,156.0,160.0,182.0,False,4.0,2.0,4s_windows_50pct_overlap,unused,1875,False,False,False
Subject15|rest|Subject15_1.edf|158.000|162.000,Subject15,rest,0,Subject15_1.edf,158.0,162.0,182.0,False,4.0,2.0,4s_windows_50pct_overlap,unused,1876,False,False,False
Subject15|rest|Subject15_1.edf|160.000|164.000,Subject15,rest,0,Subject15_1.edf,160.0,164.0,182.0,False,4.0,2.0,4s_windows_50pct_overlap,unused,1877,False,False,False
Subject15|rest|Subject15_1.edf|162.000|166.000,Subject15,rest,0,Subject15_1.edf,162.0,166.0,182.0,False,4.0,2.0,4s_windows_50pct_overlap,unused,1878,False,False,False
Subject15|rest|Subject15_1.edf|164.000|168.000,Subject15,rest,0,Subject15_1.edf,164.0,168.0,182.0,False,4.0,2.0,4s_windows_50pct_overlap,unused,1879,False,False,False
Subject15|rest|Subject15_1.edf|166.000|170.000,Subject15,rest,0,Subject15_1.edf,166.0,170.0,182.0,False,4.0,2.0,4s_windows_50pct_overlap,unused,1880,False,False,False
Subject15|rest|Subject15_1.edf|168.000|172.000,Subject15,rest,0,Subject15_1.edf,168.0,172.0,182.0,False,4.0,2.0,4s_windows_50pct_overlap,unused,1881,False,False,False
Subject15|rest|Subject15_1.edf|170.000|174.000,Subject15,rest,0,Subject15_1.edf,170.0,174.0,182.0,False,4.0,2.0,4s_windows_50pct_overlap,unused,1882,False,False,False
Subject15|rest|Subject15_1.edf|172.000|176.000,Subject15,rest,0,Subject15_1.edf,172.0,176.0,182.0,False,4.0,2.0,4s_windows_50pct_overlap,unused,1883,False,False,False
Subject15|rest|Subject15_1.edf|174.000|178.000,Subject15,rest,0,Subject15_1.edf,174.0,178.0,182.0,False,4.0,2.0,4s_windows_50pct_overlap,unused,1884,False,False,False
Subject15|rest|Subject15_1.edf|176.000|180.000,Subject15,rest,0,Subject15_1.edf,176.0,180.0,182.0,False,4.0,2.0,4s_windows_50pct_overlap,unused,1885,False,False,False
Subject15|rest|Subject15_1.edf|178.000|182.000,Subject15,rest,0,Subject15_1.edf,178.0,182.0,182.0,False,4.0,2.0,4s_windows_50pct_overlap,unused,1886,False,False,False
Subject15|arithmetic|Subject15_2.edf|0.000|4.000,Subject15,arithmetic,1,Subject15_2.edf,0.0,4.0,62.0,False,4.0,2.0,4s_windows_50pct_overlap,scored_task,1887,False,True,False
Subject15|arithmetic|Subject15_2.edf|2.000|6.000,Subject15,arithmetic,1,Subject15_2.edf,2.0,6.0,62.0,False,4.0,2.0,4s_windows_50pct_overlap,scored_task,1888,False,True,False
Subject15|arithmetic|Subject15_2.edf|4.000|8.000,Subject15,arithmetic,1,Subject15_2.edf,4.0,8.0,62.0,False,4.0,2.0,4s_windows_50pct_overlap,scored_task,1889,False,True,False
Subject15|arithmetic|Subject15_2.edf|6.000|10.000,Subject15,arithmetic,1,Subject15_2.edf,6.0,10.0,62.0,False,4.0,2.0,4s_windows_50pct_overlap,scored_task,1890,False,True,False
Subject15|arithmetic|Subject15_2.edf|8.000|12.000,Subject15,arithmetic,1,Subject15_2.edf,8.0,12.0,62.0,False,4.0,2.0,4s_windows_50pct_overlap,scored_task,1891,False,True,False
Subject15|arithmetic|Subject15_2.edf|10.000|14.000,Subject15,arithmetic,1,Subject15_2.edf,10.0,14.0,62.0,False,4.0,2.0,4s_windows_50pct_overlap,scored_task,1892,False,True,False
Subject15|arithmetic|Subject15_2.edf|12.000|16.000,Subject15,arithmetic,1,Subject15_2.edf,12.0,16.0,62.0,False,4.0,2.0,4s_windows_50pct_overlap,scored_task,1893,False,True,False
Subject15|arithmetic|Subject15_2.edf|14.000|18.000,Subject15,arithmetic,1,Subject15_2.edf,14.0,18.0,62.0,False,4.0,2.0,4s_windows_50pct_overlap,scored_task,1894,False,True,False
Subject15|arithmetic|Subject15_2.edf|16.000|20.000,Subject15,arithmetic,1,Subject15_2.edf,16.0,20.0,62.0,False,4.0,2.0,4s_windows_50pct_overlap,scored_task,1895,False,True,False
Subject15|arithmetic|Subject15_2.edf|18.000|22.000,Subject15,arithmetic,1,Subject15_2.edf,18.0,22.0,62.0,False,4.0,2.0,4s_windows_50pct_overlap,scored_task,1896,False,True,False
Subject15|arithmetic|Subject15_2.edf|20.000|24.000,Subject15,arithmetic,1,Subject15_2.edf,20.0,24.0,62.0,False,4.0,2.0,4s_windows_50pct_overlap,scored_task,1897,False,True,False
Subject15|arithmetic|Subject15_2.edf|22.000|26.000,Subject15,arithmetic,1,Subject15_2.edf,22.0,26.0,62.0,False,4.0,2.0,4s_windows_50pct_overlap,scored_task,1898,False,True,False
Subject15|arithmetic|Subject15_2.edf|24.000|28.000,Subject15,arithmetic,1,Subject15_2.edf,24.0,28.0,62.0,False,4.0,2.0,4s_windows_50pct_overlap,scored_task,1899,False,True,False
Subject15|arithmetic|Subject15_2.edf|26.000|30.000,Subject15,arithmetic,1,Subject15_2.edf,26.0,30.0,62.0,False,4.0,2.0,4s_windows_50pct_overlap,scored_task,1900,False,True,False
Subject15|arithmetic|Subject15_2.edf|28.000|32.000,Subject15,arithmetic,1,Subject15_2.edf,28.0,32.0,62.0,False,4.0,2.0,4s_windows_50pct_overlap,unused,1901,False,False,False
Subject15|arithmetic|Subject15_2.edf|30.000|34.000,Subject15,arithmetic,1,Subject15_2.edf,30.0,34.0,62.0,False,4.0,2.0,4s_windows_50pct_overlap,unused,1902,False,False,False
Subject15|arithmetic|Subject15_2.edf|32.000|36.000,Subject15,arithmetic,1,Subject15_2.edf,32.0,36.0,62.0,False,4.0,2.0,4s_windows_50pct_overlap,unused,1903,False,False,False
Subject15|arithmetic|Subject15_2.edf|34.000|38.000,Subject15,arithmetic,1,Subject15_2.edf,34.0,38.0,62.0,False,4.0,2.0,4s_windows_50pct_overlap,unused,1904,False,False,False
Subject15|arithmetic|Subject15_2.edf|36.000|40.000,Subject15,arithmetic,1,Subject15_2.edf,36.0,40.0,62.0,False,4.0,2.0,4s_windows_50pct_overlap,unused,1905,False,False,False
Subject15|arithmetic|Subject15_2.edf|38.000|42.000,Subject15,arithmetic,1,Subject15_2.edf,38.0,42.0,62.0,False,4.0,2.0,4s_windows_50pct_overlap,unused,1906,False,False,False
Subject15|arithmetic|Subject15_2.edf|40.000|44.000,Subject15,arithmetic,1,Subject15_2.edf,40.0,44.0,62.0,False,4.0,2.0,4s_windows_50pct_overlap,unused,1907,False,False,False
Subject15|arithmetic|Subject15_2.edf|42.000|46.000,Subject15,arithmetic,1,Subject15_2.edf,42.0,46.0,62.0,False,4.0,2.0,4s_windows_50pct_overlap,unused,1908,False,False,False
Subject15|arithmetic|Subject15_2.edf|44.000|48.000,Subject15,arithmetic,1,Subject15_2.edf,44.0,48.0,62.0,False,4.0,2.0,4s_windows_50pct_overlap,unused,1909,False,False,False
Subject15|arithmetic|Subject15_2.edf|46.000|50.000,Subject15,arithmetic,1,Subject15_2.edf,46.0,50.0,62.0,False,4.0,2.0,4s_windows_50pct_overlap,unused,1910,False,False,False
Subject15|arithmetic|Subject15_2.edf|48.000|52.000,Subject15,arithmetic,1,Subject15_2.edf,48.0,52.0,62.0,False,4.0,2.0,4s_windows_50pct_overlap,unused,1911,False,False,False
Subject15|arithmetic|Subject15_2.edf|50.000|54.000,Subject15,arithmetic,1,Subject15_2.edf,50.0,54.0,62.0,False,4.0,2.0,4s_windows_50pct_overlap,unused,1912,False,False,False
Subject15|arithmetic|Subject15_2.edf|52.000|56.000,Subject15,arithmetic,1,Subject15_2.edf,52.0,56.0,62.0,False,4.0,2.0,4s_windows_50pct_overlap,unused,1913,False,False,False
Subject15|arithmetic|Subject15_2.edf|54.000|58.000,Subject15,arithmetic,1,Subject15_2.edf,54.0,58.0,62.0,False,4.0,2.0,4s_windows_50pct_overlap,unused,1914,False,False,False
Subject15|arithmetic|Subject15_2.edf|56.000|60.000,Subject15,arithmetic,1,Subject15_2.edf,56.0,60.0,62.0,False,4.0,2.0,4s_windows_50pct_overlap,unused,1915,False,False,False
Subject15|arithmetic|Subject15_2.edf|58.000|62.000,Subject15,arithmetic,1,Subject15_2.edf,58.0,62.0,62.0,False,4.0,2.0,4s_windows_50pct_overlap,unused,1916,False,False,False
Subject16|rest|Subject16_1.edf|0.000|4.000,Subject16,rest,0,Subject16_1.edf,0.0,4.0,182.0,False,4.0,2.0,4s_windows_50pct_overlap,calibration,1917,True,False,False
Subject16|rest|Subject16_1.edf|2.000|6.000,Subject16,rest,0,Subject16_1.edf,2.0,6.0,182.0,False,4.0,2.0,4s_windows_50pct_overlap,calibration,1918,True,False,False
Subject16|rest|Subject16_1.edf|4.000|8.000,Subject16,rest,0,Subject16_1.edf,4.0,8.0,182.0,False,4.0,2.0,4s_windows_50pct_overlap,calibration,1919,True,False,False
Subject16|rest|Subject16_1.edf|6.000|10.000,Subject16,rest,0,Subject16_1.edf,6.0,10.0,182.0,False,4.0,2.0,4s_windows_50pct_overlap,calibration,1920,True,False,False
Subject16|rest|Subject16_1.edf|8.000|12.000,Subject16,rest,0,Subject16_1.edf,8.0,12.0,182.0,False,4.0,2.0,4s_windows_50pct_overlap,calibration,1921,True,False,False
Subject16|rest|Subject16_1.edf|10.000|14.000,Subject16,rest,0,Subject16_1.edf,10.0,14.0,182.0,False,4.0,2.0,4s_windows_50pct_overlap,calibration,1922,True,False,False
Subject16|rest|Subject16_1.edf|12.000|16.000,Subject16,rest,0,Subject16_1.edf,12.0,16.0,182.0,False,4.0,2.0,4s_windows_50pct_overlap,calibration,1923,True,False,False
Subject16|rest|Subject16_1.edf|14.000|18.000,Subject16,rest,0,Subject16_1.edf,14.0,18.0,182.0,False,4.0,2.0,4s_windows_50pct_overlap,calibration,1924,True,False,False
Subject16|rest|Subject16_1.edf|16.000|20.000,Subject16,rest,0,Subject16_1.edf,16.0,20.0,182.0,False,4.0,2.0,4s_windows_50pct_overlap,calibration,1925,True,False,False
Subject16|rest|Subject16_1.edf|18.000|22.000,Subject16,rest,0,Subject16_1.edf,18.0,22.0,182.0,False,4.0,2.0,4s_windows_50pct_overlap,calibration,1926,True,False,False
Subject16|rest|Subject16_1.edf|20.000|24.000,Subject16,rest,0,Subject16_1.edf,20.0,24.0,182.0,False,4.0,2.0,4s_windows_50pct_overlap,calibration,1927,True,False,False
Subject16|rest|Subject16_1.edf|22.000|26.000,Subject16,rest,0,Subject16_1.edf,22.0,26.0,182.0,False,4.0,2.0,4s_windows_50pct_overlap,calibration,1928,True,False,False
Subject16|rest|Subject16_1.edf|24.000|28.000,Subject16,rest,0,Subject16_1.edf,24.0,28.0,182.0,False,4.0,2.0,4s_windows_50pct_overlap,calibration,1929,True,False,False
Subject16|rest|Subject16_1.edf|26.000|30.000,Subject16,rest,0,Subject16_1.edf,26.0,30.0,182.0,False,4.0,2.0,4s_windows_50pct_overlap,calibration,1930,True,False,False
Subject16|rest|Subject16_1.edf|28.000|32.000,Subject16,rest,0,Subject16_1.edf,28.0,32.0,182.0,False,4.0,2.0,4s_windows_50pct_overlap,unused,1931,False,False,False
Subject16|rest|Subject16_1.edf|30.000|34.000,Subject16,rest,0,Subject16_1.edf,30.0,34.0,182.0,False,4.0,2.0,4s_windows_50pct_overlap,scored_rest,1932,False,True,False
Subject16|rest|Subject16_1.edf|32.000|36.000,Subject16,rest,0,Subject16_1.edf,32.0,36.0,182.0,False,4.0,2.0,4s_windows_50pct_overlap,scored_rest,1933,False,True,False
Subject16|rest|Subject16_1.edf|34.000|38.000,Subject16,rest,0,Subject16_1.edf,34.0,38.0,182.0,False,4.0,2.0,4s_windows_50pct_overlap,scored_rest,1934,False,True,False
Subject16|rest|Subject16_1.edf|36.000|40.000,Subject16,rest,0,Subject16_1.edf,36.0,40.0,182.0,False,4.0,2.0,4s_windows_50pct_overlap,scored_rest,1935,False,True,False
Subject16|rest|Subject16_1.edf|38.000|42.000,Subject16,rest,0,Subject16_1.edf,38.0,42.0,182.0,False,4.0,2.0,4s_windows_50pct_overlap,scored_rest,1936,False,True,False
Subject16|rest|Subject16_1.edf|40.000|44.000,Subject16,rest,0,Subject16_1.edf,40.0,44.0,182.0,False,4.0,2.0,4s_windows_50pct_overlap,scored_rest,1937,False,True,False
Subject16|rest|Subject16_1.edf|42.000|46.000,Subject16,rest,0,Subject16_1.edf,42.0,46.0,182.0,False,4.0,2.0,4s_windows_50pct_overlap,scored_rest,1938,False,True,False
Subject16|rest|Subject16_1.edf|44.000|48.000,Subject16,rest,0,Subject16_1.edf,44.0,48.0,182.0,False,4.0,2.0,4s_windows_50pct_overlap,scored_rest,1939,False,True,False
Subject16|rest|Subject16_1.edf|46.000|50.000,Subject16,rest,0,Subject16_1.edf,46.0,50.0,182.0,False,4.0,2.0,4s_windows_50pct_overlap,scored_rest,1940,False,True,False
Subject16|rest|Subject16_1.edf|48.000|52.000,Subject16,rest,0,Subject16_1.edf,48.0,52.0,182.0,False,4.0,2.0,4s_windows_50pct_overlap,scored_rest,1941,False,True,False
Subject16|rest|Subject16_1.edf|50.000|54.000,Subject16,rest,0,Subject16_1.edf,50.0,54.0,182.0,False,4.0,2.0,4s_windows_50pct_overlap,scored_rest,1942,False,True,False
Subject16|rest|Subject16_1.edf|52.000|56.000,Subject16,rest,0,Subject16_1.edf,52.0,56.0,182.0,False,4.0,2.0,4s_windows_50pct_overlap,scored_rest,1943,False,True,False
Subject16|rest|Subject16_1.edf|54.000|58.000,Subject16,rest,0,Subject16_1.edf,54.0,58.0,182.0,False,4.0,2.0,4s_windows_50pct_overlap,scored_rest,1944,False,True,False
Subject16|rest|Subject16_1.edf|56.000|60.000,Subject16,rest,0,Subject16_1.edf,56.0,60.0,182.0,False,4.0,2.0,4s_windows_50pct_overlap,scored_rest,1945,False,True,False
Subject16|rest|Subject16_1.edf|58.000|62.000,Subject16,rest,0,Subject16_1.edf,58.0,62.0,182.0,False,4.0,2.0,4s_windows_50pct_overlap,unused,1946,False,False,False
Subject16|rest|Subject16_1.edf|60.000|64.000,Subject16,rest,0,Subject16_1.edf,60.0,64.0,182.0,False,4.0,2.0,4s_windows_50pct_overlap,unused,1947,False,False,False
Subject16|rest|Subject16_1.edf|62.000|66.000,Subject16,rest,0,Subject16_1.edf,62.0,66.0,182.0,False,4.0,2.0,4s_windows_50pct_overlap,unused,1948,False,False,False
Subject16|rest|Subject16_1.edf|64.000|68.000,Subject16,rest,0,Subject16_1.edf,64.0,68.0,182.0,False,4.0,2.0,4s_windows_50pct_overlap,unused,1949,False,False,False
Subject16|rest|Subject16_1.edf|66.000|70.000,Subject16,rest,0,Subject16_1.edf,66.0,70.0,182.0,False,4.0,2.0,4s_windows_50pct_overlap,unused,1950,False,False,False
Subject16|rest|Subject16_1.edf|68.000|72.000,Subject16,rest,0,Subject16_1.edf,68.0,72.0,182.0,False,4.0,2.0,4s_windows_50pct_overlap,unused,1951,False,False,False
Subject16|rest|Subject16_1.edf|70.000|74.000,Subject16,rest,0,Subject16_1.edf,70.0,74.0,182.0,False,4.0,2.0,4s_windows_50pct_overlap,unused,1952,False,False,False
Subject16|rest|Subject16_1.edf|72.000|76.000,Subject16,rest,0,Subject16_1.edf,72.0,76.0,182.0,False,4.0,2.0,4s_windows_50pct_overlap,unused,1953,False,False,False
Subject16|rest|Subject16_1.edf|74.000|78.000,Subject16,rest,0,Subject16_1.edf,74.0,78.0,182.0,False,4.0,2.0,4s_windows_50pct_overlap,unused,1954,False,False,False
Subject16|rest|Subject16_1.edf|76.000|80.000,Subject16,rest,0,Subject16_1.edf,76.0,80.0,182.0,False,4.0,2.0,4s_windows_50pct_overlap,unused,1955,False,False,False
Subject16|rest|Subject16_1.edf|78.000|82.000,Subject16,rest,0,Subject16_1.edf,78.0,82.0,182.0,False,4.0,2.0,4s_windows_50pct_overlap,unused,1956,False,False,False
Subject16|rest|Subject16_1.edf|80.000|84.000,Subject16,rest,0,Subject16_1.edf,80.0,84.0,182.0,False,4.0,2.0,4s_windows_50pct_overlap,unused,1957,False,False,False
Subject16|rest|Subject16_1.edf|82.000|86.000,Subject16,rest,0,Subject16_1.edf,82.0,86.0,182.0,False,4.0,2.0,4s_windows_50pct_overlap,unused,1958,False,False,False
Subject16|rest|Subject16_1.edf|84.000|88.000,Subject16,rest,0,Subject16_1.edf,84.0,88.0,182.0,False,4.0,2.0,4s_windows_50pct_overlap,unused,1959,False,False,False
Subject16|rest|Subject16_1.edf|86.000|90.000,Subject16,rest,0,Subject16_1.edf,86.0,90.0,182.0,False,4.0,2.0,4s_windows_50pct_overlap,unused,1960,False,False,False
Subject16|rest|Subject16_1.edf|88.000|92.000,Subject16,rest,0,Subject16_1.edf,88.0,92.0,182.0,False,4.0,2.0,4s_windows_50pct_overlap,unused,1961,False,False,False
Subject16|rest|Subject16_1.edf|90.000|94.000,Subject16,rest,0,Subject16_1.edf,90.0,94.0,182.0,False,4.0,2.0,4s_windows_50pct_overlap,unused,1962,False,False,False
Subject16|rest|Subject16_1.edf|92.000|96.000,Subject16,rest,0,Subject16_1.edf,92.0,96.0,182.0,False,4.0,2.0,4s_windows_50pct_overlap,unused,1963,False,False,False
Subject16|rest|Subject16_1.edf|94.000|98.000,Subject16,rest,0,Subject16_1.edf,94.0,98.0,182.0,False,4.0,2.0,4s_windows_50pct_overlap,unused,1964,False,False,False
Subject16|rest|Subject16_1.edf|96.000|100.000,Subject16,rest,0,Subject16_1.edf,96.0,100.0,182.0,False,4.0,2.0,4s_windows_50pct_overlap,unused,1965,False,False,False
Subject16|rest|Subject16_1.edf|98.000|102.000,Subject16,rest,0,Subject16_1.edf,98.0,102.0,182.0,False,4.0,2.0,4s_windows_50pct_overlap,unused,1966,False,False,False
Subject16|rest|Subject16_1.edf|100.000|104.000,Subject16,rest,0,Subject16_1.edf,100.0,104.0,182.0,False,4.0,2.0,4s_windows_50pct_overlap,unused,1967,False,False,False
Subject16|rest|Subject16_1.edf|102.000|106.000,Subject16,rest,0,Subject16_1.edf,102.0,106.0,182.0,False,4.0,2.0,4s_windows_50pct_overlap,unused,1968,False,False,False
Subject16|rest|Subject16_1.edf|104.000|108.000,Subject16,rest,0,Subject16_1.edf,104.0,108.0,182.0,False,4.0,2.0,4s_windows_50pct_overlap,unused,1969,False,False,False
Subject16|rest|Subject16_1.edf|106.000|110.000,Subject16,rest,0,Subject16_1.edf,106.0,110.0,182.0,False,4.0,2.0,4s_windows_50pct_overlap,unused,1970,False,False,False
Subject16|rest|Subject16_1.edf|108.000|112.000,Subject16,rest,0,Subject16_1.edf,108.0,112.0,182.0,False,4.0,2.0,4s_windows_50pct_overlap,unused,1971,False,False,False
Subject16|rest|Subject16_1.edf|110.000|114.000,Subject16,rest,0,Subject16_1.edf,110.0,114.0,182.0,False,4.0,2.0,4s_windows_50pct_overlap,unused,1972,False,False,False
Subject16|rest|Subject16_1.edf|112.000|116.000,Subject16,rest,0,Subject16_1.edf,112.0,116.0,182.0,False,4.0,2.0,4s_windows_50pct_overlap,unused,1973,False,False,False
Subject16|rest|Subject16_1.edf|114.000|118.000,Subject16,rest,0,Subject16_1.edf,114.0,118.0,182.0,False,4.0,2.0,4s_windows_50pct_overlap,unused,1974,False,False,False
Subject16|rest|Subject16_1.edf|116.000|120.000,Subject16,rest,0,Subject16_1.edf,116.0,120.0,182.0,False,4.0,2.0,4s_windows_50pct_overlap,unused,1975,False,False,False
Subject16|rest|Subject16_1.edf|118.000|122.000,Subject16,rest,0,Subject16_1.edf,118.0,122.0,182.0,False,4.0,2.0,4s_windows_50pct_overlap,unused,1976,False,False,False
Subject16|rest|Subject16_1.edf|120.000|124.000,Subject16,rest,0,Subject16_1.edf,120.0,124.0,182.0,False,4.0,2.0,4s_windows_50pct_overlap,unused,1977,False,False,False
Subject16|rest|Subject16_1.edf|122.000|126.000,Subject16,rest,0,Subject16_1.edf,122.0,126.0,182.0,False,4.0,2.0,4s_windows_50pct_overlap,unused,1978,False,False,False
Subject16|rest|Subject16_1.edf|124.000|128.000,Subject16,rest,0,Subject16_1.edf,124.0,128.0,182.0,False,4.0,2.0,4s_windows_50pct_overlap,unused,1979,False,False,False
Subject16|rest|Subject16_1.edf|126.000|130.000,Subject16,rest,0,Subject16_1.edf,126.0,130.0,182.0,False,4.0,2.0,4s_windows_50pct_overlap,unused,1980,False,False,False
Subject16|rest|Subject16_1.edf|128.000|132.000,Subject16,rest,0,Subject16_1.edf,128.0,132.0,182.0,False,4.0,2.0,4s_windows_50pct_overlap,unused,1981,False,False,False
Subject16|rest|Subject16_1.edf|130.000|134.000,Subject16,rest,0,Subject16_1.edf,130.0,134.0,182.0,False,4.0,2.0,4s_windows_50pct_overlap,unused,1982,False,False,False
Subject16|rest|Subject16_1.edf|132.000|136.000,Subject16,rest,0,Subject16_1.edf,132.0,136.0,182.0,False,4.0,2.0,4s_windows_50pct_overlap,unused,1983,False,False,False
Subject16|rest|Subject16_1.edf|134.000|138.000,Subject16,rest,0,Subject16_1.edf,134.0,138.0,182.0,False,4.0,2.0,4s_windows_50pct_overlap,unused,1984,False,False,False
Subject16|rest|Subject16_1.edf|136.000|140.000,Subject16,rest,0,Subject16_1.edf,136.0,140.0,182.0,False,4.0,2.0,4s_windows_50pct_overlap,unused,1985,False,False,False
Subject16|rest|Subject16_1.edf|138.000|142.000,Subject16,rest,0,Subject16_1.edf,138.0,142.0,182.0,False,4.0,2.0,4s_windows_50pct_overlap,unused,1986,False,False,False
Subject16|rest|Subject16_1.edf|140.000|144.000,Subject16,rest,0,Subject16_1.edf,140.0,144.0,182.0,False,4.0,2.0,4s_windows_50pct_overlap,unused,1987,False,False,False
Subject16|rest|Subject16_1.edf|142.000|146.000,Subject16,rest,0,Subject16_1.edf,142.0,146.0,182.0,False,4.0,2.0,4s_windows_50pct_overlap,unused,1988,False,False,False
Subject16|rest|Subject16_1.edf|144.000|148.000,Subject16,rest,0,Subject16_1.edf,144.0,148.0,182.0,False,4.0,2.0,4s_windows_50pct_overlap,unused,1989,False,False,False
Subject16|rest|Subject16_1.edf|146.000|150.000,Subject16,rest,0,Subject16_1.edf,146.0,150.0,182.0,False,4.0,2.0,4s_windows_50pct_overlap,unused,1990,False,False,False
Subject16|rest|Subject16_1.edf|148.000|152.000,Subject16,rest,0,Subject16_1.edf,148.0,152.0,182.0,False,4.0,2.0,4s_windows_50pct_overlap,unused,1991,False,False,False
Subject16|rest|Subject16_1.edf|150.000|154.000,Subject16,rest,0,Subject16_1.edf,150.0,154.0,182.0,False,4.0,2.0,4s_windows_50pct_overlap,unused,1992,False,False,False
Subject16|rest|Subject16_1.edf|152.000|156.000,Subject16,rest,0,Subject16_1.edf,152.0,156.0,182.0,False,4.0,2.0,4s_windows_50pct_overlap,unused,1993,False,False,False
Subject16|rest|Subject16_1.edf|154.000|158.000,Subject16,rest,0,Subject16_1.edf,154.0,158.0,182.0,False,4.0,2.0,4s_windows_50pct_overlap,unused,1994,False,False,False
Subject16|rest|Subject16_1.edf|156.000|160.000,Subject16,rest,0,Subject16_1.edf,156.0,160.0,182.0,False,4.0,2.0,4s_windows_50pct_overlap,unused,1995,False,False,False
Subject16|rest|Subject16_1.edf|158.000|162.000,Subject16,rest,0,Subject16_1.edf,158.0,162.0,182.0,False,4.0,2.0,4s_windows_50pct_overlap,unused,1996,False,False,False
Subject16|rest|Subject16_1.edf|160.000|164.000,Subject16,rest,0,Subject16_1.edf,160.0,164.0,182.0,False,4.0,2.0,4s_windows_50pct_overlap,unused,1997,False,False,False
Subject16|rest|Subject16_1.edf|162.000|166.000,Subject16,rest,0,Subject16_1.edf,162.0,166.0,182.0,False,4.0,2.0,4s_windows_50pct_overlap,unused,1998,False,False,False
Subject16|rest|Subject16_1.edf|164.000|168.000,Subject16,rest,0,Subject16_1.edf,164.0,168.0,182.0,False,4.0,2.0,4s_windows_50pct_overlap,unused,1999,False,False,False
Subject16|rest|Subject16_1.edf|166.000|170.000,Subject16,rest,0,Subject16_1.edf,166.0,170.0,182.0,False,4.0,2.0,4s_windows_50pct_overlap,unused,2000,False,False,False
Subject16|rest|Subject16_1.edf|168.000|172.000,Subject16,rest,0,Subject16_1.edf,168.0,172.0,182.0,False,4.0,2.0,4s_windows_50pct_overlap,unused,2001,False,False,False
Subject16|rest|Subject16_1.edf|170.000|174.000,Subject16,rest,0,Subject16_1.edf,170.0,174.0,182.0,False,4.0,2.0,4s_windows_50pct_overlap,unused,2002,False,False,False
Subject16|rest|Subject16_1.edf|172.000|176.000,Subject16,rest,0,Subject16_1.edf,172.0,176.0,182.0,False,4.0,2.0,4s_windows_50pct_overlap,unused,2003,False,False,False
Subject16|rest|Subject16_1.edf|174.000|178.000,Subject16,rest,0,Subject16_1.edf,174.0,178.0,182.0,False,4.0,2.0,4s_windows_50pct_overlap,unused,2004,False,False,False
Subject16|rest|Subject16_1.edf|176.000|180.000,Subject16,rest,0,Subject16_1.edf,176.0,180.0,182.0,False,4.0,2.0,4s_windows_50pct_overlap,unused,2005,False,False,False
Subject16|rest|Subject16_1.edf|178.000|182.000,Subject16,rest,0,Subject16_1.edf,178.0,182.0,182.0,False,4.0,2.0,4s_windows_50pct_overlap,unused,2006,False,False,False
Subject16|arithmetic|Subject16_2.edf|0.000|4.000,Subject16,arithmetic,1,Subject16_2.edf,0.0,4.0,62.0,False,4.0,2.0,4s_windows_50pct_overlap,scored_task,2007,False,True,False
Subject16|arithmetic|Subject16_2.edf|2.000|6.000,Subject16,arithmetic,1,Subject16_2.edf,2.0,6.0,62.0,False,4.0,2.0,4s_windows_50pct_overlap,scored_task,2008,False,True,False
Subject16|arithmetic|Subject16_2.edf|4.000|8.000,Subject16,arithmetic,1,Subject16_2.edf,4.0,8.0,62.0,False,4.0,2.0,4s_windows_50pct_overlap,scored_task,2009,False,True,False
Subject16|arithmetic|Subject16_2.edf|6.000|10.000,Subject16,arithmetic,1,Subject16_2.edf,6.0,10.0,62.0,False,4.0,2.0,4s_windows_50pct_overlap,scored_task,2010,False,True,False
Subject16|arithmetic|Subject16_2.edf|8.000|12.000,Subject16,arithmetic,1,Subject16_2.edf,8.0,12.0,62.0,False,4.0,2.0,4s_windows_50pct_overlap,scored_task,2011,False,True,False
Subject16|arithmetic|Subject16_2.edf|10.000|14.000,Subject16,arithmetic,1,Subject16_2.edf,10.0,14.0,62.0,False,4.0,2.0,4s_windows_50pct_overlap,scored_task,2012,False,True,False
Subject16|arithmetic|Subject16_2.edf|12.000|16.000,Subject16,arithmetic,1,Subject16_2.edf,12.0,16.0,62.0,False,4.0,2.0,4s_windows_50pct_overlap,scored_task,2013,False,True,False
Subject16|arithmetic|Subject16_2.edf|14.000|18.000,Subject16,arithmetic,1,Subject16_2.edf,14.0,18.0,62.0,False,4.0,2.0,4s_windows_50pct_overlap,scored_task,2014,False,True,False
Subject16|arithmetic|Subject16_2.edf|16.000|20.000,Subject16,arithmetic,1,Subject16_2.edf,16.0,20.0,62.0,False,4.0,2.0,4s_windows_50pct_overlap,scored_task,2015,False,True,False
Subject16|arithmetic|Subject16_2.edf|18.000|22.000,Subject16,arithmetic,1,Subject16_2.edf,18.0,22.0,62.0,False,4.0,2.0,4s_windows_50pct_overlap,scored_task,2016,False,True,False
Subject16|arithmetic|Subject16_2.edf|20.000|24.000,Subject16,arithmetic,1,Subject16_2.edf,20.0,24.0,62.0,False,4.0,2.0,4s_windows_50pct_overlap,scored_task,2017,False,True,False
Subject16|arithmetic|Subject16_2.edf|22.000|26.000,Subject16,arithmetic,1,Subject16_2.edf,22.0,26.0,62.0,False,4.0,2.0,4s_windows_50pct_overlap,scored_task,2018,False,True,False
Subject16|arithmetic|Subject16_2.edf|24.000|28.000,Subject16,arithmetic,1,Subject16_2.edf,24.0,28.0,62.0,False,4.0,2.0,4s_windows_50pct_overlap,scored_task,2019,False,True,False
Subject16|arithmetic|Subject16_2.edf|26.000|30.000,Subject16,arithmetic,1,Subject16_2.edf,26.0,30.0,62.0,False,4.0,2.0,4s_windows_50pct_overlap,scored_task,2020,False,True,False
Subject16|arithmetic|Subject16_2.edf|28.000|32.000,Subject16,arithmetic,1,Subject16_2.edf,28.0,32.0,62.0,False,4.0,2.0,4s_windows_50pct_overlap,unused,2021,False,False,False
Subject16|arithmetic|Subject16_2.edf|30.000|34.000,Subject16,arithmetic,1,Subject16_2.edf,30.0,34.0,62.0,False,4.0,2.0,4s_windows_50pct_overlap,unused,2022,False,False,False
Subject16|arithmetic|Subject16_2.edf|32.000|36.000,Subject16,arithmetic,1,Subject16_2.edf,32.0,36.0,62.0,False,4.0,2.0,4s_windows_50pct_overlap,unused,2023,False,False,False
Subject16|arithmetic|Subject16_2.edf|34.000|38.000,Subject16,arithmetic,1,Subject16_2.edf,34.0,38.0,62.0,False,4.0,2.0,4s_windows_50pct_overlap,unused,2024,False,False,False
Subject16|arithmetic|Subject16_2.edf|36.000|40.000,Subject16,arithmetic,1,Subject16_2.edf,36.0,40.0,62.0,False,4.0,2.0,4s_windows_50pct_overlap,unused,2025,False,False,False
Subject16|arithmetic|Subject16_2.edf|38.000|42.000,Subject16,arithmetic,1,Subject16_2.edf,38.0,42.0,62.0,False,4.0,2.0,4s_windows_50pct_overlap,unused,2026,False,False,False
Subject16|arithmetic|Subject16_2.edf|40.000|44.000,Subject16,arithmetic,1,Subject16_2.edf,40.0,44.0,62.0,False,4.0,2.0,4s_windows_50pct_overlap,unused,2027,False,False,False
Subject16|arithmetic|Subject16_2.edf|42.000|46.000,Subject16,arithmetic,1,Subject16_2.edf,42.0,46.0,62.0,False,4.0,2.0,4s_windows_50pct_overlap,unused,2028,False,False,False
Subject16|arithmetic|Subject16_2.edf|44.000|48.000,Subject16,arithmetic,1,Subject16_2.edf,44.0,48.0,62.0,False,4.0,2.0,4s_windows_50pct_overlap,unused,2029,False,False,False
Subject16|arithmetic|Subject16_2.edf|46.000|50.000,Subject16,arithmetic,1,Subject16_2.edf,46.0,50.0,62.0,False,4.0,2.0,4s_windows_50pct_overlap,unused,2030,False,False,False
Subject16|arithmetic|Subject16_2.edf|48.000|52.000,Subject16,arithmetic,1,Subject16_2.edf,48.0,52.0,62.0,False,4.0,2.0,4s_windows_50pct_overlap,unused,2031,False,False,False
Subject16|arithmetic|Subject16_2.edf|50.000|54.000,Subject16,arithmetic,1,Subject16_2.edf,50.0,54.0,62.0,False,4.0,2.0,4s_windows_50pct_overlap,unused,2032,False,False,False
Subject16|arithmetic|Subject16_2.edf|52.000|56.000,Subject16,arithmetic,1,Subject16_2.edf,52.0,56.0,62.0,False,4.0,2.0,4s_windows_50pct_overlap,unused,2033,False,False,False
Subject16|arithmetic|Subject16_2.edf|54.000|58.000,Subject16,arithmetic,1,Subject16_2.edf,54.0,58.0,62.0,False,4.0,2.0,4s_windows_50pct_overlap,unused,2034,False,False,False
Subject16|arithmetic|Subject16_2.edf|56.000|60.000,Subject16,arithmetic,1,Subject16_2.edf,56.0,60.0,62.0,False,4.0,2.0,4s_windows_50pct_overlap,unused,2035,False,False,False
Subject16|arithmetic|Subject16_2.edf|58.000|62.000,Subject16,arithmetic,1,Subject16_2.edf,58.0,62.0,62.0,False,4.0,2.0,4s_windows_50pct_overlap,unused,2036,False,False,False
Subject17|rest|Subject17_1.edf|0.000|4.000,Subject17,rest,0,Subject17_1.edf,0.0,4.0,182.0,False,4.0,2.0,4s_windows_50pct_overlap,calibration,2037,True,False,False
Subject17|rest|Subject17_1.edf|2.000|6.000,Subject17,rest,0,Subject17_1.edf,2.0,6.0,182.0,False,4.0,2.0,4s_windows_50pct_overlap,calibration,2038,True,False,False
Subject17|rest|Subject17_1.edf|4.000|8.000,Subject17,rest,0,Subject17_1.edf,4.0,8.0,182.0,False,4.0,2.0,4s_windows_50pct_overlap,calibration,2039,True,False,False
Subject17|rest|Subject17_1.edf|6.000|10.000,Subject17,rest,0,Subject17_1.edf,6.0,10.0,182.0,False,4.0,2.0,4s_windows_50pct_overlap,calibration,2040,True,False,False
Subject17|rest|Subject17_1.edf|8.000|12.000,Subject17,rest,0,Subject17_1.edf,8.0,12.0,182.0,False,4.0,2.0,4s_windows_50pct_overlap,calibration,2041,True,False,False
Subject17|rest|Subject17_1.edf|10.000|14.000,Subject17,rest,0,Subject17_1.edf,10.0,14.0,182.0,False,4.0,2.0,4s_windows_50pct_overlap,calibration,2042,True,False,False
Subject17|rest|Subject17_1.edf|12.000|16.000,Subject17,rest,0,Subject17_1.edf,12.0,16.0,182.0,False,4.0,2.0,4s_windows_50pct_overlap,calibration,2043,True,False,False
Subject17|rest|Subject17_1.edf|14.000|18.000,Subject17,rest,0,Subject17_1.edf,14.0,18.0,182.0,False,4.0,2.0,4s_windows_50pct_overlap,calibration,2044,True,False,False
Subject17|rest|Subject17_1.edf|16.000|20.000,Subject17,rest,0,Subject17_1.edf,16.0,20.0,182.0,False,4.0,2.0,4s_windows_50pct_overlap,calibration,2045,True,False,False
Subject17|rest|Subject17_1.edf|18.000|22.000,Subject17,rest,0,Subject17_1.edf,18.0,22.0,182.0,False,4.0,2.0,4s_windows_50pct_overlap,calibration,2046,True,False,False
Subject17|rest|Subject17_1.edf|20.000|24.000,Subject17,rest,0,Subject17_1.edf,20.0,24.0,182.0,False,4.0,2.0,4s_windows_50pct_overlap,calibration,2047,True,False,False
Subject17|rest|Subject17_1.edf|22.000|26.000,Subject17,rest,0,Subject17_1.edf,22.0,26.0,182.0,False,4.0,2.0,4s_windows_50pct_overlap,calibration,2048,True,False,False
Subject17|rest|Subject17_1.edf|24.000|28.000,Subject17,rest,0,Subject17_1.edf,24.0,28.0,182.0,False,4.0,2.0,4s_windows_50pct_overlap,calibration,2049,True,False,False
Subject17|rest|Subject17_1.edf|26.000|30.000,Subject17,rest,0,Subject17_1.edf,26.0,30.0,182.0,False,4.0,2.0,4s_windows_50pct_overlap,calibration,2050,True,False,False
Subject17|rest|Subject17_1.edf|28.000|32.000,Subject17,rest,0,Subject17_1.edf,28.0,32.0,182.0,False,4.0,2.0,4s_windows_50pct_overlap,unused,2051,False,False,False
Subject17|rest|Subject17_1.edf|30.000|34.000,Subject17,rest,0,Subject17_1.edf,30.0,34.0,182.0,False,4.0,2.0,4s_windows_50pct_overlap,scored_rest,2052,False,True,False
Subject17|rest|Subject17_1.edf|32.000|36.000,Subject17,rest,0,Subject17_1.edf,32.0,36.0,182.0,False,4.0,2.0,4s_windows_50pct_overlap,scored_rest,2053,False,True,False
Subject17|rest|Subject17_1.edf|34.000|38.000,Subject17,rest,0,Subject17_1.edf,34.0,38.0,182.0,False,4.0,2.0,4s_windows_50pct_overlap,scored_rest,2054,False,True,False
Subject17|rest|Subject17_1.edf|36.000|40.000,Subject17,rest,0,Subject17_1.edf,36.0,40.0,182.0,False,4.0,2.0,4s_windows_50pct_overlap,scored_rest,2055,False,True,False
Subject17|rest|Subject17_1.edf|38.000|42.000,Subject17,rest,0,Subject17_1.edf,38.0,42.0,182.0,False,4.0,2.0,4s_windows_50pct_overlap,scored_rest,2056,False,True,False
Subject17|rest|Subject17_1.edf|40.000|44.000,Subject17,rest,0,Subject17_1.edf,40.0,44.0,182.0,False,4.0,2.0,4s_windows_50pct_overlap,scored_rest,2057,False,True,False
Subject17|rest|Subject17_1.edf|42.000|46.000,Subject17,rest,0,Subject17_1.edf,42.0,46.0,182.0,False,4.0,2.0,4s_windows_50pct_overlap,scored_rest,2058,False,True,False
Subject17|rest|Subject17_1.edf|44.000|48.000,Subject17,rest,0,Subject17_1.edf,44.0,48.0,182.0,False,4.0,2.0,4s_windows_50pct_overlap,scored_rest,2059,False,True,False
Subject17|rest|Subject17_1.edf|46.000|50.000,Subject17,rest,0,Subject17_1.edf,46.0,50.0,182.0,False,4.0,2.0,4s_windows_50pct_overlap,scored_rest,2060,False,True,False
Subject17|rest|Subject17_1.edf|48.000|52.000,Subject17,rest,0,Subject17_1.edf,48.0,52.0,182.0,False,4.0,2.0,4s_windows_50pct_overlap,scored_rest,2061,False,True,False
Subject17|rest|Subject17_1.edf|50.000|54.000,Subject17,rest,0,Subject17_1.edf,50.0,54.0,182.0,False,4.0,2.0,4s_windows_50pct_overlap,scored_rest,2062,False,True,False
Subject17|rest|Subject17_1.edf|52.000|56.000,Subject17,rest,0,Subject17_1.edf,52.0,56.0,182.0,False,4.0,2.0,4s_windows_50pct_overlap,scored_rest,2063,False,True,False
Subject17|rest|Subject17_1.edf|54.000|58.000,Subject17,rest,0,Subject17_1.edf,54.0,58.0,182.0,False,4.0,2.0,4s_windows_50pct_overlap,scored_rest,2064,False,True,False
Subject17|rest|Subject17_1.edf|56.000|60.000,Subject17,rest,0,Subject17_1.edf,56.0,60.0,182.0,False,4.0,2.0,4s_windows_50pct_overlap,scored_rest,2065,False,True,False
Subject17|rest|Subject17_1.edf|58.000|62.000,Subject17,rest,0,Subject17_1.edf,58.0,62.0,182.0,False,4.0,2.0,4s_windows_50pct_overlap,unused,2066,False,False,False
Subject17|rest|Subject17_1.edf|60.000|64.000,Subject17,rest,0,Subject17_1.edf,60.0,64.0,182.0,False,4.0,2.0,4s_windows_50pct_overlap,unused,2067,False,False,False
Subject17|rest|Subject17_1.edf|62.000|66.000,Subject17,rest,0,Subject17_1.edf,62.0,66.0,182.0,False,4.0,2.0,4s_windows_50pct_overlap,unused,2068,False,False,False
Subject17|rest|Subject17_1.edf|64.000|68.000,Subject17,rest,0,Subject17_1.edf,64.0,68.0,182.0,False,4.0,2.0,4s_windows_50pct_overlap,unused,2069,False,False,False
Subject17|rest|Subject17_1.edf|66.000|70.000,Subject17,rest,0,Subject17_1.edf,66.0,70.0,182.0,False,4.0,2.0,4s_windows_50pct_overlap,unused,2070,False,False,False
Subject17|rest|Subject17_1.edf|68.000|72.000,Subject17,rest,0,Subject17_1.edf,68.0,72.0,182.0,False,4.0,2.0,4s_windows_50pct_overlap,unused,2071,False,False,False
Subject17|rest|Subject17_1.edf|70.000|74.000,Subject17,rest,0,Subject17_1.edf,70.0,74.0,182.0,False,4.0,2.0,4s_windows_50pct_overlap,unused,2072,False,False,False
Subject17|rest|Subject17_1.edf|72.000|76.000,Subject17,rest,0,Subject17_1.edf,72.0,76.0,182.0,False,4.0,2.0,4s_windows_50pct_overlap,unused,2073,False,False,False
Subject17|rest|Subject17_1.edf|74.000|78.000,Subject17,rest,0,Subject17_1.edf,74.0,78.0,182.0,False,4.0,2.0,4s_windows_50pct_overlap,unused,2074,False,False,False
Subject17|rest|Subject17_1.edf|76.000|80.000,Subject17,rest,0,Subject17_1.edf,76.0,80.0,182.0,False,4.0,2.0,4s_windows_50pct_overlap,unused,2075,False,False,False
Subject17|rest|Subject17_1.edf|78.000|82.000,Subject17,rest,0,Subject17_1.edf,78.0,82.0,182.0,False,4.0,2.0,4s_windows_50pct_overlap,unused,2076,False,False,False
Subject17|rest|Subject17_1.edf|80.000|84.000,Subject17,rest,0,Subject17_1.edf,80.0,84.0,182.0,False,4.0,2.0,4s_windows_50pct_overlap,unused,2077,False,False,False
Subject17|rest|Subject17_1.edf|82.000|86.000,Subject17,rest,0,Subject17_1.edf,82.0,86.0,182.0,False,4.0,2.0,4s_windows_50pct_overlap,unused,2078,False,False,False
Subject17|rest|Subject17_1.edf|84.000|88.000,Subject17,rest,0,Subject17_1.edf,84.0,88.0,182.0,False,4.0,2.0,4s_windows_50pct_overlap,unused,2079,False,False,False
Subject17|rest|Subject17_1.edf|86.000|90.000,Subject17,rest,0,Subject17_1.edf,86.0,90.0,182.0,False,4.0,2.0,4s_windows_50pct_overlap,unused,2080,False,False,False
Subject17|rest|Subject17_1.edf|88.000|92.000,Subject17,rest,0,Subject17_1.edf,88.0,92.0,182.0,False,4.0,2.0,4s_windows_50pct_overlap,unused,2081,False,False,False
Subject17|rest|Subject17_1.edf|90.000|94.000,Subject17,rest,0,Subject17_1.edf,90.0,94.0,182.0,False,4.0,2.0,4s_windows_50pct_overlap,unused,2082,False,False,False
Subject17|rest|Subject17_1.edf|92.000|96.000,Subject17,rest,0,Subject17_1.edf,92.0,96.0,182.0,False,4.0,2.0,4s_windows_50pct_overlap,unused,2083,False,False,False
Subject17|rest|Subject17_1.edf|94.000|98.000,Subject17,rest,0,Subject17_1.edf,94.0,98.0,182.0,False,4.0,2.0,4s_windows_50pct_overlap,unused,2084,False,False,False
Subject17|rest|Subject17_1.edf|96.000|100.000,Subject17,rest,0,Subject17_1.edf,96.0,100.0,182.0,False,4.0,2.0,4s_windows_50pct_overlap,unused,2085,False,False,False
Subject17|rest|Subject17_1.edf|98.000|102.000,Subject17,rest,0,Subject17_1.edf,98.0,102.0,182.0,False,4.0,2.0,4s_windows_50pct_overlap,unused,2086,False,False,False
Subject17|rest|Subject17_1.edf|100.000|104.000,Subject17,rest,0,Subject17_1.edf,100.0,104.0,182.0,False,4.0,2.0,4s_windows_50pct_overlap,unused,2087,False,False,False
Subject17|rest|Subject17_1.edf|102.000|106.000,Subject17,rest,0,Subject17_1.edf,102.0,106.0,182.0,False,4.0,2.0,4s_windows_50pct_overlap,unused,2088,False,False,False
Subject17|rest|Subject17_1.edf|104.000|108.000,Subject17,rest,0,Subject17_1.edf,104.0,108.0,182.0,False,4.0,2.0,4s_windows_50pct_overlap,unused,2089,False,False,False
Subject17|rest|Subject17_1.edf|106.000|110.000,Subject17,rest,0,Subject17_1.edf,106.0,110.0,182.0,False,4.0,2.0,4s_windows_50pct_overlap,unused,2090,False,False,False
Subject17|rest|Subject17_1.edf|108.000|112.000,Subject17,rest,0,Subject17_1.edf,108.0,112.0,182.0,False,4.0,2.0,4s_windows_50pct_overlap,unused,2091,False,False,False
Subject17|rest|Subject17_1.edf|110.000|114.000,Subject17,rest,0,Subject17_1.edf,110.0,114.0,182.0,False,4.0,2.0,4s_windows_50pct_overlap,unused,2092,False,False,False
Subject17|rest|Subject17_1.edf|112.000|116.000,Subject17,rest,0,Subject17_1.edf,112.0,116.0,182.0,False,4.0,2.0,4s_windows_50pct_overlap,unused,2093,False,False,False
Subject17|rest|Subject17_1.edf|114.000|118.000,Subject17,rest,0,Subject17_1.edf,114.0,118.0,182.0,False,4.0,2.0,4s_windows_50pct_overlap,unused,2094,False,False,False
Subject17|rest|Subject17_1.edf|116.000|120.000,Subject17,rest,0,Subject17_1.edf,116.0,120.0,182.0,False,4.0,2.0,4s_windows_50pct_overlap,unused,2095,False,False,False
Subject17|rest|Subject17_1.edf|118.000|122.000,Subject17,rest,0,Subject17_1.edf,118.0,122.0,182.0,False,4.0,2.0,4s_windows_50pct_overlap,unused,2096,False,False,False
Subject17|rest|Subject17_1.edf|120.000|124.000,Subject17,rest,0,Subject17_1.edf,120.0,124.0,182.0,False,4.0,2.0,4s_windows_50pct_overlap,unused,2097,False,False,False
Subject17|rest|Subject17_1.edf|122.000|126.000,Subject17,rest,0,Subject17_1.edf,122.0,126.0,182.0,False,4.0,2.0,4s_windows_50pct_overlap,unused,2098,False,False,False
Subject17|rest|Subject17_1.edf|124.000|128.000,Subject17,rest,0,Subject17_1.edf,124.0,128.0,182.0,False,4.0,2.0,4s_windows_50pct_overlap,unused,2099,False,False,False
Subject17|rest|Subject17_1.edf|126.000|130.000,Subject17,rest,0,Subject17_1.edf,126.0,130.0,182.0,False,4.0,2.0,4s_windows_50pct_overlap,unused,2100,False,False,False
Subject17|rest|Subject17_1.edf|128.000|132.000,Subject17,rest,0,Subject17_1.edf,128.0,132.0,182.0,False,4.0,2.0,4s_windows_50pct_overlap,unused,2101,False,False,False
Subject17|rest|Subject17_1.edf|130.000|134.000,Subject17,rest,0,Subject17_1.edf,130.0,134.0,182.0,False,4.0,2.0,4s_windows_50pct_overlap,unused,2102,False,False,False
Subject17|rest|Subject17_1.edf|132.000|136.000,Subject17,rest,0,Subject17_1.edf,132.0,136.0,182.0,False,4.0,2.0,4s_windows_50pct_overlap,unused,2103,False,False,False
Subject17|rest|Subject17_1.edf|134.000|138.000,Subject17,rest,0,Subject17_1.edf,134.0,138.0,182.0,False,4.0,2.0,4s_windows_50pct_overlap,unused,2104,False,False,False
Subject17|rest|Subject17_1.edf|136.000|140.000,Subject17,rest,0,Subject17_1.edf,136.0,140.0,182.0,False,4.0,2.0,4s_windows_50pct_overlap,unused,2105,False,False,False
Subject17|rest|Subject17_1.edf|138.000|142.000,Subject17,rest,0,Subject17_1.edf,138.0,142.0,182.0,False,4.0,2.0,4s_windows_50pct_overlap,unused,2106,False,False,False
Subject17|rest|Subject17_1.edf|140.000|144.000,Subject17,rest,0,Subject17_1.edf,140.0,144.0,182.0,False,4.0,2.0,4s_windows_50pct_overlap,unused,2107,False,False,False
Subject17|rest|Subject17_1.edf|142.000|146.000,Subject17,rest,0,Subject17_1.edf,142.0,146.0,182.0,False,4.0,2.0,4s_windows_50pct_overlap,unused,2108,False,False,False
Subject17|rest|Subject17_1.edf|144.000|148.000,Subject17,rest,0,Subject17_1.edf,144.0,148.0,182.0,False,4.0,2.0,4s_windows_50pct_overlap,unused,2109,False,False,False
Subject17|rest|Subject17_1.edf|146.000|150.000,Subject17,rest,0,Subject17_1.edf,146.0,150.0,182.0,False,4.0,2.0,4s_windows_50pct_overlap,unused,2110,False,False,False
Subject17|rest|Subject17_1.edf|148.000|152.000,Subject17,rest,0,Subject17_1.edf,148.0,152.0,182.0,False,4.0,2.0,4s_windows_50pct_overlap,unused,2111,False,False,False
Subject17|rest|Subject17_1.edf|150.000|154.000,Subject17,rest,0,Subject17_1.edf,150.0,154.0,182.0,False,4.0,2.0,4s_windows_50pct_overlap,unused,2112,False,False,False
Subject17|rest|Subject17_1.edf|152.000|156.000,Subject17,rest,0,Subject17_1.edf,152.0,156.0,182.0,False,4.0,2.0,4s_windows_50pct_overlap,unused,2113,False,False,False
Subject17|rest|Subject17_1.edf|154.000|158.000,Subject17,rest,0,Subject17_1.edf,154.0,158.0,182.0,False,4.0,2.0,4s_windows_50pct_overlap,unused,2114,False,False,False
Subject17|rest|Subject17_1.edf|156.000|160.000,Subject17,rest,0,Subject17_1.edf,156.0,160.0,182.0,False,4.0,2.0,4s_windows_50pct_overlap,unused,2115,False,False,False
Subject17|rest|Subject17_1.edf|158.000|162.000,Subject17,rest,0,Subject17_1.edf,158.0,162.0,182.0,False,4.0,2.0,4s_windows_50pct_overlap,unused,2116,False,False,False
Subject17|rest|Subject17_1.edf|160.000|164.000,Subject17,rest,0,Subject17_1.edf,160.0,164.0,182.0,False,4.0,2.0,4s_windows_50pct_overlap,unused,2117,False,False,False
Subject17|rest|Subject17_1.edf|162.000|166.000,Subject17,rest,0,Subject17_1.edf,162.0,166.0,182.0,False,4.0,2.0,4s_windows_50pct_overlap,unused,2118,False,False,False
Subject17|rest|Subject17_1.edf|164.000|168.000,Subject17,rest,0,Subject17_1.edf,164.0,168.0,182.0,False,4.0,2.0,4s_windows_50pct_overlap,unused,2119,False,False,False
Subject17|rest|Subject17_1.edf|166.000|170.000,Subject17,rest,0,Subject17_1.edf,166.0,170.0,182.0,False,4.0,2.0,4s_windows_50pct_overlap,unused,2120,False,False,False
Subject17|rest|Subject17_1.edf|168.000|172.000,Subject17,rest,0,Subject17_1.edf,168.0,172.0,182.0,False,4.0,2.0,4s_windows_50pct_overlap,unused,2121,False,False,False
Subject17|rest|Subject17_1.edf|170.000|174.000,Subject17,rest,0,Subject17_1.edf,170.0,174.0,182.0,False,4.0,2.0,4s_windows_50pct_overlap,unused,2122,False,False,False
Subject17|rest|Subject17_1.edf|172.000|176.000,Subject17,rest,0,Subject17_1.edf,172.0,176.0,182.0,False,4.0,2.0,4s_windows_50pct_overlap,unused,2123,False,False,False
Subject17|rest|Subject17_1.edf|174.000|178.000,Subject17,rest,0,Subject17_1.edf,174.0,178.0,182.0,False,4.0,2.0,4s_windows_50pct_overlap,unused,2124,False,False,False
Subject17|rest|Subject17_1.edf|176.000|180.000,Subject17,rest,0,Subject17_1.edf,176.0,180.0,182.0,False,4.0,2.0,4s_windows_50pct_overlap,unused,2125,False,False,False
Subject17|rest|Subject17_1.edf|178.000|182.000,Subject17,rest,0,Subject17_1.edf,178.0,182.0,182.0,False,4.0,2.0,4s_windows_50pct_overlap,unused,2126,False,False,False
Subject17|arithmetic|Subject17_2.edf|0.000|4.000,Subject17,arithmetic,1,Subject17_2.edf,0.0,4.0,62.0,False,4.0,2.0,4s_windows_50pct_overlap,scored_task,2127,False,True,False
Subject17|arithmetic|Subject17_2.edf|2.000|6.000,Subject17,arithmetic,1,Subject17_2.edf,2.0,6.0,62.0,False,4.0,2.0,4s_windows_50pct_overlap,scored_task,2128,False,True,False
Subject17|arithmetic|Subject17_2.edf|4.000|8.000,Subject17,arithmetic,1,Subject17_2.edf,4.0,8.0,62.0,False,4.0,2.0,4s_windows_50pct_overlap,scored_task,2129,False,True,False
Subject17|arithmetic|Subject17_2.edf|6.000|10.000,Subject17,arithmetic,1,Subject17_2.edf,6.0,10.0,62.0,False,4.0,2.0,4s_windows_50pct_overlap,scored_task,2130,False,True,False
Subject17|arithmetic|Subject17_2.edf|8.000|12.000,Subject17,arithmetic,1,Subject17_2.edf,8.0,12.0,62.0,False,4.0,2.0,4s_windows_50pct_overlap,scored_task,2131,False,True,False
Subject17|arithmetic|Subject17_2.edf|10.000|14.000,Subject17,arithmetic,1,Subject17_2.edf,10.0,14.0,62.0,False,4.0,2.0,4s_windows_50pct_overlap,scored_task,2132,False,True,False
Subject17|arithmetic|Subject17_2.edf|12.000|16.000,Subject17,arithmetic,1,Subject17_2.edf,12.0,16.0,62.0,False,4.0,2.0,4s_windows_50pct_overlap,scored_task,2133,False,True,False
Subject17|arithmetic|Subject17_2.edf|14.000|18.000,Subject17,arithmetic,1,Subject17_2.edf,14.0,18.0,62.0,False,4.0,2.0,4s_windows_50pct_overlap,scored_task,2134,False,True,False
Subject17|arithmetic|Subject17_2.edf|16.000|20.000,Subject17,arithmetic,1,Subject17_2.edf,16.0,20.0,62.0,False,4.0,2.0,4s_windows_50pct_overlap,scored_task,2135,False,True,False
Subject17|arithmetic|Subject17_2.edf|18.000|22.000,Subject17,arithmetic,1,Subject17_2.edf,18.0,22.0,62.0,False,4.0,2.0,4s_windows_50pct_overlap,scored_task,2136,False,True,False
Subject17|arithmetic|Subject17_2.edf|20.000|24.000,Subject17,arithmetic,1,Subject17_2.edf,20.0,24.0,62.0,False,4.0,2.0,4s_windows_50pct_overlap,scored_task,2137,False,True,False
Subject17|arithmetic|Subject17_2.edf|22.000|26.000,Subject17,arithmetic,1,Subject17_2.edf,22.0,26.0,62.0,False,4.0,2.0,4s_windows_50pct_overlap,scored_task,2138,False,True,False
Subject17|arithmetic|Subject17_2.edf|24.000|28.000,Subject17,arithmetic,1,Subject17_2.edf,24.0,28.0,62.0,False,4.0,2.0,4s_windows_50pct_overlap,scored_task,2139,False,True,False
Subject17|arithmetic|Subject17_2.edf|26.000|30.000,Subject17,arithmetic,1,Subject17_2.edf,26.0,30.0,62.0,False,4.0,2.0,4s_windows_50pct_overlap,scored_task,2140,False,True,False
Subject17|arithmetic|Subject17_2.edf|28.000|32.000,Subject17,arithmetic,1,Subject17_2.edf,28.0,32.0,62.0,False,4.0,2.0,4s_windows_50pct_overlap,unused,2141,False,False,False
Subject17|arithmetic|Subject17_2.edf|30.000|34.000,Subject17,arithmetic,1,Subject17_2.edf,30.0,34.0,62.0,False,4.0,2.0,4s_windows_50pct_overlap,unused,2142,False,False,False
Subject17|arithmetic|Subject17_2.edf|32.000|36.000,Subject17,arithmetic,1,Subject17_2.edf,32.0,36.0,62.0,False,4.0,2.0,4s_windows_50pct_overlap,unused,2143,False,False,False
Subject17|arithmetic|Subject17_2.edf|34.000|38.000,Subject17,arithmetic,1,Subject17_2.edf,34.0,38.0,62.0,False,4.0,2.0,4s_windows_50pct_overlap,unused,2144,False,False,False
Subject17|arithmetic|Subject17_2.edf|36.000|40.000,Subject17,arithmetic,1,Subject17_2.edf,36.0,40.0,62.0,False,4.0,2.0,4s_windows_50pct_overlap,unused,2145,False,False,False
Subject17|arithmetic|Subject17_2.edf|38.000|42.000,Subject17,arithmetic,1,Subject17_2.edf,38.0,42.0,62.0,False,4.0,2.0,4s_windows_50pct_overlap,unused,2146,False,False,False
Subject17|arithmetic|Subject17_2.edf|40.000|44.000,Subject17,arithmetic,1,Subject17_2.edf,40.0,44.0,62.0,False,4.0,2.0,4s_windows_50pct_overlap,unused,2147,False,False,False
Subject17|arithmetic|Subject17_2.edf|42.000|46.000,Subject17,arithmetic,1,Subject17_2.edf,42.0,46.0,62.0,False,4.0,2.0,4s_windows_50pct_overlap,unused,2148,False,False,False
Subject17|arithmetic|Subject17_2.edf|44.000|48.000,Subject17,arithmetic,1,Subject17_2.edf,44.0,48.0,62.0,False,4.0,2.0,4s_windows_50pct_overlap,unused,2149,False,False,False
Subject17|arithmetic|Subject17_2.edf|46.000|50.000,Subject17,arithmetic,1,Subject17_2.edf,46.0,50.0,62.0,False,4.0,2.0,4s_windows_50pct_overlap,unused,2150,False,False,False
Subject17|arithmetic|Subject17_2.edf|48.000|52.000,Subject17,arithmetic,1,Subject17_2.edf,48.0,52.0,62.0,False,4.0,2.0,4s_windows_50pct_overlap,unused,2151,False,False,False
Subject17|arithmetic|Subject17_2.edf|50.000|54.000,Subject17,arithmetic,1,Subject17_2.edf,50.0,54.0,62.0,False,4.0,2.0,4s_windows_50pct_overlap,unused,2152,False,False,False
Subject17|arithmetic|Subject17_2.edf|52.000|56.000,Subject17,arithmetic,1,Subject17_2.edf,52.0,56.0,62.0,False,4.0,2.0,4s_windows_50pct_overlap,unused,2153,False,False,False
Subject17|arithmetic|Subject17_2.edf|54.000|58.000,Subject17,arithmetic,1,Subject17_2.edf,54.0,58.0,62.0,False,4.0,2.0,4s_windows_50pct_overlap,unused,2154,False,False,False
Subject17|arithmetic|Subject17_2.edf|56.000|60.000,Subject17,arithmetic,1,Subject17_2.edf,56.0,60.0,62.0,False,4.0,2.0,4s_windows_50pct_overlap,unused,2155,False,False,False
Subject17|arithmetic|Subject17_2.edf|58.000|62.000,Subject17,arithmetic,1,Subject17_2.edf,58.0,62.0,62.0,False,4.0,2.0,4s_windows_50pct_overlap,unused,2156,False,False,False
Subject18|rest|Subject18_1.edf|0.000|4.000,Subject18,rest,0,Subject18_1.edf,0.0,4.0,182.0,False,4.0,2.0,4s_windows_50pct_overlap,calibration,2157,True,False,False
Subject18|rest|Subject18_1.edf|2.000|6.000,Subject18,rest,0,Subject18_1.edf,2.0,6.0,182.0,False,4.0,2.0,4s_windows_50pct_overlap,calibration,2158,True,False,False
Subject18|rest|Subject18_1.edf|4.000|8.000,Subject18,rest,0,Subject18_1.edf,4.0,8.0,182.0,False,4.0,2.0,4s_windows_50pct_overlap,calibration,2159,True,False,False
Subject18|rest|Subject18_1.edf|6.000|10.000,Subject18,rest,0,Subject18_1.edf,6.0,10.0,182.0,False,4.0,2.0,4s_windows_50pct_overlap,calibration,2160,True,False,False
Subject18|rest|Subject18_1.edf|8.000|12.000,Subject18,rest,0,Subject18_1.edf,8.0,12.0,182.0,False,4.0,2.0,4s_windows_50pct_overlap,calibration,2161,True,False,False
Subject18|rest|Subject18_1.edf|10.000|14.000,Subject18,rest,0,Subject18_1.edf,10.0,14.0,182.0,False,4.0,2.0,4s_windows_50pct_overlap,calibration,2162,True,False,False
Subject18|rest|Subject18_1.edf|12.000|16.000,Subject18,rest,0,Subject18_1.edf,12.0,16.0,182.0,False,4.0,2.0,4s_windows_50pct_overlap,calibration,2163,True,False,False
Subject18|rest|Subject18_1.edf|14.000|18.000,Subject18,rest,0,Subject18_1.edf,14.0,18.0,182.0,False,4.0,2.0,4s_windows_50pct_overlap,calibration,2164,True,False,False
Subject18|rest|Subject18_1.edf|16.000|20.000,Subject18,rest,0,Subject18_1.edf,16.0,20.0,182.0,False,4.0,2.0,4s_windows_50pct_overlap,calibration,2165,True,False,False
Subject18|rest|Subject18_1.edf|18.000|22.000,Subject18,rest,0,Subject18_1.edf,18.0,22.0,182.0,False,4.0,2.0,4s_windows_50pct_overlap,calibration,2166,True,False,False
Subject18|rest|Subject18_1.edf|20.000|24.000,Subject18,rest,0,Subject18_1.edf,20.0,24.0,182.0,False,4.0,2.0,4s_windows_50pct_overlap,calibration,2167,True,False,False
Subject18|rest|Subject18_1.edf|22.000|26.000,Subject18,rest,0,Subject18_1.edf,22.0,26.0,182.0,False,4.0,2.0,4s_windows_50pct_overlap,calibration,2168,True,False,False
Subject18|rest|Subject18_1.edf|24.000|28.000,Subject18,rest,0,Subject18_1.edf,24.0,28.0,182.0,False,4.0,2.0,4s_windows_50pct_overlap,calibration,2169,True,False,False
Subject18|rest|Subject18_1.edf|26.000|30.000,Subject18,rest,0,Subject18_1.edf,26.0,30.0,182.0,False,4.0,2.0,4s_windows_50pct_overlap,calibration,2170,True,False,False
Subject18|rest|Subject18_1.edf|28.000|32.000,Subject18,rest,0,Subject18_1.edf,28.0,32.0,182.0,False,4.0,2.0,4s_windows_50pct_overlap,unused,2171,False,False,False
Subject18|rest|Subject18_1.edf|30.000|34.000,Subject18,rest,0,Subject18_1.edf,30.0,34.0,182.0,False,4.0,2.0,4s_windows_50pct_overlap,scored_rest,2172,False,True,False
Subject18|rest|Subject18_1.edf|32.000|36.000,Subject18,rest,0,Subject18_1.edf,32.0,36.0,182.0,False,4.0,2.0,4s_windows_50pct_overlap,scored_rest,2173,False,True,False
Subject18|rest|Subject18_1.edf|34.000|38.000,Subject18,rest,0,Subject18_1.edf,34.0,38.0,182.0,False,4.0,2.0,4s_windows_50pct_overlap,scored_rest,2174,False,True,False
Subject18|rest|Subject18_1.edf|36.000|40.000,Subject18,rest,0,Subject18_1.edf,36.0,40.0,182.0,False,4.0,2.0,4s_windows_50pct_overlap,scored_rest,2175,False,True,False
Subject18|rest|Subject18_1.edf|38.000|42.000,Subject18,rest,0,Subject18_1.edf,38.0,42.0,182.0,False,4.0,2.0,4s_windows_50pct_overlap,scored_rest,2176,False,True,False
Subject18|rest|Subject18_1.edf|40.000|44.000,Subject18,rest,0,Subject18_1.edf,40.0,44.0,182.0,False,4.0,2.0,4s_windows_50pct_overlap,scored_rest,2177,False,True,False
Subject18|rest|Subject18_1.edf|42.000|46.000,Subject18,rest,0,Subject18_1.edf,42.0,46.0,182.0,False,4.0,2.0,4s_windows_50pct_overlap,scored_rest,2178,False,True,False
Subject18|rest|Subject18_1.edf|44.000|48.000,Subject18,rest,0,Subject18_1.edf,44.0,48.0,182.0,False,4.0,2.0,4s_windows_50pct_overlap,scored_rest,2179,False,True,False
Subject18|rest|Subject18_1.edf|46.000|50.000,Subject18,rest,0,Subject18_1.edf,46.0,50.0,182.0,False,4.0,2.0,4s_windows_50pct_overlap,scored_rest,2180,False,True,False
Subject18|rest|Subject18_1.edf|48.000|52.000,Subject18,rest,0,Subject18_1.edf,48.0,52.0,182.0,False,4.0,2.0,4s_windows_50pct_overlap,scored_rest,2181,False,True,False
Subject18|rest|Subject18_1.edf|50.000|54.000,Subject18,rest,0,Subject18_1.edf,50.0,54.0,182.0,False,4.0,2.0,4s_windows_50pct_overlap,scored_rest,2182,False,True,False
Subject18|rest|Subject18_1.edf|52.000|56.000,Subject18,rest,0,Subject18_1.edf,52.0,56.0,182.0,False,4.0,2.0,4s_windows_50pct_overlap,scored_rest,2183,False,True,False
Subject18|rest|Subject18_1.edf|54.000|58.000,Subject18,rest,0,Subject18_1.edf,54.0,58.0,182.0,False,4.0,2.0,4s_windows_50pct_overlap,scored_rest,2184,False,True,False
Subject18|rest|Subject18_1.edf|56.000|60.000,Subject18,rest,0,Subject18_1.edf,56.0,60.0,182.0,False,4.0,2.0,4s_windows_50pct_overlap,scored_rest,2185,False,True,False
Subject18|rest|Subject18_1.edf|58.000|62.000,Subject18,rest,0,Subject18_1.edf,58.0,62.0,182.0,False,4.0,2.0,4s_windows_50pct_overlap,unused,2186,False,False,False
Subject18|rest|Subject18_1.edf|60.000|64.000,Subject18,rest,0,Subject18_1.edf,60.0,64.0,182.0,False,4.0,2.0,4s_windows_50pct_overlap,unused,2187,False,False,False
Subject18|rest|Subject18_1.edf|62.000|66.000,Subject18,rest,0,Subject18_1.edf,62.0,66.0,182.0,False,4.0,2.0,4s_windows_50pct_overlap,unused,2188,False,False,False
Subject18|rest|Subject18_1.edf|64.000|68.000,Subject18,rest,0,Subject18_1.edf,64.0,68.0,182.0,False,4.0,2.0,4s_windows_50pct_overlap,unused,2189,False,False,False
Subject18|rest|Subject18_1.edf|66.000|70.000,Subject18,rest,0,Subject18_1.edf,66.0,70.0,182.0,False,4.0,2.0,4s_windows_50pct_overlap,unused,2190,False,False,False
Subject18|rest|Subject18_1.edf|68.000|72.000,Subject18,rest,0,Subject18_1.edf,68.0,72.0,182.0,False,4.0,2.0,4s_windows_50pct_overlap,unused,2191,False,False,False
Subject18|rest|Subject18_1.edf|70.000|74.000,Subject18,rest,0,Subject18_1.edf,70.0,74.0,182.0,False,4.0,2.0,4s_windows_50pct_overlap,unused,2192,False,False,False
Subject18|rest|Subject18_1.edf|72.000|76.000,Subject18,rest,0,Subject18_1.edf,72.0,76.0,182.0,False,4.0,2.0,4s_windows_50pct_overlap,unused,2193,False,False,False
Subject18|rest|Subject18_1.edf|74.000|78.000,Subject18,rest,0,Subject18_1.edf,74.0,78.0,182.0,False,4.0,2.0,4s_windows_50pct_overlap,unused,2194,False,False,False
Subject18|rest|Subject18_1.edf|76.000|80.000,Subject18,rest,0,Subject18_1.edf,76.0,80.0,182.0,False,4.0,2.0,4s_windows_50pct_overlap,unused,2195,False,False,False
Subject18|rest|Subject18_1.edf|78.000|82.000,Subject18,rest,0,Subject18_1.edf,78.0,82.0,182.0,False,4.0,2.0,4s_windows_50pct_overlap,unused,2196,False,False,False
Subject18|rest|Subject18_1.edf|80.000|84.000,Subject18,rest,0,Subject18_1.edf,80.0,84.0,182.0,False,4.0,2.0,4s_windows_50pct_overlap,unused,2197,False,False,False
Subject18|rest|Subject18_1.edf|82.000|86.000,Subject18,rest,0,Subject18_1.edf,82.0,86.0,182.0,False,4.0,2.0,4s_windows_50pct_overlap,unused,2198,False,False,False
Subject18|rest|Subject18_1.edf|84.000|88.000,Subject18,rest,0,Subject18_1.edf,84.0,88.0,182.0,False,4.0,2.0,4s_windows_50pct_overlap,unused,2199,False,False,False
Subject18|rest|Subject18_1.edf|86.000|90.000,Subject18,rest,0,Subject18_1.edf,86.0,90.0,182.0,False,4.0,2.0,4s_windows_50pct_overlap,unused,2200,False,False,False
Subject18|rest|Subject18_1.edf|88.000|92.000,Subject18,rest,0,Subject18_1.edf,88.0,92.0,182.0,False,4.0,2.0,4s_windows_50pct_overlap,unused,2201,False,False,False
Subject18|rest|Subject18_1.edf|90.000|94.000,Subject18,rest,0,Subject18_1.edf,90.0,94.0,182.0,False,4.0,2.0,4s_windows_50pct_overlap,unused,2202,False,False,False
Subject18|rest|Subject18_1.edf|92.000|96.000,Subject18,rest,0,Subject18_1.edf,92.0,96.0,182.0,False,4.0,2.0,4s_windows_50pct_overlap,unused,2203,False,False,False
Subject18|rest|Subject18_1.edf|94.000|98.000,Subject18,rest,0,Subject18_1.edf,94.0,98.0,182.0,False,4.0,2.0,4s_windows_50pct_overlap,unused,2204,False,False,False
Subject18|rest|Subject18_1.edf|96.000|100.000,Subject18,rest,0,Subject18_1.edf,96.0,100.0,182.0,False,4.0,2.0,4s_windows_50pct_overlap,unused,2205,False,False,False
Subject18|rest|Subject18_1.edf|98.000|102.000,Subject18,rest,0,Subject18_1.edf,98.0,102.0,182.0,False,4.0,2.0,4s_windows_50pct_overlap,unused,2206,False,False,False
Subject18|rest|Subject18_1.edf|100.000|104.000,Subject18,rest,0,Subject18_1.edf,100.0,104.0,182.0,False,4.0,2.0,4s_windows_50pct_overlap,unused,2207,False,False,False
Subject18|rest|Subject18_1.edf|102.000|106.000,Subject18,rest,0,Subject18_1.edf,102.0,106.0,182.0,False,4.0,2.0,4s_windows_50pct_overlap,unused,2208,False,False,False
Subject18|rest|Subject18_1.edf|104.000|108.000,Subject18,rest,0,Subject18_1.edf,104.0,108.0,182.0,False,4.0,2.0,4s_windows_50pct_overlap,unused,2209,False,False,False
Subject18|rest|Subject18_1.edf|106.000|110.000,Subject18,rest,0,Subject18_1.edf,106.0,110.0,182.0,False,4.0,2.0,4s_windows_50pct_overlap,unused,2210,False,False,False
Subject18|rest|Subject18_1.edf|108.000|112.000,Subject18,rest,0,Subject18_1.edf,108.0,112.0,182.0,False,4.0,2.0,4s_windows_50pct_overlap,unused,2211,False,False,False
Subject18|rest|Subject18_1.edf|110.000|114.000,Subject18,rest,0,Subject18_1.edf,110.0,114.0,182.0,False,4.0,2.0,4s_windows_50pct_overlap,unused,2212,False,False,False
Subject18|rest|Subject18_1.edf|112.000|116.000,Subject18,rest,0,Subject18_1.edf,112.0,116.0,182.0,False,4.0,2.0,4s_windows_50pct_overlap,unused,2213,False,False,False
Subject18|rest|Subject18_1.edf|114.000|118.000,Subject18,rest,0,Subject18_1.edf,114.0,118.0,182.0,False,4.0,2.0,4s_windows_50pct_overlap,unused,2214,False,False,False
Subject18|rest|Subject18_1.edf|116.000|120.000,Subject18,rest,0,Subject18_1.edf,116.0,120.0,182.0,False,4.0,2.0,4s_windows_50pct_overlap,unused,2215,False,False,False
Subject18|rest|Subject18_1.edf|118.000|122.000,Subject18,rest,0,Subject18_1.edf,118.0,122.0,182.0,False,4.0,2.0,4s_windows_50pct_overlap,unused,2216,False,False,False
Subject18|rest|Subject18_1.edf|120.000|124.000,Subject18,rest,0,Subject18_1.edf,120.0,124.0,182.0,False,4.0,2.0,4s_windows_50pct_overlap,unused,2217,False,False,False
Subject18|rest|Subject18_1.edf|122.000|126.000,Subject18,rest,0,Subject18_1.edf,122.0,126.0,182.0,False,4.0,2.0,4s_windows_50pct_overlap,unused,2218,False,False,False
Subject18|rest|Subject18_1.edf|124.000|128.000,Subject18,rest,0,Subject18_1.edf,124.0,128.0,182.0,False,4.0,2.0,4s_windows_50pct_overlap,unused,2219,False,False,False
Subject18|rest|Subject18_1.edf|126.000|130.000,Subject18,rest,0,Subject18_1.edf,126.0,130.0,182.0,False,4.0,2.0,4s_windows_50pct_overlap,unused,2220,False,False,False
Subject18|rest|Subject18_1.edf|128.000|132.000,Subject18,rest,0,Subject18_1.edf,128.0,132.0,182.0,False,4.0,2.0,4s_windows_50pct_overlap,unused,2221,False,False,False
Subject18|rest|Subject18_1.edf|130.000|134.000,Subject18,rest,0,Subject18_1.edf,130.0,134.0,182.0,False,4.0,2.0,4s_windows_50pct_overlap,unused,2222,False,False,False
Subject18|rest|Subject18_1.edf|132.000|136.000,Subject18,rest,0,Subject18_1.edf,132.0,136.0,182.0,False,4.0,2.0,4s_windows_50pct_overlap,unused,2223,False,False,False
Subject18|rest|Subject18_1.edf|134.000|138.000,Subject18,rest,0,Subject18_1.edf,134.0,138.0,182.0,False,4.0,2.0,4s_windows_50pct_overlap,unused,2224,False,False,False
Subject18|rest|Subject18_1.edf|136.000|140.000,Subject18,rest,0,Subject18_1.edf,136.0,140.0,182.0,False,4.0,2.0,4s_windows_50pct_overlap,unused,2225,False,False,False
Subject18|rest|Subject18_1.edf|138.000|142.000,Subject18,rest,0,Subject18_1.edf,138.0,142.0,182.0,False,4.0,2.0,4s_windows_50pct_overlap,unused,2226,False,False,False
Subject18|rest|Subject18_1.edf|140.000|144.000,Subject18,rest,0,Subject18_1.edf,140.0,144.0,182.0,False,4.0,2.0,4s_windows_50pct_overlap,unused,2227,False,False,False
Subject18|rest|Subject18_1.edf|142.000|146.000,Subject18,rest,0,Subject18_1.edf,142.0,146.0,182.0,False,4.0,2.0,4s_windows_50pct_overlap,unused,2228,False,False,False
Subject18|rest|Subject18_1.edf|144.000|148.000,Subject18,rest,0,Subject18_1.edf,144.0,148.0,182.0,False,4.0,2.0,4s_windows_50pct_overlap,unused,2229,False,False,False
Subject18|rest|Subject18_1.edf|146.000|150.000,Subject18,rest,0,Subject18_1.edf,146.0,150.0,182.0,False,4.0,2.0,4s_windows_50pct_overlap,unused,2230,False,False,False
Subject18|rest|Subject18_1.edf|148.000|152.000,Subject18,rest,0,Subject18_1.edf,148.0,152.0,182.0,False,4.0,2.0,4s_windows_50pct_overlap,unused,2231,False,False,False
Subject18|rest|Subject18_1.edf|150.000|154.000,Subject18,rest,0,Subject18_1.edf,150.0,154.0,182.0,False,4.0,2.0,4s_windows_50pct_overlap,unused,2232,False,False,False
Subject18|rest|Subject18_1.edf|152.000|156.000,Subject18,rest,0,Subject18_1.edf,152.0,156.0,182.0,False,4.0,2.0,4s_windows_50pct_overlap,unused,2233,False,False,False
Subject18|rest|Subject18_1.edf|154.000|158.000,Subject18,rest,0,Subject18_1.edf,154.0,158.0,182.0,False,4.0,2.0,4s_windows_50pct_overlap,unused,2234,False,False,False
Subject18|rest|Subject18_1.edf|156.000|160.000,Subject18,rest,0,Subject18_1.edf,156.0,160.0,182.0,False,4.0,2.0,4s_windows_50pct_overlap,unused,2235,False,False,False
Subject18|rest|Subject18_1.edf|158.000|162.000,Subject18,rest,0,Subject18_1.edf,158.0,162.0,182.0,False,4.0,2.0,4s_windows_50pct_overlap,unused,2236,False,False,False
Subject18|rest|Subject18_1.edf|160.000|164.000,Subject18,rest,0,Subject18_1.edf,160.0,164.0,182.0,False,4.0,2.0,4s_windows_50pct_overlap,unused,2237,False,False,False
Subject18|rest|Subject18_1.edf|162.000|166.000,Subject18,rest,0,Subject18_1.edf,162.0,166.0,182.0,False,4.0,2.0,4s_windows_50pct_overlap,unused,2238,False,False,False
Subject18|rest|Subject18_1.edf|164.000|168.000,Subject18,rest,0,Subject18_1.edf,164.0,168.0,182.0,False,4.0,2.0,4s_windows_50pct_overlap,unused,2239,False,False,False
Subject18|rest|Subject18_1.edf|166.000|170.000,Subject18,rest,0,Subject18_1.edf,166.0,170.0,182.0,False,4.0,2.0,4s_windows_50pct_overlap,unused,2240,False,False,False
Subject18|rest|Subject18_1.edf|168.000|172.000,Subject18,rest,0,Subject18_1.edf,168.0,172.0,182.0,False,4.0,2.0,4s_windows_50pct_overlap,unused,2241,False,False,False
Subject18|rest|Subject18_1.edf|170.000|174.000,Subject18,rest,0,Subject18_1.edf,170.0,174.0,182.0,False,4.0,2.0,4s_windows_50pct_overlap,unused,2242,False,False,False
Subject18|rest|Subject18_1.edf|172.000|176.000,Subject18,rest,0,Subject18_1.edf,172.0,176.0,182.0,False,4.0,2.0,4s_windows_50pct_overlap,unused,2243,False,False,False
Subject18|rest|Subject18_1.edf|174.000|178.000,Subject18,rest,0,Subject18_1.edf,174.0,178.0,182.0,False,4.0,2.0,4s_windows_50pct_overlap,unused,2244,False,False,False
Subject18|rest|Subject18_1.edf|176.000|180.000,Subject18,rest,0,Subject18_1.edf,176.0,180.0,182.0,False,4.0,2.0,4s_windows_50pct_overlap,unused,2245,False,False,False
Subject18|rest|Subject18_1.edf|178.000|182.000,Subject18,rest,0,Subject18_1.edf,178.0,182.0,182.0,False,4.0,2.0,4s_windows_50pct_overlap,unused,2246,False,False,False
Subject18|arithmetic|Subject18_2.edf|0.000|4.000,Subject18,arithmetic,1,Subject18_2.edf,0.0,4.0,62.0,False,4.0,2.0,4s_windows_50pct_overlap,scored_task,2247,False,True,False
Subject18|arithmetic|Subject18_2.edf|2.000|6.000,Subject18,arithmetic,1,Subject18_2.edf,2.0,6.0,62.0,False,4.0,2.0,4s_windows_50pct_overlap,scored_task,2248,False,True,False
Subject18|arithmetic|Subject18_2.edf|4.000|8.000,Subject18,arithmetic,1,Subject18_2.edf,4.0,8.0,62.0,False,4.0,2.0,4s_windows_50pct_overlap,scored_task,2249,False,True,False
Subject18|arithmetic|Subject18_2.edf|6.000|10.000,Subject18,arithmetic,1,Subject18_2.edf,6.0,10.0,62.0,False,4.0,2.0,4s_windows_50pct_overlap,scored_task,2250,False,True,False
Subject18|arithmetic|Subject18_2.edf|8.000|12.000,Subject18,arithmetic,1,Subject18_2.edf,8.0,12.0,62.0,False,4.0,2.0,4s_windows_50pct_overlap,scored_task,2251,False,True,False
Subject18|arithmetic|Subject18_2.edf|10.000|14.000,Subject18,arithmetic,1,Subject18_2.edf,10.0,14.0,62.0,False,4.0,2.0,4s_windows_50pct_overlap,scored_task,2252,False,True,False
Subject18|arithmetic|Subject18_2.edf|12.000|16.000,Subject18,arithmetic,1,Subject18_2.edf,12.0,16.0,62.0,False,4.0,2.0,4s_windows_50pct_overlap,scored_task,2253,False,True,False
Subject18|arithmetic|Subject18_2.edf|14.000|18.000,Subject18,arithmetic,1,Subject18_2.edf,14.0,18.0,62.0,False,4.0,2.0,4s_windows_50pct_overlap,scored_task,2254,False,True,False
Subject18|arithmetic|Subject18_2.edf|16.000|20.000,Subject18,arithmetic,1,Subject18_2.edf,16.0,20.0,62.0,False,4.0,2.0,4s_windows_50pct_overlap,scored_task,2255,False,True,False
Subject18|arithmetic|Subject18_2.edf|18.000|22.000,Subject18,arithmetic,1,Subject18_2.edf,18.0,22.0,62.0,False,4.0,2.0,4s_windows_50pct_overlap,scored_task,2256,False,True,False
Subject18|arithmetic|Subject18_2.edf|20.000|24.000,Subject18,arithmetic,1,Subject18_2.edf,20.0,24.0,62.0,False,4.0,2.0,4s_windows_50pct_overlap,scored_task,2257,False,True,False
Subject18|arithmetic|Subject18_2.edf|22.000|26.000,Subject18,arithmetic,1,Subject18_2.edf,22.0,26.0,62.0,False,4.0,2.0,4s_windows_50pct_overlap,scored_task,2258,False,True,False
Subject18|arithmetic|Subject18_2.edf|24.000|28.000,Subject18,arithmetic,1,Subject18_2.edf,24.0,28.0,62.0,False,4.0,2.0,4s_windows_50pct_overlap,scored_task,2259,False,True,False
Subject18|arithmetic|Subject18_2.edf|26.000|30.000,Subject18,arithmetic,1,Subject18_2.edf,26.0,30.0,62.0,False,4.0,2.0,4s_windows_50pct_overlap,scored_task,2260,False,True,False
Subject18|arithmetic|Subject18_2.edf|28.000|32.000,Subject18,arithmetic,1,Subject18_2.edf,28.0,32.0,62.0,False,4.0,2.0,4s_windows_50pct_overlap,unused,2261,False,False,False
Subject18|arithmetic|Subject18_2.edf|30.000|34.000,Subject18,arithmetic,1,Subject18_2.edf,30.0,34.0,62.0,False,4.0,2.0,4s_windows_50pct_overlap,unused,2262,False,False,False
Subject18|arithmetic|Subject18_2.edf|32.000|36.000,Subject18,arithmetic,1,Subject18_2.edf,32.0,36.0,62.0,False,4.0,2.0,4s_windows_50pct_overlap,unused,2263,False,False,False
Subject18|arithmetic|Subject18_2.edf|34.000|38.000,Subject18,arithmetic,1,Subject18_2.edf,34.0,38.0,62.0,False,4.0,2.0,4s_windows_50pct_overlap,unused,2264,False,False,False
Subject18|arithmetic|Subject18_2.edf|36.000|40.000,Subject18,arithmetic,1,Subject18_2.edf,36.0,40.0,62.0,False,4.0,2.0,4s_windows_50pct_overlap,unused,2265,False,False,False
Subject18|arithmetic|Subject18_2.edf|38.000|42.000,Subject18,arithmetic,1,Subject18_2.edf,38.0,42.0,62.0,False,4.0,2.0,4s_windows_50pct_overlap,unused,2266,False,False,False
Subject18|arithmetic|Subject18_2.edf|40.000|44.000,Subject18,arithmetic,1,Subject18_2.edf,40.0,44.0,62.0,False,4.0,2.0,4s_windows_50pct_overlap,unused,2267,False,False,False
Subject18|arithmetic|Subject18_2.edf|42.000|46.000,Subject18,arithmetic,1,Subject18_2.edf,42.0,46.0,62.0,False,4.0,2.0,4s_windows_50pct_overlap,unused,2268,False,False,False
Subject18|arithmetic|Subject18_2.edf|44.000|48.000,Subject18,arithmetic,1,Subject18_2.edf,44.0,48.0,62.0,False,4.0,2.0,4s_windows_50pct_overlap,unused,2269,False,False,False
Subject18|arithmetic|Subject18_2.edf|46.000|50.000,Subject18,arithmetic,1,Subject18_2.edf,46.0,50.0,62.0,False,4.0,2.0,4s_windows_50pct_overlap,unused,2270,False,False,False
Subject18|arithmetic|Subject18_2.edf|48.000|52.000,Subject18,arithmetic,1,Subject18_2.edf,48.0,52.0,62.0,False,4.0,2.0,4s_windows_50pct_overlap,unused,2271,False,False,False
Subject18|arithmetic|Subject18_2.edf|50.000|54.000,Subject18,arithmetic,1,Subject18_2.edf,50.0,54.0,62.0,False,4.0,2.0,4s_windows_50pct_overlap,unused,2272,False,False,False
Subject18|arithmetic|Subject18_2.edf|52.000|56.000,Subject18,arithmetic,1,Subject18_2.edf,52.0,56.0,62.0,False,4.0,2.0,4s_windows_50pct_overlap,unused,2273,False,False,False
Subject18|arithmetic|Subject18_2.edf|54.000|58.000,Subject18,arithmetic,1,Subject18_2.edf,54.0,58.0,62.0,False,4.0,2.0,4s_windows_50pct_overlap,unused,2274,False,False,False
Subject18|arithmetic|Subject18_2.edf|56.000|60.000,Subject18,arithmetic,1,Subject18_2.edf,56.0,60.0,62.0,False,4.0,2.0,4s_windows_50pct_overlap,unused,2275,False,False,False
Subject18|arithmetic|Subject18_2.edf|58.000|62.000,Subject18,arithmetic,1,Subject18_2.edf,58.0,62.0,62.0,False,4.0,2.0,4s_windows_50pct_overlap,unused,2276,False,False,False
Subject19|rest|Subject19_1.edf|0.000|4.000,Subject19,rest,0,Subject19_1.edf,0.0,4.0,182.0,False,4.0,2.0,4s_windows_50pct_overlap,calibration,2277,True,False,False
Subject19|rest|Subject19_1.edf|2.000|6.000,Subject19,rest,0,Subject19_1.edf,2.0,6.0,182.0,False,4.0,2.0,4s_windows_50pct_overlap,calibration,2278,True,False,False
Subject19|rest|Subject19_1.edf|4.000|8.000,Subject19,rest,0,Subject19_1.edf,4.0,8.0,182.0,False,4.0,2.0,4s_windows_50pct_overlap,calibration,2279,True,False,False
Subject19|rest|Subject19_1.edf|6.000|10.000,Subject19,rest,0,Subject19_1.edf,6.0,10.0,182.0,False,4.0,2.0,4s_windows_50pct_overlap,calibration,2280,True,False,False
Subject19|rest|Subject19_1.edf|8.000|12.000,Subject19,rest,0,Subject19_1.edf,8.0,12.0,182.0,False,4.0,2.0,4s_windows_50pct_overlap,calibration,2281,True,False,False
Subject19|rest|Subject19_1.edf|10.000|14.000,Subject19,rest,0,Subject19_1.edf,10.0,14.0,182.0,False,4.0,2.0,4s_windows_50pct_overlap,calibration,2282,True,False,False
Subject19|rest|Subject19_1.edf|12.000|16.000,Subject19,rest,0,Subject19_1.edf,12.0,16.0,182.0,False,4.0,2.0,4s_windows_50pct_overlap,calibration,2283,True,False,False
Subject19|rest|Subject19_1.edf|14.000|18.000,Subject19,rest,0,Subject19_1.edf,14.0,18.0,182.0,False,4.0,2.0,4s_windows_50pct_overlap,calibration,2284,True,False,False
Subject19|rest|Subject19_1.edf|16.000|20.000,Subject19,rest,0,Subject19_1.edf,16.0,20.0,182.0,False,4.0,2.0,4s_windows_50pct_overlap,calibration,2285,True,False,False
Subject19|rest|Subject19_1.edf|18.000|22.000,Subject19,rest,0,Subject19_1.edf,18.0,22.0,182.0,False,4.0,2.0,4s_windows_50pct_overlap,calibration,2286,True,False,False
Subject19|rest|Subject19_1.edf|20.000|24.000,Subject19,rest,0,Subject19_1.edf,20.0,24.0,182.0,False,4.0,2.0,4s_windows_50pct_overlap,calibration,2287,True,False,False
Subject19|rest|Subject19_1.edf|22.000|26.000,Subject19,rest,0,Subject19_1.edf,22.0,26.0,182.0,False,4.0,2.0,4s_windows_50pct_overlap,calibration,2288,True,False,False
Subject19|rest|Subject19_1.edf|24.000|28.000,Subject19,rest,0,Subject19_1.edf,24.0,28.0,182.0,False,4.0,2.0,4s_windows_50pct_overlap,calibration,2289,True,False,False
Subject19|rest|Subject19_1.edf|26.000|30.000,Subject19,rest,0,Subject19_1.edf,26.0,30.0,182.0,False,4.0,2.0,4s_windows_50pct_overlap,calibration,2290,True,False,False
Subject19|rest|Subject19_1.edf|28.000|32.000,Subject19,rest,0,Subject19_1.edf,28.0,32.0,182.0,False,4.0,2.0,4s_windows_50pct_overlap,unused,2291,False,False,False
Subject19|rest|Subject19_1.edf|30.000|34.000,Subject19,rest,0,Subject19_1.edf,30.0,34.0,182.0,False,4.0,2.0,4s_windows_50pct_overlap,scored_rest,2292,False,True,False
Subject19|rest|Subject19_1.edf|32.000|36.000,Subject19,rest,0,Subject19_1.edf,32.0,36.0,182.0,False,4.0,2.0,4s_windows_50pct_overlap,scored_rest,2293,False,True,False
Subject19|rest|Subject19_1.edf|34.000|38.000,Subject19,rest,0,Subject19_1.edf,34.0,38.0,182.0,False,4.0,2.0,4s_windows_50pct_overlap,scored_rest,2294,False,True,False
Subject19|rest|Subject19_1.edf|36.000|40.000,Subject19,rest,0,Subject19_1.edf,36.0,40.0,182.0,False,4.0,2.0,4s_windows_50pct_overlap,scored_rest,2295,False,True,False
Subject19|rest|Subject19_1.edf|38.000|42.000,Subject19,rest,0,Subject19_1.edf,38.0,42.0,182.0,False,4.0,2.0,4s_windows_50pct_overlap,scored_rest,2296,False,True,False
Subject19|rest|Subject19_1.edf|40.000|44.000,Subject19,rest,0,Subject19_1.edf,40.0,44.0,182.0,False,4.0,2.0,4s_windows_50pct_overlap,scored_rest,2297,False,True,False
Subject19|rest|Subject19_1.edf|42.000|46.000,Subject19,rest,0,Subject19_1.edf,42.0,46.0,182.0,False,4.0,2.0,4s_windows_50pct_overlap,scored_rest,2298,False,True,False
Subject19|rest|Subject19_1.edf|44.000|48.000,Subject19,rest,0,Subject19_1.edf,44.0,48.0,182.0,False,4.0,2.0,4s_windows_50pct_overlap,scored_rest,2299,False,True,False
Subject19|rest|Subject19_1.edf|46.000|50.000,Subject19,rest,0,Subject19_1.edf,46.0,50.0,182.0,False,4.0,2.0,4s_windows_50pct_overlap,scored_rest,2300,False,True,False
Subject19|rest|Subject19_1.edf|48.000|52.000,Subject19,rest,0,Subject19_1.edf,48.0,52.0,182.0,False,4.0,2.0,4s_windows_50pct_overlap,scored_rest,2301,False,True,False
Subject19|rest|Subject19_1.edf|50.000|54.000,Subject19,rest,0,Subject19_1.edf,50.0,54.0,182.0,False,4.0,2.0,4s_windows_50pct_overlap,scored_rest,2302,False,True,False
Subject19|rest|Subject19_1.edf|52.000|56.000,Subject19,rest,0,Subject19_1.edf,52.0,56.0,182.0,False,4.0,2.0,4s_windows_50pct_overlap,scored_rest,2303,False,True,False
Subject19|rest|Subject19_1.edf|54.000|58.000,Subject19,rest,0,Subject19_1.edf,54.0,58.0,182.0,False,4.0,2.0,4s_windows_50pct_overlap,scored_rest,2304,False,True,False
Subject19|rest|Subject19_1.edf|56.000|60.000,Subject19,rest,0,Subject19_1.edf,56.0,60.0,182.0,False,4.0,2.0,4s_windows_50pct_overlap,scored_rest,2305,False,True,False
Subject19|rest|Subject19_1.edf|58.000|62.000,Subject19,rest,0,Subject19_1.edf,58.0,62.0,182.0,False,4.0,2.0,4s_windows_50pct_overlap,unused,2306,False,False,False
Subject19|rest|Subject19_1.edf|60.000|64.000,Subject19,rest,0,Subject19_1.edf,60.0,64.0,182.0,False,4.0,2.0,4s_windows_50pct_overlap,unused,2307,False,False,False
Subject19|rest|Subject19_1.edf|62.000|66.000,Subject19,rest,0,Subject19_1.edf,62.0,66.0,182.0,False,4.0,2.0,4s_windows_50pct_overlap,unused,2308,False,False,False
Subject19|rest|Subject19_1.edf|64.000|68.000,Subject19,rest,0,Subject19_1.edf,64.0,68.0,182.0,False,4.0,2.0,4s_windows_50pct_overlap,unused,2309,False,False,False
Subject19|rest|Subject19_1.edf|66.000|70.000,Subject19,rest,0,Subject19_1.edf,66.0,70.0,182.0,False,4.0,2.0,4s_windows_50pct_overlap,unused,2310,False,False,False
Subject19|rest|Subject19_1.edf|68.000|72.000,Subject19,rest,0,Subject19_1.edf,68.0,72.0,182.0,False,4.0,2.0,4s_windows_50pct_overlap,unused,2311,False,False,False
Subject19|rest|Subject19_1.edf|70.000|74.000,Subject19,rest,0,Subject19_1.edf,70.0,74.0,182.0,False,4.0,2.0,4s_windows_50pct_overlap,unused,2312,False,False,False
Subject19|rest|Subject19_1.edf|72.000|76.000,Subject19,rest,0,Subject19_1.edf,72.0,76.0,182.0,False,4.0,2.0,4s_windows_50pct_overlap,unused,2313,False,False,False
Subject19|rest|Subject19_1.edf|74.000|78.000,Subject19,rest,0,Subject19_1.edf,74.0,78.0,182.0,False,4.0,2.0,4s_windows_50pct_overlap,unused,2314,False,False,False
Subject19|rest|Subject19_1.edf|76.000|80.000,Subject19,rest,0,Subject19_1.edf,76.0,80.0,182.0,False,4.0,2.0,4s_windows_50pct_overlap,unused,2315,False,False,False
Subject19|rest|Subject19_1.edf|78.000|82.000,Subject19,rest,0,Subject19_1.edf,78.0,82.0,182.0,False,4.0,2.0,4s_windows_50pct_overlap,unused,2316,False,False,False
Subject19|rest|Subject19_1.edf|80.000|84.000,Subject19,rest,0,Subject19_1.edf,80.0,84.0,182.0,False,4.0,2.0,4s_windows_50pct_overlap,unused,2317,False,False,False
Subject19|rest|Subject19_1.edf|82.000|86.000,Subject19,rest,0,Subject19_1.edf,82.0,86.0,182.0,False,4.0,2.0,4s_windows_50pct_overlap,unused,2318,False,False,False
Subject19|rest|Subject19_1.edf|84.000|88.000,Subject19,rest,0,Subject19_1.edf,84.0,88.0,182.0,False,4.0,2.0,4s_windows_50pct_overlap,unused,2319,False,False,False
Subject19|rest|Subject19_1.edf|86.000|90.000,Subject19,rest,0,Subject19_1.edf,86.0,90.0,182.0,False,4.0,2.0,4s_windows_50pct_overlap,unused,2320,False,False,False
Subject19|rest|Subject19_1.edf|88.000|92.000,Subject19,rest,0,Subject19_1.edf,88.0,92.0,182.0,False,4.0,2.0,4s_windows_50pct_overlap,unused,2321,False,False,False
Subject19|rest|Subject19_1.edf|90.000|94.000,Subject19,rest,0,Subject19_1.edf,90.0,94.0,182.0,False,4.0,2.0,4s_windows_50pct_overlap,unused,2322,False,False,False
Subject19|rest|Subject19_1.edf|92.000|96.000,Subject19,rest,0,Subject19_1.edf,92.0,96.0,182.0,False,4.0,2.0,4s_windows_50pct_overlap,unused,2323,False,False,False
Subject19|rest|Subject19_1.edf|94.000|98.000,Subject19,rest,0,Subject19_1.edf,94.0,98.0,182.0,False,4.0,2.0,4s_windows_50pct_overlap,unused,2324,False,False,False
Subject19|rest|Subject19_1.edf|96.000|100.000,Subject19,rest,0,Subject19_1.edf,96.0,100.0,182.0,False,4.0,2.0,4s_windows_50pct_overlap,unused,2325,False,False,False
Subject19|rest|Subject19_1.edf|98.000|102.000,Subject19,rest,0,Subject19_1.edf,98.0,102.0,182.0,False,4.0,2.0,4s_windows_50pct_overlap,unused,2326,False,False,False
Subject19|rest|Subject19_1.edf|100.000|104.000,Subject19,rest,0,Subject19_1.edf,100.0,104.0,182.0,False,4.0,2.0,4s_windows_50pct_overlap,unused,2327,False,False,False
Subject19|rest|Subject19_1.edf|102.000|106.000,Subject19,rest,0,Subject19_1.edf,102.0,106.0,182.0,False,4.0,2.0,4s_windows_50pct_overlap,unused,2328,False,False,False
Subject19|rest|Subject19_1.edf|104.000|108.000,Subject19,rest,0,Subject19_1.edf,104.0,108.0,182.0,False,4.0,2.0,4s_windows_50pct_overlap,unused,2329,False,False,False
Subject19|rest|Subject19_1.edf|106.000|110.000,Subject19,rest,0,Subject19_1.edf,106.0,110.0,182.0,False,4.0,2.0,4s_windows_50pct_overlap,unused,2330,False,False,False
Subject19|rest|Subject19_1.edf|108.000|112.000,Subject19,rest,0,Subject19_1.edf,108.0,112.0,182.0,False,4.0,2.0,4s_windows_50pct_overlap,unused,2331,False,False,False
Subject19|rest|Subject19_1.edf|110.000|114.000,Subject19,rest,0,Subject19_1.edf,110.0,114.0,182.0,False,4.0,2.0,4s_windows_50pct_overlap,unused,2332,False,False,False
Subject19|rest|Subject19_1.edf|112.000|116.000,Subject19,rest,0,Subject19_1.edf,112.0,116.0,182.0,False,4.0,2.0,4s_windows_50pct_overlap,unused,2333,False,False,False
Subject19|rest|Subject19_1.edf|114.000|118.000,Subject19,rest,0,Subject19_1.edf,114.0,118.0,182.0,False,4.0,2.0,4s_windows_50pct_overlap,unused,2334,False,False,False
Subject19|rest|Subject19_1.edf|116.000|120.000,Subject19,rest,0,Subject19_1.edf,116.0,120.0,182.0,False,4.0,2.0,4s_windows_50pct_overlap,unused,2335,False,False,False
Subject19|rest|Subject19_1.edf|118.000|122.000,Subject19,rest,0,Subject19_1.edf,118.0,122.0,182.0,False,4.0,2.0,4s_windows_50pct_overlap,unused,2336,False,False,False
Subject19|rest|Subject19_1.edf|120.000|124.000,Subject19,rest,0,Subject19_1.edf,120.0,124.0,182.0,False,4.0,2.0,4s_windows_50pct_overlap,unused,2337,False,False,False
Subject19|rest|Subject19_1.edf|122.000|126.000,Subject19,rest,0,Subject19_1.edf,122.0,126.0,182.0,False,4.0,2.0,4s_windows_50pct_overlap,unused,2338,False,False,False
Subject19|rest|Subject19_1.edf|124.000|128.000,Subject19,rest,0,Subject19_1.edf,124.0,128.0,182.0,False,4.0,2.0,4s_windows_50pct_overlap,unused,2339,False,False,False
Subject19|rest|Subject19_1.edf|126.000|130.000,Subject19,rest,0,Subject19_1.edf,126.0,130.0,182.0,False,4.0,2.0,4s_windows_50pct_overlap,unused,2340,False,False,False
Subject19|rest|Subject19_1.edf|128.000|132.000,Subject19,rest,0,Subject19_1.edf,128.0,132.0,182.0,False,4.0,2.0,4s_windows_50pct_overlap,unused,2341,False,False,False
Subject19|rest|Subject19_1.edf|130.000|134.000,Subject19,rest,0,Subject19_1.edf,130.0,134.0,182.0,False,4.0,2.0,4s_windows_50pct_overlap,unused,2342,False,False,False
Subject19|rest|Subject19_1.edf|132.000|136.000,Subject19,rest,0,Subject19_1.edf,132.0,136.0,182.0,False,4.0,2.0,4s_windows_50pct_overlap,unused,2343,False,False,False
Subject19|rest|Subject19_1.edf|134.000|138.000,Subject19,rest,0,Subject19_1.edf,134.0,138.0,182.0,False,4.0,2.0,4s_windows_50pct_overlap,unused,2344,False,False,False
Subject19|rest|Subject19_1.edf|136.000|140.000,Subject19,rest,0,Subject19_1.edf,136.0,140.0,182.0,False,4.0,2.0,4s_windows_50pct_overlap,unused,2345,False,False,False
Subject19|rest|Subject19_1.edf|138.000|142.000,Subject19,rest,0,Subject19_1.edf,138.0,142.0,182.0,False,4.0,2.0,4s_windows_50pct_overlap,unused,2346,False,False,False
Subject19|rest|Subject19_1.edf|140.000|144.000,Subject19,rest,0,Subject19_1.edf,140.0,144.0,182.0,False,4.0,2.0,4s_windows_50pct_overlap,unused,2347,False,False,False
Subject19|rest|Subject19_1.edf|142.000|146.000,Subject19,rest,0,Subject19_1.edf,142.0,146.0,182.0,False,4.0,2.0,4s_windows_50pct_overlap,unused,2348,False,False,False
Subject19|rest|Subject19_1.edf|144.000|148.000,Subject19,rest,0,Subject19_1.edf,144.0,148.0,182.0,False,4.0,2.0,4s_windows_50pct_overlap,unused,2349,False,False,False
Subject19|rest|Subject19_1.edf|146.000|150.000,Subject19,rest,0,Subject19_1.edf,146.0,150.0,182.0,False,4.0,2.0,4s_windows_50pct_overlap,unused,2350,False,False,False
Subject19|rest|Subject19_1.edf|148.000|152.000,Subject19,rest,0,Subject19_1.edf,148.0,152.0,182.0,False,4.0,2.0,4s_windows_50pct_overlap,unused,2351,False,False,False
Subject19|rest|Subject19_1.edf|150.000|154.000,Subject19,rest,0,Subject19_1.edf,150.0,154.0,182.0,False,4.0,2.0,4s_windows_50pct_overlap,unused,2352,False,False,False
Subject19|rest|Subject19_1.edf|152.000|156.000,Subject19,rest,0,Subject19_1.edf,152.0,156.0,182.0,False,4.0,2.0,4s_windows_50pct_overlap,unused,2353,False,False,False
Subject19|rest|Subject19_1.edf|154.000|158.000,Subject19,rest,0,Subject19_1.edf,154.0,158.0,182.0,False,4.0,2.0,4s_windows_50pct_overlap,unused,2354,False,False,False
Subject19|rest|Subject19_1.edf|156.000|160.000,Subject19,rest,0,Subject19_1.edf,156.0,160.0,182.0,False,4.0,2.0,4s_windows_50pct_overlap,unused,2355,False,False,False
Subject19|rest|Subject19_1.edf|158.000|162.000,Subject19,rest,0,Subject19_1.edf,158.0,162.0,182.0,False,4.0,2.0,4s_windows_50pct_overlap,unused,2356,False,False,False
Subject19|rest|Subject19_1.edf|160.000|164.000,Subject19,rest,0,Subject19_1.edf,160.0,164.0,182.0,False,4.0,2.0,4s_windows_50pct_overlap,unused,2357,False,False,False
Subject19|rest|Subject19_1.edf|162.000|166.000,Subject19,rest,0,Subject19_1.edf,162.0,166.0,182.0,False,4.0,2.0,4s_windows_50pct_overlap,unused,2358,False,False,False
Subject19|rest|Subject19_1.edf|164.000|168.000,Subject19,rest,0,Subject19_1.edf,164.0,168.0,182.0,False,4.0,2.0,4s_windows_50pct_overlap,unused,2359,False,False,False
Subject19|rest|Subject19_1.edf|166.000|170.000,Subject19,rest,0,Subject19_1.edf,166.0,170.0,182.0,False,4.0,2.0,4s_windows_50pct_overlap,unused,2360,False,False,False
Subject19|rest|Subject19_1.edf|168.000|172.000,Subject19,rest,0,Subject19_1.edf,168.0,172.0,182.0,False,4.0,2.0,4s_windows_50pct_overlap,unused,2361,False,False,False
Subject19|rest|Subject19_1.edf|170.000|174.000,Subject19,rest,0,Subject19_1.edf,170.0,174.0,182.0,False,4.0,2.0,4s_windows_50pct_overlap,unused,2362,False,False,False
Subject19|rest|Subject19_1.edf|172.000|176.000,Subject19,rest,0,Subject19_1.edf,172.0,176.0,182.0,False,4.0,2.0,4s_windows_50pct_overlap,unused,2363,False,False,False
Subject19|rest|Subject19_1.edf|174.000|178.000,Subject19,rest,0,Subject19_1.edf,174.0,178.0,182.0,False,4.0,2.0,4s_windows_50pct_overlap,unused,2364,False,False,False
Subject19|rest|Subject19_1.edf|176.000|180.000,Subject19,rest,0,Subject19_1.edf,176.0,180.0,182.0,False,4.0,2.0,4s_windows_50pct_overlap,unused,2365,False,False,False
Subject19|rest|Subject19_1.edf|178.000|182.000,Subject19,rest,0,Subject19_1.edf,178.0,182.0,182.0,False,4.0,2.0,4s_windows_50pct_overlap,unused,2366,False,False,False
Subject19|arithmetic|Subject19_2.edf|0.000|4.000,Subject19,arithmetic,1,Subject19_2.edf,0.0,4.0,62.0,False,4.0,2.0,4s_windows_50pct_overlap,scored_task,2367,False,True,False
Subject19|arithmetic|Subject19_2.edf|2.000|6.000,Subject19,arithmetic,1,Subject19_2.edf,2.0,6.0,62.0,False,4.0,2.0,4s_windows_50pct_overlap,scored_task,2368,False,True,False
Subject19|arithmetic|Subject19_2.edf|4.000|8.000,Subject19,arithmetic,1,Subject19_2.edf,4.0,8.0,62.0,False,4.0,2.0,4s_windows_50pct_overlap,scored_task,2369,False,True,False
Subject19|arithmetic|Subject19_2.edf|6.000|10.000,Subject19,arithmetic,1,Subject19_2.edf,6.0,10.0,62.0,False,4.0,2.0,4s_windows_50pct_overlap,scored_task,2370,False,True,False
Subject19|arithmetic|Subject19_2.edf|8.000|12.000,Subject19,arithmetic,1,Subject19_2.edf,8.0,12.0,62.0,False,4.0,2.0,4s_windows_50pct_overlap,scored_task,2371,False,True,False
Subject19|arithmetic|Subject19_2.edf|10.000|14.000,Subject19,arithmetic,1,Subject19_2.edf,10.0,14.0,62.0,False,4.0,2.0,4s_windows_50pct_overlap,scored_task,2372,False,True,False
Subject19|arithmetic|Subject19_2.edf|12.000|16.000,Subject19,arithmetic,1,Subject19_2.edf,12.0,16.0,62.0,False,4.0,2.0,4s_windows_50pct_overlap,scored_task,2373,False,True,False
Subject19|arithmetic|Subject19_2.edf|14.000|18.000,Subject19,arithmetic,1,Subject19_2.edf,14.0,18.0,62.0,False,4.0,2.0,4s_windows_50pct_overlap,scored_task,2374,False,True,False
Subject19|arithmetic|Subject19_2.edf|16.000|20.000,Subject19,arithmetic,1,Subject19_2.edf,16.0,20.0,62.0,False,4.0,2.0,4s_windows_50pct_overlap,scored_task,2375,False,True,False
Subject19|arithmetic|Subject19_2.edf|18.000|22.000,Subject19,arithmetic,1,Subject19_2.edf,18.0,22.0,62.0,False,4.0,2.0,4s_windows_50pct_overlap,scored_task,2376,False,True,False
Subject19|arithmetic|Subject19_2.edf|20.000|24.000,Subject19,arithmetic,1,Subject19_2.edf,20.0,24.0,62.0,False,4.0,2.0,4s_windows_50pct_overlap,scored_task,2377,False,True,False
Subject19|arithmetic|Subject19_2.edf|22.000|26.000,Subject19,arithmetic,1,Subject19_2.edf,22.0,26.0,62.0,False,4.0,2.0,4s_windows_50pct_overlap,scored_task,2378,False,True,False
Subject19|arithmetic|Subject19_2.edf|24.000|28.000,Subject19,arithmetic,1,Subject19_2.edf,24.0,28.0,62.0,False,4.0,2.0,4s_windows_50pct_overlap,scored_task,2379,False,True,False
Subject19|arithmetic|Subject19_2.edf|26.000|30.000,Subject19,arithmetic,1,Subject19_2.edf,26.0,30.0,62.0,False,4.0,2.0,4s_windows_50pct_overlap,scored_task,2380,False,True,False
Subject19|arithmetic|Subject19_2.edf|28.000|32.000,Subject19,arithmetic,1,Subject19_2.edf,28.0,32.0,62.0,False,4.0,2.0,4s_windows_50pct_overlap,unused,2381,False,False,False
Subject19|arithmetic|Subject19_2.edf|30.000|34.000,Subject19,arithmetic,1,Subject19_2.edf,30.0,34.0,62.0,False,4.0,2.0,4s_windows_50pct_overlap,unused,2382,False,False,False
Subject19|arithmetic|Subject19_2.edf|32.000|36.000,Subject19,arithmetic,1,Subject19_2.edf,32.0,36.0,62.0,False,4.0,2.0,4s_windows_50pct_overlap,unused,2383,False,False,False
Subject19|arithmetic|Subject19_2.edf|34.000|38.000,Subject19,arithmetic,1,Subject19_2.edf,34.0,38.0,62.0,False,4.0,2.0,4s_windows_50pct_overlap,unused,2384,False,False,False
Subject19|arithmetic|Subject19_2.edf|36.000|40.000,Subject19,arithmetic,1,Subject19_2.edf,36.0,40.0,62.0,False,4.0,2.0,4s_windows_50pct_overlap,unused,2385,False,False,False
Subject19|arithmetic|Subject19_2.edf|38.000|42.000,Subject19,arithmetic,1,Subject19_2.edf,38.0,42.0,62.0,False,4.0,2.0,4s_windows_50pct_overlap,unused,2386,False,False,False
Subject19|arithmetic|Subject19_2.edf|40.000|44.000,Subject19,arithmetic,1,Subject19_2.edf,40.0,44.0,62.0,False,4.0,2.0,4s_windows_50pct_overlap,unused,2387,False,False,False
Subject19|arithmetic|Subject19_2.edf|42.000|46.000,Subject19,arithmetic,1,Subject19_2.edf,42.0,46.0,62.0,False,4.0,2.0,4s_windows_50pct_overlap,unused,2388,False,False,False
Subject19|arithmetic|Subject19_2.edf|44.000|48.000,Subject19,arithmetic,1,Subject19_2.edf,44.0,48.0,62.0,False,4.0,2.0,4s_windows_50pct_overlap,unused,2389,False,False,False
Subject19|arithmetic|Subject19_2.edf|46.000|50.000,Subject19,arithmetic,1,Subject19_2.edf,46.0,50.0,62.0,False,4.0,2.0,4s_windows_50pct_overlap,unused,2390,False,False,False
Subject19|arithmetic|Subject19_2.edf|48.000|52.000,Subject19,arithmetic,1,Subject19_2.edf,48.0,52.0,62.0,False,4.0,2.0,4s_windows_50pct_overlap,unused,2391,False,False,False
Subject19|arithmetic|Subject19_2.edf|50.000|54.000,Subject19,arithmetic,1,Subject19_2.edf,50.0,54.0,62.0,False,4.0,2.0,4s_windows_50pct_overlap,unused,2392,False,False,False
Subject19|arithmetic|Subject19_2.edf|52.000|56.000,Subject19,arithmetic,1,Subject19_2.edf,52.0,56.0,62.0,False,4.0,2.0,4s_windows_50pct_overlap,unused,2393,False,False,False
Subject19|arithmetic|Subject19_2.edf|54.000|58.000,Subject19,arithmetic,1,Subject19_2.edf,54.0,58.0,62.0,False,4.0,2.0,4s_windows_50pct_overlap,unused,2394,False,False,False
Subject19|arithmetic|Subject19_2.edf|56.000|60.000,Subject19,arithmetic,1,Subject19_2.edf,56.0,60.0,62.0,False,4.0,2.0,4s_windows_50pct_overlap,unused,2395,False,False,False
Subject19|arithmetic|Subject19_2.edf|58.000|62.000,Subject19,arithmetic,1,Subject19_2.edf,58.0,62.0,62.0,False,4.0,2.0,4s_windows_50pct_overlap,unused,2396,False,False,False
Subject20|rest|Subject20_1.edf|0.000|4.000,Subject20,rest,0,Subject20_1.edf,0.0,4.0,182.0,False,4.0,2.0,4s_windows_50pct_overlap,calibration,2397,True,False,False
Subject20|rest|Subject20_1.edf|2.000|6.000,Subject20,rest,0,Subject20_1.edf,2.0,6.0,182.0,False,4.0,2.0,4s_windows_50pct_overlap,calibration,2398,True,False,False
Subject20|rest|Subject20_1.edf|4.000|8.000,Subject20,rest,0,Subject20_1.edf,4.0,8.0,182.0,False,4.0,2.0,4s_windows_50pct_overlap,calibration,2399,True,False,False
Subject20|rest|Subject20_1.edf|6.000|10.000,Subject20,rest,0,Subject20_1.edf,6.0,10.0,182.0,False,4.0,2.0,4s_windows_50pct_overlap,calibration,2400,True,False,False
Subject20|rest|Subject20_1.edf|8.000|12.000,Subject20,rest,0,Subject20_1.edf,8.0,12.0,182.0,False,4.0,2.0,4s_windows_50pct_overlap,calibration,2401,True,False,False
Subject20|rest|Subject20_1.edf|10.000|14.000,Subject20,rest,0,Subject20_1.edf,10.0,14.0,182.0,False,4.0,2.0,4s_windows_50pct_overlap,calibration,2402,True,False,False
Subject20|rest|Subject20_1.edf|12.000|16.000,Subject20,rest,0,Subject20_1.edf,12.0,16.0,182.0,False,4.0,2.0,4s_windows_50pct_overlap,calibration,2403,True,False,False
Subject20|rest|Subject20_1.edf|14.000|18.000,Subject20,rest,0,Subject20_1.edf,14.0,18.0,182.0,False,4.0,2.0,4s_windows_50pct_overlap,calibration,2404,True,False,False
Subject20|rest|Subject20_1.edf|16.000|20.000,Subject20,rest,0,Subject20_1.edf,16.0,20.0,182.0,False,4.0,2.0,4s_windows_50pct_overlap,calibration,2405,True,False,False
Subject20|rest|Subject20_1.edf|18.000|22.000,Subject20,rest,0,Subject20_1.edf,18.0,22.0,182.0,False,4.0,2.0,4s_windows_50pct_overlap,calibration,2406,True,False,False
Subject20|rest|Subject20_1.edf|20.000|24.000,Subject20,rest,0,Subject20_1.edf,20.0,24.0,182.0,False,4.0,2.0,4s_windows_50pct_overlap,calibration,2407,True,False,False
Subject20|rest|Subject20_1.edf|22.000|26.000,Subject20,rest,0,Subject20_1.edf,22.0,26.0,182.0,False,4.0,2.0,4s_windows_50pct_overlap,calibration,2408,True,False,False
Subject20|rest|Subject20_1.edf|24.000|28.000,Subject20,rest,0,Subject20_1.edf,24.0,28.0,182.0,False,4.0,2.0,4s_windows_50pct_overlap,calibration,2409,True,False,False
Subject20|rest|Subject20_1.edf|26.000|30.000,Subject20,rest,0,Subject20_1.edf,26.0,30.0,182.0,False,4.0,2.0,4s_windows_50pct_overlap,calibration,2410,True,False,False
Subject20|rest|Subject20_1.edf|28.000|32.000,Subject20,rest,0,Subject20_1.edf,28.0,32.0,182.0,False,4.0,2.0,4s_windows_50pct_overlap,unused,2411,False,False,False
Subject20|rest|Subject20_1.edf|30.000|34.000,Subject20,rest,0,Subject20_1.edf,30.0,34.0,182.0,False,4.0,2.0,4s_windows_50pct_overlap,scored_rest,2412,False,True,False
Subject20|rest|Subject20_1.edf|32.000|36.000,Subject20,rest,0,Subject20_1.edf,32.0,36.0,182.0,False,4.0,2.0,4s_windows_50pct_overlap,scored_rest,2413,False,True,False
Subject20|rest|Subject20_1.edf|34.000|38.000,Subject20,rest,0,Subject20_1.edf,34.0,38.0,182.0,False,4.0,2.0,4s_windows_50pct_overlap,scored_rest,2414,False,True,False
Subject20|rest|Subject20_1.edf|36.000|40.000,Subject20,rest,0,Subject20_1.edf,36.0,40.0,182.0,False,4.0,2.0,4s_windows_50pct_overlap,scored_rest,2415,False,True,False
Subject20|rest|Subject20_1.edf|38.000|42.000,Subject20,rest,0,Subject20_1.edf,38.0,42.0,182.0,False,4.0,2.0,4s_windows_50pct_overlap,scored_rest,2416,False,True,False
Subject20|rest|Subject20_1.edf|40.000|44.000,Subject20,rest,0,Subject20_1.edf,40.0,44.0,182.0,False,4.0,2.0,4s_windows_50pct_overlap,scored_rest,2417,False,True,False
Subject20|rest|Subject20_1.edf|42.000|46.000,Subject20,rest,0,Subject20_1.edf,42.0,46.0,182.0,False,4.0,2.0,4s_windows_50pct_overlap,scored_rest,2418,False,True,False
Subject20|rest|Subject20_1.edf|44.000|48.000,Subject20,rest,0,Subject20_1.edf,44.0,48.0,182.0,False,4.0,2.0,4s_windows_50pct_overlap,scored_rest,2419,False,True,False
Subject20|rest|Subject20_1.edf|46.000|50.000,Subject20,rest,0,Subject20_1.edf,46.0,50.0,182.0,False,4.0,2.0,4s_windows_50pct_overlap,scored_rest,2420,False,True,False
Subject20|rest|Subject20_1.edf|48.000|52.000,Subject20,rest,0,Subject20_1.edf,48.0,52.0,182.0,False,4.0,2.0,4s_windows_50pct_overlap,scored_rest,2421,False,True,False
Subject20|rest|Subject20_1.edf|50.000|54.000,Subject20,rest,0,Subject20_1.edf,50.0,54.0,182.0,False,4.0,2.0,4s_windows_50pct_overlap,scored_rest,2422,False,True,False
Subject20|rest|Subject20_1.edf|52.000|56.000,Subject20,rest,0,Subject20_1.edf,52.0,56.0,182.0,False,4.0,2.0,4s_windows_50pct_overlap,scored_rest,2423,False,True,False
Subject20|rest|Subject20_1.edf|54.000|58.000,Subject20,rest,0,Subject20_1.edf,54.0,58.0,182.0,False,4.0,2.0,4s_windows_50pct_overlap,scored_rest,2424,False,True,False
Subject20|rest|Subject20_1.edf|56.000|60.000,Subject20,rest,0,Subject20_1.edf,56.0,60.0,182.0,False,4.0,2.0,4s_windows_50pct_overlap,scored_rest,2425,False,True,False
Subject20|rest|Subject20_1.edf|58.000|62.000,Subject20,rest,0,Subject20_1.edf,58.0,62.0,182.0,False,4.0,2.0,4s_windows_50pct_overlap,unused,2426,False,False,False
Subject20|rest|Subject20_1.edf|60.000|64.000,Subject20,rest,0,Subject20_1.edf,60.0,64.0,182.0,False,4.0,2.0,4s_windows_50pct_overlap,unused,2427,False,False,False
Subject20|rest|Subject20_1.edf|62.000|66.000,Subject20,rest,0,Subject20_1.edf,62.0,66.0,182.0,False,4.0,2.0,4s_windows_50pct_overlap,unused,2428,False,False,False
Subject20|rest|Subject20_1.edf|64.000|68.000,Subject20,rest,0,Subject20_1.edf,64.0,68.0,182.0,False,4.0,2.0,4s_windows_50pct_overlap,unused,2429,False,False,False
Subject20|rest|Subject20_1.edf|66.000|70.000,Subject20,rest,0,Subject20_1.edf,66.0,70.0,182.0,False,4.0,2.0,4s_windows_50pct_overlap,unused,2430,False,False,False
Subject20|rest|Subject20_1.edf|68.000|72.000,Subject20,rest,0,Subject20_1.edf,68.0,72.0,182.0,False,4.0,2.0,4s_windows_50pct_overlap,unused,2431,False,False,False
Subject20|rest|Subject20_1.edf|70.000|74.000,Subject20,rest,0,Subject20_1.edf,70.0,74.0,182.0,False,4.0,2.0,4s_windows_50pct_overlap,unused,2432,False,False,False
Subject20|rest|Subject20_1.edf|72.000|76.000,Subject20,rest,0,Subject20_1.edf,72.0,76.0,182.0,False,4.0,2.0,4s_windows_50pct_overlap,unused,2433,False,False,False
Subject20|rest|Subject20_1.edf|74.000|78.000,Subject20,rest,0,Subject20_1.edf,74.0,78.0,182.0,False,4.0,2.0,4s_windows_50pct_overlap,unused,2434,False,False,False
Subject20|rest|Subject20_1.edf|76.000|80.000,Subject20,rest,0,Subject20_1.edf,76.0,80.0,182.0,False,4.0,2.0,4s_windows_50pct_overlap,unused,2435,False,False,False
Subject20|rest|Subject20_1.edf|78.000|82.000,Subject20,rest,0,Subject20_1.edf,78.0,82.0,182.0,False,4.0,2.0,4s_windows_50pct_overlap,unused,2436,False,False,False
Subject20|rest|Subject20_1.edf|80.000|84.000,Subject20,rest,0,Subject20_1.edf,80.0,84.0,182.0,False,4.0,2.0,4s_windows_50pct_overlap,unused,2437,False,False,False
Subject20|rest|Subject20_1.edf|82.000|86.000,Subject20,rest,0,Subject20_1.edf,82.0,86.0,182.0,False,4.0,2.0,4s_windows_50pct_overlap,unused,2438,False,False,False
Subject20|rest|Subject20_1.edf|84.000|88.000,Subject20,rest,0,Subject20_1.edf,84.0,88.0,182.0,False,4.0,2.0,4s_windows_50pct_overlap,unused,2439,False,False,False
Subject20|rest|Subject20_1.edf|86.000|90.000,Subject20,rest,0,Subject20_1.edf,86.0,90.0,182.0,False,4.0,2.0,4s_windows_50pct_overlap,unused,2440,False,False,False
Subject20|rest|Subject20_1.edf|88.000|92.000,Subject20,rest,0,Subject20_1.edf,88.0,92.0,182.0,False,4.0,2.0,4s_windows_50pct_overlap,unused,2441,False,False,False
Subject20|rest|Subject20_1.edf|90.000|94.000,Subject20,rest,0,Subject20_1.edf,90.0,94.0,182.0,False,4.0,2.0,4s_windows_50pct_overlap,unused,2442,False,False,False
Subject20|rest|Subject20_1.edf|92.000|96.000,Subject20,rest,0,Subject20_1.edf,92.0,96.0,182.0,False,4.0,2.0,4s_windows_50pct_overlap,unused,2443,False,False,False
Subject20|rest|Subject20_1.edf|94.000|98.000,Subject20,rest,0,Subject20_1.edf,94.0,98.0,182.0,False,4.0,2.0,4s_windows_50pct_overlap,unused,2444,False,False,False
Subject20|rest|Subject20_1.edf|96.000|100.000,Subject20,rest,0,Subject20_1.edf,96.0,100.0,182.0,False,4.0,2.0,4s_windows_50pct_overlap,unused,2445,False,False,False
Subject20|rest|Subject20_1.edf|98.000|102.000,Subject20,rest,0,Subject20_1.edf,98.0,102.0,182.0,False,4.0,2.0,4s_windows_50pct_overlap,unused,2446,False,False,False
Subject20|rest|Subject20_1.edf|100.000|104.000,Subject20,rest,0,Subject20_1.edf,100.0,104.0,182.0,False,4.0,2.0,4s_windows_50pct_overlap,unused,2447,False,False,False
Subject20|rest|Subject20_1.edf|102.000|106.000,Subject20,rest,0,Subject20_1.edf,102.0,106.0,182.0,False,4.0,2.0,4s_windows_50pct_overlap,unused,2448,False,False,False
Subject20|rest|Subject20_1.edf|104.000|108.000,Subject20,rest,0,Subject20_1.edf,104.0,108.0,182.0,False,4.0,2.0,4s_windows_50pct_overlap,unused,2449,False,False,False
Subject20|rest|Subject20_1.edf|106.000|110.000,Subject20,rest,0,Subject20_1.edf,106.0,110.0,182.0,False,4.0,2.0,4s_windows_50pct_overlap,unused,2450,False,False,False
Subject20|rest|Subject20_1.edf|108.000|112.000,Subject20,rest,0,Subject20_1.edf,108.0,112.0,182.0,False,4.0,2.0,4s_windows_50pct_overlap,unused,2451,False,False,False
Subject20|rest|Subject20_1.edf|110.000|114.000,Subject20,rest,0,Subject20_1.edf,110.0,114.0,182.0,False,4.0,2.0,4s_windows_50pct_overlap,unused,2452,False,False,False
Subject20|rest|Subject20_1.edf|112.000|116.000,Subject20,rest,0,Subject20_1.edf,112.0,116.0,182.0,False,4.0,2.0,4s_windows_50pct_overlap,unused,2453,False,False,False
Subject20|rest|Subject20_1.edf|114.000|118.000,Subject20,rest,0,Subject20_1.edf,114.0,118.0,182.0,False,4.0,2.0,4s_windows_50pct_overlap,unused,2454,False,False,False
Subject20|rest|Subject20_1.edf|116.000|120.000,Subject20,rest,0,Subject20_1.edf,116.0,120.0,182.0,False,4.0,2.0,4s_windows_50pct_overlap,unused,2455,False,False,False
Subject20|rest|Subject20_1.edf|118.000|122.000,Subject20,rest,0,Subject20_1.edf,118.0,122.0,182.0,False,4.0,2.0,4s_windows_50pct_overlap,unused,2456,False,False,False
Subject20|rest|Subject20_1.edf|120.000|124.000,Subject20,rest,0,Subject20_1.edf,120.0,124.0,182.0,False,4.0,2.0,4s_windows_50pct_overlap,unused,2457,False,False,False
Subject20|rest|Subject20_1.edf|122.000|126.000,Subject20,rest,0,Subject20_1.edf,122.0,126.0,182.0,False,4.0,2.0,4s_windows_50pct_overlap,unused,2458,False,False,False
Subject20|rest|Subject20_1.edf|124.000|128.000,Subject20,rest,0,Subject20_1.edf,124.0,128.0,182.0,False,4.0,2.0,4s_windows_50pct_overlap,unused,2459,False,False,False
Subject20|rest|Subject20_1.edf|126.000|130.000,Subject20,rest,0,Subject20_1.edf,126.0,130.0,182.0,False,4.0,2.0,4s_windows_50pct_overlap,unused,2460,False,False,False
Subject20|rest|Subject20_1.edf|128.000|132.000,Subject20,rest,0,Subject20_1.edf,128.0,132.0,182.0,False,4.0,2.0,4s_windows_50pct_overlap,unused,2461,False,False,False
Subject20|rest|Subject20_1.edf|130.000|134.000,Subject20,rest,0,Subject20_1.edf,130.0,134.0,182.0,False,4.0,2.0,4s_windows_50pct_overlap,unused,2462,False,False,False
Subject20|rest|Subject20_1.edf|132.000|136.000,Subject20,rest,0,Subject20_1.edf,132.0,136.0,182.0,False,4.0,2.0,4s_windows_50pct_overlap,unused,2463,False,False,False
Subject20|rest|Subject20_1.edf|134.000|138.000,Subject20,rest,0,Subject20_1.edf,134.0,138.0,182.0,False,4.0,2.0,4s_windows_50pct_overlap,unused,2464,False,False,False
Subject20|rest|Subject20_1.edf|136.000|140.000,Subject20,rest,0,Subject20_1.edf,136.0,140.0,182.0,False,4.0,2.0,4s_windows_50pct_overlap,unused,2465,False,False,False
Subject20|rest|Subject20_1.edf|138.000|142.000,Subject20,rest,0,Subject20_1.edf,138.0,142.0,182.0,False,4.0,2.0,4s_windows_50pct_overlap,unused,2466,False,False,False
Subject20|rest|Subject20_1.edf|140.000|144.000,Subject20,rest,0,Subject20_1.edf,140.0,144.0,182.0,False,4.0,2.0,4s_windows_50pct_overlap,unused,2467,False,False,False
Subject20|rest|Subject20_1.edf|142.000|146.000,Subject20,rest,0,Subject20_1.edf,142.0,146.0,182.0,False,4.0,2.0,4s_windows_50pct_overlap,unused,2468,False,False,False
Subject20|rest|Subject20_1.edf|144.000|148.000,Subject20,rest,0,Subject20_1.edf,144.0,148.0,182.0,False,4.0,2.0,4s_windows_50pct_overlap,unused,2469,False,False,False
Subject20|rest|Subject20_1.edf|146.000|150.000,Subject20,rest,0,Subject20_1.edf,146.0,150.0,182.0,False,4.0,2.0,4s_windows_50pct_overlap,unused,2470,False,False,False
Subject20|rest|Subject20_1.edf|148.000|152.000,Subject20,rest,0,Subject20_1.edf,148.0,152.0,182.0,False,4.0,2.0,4s_windows_50pct_overlap,unused,2471,False,False,False
Subject20|rest|Subject20_1.edf|150.000|154.000,Subject20,rest,0,Subject20_1.edf,150.0,154.0,182.0,False,4.0,2.0,4s_windows_50pct_overlap,unused,2472,False,False,False
Subject20|rest|Subject20_1.edf|152.000|156.000,Subject20,rest,0,Subject20_1.edf,152.0,156.0,182.0,False,4.0,2.0,4s_windows_50pct_overlap,unused,2473,False,False,False
Subject20|rest|Subject20_1.edf|154.000|158.000,Subject20,rest,0,Subject20_1.edf,154.0,158.0,182.0,False,4.0,2.0,4s_windows_50pct_overlap,unused,2474,False,False,False
Subject20|rest|Subject20_1.edf|156.000|160.000,Subject20,rest,0,Subject20_1.edf,156.0,160.0,182.0,False,4.0,2.0,4s_windows_50pct_overlap,unused,2475,False,False,False
Subject20|rest|Subject20_1.edf|158.000|162.000,Subject20,rest,0,Subject20_1.edf,158.0,162.0,182.0,False,4.0,2.0,4s_windows_50pct_overlap,unused,2476,False,False,False
Subject20|rest|Subject20_1.edf|160.000|164.000,Subject20,rest,0,Subject20_1.edf,160.0,164.0,182.0,False,4.0,2.0,4s_windows_50pct_overlap,unused,2477,False,False,False
Subject20|rest|Subject20_1.edf|162.000|166.000,Subject20,rest,0,Subject20_1.edf,162.0,166.0,182.0,False,4.0,2.0,4s_windows_50pct_overlap,unused,2478,False,False,False
Subject20|rest|Subject20_1.edf|164.000|168.000,Subject20,rest,0,Subject20_1.edf,164.0,168.0,182.0,False,4.0,2.0,4s_windows_50pct_overlap,unused,2479,False,False,False
Subject20|rest|Subject20_1.edf|166.000|170.000,Subject20,rest,0,Subject20_1.edf,166.0,170.0,182.0,False,4.0,2.0,4s_windows_50pct_overlap,unused,2480,False,False,False
Subject20|rest|Subject20_1.edf|168.000|172.000,Subject20,rest,0,Subject20_1.edf,168.0,172.0,182.0,False,4.0,2.0,4s_windows_50pct_overlap,unused,2481,False,False,False
Subject20|rest|Subject20_1.edf|170.000|174.000,Subject20,rest,0,Subject20_1.edf,170.0,174.0,182.0,False,4.0,2.0,4s_windows_50pct_overlap,unused,2482,False,False,False
Subject20|rest|Subject20_1.edf|172.000|176.000,Subject20,rest,0,Subject20_1.edf,172.0,176.0,182.0,False,4.0,2.0,4s_windows_50pct_overlap,unused,2483,False,False,False
Subject20|rest|Subject20_1.edf|174.000|178.000,Subject20,rest,0,Subject20_1.edf,174.0,178.0,182.0,False,4.0,2.0,4s_windows_50pct_overlap,unused,2484,False,False,False
Subject20|rest|Subject20_1.edf|176.000|180.000,Subject20,rest,0,Subject20_1.edf,176.0,180.0,182.0,False,4.0,2.0,4s_windows_50pct_overlap,unused,2485,False,False,False
Subject20|rest|Subject20_1.edf|178.000|182.000,Subject20,rest,0,Subject20_1.edf,178.0,182.0,182.0,False,4.0,2.0,4s_windows_50pct_overlap,unused,2486,False,False,False
Subject20|arithmetic|Subject20_2.edf|0.000|4.000,Subject20,arithmetic,1,Subject20_2.edf,0.0,4.0,62.0,False,4.0,2.0,4s_windows_50pct_overlap,scored_task,2487,False,True,False
Subject20|arithmetic|Subject20_2.edf|2.000|6.000,Subject20,arithmetic,1,Subject20_2.edf,2.0,6.0,62.0,False,4.0,2.0,4s_windows_50pct_overlap,scored_task,2488,False,True,False
Subject20|arithmetic|Subject20_2.edf|4.000|8.000,Subject20,arithmetic,1,Subject20_2.edf,4.0,8.0,62.0,False,4.0,2.0,4s_windows_50pct_overlap,scored_task,2489,False,True,False
Subject20|arithmetic|Subject20_2.edf|6.000|10.000,Subject20,arithmetic,1,Subject20_2.edf,6.0,10.0,62.0,False,4.0,2.0,4s_windows_50pct_overlap,scored_task,2490,False,True,False
Subject20|arithmetic|Subject20_2.edf|8.000|12.000,Subject20,arithmetic,1,Subject20_2.edf,8.0,12.0,62.0,False,4.0,2.0,4s_windows_50pct_overlap,scored_task,2491,False,True,False
Subject20|arithmetic|Subject20_2.edf|10.000|14.000,Subject20,arithmetic,1,Subject20_2.edf,10.0,14.0,62.0,False,4.0,2.0,4s_windows_50pct_overlap,scored_task,2492,False,True,False
Subject20|arithmetic|Subject20_2.edf|12.000|16.000,Subject20,arithmetic,1,Subject20_2.edf,12.0,16.0,62.0,False,4.0,2.0,4s_windows_50pct_overlap,scored_task,2493,False,True,False
Subject20|arithmetic|Subject20_2.edf|14.000|18.000,Subject20,arithmetic,1,Subject20_2.edf,14.0,18.0,62.0,False,4.0,2.0,4s_windows_50pct_overlap,scored_task,2494,False,True,False
Subject20|arithmetic|Subject20_2.edf|16.000|20.000,Subject20,arithmetic,1,Subject20_2.edf,16.0,20.0,62.0,False,4.0,2.0,4s_windows_50pct_overlap,scored_task,2495,False,True,False
Subject20|arithmetic|Subject20_2.edf|18.000|22.000,Subject20,arithmetic,1,Subject20_2.edf,18.0,22.0,62.0,False,4.0,2.0,4s_windows_50pct_overlap,scored_task,2496,False,True,False
Subject20|arithmetic|Subject20_2.edf|20.000|24.000,Subject20,arithmetic,1,Subject20_2.edf,20.0,24.0,62.0,False,4.0,2.0,4s_windows_50pct_overlap,scored_task,2497,False,True,False
Subject20|arithmetic|Subject20_2.edf|22.000|26.000,Subject20,arithmetic,1,Subject20_2.edf,22.0,26.0,62.0,False,4.0,2.0,4s_windows_50pct_overlap,scored_task,2498,False,True,False
Subject20|arithmetic|Subject20_2.edf|24.000|28.000,Subject20,arithmetic,1,Subject20_2.edf,24.0,28.0,62.0,False,4.0,2.0,4s_windows_50pct_overlap,scored_task,2499,False,True,False
Subject20|arithmetic|Subject20_2.edf|26.000|30.000,Subject20,arithmetic,1,Subject20_2.edf,26.0,30.0,62.0,False,4.0,2.0,4s_windows_50pct_overlap,scored_task,2500,False,True,False
Subject20|arithmetic|Subject20_2.edf|28.000|32.000,Subject20,arithmetic,1,Subject20_2.edf,28.0,32.0,62.0,False,4.0,2.0,4s_windows_50pct_overlap,unused,2501,False,False,False
Subject20|arithmetic|Subject20_2.edf|30.000|34.000,Subject20,arithmetic,1,Subject20_2.edf,30.0,34.0,62.0,False,4.0,2.0,4s_windows_50pct_overlap,unused,2502,False,False,False
Subject20|arithmetic|Subject20_2.edf|32.000|36.000,Subject20,arithmetic,1,Subject20_2.edf,32.0,36.0,62.0,False,4.0,2.0,4s_windows_50pct_overlap,unused,2503,False,False,False
Subject20|arithmetic|Subject20_2.edf|34.000|38.000,Subject20,arithmetic,1,Subject20_2.edf,34.0,38.0,62.0,False,4.0,2.0,4s_windows_50pct_overlap,unused,2504,False,False,False
Subject20|arithmetic|Subject20_2.edf|36.000|40.000,Subject20,arithmetic,1,Subject20_2.edf,36.0,40.0,62.0,False,4.0,2.0,4s_windows_50pct_overlap,unused,2505,False,False,False
Subject20|arithmetic|Subject20_2.edf|38.000|42.000,Subject20,arithmetic,1,Subject20_2.edf,38.0,42.0,62.0,False,4.0,2.0,4s_windows_50pct_overlap,unused,2506,False,False,False
Subject20|arithmetic|Subject20_2.edf|40.000|44.000,Subject20,arithmetic,1,Subject20_2.edf,40.0,44.0,62.0,False,4.0,2.0,4s_windows_50pct_overlap,unused,2507,False,False,False
Subject20|arithmetic|Subject20_2.edf|42.000|46.000,Subject20,arithmetic,1,Subject20_2.edf,42.0,46.0,62.0,False,4.0,2.0,4s_windows_50pct_overlap,unused,2508,False,False,False
Subject20|arithmetic|Subject20_2.edf|44.000|48.000,Subject20,arithmetic,1,Subject20_2.edf,44.0,48.0,62.0,False,4.0,2.0,4s_windows_50pct_overlap,unused,2509,False,False,False
Subject20|arithmetic|Subject20_2.edf|46.000|50.000,Subject20,arithmetic,1,Subject20_2.edf,46.0,50.0,62.0,False,4.0,2.0,4s_windows_50pct_overlap,unused,2510,False,False,False
Subject20|arithmetic|Subject20_2.edf|48.000|52.000,Subject20,arithmetic,1,Subject20_2.edf,48.0,52.0,62.0,False,4.0,2.0,4s_windows_50pct_overlap,unused,2511,False,False,False
Subject20|arithmetic|Subject20_2.edf|50.000|54.000,Subject20,arithmetic,1,Subject20_2.edf,50.0,54.0,62.0,False,4.0,2.0,4s_windows_50pct_overlap,unused,2512,False,False,False
Subject20|arithmetic|Subject20_2.edf|52.000|56.000,Subject20,arithmetic,1,Subject20_2.edf,52.0,56.0,62.0,False,4.0,2.0,4s_windows_50pct_overlap,unused,2513,False,False,False
Subject20|arithmetic|Subject20_2.edf|54.000|58.000,Subject20,arithmetic,1,Subject20_2.edf,54.0,58.0,62.0,False,4.0,2.0,4s_windows_50pct_overlap,unused,2514,False,False,False
Subject20|arithmetic|Subject20_2.edf|56.000|60.000,Subject20,arithmetic,1,Subject20_2.edf,56.0,60.0,62.0,False,4.0,2.0,4s_windows_50pct_overlap,unused,2515,False,False,False
Subject20|arithmetic|Subject20_2.edf|58.000|62.000,Subject20,arithmetic,1,Subject20_2.edf,58.0,62.0,62.0,False,4.0,2.0,4s_windows_50pct_overlap,unused,2516,False,False,False
Subject21|rest|Subject21_1.edf|0.000|4.000,Subject21,rest,0,Subject21_1.edf,0.0,4.0,182.0,False,4.0,2.0,4s_windows_50pct_overlap,calibration,2517,True,False,False
Subject21|rest|Subject21_1.edf|2.000|6.000,Subject21,rest,0,Subject21_1.edf,2.0,6.0,182.0,False,4.0,2.0,4s_windows_50pct_overlap,calibration,2518,True,False,False
Subject21|rest|Subject21_1.edf|4.000|8.000,Subject21,rest,0,Subject21_1.edf,4.0,8.0,182.0,False,4.0,2.0,4s_windows_50pct_overlap,calibration,2519,True,False,False
Subject21|rest|Subject21_1.edf|6.000|10.000,Subject21,rest,0,Subject21_1.edf,6.0,10.0,182.0,False,4.0,2.0,4s_windows_50pct_overlap,calibration,2520,True,False,False
Subject21|rest|Subject21_1.edf|8.000|12.000,Subject21,rest,0,Subject21_1.edf,8.0,12.0,182.0,False,4.0,2.0,4s_windows_50pct_overlap,calibration,2521,True,False,False
Subject21|rest|Subject21_1.edf|10.000|14.000,Subject21,rest,0,Subject21_1.edf,10.0,14.0,182.0,False,4.0,2.0,4s_windows_50pct_overlap,calibration,2522,True,False,False
Subject21|rest|Subject21_1.edf|12.000|16.000,Subject21,rest,0,Subject21_1.edf,12.0,16.0,182.0,False,4.0,2.0,4s_windows_50pct_overlap,calibration,2523,True,False,False
Subject21|rest|Subject21_1.edf|14.000|18.000,Subject21,rest,0,Subject21_1.edf,14.0,18.0,182.0,False,4.0,2.0,4s_windows_50pct_overlap,calibration,2524,True,False,False
Subject21|rest|Subject21_1.edf|16.000|20.000,Subject21,rest,0,Subject21_1.edf,16.0,20.0,182.0,False,4.0,2.0,4s_windows_50pct_overlap,calibration,2525,True,False,False
Subject21|rest|Subject21_1.edf|18.000|22.000,Subject21,rest,0,Subject21_1.edf,18.0,22.0,182.0,False,4.0,2.0,4s_windows_50pct_overlap,calibration,2526,True,False,False
Subject21|rest|Subject21_1.edf|20.000|24.000,Subject21,rest,0,Subject21_1.edf,20.0,24.0,182.0,False,4.0,2.0,4s_windows_50pct_overlap,calibration,2527,True,False,False
Subject21|rest|Subject21_1.edf|22.000|26.000,Subject21,rest,0,Subject21_1.edf,22.0,26.0,182.0,False,4.0,2.0,4s_windows_50pct_overlap,calibration,2528,True,False,False
Subject21|rest|Subject21_1.edf|24.000|28.000,Subject21,rest,0,Subject21_1.edf,24.0,28.0,182.0,False,4.0,2.0,4s_windows_50pct_overlap,calibration,2529,True,False,False
Subject21|rest|Subject21_1.edf|26.000|30.000,Subject21,rest,0,Subject21_1.edf,26.0,30.0,182.0,False,4.0,2.0,4s_windows_50pct_overlap,calibration,2530,True,False,False
Subject21|rest|Subject21_1.edf|28.000|32.000,Subject21,rest,0,Subject21_1.edf,28.0,32.0,182.0,False,4.0,2.0,4s_windows_50pct_overlap,unused,2531,False,False,False
Subject21|rest|Subject21_1.edf|30.000|34.000,Subject21,rest,0,Subject21_1.edf,30.0,34.0,182.0,False,4.0,2.0,4s_windows_50pct_overlap,scored_rest,2532,False,True,False
Subject21|rest|Subject21_1.edf|32.000|36.000,Subject21,rest,0,Subject21_1.edf,32.0,36.0,182.0,False,4.0,2.0,4s_windows_50pct_overlap,scored_rest,2533,False,True,False
Subject21|rest|Subject21_1.edf|34.000|38.000,Subject21,rest,0,Subject21_1.edf,34.0,38.0,182.0,False,4.0,2.0,4s_windows_50pct_overlap,scored_rest,2534,False,True,False
Subject21|rest|Subject21_1.edf|36.000|40.000,Subject21,rest,0,Subject21_1.edf,36.0,40.0,182.0,False,4.0,2.0,4s_windows_50pct_overlap,scored_rest,2535,False,True,False
Subject21|rest|Subject21_1.edf|38.000|42.000,Subject21,rest,0,Subject21_1.edf,38.0,42.0,182.0,False,4.0,2.0,4s_windows_50pct_overlap,scored_rest,2536,False,True,False
Subject21|rest|Subject21_1.edf|40.000|44.000,Subject21,rest,0,Subject21_1.edf,40.0,44.0,182.0,False,4.0,2.0,4s_windows_50pct_overlap,scored_rest,2537,False,True,False
Subject21|rest|Subject21_1.edf|42.000|46.000,Subject21,rest,0,Subject21_1.edf,42.0,46.0,182.0,False,4.0,2.0,4s_windows_50pct_overlap,scored_rest,2538,False,True,False
Subject21|rest|Subject21_1.edf|44.000|48.000,Subject21,rest,0,Subject21_1.edf,44.0,48.0,182.0,False,4.0,2.0,4s_windows_50pct_overlap,scored_rest,2539,False,True,False
Subject21|rest|Subject21_1.edf|46.000|50.000,Subject21,rest,0,Subject21_1.edf,46.0,50.0,182.0,False,4.0,2.0,4s_windows_50pct_overlap,scored_rest,2540,False,True,False
Subject21|rest|Subject21_1.edf|48.000|52.000,Subject21,rest,0,Subject21_1.edf,48.0,52.0,182.0,False,4.0,2.0,4s_windows_50pct_overlap,scored_rest,2541,False,True,False
Subject21|rest|Subject21_1.edf|50.000|54.000,Subject21,rest,0,Subject21_1.edf,50.0,54.0,182.0,False,4.0,2.0,4s_windows_50pct_overlap,scored_rest,2542,False,True,False
Subject21|rest|Subject21_1.edf|52.000|56.000,Subject21,rest,0,Subject21_1.edf,52.0,56.0,182.0,False,4.0,2.0,4s_windows_50pct_overlap,scored_rest,2543,False,True,False
Subject21|rest|Subject21_1.edf|54.000|58.000,Subject21,rest,0,Subject21_1.edf,54.0,58.0,182.0,False,4.0,2.0,4s_windows_50pct_overlap,scored_rest,2544,False,True,False
Subject21|rest|Subject21_1.edf|56.000|60.000,Subject21,rest,0,Subject21_1.edf,56.0,60.0,182.0,False,4.0,2.0,4s_windows_50pct_overlap,scored_rest,2545,False,True,False
Subject21|rest|Subject21_1.edf|58.000|62.000,Subject21,rest,0,Subject21_1.edf,58.0,62.0,182.0,False,4.0,2.0,4s_windows_50pct_overlap,unused,2546,False,False,False
Subject21|rest|Subject21_1.edf|60.000|64.000,Subject21,rest,0,Subject21_1.edf,60.0,64.0,182.0,False,4.0,2.0,4s_windows_50pct_overlap,unused,2547,False,False,False
Subject21|rest|Subject21_1.edf|62.000|66.000,Subject21,rest,0,Subject21_1.edf,62.0,66.0,182.0,False,4.0,2.0,4s_windows_50pct_overlap,unused,2548,False,False,False
Subject21|rest|Subject21_1.edf|64.000|68.000,Subject21,rest,0,Subject21_1.edf,64.0,68.0,182.0,False,4.0,2.0,4s_windows_50pct_overlap,unused,2549,False,False,False
Subject21|rest|Subject21_1.edf|66.000|70.000,Subject21,rest,0,Subject21_1.edf,66.0,70.0,182.0,False,4.0,2.0,4s_windows_50pct_overlap,unused,2550,False,False,False
Subject21|rest|Subject21_1.edf|68.000|72.000,Subject21,rest,0,Subject21_1.edf,68.0,72.0,182.0,False,4.0,2.0,4s_windows_50pct_overlap,unused,2551,False,False,False
Subject21|rest|Subject21_1.edf|70.000|74.000,Subject21,rest,0,Subject21_1.edf,70.0,74.0,182.0,False,4.0,2.0,4s_windows_50pct_overlap,unused,2552,False,False,False
Subject21|rest|Subject21_1.edf|72.000|76.000,Subject21,rest,0,Subject21_1.edf,72.0,76.0,182.0,False,4.0,2.0,4s_windows_50pct_overlap,unused,2553,False,False,False
Subject21|rest|Subject21_1.edf|74.000|78.000,Subject21,rest,0,Subject21_1.edf,74.0,78.0,182.0,False,4.0,2.0,4s_windows_50pct_overlap,unused,2554,False,False,False
Subject21|rest|Subject21_1.edf|76.000|80.000,Subject21,rest,0,Subject21_1.edf,76.0,80.0,182.0,False,4.0,2.0,4s_windows_50pct_overlap,unused,2555,False,False,False
Subject21|rest|Subject21_1.edf|78.000|82.000,Subject21,rest,0,Subject21_1.edf,78.0,82.0,182.0,False,4.0,2.0,4s_windows_50pct_overlap,unused,2556,False,False,False
Subject21|rest|Subject21_1.edf|80.000|84.000,Subject21,rest,0,Subject21_1.edf,80.0,84.0,182.0,False,4.0,2.0,4s_windows_50pct_overlap,unused,2557,False,False,False
Subject21|rest|Subject21_1.edf|82.000|86.000,Subject21,rest,0,Subject21_1.edf,82.0,86.0,182.0,False,4.0,2.0,4s_windows_50pct_overlap,unused,2558,False,False,False
Subject21|rest|Subject21_1.edf|84.000|88.000,Subject21,rest,0,Subject21_1.edf,84.0,88.0,182.0,False,4.0,2.0,4s_windows_50pct_overlap,unused,2559,False,False,False
Subject21|rest|Subject21_1.edf|86.000|90.000,Subject21,rest,0,Subject21_1.edf,86.0,90.0,182.0,False,4.0,2.0,4s_windows_50pct_overlap,unused,2560,False,False,False
Subject21|rest|Subject21_1.edf|88.000|92.000,Subject21,rest,0,Subject21_1.edf,88.0,92.0,182.0,False,4.0,2.0,4s_windows_50pct_overlap,unused,2561,False,False,False
Subject21|rest|Subject21_1.edf|90.000|94.000,Subject21,rest,0,Subject21_1.edf,90.0,94.0,182.0,False,4.0,2.0,4s_windows_50pct_overlap,unused,2562,False,False,False
Subject21|rest|Subject21_1.edf|92.000|96.000,Subject21,rest,0,Subject21_1.edf,92.0,96.0,182.0,False,4.0,2.0,4s_windows_50pct_overlap,unused,2563,False,False,False
Subject21|rest|Subject21_1.edf|94.000|98.000,Subject21,rest,0,Subject21_1.edf,94.0,98.0,182.0,False,4.0,2.0,4s_windows_50pct_overlap,unused,2564,False,False,False
Subject21|rest|Subject21_1.edf|96.000|100.000,Subject21,rest,0,Subject21_1.edf,96.0,100.0,182.0,False,4.0,2.0,4s_windows_50pct_overlap,unused,2565,False,False,False
Subject21|rest|Subject21_1.edf|98.000|102.000,Subject21,rest,0,Subject21_1.edf,98.0,102.0,182.0,False,4.0,2.0,4s_windows_50pct_overlap,unused,2566,False,False,False
Subject21|rest|Subject21_1.edf|100.000|104.000,Subject21,rest,0,Subject21_1.edf,100.0,104.0,182.0,False,4.0,2.0,4s_windows_50pct_overlap,unused,2567,False,False,False
Subject21|rest|Subject21_1.edf|102.000|106.000,Subject21,rest,0,Subject21_1.edf,102.0,106.0,182.0,False,4.0,2.0,4s_windows_50pct_overlap,unused,2568,False,False,False
Subject21|rest|Subject21_1.edf|104.000|108.000,Subject21,rest,0,Subject21_1.edf,104.0,108.0,182.0,False,4.0,2.0,4s_windows_50pct_overlap,unused,2569,False,False,False
Subject21|rest|Subject21_1.edf|106.000|110.000,Subject21,rest,0,Subject21_1.edf,106.0,110.0,182.0,False,4.0,2.0,4s_windows_50pct_overlap,unused,2570,False,False,False
Subject21|rest|Subject21_1.edf|108.000|112.000,Subject21,rest,0,Subject21_1.edf,108.0,112.0,182.0,False,4.0,2.0,4s_windows_50pct_overlap,unused,2571,False,False,False
Subject21|rest|Subject21_1.edf|110.000|114.000,Subject21,rest,0,Subject21_1.edf,110.0,114.0,182.0,False,4.0,2.0,4s_windows_50pct_overlap,unused,2572,False,False,False
Subject21|rest|Subject21_1.edf|112.000|116.000,Subject21,rest,0,Subject21_1.edf,112.0,116.0,182.0,False,4.0,2.0,4s_windows_50pct_overlap,unused,2573,False,False,False
Subject21|rest|Subject21_1.edf|114.000|118.000,Subject21,rest,0,Subject21_1.edf,114.0,118.0,182.0,False,4.0,2.0,4s_windows_50pct_overlap,unused,2574,False,False,False
Subject21|rest|Subject21_1.edf|116.000|120.000,Subject21,rest,0,Subject21_1.edf,116.0,120.0,182.0,False,4.0,2.0,4s_windows_50pct_overlap,unused,2575,False,False,False
Subject21|rest|Subject21_1.edf|118.000|122.000,Subject21,rest,0,Subject21_1.edf,118.0,122.0,182.0,False,4.0,2.0,4s_windows_50pct_overlap,unused,2576,False,False,False
Subject21|rest|Subject21_1.edf|120.000|124.000,Subject21,rest,0,Subject21_1.edf,120.0,124.0,182.0,False,4.0,2.0,4s_windows_50pct_overlap,unused,2577,False,False,False
Subject21|rest|Subject21_1.edf|122.000|126.000,Subject21,rest,0,Subject21_1.edf,122.0,126.0,182.0,False,4.0,2.0,4s_windows_50pct_overlap,unused,2578,False,False,False
Subject21|rest|Subject21_1.edf|124.000|128.000,Subject21,rest,0,Subject21_1.edf,124.0,128.0,182.0,False,4.0,2.0,4s_windows_50pct_overlap,unused,2579,False,False,False
Subject21|rest|Subject21_1.edf|126.000|130.000,Subject21,rest,0,Subject21_1.edf,126.0,130.0,182.0,False,4.0,2.0,4s_windows_50pct_overlap,unused,2580,False,False,False
Subject21|rest|Subject21_1.edf|128.000|132.000,Subject21,rest,0,Subject21_1.edf,128.0,132.0,182.0,False,4.0,2.0,4s_windows_50pct_overlap,unused,2581,False,False,False
Subject21|rest|Subject21_1.edf|130.000|134.000,Subject21,rest,0,Subject21_1.edf,130.0,134.0,182.0,False,4.0,2.0,4s_windows_50pct_overlap,unused,2582,False,False,False
Subject21|rest|Subject21_1.edf|132.000|136.000,Subject21,rest,0,Subject21_1.edf,132.0,136.0,182.0,False,4.0,2.0,4s_windows_50pct_overlap,unused,2583,False,False,False
Subject21|rest|Subject21_1.edf|134.000|138.000,Subject21,rest,0,Subject21_1.edf,134.0,138.0,182.0,False,4.0,2.0,4s_windows_50pct_overlap,unused,2584,False,False,False
Subject21|rest|Subject21_1.edf|136.000|140.000,Subject21,rest,0,Subject21_1.edf,136.0,140.0,182.0,False,4.0,2.0,4s_windows_50pct_overlap,unused,2585,False,False,False
Subject21|rest|Subject21_1.edf|138.000|142.000,Subject21,rest,0,Subject21_1.edf,138.0,142.0,182.0,False,4.0,2.0,4s_windows_50pct_overlap,unused,2586,False,False,False
Subject21|rest|Subject21_1.edf|140.000|144.000,Subject21,rest,0,Subject21_1.edf,140.0,144.0,182.0,False,4.0,2.0,4s_windows_50pct_overlap,unused,2587,False,False,False
Subject21|rest|Subject21_1.edf|142.000|146.000,Subject21,rest,0,Subject21_1.edf,142.0,146.0,182.0,False,4.0,2.0,4s_windows_50pct_overlap,unused,2588,False,False,False
Subject21|rest|Subject21_1.edf|144.000|148.000,Subject21,rest,0,Subject21_1.edf,144.0,148.0,182.0,False,4.0,2.0,4s_windows_50pct_overlap,unused,2589,False,False,False
Subject21|rest|Subject21_1.edf|146.000|150.000,Subject21,rest,0,Subject21_1.edf,146.0,150.0,182.0,False,4.0,2.0,4s_windows_50pct_overlap,unused,2590,False,False,False
Subject21|rest|Subject21_1.edf|148.000|152.000,Subject21,rest,0,Subject21_1.edf,148.0,152.0,182.0,False,4.0,2.0,4s_windows_50pct_overlap,unused,2591,False,False,False
Subject21|rest|Subject21_1.edf|150.000|154.000,Subject21,rest,0,Subject21_1.edf,150.0,154.0,182.0,False,4.0,2.0,4s_windows_50pct_overlap,unused,2592,False,False,False
Subject21|rest|Subject21_1.edf|152.000|156.000,Subject21,rest,0,Subject21_1.edf,152.0,156.0,182.0,False,4.0,2.0,4s_windows_50pct_overlap,unused,2593,False,False,False
Subject21|rest|Subject21_1.edf|154.000|158.000,Subject21,rest,0,Subject21_1.edf,154.0,158.0,182.0,False,4.0,2.0,4s_windows_50pct_overlap,unused,2594,False,False,False
Subject21|rest|Subject21_1.edf|156.000|160.000,Subject21,rest,0,Subject21_1.edf,156.0,160.0,182.0,False,4.0,2.0,4s_windows_50pct_overlap,unused,2595,False,False,False
Subject21|rest|Subject21_1.edf|158.000|162.000,Subject21,rest,0,Subject21_1.edf,158.0,162.0,182.0,False,4.0,2.0,4s_windows_50pct_overlap,unused,2596,False,False,False
Subject21|rest|Subject21_1.edf|160.000|164.000,Subject21,rest,0,Subject21_1.edf,160.0,164.0,182.0,False,4.0,2.0,4s_windows_50pct_overlap,unused,2597,False,False,False
Subject21|rest|Subject21_1.edf|162.000|166.000,Subject21,rest,0,Subject21_1.edf,162.0,166.0,182.0,False,4.0,2.0,4s_windows_50pct_overlap,unused,2598,False,False,False
Subject21|rest|Subject21_1.edf|164.000|168.000,Subject21,rest,0,Subject21_1.edf,164.0,168.0,182.0,False,4.0,2.0,4s_windows_50pct_overlap,unused,2599,False,False,False
Subject21|rest|Subject21_1.edf|166.000|170.000,Subject21,rest,0,Subject21_1.edf,166.0,170.0,182.0,False,4.0,2.0,4s_windows_50pct_overlap,unused,2600,False,False,False
Subject21|rest|Subject21_1.edf|168.000|172.000,Subject21,rest,0,Subject21_1.edf,168.0,172.0,182.0,False,4.0,2.0,4s_windows_50pct_overlap,unused,2601,False,False,False
Subject21|rest|Subject21_1.edf|170.000|174.000,Subject21,rest,0,Subject21_1.edf,170.0,174.0,182.0,False,4.0,2.0,4s_windows_50pct_overlap,unused,2602,False,False,False
Subject21|rest|Subject21_1.edf|172.000|176.000,Subject21,rest,0,Subject21_1.edf,172.0,176.0,182.0,False,4.0,2.0,4s_windows_50pct_overlap,unused,2603,False,False,False
Subject21|rest|Subject21_1.edf|174.000|178.000,Subject21,rest,0,Subject21_1.edf,174.0,178.0,182.0,False,4.0,2.0,4s_windows_50pct_overlap,unused,2604,False,False,False
Subject21|rest|Subject21_1.edf|176.000|180.000,Subject21,rest,0,Subject21_1.edf,176.0,180.0,182.0,False,4.0,2.0,4s_windows_50pct_overlap,unused,2605,False,False,False
Subject21|rest|Subject21_1.edf|178.000|182.000,Subject21,rest,0,Subject21_1.edf,178.0,182.0,182.0,False,4.0,2.0,4s_windows_50pct_overlap,unused,2606,False,False,False
Subject21|arithmetic|Subject21_2.edf|0.000|4.000,Subject21,arithmetic,1,Subject21_2.edf,0.0,4.0,62.0,False,4.0,2.0,4s_windows_50pct_overlap,scored_task,2607,False,True,False
Subject21|arithmetic|Subject21_2.edf|2.000|6.000,Subject21,arithmetic,1,Subject21_2.edf,2.0,6.0,62.0,False,4.0,2.0,4s_windows_50pct_overlap,scored_task,2608,False,True,False
Subject21|arithmetic|Subject21_2.edf|4.000|8.000,Subject21,arithmetic,1,Subject21_2.edf,4.0,8.0,62.0,False,4.0,2.0,4s_windows_50pct_overlap,scored_task,2609,False,True,False
Subject21|arithmetic|Subject21_2.edf|6.000|10.000,Subject21,arithmetic,1,Subject21_2.edf,6.0,10.0,62.0,False,4.0,2.0,4s_windows_50pct_overlap,scored_task,2610,False,True,False
Subject21|arithmetic|Subject21_2.edf|8.000|12.000,Subject21,arithmetic,1,Subject21_2.edf,8.0,12.0,62.0,False,4.0,2.0,4s_windows_50pct_overlap,scored_task,2611,False,True,False
Subject21|arithmetic|Subject21_2.edf|10.000|14.000,Subject21,arithmetic,1,Subject21_2.edf,10.0,14.0,62.0,False,4.0,2.0,4s_windows_50pct_overlap,scored_task,2612,False,True,False
Subject21|arithmetic|Subject21_2.edf|12.000|16.000,Subject21,arithmetic,1,Subject21_2.edf,12.0,16.0,62.0,False,4.0,2.0,4s_windows_50pct_overlap,scored_task,2613,False,True,False
Subject21|arithmetic|Subject21_2.edf|14.000|18.000,Subject21,arithmetic,1,Subject21_2.edf,14.0,18.0,62.0,False,4.0,2.0,4s_windows_50pct_overlap,scored_task,2614,False,True,False
Subject21|arithmetic|Subject21_2.edf|16.000|20.000,Subject21,arithmetic,1,Subject21_2.edf,16.0,20.0,62.0,False,4.0,2.0,4s_windows_50pct_overlap,scored_task,2615,False,True,False
Subject21|arithmetic|Subject21_2.edf|18.000|22.000,Subject21,arithmetic,1,Subject21_2.edf,18.0,22.0,62.0,False,4.0,2.0,4s_windows_50pct_overlap,scored_task,2616,False,True,False
Subject21|arithmetic|Subject21_2.edf|20.000|24.000,Subject21,arithmetic,1,Subject21_2.edf,20.0,24.0,62.0,False,4.0,2.0,4s_windows_50pct_overlap,scored_task,2617,False,True,False
Subject21|arithmetic|Subject21_2.edf|22.000|26.000,Subject21,arithmetic,1,Subject21_2.edf,22.0,26.0,62.0,False,4.0,2.0,4s_windows_50pct_overlap,scored_task,2618,False,True,False
Subject21|arithmetic|Subject21_2.edf|24.000|28.000,Subject21,arithmetic,1,Subject21_2.edf,24.0,28.0,62.0,False,4.0,2.0,4s_windows_50pct_overlap,scored_task,2619,False,True,False
Subject21|arithmetic|Subject21_2.edf|26.000|30.000,Subject21,arithmetic,1,Subject21_2.edf,26.0,30.0,62.0,False,4.0,2.0,4s_windows_50pct_overlap,scored_task,2620,False,True,False
Subject21|arithmetic|Subject21_2.edf|28.000|32.000,Subject21,arithmetic,1,Subject21_2.edf,28.0,32.0,62.0,False,4.0,2.0,4s_windows_50pct_overlap,unused,2621,False,False,False
Subject21|arithmetic|Subject21_2.edf|30.000|34.000,Subject21,arithmetic,1,Subject21_2.edf,30.0,34.0,62.0,False,4.0,2.0,4s_windows_50pct_overlap,unused,2622,False,False,False
Subject21|arithmetic|Subject21_2.edf|32.000|36.000,Subject21,arithmetic,1,Subject21_2.edf,32.0,36.0,62.0,False,4.0,2.0,4s_windows_50pct_overlap,unused,2623,False,False,False
Subject21|arithmetic|Subject21_2.edf|34.000|38.000,Subject21,arithmetic,1,Subject21_2.edf,34.0,38.0,62.0,False,4.0,2.0,4s_windows_50pct_overlap,unused,2624,False,False,False
Subject21|arithmetic|Subject21_2.edf|36.000|40.000,Subject21,arithmetic,1,Subject21_2.edf,36.0,40.0,62.0,False,4.0,2.0,4s_windows_50pct_overlap,unused,2625,False,False,False
Subject21|arithmetic|Subject21_2.edf|38.000|42.000,Subject21,arithmetic,1,Subject21_2.edf,38.0,42.0,62.0,False,4.0,2.0,4s_windows_50pct_overlap,unused,2626,False,False,False
Subject21|arithmetic|Subject21_2.edf|40.000|44.000,Subject21,arithmetic,1,Subject21_2.edf,40.0,44.0,62.0,False,4.0,2.0,4s_windows_50pct_overlap,unused,2627,False,False,False
Subject21|arithmetic|Subject21_2.edf|42.000|46.000,Subject21,arithmetic,1,Subject21_2.edf,42.0,46.0,62.0,False,4.0,2.0,4s_windows_50pct_overlap,unused,2628,False,False,False
Subject21|arithmetic|Subject21_2.edf|44.000|48.000,Subject21,arithmetic,1,Subject21_2.edf,44.0,48.0,62.0,False,4.0,2.0,4s_windows_50pct_overlap,unused,2629,False,False,False
Subject21|arithmetic|Subject21_2.edf|46.000|50.000,Subject21,arithmetic,1,Subject21_2.edf,46.0,50.0,62.0,False,4.0,2.0,4s_windows_50pct_overlap,unused,2630,False,False,False
Subject21|arithmetic|Subject21_2.edf|48.000|52.000,Subject21,arithmetic,1,Subject21_2.edf,48.0,52.0,62.0,False,4.0,2.0,4s_windows_50pct_overlap,unused,2631,False,False,False
Subject21|arithmetic|Subject21_2.edf|50.000|54.000,Subject21,arithmetic,1,Subject21_2.edf,50.0,54.0,62.0,False,4.0,2.0,4s_windows_50pct_overlap,unused,2632,False,False,False
Subject21|arithmetic|Subject21_2.edf|52.000|56.000,Subject21,arithmetic,1,Subject21_2.edf,52.0,56.0,62.0,False,4.0,2.0,4s_windows_50pct_overlap,unused,2633,False,False,False
Subject21|arithmetic|Subject21_2.edf|54.000|58.000,Subject21,arithmetic,1,Subject21_2.edf,54.0,58.0,62.0,False,4.0,2.0,4s_windows_50pct_overlap,unused,2634,False,False,False
Subject21|arithmetic|Subject21_2.edf|56.000|60.000,Subject21,arithmetic,1,Subject21_2.edf,56.0,60.0,62.0,False,4.0,2.0,4s_windows_50pct_overlap,unused,2635,False,False,False
Subject21|arithmetic|Subject21_2.edf|58.000|62.000,Subject21,arithmetic,1,Subject21_2.edf,58.0,62.0,62.0,False,4.0,2.0,4s_windows_50pct_overlap,unused,2636,False,False,False
Subject22|rest|Subject22_1.edf|0.000|4.000,Subject22,rest,0,Subject22_1.edf,0.0,4.0,182.0,False,4.0,2.0,4s_windows_50pct_overlap,calibration,2637,True,False,False
Subject22|rest|Subject22_1.edf|2.000|6.000,Subject22,rest,0,Subject22_1.edf,2.0,6.0,182.0,False,4.0,2.0,4s_windows_50pct_overlap,calibration,2638,True,False,False
Subject22|rest|Subject22_1.edf|4.000|8.000,Subject22,rest,0,Subject22_1.edf,4.0,8.0,182.0,False,4.0,2.0,4s_windows_50pct_overlap,calibration,2639,True,False,False
Subject22|rest|Subject22_1.edf|6.000|10.000,Subject22,rest,0,Subject22_1.edf,6.0,10.0,182.0,False,4.0,2.0,4s_windows_50pct_overlap,calibration,2640,True,False,False
Subject22|rest|Subject22_1.edf|8.000|12.000,Subject22,rest,0,Subject22_1.edf,8.0,12.0,182.0,False,4.0,2.0,4s_windows_50pct_overlap,calibration,2641,True,False,False
Subject22|rest|Subject22_1.edf|10.000|14.000,Subject22,rest,0,Subject22_1.edf,10.0,14.0,182.0,False,4.0,2.0,4s_windows_50pct_overlap,calibration,2642,True,False,False
Subject22|rest|Subject22_1.edf|12.000|16.000,Subject22,rest,0,Subject22_1.edf,12.0,16.0,182.0,False,4.0,2.0,4s_windows_50pct_overlap,calibration,2643,True,False,False
Subject22|rest|Subject22_1.edf|14.000|18.000,Subject22,rest,0,Subject22_1.edf,14.0,18.0,182.0,False,4.0,2.0,4s_windows_50pct_overlap,calibration,2644,True,False,False
Subject22|rest|Subject22_1.edf|16.000|20.000,Subject22,rest,0,Subject22_1.edf,16.0,20.0,182.0,False,4.0,2.0,4s_windows_50pct_overlap,calibration,2645,True,False,False
Subject22|rest|Subject22_1.edf|18.000|22.000,Subject22,rest,0,Subject22_1.edf,18.0,22.0,182.0,False,4.0,2.0,4s_windows_50pct_overlap,calibration,2646,True,False,False
Subject22|rest|Subject22_1.edf|20.000|24.000,Subject22,rest,0,Subject22_1.edf,20.0,24.0,182.0,False,4.0,2.0,4s_windows_50pct_overlap,calibration,2647,True,False,False
Subject22|rest|Subject22_1.edf|22.000|26.000,Subject22,rest,0,Subject22_1.edf,22.0,26.0,182.0,False,4.0,2.0,4s_windows_50pct_overlap,calibration,2648,True,False,False
Subject22|rest|Subject22_1.edf|24.000|28.000,Subject22,rest,0,Subject22_1.edf,24.0,28.0,182.0,False,4.0,2.0,4s_windows_50pct_overlap,calibration,2649,True,False,False
Subject22|rest|Subject22_1.edf|26.000|30.000,Subject22,rest,0,Subject22_1.edf,26.0,30.0,182.0,False,4.0,2.0,4s_windows_50pct_overlap,calibration,2650,True,False,False
Subject22|rest|Subject22_1.edf|28.000|32.000,Subject22,rest,0,Subject22_1.edf,28.0,32.0,182.0,False,4.0,2.0,4s_windows_50pct_overlap,unused,2651,False,False,False
Subject22|rest|Subject22_1.edf|30.000|34.000,Subject22,rest,0,Subject22_1.edf,30.0,34.0,182.0,False,4.0,2.0,4s_windows_50pct_overlap,scored_rest,2652,False,True,False
Subject22|rest|Subject22_1.edf|32.000|36.000,Subject22,rest,0,Subject22_1.edf,32.0,36.0,182.0,False,4.0,2.0,4s_windows_50pct_overlap,scored_rest,2653,False,True,False
Subject22|rest|Subject22_1.edf|34.000|38.000,Subject22,rest,0,Subject22_1.edf,34.0,38.0,182.0,False,4.0,2.0,4s_windows_50pct_overlap,scored_rest,2654,False,True,False
Subject22|rest|Subject22_1.edf|36.000|40.000,Subject22,rest,0,Subject22_1.edf,36.0,40.0,182.0,False,4.0,2.0,4s_windows_50pct_overlap,scored_rest,2655,False,True,False
Subject22|rest|Subject22_1.edf|38.000|42.000,Subject22,rest,0,Subject22_1.edf,38.0,42.0,182.0,False,4.0,2.0,4s_windows_50pct_overlap,scored_rest,2656,False,True,False
Subject22|rest|Subject22_1.edf|40.000|44.000,Subject22,rest,0,Subject22_1.edf,40.0,44.0,182.0,False,4.0,2.0,4s_windows_50pct_overlap,scored_rest,2657,False,True,False
Subject22|rest|Subject22_1.edf|42.000|46.000,Subject22,rest,0,Subject22_1.edf,42.0,46.0,182.0,False,4.0,2.0,4s_windows_50pct_overlap,scored_rest,2658,False,True,False
Subject22|rest|Subject22_1.edf|44.000|48.000,Subject22,rest,0,Subject22_1.edf,44.0,48.0,182.0,False,4.0,2.0,4s_windows_50pct_overlap,scored_rest,2659,False,True,False
Subject22|rest|Subject22_1.edf|46.000|50.000,Subject22,rest,0,Subject22_1.edf,46.0,50.0,182.0,False,4.0,2.0,4s_windows_50pct_overlap,scored_rest,2660,False,True,False
Subject22|rest|Subject22_1.edf|48.000|52.000,Subject22,rest,0,Subject22_1.edf,48.0,52.0,182.0,False,4.0,2.0,4s_windows_50pct_overlap,scored_rest,2661,False,True,False
Subject22|rest|Subject22_1.edf|50.000|54.000,Subject22,rest,0,Subject22_1.edf,50.0,54.0,182.0,False,4.0,2.0,4s_windows_50pct_overlap,scored_rest,2662,False,True,False
Subject22|rest|Subject22_1.edf|52.000|56.000,Subject22,rest,0,Subject22_1.edf,52.0,56.0,182.0,False,4.0,2.0,4s_windows_50pct_overlap,scored_rest,2663,False,True,False
Subject22|rest|Subject22_1.edf|54.000|58.000,Subject22,rest,0,Subject22_1.edf,54.0,58.0,182.0,False,4.0,2.0,4s_windows_50pct_overlap,scored_rest,2664,False,True,False
Subject22|rest|Subject22_1.edf|56.000|60.000,Subject22,rest,0,Subject22_1.edf,56.0,60.0,182.0,False,4.0,2.0,4s_windows_50pct_overlap,scored_rest,2665,False,True,False
Subject22|rest|Subject22_1.edf|58.000|62.000,Subject22,rest,0,Subject22_1.edf,58.0,62.0,182.0,False,4.0,2.0,4s_windows_50pct_overlap,unused,2666,False,False,False
Subject22|rest|Subject22_1.edf|60.000|64.000,Subject22,rest,0,Subject22_1.edf,60.0,64.0,182.0,False,4.0,2.0,4s_windows_50pct_overlap,unused,2667,False,False,False
Subject22|rest|Subject22_1.edf|62.000|66.000,Subject22,rest,0,Subject22_1.edf,62.0,66.0,182.0,False,4.0,2.0,4s_windows_50pct_overlap,unused,2668,False,False,False
Subject22|rest|Subject22_1.edf|64.000|68.000,Subject22,rest,0,Subject22_1.edf,64.0,68.0,182.0,False,4.0,2.0,4s_windows_50pct_overlap,unused,2669,False,False,False
Subject22|rest|Subject22_1.edf|66.000|70.000,Subject22,rest,0,Subject22_1.edf,66.0,70.0,182.0,False,4.0,2.0,4s_windows_50pct_overlap,unused,2670,False,False,False
Subject22|rest|Subject22_1.edf|68.000|72.000,Subject22,rest,0,Subject22_1.edf,68.0,72.0,182.0,False,4.0,2.0,4s_windows_50pct_overlap,unused,2671,False,False,False
Subject22|rest|Subject22_1.edf|70.000|74.000,Subject22,rest,0,Subject22_1.edf,70.0,74.0,182.0,False,4.0,2.0,4s_windows_50pct_overlap,unused,2672,False,False,False
Subject22|rest|Subject22_1.edf|72.000|76.000,Subject22,rest,0,Subject22_1.edf,72.0,76.0,182.0,False,4.0,2.0,4s_windows_50pct_overlap,unused,2673,False,False,False
Subject22|rest|Subject22_1.edf|74.000|78.000,Subject22,rest,0,Subject22_1.edf,74.0,78.0,182.0,False,4.0,2.0,4s_windows_50pct_overlap,unused,2674,False,False,False
Subject22|rest|Subject22_1.edf|76.000|80.000,Subject22,rest,0,Subject22_1.edf,76.0,80.0,182.0,False,4.0,2.0,4s_windows_50pct_overlap,unused,2675,False,False,False
Subject22|rest|Subject22_1.edf|78.000|82.000,Subject22,rest,0,Subject22_1.edf,78.0,82.0,182.0,False,4.0,2.0,4s_windows_50pct_overlap,unused,2676,False,False,False
Subject22|rest|Subject22_1.edf|80.000|84.000,Subject22,rest,0,Subject22_1.edf,80.0,84.0,182.0,False,4.0,2.0,4s_windows_50pct_overlap,unused,2677,False,False,False
Subject22|rest|Subject22_1.edf|82.000|86.000,Subject22,rest,0,Subject22_1.edf,82.0,86.0,182.0,False,4.0,2.0,4s_windows_50pct_overlap,unused,2678,False,False,False
Subject22|rest|Subject22_1.edf|84.000|88.000,Subject22,rest,0,Subject22_1.edf,84.0,88.0,182.0,False,4.0,2.0,4s_windows_50pct_overlap,unused,2679,False,False,False
Subject22|rest|Subject22_1.edf|86.000|90.000,Subject22,rest,0,Subject22_1.edf,86.0,90.0,182.0,False,4.0,2.0,4s_windows_50pct_overlap,unused,2680,False,False,False
Subject22|rest|Subject22_1.edf|88.000|92.000,Subject22,rest,0,Subject22_1.edf,88.0,92.0,182.0,False,4.0,2.0,4s_windows_50pct_overlap,unused,2681,False,False,False
Subject22|rest|Subject22_1.edf|90.000|94.000,Subject22,rest,0,Subject22_1.edf,90.0,94.0,182.0,False,4.0,2.0,4s_windows_50pct_overlap,unused,2682,False,False,False
Subject22|rest|Subject22_1.edf|92.000|96.000,Subject22,rest,0,Subject22_1.edf,92.0,96.0,182.0,False,4.0,2.0,4s_windows_50pct_overlap,unused,2683,False,False,False
Subject22|rest|Subject22_1.edf|94.000|98.000,Subject22,rest,0,Subject22_1.edf,94.0,98.0,182.0,False,4.0,2.0,4s_windows_50pct_overlap,unused,2684,False,False,False
Subject22|rest|Subject22_1.edf|96.000|100.000,Subject22,rest,0,Subject22_1.edf,96.0,100.0,182.0,False,4.0,2.0,4s_windows_50pct_overlap,unused,2685,False,False,False
Subject22|rest|Subject22_1.edf|98.000|102.000,Subject22,rest,0,Subject22_1.edf,98.0,102.0,182.0,False,4.0,2.0,4s_windows_50pct_overlap,unused,2686,False,False,False
Subject22|rest|Subject22_1.edf|100.000|104.000,Subject22,rest,0,Subject22_1.edf,100.0,104.0,182.0,False,4.0,2.0,4s_windows_50pct_overlap,unused,2687,False,False,False
Subject22|rest|Subject22_1.edf|102.000|106.000,Subject22,rest,0,Subject22_1.edf,102.0,106.0,182.0,False,4.0,2.0,4s_windows_50pct_overlap,unused,2688,False,False,False
Subject22|rest|Subject22_1.edf|104.000|108.000,Subject22,rest,0,Subject22_1.edf,104.0,108.0,182.0,False,4.0,2.0,4s_windows_50pct_overlap,unused,2689,False,False,False
Subject22|rest|Subject22_1.edf|106.000|110.000,Subject22,rest,0,Subject22_1.edf,106.0,110.0,182.0,False,4.0,2.0,4s_windows_50pct_overlap,unused,2690,False,False,False
Subject22|rest|Subject22_1.edf|108.000|112.000,Subject22,rest,0,Subject22_1.edf,108.0,112.0,182.0,False,4.0,2.0,4s_windows_50pct_overlap,unused,2691,False,False,False
Subject22|rest|Subject22_1.edf|110.000|114.000,Subject22,rest,0,Subject22_1.edf,110.0,114.0,182.0,False,4.0,2.0,4s_windows_50pct_overlap,unused,2692,False,False,False
Subject22|rest|Subject22_1.edf|112.000|116.000,Subject22,rest,0,Subject22_1.edf,112.0,116.0,182.0,False,4.0,2.0,4s_windows_50pct_overlap,unused,2693,False,False,False
Subject22|rest|Subject22_1.edf|114.000|118.000,Subject22,rest,0,Subject22_1.edf,114.0,118.0,182.0,False,4.0,2.0,4s_windows_50pct_overlap,unused,2694,False,False,False
Subject22|rest|Subject22_1.edf|116.000|120.000,Subject22,rest,0,Subject22_1.edf,116.0,120.0,182.0,False,4.0,2.0,4s_windows_50pct_overlap,unused,2695,False,False,False
Subject22|rest|Subject22_1.edf|118.000|122.000,Subject22,rest,0,Subject22_1.edf,118.0,122.0,182.0,False,4.0,2.0,4s_windows_50pct_overlap,unused,2696,False,False,False
Subject22|rest|Subject22_1.edf|120.000|124.000,Subject22,rest,0,Subject22_1.edf,120.0,124.0,182.0,False,4.0,2.0,4s_windows_50pct_overlap,unused,2697,False,False,False
Subject22|rest|Subject22_1.edf|122.000|126.000,Subject22,rest,0,Subject22_1.edf,122.0,126.0,182.0,False,4.0,2.0,4s_windows_50pct_overlap,unused,2698,False,False,False
Subject22|rest|Subject22_1.edf|124.000|128.000,Subject22,rest,0,Subject22_1.edf,124.0,128.0,182.0,False,4.0,2.0,4s_windows_50pct_overlap,unused,2699,False,False,False
Subject22|rest|Subject22_1.edf|126.000|130.000,Subject22,rest,0,Subject22_1.edf,126.0,130.0,182.0,False,4.0,2.0,4s_windows_50pct_overlap,unused,2700,False,False,False
Subject22|rest|Subject22_1.edf|128.000|132.000,Subject22,rest,0,Subject22_1.edf,128.0,132.0,182.0,False,4.0,2.0,4s_windows_50pct_overlap,unused,2701,False,False,False
Subject22|rest|Subject22_1.edf|130.000|134.000,Subject22,rest,0,Subject22_1.edf,130.0,134.0,182.0,False,4.0,2.0,4s_windows_50pct_overlap,unused,2702,False,False,False
Subject22|rest|Subject22_1.edf|132.000|136.000,Subject22,rest,0,Subject22_1.edf,132.0,136.0,182.0,False,4.0,2.0,4s_windows_50pct_overlap,unused,2703,False,False,False
Subject22|rest|Subject22_1.edf|134.000|138.000,Subject22,rest,0,Subject22_1.edf,134.0,138.0,182.0,False,4.0,2.0,4s_windows_50pct_overlap,unused,2704,False,False,False
Subject22|rest|Subject22_1.edf|136.000|140.000,Subject22,rest,0,Subject22_1.edf,136.0,140.0,182.0,False,4.0,2.0,4s_windows_50pct_overlap,unused,2705,False,False,False
Subject22|rest|Subject22_1.edf|138.000|142.000,Subject22,rest,0,Subject22_1.edf,138.0,142.0,182.0,False,4.0,2.0,4s_windows_50pct_overlap,unused,2706,False,False,False
Subject22|rest|Subject22_1.edf|140.000|144.000,Subject22,rest,0,Subject22_1.edf,140.0,144.0,182.0,False,4.0,2.0,4s_windows_50pct_overlap,unused,2707,False,False,False
Subject22|rest|Subject22_1.edf|142.000|146.000,Subject22,rest,0,Subject22_1.edf,142.0,146.0,182.0,False,4.0,2.0,4s_windows_50pct_overlap,unused,2708,False,False,False
Subject22|rest|Subject22_1.edf|144.000|148.000,Subject22,rest,0,Subject22_1.edf,144.0,148.0,182.0,False,4.0,2.0,4s_windows_50pct_overlap,unused,2709,False,False,False
Subject22|rest|Subject22_1.edf|146.000|150.000,Subject22,rest,0,Subject22_1.edf,146.0,150.0,182.0,False,4.0,2.0,4s_windows_50pct_overlap,unused,2710,False,False,False
Subject22|rest|Subject22_1.edf|148.000|152.000,Subject22,rest,0,Subject22_1.edf,148.0,152.0,182.0,False,4.0,2.0,4s_windows_50pct_overlap,unused,2711,False,False,False
Subject22|rest|Subject22_1.edf|150.000|154.000,Subject22,rest,0,Subject22_1.edf,150.0,154.0,182.0,False,4.0,2.0,4s_windows_50pct_overlap,unused,2712,False,False,False
Subject22|rest|Subject22_1.edf|152.000|156.000,Subject22,rest,0,Subject22_1.edf,152.0,156.0,182.0,False,4.0,2.0,4s_windows_50pct_overlap,unused,2713,False,False,False
Subject22|rest|Subject22_1.edf|154.000|158.000,Subject22,rest,0,Subject22_1.edf,154.0,158.0,182.0,False,4.0,2.0,4s_windows_50pct_overlap,unused,2714,False,False,False
Subject22|rest|Subject22_1.edf|156.000|160.000,Subject22,rest,0,Subject22_1.edf,156.0,160.0,182.0,False,4.0,2.0,4s_windows_50pct_overlap,unused,2715,False,False,False
Subject22|rest|Subject22_1.edf|158.000|162.000,Subject22,rest,0,Subject22_1.edf,158.0,162.0,182.0,False,4.0,2.0,4s_windows_50pct_overlap,unused,2716,False,False,False
Subject22|rest|Subject22_1.edf|160.000|164.000,Subject22,rest,0,Subject22_1.edf,160.0,164.0,182.0,False,4.0,2.0,4s_windows_50pct_overlap,unused,2717,False,False,False
Subject22|rest|Subject22_1.edf|162.000|166.000,Subject22,rest,0,Subject22_1.edf,162.0,166.0,182.0,False,4.0,2.0,4s_windows_50pct_overlap,unused,2718,False,False,False
Subject22|rest|Subject22_1.edf|164.000|168.000,Subject22,rest,0,Subject22_1.edf,164.0,168.0,182.0,False,4.0,2.0,4s_windows_50pct_overlap,unused,2719,False,False,False
Subject22|rest|Subject22_1.edf|166.000|170.000,Subject22,rest,0,Subject22_1.edf,166.0,170.0,182.0,False,4.0,2.0,4s_windows_50pct_overlap,unused,2720,False,False,False
Subject22|rest|Subject22_1.edf|168.000|172.000,Subject22,rest,0,Subject22_1.edf,168.0,172.0,182.0,False,4.0,2.0,4s_windows_50pct_overlap,unused,2721,False,False,False
Subject22|rest|Subject22_1.edf|170.000|174.000,Subject22,rest,0,Subject22_1.edf,170.0,174.0,182.0,False,4.0,2.0,4s_windows_50pct_overlap,unused,2722,False,False,False
Subject22|rest|Subject22_1.edf|172.000|176.000,Subject22,rest,0,Subject22_1.edf,172.0,176.0,182.0,False,4.0,2.0,4s_windows_50pct_overlap,unused,2723,False,False,False
Subject22|rest|Subject22_1.edf|174.000|178.000,Subject22,rest,0,Subject22_1.edf,174.0,178.0,182.0,False,4.0,2.0,4s_windows_50pct_overlap,unused,2724,False,False,False
Subject22|rest|Subject22_1.edf|176.000|180.000,Subject22,rest,0,Subject22_1.edf,176.0,180.0,182.0,False,4.0,2.0,4s_windows_50pct_overlap,unused,2725,False,False,False
Subject22|rest|Subject22_1.edf|178.000|182.000,Subject22,rest,0,Subject22_1.edf,178.0,182.0,182.0,False,4.0,2.0,4s_windows_50pct_overlap,unused,2726,False,False,False
Subject22|arithmetic|Subject22_2.edf|0.000|4.000,Subject22,arithmetic,1,Subject22_2.edf,0.0,4.0,62.0,False,4.0,2.0,4s_windows_50pct_overlap,scored_task,2727,False,True,False
Subject22|arithmetic|Subject22_2.edf|2.000|6.000,Subject22,arithmetic,1,Subject22_2.edf,2.0,6.0,62.0,False,4.0,2.0,4s_windows_50pct_overlap,scored_task,2728,False,True,False
Subject22|arithmetic|Subject22_2.edf|4.000|8.000,Subject22,arithmetic,1,Subject22_2.edf,4.0,8.0,62.0,False,4.0,2.0,4s_windows_50pct_overlap,scored_task,2729,False,True,False
Subject22|arithmetic|Subject22_2.edf|6.000|10.000,Subject22,arithmetic,1,Subject22_2.edf,6.0,10.0,62.0,False,4.0,2.0,4s_windows_50pct_overlap,scored_task,2730,False,True,False
Subject22|arithmetic|Subject22_2.edf|8.000|12.000,Subject22,arithmetic,1,Subject22_2.edf,8.0,12.0,62.0,False,4.0,2.0,4s_windows_50pct_overlap,scored_task,2731,False,True,False
Subject22|arithmetic|Subject22_2.edf|10.000|14.000,Subject22,arithmetic,1,Subject22_2.edf,10.0,14.0,62.0,False,4.0,2.0,4s_windows_50pct_overlap,scored_task,2732,False,True,False
Subject22|arithmetic|Subject22_2.edf|12.000|16.000,Subject22,arithmetic,1,Subject22_2.edf,12.0,16.0,62.0,False,4.0,2.0,4s_windows_50pct_overlap,scored_task,2733,False,True,False
Subject22|arithmetic|Subject22_2.edf|14.000|18.000,Subject22,arithmetic,1,Subject22_2.edf,14.0,18.0,62.0,False,4.0,2.0,4s_windows_50pct_overlap,scored_task,2734,False,True,False
Subject22|arithmetic|Subject22_2.edf|16.000|20.000,Subject22,arithmetic,1,Subject22_2.edf,16.0,20.0,62.0,False,4.0,2.0,4s_windows_50pct_overlap,scored_task,2735,False,True,False
Subject22|arithmetic|Subject22_2.edf|18.000|22.000,Subject22,arithmetic,1,Subject22_2.edf,18.0,22.0,62.0,False,4.0,2.0,4s_windows_50pct_overlap,scored_task,2736,False,True,False
Subject22|arithmetic|Subject22_2.edf|20.000|24.000,Subject22,arithmetic,1,Subject22_2.edf,20.0,24.0,62.0,False,4.0,2.0,4s_windows_50pct_overlap,scored_task,2737,False,True,False
Subject22|arithmetic|Subject22_2.edf|22.000|26.000,Subject22,arithmetic,1,Subject22_2.edf,22.0,26.0,62.0,False,4.0,2.0,4s_windows_50pct_overlap,scored_task,2738,False,True,False
Subject22|arithmetic|Subject22_2.edf|24.000|28.000,Subject22,arithmetic,1,Subject22_2.edf,24.0,28.0,62.0,False,4.0,2.0,4s_windows_50pct_overlap,scored_task,2739,False,True,False
Subject22|arithmetic|Subject22_2.edf|26.000|30.000,Subject22,arithmetic,1,Subject22_2.edf,26.0,30.0,62.0,False,4.0,2.0,4s_windows_50pct_overlap,scored_task,2740,False,True,False
Subject22|arithmetic|Subject22_2.edf|28.000|32.000,Subject22,arithmetic,1,Subject22_2.edf,28.0,32.0,62.0,False,4.0,2.0,4s_windows_50pct_overlap,unused,2741,False,False,False
Subject22|arithmetic|Subject22_2.edf|30.000|34.000,Subject22,arithmetic,1,Subject22_2.edf,30.0,34.0,62.0,False,4.0,2.0,4s_windows_50pct_overlap,unused,2742,False,False,False
Subject22|arithmetic|Subject22_2.edf|32.000|36.000,Subject22,arithmetic,1,Subject22_2.edf,32.0,36.0,62.0,False,4.0,2.0,4s_windows_50pct_overlap,unused,2743,False,False,False
Subject22|arithmetic|Subject22_2.edf|34.000|38.000,Subject22,arithmetic,1,Subject22_2.edf,34.0,38.0,62.0,False,4.0,2.0,4s_windows_50pct_overlap,unused,2744,False,False,False
Subject22|arithmetic|Subject22_2.edf|36.000|40.000,Subject22,arithmetic,1,Subject22_2.edf,36.0,40.0,62.0,False,4.0,2.0,4s_windows_50pct_overlap,unused,2745,False,False,False
Subject22|arithmetic|Subject22_2.edf|38.000|42.000,Subject22,arithmetic,1,Subject22_2.edf,38.0,42.0,62.0,False,4.0,2.0,4s_windows_50pct_overlap,unused,2746,False,False,False
Subject22|arithmetic|Subject22_2.edf|40.000|44.000,Subject22,arithmetic,1,Subject22_2.edf,40.0,44.0,62.0,False,4.0,2.0,4s_windows_50pct_overlap,unused,2747,False,False,False
Subject22|arithmetic|Subject22_2.edf|42.000|46.000,Subject22,arithmetic,1,Subject22_2.edf,42.0,46.0,62.0,False,4.0,2.0,4s_windows_50pct_overlap,unused,2748,False,False,False
Subject22|arithmetic|Subject22_2.edf|44.000|48.000,Subject22,arithmetic,1,Subject22_2.edf,44.0,48.0,62.0,False,4.0,2.0,4s_windows_50pct_overlap,unused,2749,False,False,False
Subject22|arithmetic|Subject22_2.edf|46.000|50.000,Subject22,arithmetic,1,Subject22_2.edf,46.0,50.0,62.0,False,4.0,2.0,4s_windows_50pct_overlap,unused,2750,False,False,False
Subject22|arithmetic|Subject22_2.edf|48.000|52.000,Subject22,arithmetic,1,Subject22_2.edf,48.0,52.0,62.0,False,4.0,2.0,4s_windows_50pct_overlap,unused,2751,False,False,False
Subject22|arithmetic|Subject22_2.edf|50.000|54.000,Subject22,arithmetic,1,Subject22_2.edf,50.0,54.0,62.0,False,4.0,2.0,4s_windows_50pct_overlap,unused,2752,False,False,False
Subject22|arithmetic|Subject22_2.edf|52.000|56.000,Subject22,arithmetic,1,Subject22_2.edf,52.0,56.0,62.0,False,4.0,2.0,4s_windows_50pct_overlap,unused,2753,False,False,False
Subject22|arithmetic|Subject22_2.edf|54.000|58.000,Subject22,arithmetic,1,Subject22_2.edf,54.0,58.0,62.0,False,4.0,2.0,4s_windows_50pct_overlap,unused,2754,False,False,False
Subject22|arithmetic|Subject22_2.edf|56.000|60.000,Subject22,arithmetic,1,Subject22_2.edf,56.0,60.0,62.0,False,4.0,2.0,4s_windows_50pct_overlap,unused,2755,False,False,False
Subject22|arithmetic|Subject22_2.edf|58.000|62.000,Subject22,arithmetic,1,Subject22_2.edf,58.0,62.0,62.0,False,4.0,2.0,4s_windows_50pct_overlap,unused,2756,False,False,False
Subject23|rest|Subject23_1.edf|0.000|4.000,Subject23,rest,0,Subject23_1.edf,0.0,4.0,182.0,False,4.0,2.0,4s_windows_50pct_overlap,calibration,2757,True,False,False
Subject23|rest|Subject23_1.edf|2.000|6.000,Subject23,rest,0,Subject23_1.edf,2.0,6.0,182.0,False,4.0,2.0,4s_windows_50pct_overlap,calibration,2758,True,False,False
Subject23|rest|Subject23_1.edf|4.000|8.000,Subject23,rest,0,Subject23_1.edf,4.0,8.0,182.0,False,4.0,2.0,4s_windows_50pct_overlap,calibration,2759,True,False,False
Subject23|rest|Subject23_1.edf|6.000|10.000,Subject23,rest,0,Subject23_1.edf,6.0,10.0,182.0,False,4.0,2.0,4s_windows_50pct_overlap,calibration,2760,True,False,False
Subject23|rest|Subject23_1.edf|8.000|12.000,Subject23,rest,0,Subject23_1.edf,8.0,12.0,182.0,False,4.0,2.0,4s_windows_50pct_overlap,calibration,2761,True,False,False
Subject23|rest|Subject23_1.edf|10.000|14.000,Subject23,rest,0,Subject23_1.edf,10.0,14.0,182.0,False,4.0,2.0,4s_windows_50pct_overlap,calibration,2762,True,False,False
Subject23|rest|Subject23_1.edf|12.000|16.000,Subject23,rest,0,Subject23_1.edf,12.0,16.0,182.0,False,4.0,2.0,4s_windows_50pct_overlap,calibration,2763,True,False,False
Subject23|rest|Subject23_1.edf|14.000|18.000,Subject23,rest,0,Subject23_1.edf,14.0,18.0,182.0,False,4.0,2.0,4s_windows_50pct_overlap,calibration,2764,True,False,False
Subject23|rest|Subject23_1.edf|16.000|20.000,Subject23,rest,0,Subject23_1.edf,16.0,20.0,182.0,False,4.0,2.0,4s_windows_50pct_overlap,calibration,2765,True,False,False
Subject23|rest|Subject23_1.edf|18.000|22.000,Subject23,rest,0,Subject23_1.edf,18.0,22.0,182.0,False,4.0,2.0,4s_windows_50pct_overlap,calibration,2766,True,False,False
Subject23|rest|Subject23_1.edf|20.000|24.000,Subject23,rest,0,Subject23_1.edf,20.0,24.0,182.0,False,4.0,2.0,4s_windows_50pct_overlap,calibration,2767,True,False,False
Subject23|rest|Subject23_1.edf|22.000|26.000,Subject23,rest,0,Subject23_1.edf,22.0,26.0,182.0,False,4.0,2.0,4s_windows_50pct_overlap,calibration,2768,True,False,False
Subject23|rest|Subject23_1.edf|24.000|28.000,Subject23,rest,0,Subject23_1.edf,24.0,28.0,182.0,False,4.0,2.0,4s_windows_50pct_overlap,calibration,2769,True,False,False
Subject23|rest|Subject23_1.edf|26.000|30.000,Subject23,rest,0,Subject23_1.edf,26.0,30.0,182.0,False,4.0,2.0,4s_windows_50pct_overlap,calibration,2770,True,False,False
Subject23|rest|Subject23_1.edf|28.000|32.000,Subject23,rest,0,Subject23_1.edf,28.0,32.0,182.0,False,4.0,2.0,4s_windows_50pct_overlap,unused,2771,False,False,False
Subject23|rest|Subject23_1.edf|30.000|34.000,Subject23,rest,0,Subject23_1.edf,30.0,34.0,182.0,False,4.0,2.0,4s_windows_50pct_overlap,scored_rest,2772,False,True,False
Subject23|rest|Subject23_1.edf|32.000|36.000,Subject23,rest,0,Subject23_1.edf,32.0,36.0,182.0,False,4.0,2.0,4s_windows_50pct_overlap,scored_rest,2773,False,True,False
Subject23|rest|Subject23_1.edf|34.000|38.000,Subject23,rest,0,Subject23_1.edf,34.0,38.0,182.0,False,4.0,2.0,4s_windows_50pct_overlap,scored_rest,2774,False,True,False
Subject23|rest|Subject23_1.edf|36.000|40.000,Subject23,rest,0,Subject23_1.edf,36.0,40.0,182.0,False,4.0,2.0,4s_windows_50pct_overlap,scored_rest,2775,False,True,False
Subject23|rest|Subject23_1.edf|38.000|42.000,Subject23,rest,0,Subject23_1.edf,38.0,42.0,182.0,False,4.0,2.0,4s_windows_50pct_overlap,scored_rest,2776,False,True,False
Subject23|rest|Subject23_1.edf|40.000|44.000,Subject23,rest,0,Subject23_1.edf,40.0,44.0,182.0,False,4.0,2.0,4s_windows_50pct_overlap,scored_rest,2777,False,True,False
Subject23|rest|Subject23_1.edf|42.000|46.000,Subject23,rest,0,Subject23_1.edf,42.0,46.0,182.0,False,4.0,2.0,4s_windows_50pct_overlap,scored_rest,2778,False,True,False
Subject23|rest|Subject23_1.edf|44.000|48.000,Subject23,rest,0,Subject23_1.edf,44.0,48.0,182.0,False,4.0,2.0,4s_windows_50pct_overlap,scored_rest,2779,False,True,False
Subject23|rest|Subject23_1.edf|46.000|50.000,Subject23,rest,0,Subject23_1.edf,46.0,50.0,182.0,False,4.0,2.0,4s_windows_50pct_overlap,scored_rest,2780,False,True,False
Subject23|rest|Subject23_1.edf|48.000|52.000,Subject23,rest,0,Subject23_1.edf,48.0,52.0,182.0,False,4.0,2.0,4s_windows_50pct_overlap,scored_rest,2781,False,True,False
Subject23|rest|Subject23_1.edf|50.000|54.000,Subject23,rest,0,Subject23_1.edf,50.0,54.0,182.0,False,4.0,2.0,4s_windows_50pct_overlap,scored_rest,2782,False,True,False
Subject23|rest|Subject23_1.edf|52.000|56.000,Subject23,rest,0,Subject23_1.edf,52.0,56.0,182.0,False,4.0,2.0,4s_windows_50pct_overlap,scored_rest,2783,False,True,False
Subject23|rest|Subject23_1.edf|54.000|58.000,Subject23,rest,0,Subject23_1.edf,54.0,58.0,182.0,False,4.0,2.0,4s_windows_50pct_overlap,scored_rest,2784,False,True,False
Subject23|rest|Subject23_1.edf|56.000|60.000,Subject23,rest,0,Subject23_1.edf,56.0,60.0,182.0,False,4.0,2.0,4s_windows_50pct_overlap,scored_rest,2785,False,True,False
Subject23|rest|Subject23_1.edf|58.000|62.000,Subject23,rest,0,Subject23_1.edf,58.0,62.0,182.0,False,4.0,2.0,4s_windows_50pct_overlap,unused,2786,False,False,False
Subject23|rest|Subject23_1.edf|60.000|64.000,Subject23,rest,0,Subject23_1.edf,60.0,64.0,182.0,False,4.0,2.0,4s_windows_50pct_overlap,unused,2787,False,False,False
Subject23|rest|Subject23_1.edf|62.000|66.000,Subject23,rest,0,Subject23_1.edf,62.0,66.0,182.0,False,4.0,2.0,4s_windows_50pct_overlap,unused,2788,False,False,False
Subject23|rest|Subject23_1.edf|64.000|68.000,Subject23,rest,0,Subject23_1.edf,64.0,68.0,182.0,False,4.0,2.0,4s_windows_50pct_overlap,unused,2789,False,False,False
Subject23|rest|Subject23_1.edf|66.000|70.000,Subject23,rest,0,Subject23_1.edf,66.0,70.0,182.0,False,4.0,2.0,4s_windows_50pct_overlap,unused,2790,False,False,False
Subject23|rest|Subject23_1.edf|68.000|72.000,Subject23,rest,0,Subject23_1.edf,68.0,72.0,182.0,False,4.0,2.0,4s_windows_50pct_overlap,unused,2791,False,False,False
Subject23|rest|Subject23_1.edf|70.000|74.000,Subject23,rest,0,Subject23_1.edf,70.0,74.0,182.0,False,4.0,2.0,4s_windows_50pct_overlap,unused,2792,False,False,False
Subject23|rest|Subject23_1.edf|72.000|76.000,Subject23,rest,0,Subject23_1.edf,72.0,76.0,182.0,False,4.0,2.0,4s_windows_50pct_overlap,unused,2793,False,False,False
Subject23|rest|Subject23_1.edf|74.000|78.000,Subject23,rest,0,Subject23_1.edf,74.0,78.0,182.0,False,4.0,2.0,4s_windows_50pct_overlap,unused,2794,False,False,False
Subject23|rest|Subject23_1.edf|76.000|80.000,Subject23,rest,0,Subject23_1.edf,76.0,80.0,182.0,False,4.0,2.0,4s_windows_50pct_overlap,unused,2795,False,False,False
Subject23|rest|Subject23_1.edf|78.000|82.000,Subject23,rest,0,Subject23_1.edf,78.0,82.0,182.0,False,4.0,2.0,4s_windows_50pct_overlap,unused,2796,False,False,False
Subject23|rest|Subject23_1.edf|80.000|84.000,Subject23,rest,0,Subject23_1.edf,80.0,84.0,182.0,False,4.0,2.0,4s_windows_50pct_overlap,unused,2797,False,False,False
Subject23|rest|Subject23_1.edf|82.000|86.000,Subject23,rest,0,Subject23_1.edf,82.0,86.0,182.0,False,4.0,2.0,4s_windows_50pct_overlap,unused,2798,False,False,False
Subject23|rest|Subject23_1.edf|84.000|88.000,Subject23,rest,0,Subject23_1.edf,84.0,88.0,182.0,False,4.0,2.0,4s_windows_50pct_overlap,unused,2799,False,False,False
Subject23|rest|Subject23_1.edf|86.000|90.000,Subject23,rest,0,Subject23_1.edf,86.0,90.0,182.0,False,4.0,2.0,4s_windows_50pct_overlap,unused,2800,False,False,False
Subject23|rest|Subject23_1.edf|88.000|92.000,Subject23,rest,0,Subject23_1.edf,88.0,92.0,182.0,False,4.0,2.0,4s_windows_50pct_overlap,unused,2801,False,False,False
Subject23|rest|Subject23_1.edf|90.000|94.000,Subject23,rest,0,Subject23_1.edf,90.0,94.0,182.0,False,4.0,2.0,4s_windows_50pct_overlap,unused,2802,False,False,False
Subject23|rest|Subject23_1.edf|92.000|96.000,Subject23,rest,0,Subject23_1.edf,92.0,96.0,182.0,False,4.0,2.0,4s_windows_50pct_overlap,unused,2803,False,False,False
Subject23|rest|Subject23_1.edf|94.000|98.000,Subject23,rest,0,Subject23_1.edf,94.0,98.0,182.0,False,4.0,2.0,4s_windows_50pct_overlap,unused,2804,False,False,False
Subject23|rest|Subject23_1.edf|96.000|100.000,Subject23,rest,0,Subject23_1.edf,96.0,100.0,182.0,False,4.0,2.0,4s_windows_50pct_overlap,unused,2805,False,False,False
Subject23|rest|Subject23_1.edf|98.000|102.000,Subject23,rest,0,Subject23_1.edf,98.0,102.0,182.0,False,4.0,2.0,4s_windows_50pct_overlap,unused,2806,False,False,False
Subject23|rest|Subject23_1.edf|100.000|104.000,Subject23,rest,0,Subject23_1.edf,100.0,104.0,182.0,False,4.0,2.0,4s_windows_50pct_overlap,unused,2807,False,False,False
Subject23|rest|Subject23_1.edf|102.000|106.000,Subject23,rest,0,Subject23_1.edf,102.0,106.0,182.0,False,4.0,2.0,4s_windows_50pct_overlap,unused,2808,False,False,False
Subject23|rest|Subject23_1.edf|104.000|108.000,Subject23,rest,0,Subject23_1.edf,104.0,108.0,182.0,False,4.0,2.0,4s_windows_50pct_overlap,unused,2809,False,False,False
Subject23|rest|Subject23_1.edf|106.000|110.000,Subject23,rest,0,Subject23_1.edf,106.0,110.0,182.0,False,4.0,2.0,4s_windows_50pct_overlap,unused,2810,False,False,False
Subject23|rest|Subject23_1.edf|108.000|112.000,Subject23,rest,0,Subject23_1.edf,108.0,112.0,182.0,False,4.0,2.0,4s_windows_50pct_overlap,unused,2811,False,False,False
Subject23|rest|Subject23_1.edf|110.000|114.000,Subject23,rest,0,Subject23_1.edf,110.0,114.0,182.0,False,4.0,2.0,4s_windows_50pct_overlap,unused,2812,False,False,False
Subject23|rest|Subject23_1.edf|112.000|116.000,Subject23,rest,0,Subject23_1.edf,112.0,116.0,182.0,False,4.0,2.0,4s_windows_50pct_overlap,unused,2813,False,False,False
Subject23|rest|Subject23_1.edf|114.000|118.000,Subject23,rest,0,Subject23_1.edf,114.0,118.0,182.0,False,4.0,2.0,4s_windows_50pct_overlap,unused,2814,False,False,False
Subject23|rest|Subject23_1.edf|116.000|120.000,Subject23,rest,0,Subject23_1.edf,116.0,120.0,182.0,False,4.0,2.0,4s_windows_50pct_overlap,unused,2815,False,False,False
Subject23|rest|Subject23_1.edf|118.000|122.000,Subject23,rest,0,Subject23_1.edf,118.0,122.0,182.0,False,4.0,2.0,4s_windows_50pct_overlap,unused,2816,False,False,False
Subject23|rest|Subject23_1.edf|120.000|124.000,Subject23,rest,0,Subject23_1.edf,120.0,124.0,182.0,False,4.0,2.0,4s_windows_50pct_overlap,unused,2817,False,False,False
Subject23|rest|Subject23_1.edf|122.000|126.000,Subject23,rest,0,Subject23_1.edf,122.0,126.0,182.0,False,4.0,2.0,4s_windows_50pct_overlap,unused,2818,False,False,False
Subject23|rest|Subject23_1.edf|124.000|128.000,Subject23,rest,0,Subject23_1.edf,124.0,128.0,182.0,False,4.0,2.0,4s_windows_50pct_overlap,unused,2819,False,False,False
Subject23|rest|Subject23_1.edf|126.000|130.000,Subject23,rest,0,Subject23_1.edf,126.0,130.0,182.0,False,4.0,2.0,4s_windows_50pct_overlap,unused,2820,False,False,False
Subject23|rest|Subject23_1.edf|128.000|132.000,Subject23,rest,0,Subject23_1.edf,128.0,132.0,182.0,False,4.0,2.0,4s_windows_50pct_overlap,unused,2821,False,False,False
Subject23|rest|Subject23_1.edf|130.000|134.000,Subject23,rest,0,Subject23_1.edf,130.0,134.0,182.0,False,4.0,2.0,4s_windows_50pct_overlap,unused,2822,False,False,False
Subject23|rest|Subject23_1.edf|132.000|136.000,Subject23,rest,0,Subject23_1.edf,132.0,136.0,182.0,False,4.0,2.0,4s_windows_50pct_overlap,unused,2823,False,False,False
Subject23|rest|Subject23_1.edf|134.000|138.000,Subject23,rest,0,Subject23_1.edf,134.0,138.0,182.0,False,4.0,2.0,4s_windows_50pct_overlap,unused,2824,False,False,False
Subject23|rest|Subject23_1.edf|136.000|140.000,Subject23,rest,0,Subject23_1.edf,136.0,140.0,182.0,False,4.0,2.0,4s_windows_50pct_overlap,unused,2825,False,False,False
Subject23|rest|Subject23_1.edf|138.000|142.000,Subject23,rest,0,Subject23_1.edf,138.0,142.0,182.0,False,4.0,2.0,4s_windows_50pct_overlap,unused,2826,False,False,False
Subject23|rest|Subject23_1.edf|140.000|144.000,Subject23,rest,0,Subject23_1.edf,140.0,144.0,182.0,False,4.0,2.0,4s_windows_50pct_overlap,unused,2827,False,False,False
Subject23|rest|Subject23_1.edf|142.000|146.000,Subject23,rest,0,Subject23_1.edf,142.0,146.0,182.0,False,4.0,2.0,4s_windows_50pct_overlap,unused,2828,False,False,False
Subject23|rest|Subject23_1.edf|144.000|148.000,Subject23,rest,0,Subject23_1.edf,144.0,148.0,182.0,False,4.0,2.0,4s_windows_50pct_overlap,unused,2829,False,False,False
Subject23|rest|Subject23_1.edf|146.000|150.000,Subject23,rest,0,Subject23_1.edf,146.0,150.0,182.0,False,4.0,2.0,4s_windows_50pct_overlap,unused,2830,False,False,False
Subject23|rest|Subject23_1.edf|148.000|152.000,Subject23,rest,0,Subject23_1.edf,148.0,152.0,182.0,False,4.0,2.0,4s_windows_50pct_overlap,unused,2831,False,False,False
Subject23|rest|Subject23_1.edf|150.000|154.000,Subject23,rest,0,Subject23_1.edf,150.0,154.0,182.0,False,4.0,2.0,4s_windows_50pct_overlap,unused,2832,False,False,False
Subject23|rest|Subject23_1.edf|152.000|156.000,Subject23,rest,0,Subject23_1.edf,152.0,156.0,182.0,False,4.0,2.0,4s_windows_50pct_overlap,unused,2833,False,False,False
Subject23|rest|Subject23_1.edf|154.000|158.000,Subject23,rest,0,Subject23_1.edf,154.0,158.0,182.0,False,4.0,2.0,4s_windows_50pct_overlap,unused,2834,False,False,False
Subject23|rest|Subject23_1.edf|156.000|160.000,Subject23,rest,0,Subject23_1.edf,156.0,160.0,182.0,False,4.0,2.0,4s_windows_50pct_overlap,unused,2835,False,False,False
Subject23|rest|Subject23_1.edf|158.000|162.000,Subject23,rest,0,Subject23_1.edf,158.0,162.0,182.0,False,4.0,2.0,4s_windows_50pct_overlap,unused,2836,False,False,False
Subject23|rest|Subject23_1.edf|160.000|164.000,Subject23,rest,0,Subject23_1.edf,160.0,164.0,182.0,False,4.0,2.0,4s_windows_50pct_overlap,unused,2837,False,False,False
Subject23|rest|Subject23_1.edf|162.000|166.000,Subject23,rest,0,Subject23_1.edf,162.0,166.0,182.0,False,4.0,2.0,4s_windows_50pct_overlap,unused,2838,False,False,False
Subject23|rest|Subject23_1.edf|164.000|168.000,Subject23,rest,0,Subject23_1.edf,164.0,168.0,182.0,False,4.0,2.0,4s_windows_50pct_overlap,unused,2839,False,False,False
Subject23|rest|Subject23_1.edf|166.000|170.000,Subject23,rest,0,Subject23_1.edf,166.0,170.0,182.0,False,4.0,2.0,4s_windows_50pct_overlap,unused,2840,False,False,False
Subject23|rest|Subject23_1.edf|168.000|172.000,Subject23,rest,0,Subject23_1.edf,168.0,172.0,182.0,False,4.0,2.0,4s_windows_50pct_overlap,unused,2841,False,False,False
Subject23|rest|Subject23_1.edf|170.000|174.000,Subject23,rest,0,Subject23_1.edf,170.0,174.0,182.0,False,4.0,2.0,4s_windows_50pct_overlap,unused,2842,False,False,False
Subject23|rest|Subject23_1.edf|172.000|176.000,Subject23,rest,0,Subject23_1.edf,172.0,176.0,182.0,False,4.0,2.0,4s_windows_50pct_overlap,unused,2843,False,False,False
Subject23|rest|Subject23_1.edf|174.000|178.000,Subject23,rest,0,Subject23_1.edf,174.0,178.0,182.0,False,4.0,2.0,4s_windows_50pct_overlap,unused,2844,False,False,False
Subject23|rest|Subject23_1.edf|176.000|180.000,Subject23,rest,0,Subject23_1.edf,176.0,180.0,182.0,False,4.0,2.0,4s_windows_50pct_overlap,unused,2845,False,False,False
Subject23|rest|Subject23_1.edf|178.000|182.000,Subject23,rest,0,Subject23_1.edf,178.0,182.0,182.0,False,4.0,2.0,4s_windows_50pct_overlap,unused,2846,False,False,False
Subject23|arithmetic|Subject23_2.edf|0.000|4.000,Subject23,arithmetic,1,Subject23_2.edf,0.0,4.0,62.0,False,4.0,2.0,4s_windows_50pct_overlap,scored_task,2847,False,True,False
Subject23|arithmetic|Subject23_2.edf|2.000|6.000,Subject23,arithmetic,1,Subject23_2.edf,2.0,6.0,62.0,False,4.0,2.0,4s_windows_50pct_overlap,scored_task,2848,False,True,False
Subject23|arithmetic|Subject23_2.edf|4.000|8.000,Subject23,arithmetic,1,Subject23_2.edf,4.0,8.0,62.0,False,4.0,2.0,4s_windows_50pct_overlap,scored_task,2849,False,True,False
Subject23|arithmetic|Subject23_2.edf|6.000|10.000,Subject23,arithmetic,1,Subject23_2.edf,6.0,10.0,62.0,False,4.0,2.0,4s_windows_50pct_overlap,scored_task,2850,False,True,False
Subject23|arithmetic|Subject23_2.edf|8.000|12.000,Subject23,arithmetic,1,Subject23_2.edf,8.0,12.0,62.0,False,4.0,2.0,4s_windows_50pct_overlap,scored_task,2851,False,True,False
Subject23|arithmetic|Subject23_2.edf|10.000|14.000,Subject23,arithmetic,1,Subject23_2.edf,10.0,14.0,62.0,False,4.0,2.0,4s_windows_50pct_overlap,scored_task,2852,False,True,False
Subject23|arithmetic|Subject23_2.edf|12.000|16.000,Subject23,arithmetic,1,Subject23_2.edf,12.0,16.0,62.0,False,4.0,2.0,4s_windows_50pct_overlap,scored_task,2853,False,True,False
Subject23|arithmetic|Subject23_2.edf|14.000|18.000,Subject23,arithmetic,1,Subject23_2.edf,14.0,18.0,62.0,False,4.0,2.0,4s_windows_50pct_overlap,scored_task,2854,False,True,False
Subject23|arithmetic|Subject23_2.edf|16.000|20.000,Subject23,arithmetic,1,Subject23_2.edf,16.0,20.0,62.0,False,4.0,2.0,4s_windows_50pct_overlap,scored_task,2855,False,True,False
Subject23|arithmetic|Subject23_2.edf|18.000|22.000,Subject23,arithmetic,1,Subject23_2.edf,18.0,22.0,62.0,False,4.0,2.0,4s_windows_50pct_overlap,scored_task,2856,False,True,False
Subject23|arithmetic|Subject23_2.edf|20.000|24.000,Subject23,arithmetic,1,Subject23_2.edf,20.0,24.0,62.0,False,4.0,2.0,4s_windows_50pct_overlap,scored_task,2857,False,True,False
Subject23|arithmetic|Subject23_2.edf|22.000|26.000,Subject23,arithmetic,1,Subject23_2.edf,22.0,26.0,62.0,False,4.0,2.0,4s_windows_50pct_overlap,scored_task,2858,False,True,False
Subject23|arithmetic|Subject23_2.edf|24.000|28.000,Subject23,arithmetic,1,Subject23_2.edf,24.0,28.0,62.0,False,4.0,2.0,4s_windows_50pct_overlap,scored_task,2859,False,True,False
Subject23|arithmetic|Subject23_2.edf|26.000|30.000,Subject23,arithmetic,1,Subject23_2.edf,26.0,30.0,62.0,False,4.0,2.0,4s_windows_50pct_overlap,scored_task,2860,False,True,False
Subject23|arithmetic|Subject23_2.edf|28.000|32.000,Subject23,arithmetic,1,Subject23_2.edf,28.0,32.0,62.0,False,4.0,2.0,4s_windows_50pct_overlap,unused,2861,False,False,False
Subject23|arithmetic|Subject23_2.edf|30.000|34.000,Subject23,arithmetic,1,Subject23_2.edf,30.0,34.0,62.0,False,4.0,2.0,4s_windows_50pct_overlap,unused,2862,False,False,False
Subject23|arithmetic|Subject23_2.edf|32.000|36.000,Subject23,arithmetic,1,Subject23_2.edf,32.0,36.0,62.0,False,4.0,2.0,4s_windows_50pct_overlap,unused,2863,False,False,False
Subject23|arithmetic|Subject23_2.edf|34.000|38.000,Subject23,arithmetic,1,Subject23_2.edf,34.0,38.0,62.0,False,4.0,2.0,4s_windows_50pct_overlap,unused,2864,False,False,False
Subject23|arithmetic|Subject23_2.edf|36.000|40.000,Subject23,arithmetic,1,Subject23_2.edf,36.0,40.0,62.0,False,4.0,2.0,4s_windows_50pct_overlap,unused,2865,False,False,False
Subject23|arithmetic|Subject23_2.edf|38.000|42.000,Subject23,arithmetic,1,Subject23_2.edf,38.0,42.0,62.0,False,4.0,2.0,4s_windows_50pct_overlap,unused,2866,False,False,False
Subject23|arithmetic|Subject23_2.edf|40.000|44.000,Subject23,arithmetic,1,Subject23_2.edf,40.0,44.0,62.0,False,4.0,2.0,4s_windows_50pct_overlap,unused,2867,False,False,False
Subject23|arithmetic|Subject23_2.edf|42.000|46.000,Subject23,arithmetic,1,Subject23_2.edf,42.0,46.0,62.0,False,4.0,2.0,4s_windows_50pct_overlap,unused,2868,False,False,False
Subject23|arithmetic|Subject23_2.edf|44.000|48.000,Subject23,arithmetic,1,Subject23_2.edf,44.0,48.0,62.0,False,4.0,2.0,4s_windows_50pct_overlap,unused,2869,False,False,False
Subject23|arithmetic|Subject23_2.edf|46.000|50.000,Subject23,arithmetic,1,Subject23_2.edf,46.0,50.0,62.0,False,4.0,2.0,4s_windows_50pct_overlap,unused,2870,False,False,False
Subject23|arithmetic|Subject23_2.edf|48.000|52.000,Subject23,arithmetic,1,Subject23_2.edf,48.0,52.0,62.0,False,4.0,2.0,4s_windows_50pct_overlap,unused,2871,False,False,False
Subject23|arithmetic|Subject23_2.edf|50.000|54.000,Subject23,arithmetic,1,Subject23_2.edf,50.0,54.0,62.0,False,4.0,2.0,4s_windows_50pct_overlap,unused,2872,False,False,False
Subject23|arithmetic|Subject23_2.edf|52.000|56.000,Subject23,arithmetic,1,Subject23_2.edf,52.0,56.0,62.0,False,4.0,2.0,4s_windows_50pct_overlap,unused,2873,False,False,False
Subject23|arithmetic|Subject23_2.edf|54.000|58.000,Subject23,arithmetic,1,Subject23_2.edf,54.0,58.0,62.0,False,4.0,2.0,4s_windows_50pct_overlap,unused,2874,False,False,False
Subject23|arithmetic|Subject23_2.edf|56.000|60.000,Subject23,arithmetic,1,Subject23_2.edf,56.0,60.0,62.0,False,4.0,2.0,4s_windows_50pct_overlap,unused,2875,False,False,False
Subject23|arithmetic|Subject23_2.edf|58.000|62.000,Subject23,arithmetic,1,Subject23_2.edf,58.0,62.0,62.0,False,4.0,2.0,4s_windows_50pct_overlap,unused,2876,False,False,False
Subject24|rest|Subject24_1.edf|0.000|4.000,Subject24,rest,0,Subject24_1.edf,0.0,4.0,182.0,False,4.0,2.0,4s_windows_50pct_overlap,calibration,2877,True,False,False
Subject24|rest|Subject24_1.edf|2.000|6.000,Subject24,rest,0,Subject24_1.edf,2.0,6.0,182.0,False,4.0,2.0,4s_windows_50pct_overlap,calibration,2878,True,False,False
Subject24|rest|Subject24_1.edf|4.000|8.000,Subject24,rest,0,Subject24_1.edf,4.0,8.0,182.0,False,4.0,2.0,4s_windows_50pct_overlap,calibration,2879,True,False,False
Subject24|rest|Subject24_1.edf|6.000|10.000,Subject24,rest,0,Subject24_1.edf,6.0,10.0,182.0,False,4.0,2.0,4s_windows_50pct_overlap,calibration,2880,True,False,False
Subject24|rest|Subject24_1.edf|8.000|12.000,Subject24,rest,0,Subject24_1.edf,8.0,12.0,182.0,False,4.0,2.0,4s_windows_50pct_overlap,calibration,2881,True,False,False
Subject24|rest|Subject24_1.edf|10.000|14.000,Subject24,rest,0,Subject24_1.edf,10.0,14.0,182.0,False,4.0,2.0,4s_windows_50pct_overlap,calibration,2882,True,False,False
Subject24|rest|Subject24_1.edf|12.000|16.000,Subject24,rest,0,Subject24_1.edf,12.0,16.0,182.0,False,4.0,2.0,4s_windows_50pct_overlap,calibration,2883,True,False,False
Subject24|rest|Subject24_1.edf|14.000|18.000,Subject24,rest,0,Subject24_1.edf,14.0,18.0,182.0,False,4.0,2.0,4s_windows_50pct_overlap,calibration,2884,True,False,False
Subject24|rest|Subject24_1.edf|16.000|20.000,Subject24,rest,0,Subject24_1.edf,16.0,20.0,182.0,False,4.0,2.0,4s_windows_50pct_overlap,calibration,2885,True,False,False
Subject24|rest|Subject24_1.edf|18.000|22.000,Subject24,rest,0,Subject24_1.edf,18.0,22.0,182.0,False,4.0,2.0,4s_windows_50pct_overlap,calibration,2886,True,False,False
Subject24|rest|Subject24_1.edf|20.000|24.000,Subject24,rest,0,Subject24_1.edf,20.0,24.0,182.0,False,4.0,2.0,4s_windows_50pct_overlap,calibration,2887,True,False,False
Subject24|rest|Subject24_1.edf|22.000|26.000,Subject24,rest,0,Subject24_1.edf,22.0,26.0,182.0,False,4.0,2.0,4s_windows_50pct_overlap,calibration,2888,True,False,False
Subject24|rest|Subject24_1.edf|24.000|28.000,Subject24,rest,0,Subject24_1.edf,24.0,28.0,182.0,False,4.0,2.0,4s_windows_50pct_overlap,calibration,2889,True,False,False
Subject24|rest|Subject24_1.edf|26.000|30.000,Subject24,rest,0,Subject24_1.edf,26.0,30.0,182.0,False,4.0,2.0,4s_windows_50pct_overlap,calibration,2890,True,False,False
Subject24|rest|Subject24_1.edf|28.000|32.000,Subject24,rest,0,Subject24_1.edf,28.0,32.0,182.0,False,4.0,2.0,4s_windows_50pct_overlap,unused,2891,False,False,False
Subject24|rest|Subject24_1.edf|30.000|34.000,Subject24,rest,0,Subject24_1.edf,30.0,34.0,182.0,False,4.0,2.0,4s_windows_50pct_overlap,scored_rest,2892,False,True,False
Subject24|rest|Subject24_1.edf|32.000|36.000,Subject24,rest,0,Subject24_1.edf,32.0,36.0,182.0,False,4.0,2.0,4s_windows_50pct_overlap,scored_rest,2893,False,True,False
Subject24|rest|Subject24_1.edf|34.000|38.000,Subject24,rest,0,Subject24_1.edf,34.0,38.0,182.0,False,4.0,2.0,4s_windows_50pct_overlap,scored_rest,2894,False,True,False
Subject24|rest|Subject24_1.edf|36.000|40.000,Subject24,rest,0,Subject24_1.edf,36.0,40.0,182.0,False,4.0,2.0,4s_windows_50pct_overlap,scored_rest,2895,False,True,False
Subject24|rest|Subject24_1.edf|38.000|42.000,Subject24,rest,0,Subject24_1.edf,38.0,42.0,182.0,False,4.0,2.0,4s_windows_50pct_overlap,scored_rest,2896,False,True,False
Subject24|rest|Subject24_1.edf|40.000|44.000,Subject24,rest,0,Subject24_1.edf,40.0,44.0,182.0,False,4.0,2.0,4s_windows_50pct_overlap,scored_rest,2897,False,True,False
Subject24|rest|Subject24_1.edf|42.000|46.000,Subject24,rest,0,Subject24_1.edf,42.0,46.0,182.0,False,4.0,2.0,4s_windows_50pct_overlap,scored_rest,2898,False,True,False
Subject24|rest|Subject24_1.edf|44.000|48.000,Subject24,rest,0,Subject24_1.edf,44.0,48.0,182.0,False,4.0,2.0,4s_windows_50pct_overlap,scored_rest,2899,False,True,False
Subject24|rest|Subject24_1.edf|46.000|50.000,Subject24,rest,0,Subject24_1.edf,46.0,50.0,182.0,False,4.0,2.0,4s_windows_50pct_overlap,scored_rest,2900,False,True,False
Subject24|rest|Subject24_1.edf|48.000|52.000,Subject24,rest,0,Subject24_1.edf,48.0,52.0,182.0,False,4.0,2.0,4s_windows_50pct_overlap,scored_rest,2901,False,True,False
Subject24|rest|Subject24_1.edf|50.000|54.000,Subject24,rest,0,Subject24_1.edf,50.0,54.0,182.0,False,4.0,2.0,4s_windows_50pct_overlap,scored_rest,2902,False,True,False
Subject24|rest|Subject24_1.edf|52.000|56.000,Subject24,rest,0,Subject24_1.edf,52.0,56.0,182.0,False,4.0,2.0,4s_windows_50pct_overlap,scored_rest,2903,False,True,False
Subject24|rest|Subject24_1.edf|54.000|58.000,Subject24,rest,0,Subject24_1.edf,54.0,58.0,182.0,False,4.0,2.0,4s_windows_50pct_overlap,scored_rest,2904,False,True,False
Subject24|rest|Subject24_1.edf|56.000|60.000,Subject24,rest,0,Subject24_1.edf,56.0,60.0,182.0,False,4.0,2.0,4s_windows_50pct_overlap,scored_rest,2905,False,True,False
Subject24|rest|Subject24_1.edf|58.000|62.000,Subject24,rest,0,Subject24_1.edf,58.0,62.0,182.0,False,4.0,2.0,4s_windows_50pct_overlap,unused,2906,False,False,False
Subject24|rest|Subject24_1.edf|60.000|64.000,Subject24,rest,0,Subject24_1.edf,60.0,64.0,182.0,False,4.0,2.0,4s_windows_50pct_overlap,unused,2907,False,False,False
Subject24|rest|Subject24_1.edf|62.000|66.000,Subject24,rest,0,Subject24_1.edf,62.0,66.0,182.0,False,4.0,2.0,4s_windows_50pct_overlap,unused,2908,False,False,False
Subject24|rest|Subject24_1.edf|64.000|68.000,Subject24,rest,0,Subject24_1.edf,64.0,68.0,182.0,False,4.0,2.0,4s_windows_50pct_overlap,unused,2909,False,False,False
Subject24|rest|Subject24_1.edf|66.000|70.000,Subject24,rest,0,Subject24_1.edf,66.0,70.0,182.0,False,4.0,2.0,4s_windows_50pct_overlap,unused,2910,False,False,False
Subject24|rest|Subject24_1.edf|68.000|72.000,Subject24,rest,0,Subject24_1.edf,68.0,72.0,182.0,False,4.0,2.0,4s_windows_50pct_overlap,unused,2911,False,False,False
Subject24|rest|Subject24_1.edf|70.000|74.000,Subject24,rest,0,Subject24_1.edf,70.0,74.0,182.0,False,4.0,2.0,4s_windows_50pct_overlap,unused,2912,False,False,False
Subject24|rest|Subject24_1.edf|72.000|76.000,Subject24,rest,0,Subject24_1.edf,72.0,76.0,182.0,False,4.0,2.0,4s_windows_50pct_overlap,unused,2913,False,False,False
Subject24|rest|Subject24_1.edf|74.000|78.000,Subject24,rest,0,Subject24_1.edf,74.0,78.0,182.0,False,4.0,2.0,4s_windows_50pct_overlap,unused,2914,False,False,False
Subject24|rest|Subject24_1.edf|76.000|80.000,Subject24,rest,0,Subject24_1.edf,76.0,80.0,182.0,False,4.0,2.0,4s_windows_50pct_overlap,unused,2915,False,False,False
Subject24|rest|Subject24_1.edf|78.000|82.000,Subject24,rest,0,Subject24_1.edf,78.0,82.0,182.0,False,4.0,2.0,4s_windows_50pct_overlap,unused,2916,False,False,False
Subject24|rest|Subject24_1.edf|80.000|84.000,Subject24,rest,0,Subject24_1.edf,80.0,84.0,182.0,False,4.0,2.0,4s_windows_50pct_overlap,unused,2917,False,False,False
Subject24|rest|Subject24_1.edf|82.000|86.000,Subject24,rest,0,Subject24_1.edf,82.0,86.0,182.0,False,4.0,2.0,4s_windows_50pct_overlap,unused,2918,False,False,False
Subject24|rest|Subject24_1.edf|84.000|88.000,Subject24,rest,0,Subject24_1.edf,84.0,88.0,182.0,False,4.0,2.0,4s_windows_50pct_overlap,unused,2919,False,False,False
Subject24|rest|Subject24_1.edf|86.000|90.000,Subject24,rest,0,Subject24_1.edf,86.0,90.0,182.0,False,4.0,2.0,4s_windows_50pct_overlap,unused,2920,False,False,False
Subject24|rest|Subject24_1.edf|88.000|92.000,Subject24,rest,0,Subject24_1.edf,88.0,92.0,182.0,False,4.0,2.0,4s_windows_50pct_overlap,unused,2921,False,False,False
Subject24|rest|Subject24_1.edf|90.000|94.000,Subject24,rest,0,Subject24_1.edf,90.0,94.0,182.0,False,4.0,2.0,4s_windows_50pct_overlap,unused,2922,False,False,False
Subject24|rest|Subject24_1.edf|92.000|96.000,Subject24,rest,0,Subject24_1.edf,92.0,96.0,182.0,False,4.0,2.0,4s_windows_50pct_overlap,unused,2923,False,False,False
Subject24|rest|Subject24_1.edf|94.000|98.000,Subject24,rest,0,Subject24_1.edf,94.0,98.0,182.0,False,4.0,2.0,4s_windows_50pct_overlap,unused,2924,False,False,False
Subject24|rest|Subject24_1.edf|96.000|100.000,Subject24,rest,0,Subject24_1.edf,96.0,100.0,182.0,False,4.0,2.0,4s_windows_50pct_overlap,unused,2925,False,False,False
Subject24|rest|Subject24_1.edf|98.000|102.000,Subject24,rest,0,Subject24_1.edf,98.0,102.0,182.0,False,4.0,2.0,4s_windows_50pct_overlap,unused,2926,False,False,False
Subject24|rest|Subject24_1.edf|100.000|104.000,Subject24,rest,0,Subject24_1.edf,100.0,104.0,182.0,False,4.0,2.0,4s_windows_50pct_overlap,unused,2927,False,False,False
Subject24|rest|Subject24_1.edf|102.000|106.000,Subject24,rest,0,Subject24_1.edf,102.0,106.0,182.0,False,4.0,2.0,4s_windows_50pct_overlap,unused,2928,False,False,False
Subject24|rest|Subject24_1.edf|104.000|108.000,Subject24,rest,0,Subject24_1.edf,104.0,108.0,182.0,False,4.0,2.0,4s_windows_50pct_overlap,unused,2929,False,False,False
Subject24|rest|Subject24_1.edf|106.000|110.000,Subject24,rest,0,Subject24_1.edf,106.0,110.0,182.0,False,4.0,2.0,4s_windows_50pct_overlap,unused,2930,False,False,False
Subject24|rest|Subject24_1.edf|108.000|112.000,Subject24,rest,0,Subject24_1.edf,108.0,112.0,182.0,False,4.0,2.0,4s_windows_50pct_overlap,unused,2931,False,False,False
Subject24|rest|Subject24_1.edf|110.000|114.000,Subject24,rest,0,Subject24_1.edf,110.0,114.0,182.0,False,4.0,2.0,4s_windows_50pct_overlap,unused,2932,False,False,False
Subject24|rest|Subject24_1.edf|112.000|116.000,Subject24,rest,0,Subject24_1.edf,112.0,116.0,182.0,False,4.0,2.0,4s_windows_50pct_overlap,unused,2933,False,False,False
Subject24|rest|Subject24_1.edf|114.000|118.000,Subject24,rest,0,Subject24_1.edf,114.0,118.0,182.0,False,4.0,2.0,4s_windows_50pct_overlap,unused,2934,False,False,False
Subject24|rest|Subject24_1.edf|116.000|120.000,Subject24,rest,0,Subject24_1.edf,116.0,120.0,182.0,False,4.0,2.0,4s_windows_50pct_overlap,unused,2935,False,False,False
Subject24|rest|Subject24_1.edf|118.000|122.000,Subject24,rest,0,Subject24_1.edf,118.0,122.0,182.0,False,4.0,2.0,4s_windows_50pct_overlap,unused,2936,False,False,False
Subject24|rest|Subject24_1.edf|120.000|124.000,Subject24,rest,0,Subject24_1.edf,120.0,124.0,182.0,False,4.0,2.0,4s_windows_50pct_overlap,unused,2937,False,False,False
Subject24|rest|Subject24_1.edf|122.000|126.000,Subject24,rest,0,Subject24_1.edf,122.0,126.0,182.0,False,4.0,2.0,4s_windows_50pct_overlap,unused,2938,False,False,False
Subject24|rest|Subject24_1.edf|124.000|128.000,Subject24,rest,0,Subject24_1.edf,124.0,128.0,182.0,False,4.0,2.0,4s_windows_50pct_overlap,unused,2939,False,False,False
Subject24|rest|Subject24_1.edf|126.000|130.000,Subject24,rest,0,Subject24_1.edf,126.0,130.0,182.0,False,4.0,2.0,4s_windows_50pct_overlap,unused,2940,False,False,False
Subject24|rest|Subject24_1.edf|128.000|132.000,Subject24,rest,0,Subject24_1.edf,128.0,132.0,182.0,False,4.0,2.0,4s_windows_50pct_overlap,unused,2941,False,False,False
Subject24|rest|Subject24_1.edf|130.000|134.000,Subject24,rest,0,Subject24_1.edf,130.0,134.0,182.0,False,4.0,2.0,4s_windows_50pct_overlap,unused,2942,False,False,False
Subject24|rest|Subject24_1.edf|132.000|136.000,Subject24,rest,0,Subject24_1.edf,132.0,136.0,182.0,False,4.0,2.0,4s_windows_50pct_overlap,unused,2943,False,False,False
Subject24|rest|Subject24_1.edf|134.000|138.000,Subject24,rest,0,Subject24_1.edf,134.0,138.0,182.0,False,4.0,2.0,4s_windows_50pct_overlap,unused,2944,False,False,False
Subject24|rest|Subject24_1.edf|136.000|140.000,Subject24,rest,0,Subject24_1.edf,136.0,140.0,182.0,False,4.0,2.0,4s_windows_50pct_overlap,unused,2945,False,False,False
Subject24|rest|Subject24_1.edf|138.000|142.000,Subject24,rest,0,Subject24_1.edf,138.0,142.0,182.0,False,4.0,2.0,4s_windows_50pct_overlap,unused,2946,False,False,False
Subject24|rest|Subject24_1.edf|140.000|144.000,Subject24,rest,0,Subject24_1.edf,140.0,144.0,182.0,False,4.0,2.0,4s_windows_50pct_overlap,unused,2947,False,False,False
Subject24|rest|Subject24_1.edf|142.000|146.000,Subject24,rest,0,Subject24_1.edf,142.0,146.0,182.0,False,4.0,2.0,4s_windows_50pct_overlap,unused,2948,False,False,False
Subject24|rest|Subject24_1.edf|144.000|148.000,Subject24,rest,0,Subject24_1.edf,144.0,148.0,182.0,False,4.0,2.0,4s_windows_50pct_overlap,unused,2949,False,False,False
Subject24|rest|Subject24_1.edf|146.000|150.000,Subject24,rest,0,Subject24_1.edf,146.0,150.0,182.0,False,4.0,2.0,4s_windows_50pct_overlap,unused,2950,False,False,False
Subject24|rest|Subject24_1.edf|148.000|152.000,Subject24,rest,0,Subject24_1.edf,148.0,152.0,182.0,False,4.0,2.0,4s_windows_50pct_overlap,unused,2951,False,False,False
Subject24|rest|Subject24_1.edf|150.000|154.000,Subject24,rest,0,Subject24_1.edf,150.0,154.0,182.0,False,4.0,2.0,4s_windows_50pct_overlap,unused,2952,False,False,False
Subject24|rest|Subject24_1.edf|152.000|156.000,Subject24,rest,0,Subject24_1.edf,152.0,156.0,182.0,False,4.0,2.0,4s_windows_50pct_overlap,unused,2953,False,False,False
Subject24|rest|Subject24_1.edf|154.000|158.000,Subject24,rest,0,Subject24_1.edf,154.0,158.0,182.0,False,4.0,2.0,4s_windows_50pct_overlap,unused,2954,False,False,False
Subject24|rest|Subject24_1.edf|156.000|160.000,Subject24,rest,0,Subject24_1.edf,156.0,160.0,182.0,False,4.0,2.0,4s_windows_50pct_overlap,unused,2955,False,False,False
Subject24|rest|Subject24_1.edf|158.000|162.000,Subject24,rest,0,Subject24_1.edf,158.0,162.0,182.0,False,4.0,2.0,4s_windows_50pct_overlap,unused,2956,False,False,False
Subject24|rest|Subject24_1.edf|160.000|164.000,Subject24,rest,0,Subject24_1.edf,160.0,164.0,182.0,False,4.0,2.0,4s_windows_50pct_overlap,unused,2957,False,False,False
Subject24|rest|Subject24_1.edf|162.000|166.000,Subject24,rest,0,Subject24_1.edf,162.0,166.0,182.0,False,4.0,2.0,4s_windows_50pct_overlap,unused,2958,False,False,False
Subject24|rest|Subject24_1.edf|164.000|168.000,Subject24,rest,0,Subject24_1.edf,164.0,168.0,182.0,False,4.0,2.0,4s_windows_50pct_overlap,unused,2959,False,False,False
Subject24|rest|Subject24_1.edf|166.000|170.000,Subject24,rest,0,Subject24_1.edf,166.0,170.0,182.0,False,4.0,2.0,4s_windows_50pct_overlap,unused,2960,False,False,False
Subject24|rest|Subject24_1.edf|168.000|172.000,Subject24,rest,0,Subject24_1.edf,168.0,172.0,182.0,False,4.0,2.0,4s_windows_50pct_overlap,unused,2961,False,False,False
Subject24|rest|Subject24_1.edf|170.000|174.000,Subject24,rest,0,Subject24_1.edf,170.0,174.0,182.0,False,4.0,2.0,4s_windows_50pct_overlap,unused,2962,False,False,False
Subject24|rest|Subject24_1.edf|172.000|176.000,Subject24,rest,0,Subject24_1.edf,172.0,176.0,182.0,False,4.0,2.0,4s_windows_50pct_overlap,unused,2963,False,False,False
Subject24|rest|Subject24_1.edf|174.000|178.000,Subject24,rest,0,Subject24_1.edf,174.0,178.0,182.0,False,4.0,2.0,4s_windows_50pct_overlap,unused,2964,False,False,False
Subject24|rest|Subject24_1.edf|176.000|180.000,Subject24,rest,0,Subject24_1.edf,176.0,180.0,182.0,False,4.0,2.0,4s_windows_50pct_overlap,unused,2965,False,False,False
Subject24|rest|Subject24_1.edf|178.000|182.000,Subject24,rest,0,Subject24_1.edf,178.0,182.0,182.0,False,4.0,2.0,4s_windows_50pct_overlap,unused,2966,False,False,False
Subject24|arithmetic|Subject24_2.edf|0.000|4.000,Subject24,arithmetic,1,Subject24_2.edf,0.0,4.0,62.0,False,4.0,2.0,4s_windows_50pct_overlap,scored_task,2967,False,True,False
Subject24|arithmetic|Subject24_2.edf|2.000|6.000,Subject24,arithmetic,1,Subject24_2.edf,2.0,6.0,62.0,False,4.0,2.0,4s_windows_50pct_overlap,scored_task,2968,False,True,False
Subject24|arithmetic|Subject24_2.edf|4.000|8.000,Subject24,arithmetic,1,Subject24_2.edf,4.0,8.0,62.0,False,4.0,2.0,4s_windows_50pct_overlap,scored_task,2969,False,True,False
Subject24|arithmetic|Subject24_2.edf|6.000|10.000,Subject24,arithmetic,1,Subject24_2.edf,6.0,10.0,62.0,False,4.0,2.0,4s_windows_50pct_overlap,scored_task,2970,False,True,False
Subject24|arithmetic|Subject24_2.edf|8.000|12.000,Subject24,arithmetic,1,Subject24_2.edf,8.0,12.0,62.0,False,4.0,2.0,4s_windows_50pct_overlap,scored_task,2971,False,True,False
Subject24|arithmetic|Subject24_2.edf|10.000|14.000,Subject24,arithmetic,1,Subject24_2.edf,10.0,14.0,62.0,False,4.0,2.0,4s_windows_50pct_overlap,scored_task,2972,False,True,False
Subject24|arithmetic|Subject24_2.edf|12.000|16.000,Subject24,arithmetic,1,Subject24_2.edf,12.0,16.0,62.0,False,4.0,2.0,4s_windows_50pct_overlap,scored_task,2973,False,True,False
Subject24|arithmetic|Subject24_2.edf|14.000|18.000,Subject24,arithmetic,1,Subject24_2.edf,14.0,18.0,62.0,False,4.0,2.0,4s_windows_50pct_overlap,scored_task,2974,False,True,False
Subject24|arithmetic|Subject24_2.edf|16.000|20.000,Subject24,arithmetic,1,Subject24_2.edf,16.0,20.0,62.0,False,4.0,2.0,4s_windows_50pct_overlap,scored_task,2975,False,True,False
Subject24|arithmetic|Subject24_2.edf|18.000|22.000,Subject24,arithmetic,1,Subject24_2.edf,18.0,22.0,62.0,False,4.0,2.0,4s_windows_50pct_overlap,scored_task,2976,False,True,False
Subject24|arithmetic|Subject24_2.edf|20.000|24.000,Subject24,arithmetic,1,Subject24_2.edf,20.0,24.0,62.0,False,4.0,2.0,4s_windows_50pct_overlap,scored_task,2977,False,True,False
Subject24|arithmetic|Subject24_2.edf|22.000|26.000,Subject24,arithmetic,1,Subject24_2.edf,22.0,26.0,62.0,False,4.0,2.0,4s_windows_50pct_overlap,scored_task,2978,False,True,False
Subject24|arithmetic|Subject24_2.edf|24.000|28.000,Subject24,arithmetic,1,Subject24_2.edf,24.0,28.0,62.0,False,4.0,2.0,4s_windows_50pct_overlap,scored_task,2979,False,True,False
Subject24|arithmetic|Subject24_2.edf|26.000|30.000,Subject24,arithmetic,1,Subject24_2.edf,26.0,30.0,62.0,False,4.0,2.0,4s_windows_50pct_overlap,scored_task,2980,False,True,False
Subject24|arithmetic|Subject24_2.edf|28.000|32.000,Subject24,arithmetic,1,Subject24_2.edf,28.0,32.0,62.0,False,4.0,2.0,4s_windows_50pct_overlap,unused,2981,False,False,False
Subject24|arithmetic|Subject24_2.edf|30.000|34.000,Subject24,arithmetic,1,Subject24_2.edf,30.0,34.0,62.0,False,4.0,2.0,4s_windows_50pct_overlap,unused,2982,False,False,False
Subject24|arithmetic|Subject24_2.edf|32.000|36.000,Subject24,arithmetic,1,Subject24_2.edf,32.0,36.0,62.0,False,4.0,2.0,4s_windows_50pct_overlap,unused,2983,False,False,False
Subject24|arithmetic|Subject24_2.edf|34.000|38.000,Subject24,arithmetic,1,Subject24_2.edf,34.0,38.0,62.0,False,4.0,2.0,4s_windows_50pct_overlap,unused,2984,False,False,False
Subject24|arithmetic|Subject24_2.edf|36.000|40.000,Subject24,arithmetic,1,Subject24_2.edf,36.0,40.0,62.0,False,4.0,2.0,4s_windows_50pct_overlap,unused,2985,False,False,False
Subject24|arithmetic|Subject24_2.edf|38.000|42.000,Subject24,arithmetic,1,Subject24_2.edf,38.0,42.0,62.0,False,4.0,2.0,4s_windows_50pct_overlap,unused,2986,False,False,False
Subject24|arithmetic|Subject24_2.edf|40.000|44.000,Subject24,arithmetic,1,Subject24_2.edf,40.0,44.0,62.0,False,4.0,2.0,4s_windows_50pct_overlap,unused,2987,False,False,False
Subject24|arithmetic|Subject24_2.edf|42.000|46.000,Subject24,arithmetic,1,Subject24_2.edf,42.0,46.0,62.0,False,4.0,2.0,4s_windows_50pct_overlap,unused,2988,False,False,False
Subject24|arithmetic|Subject24_2.edf|44.000|48.000,Subject24,arithmetic,1,Subject24_2.edf,44.0,48.0,62.0,False,4.0,2.0,4s_windows_50pct_overlap,unused,2989,False,False,False
Subject24|arithmetic|Subject24_2.edf|46.000|50.000,Subject24,arithmetic,1,Subject24_2.edf,46.0,50.0,62.0,False,4.0,2.0,4s_windows_50pct_overlap,unused,2990,False,False,False
Subject24|arithmetic|Subject24_2.edf|48.000|52.000,Subject24,arithmetic,1,Subject24_2.edf,48.0,52.0,62.0,False,4.0,2.0,4s_windows_50pct_overlap,unused,2991,False,False,False
Subject24|arithmetic|Subject24_2.edf|50.000|54.000,Subject24,arithmetic,1,Subject24_2.edf,50.0,54.0,62.0,False,4.0,2.0,4s_windows_50pct_overlap,unused,2992,False,False,False
Subject24|arithmetic|Subject24_2.edf|52.000|56.000,Subject24,arithmetic,1,Subject24_2.edf,52.0,56.0,62.0,False,4.0,2.0,4s_windows_50pct_overlap,unused,2993,False,False,False
Subject24|arithmetic|Subject24_2.edf|54.000|58.000,Subject24,arithmetic,1,Subject24_2.edf,54.0,58.0,62.0,False,4.0,2.0,4s_windows_50pct_overlap,unused,2994,False,False,False
Subject24|arithmetic|Subject24_2.edf|56.000|60.000,Subject24,arithmetic,1,Subject24_2.edf,56.0,60.0,62.0,False,4.0,2.0,4s_windows_50pct_overlap,unused,2995,False,False,False
Subject24|arithmetic|Subject24_2.edf|58.000|62.000,Subject24,arithmetic,1,Subject24_2.edf,58.0,62.0,62.0,False,4.0,2.0,4s_windows_50pct_overlap,unused,2996,False,False,False
Subject25|rest|Subject25_1.edf|0.000|4.000,Subject25,rest,0,Subject25_1.edf,0.0,4.0,182.0,False,4.0,2.0,4s_windows_50pct_overlap,calibration,2997,True,False,False
Subject25|rest|Subject25_1.edf|2.000|6.000,Subject25,rest,0,Subject25_1.edf,2.0,6.0,182.0,False,4.0,2.0,4s_windows_50pct_overlap,calibration,2998,True,False,False
Subject25|rest|Subject25_1.edf|4.000|8.000,Subject25,rest,0,Subject25_1.edf,4.0,8.0,182.0,False,4.0,2.0,4s_windows_50pct_overlap,calibration,2999,True,False,False
Subject25|rest|Subject25_1.edf|6.000|10.000,Subject25,rest,0,Subject25_1.edf,6.0,10.0,182.0,False,4.0,2.0,4s_windows_50pct_overlap,calibration,3000,True,False,False
Subject25|rest|Subject25_1.edf|8.000|12.000,Subject25,rest,0,Subject25_1.edf,8.0,12.0,182.0,False,4.0,2.0,4s_windows_50pct_overlap,calibration,3001,True,False,False
Subject25|rest|Subject25_1.edf|10.000|14.000,Subject25,rest,0,Subject25_1.edf,10.0,14.0,182.0,False,4.0,2.0,4s_windows_50pct_overlap,calibration,3002,True,False,False
Subject25|rest|Subject25_1.edf|12.000|16.000,Subject25,rest,0,Subject25_1.edf,12.0,16.0,182.0,False,4.0,2.0,4s_windows_50pct_overlap,calibration,3003,True,False,False
Subject25|rest|Subject25_1.edf|14.000|18.000,Subject25,rest,0,Subject25_1.edf,14.0,18.0,182.0,False,4.0,2.0,4s_windows_50pct_overlap,calibration,3004,True,False,False
Subject25|rest|Subject25_1.edf|16.000|20.000,Subject25,rest,0,Subject25_1.edf,16.0,20.0,182.0,False,4.0,2.0,4s_windows_50pct_overlap,calibration,3005,True,False,False
Subject25|rest|Subject25_1.edf|18.000|22.000,Subject25,rest,0,Subject25_1.edf,18.0,22.0,182.0,False,4.0,2.0,4s_windows_50pct_overlap,calibration,3006,True,False,False
Subject25|rest|Subject25_1.edf|20.000|24.000,Subject25,rest,0,Subject25_1.edf,20.0,24.0,182.0,False,4.0,2.0,4s_windows_50pct_overlap,calibration,3007,True,False,False
Subject25|rest|Subject25_1.edf|22.000|26.000,Subject25,rest,0,Subject25_1.edf,22.0,26.0,182.0,False,4.0,2.0,4s_windows_50pct_overlap,calibration,3008,True,False,False
Subject25|rest|Subject25_1.edf|24.000|28.000,Subject25,rest,0,Subject25_1.edf,24.0,28.0,182.0,False,4.0,2.0,4s_windows_50pct_overlap,calibration,3009,True,False,False
Subject25|rest|Subject25_1.edf|26.000|30.000,Subject25,rest,0,Subject25_1.edf,26.0,30.0,182.0,False,4.0,2.0,4s_windows_50pct_overlap,calibration,3010,True,False,False
Subject25|rest|Subject25_1.edf|28.000|32.000,Subject25,rest,0,Subject25_1.edf,28.0,32.0,182.0,False,4.0,2.0,4s_windows_50pct_overlap,unused,3011,False,False,False
Subject25|rest|Subject25_1.edf|30.000|34.000,Subject25,rest,0,Subject25_1.edf,30.0,34.0,182.0,False,4.0,2.0,4s_windows_50pct_overlap,scored_rest,3012,False,True,False
Subject25|rest|Subject25_1.edf|32.000|36.000,Subject25,rest,0,Subject25_1.edf,32.0,36.0,182.0,False,4.0,2.0,4s_windows_50pct_overlap,scored_rest,3013,False,True,False
Subject25|rest|Subject25_1.edf|34.000|38.000,Subject25,rest,0,Subject25_1.edf,34.0,38.0,182.0,False,4.0,2.0,4s_windows_50pct_overlap,scored_rest,3014,False,True,False
Subject25|rest|Subject25_1.edf|36.000|40.000,Subject25,rest,0,Subject25_1.edf,36.0,40.0,182.0,False,4.0,2.0,4s_windows_50pct_overlap,scored_rest,3015,False,True,False
Subject25|rest|Subject25_1.edf|38.000|42.000,Subject25,rest,0,Subject25_1.edf,38.0,42.0,182.0,False,4.0,2.0,4s_windows_50pct_overlap,scored_rest,3016,False,True,False
Subject25|rest|Subject25_1.edf|40.000|44.000,Subject25,rest,0,Subject25_1.edf,40.0,44.0,182.0,False,4.0,2.0,4s_windows_50pct_overlap,scored_rest,3017,False,True,False
Subject25|rest|Subject25_1.edf|42.000|46.000,Subject25,rest,0,Subject25_1.edf,42.0,46.0,182.0,False,4.0,2.0,4s_windows_50pct_overlap,scored_rest,3018,False,True,False
Subject25|rest|Subject25_1.edf|44.000|48.000,Subject25,rest,0,Subject25_1.edf,44.0,48.0,182.0,False,4.0,2.0,4s_windows_50pct_overlap,scored_rest,3019,False,True,False
Subject25|rest|Subject25_1.edf|46.000|50.000,Subject25,rest,0,Subject25_1.edf,46.0,50.0,182.0,False,4.0,2.0,4s_windows_50pct_overlap,scored_rest,3020,False,True,False
Subject25|rest|Subject25_1.edf|48.000|52.000,Subject25,rest,0,Subject25_1.edf,48.0,52.0,182.0,False,4.0,2.0,4s_windows_50pct_overlap,scored_rest,3021,False,True,False
Subject25|rest|Subject25_1.edf|50.000|54.000,Subject25,rest,0,Subject25_1.edf,50.0,54.0,182.0,False,4.0,2.0,4s_windows_50pct_overlap,scored_rest,3022,False,True,False
Subject25|rest|Subject25_1.edf|52.000|56.000,Subject25,rest,0,Subject25_1.edf,52.0,56.0,182.0,False,4.0,2.0,4s_windows_50pct_overlap,scored_rest,3023,False,True,False
Subject25|rest|Subject25_1.edf|54.000|58.000,Subject25,rest,0,Subject25_1.edf,54.0,58.0,182.0,False,4.0,2.0,4s_windows_50pct_overlap,scored_rest,3024,False,True,False
Subject25|rest|Subject25_1.edf|56.000|60.000,Subject25,rest,0,Subject25_1.edf,56.0,60.0,182.0,False,4.0,2.0,4s_windows_50pct_overlap,scored_rest,3025,False,True,False
Subject25|rest|Subject25_1.edf|58.000|62.000,Subject25,rest,0,Subject25_1.edf,58.0,62.0,182.0,False,4.0,2.0,4s_windows_50pct_overlap,unused,3026,False,False,False
Subject25|rest|Subject25_1.edf|60.000|64.000,Subject25,rest,0,Subject25_1.edf,60.0,64.0,182.0,False,4.0,2.0,4s_windows_50pct_overlap,unused,3027,False,False,False
Subject25|rest|Subject25_1.edf|62.000|66.000,Subject25,rest,0,Subject25_1.edf,62.0,66.0,182.0,False,4.0,2.0,4s_windows_50pct_overlap,unused,3028,False,False,False
Subject25|rest|Subject25_1.edf|64.000|68.000,Subject25,rest,0,Subject25_1.edf,64.0,68.0,182.0,False,4.0,2.0,4s_windows_50pct_overlap,unused,3029,False,False,False
Subject25|rest|Subject25_1.edf|66.000|70.000,Subject25,rest,0,Subject25_1.edf,66.0,70.0,182.0,False,4.0,2.0,4s_windows_50pct_overlap,unused,3030,False,False,False
Subject25|rest|Subject25_1.edf|68.000|72.000,Subject25,rest,0,Subject25_1.edf,68.0,72.0,182.0,False,4.0,2.0,4s_windows_50pct_overlap,unused,3031,False,False,False
Subject25|rest|Subject25_1.edf|70.000|74.000,Subject25,rest,0,Subject25_1.edf,70.0,74.0,182.0,False,4.0,2.0,4s_windows_50pct_overlap,unused,3032,False,False,False
Subject25|rest|Subject25_1.edf|72.000|76.000,Subject25,rest,0,Subject25_1.edf,72.0,76.0,182.0,False,4.0,2.0,4s_windows_50pct_overlap,unused,3033,False,False,False
Subject25|rest|Subject25_1.edf|74.000|78.000,Subject25,rest,0,Subject25_1.edf,74.0,78.0,182.0,False,4.0,2.0,4s_windows_50pct_overlap,unused,3034,False,False,False
Subject25|rest|Subject25_1.edf|76.000|80.000,Subject25,rest,0,Subject25_1.edf,76.0,80.0,182.0,False,4.0,2.0,4s_windows_50pct_overlap,unused,3035,False,False,False
Subject25|rest|Subject25_1.edf|78.000|82.000,Subject25,rest,0,Subject25_1.edf,78.0,82.0,182.0,False,4.0,2.0,4s_windows_50pct_overlap,unused,3036,False,False,False
Subject25|rest|Subject25_1.edf|80.000|84.000,Subject25,rest,0,Subject25_1.edf,80.0,84.0,182.0,False,4.0,2.0,4s_windows_50pct_overlap,unused,3037,False,False,False
Subject25|rest|Subject25_1.edf|82.000|86.000,Subject25,rest,0,Subject25_1.edf,82.0,86.0,182.0,False,4.0,2.0,4s_windows_50pct_overlap,unused,3038,False,False,False
Subject25|rest|Subject25_1.edf|84.000|88.000,Subject25,rest,0,Subject25_1.edf,84.0,88.0,182.0,False,4.0,2.0,4s_windows_50pct_overlap,unused,3039,False,False,False
Subject25|rest|Subject25_1.edf|86.000|90.000,Subject25,rest,0,Subject25_1.edf,86.0,90.0,182.0,False,4.0,2.0,4s_windows_50pct_overlap,unused,3040,False,False,False
Subject25|rest|Subject25_1.edf|88.000|92.000,Subject25,rest,0,Subject25_1.edf,88.0,92.0,182.0,False,4.0,2.0,4s_windows_50pct_overlap,unused,3041,False,False,False
Subject25|rest|Subject25_1.edf|90.000|94.000,Subject25,rest,0,Subject25_1.edf,90.0,94.0,182.0,False,4.0,2.0,4s_windows_50pct_overlap,unused,3042,False,False,False
Subject25|rest|Subject25_1.edf|92.000|96.000,Subject25,rest,0,Subject25_1.edf,92.0,96.0,182.0,False,4.0,2.0,4s_windows_50pct_overlap,unused,3043,False,False,False
Subject25|rest|Subject25_1.edf|94.000|98.000,Subject25,rest,0,Subject25_1.edf,94.0,98.0,182.0,False,4.0,2.0,4s_windows_50pct_overlap,unused,3044,False,False,False
Subject25|rest|Subject25_1.edf|96.000|100.000,Subject25,rest,0,Subject25_1.edf,96.0,100.0,182.0,False,4.0,2.0,4s_windows_50pct_overlap,unused,3045,False,False,False
Subject25|rest|Subject25_1.edf|98.000|102.000,Subject25,rest,0,Subject25_1.edf,98.0,102.0,182.0,False,4.0,2.0,4s_windows_50pct_overlap,unused,3046,False,False,False
Subject25|rest|Subject25_1.edf|100.000|104.000,Subject25,rest,0,Subject25_1.edf,100.0,104.0,182.0,False,4.0,2.0,4s_windows_50pct_overlap,unused,3047,False,False,False
Subject25|rest|Subject25_1.edf|102.000|106.000,Subject25,rest,0,Subject25_1.edf,102.0,106.0,182.0,False,4.0,2.0,4s_windows_50pct_overlap,unused,3048,False,False,False
Subject25|rest|Subject25_1.edf|104.000|108.000,Subject25,rest,0,Subject25_1.edf,104.0,108.0,182.0,False,4.0,2.0,4s_windows_50pct_overlap,unused,3049,False,False,False
Subject25|rest|Subject25_1.edf|106.000|110.000,Subject25,rest,0,Subject25_1.edf,106.0,110.0,182.0,False,4.0,2.0,4s_windows_50pct_overlap,unused,3050,False,False,False
Subject25|rest|Subject25_1.edf|108.000|112.000,Subject25,rest,0,Subject25_1.edf,108.0,112.0,182.0,False,4.0,2.0,4s_windows_50pct_overlap,unused,3051,False,False,False
Subject25|rest|Subject25_1.edf|110.000|114.000,Subject25,rest,0,Subject25_1.edf,110.0,114.0,182.0,False,4.0,2.0,4s_windows_50pct_overlap,unused,3052,False,False,False
Subject25|rest|Subject25_1.edf|112.000|116.000,Subject25,rest,0,Subject25_1.edf,112.0,116.0,182.0,False,4.0,2.0,4s_windows_50pct_overlap,unused,3053,False,False,False
Subject25|rest|Subject25_1.edf|114.000|118.000,Subject25,rest,0,Subject25_1.edf,114.0,118.0,182.0,False,4.0,2.0,4s_windows_50pct_overlap,unused,3054,False,False,False
Subject25|rest|Subject25_1.edf|116.000|120.000,Subject25,rest,0,Subject25_1.edf,116.0,120.0,182.0,False,4.0,2.0,4s_windows_50pct_overlap,unused,3055,False,False,False
Subject25|rest|Subject25_1.edf|118.000|122.000,Subject25,rest,0,Subject25_1.edf,118.0,122.0,182.0,False,4.0,2.0,4s_windows_50pct_overlap,unused,3056,False,False,False
Subject25|rest|Subject25_1.edf|120.000|124.000,Subject25,rest,0,Subject25_1.edf,120.0,124.0,182.0,False,4.0,2.0,4s_windows_50pct_overlap,unused,3057,False,False,False
Subject25|rest|Subject25_1.edf|122.000|126.000,Subject25,rest,0,Subject25_1.edf,122.0,126.0,182.0,False,4.0,2.0,4s_windows_50pct_overlap,unused,3058,False,False,False
Subject25|rest|Subject25_1.edf|124.000|128.000,Subject25,rest,0,Subject25_1.edf,124.0,128.0,182.0,False,4.0,2.0,4s_windows_50pct_overlap,unused,3059,False,False,False
Subject25|rest|Subject25_1.edf|126.000|130.000,Subject25,rest,0,Subject25_1.edf,126.0,130.0,182.0,False,4.0,2.0,4s_windows_50pct_overlap,unused,3060,False,False,False
Subject25|rest|Subject25_1.edf|128.000|132.000,Subject25,rest,0,Subject25_1.edf,128.0,132.0,182.0,False,4.0,2.0,4s_windows_50pct_overlap,unused,3061,False,False,False
Subject25|rest|Subject25_1.edf|130.000|134.000,Subject25,rest,0,Subject25_1.edf,130.0,134.0,182.0,False,4.0,2.0,4s_windows_50pct_overlap,unused,3062,False,False,False
Subject25|rest|Subject25_1.edf|132.000|136.000,Subject25,rest,0,Subject25_1.edf,132.0,136.0,182.0,False,4.0,2.0,4s_windows_50pct_overlap,unused,3063,False,False,False
Subject25|rest|Subject25_1.edf|134.000|138.000,Subject25,rest,0,Subject25_1.edf,134.0,138.0,182.0,False,4.0,2.0,4s_windows_50pct_overlap,unused,3064,False,False,False
Subject25|rest|Subject25_1.edf|136.000|140.000,Subject25,rest,0,Subject25_1.edf,136.0,140.0,182.0,False,4.0,2.0,4s_windows_50pct_overlap,unused,3065,False,False,False
Subject25|rest|Subject25_1.edf|138.000|142.000,Subject25,rest,0,Subject25_1.edf,138.0,142.0,182.0,False,4.0,2.0,4s_windows_50pct_overlap,unused,3066,False,False,False
Subject25|rest|Subject25_1.edf|140.000|144.000,Subject25,rest,0,Subject25_1.edf,140.0,144.0,182.0,False,4.0,2.0,4s_windows_50pct_overlap,unused,3067,False,False,False
Subject25|rest|Subject25_1.edf|142.000|146.000,Subject25,rest,0,Subject25_1.edf,142.0,146.0,182.0,False,4.0,2.0,4s_windows_50pct_overlap,unused,3068,False,False,False
Subject25|rest|Subject25_1.edf|144.000|148.000,Subject25,rest,0,Subject25_1.edf,144.0,148.0,182.0,False,4.0,2.0,4s_windows_50pct_overlap,unused,3069,False,False,False
Subject25|rest|Subject25_1.edf|146.000|150.000,Subject25,rest,0,Subject25_1.edf,146.0,150.0,182.0,False,4.0,2.0,4s_windows_50pct_overlap,unused,3070,False,False,False
Subject25|rest|Subject25_1.edf|148.000|152.000,Subject25,rest,0,Subject25_1.edf,148.0,152.0,182.0,False,4.0,2.0,4s_windows_50pct_overlap,unused,3071,False,False,False
Subject25|rest|Subject25_1.edf|150.000|154.000,Subject25,rest,0,Subject25_1.edf,150.0,154.0,182.0,False,4.0,2.0,4s_windows_50pct_overlap,unused,3072,False,False,False
Subject25|rest|Subject25_1.edf|152.000|156.000,Subject25,rest,0,Subject25_1.edf,152.0,156.0,182.0,False,4.0,2.0,4s_windows_50pct_overlap,unused,3073,False,False,False
Subject25|rest|Subject25_1.edf|154.000|158.000,Subject25,rest,0,Subject25_1.edf,154.0,158.0,182.0,False,4.0,2.0,4s_windows_50pct_overlap,unused,3074,False,False,False
Subject25|rest|Subject25_1.edf|156.000|160.000,Subject25,rest,0,Subject25_1.edf,156.0,160.0,182.0,False,4.0,2.0,4s_windows_50pct_overlap,unused,3075,False,False,False
Subject25|rest|Subject25_1.edf|158.000|162.000,Subject25,rest,0,Subject25_1.edf,158.0,162.0,182.0,False,4.0,2.0,4s_windows_50pct_overlap,unused,3076,False,False,False
Subject25|rest|Subject25_1.edf|160.000|164.000,Subject25,rest,0,Subject25_1.edf,160.0,164.0,182.0,False,4.0,2.0,4s_windows_50pct_overlap,unused,3077,False,False,False
Subject25|rest|Subject25_1.edf|162.000|166.000,Subject25,rest,0,Subject25_1.edf,162.0,166.0,182.0,False,4.0,2.0,4s_windows_50pct_overlap,unused,3078,False,False,False
Subject25|rest|Subject25_1.edf|164.000|168.000,Subject25,rest,0,Subject25_1.edf,164.0,168.0,182.0,False,4.0,2.0,4s_windows_50pct_overlap,unused,3079,False,False,False
Subject25|rest|Subject25_1.edf|166.000|170.000,Subject25,rest,0,Subject25_1.edf,166.0,170.0,182.0,False,4.0,2.0,4s_windows_50pct_overlap,unused,3080,False,False,False
Subject25|rest|Subject25_1.edf|168.000|172.000,Subject25,rest,0,Subject25_1.edf,168.0,172.0,182.0,False,4.0,2.0,4s_windows_50pct_overlap,unused,3081,False,False,False
Subject25|rest|Subject25_1.edf|170.000|174.000,Subject25,rest,0,Subject25_1.edf,170.0,174.0,182.0,False,4.0,2.0,4s_windows_50pct_overlap,unused,3082,False,False,False
Subject25|rest|Subject25_1.edf|172.000|176.000,Subject25,rest,0,Subject25_1.edf,172.0,176.0,182.0,False,4.0,2.0,4s_windows_50pct_overlap,unused,3083,False,False,False
Subject25|rest|Subject25_1.edf|174.000|178.000,Subject25,rest,0,Subject25_1.edf,174.0,178.0,182.0,False,4.0,2.0,4s_windows_50pct_overlap,unused,3084,False,False,False
Subject25|rest|Subject25_1.edf|176.000|180.000,Subject25,rest,0,Subject25_1.edf,176.0,180.0,182.0,False,4.0,2.0,4s_windows_50pct_overlap,unused,3085,False,False,False
Subject25|rest|Subject25_1.edf|178.000|182.000,Subject25,rest,0,Subject25_1.edf,178.0,182.0,182.0,False,4.0,2.0,4s_windows_50pct_overlap,unused,3086,False,False,False
Subject25|arithmetic|Subject25_2.edf|0.000|4.000,Subject25,arithmetic,1,Subject25_2.edf,0.0,4.0,62.0,False,4.0,2.0,4s_windows_50pct_overlap,scored_task,3087,False,True,False
Subject25|arithmetic|Subject25_2.edf|2.000|6.000,Subject25,arithmetic,1,Subject25_2.edf,2.0,6.0,62.0,False,4.0,2.0,4s_windows_50pct_overlap,scored_task,3088,False,True,False
Subject25|arithmetic|Subject25_2.edf|4.000|8.000,Subject25,arithmetic,1,Subject25_2.edf,4.0,8.0,62.0,False,4.0,2.0,4s_windows_50pct_overlap,scored_task,3089,False,True,False
Subject25|arithmetic|Subject25_2.edf|6.000|10.000,Subject25,arithmetic,1,Subject25_2.edf,6.0,10.0,62.0,False,4.0,2.0,4s_windows_50pct_overlap,scored_task,3090,False,True,False
Subject25|arithmetic|Subject25_2.edf|8.000|12.000,Subject25,arithmetic,1,Subject25_2.edf,8.0,12.0,62.0,False,4.0,2.0,4s_windows_50pct_overlap,scored_task,3091,False,True,False
Subject25|arithmetic|Subject25_2.edf|10.000|14.000,Subject25,arithmetic,1,Subject25_2.edf,10.0,14.0,62.0,False,4.0,2.0,4s_windows_50pct_overlap,scored_task,3092,False,True,False
Subject25|arithmetic|Subject25_2.edf|12.000|16.000,Subject25,arithmetic,1,Subject25_2.edf,12.0,16.0,62.0,False,4.0,2.0,4s_windows_50pct_overlap,scored_task,3093,False,True,False
Subject25|arithmetic|Subject25_2.edf|14.000|18.000,Subject25,arithmetic,1,Subject25_2.edf,14.0,18.0,62.0,False,4.0,2.0,4s_windows_50pct_overlap,scored_task,3094,False,True,False
Subject25|arithmetic|Subject25_2.edf|16.000|20.000,Subject25,arithmetic,1,Subject25_2.edf,16.0,20.0,62.0,False,4.0,2.0,4s_windows_50pct_overlap,scored_task,3095,False,True,False
Subject25|arithmetic|Subject25_2.edf|18.000|22.000,Subject25,arithmetic,1,Subject25_2.edf,18.0,22.0,62.0,False,4.0,2.0,4s_windows_50pct_overlap,scored_task,3096,False,True,False
Subject25|arithmetic|Subject25_2.edf|20.000|24.000,Subject25,arithmetic,1,Subject25_2.edf,20.0,24.0,62.0,False,4.0,2.0,4s_windows_50pct_overlap,scored_task,3097,False,True,False
Subject25|arithmetic|Subject25_2.edf|22.000|26.000,Subject25,arithmetic,1,Subject25_2.edf,22.0,26.0,62.0,False,4.0,2.0,4s_windows_50pct_overlap,scored_task,3098,False,True,False
Subject25|arithmetic|Subject25_2.edf|24.000|28.000,Subject25,arithmetic,1,Subject25_2.edf,24.0,28.0,62.0,False,4.0,2.0,4s_windows_50pct_overlap,scored_task,3099,False,True,False
Subject25|arithmetic|Subject25_2.edf|26.000|30.000,Subject25,arithmetic,1,Subject25_2.edf,26.0,30.0,62.0,False,4.0,2.0,4s_windows_50pct_overlap,scored_task,3100,False,True,False
Subject25|arithmetic|Subject25_2.edf|28.000|32.000,Subject25,arithmetic,1,Subject25_2.edf,28.0,32.0,62.0,False,4.0,2.0,4s_windows_50pct_overlap,unused,3101,False,False,False
Subject25|arithmetic|Subject25_2.edf|30.000|34.000,Subject25,arithmetic,1,Subject25_2.edf,30.0,34.0,62.0,False,4.0,2.0,4s_windows_50pct_overlap,unused,3102,False,False,False
Subject25|arithmetic|Subject25_2.edf|32.000|36.000,Subject25,arithmetic,1,Subject25_2.edf,32.0,36.0,62.0,False,4.0,2.0,4s_windows_50pct_overlap,unused,3103,False,False,False
Subject25|arithmetic|Subject25_2.edf|34.000|38.000,Subject25,arithmetic,1,Subject25_2.edf,34.0,38.0,62.0,False,4.0,2.0,4s_windows_50pct_overlap,unused,3104,False,False,False
Subject25|arithmetic|Subject25_2.edf|36.000|40.000,Subject25,arithmetic,1,Subject25_2.edf,36.0,40.0,62.0,False,4.0,2.0,4s_windows_50pct_overlap,unused,3105,False,False,False
Subject25|arithmetic|Subject25_2.edf|38.000|42.000,Subject25,arithmetic,1,Subject25_2.edf,38.0,42.0,62.0,False,4.0,2.0,4s_windows_50pct_overlap,unused,3106,False,False,False
Subject25|arithmetic|Subject25_2.edf|40.000|44.000,Subject25,arithmetic,1,Subject25_2.edf,40.0,44.0,62.0,False,4.0,2.0,4s_windows_50pct_overlap,unused,3107,False,False,False
Subject25|arithmetic|Subject25_2.edf|42.000|46.000,Subject25,arithmetic,1,Subject25_2.edf,42.0,46.0,62.0,False,4.0,2.0,4s_windows_50pct_overlap,unused,3108,False,False,False
Subject25|arithmetic|Subject25_2.edf|44.000|48.000,Subject25,arithmetic,1,Subject25_2.edf,44.0,48.0,62.0,False,4.0,2.0,4s_windows_50pct_overlap,unused,3109,False,False,False
Subject25|arithmetic|Subject25_2.edf|46.000|50.000,Subject25,arithmetic,1,Subject25_2.edf,46.0,50.0,62.0,False,4.0,2.0,4s_windows_50pct_overlap,unused,3110,False,False,False
Subject25|arithmetic|Subject25_2.edf|48.000|52.000,Subject25,arithmetic,1,Subject25_2.edf,48.0,52.0,62.0,False,4.0,2.0,4s_windows_50pct_overlap,unused,3111,False,False,False
Subject25|arithmetic|Subject25_2.edf|50.000|54.000,Subject25,arithmetic,1,Subject25_2.edf,50.0,54.0,62.0,False,4.0,2.0,4s_windows_50pct_overlap,unused,3112,False,False,False
Subject25|arithmetic|Subject25_2.edf|52.000|56.000,Subject25,arithmetic,1,Subject25_2.edf,52.0,56.0,62.0,False,4.0,2.0,4s_windows_50pct_overlap,unused,3113,False,False,False
Subject25|arithmetic|Subject25_2.edf|54.000|58.000,Subject25,arithmetic,1,Subject25_2.edf,54.0,58.0,62.0,False,4.0,2.0,4s_windows_50pct_overlap,unused,3114,False,False,False
Subject25|arithmetic|Subject25_2.edf|56.000|60.000,Subject25,arithmetic,1,Subject25_2.edf,56.0,60.0,62.0,False,4.0,2.0,4s_windows_50pct_overlap,unused,3115,False,False,False
Subject25|arithmetic|Subject25_2.edf|58.000|62.000,Subject25,arithmetic,1,Subject25_2.edf,58.0,62.0,62.0,False,4.0,2.0,4s_windows_50pct_overlap,unused,3116,False,False,False
Subject26|rest|Subject26_1.edf|0.000|4.000,Subject26,rest,0,Subject26_1.edf,0.0,4.0,182.0,False,4.0,2.0,4s_windows_50pct_overlap,calibration,3117,True,False,False
Subject26|rest|Subject26_1.edf|2.000|6.000,Subject26,rest,0,Subject26_1.edf,2.0,6.0,182.0,False,4.0,2.0,4s_windows_50pct_overlap,calibration,3118,True,False,False
Subject26|rest|Subject26_1.edf|4.000|8.000,Subject26,rest,0,Subject26_1.edf,4.0,8.0,182.0,False,4.0,2.0,4s_windows_50pct_overlap,calibration,3119,True,False,False
Subject26|rest|Subject26_1.edf|6.000|10.000,Subject26,rest,0,Subject26_1.edf,6.0,10.0,182.0,False,4.0,2.0,4s_windows_50pct_overlap,calibration,3120,True,False,False
Subject26|rest|Subject26_1.edf|8.000|12.000,Subject26,rest,0,Subject26_1.edf,8.0,12.0,182.0,False,4.0,2.0,4s_windows_50pct_overlap,calibration,3121,True,False,False
Subject26|rest|Subject26_1.edf|10.000|14.000,Subject26,rest,0,Subject26_1.edf,10.0,14.0,182.0,False,4.0,2.0,4s_windows_50pct_overlap,calibration,3122,True,False,False
Subject26|rest|Subject26_1.edf|12.000|16.000,Subject26,rest,0,Subject26_1.edf,12.0,16.0,182.0,False,4.0,2.0,4s_windows_50pct_overlap,calibration,3123,True,False,False
Subject26|rest|Subject26_1.edf|14.000|18.000,Subject26,rest,0,Subject26_1.edf,14.0,18.0,182.0,False,4.0,2.0,4s_windows_50pct_overlap,calibration,3124,True,False,False
Subject26|rest|Subject26_1.edf|16.000|20.000,Subject26,rest,0,Subject26_1.edf,16.0,20.0,182.0,False,4.0,2.0,4s_windows_50pct_overlap,calibration,3125,True,False,False
Subject26|rest|Subject26_1.edf|18.000|22.000,Subject26,rest,0,Subject26_1.edf,18.0,22.0,182.0,False,4.0,2.0,4s_windows_50pct_overlap,calibration,3126,True,False,False
Subject26|rest|Subject26_1.edf|20.000|24.000,Subject26,rest,0,Subject26_1.edf,20.0,24.0,182.0,False,4.0,2.0,4s_windows_50pct_overlap,calibration,3127,True,False,False
Subject26|rest|Subject26_1.edf|22.000|26.000,Subject26,rest,0,Subject26_1.edf,22.0,26.0,182.0,False,4.0,2.0,4s_windows_50pct_overlap,calibration,3128,True,False,False
Subject26|rest|Subject26_1.edf|24.000|28.000,Subject26,rest,0,Subject26_1.edf,24.0,28.0,182.0,False,4.0,2.0,4s_windows_50pct_overlap,calibration,3129,True,False,False
Subject26|rest|Subject26_1.edf|26.000|30.000,Subject26,rest,0,Subject26_1.edf,26.0,30.0,182.0,False,4.0,2.0,4s_windows_50pct_overlap,calibration,3130,True,False,False
Subject26|rest|Subject26_1.edf|28.000|32.000,Subject26,rest,0,Subject26_1.edf,28.0,32.0,182.0,False,4.0,2.0,4s_windows_50pct_overlap,unused,3131,False,False,False
Subject26|rest|Subject26_1.edf|30.000|34.000,Subject26,rest,0,Subject26_1.edf,30.0,34.0,182.0,False,4.0,2.0,4s_windows_50pct_overlap,scored_rest,3132,False,True,False
Subject26|rest|Subject26_1.edf|32.000|36.000,Subject26,rest,0,Subject26_1.edf,32.0,36.0,182.0,False,4.0,2.0,4s_windows_50pct_overlap,scored_rest,3133,False,True,False
Subject26|rest|Subject26_1.edf|34.000|38.000,Subject26,rest,0,Subject26_1.edf,34.0,38.0,182.0,False,4.0,2.0,4s_windows_50pct_overlap,scored_rest,3134,False,True,False
Subject26|rest|Subject26_1.edf|36.000|40.000,Subject26,rest,0,Subject26_1.edf,36.0,40.0,182.0,False,4.0,2.0,4s_windows_50pct_overlap,scored_rest,3135,False,True,False
Subject26|rest|Subject26_1.edf|38.000|42.000,Subject26,rest,0,Subject26_1.edf,38.0,42.0,182.0,False,4.0,2.0,4s_windows_50pct_overlap,scored_rest,3136,False,True,False
Subject26|rest|Subject26_1.edf|40.000|44.000,Subject26,rest,0,Subject26_1.edf,40.0,44.0,182.0,False,4.0,2.0,4s_windows_50pct_overlap,scored_rest,3137,False,True,False
Subject26|rest|Subject26_1.edf|42.000|46.000,Subject26,rest,0,Subject26_1.edf,42.0,46.0,182.0,False,4.0,2.0,4s_windows_50pct_overlap,scored_rest,3138,False,True,False
Subject26|rest|Subject26_1.edf|44.000|48.000,Subject26,rest,0,Subject26_1.edf,44.0,48.0,182.0,False,4.0,2.0,4s_windows_50pct_overlap,scored_rest,3139,False,True,False
Subject26|rest|Subject26_1.edf|46.000|50.000,Subject26,rest,0,Subject26_1.edf,46.0,50.0,182.0,False,4.0,2.0,4s_windows_50pct_overlap,scored_rest,3140,False,True,False
Subject26|rest|Subject26_1.edf|48.000|52.000,Subject26,rest,0,Subject26_1.edf,48.0,52.0,182.0,False,4.0,2.0,4s_windows_50pct_overlap,scored_rest,3141,False,True,False
Subject26|rest|Subject26_1.edf|50.000|54.000,Subject26,rest,0,Subject26_1.edf,50.0,54.0,182.0,False,4.0,2.0,4s_windows_50pct_overlap,scored_rest,3142,False,True,False
Subject26|rest|Subject26_1.edf|52.000|56.000,Subject26,rest,0,Subject26_1.edf,52.0,56.0,182.0,False,4.0,2.0,4s_windows_50pct_overlap,scored_rest,3143,False,True,False
Subject26|rest|Subject26_1.edf|54.000|58.000,Subject26,rest,0,Subject26_1.edf,54.0,58.0,182.0,False,4.0,2.0,4s_windows_50pct_overlap,scored_rest,3144,False,True,False
Subject26|rest|Subject26_1.edf|56.000|60.000,Subject26,rest,0,Subject26_1.edf,56.0,60.0,182.0,False,4.0,2.0,4s_windows_50pct_overlap,scored_rest,3145,False,True,False
Subject26|rest|Subject26_1.edf|58.000|62.000,Subject26,rest,0,Subject26_1.edf,58.0,62.0,182.0,False,4.0,2.0,4s_windows_50pct_overlap,unused,3146,False,False,False
Subject26|rest|Subject26_1.edf|60.000|64.000,Subject26,rest,0,Subject26_1.edf,60.0,64.0,182.0,False,4.0,2.0,4s_windows_50pct_overlap,unused,3147,False,False,False
Subject26|rest|Subject26_1.edf|62.000|66.000,Subject26,rest,0,Subject26_1.edf,62.0,66.0,182.0,False,4.0,2.0,4s_windows_50pct_overlap,unused,3148,False,False,False
Subject26|rest|Subject26_1.edf|64.000|68.000,Subject26,rest,0,Subject26_1.edf,64.0,68.0,182.0,False,4.0,2.0,4s_windows_50pct_overlap,unused,3149,False,False,False
Subject26|rest|Subject26_1.edf|66.000|70.000,Subject26,rest,0,Subject26_1.edf,66.0,70.0,182.0,False,4.0,2.0,4s_windows_50pct_overlap,unused,3150,False,False,False
Subject26|rest|Subject26_1.edf|68.000|72.000,Subject26,rest,0,Subject26_1.edf,68.0,72.0,182.0,False,4.0,2.0,4s_windows_50pct_overlap,unused,3151,False,False,False
Subject26|rest|Subject26_1.edf|70.000|74.000,Subject26,rest,0,Subject26_1.edf,70.0,74.0,182.0,False,4.0,2.0,4s_windows_50pct_overlap,unused,3152,False,False,False
Subject26|rest|Subject26_1.edf|72.000|76.000,Subject26,rest,0,Subject26_1.edf,72.0,76.0,182.0,False,4.0,2.0,4s_windows_50pct_overlap,unused,3153,False,False,False
Subject26|rest|Subject26_1.edf|74.000|78.000,Subject26,rest,0,Subject26_1.edf,74.0,78.0,182.0,False,4.0,2.0,4s_windows_50pct_overlap,unused,3154,False,False,False
Subject26|rest|Subject26_1.edf|76.000|80.000,Subject26,rest,0,Subject26_1.edf,76.0,80.0,182.0,False,4.0,2.0,4s_windows_50pct_overlap,unused,3155,False,False,False
Subject26|rest|Subject26_1.edf|78.000|82.000,Subject26,rest,0,Subject26_1.edf,78.0,82.0,182.0,False,4.0,2.0,4s_windows_50pct_overlap,unused,3156,False,False,False
Subject26|rest|Subject26_1.edf|80.000|84.000,Subject26,rest,0,Subject26_1.edf,80.0,84.0,182.0,False,4.0,2.0,4s_windows_50pct_overlap,unused,3157,False,False,False
Subject26|rest|Subject26_1.edf|82.000|86.000,Subject26,rest,0,Subject26_1.edf,82.0,86.0,182.0,False,4.0,2.0,4s_windows_50pct_overlap,unused,3158,False,False,False
Subject26|rest|Subject26_1.edf|84.000|88.000,Subject26,rest,0,Subject26_1.edf,84.0,88.0,182.0,False,4.0,2.0,4s_windows_50pct_overlap,unused,3159,False,False,False
Subject26|rest|Subject26_1.edf|86.000|90.000,Subject26,rest,0,Subject26_1.edf,86.0,90.0,182.0,False,4.0,2.0,4s_windows_50pct_overlap,unused,3160,False,False,False
Subject26|rest|Subject26_1.edf|88.000|92.000,Subject26,rest,0,Subject26_1.edf,88.0,92.0,182.0,False,4.0,2.0,4s_windows_50pct_overlap,unused,3161,False,False,False
Subject26|rest|Subject26_1.edf|90.000|94.000,Subject26,rest,0,Subject26_1.edf,90.0,94.0,182.0,False,4.0,2.0,4s_windows_50pct_overlap,unused,3162,False,False,False
Subject26|rest|Subject26_1.edf|92.000|96.000,Subject26,rest,0,Subject26_1.edf,92.0,96.0,182.0,False,4.0,2.0,4s_windows_50pct_overlap,unused,3163,False,False,False
Subject26|rest|Subject26_1.edf|94.000|98.000,Subject26,rest,0,Subject26_1.edf,94.0,98.0,182.0,False,4.0,2.0,4s_windows_50pct_overlap,unused,3164,False,False,False
Subject26|rest|Subject26_1.edf|96.000|100.000,Subject26,rest,0,Subject26_1.edf,96.0,100.0,182.0,False,4.0,2.0,4s_windows_50pct_overlap,unused,3165,False,False,False
Subject26|rest|Subject26_1.edf|98.000|102.000,Subject26,rest,0,Subject26_1.edf,98.0,102.0,182.0,False,4.0,2.0,4s_windows_50pct_overlap,unused,3166,False,False,False
Subject26|rest|Subject26_1.edf|100.000|104.000,Subject26,rest,0,Subject26_1.edf,100.0,104.0,182.0,False,4.0,2.0,4s_windows_50pct_overlap,unused,3167,False,False,False
Subject26|rest|Subject26_1.edf|102.000|106.000,Subject26,rest,0,Subject26_1.edf,102.0,106.0,182.0,False,4.0,2.0,4s_windows_50pct_overlap,unused,3168,False,False,False
Subject26|rest|Subject26_1.edf|104.000|108.000,Subject26,rest,0,Subject26_1.edf,104.0,108.0,182.0,False,4.0,2.0,4s_windows_50pct_overlap,unused,3169,False,False,False
Subject26|rest|Subject26_1.edf|106.000|110.000,Subject26,rest,0,Subject26_1.edf,106.0,110.0,182.0,False,4.0,2.0,4s_windows_50pct_overlap,unused,3170,False,False,False
Subject26|rest|Subject26_1.edf|108.000|112.000,Subject26,rest,0,Subject26_1.edf,108.0,112.0,182.0,False,4.0,2.0,4s_windows_50pct_overlap,unused,3171,False,False,False
Subject26|rest|Subject26_1.edf|110.000|114.000,Subject26,rest,0,Subject26_1.edf,110.0,114.0,182.0,False,4.0,2.0,4s_windows_50pct_overlap,unused,3172,False,False,False
Subject26|rest|Subject26_1.edf|112.000|116.000,Subject26,rest,0,Subject26_1.edf,112.0,116.0,182.0,False,4.0,2.0,4s_windows_50pct_overlap,unused,3173,False,False,False
Subject26|rest|Subject26_1.edf|114.000|118.000,Subject26,rest,0,Subject26_1.edf,114.0,118.0,182.0,False,4.0,2.0,4s_windows_50pct_overlap,unused,3174,False,False,False
Subject26|rest|Subject26_1.edf|116.000|120.000,Subject26,rest,0,Subject26_1.edf,116.0,120.0,182.0,False,4.0,2.0,4s_windows_50pct_overlap,unused,3175,False,False,False
Subject26|rest|Subject26_1.edf|118.000|122.000,Subject26,rest,0,Subject26_1.edf,118.0,122.0,182.0,False,4.0,2.0,4s_windows_50pct_overlap,unused,3176,False,False,False
Subject26|rest|Subject26_1.edf|120.000|124.000,Subject26,rest,0,Subject26_1.edf,120.0,124.0,182.0,False,4.0,2.0,4s_windows_50pct_overlap,unused,3177,False,False,False
Subject26|rest|Subject26_1.edf|122.000|126.000,Subject26,rest,0,Subject26_1.edf,122.0,126.0,182.0,False,4.0,2.0,4s_windows_50pct_overlap,unused,3178,False,False,False
Subject26|rest|Subject26_1.edf|124.000|128.000,Subject26,rest,0,Subject26_1.edf,124.0,128.0,182.0,False,4.0,2.0,4s_windows_50pct_overlap,unused,3179,False,False,False
Subject26|rest|Subject26_1.edf|126.000|130.000,Subject26,rest,0,Subject26_1.edf,126.0,130.0,182.0,False,4.0,2.0,4s_windows_50pct_overlap,unused,3180,False,False,False
Subject26|rest|Subject26_1.edf|128.000|132.000,Subject26,rest,0,Subject26_1.edf,128.0,132.0,182.0,False,4.0,2.0,4s_windows_50pct_overlap,unused,3181,False,False,False
Subject26|rest|Subject26_1.edf|130.000|134.000,Subject26,rest,0,Subject26_1.edf,130.0,134.0,182.0,False,4.0,2.0,4s_windows_50pct_overlap,unused,3182,False,False,False
Subject26|rest|Subject26_1.edf|132.000|136.000,Subject26,rest,0,Subject26_1.edf,132.0,136.0,182.0,False,4.0,2.0,4s_windows_50pct_overlap,unused,3183,False,False,False
Subject26|rest|Subject26_1.edf|134.000|138.000,Subject26,rest,0,Subject26_1.edf,134.0,138.0,182.0,False,4.0,2.0,4s_windows_50pct_overlap,unused,3184,False,False,False
Subject26|rest|Subject26_1.edf|136.000|140.000,Subject26,rest,0,Subject26_1.edf,136.0,140.0,182.0,False,4.0,2.0,4s_windows_50pct_overlap,unused,3185,False,False,False
Subject26|rest|Subject26_1.edf|138.000|142.000,Subject26,rest,0,Subject26_1.edf,138.0,142.0,182.0,False,4.0,2.0,4s_windows_50pct_overlap,unused,3186,False,False,False
Subject26|rest|Subject26_1.edf|140.000|144.000,Subject26,rest,0,Subject26_1.edf,140.0,144.0,182.0,False,4.0,2.0,4s_windows_50pct_overlap,unused,3187,False,False,False
Subject26|rest|Subject26_1.edf|142.000|146.000,Subject26,rest,0,Subject26_1.edf,142.0,146.0,182.0,False,4.0,2.0,4s_windows_50pct_overlap,unused,3188,False,False,False
Subject26|rest|Subject26_1.edf|144.000|148.000,Subject26,rest,0,Subject26_1.edf,144.0,148.0,182.0,False,4.0,2.0,4s_windows_50pct_overlap,unused,3189,False,False,False
Subject26|rest|Subject26_1.edf|146.000|150.000,Subject26,rest,0,Subject26_1.edf,146.0,150.0,182.0,False,4.0,2.0,4s_windows_50pct_overlap,unused,3190,False,False,False
Subject26|rest|Subject26_1.edf|148.000|152.000,Subject26,rest,0,Subject26_1.edf,148.0,152.0,182.0,False,4.0,2.0,4s_windows_50pct_overlap,unused,3191,False,False,False
Subject26|rest|Subject26_1.edf|150.000|154.000,Subject26,rest,0,Subject26_1.edf,150.0,154.0,182.0,False,4.0,2.0,4s_windows_50pct_overlap,unused,3192,False,False,False
Subject26|rest|Subject26_1.edf|152.000|156.000,Subject26,rest,0,Subject26_1.edf,152.0,156.0,182.0,False,4.0,2.0,4s_windows_50pct_overlap,unused,3193,False,False,False
Subject26|rest|Subject26_1.edf|154.000|158.000,Subject26,rest,0,Subject26_1.edf,154.0,158.0,182.0,False,4.0,2.0,4s_windows_50pct_overlap,unused,3194,False,False,False
Subject26|rest|Subject26_1.edf|156.000|160.000,Subject26,rest,0,Subject26_1.edf,156.0,160.0,182.0,False,4.0,2.0,4s_windows_50pct_overlap,unused,3195,False,False,False
Subject26|rest|Subject26_1.edf|158.000|162.000,Subject26,rest,0,Subject26_1.edf,158.0,162.0,182.0,False,4.0,2.0,4s_windows_50pct_overlap,unused,3196,False,False,False
Subject26|rest|Subject26_1.edf|160.000|164.000,Subject26,rest,0,Subject26_1.edf,160.0,164.0,182.0,False,4.0,2.0,4s_windows_50pct_overlap,unused,3197,False,False,False
Subject26|rest|Subject26_1.edf|162.000|166.000,Subject26,rest,0,Subject26_1.edf,162.0,166.0,182.0,False,4.0,2.0,4s_windows_50pct_overlap,unused,3198,False,False,False
Subject26|rest|Subject26_1.edf|164.000|168.000,Subject26,rest,0,Subject26_1.edf,164.0,168.0,182.0,False,4.0,2.0,4s_windows_50pct_overlap,unused,3199,False,False,False
Subject26|rest|Subject26_1.edf|166.000|170.000,Subject26,rest,0,Subject26_1.edf,166.0,170.0,182.0,False,4.0,2.0,4s_windows_50pct_overlap,unused,3200,False,False,False
Subject26|rest|Subject26_1.edf|168.000|172.000,Subject26,rest,0,Subject26_1.edf,168.0,172.0,182.0,False,4.0,2.0,4s_windows_50pct_overlap,unused,3201,False,False,False
Subject26|rest|Subject26_1.edf|170.000|174.000,Subject26,rest,0,Subject26_1.edf,170.0,174.0,182.0,False,4.0,2.0,4s_windows_50pct_overlap,unused,3202,False,False,False
Subject26|rest|Subject26_1.edf|172.000|176.000,Subject26,rest,0,Subject26_1.edf,172.0,176.0,182.0,False,4.0,2.0,4s_windows_50pct_overlap,unused,3203,False,False,False
Subject26|rest|Subject26_1.edf|174.000|178.000,Subject26,rest,0,Subject26_1.edf,174.0,178.0,182.0,False,4.0,2.0,4s_windows_50pct_overlap,unused,3204,False,False,False
Subject26|rest|Subject26_1.edf|176.000|180.000,Subject26,rest,0,Subject26_1.edf,176.0,180.0,182.0,False,4.0,2.0,4s_windows_50pct_overlap,unused,3205,False,False,False
Subject26|rest|Subject26_1.edf|178.000|182.000,Subject26,rest,0,Subject26_1.edf,178.0,182.0,182.0,False,4.0,2.0,4s_windows_50pct_overlap,unused,3206,False,False,False
Subject26|arithmetic|Subject26_2.edf|0.000|4.000,Subject26,arithmetic,1,Subject26_2.edf,0.0,4.0,62.0,False,4.0,2.0,4s_windows_50pct_overlap,scored_task,3207,False,True,False
Subject26|arithmetic|Subject26_2.edf|2.000|6.000,Subject26,arithmetic,1,Subject26_2.edf,2.0,6.0,62.0,False,4.0,2.0,4s_windows_50pct_overlap,scored_task,3208,False,True,False
Subject26|arithmetic|Subject26_2.edf|4.000|8.000,Subject26,arithmetic,1,Subject26_2.edf,4.0,8.0,62.0,False,4.0,2.0,4s_windows_50pct_overlap,scored_task,3209,False,True,False
Subject26|arithmetic|Subject26_2.edf|6.000|10.000,Subject26,arithmetic,1,Subject26_2.edf,6.0,10.0,62.0,False,4.0,2.0,4s_windows_50pct_overlap,scored_task,3210,False,True,False
Subject26|arithmetic|Subject26_2.edf|8.000|12.000,Subject26,arithmetic,1,Subject26_2.edf,8.0,12.0,62.0,False,4.0,2.0,4s_windows_50pct_overlap,scored_task,3211,False,True,False
Subject26|arithmetic|Subject26_2.edf|10.000|14.000,Subject26,arithmetic,1,Subject26_2.edf,10.0,14.0,62.0,False,4.0,2.0,4s_windows_50pct_overlap,scored_task,3212,False,True,False
Subject26|arithmetic|Subject26_2.edf|12.000|16.000,Subject26,arithmetic,1,Subject26_2.edf,12.0,16.0,62.0,False,4.0,2.0,4s_windows_50pct_overlap,scored_task,3213,False,True,False
Subject26|arithmetic|Subject26_2.edf|14.000|18.000,Subject26,arithmetic,1,Subject26_2.edf,14.0,18.0,62.0,False,4.0,2.0,4s_windows_50pct_overlap,scored_task,3214,False,True,False
Subject26|arithmetic|Subject26_2.edf|16.000|20.000,Subject26,arithmetic,1,Subject26_2.edf,16.0,20.0,62.0,False,4.0,2.0,4s_windows_50pct_overlap,scored_task,3215,False,True,False
Subject26|arithmetic|Subject26_2.edf|18.000|22.000,Subject26,arithmetic,1,Subject26_2.edf,18.0,22.0,62.0,False,4.0,2.0,4s_windows_50pct_overlap,scored_task,3216,False,True,False
Subject26|arithmetic|Subject26_2.edf|20.000|24.000,Subject26,arithmetic,1,Subject26_2.edf,20.0,24.0,62.0,False,4.0,2.0,4s_windows_50pct_overlap,scored_task,3217,False,True,False
Subject26|arithmetic|Subject26_2.edf|22.000|26.000,Subject26,arithmetic,1,Subject26_2.edf,22.0,26.0,62.0,False,4.0,2.0,4s_windows_50pct_overlap,scored_task,3218,False,True,False
Subject26|arithmetic|Subject26_2.edf|24.000|28.000,Subject26,arithmetic,1,Subject26_2.edf,24.0,28.0,62.0,False,4.0,2.0,4s_windows_50pct_overlap,scored_task,3219,False,True,False
Subject26|arithmetic|Subject26_2.edf|26.000|30.000,Subject26,arithmetic,1,Subject26_2.edf,26.0,30.0,62.0,False,4.0,2.0,4s_windows_50pct_overlap,scored_task,3220,False,True,False
Subject26|arithmetic|Subject26_2.edf|28.000|32.000,Subject26,arithmetic,1,Subject26_2.edf,28.0,32.0,62.0,False,4.0,2.0,4s_windows_50pct_overlap,unused,3221,False,False,False
Subject26|arithmetic|Subject26_2.edf|30.000|34.000,Subject26,arithmetic,1,Subject26_2.edf,30.0,34.0,62.0,False,4.0,2.0,4s_windows_50pct_overlap,unused,3222,False,False,False
Subject26|arithmetic|Subject26_2.edf|32.000|36.000,Subject26,arithmetic,1,Subject26_2.edf,32.0,36.0,62.0,False,4.0,2.0,4s_windows_50pct_overlap,unused,3223,False,False,False
Subject26|arithmetic|Subject26_2.edf|34.000|38.000,Subject26,arithmetic,1,Subject26_2.edf,34.0,38.0,62.0,False,4.0,2.0,4s_windows_50pct_overlap,unused,3224,False,False,False
Subject26|arithmetic|Subject26_2.edf|36.000|40.000,Subject26,arithmetic,1,Subject26_2.edf,36.0,40.0,62.0,False,4.0,2.0,4s_windows_50pct_overlap,unused,3225,False,False,False
Subject26|arithmetic|Subject26_2.edf|38.000|42.000,Subject26,arithmetic,1,Subject26_2.edf,38.0,42.0,62.0,False,4.0,2.0,4s_windows_50pct_overlap,unused,3226,False,False,False
Subject26|arithmetic|Subject26_2.edf|40.000|44.000,Subject26,arithmetic,1,Subject26_2.edf,40.0,44.0,62.0,False,4.0,2.0,4s_windows_50pct_overlap,unused,3227,False,False,False
Subject26|arithmetic|Subject26_2.edf|42.000|46.000,Subject26,arithmetic,1,Subject26_2.edf,42.0,46.0,62.0,False,4.0,2.0,4s_windows_50pct_overlap,unused,3228,False,False,False
Subject26|arithmetic|Subject26_2.edf|44.000|48.000,Subject26,arithmetic,1,Subject26_2.edf,44.0,48.0,62.0,False,4.0,2.0,4s_windows_50pct_overlap,unused,3229,False,False,False
Subject26|arithmetic|Subject26_2.edf|46.000|50.000,Subject26,arithmetic,1,Subject26_2.edf,46.0,50.0,62.0,False,4.0,2.0,4s_windows_50pct_overlap,unused,3230,False,False,False
Subject26|arithmetic|Subject26_2.edf|48.000|52.000,Subject26,arithmetic,1,Subject26_2.edf,48.0,52.0,62.0,False,4.0,2.0,4s_windows_50pct_overlap,unused,3231,False,False,False
Subject26|arithmetic|Subject26_2.edf|50.000|54.000,Subject26,arithmetic,1,Subject26_2.edf,50.0,54.0,62.0,False,4.0,2.0,4s_windows_50pct_overlap,unused,3232,False,False,False
Subject26|arithmetic|Subject26_2.edf|52.000|56.000,Subject26,arithmetic,1,Subject26_2.edf,52.0,56.0,62.0,False,4.0,2.0,4s_windows_50pct_overlap,unused,3233,False,False,False
Subject26|arithmetic|Subject26_2.edf|54.000|58.000,Subject26,arithmetic,1,Subject26_2.edf,54.0,58.0,62.0,False,4.0,2.0,4s_windows_50pct_overlap,unused,3234,False,False,False
Subject26|arithmetic|Subject26_2.edf|56.000|60.000,Subject26,arithmetic,1,Subject26_2.edf,56.0,60.0,62.0,False,4.0,2.0,4s_windows_50pct_overlap,unused,3235,False,False,False
Subject26|arithmetic|Subject26_2.edf|58.000|62.000,Subject26,arithmetic,1,Subject26_2.edf,58.0,62.0,62.0,False,4.0,2.0,4s_windows_50pct_overlap,unused,3236,False,False,False
Subject27|rest|Subject27_1.edf|0.000|4.000,Subject27,rest,0,Subject27_1.edf,0.0,4.0,182.0,False,4.0,2.0,4s_windows_50pct_overlap,calibration,3237,True,False,False
Subject27|rest|Subject27_1.edf|2.000|6.000,Subject27,rest,0,Subject27_1.edf,2.0,6.0,182.0,False,4.0,2.0,4s_windows_50pct_overlap,calibration,3238,True,False,False
Subject27|rest|Subject27_1.edf|4.000|8.000,Subject27,rest,0,Subject27_1.edf,4.0,8.0,182.0,False,4.0,2.0,4s_windows_50pct_overlap,calibration,3239,True,False,False
Subject27|rest|Subject27_1.edf|6.000|10.000,Subject27,rest,0,Subject27_1.edf,6.0,10.0,182.0,False,4.0,2.0,4s_windows_50pct_overlap,calibration,3240,True,False,False
Subject27|rest|Subject27_1.edf|8.000|12.000,Subject27,rest,0,Subject27_1.edf,8.0,12.0,182.0,False,4.0,2.0,4s_windows_50pct_overlap,calibration,3241,True,False,False
Subject27|rest|Subject27_1.edf|10.000|14.000,Subject27,rest,0,Subject27_1.edf,10.0,14.0,182.0,False,4.0,2.0,4s_windows_50pct_overlap,calibration,3242,True,False,False
Subject27|rest|Subject27_1.edf|12.000|16.000,Subject27,rest,0,Subject27_1.edf,12.0,16.0,182.0,False,4.0,2.0,4s_windows_50pct_overlap,calibration,3243,True,False,False
Subject27|rest|Subject27_1.edf|14.000|18.000,Subject27,rest,0,Subject27_1.edf,14.0,18.0,182.0,False,4.0,2.0,4s_windows_50pct_overlap,calibration,3244,True,False,False
Subject27|rest|Subject27_1.edf|16.000|20.000,Subject27,rest,0,Subject27_1.edf,16.0,20.0,182.0,False,4.0,2.0,4s_windows_50pct_overlap,calibration,3245,True,False,False
Subject27|rest|Subject27_1.edf|18.000|22.000,Subject27,rest,0,Subject27_1.edf,18.0,22.0,182.0,False,4.0,2.0,4s_windows_50pct_overlap,calibration,3246,True,False,False
Subject27|rest|Subject27_1.edf|20.000|24.000,Subject27,rest,0,Subject27_1.edf,20.0,24.0,182.0,False,4.0,2.0,4s_windows_50pct_overlap,calibration,3247,True,False,False
Subject27|rest|Subject27_1.edf|22.000|26.000,Subject27,rest,0,Subject27_1.edf,22.0,26.0,182.0,False,4.0,2.0,4s_windows_50pct_overlap,calibration,3248,True,False,False
Subject27|rest|Subject27_1.edf|24.000|28.000,Subject27,rest,0,Subject27_1.edf,24.0,28.0,182.0,False,4.0,2.0,4s_windows_50pct_overlap,calibration,3249,True,False,False
Subject27|rest|Subject27_1.edf|26.000|30.000,Subject27,rest,0,Subject27_1.edf,26.0,30.0,182.0,False,4.0,2.0,4s_windows_50pct_overlap,calibration,3250,True,False,False
Subject27|rest|Subject27_1.edf|28.000|32.000,Subject27,rest,0,Subject27_1.edf,28.0,32.0,182.0,False,4.0,2.0,4s_windows_50pct_overlap,unused,3251,False,False,False
Subject27|rest|Subject27_1.edf|30.000|34.000,Subject27,rest,0,Subject27_1.edf,30.0,34.0,182.0,False,4.0,2.0,4s_windows_50pct_overlap,scored_rest,3252,False,True,False
Subject27|rest|Subject27_1.edf|32.000|36.000,Subject27,rest,0,Subject27_1.edf,32.0,36.0,182.0,False,4.0,2.0,4s_windows_50pct_overlap,scored_rest,3253,False,True,False
Subject27|rest|Subject27_1.edf|34.000|38.000,Subject27,rest,0,Subject27_1.edf,34.0,38.0,182.0,False,4.0,2.0,4s_windows_50pct_overlap,scored_rest,3254,False,True,False
Subject27|rest|Subject27_1.edf|36.000|40.000,Subject27,rest,0,Subject27_1.edf,36.0,40.0,182.0,False,4.0,2.0,4s_windows_50pct_overlap,scored_rest,3255,False,True,False
Subject27|rest|Subject27_1.edf|38.000|42.000,Subject27,rest,0,Subject27_1.edf,38.0,42.0,182.0,False,4.0,2.0,4s_windows_50pct_overlap,scored_rest,3256,False,True,False
Subject27|rest|Subject27_1.edf|40.000|44.000,Subject27,rest,0,Subject27_1.edf,40.0,44.0,182.0,False,4.0,2.0,4s_windows_50pct_overlap,scored_rest,3257,False,True,False
Subject27|rest|Subject27_1.edf|42.000|46.000,Subject27,rest,0,Subject27_1.edf,42.0,46.0,182.0,False,4.0,2.0,4s_windows_50pct_overlap,scored_rest,3258,False,True,False
Subject27|rest|Subject27_1.edf|44.000|48.000,Subject27,rest,0,Subject27_1.edf,44.0,48.0,182.0,False,4.0,2.0,4s_windows_50pct_overlap,scored_rest,3259,False,True,False
Subject27|rest|Subject27_1.edf|46.000|50.000,Subject27,rest,0,Subject27_1.edf,46.0,50.0,182.0,False,4.0,2.0,4s_windows_50pct_overlap,scored_rest,3260,False,True,False
Subject27|rest|Subject27_1.edf|48.000|52.000,Subject27,rest,0,Subject27_1.edf,48.0,52.0,182.0,False,4.0,2.0,4s_windows_50pct_overlap,scored_rest,3261,False,True,False
Subject27|rest|Subject27_1.edf|50.000|54.000,Subject27,rest,0,Subject27_1.edf,50.0,54.0,182.0,False,4.0,2.0,4s_windows_50pct_overlap,scored_rest,3262,False,True,False
Subject27|rest|Subject27_1.edf|52.000|56.000,Subject27,rest,0,Subject27_1.edf,52.0,56.0,182.0,False,4.0,2.0,4s_windows_50pct_overlap,scored_rest,3263,False,True,False
Subject27|rest|Subject27_1.edf|54.000|58.000,Subject27,rest,0,Subject27_1.edf,54.0,58.0,182.0,False,4.0,2.0,4s_windows_50pct_overlap,scored_rest,3264,False,True,False
Subject27|rest|Subject27_1.edf|56.000|60.000,Subject27,rest,0,Subject27_1.edf,56.0,60.0,182.0,False,4.0,2.0,4s_windows_50pct_overlap,scored_rest,3265,False,True,False
Subject27|rest|Subject27_1.edf|58.000|62.000,Subject27,rest,0,Subject27_1.edf,58.0,62.0,182.0,False,4.0,2.0,4s_windows_50pct_overlap,unused,3266,False,False,False
Subject27|rest|Subject27_1.edf|60.000|64.000,Subject27,rest,0,Subject27_1.edf,60.0,64.0,182.0,False,4.0,2.0,4s_windows_50pct_overlap,unused,3267,False,False,False
Subject27|rest|Subject27_1.edf|62.000|66.000,Subject27,rest,0,Subject27_1.edf,62.0,66.0,182.0,False,4.0,2.0,4s_windows_50pct_overlap,unused,3268,False,False,False
Subject27|rest|Subject27_1.edf|64.000|68.000,Subject27,rest,0,Subject27_1.edf,64.0,68.0,182.0,False,4.0,2.0,4s_windows_50pct_overlap,unused,3269,False,False,False
Subject27|rest|Subject27_1.edf|66.000|70.000,Subject27,rest,0,Subject27_1.edf,66.0,70.0,182.0,False,4.0,2.0,4s_windows_50pct_overlap,unused,3270,False,False,False
Subject27|rest|Subject27_1.edf|68.000|72.000,Subject27,rest,0,Subject27_1.edf,68.0,72.0,182.0,False,4.0,2.0,4s_windows_50pct_overlap,unused,3271,False,False,False
Subject27|rest|Subject27_1.edf|70.000|74.000,Subject27,rest,0,Subject27_1.edf,70.0,74.0,182.0,False,4.0,2.0,4s_windows_50pct_overlap,unused,3272,False,False,False
Subject27|rest|Subject27_1.edf|72.000|76.000,Subject27,rest,0,Subject27_1.edf,72.0,76.0,182.0,False,4.0,2.0,4s_windows_50pct_overlap,unused,3273,False,False,False
Subject27|rest|Subject27_1.edf|74.000|78.000,Subject27,rest,0,Subject27_1.edf,74.0,78.0,182.0,False,4.0,2.0,4s_windows_50pct_overlap,unused,3274,False,False,False
Subject27|rest|Subject27_1.edf|76.000|80.000,Subject27,rest,0,Subject27_1.edf,76.0,80.0,182.0,False,4.0,2.0,4s_windows_50pct_overlap,unused,3275,False,False,False
Subject27|rest|Subject27_1.edf|78.000|82.000,Subject27,rest,0,Subject27_1.edf,78.0,82.0,182.0,False,4.0,2.0,4s_windows_50pct_overlap,unused,3276,False,False,False
Subject27|rest|Subject27_1.edf|80.000|84.000,Subject27,rest,0,Subject27_1.edf,80.0,84.0,182.0,False,4.0,2.0,4s_windows_50pct_overlap,unused,3277,False,False,False
Subject27|rest|Subject27_1.edf|82.000|86.000,Subject27,rest,0,Subject27_1.edf,82.0,86.0,182.0,False,4.0,2.0,4s_windows_50pct_overlap,unused,3278,False,False,False
Subject27|rest|Subject27_1.edf|84.000|88.000,Subject27,rest,0,Subject27_1.edf,84.0,88.0,182.0,False,4.0,2.0,4s_windows_50pct_overlap,unused,3279,False,False,False
Subject27|rest|Subject27_1.edf|86.000|90.000,Subject27,rest,0,Subject27_1.edf,86.0,90.0,182.0,False,4.0,2.0,4s_windows_50pct_overlap,unused,3280,False,False,False
Subject27|rest|Subject27_1.edf|88.000|92.000,Subject27,rest,0,Subject27_1.edf,88.0,92.0,182.0,False,4.0,2.0,4s_windows_50pct_overlap,unused,3281,False,False,False
Subject27|rest|Subject27_1.edf|90.000|94.000,Subject27,rest,0,Subject27_1.edf,90.0,94.0,182.0,False,4.0,2.0,4s_windows_50pct_overlap,unused,3282,False,False,False
Subject27|rest|Subject27_1.edf|92.000|96.000,Subject27,rest,0,Subject27_1.edf,92.0,96.0,182.0,False,4.0,2.0,4s_windows_50pct_overlap,unused,3283,False,False,False
Subject27|rest|Subject27_1.edf|94.000|98.000,Subject27,rest,0,Subject27_1.edf,94.0,98.0,182.0,False,4.0,2.0,4s_windows_50pct_overlap,unused,3284,False,False,False
Subject27|rest|Subject27_1.edf|96.000|100.000,Subject27,rest,0,Subject27_1.edf,96.0,100.0,182.0,False,4.0,2.0,4s_windows_50pct_overlap,unused,3285,False,False,False
Subject27|rest|Subject27_1.edf|98.000|102.000,Subject27,rest,0,Subject27_1.edf,98.0,102.0,182.0,False,4.0,2.0,4s_windows_50pct_overlap,unused,3286,False,False,False
Subject27|rest|Subject27_1.edf|100.000|104.000,Subject27,rest,0,Subject27_1.edf,100.0,104.0,182.0,False,4.0,2.0,4s_windows_50pct_overlap,unused,3287,False,False,False
Subject27|rest|Subject27_1.edf|102.000|106.000,Subject27,rest,0,Subject27_1.edf,102.0,106.0,182.0,False,4.0,2.0,4s_windows_50pct_overlap,unused,3288,False,False,False
Subject27|rest|Subject27_1.edf|104.000|108.000,Subject27,rest,0,Subject27_1.edf,104.0,108.0,182.0,False,4.0,2.0,4s_windows_50pct_overlap,unused,3289,False,False,False
Subject27|rest|Subject27_1.edf|106.000|110.000,Subject27,rest,0,Subject27_1.edf,106.0,110.0,182.0,False,4.0,2.0,4s_windows_50pct_overlap,unused,3290,False,False,False
Subject27|rest|Subject27_1.edf|108.000|112.000,Subject27,rest,0,Subject27_1.edf,108.0,112.0,182.0,False,4.0,2.0,4s_windows_50pct_overlap,unused,3291,False,False,False
Subject27|rest|Subject27_1.edf|110.000|114.000,Subject27,rest,0,Subject27_1.edf,110.0,114.0,182.0,False,4.0,2.0,4s_windows_50pct_overlap,unused,3292,False,False,False
Subject27|rest|Subject27_1.edf|112.000|116.000,Subject27,rest,0,Subject27_1.edf,112.0,116.0,182.0,False,4.0,2.0,4s_windows_50pct_overlap,unused,3293,False,False,False
Subject27|rest|Subject27_1.edf|114.000|118.000,Subject27,rest,0,Subject27_1.edf,114.0,118.0,182.0,False,4.0,2.0,4s_windows_50pct_overlap,unused,3294,False,False,False
Subject27|rest|Subject27_1.edf|116.000|120.000,Subject27,rest,0,Subject27_1.edf,116.0,120.0,182.0,False,4.0,2.0,4s_windows_50pct_overlap,unused,3295,False,False,False
Subject27|rest|Subject27_1.edf|118.000|122.000,Subject27,rest,0,Subject27_1.edf,118.0,122.0,182.0,False,4.0,2.0,4s_windows_50pct_overlap,unused,3296,False,False,False
Subject27|rest|Subject27_1.edf|120.000|124.000,Subject27,rest,0,Subject27_1.edf,120.0,124.0,182.0,False,4.0,2.0,4s_windows_50pct_overlap,unused,3297,False,False,False
Subject27|rest|Subject27_1.edf|122.000|126.000,Subject27,rest,0,Subject27_1.edf,122.0,126.0,182.0,False,4.0,2.0,4s_windows_50pct_overlap,unused,3298,False,False,False
Subject27|rest|Subject27_1.edf|124.000|128.000,Subject27,rest,0,Subject27_1.edf,124.0,128.0,182.0,False,4.0,2.0,4s_windows_50pct_overlap,unused,3299,False,False,False
Subject27|rest|Subject27_1.edf|126.000|130.000,Subject27,rest,0,Subject27_1.edf,126.0,130.0,182.0,False,4.0,2.0,4s_windows_50pct_overlap,unused,3300,False,False,False
Subject27|rest|Subject27_1.edf|128.000|132.000,Subject27,rest,0,Subject27_1.edf,128.0,132.0,182.0,False,4.0,2.0,4s_windows_50pct_overlap,unused,3301,False,False,False
Subject27|rest|Subject27_1.edf|130.000|134.000,Subject27,rest,0,Subject27_1.edf,130.0,134.0,182.0,False,4.0,2.0,4s_windows_50pct_overlap,unused,3302,False,False,False
Subject27|rest|Subject27_1.edf|132.000|136.000,Subject27,rest,0,Subject27_1.edf,132.0,136.0,182.0,False,4.0,2.0,4s_windows_50pct_overlap,unused,3303,False,False,False
Subject27|rest|Subject27_1.edf|134.000|138.000,Subject27,rest,0,Subject27_1.edf,134.0,138.0,182.0,False,4.0,2.0,4s_windows_50pct_overlap,unused,3304,False,False,False
Subject27|rest|Subject27_1.edf|136.000|140.000,Subject27,rest,0,Subject27_1.edf,136.0,140.0,182.0,False,4.0,2.0,4s_windows_50pct_overlap,unused,3305,False,False,False
Subject27|rest|Subject27_1.edf|138.000|142.000,Subject27,rest,0,Subject27_1.edf,138.0,142.0,182.0,False,4.0,2.0,4s_windows_50pct_overlap,unused,3306,False,False,False
Subject27|rest|Subject27_1.edf|140.000|144.000,Subject27,rest,0,Subject27_1.edf,140.0,144.0,182.0,False,4.0,2.0,4s_windows_50pct_overlap,unused,3307,False,False,False
Subject27|rest|Subject27_1.edf|142.000|146.000,Subject27,rest,0,Subject27_1.edf,142.0,146.0,182.0,False,4.0,2.0,4s_windows_50pct_overlap,unused,3308,False,False,False
Subject27|rest|Subject27_1.edf|144.000|148.000,Subject27,rest,0,Subject27_1.edf,144.0,148.0,182.0,False,4.0,2.0,4s_windows_50pct_overlap,unused,3309,False,False,False
Subject27|rest|Subject27_1.edf|146.000|150.000,Subject27,rest,0,Subject27_1.edf,146.0,150.0,182.0,False,4.0,2.0,4s_windows_50pct_overlap,unused,3310,False,False,False
Subject27|rest|Subject27_1.edf|148.000|152.000,Subject27,rest,0,Subject27_1.edf,148.0,152.0,182.0,False,4.0,2.0,4s_windows_50pct_overlap,unused,3311,False,False,False
Subject27|rest|Subject27_1.edf|150.000|154.000,Subject27,rest,0,Subject27_1.edf,150.0,154.0,182.0,False,4.0,2.0,4s_windows_50pct_overlap,unused,3312,False,False,False
Subject27|rest|Subject27_1.edf|152.000|156.000,Subject27,rest,0,Subject27_1.edf,152.0,156.0,182.0,False,4.0,2.0,4s_windows_50pct_overlap,unused,3313,False,False,False
Subject27|rest|Subject27_1.edf|154.000|158.000,Subject27,rest,0,Subject27_1.edf,154.0,158.0,182.0,False,4.0,2.0,4s_windows_50pct_overlap,unused,3314,False,False,False
Subject27|rest|Subject27_1.edf|156.000|160.000,Subject27,rest,0,Subject27_1.edf,156.0,160.0,182.0,False,4.0,2.0,4s_windows_50pct_overlap,unused,3315,False,False,False
Subject27|rest|Subject27_1.edf|158.000|162.000,Subject27,rest,0,Subject27_1.edf,158.0,162.0,182.0,False,4.0,2.0,4s_windows_50pct_overlap,unused,3316,False,False,False
Subject27|rest|Subject27_1.edf|160.000|164.000,Subject27,rest,0,Subject27_1.edf,160.0,164.0,182.0,False,4.0,2.0,4s_windows_50pct_overlap,unused,3317,False,False,False
Subject27|rest|Subject27_1.edf|162.000|166.000,Subject27,rest,0,Subject27_1.edf,162.0,166.0,182.0,False,4.0,2.0,4s_windows_50pct_overlap,unused,3318,False,False,False
Subject27|rest|Subject27_1.edf|164.000|168.000,Subject27,rest,0,Subject27_1.edf,164.0,168.0,182.0,False,4.0,2.0,4s_windows_50pct_overlap,unused,3319,False,False,False
Subject27|rest|Subject27_1.edf|166.000|170.000,Subject27,rest,0,Subject27_1.edf,166.0,170.0,182.0,False,4.0,2.0,4s_windows_50pct_overlap,unused,3320,False,False,False
Subject27|rest|Subject27_1.edf|168.000|172.000,Subject27,rest,0,Subject27_1.edf,168.0,172.0,182.0,False,4.0,2.0,4s_windows_50pct_overlap,unused,3321,False,False,False
Subject27|rest|Subject27_1.edf|170.000|174.000,Subject27,rest,0,Subject27_1.edf,170.0,174.0,182.0,False,4.0,2.0,4s_windows_50pct_overlap,unused,3322,False,False,False
Subject27|rest|Subject27_1.edf|172.000|176.000,Subject27,rest,0,Subject27_1.edf,172.0,176.0,182.0,False,4.0,2.0,4s_windows_50pct_overlap,unused,3323,False,False,False
Subject27|rest|Subject27_1.edf|174.000|178.000,Subject27,rest,0,Subject27_1.edf,174.0,178.0,182.0,False,4.0,2.0,4s_windows_50pct_overlap,unused,3324,False,False,False
Subject27|rest|Subject27_1.edf|176.000|180.000,Subject27,rest,0,Subject27_1.edf,176.0,180.0,182.0,False,4.0,2.0,4s_windows_50pct_overlap,unused,3325,False,False,False
Subject27|rest|Subject27_1.edf|178.000|182.000,Subject27,rest,0,Subject27_1.edf,178.0,182.0,182.0,False,4.0,2.0,4s_windows_50pct_overlap,unused,3326,False,False,False
Subject27|arithmetic|Subject27_2.edf|0.000|4.000,Subject27,arithmetic,1,Subject27_2.edf,0.0,4.0,62.0,False,4.0,2.0,4s_windows_50pct_overlap,scored_task,3327,False,True,False
Subject27|arithmetic|Subject27_2.edf|2.000|6.000,Subject27,arithmetic,1,Subject27_2.edf,2.0,6.0,62.0,False,4.0,2.0,4s_windows_50pct_overlap,scored_task,3328,False,True,False
Subject27|arithmetic|Subject27_2.edf|4.000|8.000,Subject27,arithmetic,1,Subject27_2.edf,4.0,8.0,62.0,False,4.0,2.0,4s_windows_50pct_overlap,scored_task,3329,False,True,False
Subject27|arithmetic|Subject27_2.edf|6.000|10.000,Subject27,arithmetic,1,Subject27_2.edf,6.0,10.0,62.0,False,4.0,2.0,4s_windows_50pct_overlap,scored_task,3330,False,True,False
Subject27|arithmetic|Subject27_2.edf|8.000|12.000,Subject27,arithmetic,1,Subject27_2.edf,8.0,12.0,62.0,False,4.0,2.0,4s_windows_50pct_overlap,scored_task,3331,False,True,False
Subject27|arithmetic|Subject27_2.edf|10.000|14.000,Subject27,arithmetic,1,Subject27_2.edf,10.0,14.0,62.0,False,4.0,2.0,4s_windows_50pct_overlap,scored_task,3332,False,True,False
Subject27|arithmetic|Subject27_2.edf|12.000|16.000,Subject27,arithmetic,1,Subject27_2.edf,12.0,16.0,62.0,False,4.0,2.0,4s_windows_50pct_overlap,scored_task,3333,False,True,False
Subject27|arithmetic|Subject27_2.edf|14.000|18.000,Subject27,arithmetic,1,Subject27_2.edf,14.0,18.0,62.0,False,4.0,2.0,4s_windows_50pct_overlap,scored_task,3334,False,True,False
Subject27|arithmetic|Subject27_2.edf|16.000|20.000,Subject27,arithmetic,1,Subject27_2.edf,16.0,20.0,62.0,False,4.0,2.0,4s_windows_50pct_overlap,scored_task,3335,False,True,False
Subject27|arithmetic|Subject27_2.edf|18.000|22.000,Subject27,arithmetic,1,Subject27_2.edf,18.0,22.0,62.0,False,4.0,2.0,4s_windows_50pct_overlap,scored_task,3336,False,True,False
Subject27|arithmetic|Subject27_2.edf|20.000|24.000,Subject27,arithmetic,1,Subject27_2.edf,20.0,24.0,62.0,False,4.0,2.0,4s_windows_50pct_overlap,scored_task,3337,False,True,False
Subject27|arithmetic|Subject27_2.edf|22.000|26.000,Subject27,arithmetic,1,Subject27_2.edf,22.0,26.0,62.0,False,4.0,2.0,4s_windows_50pct_overlap,scored_task,3338,False,True,False
Subject27|arithmetic|Subject27_2.edf|24.000|28.000,Subject27,arithmetic,1,Subject27_2.edf,24.0,28.0,62.0,False,4.0,2.0,4s_windows_50pct_overlap,scored_task,3339,False,True,False
Subject27|arithmetic|Subject27_2.edf|26.000|30.000,Subject27,arithmetic,1,Subject27_2.edf,26.0,30.0,62.0,False,4.0,2.0,4s_windows_50pct_overlap,scored_task,3340,False,True,False
Subject27|arithmetic|Subject27_2.edf|28.000|32.000,Subject27,arithmetic,1,Subject27_2.edf,28.0,32.0,62.0,False,4.0,2.0,4s_windows_50pct_overlap,unused,3341,False,False,False
Subject27|arithmetic|Subject27_2.edf|30.000|34.000,Subject27,arithmetic,1,Subject27_2.edf,30.0,34.0,62.0,False,4.0,2.0,4s_windows_50pct_overlap,unused,3342,False,False,False
Subject27|arithmetic|Subject27_2.edf|32.000|36.000,Subject27,arithmetic,1,Subject27_2.edf,32.0,36.0,62.0,False,4.0,2.0,4s_windows_50pct_overlap,unused,3343,False,False,False
Subject27|arithmetic|Subject27_2.edf|34.000|38.000,Subject27,arithmetic,1,Subject27_2.edf,34.0,38.0,62.0,False,4.0,2.0,4s_windows_50pct_overlap,unused,3344,False,False,False
Subject27|arithmetic|Subject27_2.edf|36.000|40.000,Subject27,arithmetic,1,Subject27_2.edf,36.0,40.0,62.0,False,4.0,2.0,4s_windows_50pct_overlap,unused,3345,False,False,False
Subject27|arithmetic|Subject27_2.edf|38.000|42.000,Subject27,arithmetic,1,Subject27_2.edf,38.0,42.0,62.0,False,4.0,2.0,4s_windows_50pct_overlap,unused,3346,False,False,False
Subject27|arithmetic|Subject27_2.edf|40.000|44.000,Subject27,arithmetic,1,Subject27_2.edf,40.0,44.0,62.0,False,4.0,2.0,4s_windows_50pct_overlap,unused,3347,False,False,False
Subject27|arithmetic|Subject27_2.edf|42.000|46.000,Subject27,arithmetic,1,Subject27_2.edf,42.0,46.0,62.0,False,4.0,2.0,4s_windows_50pct_overlap,unused,3348,False,False,False
Subject27|arithmetic|Subject27_2.edf|44.000|48.000,Subject27,arithmetic,1,Subject27_2.edf,44.0,48.0,62.0,False,4.0,2.0,4s_windows_50pct_overlap,unused,3349,False,False,False
Subject27|arithmetic|Subject27_2.edf|46.000|50.000,Subject27,arithmetic,1,Subject27_2.edf,46.0,50.0,62.0,False,4.0,2.0,4s_windows_50pct_overlap,unused,3350,False,False,False
Subject27|arithmetic|Subject27_2.edf|48.000|52.000,Subject27,arithmetic,1,Subject27_2.edf,48.0,52.0,62.0,False,4.0,2.0,4s_windows_50pct_overlap,unused,3351,False,False,False
Subject27|arithmetic|Subject27_2.edf|50.000|54.000,Subject27,arithmetic,1,Subject27_2.edf,50.0,54.0,62.0,False,4.0,2.0,4s_windows_50pct_overlap,unused,3352,False,False,False
Subject27|arithmetic|Subject27_2.edf|52.000|56.000,Subject27,arithmetic,1,Subject27_2.edf,52.0,56.0,62.0,False,4.0,2.0,4s_windows_50pct_overlap,unused,3353,False,False,False
Subject27|arithmetic|Subject27_2.edf|54.000|58.000,Subject27,arithmetic,1,Subject27_2.edf,54.0,58.0,62.0,False,4.0,2.0,4s_windows_50pct_overlap,unused,3354,False,False,False
Subject27|arithmetic|Subject27_2.edf|56.000|60.000,Subject27,arithmetic,1,Subject27_2.edf,56.0,60.0,62.0,False,4.0,2.0,4s_windows_50pct_overlap,unused,3355,False,False,False
Subject27|arithmetic|Subject27_2.edf|58.000|62.000,Subject27,arithmetic,1,Subject27_2.edf,58.0,62.0,62.0,False,4.0,2.0,4s_windows_50pct_overlap,unused,3356,False,False,False
Subject28|rest|Subject28_1.edf|0.000|4.000,Subject28,rest,0,Subject28_1.edf,0.0,4.0,182.0,False,4.0,2.0,4s_windows_50pct_overlap,calibration,3357,True,False,False
Subject28|rest|Subject28_1.edf|2.000|6.000,Subject28,rest,0,Subject28_1.edf,2.0,6.0,182.0,False,4.0,2.0,4s_windows_50pct_overlap,calibration,3358,True,False,False
Subject28|rest|Subject28_1.edf|4.000|8.000,Subject28,rest,0,Subject28_1.edf,4.0,8.0,182.0,False,4.0,2.0,4s_windows_50pct_overlap,calibration,3359,True,False,False
Subject28|rest|Subject28_1.edf|6.000|10.000,Subject28,rest,0,Subject28_1.edf,6.0,10.0,182.0,False,4.0,2.0,4s_windows_50pct_overlap,calibration,3360,True,False,False
Subject28|rest|Subject28_1.edf|8.000|12.000,Subject28,rest,0,Subject28_1.edf,8.0,12.0,182.0,False,4.0,2.0,4s_windows_50pct_overlap,calibration,3361,True,False,False
Subject28|rest|Subject28_1.edf|10.000|14.000,Subject28,rest,0,Subject28_1.edf,10.0,14.0,182.0,False,4.0,2.0,4s_windows_50pct_overlap,calibration,3362,True,False,False
Subject28|rest|Subject28_1.edf|12.000|16.000,Subject28,rest,0,Subject28_1.edf,12.0,16.0,182.0,False,4.0,2.0,4s_windows_50pct_overlap,calibration,3363,True,False,False
Subject28|rest|Subject28_1.edf|14.000|18.000,Subject28,rest,0,Subject28_1.edf,14.0,18.0,182.0,False,4.0,2.0,4s_windows_50pct_overlap,calibration,3364,True,False,False
Subject28|rest|Subject28_1.edf|16.000|20.000,Subject28,rest,0,Subject28_1.edf,16.0,20.0,182.0,False,4.0,2.0,4s_windows_50pct_overlap,calibration,3365,True,False,False
Subject28|rest|Subject28_1.edf|18.000|22.000,Subject28,rest,0,Subject28_1.edf,18.0,22.0,182.0,False,4.0,2.0,4s_windows_50pct_overlap,calibration,3366,True,False,False
Subject28|rest|Subject28_1.edf|20.000|24.000,Subject28,rest,0,Subject28_1.edf,20.0,24.0,182.0,False,4.0,2.0,4s_windows_50pct_overlap,calibration,3367,True,False,False
Subject28|rest|Subject28_1.edf|22.000|26.000,Subject28,rest,0,Subject28_1.edf,22.0,26.0,182.0,False,4.0,2.0,4s_windows_50pct_overlap,calibration,3368,True,False,False
Subject28|rest|Subject28_1.edf|24.000|28.000,Subject28,rest,0,Subject28_1.edf,24.0,28.0,182.0,False,4.0,2.0,4s_windows_50pct_overlap,calibration,3369,True,False,False
Subject28|rest|Subject28_1.edf|26.000|30.000,Subject28,rest,0,Subject28_1.edf,26.0,30.0,182.0,False,4.0,2.0,4s_windows_50pct_overlap,calibration,3370,True,False,False
Subject28|rest|Subject28_1.edf|28.000|32.000,Subject28,rest,0,Subject28_1.edf,28.0,32.0,182.0,False,4.0,2.0,4s_windows_50pct_overlap,unused,3371,False,False,False
Subject28|rest|Subject28_1.edf|30.000|34.000,Subject28,rest,0,Subject28_1.edf,30.0,34.0,182.0,False,4.0,2.0,4s_windows_50pct_overlap,scored_rest,3372,False,True,False
Subject28|rest|Subject28_1.edf|32.000|36.000,Subject28,rest,0,Subject28_1.edf,32.0,36.0,182.0,False,4.0,2.0,4s_windows_50pct_overlap,scored_rest,3373,False,True,False
Subject28|rest|Subject28_1.edf|34.000|38.000,Subject28,rest,0,Subject28_1.edf,34.0,38.0,182.0,False,4.0,2.0,4s_windows_50pct_overlap,scored_rest,3374,False,True,False
Subject28|rest|Subject28_1.edf|36.000|40.000,Subject28,rest,0,Subject28_1.edf,36.0,40.0,182.0,False,4.0,2.0,4s_windows_50pct_overlap,scored_rest,3375,False,True,False
Subject28|rest|Subject28_1.edf|38.000|42.000,Subject28,rest,0,Subject28_1.edf,38.0,42.0,182.0,False,4.0,2.0,4s_windows_50pct_overlap,scored_rest,3376,False,True,False
Subject28|rest|Subject28_1.edf|40.000|44.000,Subject28,rest,0,Subject28_1.edf,40.0,44.0,182.0,False,4.0,2.0,4s_windows_50pct_overlap,scored_rest,3377,False,True,False
Subject28|rest|Subject28_1.edf|42.000|46.000,Subject28,rest,0,Subject28_1.edf,42.0,46.0,182.0,False,4.0,2.0,4s_windows_50pct_overlap,scored_rest,3378,False,True,False
Subject28|rest|Subject28_1.edf|44.000|48.000,Subject28,rest,0,Subject28_1.edf,44.0,48.0,182.0,False,4.0,2.0,4s_windows_50pct_overlap,scored_rest,3379,False,True,False
Subject28|rest|Subject28_1.edf|46.000|50.000,Subject28,rest,0,Subject28_1.edf,46.0,50.0,182.0,False,4.0,2.0,4s_windows_50pct_overlap,scored_rest,3380,False,True,False
Subject28|rest|Subject28_1.edf|48.000|52.000,Subject28,rest,0,Subject28_1.edf,48.0,52.0,182.0,False,4.0,2.0,4s_windows_50pct_overlap,scored_rest,3381,False,True,False
Subject28|rest|Subject28_1.edf|50.000|54.000,Subject28,rest,0,Subject28_1.edf,50.0,54.0,182.0,False,4.0,2.0,4s_windows_50pct_overlap,scored_rest,3382,False,True,False
Subject28|rest|Subject28_1.edf|52.000|56.000,Subject28,rest,0,Subject28_1.edf,52.0,56.0,182.0,False,4.0,2.0,4s_windows_50pct_overlap,scored_rest,3383,False,True,False
Subject28|rest|Subject28_1.edf|54.000|58.000,Subject28,rest,0,Subject28_1.edf,54.0,58.0,182.0,False,4.0,2.0,4s_windows_50pct_overlap,scored_rest,3384,False,True,False
Subject28|rest|Subject28_1.edf|56.000|60.000,Subject28,rest,0,Subject28_1.edf,56.0,60.0,182.0,False,4.0,2.0,4s_windows_50pct_overlap,scored_rest,3385,False,True,False
Subject28|rest|Subject28_1.edf|58.000|62.000,Subject28,rest,0,Subject28_1.edf,58.0,62.0,182.0,False,4.0,2.0,4s_windows_50pct_overlap,unused,3386,False,False,False
Subject28|rest|Subject28_1.edf|60.000|64.000,Subject28,rest,0,Subject28_1.edf,60.0,64.0,182.0,False,4.0,2.0,4s_windows_50pct_overlap,unused,3387,False,False,False
Subject28|rest|Subject28_1.edf|62.000|66.000,Subject28,rest,0,Subject28_1.edf,62.0,66.0,182.0,False,4.0,2.0,4s_windows_50pct_overlap,unused,3388,False,False,False
Subject28|rest|Subject28_1.edf|64.000|68.000,Subject28,rest,0,Subject28_1.edf,64.0,68.0,182.0,False,4.0,2.0,4s_windows_50pct_overlap,unused,3389,False,False,False
Subject28|rest|Subject28_1.edf|66.000|70.000,Subject28,rest,0,Subject28_1.edf,66.0,70.0,182.0,False,4.0,2.0,4s_windows_50pct_overlap,unused,3390,False,False,False
Subject28|rest|Subject28_1.edf|68.000|72.000,Subject28,rest,0,Subject28_1.edf,68.0,72.0,182.0,False,4.0,2.0,4s_windows_50pct_overlap,unused,3391,False,False,False
Subject28|rest|Subject28_1.edf|70.000|74.000,Subject28,rest,0,Subject28_1.edf,70.0,74.0,182.0,False,4.0,2.0,4s_windows_50pct_overlap,unused,3392,False,False,False
Subject28|rest|Subject28_1.edf|72.000|76.000,Subject28,rest,0,Subject28_1.edf,72.0,76.0,182.0,False,4.0,2.0,4s_windows_50pct_overlap,unused,3393,False,False,False
Subject28|rest|Subject28_1.edf|74.000|78.000,Subject28,rest,0,Subject28_1.edf,74.0,78.0,182.0,False,4.0,2.0,4s_windows_50pct_overlap,unused,3394,False,False,False
Subject28|rest|Subject28_1.edf|76.000|80.000,Subject28,rest,0,Subject28_1.edf,76.0,80.0,182.0,False,4.0,2.0,4s_windows_50pct_overlap,unused,3395,False,False,False
Subject28|rest|Subject28_1.edf|78.000|82.000,Subject28,rest,0,Subject28_1.edf,78.0,82.0,182.0,False,4.0,2.0,4s_windows_50pct_overlap,unused,3396,False,False,False
Subject28|rest|Subject28_1.edf|80.000|84.000,Subject28,rest,0,Subject28_1.edf,80.0,84.0,182.0,False,4.0,2.0,4s_windows_50pct_overlap,unused,3397,False,False,False
Subject28|rest|Subject28_1.edf|82.000|86.000,Subject28,rest,0,Subject28_1.edf,82.0,86.0,182.0,False,4.0,2.0,4s_windows_50pct_overlap,unused,3398,False,False,False
Subject28|rest|Subject28_1.edf|84.000|88.000,Subject28,rest,0,Subject28_1.edf,84.0,88.0,182.0,False,4.0,2.0,4s_windows_50pct_overlap,unused,3399,False,False,False
Subject28|rest|Subject28_1.edf|86.000|90.000,Subject28,rest,0,Subject28_1.edf,86.0,90.0,182.0,False,4.0,2.0,4s_windows_50pct_overlap,unused,3400,False,False,False
Subject28|rest|Subject28_1.edf|88.000|92.000,Subject28,rest,0,Subject28_1.edf,88.0,92.0,182.0,False,4.0,2.0,4s_windows_50pct_overlap,unused,3401,False,False,False
Subject28|rest|Subject28_1.edf|90.000|94.000,Subject28,rest,0,Subject28_1.edf,90.0,94.0,182.0,False,4.0,2.0,4s_windows_50pct_overlap,unused,3402,False,False,False
Subject28|rest|Subject28_1.edf|92.000|96.000,Subject28,rest,0,Subject28_1.edf,92.0,96.0,182.0,False,4.0,2.0,4s_windows_50pct_overlap,unused,3403,False,False,False
Subject28|rest|Subject28_1.edf|94.000|98.000,Subject28,rest,0,Subject28_1.edf,94.0,98.0,182.0,False,4.0,2.0,4s_windows_50pct_overlap,unused,3404,False,False,False
Subject28|rest|Subject28_1.edf|96.000|100.000,Subject28,rest,0,Subject28_1.edf,96.0,100.0,182.0,False,4.0,2.0,4s_windows_50pct_overlap,unused,3405,False,False,False
Subject28|rest|Subject28_1.edf|98.000|102.000,Subject28,rest,0,Subject28_1.edf,98.0,102.0,182.0,False,4.0,2.0,4s_windows_50pct_overlap,unused,3406,False,False,False
Subject28|rest|Subject28_1.edf|100.000|104.000,Subject28,rest,0,Subject28_1.edf,100.0,104.0,182.0,False,4.0,2.0,4s_windows_50pct_overlap,unused,3407,False,False,False
Subject28|rest|Subject28_1.edf|102.000|106.000,Subject28,rest,0,Subject28_1.edf,102.0,106.0,182.0,False,4.0,2.0,4s_windows_50pct_overlap,unused,3408,False,False,False
Subject28|rest|Subject28_1.edf|104.000|108.000,Subject28,rest,0,Subject28_1.edf,104.0,108.0,182.0,False,4.0,2.0,4s_windows_50pct_overlap,unused,3409,False,False,False
Subject28|rest|Subject28_1.edf|106.000|110.000,Subject28,rest,0,Subject28_1.edf,106.0,110.0,182.0,False,4.0,2.0,4s_windows_50pct_overlap,unused,3410,False,False,False
Subject28|rest|Subject28_1.edf|108.000|112.000,Subject28,rest,0,Subject28_1.edf,108.0,112.0,182.0,False,4.0,2.0,4s_windows_50pct_overlap,unused,3411,False,False,False
Subject28|rest|Subject28_1.edf|110.000|114.000,Subject28,rest,0,Subject28_1.edf,110.0,114.0,182.0,False,4.0,2.0,4s_windows_50pct_overlap,unused,3412,False,False,False
Subject28|rest|Subject28_1.edf|112.000|116.000,Subject28,rest,0,Subject28_1.edf,112.0,116.0,182.0,False,4.0,2.0,4s_windows_50pct_overlap,unused,3413,False,False,False
Subject28|rest|Subject28_1.edf|114.000|118.000,Subject28,rest,0,Subject28_1.edf,114.0,118.0,182.0,False,4.0,2.0,4s_windows_50pct_overlap,unused,3414,False,False,False
Subject28|rest|Subject28_1.edf|116.000|120.000,Subject28,rest,0,Subject28_1.edf,116.0,120.0,182.0,False,4.0,2.0,4s_windows_50pct_overlap,unused,3415,False,False,False
Subject28|rest|Subject28_1.edf|118.000|122.000,Subject28,rest,0,Subject28_1.edf,118.0,122.0,182.0,False,4.0,2.0,4s_windows_50pct_overlap,unused,3416,False,False,False
Subject28|rest|Subject28_1.edf|120.000|124.000,Subject28,rest,0,Subject28_1.edf,120.0,124.0,182.0,False,4.0,2.0,4s_windows_50pct_overlap,unused,3417,False,False,False
Subject28|rest|Subject28_1.edf|122.000|126.000,Subject28,rest,0,Subject28_1.edf,122.0,126.0,182.0,False,4.0,2.0,4s_windows_50pct_overlap,unused,3418,False,False,False
Subject28|rest|Subject28_1.edf|124.000|128.000,Subject28,rest,0,Subject28_1.edf,124.0,128.0,182.0,False,4.0,2.0,4s_windows_50pct_overlap,unused,3419,False,False,False
Subject28|rest|Subject28_1.edf|126.000|130.000,Subject28,rest,0,Subject28_1.edf,126.0,130.0,182.0,False,4.0,2.0,4s_windows_50pct_overlap,unused,3420,False,False,False
Subject28|rest|Subject28_1.edf|128.000|132.000,Subject28,rest,0,Subject28_1.edf,128.0,132.0,182.0,False,4.0,2.0,4s_windows_50pct_overlap,unused,3421,False,False,False
Subject28|rest|Subject28_1.edf|130.000|134.000,Subject28,rest,0,Subject28_1.edf,130.0,134.0,182.0,False,4.0,2.0,4s_windows_50pct_overlap,unused,3422,False,False,False
Subject28|rest|Subject28_1.edf|132.000|136.000,Subject28,rest,0,Subject28_1.edf,132.0,136.0,182.0,False,4.0,2.0,4s_windows_50pct_overlap,unused,3423,False,False,False
Subject28|rest|Subject28_1.edf|134.000|138.000,Subject28,rest,0,Subject28_1.edf,134.0,138.0,182.0,False,4.0,2.0,4s_windows_50pct_overlap,unused,3424,False,False,False
Subject28|rest|Subject28_1.edf|136.000|140.000,Subject28,rest,0,Subject28_1.edf,136.0,140.0,182.0,False,4.0,2.0,4s_windows_50pct_overlap,unused,3425,False,False,False
Subject28|rest|Subject28_1.edf|138.000|142.000,Subject28,rest,0,Subject28_1.edf,138.0,142.0,182.0,False,4.0,2.0,4s_windows_50pct_overlap,unused,3426,False,False,False
Subject28|rest|Subject28_1.edf|140.000|144.000,Subject28,rest,0,Subject28_1.edf,140.0,144.0,182.0,False,4.0,2.0,4s_windows_50pct_overlap,unused,3427,False,False,False
Subject28|rest|Subject28_1.edf|142.000|146.000,Subject28,rest,0,Subject28_1.edf,142.0,146.0,182.0,False,4.0,2.0,4s_windows_50pct_overlap,unused,3428,False,False,False
Subject28|rest|Subject28_1.edf|144.000|148.000,Subject28,rest,0,Subject28_1.edf,144.0,148.0,182.0,False,4.0,2.0,4s_windows_50pct_overlap,unused,3429,False,False,False
Subject28|rest|Subject28_1.edf|146.000|150.000,Subject28,rest,0,Subject28_1.edf,146.0,150.0,182.0,False,4.0,2.0,4s_windows_50pct_overlap,unused,3430,False,False,False
Subject28|rest|Subject28_1.edf|148.000|152.000,Subject28,rest,0,Subject28_1.edf,148.0,152.0,182.0,False,4.0,2.0,4s_windows_50pct_overlap,unused,3431,False,False,False
Subject28|rest|Subject28_1.edf|150.000|154.000,Subject28,rest,0,Subject28_1.edf,150.0,154.0,182.0,False,4.0,2.0,4s_windows_50pct_overlap,unused,3432,False,False,False
Subject28|rest|Subject28_1.edf|152.000|156.000,Subject28,rest,0,Subject28_1.edf,152.0,156.0,182.0,False,4.0,2.0,4s_windows_50pct_overlap,unused,3433,False,False,False
Subject28|rest|Subject28_1.edf|154.000|158.000,Subject28,rest,0,Subject28_1.edf,154.0,158.0,182.0,False,4.0,2.0,4s_windows_50pct_overlap,unused,3434,False,False,False
Subject28|rest|Subject28_1.edf|156.000|160.000,Subject28,rest,0,Subject28_1.edf,156.0,160.0,182.0,False,4.0,2.0,4s_windows_50pct_overlap,unused,3435,False,False,False
Subject28|rest|Subject28_1.edf|158.000|162.000,Subject28,rest,0,Subject28_1.edf,158.0,162.0,182.0,False,4.0,2.0,4s_windows_50pct_overlap,unused,3436,False,False,False
Subject28|rest|Subject28_1.edf|160.000|164.000,Subject28,rest,0,Subject28_1.edf,160.0,164.0,182.0,False,4.0,2.0,4s_windows_50pct_overlap,unused,3437,False,False,False
Subject28|rest|Subject28_1.edf|162.000|166.000,Subject28,rest,0,Subject28_1.edf,162.0,166.0,182.0,False,4.0,2.0,4s_windows_50pct_overlap,unused,3438,False,False,False
Subject28|rest|Subject28_1.edf|164.000|168.000,Subject28,rest,0,Subject28_1.edf,164.0,168.0,182.0,False,4.0,2.0,4s_windows_50pct_overlap,unused,3439,False,False,False
Subject28|rest|Subject28_1.edf|166.000|170.000,Subject28,rest,0,Subject28_1.edf,166.0,170.0,182.0,False,4.0,2.0,4s_windows_50pct_overlap,unused,3440,False,False,False
Subject28|rest|Subject28_1.edf|168.000|172.000,Subject28,rest,0,Subject28_1.edf,168.0,172.0,182.0,False,4.0,2.0,4s_windows_50pct_overlap,unused,3441,False,False,False
Subject28|rest|Subject28_1.edf|170.000|174.000,Subject28,rest,0,Subject28_1.edf,170.0,174.0,182.0,False,4.0,2.0,4s_windows_50pct_overlap,unused,3442,False,False,False
Subject28|rest|Subject28_1.edf|172.000|176.000,Subject28,rest,0,Subject28_1.edf,172.0,176.0,182.0,False,4.0,2.0,4s_windows_50pct_overlap,unused,3443,False,False,False
Subject28|rest|Subject28_1.edf|174.000|178.000,Subject28,rest,0,Subject28_1.edf,174.0,178.0,182.0,False,4.0,2.0,4s_windows_50pct_overlap,unused,3444,False,False,False
Subject28|rest|Subject28_1.edf|176.000|180.000,Subject28,rest,0,Subject28_1.edf,176.0,180.0,182.0,False,4.0,2.0,4s_windows_50pct_overlap,unused,3445,False,False,False
Subject28|rest|Subject28_1.edf|178.000|182.000,Subject28,rest,0,Subject28_1.edf,178.0,182.0,182.0,False,4.0,2.0,4s_windows_50pct_overlap,unused,3446,False,False,False
Subject28|arithmetic|Subject28_2.edf|0.000|4.000,Subject28,arithmetic,1,Subject28_2.edf,0.0,4.0,62.0,False,4.0,2.0,4s_windows_50pct_overlap,scored_task,3447,False,True,False
Subject28|arithmetic|Subject28_2.edf|2.000|6.000,Subject28,arithmetic,1,Subject28_2.edf,2.0,6.0,62.0,False,4.0,2.0,4s_windows_50pct_overlap,scored_task,3448,False,True,False
Subject28|arithmetic|Subject28_2.edf|4.000|8.000,Subject28,arithmetic,1,Subject28_2.edf,4.0,8.0,62.0,False,4.0,2.0,4s_windows_50pct_overlap,scored_task,3449,False,True,False
Subject28|arithmetic|Subject28_2.edf|6.000|10.000,Subject28,arithmetic,1,Subject28_2.edf,6.0,10.0,62.0,False,4.0,2.0,4s_windows_50pct_overlap,scored_task,3450,False,True,False
Subject28|arithmetic|Subject28_2.edf|8.000|12.000,Subject28,arithmetic,1,Subject28_2.edf,8.0,12.0,62.0,False,4.0,2.0,4s_windows_50pct_overlap,scored_task,3451,False,True,False
Subject28|arithmetic|Subject28_2.edf|10.000|14.000,Subject28,arithmetic,1,Subject28_2.edf,10.0,14.0,62.0,False,4.0,2.0,4s_windows_50pct_overlap,scored_task,3452,False,True,False
Subject28|arithmetic|Subject28_2.edf|12.000|16.000,Subject28,arithmetic,1,Subject28_2.edf,12.0,16.0,62.0,False,4.0,2.0,4s_windows_50pct_overlap,scored_task,3453,False,True,False
Subject28|arithmetic|Subject28_2.edf|14.000|18.000,Subject28,arithmetic,1,Subject28_2.edf,14.0,18.0,62.0,False,4.0,2.0,4s_windows_50pct_overlap,scored_task,3454,False,True,False
Subject28|arithmetic|Subject28_2.edf|16.000|20.000,Subject28,arithmetic,1,Subject28_2.edf,16.0,20.0,62.0,False,4.0,2.0,4s_windows_50pct_overlap,scored_task,3455,False,True,False
Subject28|arithmetic|Subject28_2.edf|18.000|22.000,Subject28,arithmetic,1,Subject28_2.edf,18.0,22.0,62.0,False,4.0,2.0,4s_windows_50pct_overlap,scored_task,3456,False,True,False
Subject28|arithmetic|Subject28_2.edf|20.000|24.000,Subject28,arithmetic,1,Subject28_2.edf,20.0,24.0,62.0,False,4.0,2.0,4s_windows_50pct_overlap,scored_task,3457,False,True,False
Subject28|arithmetic|Subject28_2.edf|22.000|26.000,Subject28,arithmetic,1,Subject28_2.edf,22.0,26.0,62.0,False,4.0,2.0,4s_windows_50pct_overlap,scored_task,3458,False,True,False
Subject28|arithmetic|Subject28_2.edf|24.000|28.000,Subject28,arithmetic,1,Subject28_2.edf,24.0,28.0,62.0,False,4.0,2.0,4s_windows_50pct_overlap,scored_task,3459,False,True,False
Subject28|arithmetic|Subject28_2.edf|26.000|30.000,Subject28,arithmetic,1,Subject28_2.edf,26.0,30.0,62.0,False,4.0,2.0,4s_windows_50pct_overlap,scored_task,3460,False,True,False
Subject28|arithmetic|Subject28_2.edf|28.000|32.000,Subject28,arithmetic,1,Subject28_2.edf,28.0,32.0,62.0,False,4.0,2.0,4s_windows_50pct_overlap,unused,3461,False,False,False
Subject28|arithmetic|Subject28_2.edf|30.000|34.000,Subject28,arithmetic,1,Subject28_2.edf,30.0,34.0,62.0,False,4.0,2.0,4s_windows_50pct_overlap,unused,3462,False,False,False
Subject28|arithmetic|Subject28_2.edf|32.000|36.000,Subject28,arithmetic,1,Subject28_2.edf,32.0,36.0,62.0,False,4.0,2.0,4s_windows_50pct_overlap,unused,3463,False,False,False
Subject28|arithmetic|Subject28_2.edf|34.000|38.000,Subject28,arithmetic,1,Subject28_2.edf,34.0,38.0,62.0,False,4.0,2.0,4s_windows_50pct_overlap,unused,3464,False,False,False
Subject28|arithmetic|Subject28_2.edf|36.000|40.000,Subject28,arithmetic,1,Subject28_2.edf,36.0,40.0,62.0,False,4.0,2.0,4s_windows_50pct_overlap,unused,3465,False,False,False
Subject28|arithmetic|Subject28_2.edf|38.000|42.000,Subject28,arithmetic,1,Subject28_2.edf,38.0,42.0,62.0,False,4.0,2.0,4s_windows_50pct_overlap,unused,3466,False,False,False
Subject28|arithmetic|Subject28_2.edf|40.000|44.000,Subject28,arithmetic,1,Subject28_2.edf,40.0,44.0,62.0,False,4.0,2.0,4s_windows_50pct_overlap,unused,3467,False,False,False
Subject28|arithmetic|Subject28_2.edf|42.000|46.000,Subject28,arithmetic,1,Subject28_2.edf,42.0,46.0,62.0,False,4.0,2.0,4s_windows_50pct_overlap,unused,3468,False,False,False
Subject28|arithmetic|Subject28_2.edf|44.000|48.000,Subject28,arithmetic,1,Subject28_2.edf,44.0,48.0,62.0,False,4.0,2.0,4s_windows_50pct_overlap,unused,3469,False,False,False
Subject28|arithmetic|Subject28_2.edf|46.000|50.000,Subject28,arithmetic,1,Subject28_2.edf,46.0,50.0,62.0,False,4.0,2.0,4s_windows_50pct_overlap,unused,3470,False,False,False
Subject28|arithmetic|Subject28_2.edf|48.000|52.000,Subject28,arithmetic,1,Subject28_2.edf,48.0,52.0,62.0,False,4.0,2.0,4s_windows_50pct_overlap,unused,3471,False,False,False
Subject28|arithmetic|Subject28_2.edf|50.000|54.000,Subject28,arithmetic,1,Subject28_2.edf,50.0,54.0,62.0,False,4.0,2.0,4s_windows_50pct_overlap,unused,3472,False,False,False
Subject28|arithmetic|Subject28_2.edf|52.000|56.000,Subject28,arithmetic,1,Subject28_2.edf,52.0,56.0,62.0,False,4.0,2.0,4s_windows_50pct_overlap,unused,3473,False,False,False
Subject28|arithmetic|Subject28_2.edf|54.000|58.000,Subject28,arithmetic,1,Subject28_2.edf,54.0,58.0,62.0,False,4.0,2.0,4s_windows_50pct_overlap,unused,3474,False,False,False
Subject28|arithmetic|Subject28_2.edf|56.000|60.000,Subject28,arithmetic,1,Subject28_2.edf,56.0,60.0,62.0,False,4.0,2.0,4s_windows_50pct_overlap,unused,3475,False,False,False
Subject28|arithmetic|Subject28_2.edf|58.000|62.000,Subject28,arithmetic,1,Subject28_2.edf,58.0,62.0,62.0,False,4.0,2.0,4s_windows_50pct_overlap,unused,3476,False,False,False
Subject29|rest|Subject29_1.edf|0.000|4.000,Subject29,rest,0,Subject29_1.edf,0.0,4.0,182.0,False,4.0,2.0,4s_windows_50pct_overlap,calibration,3477,True,False,False
Subject29|rest|Subject29_1.edf|2.000|6.000,Subject29,rest,0,Subject29_1.edf,2.0,6.0,182.0,False,4.0,2.0,4s_windows_50pct_overlap,calibration,3478,True,False,False
Subject29|rest|Subject29_1.edf|4.000|8.000,Subject29,rest,0,Subject29_1.edf,4.0,8.0,182.0,False,4.0,2.0,4s_windows_50pct_overlap,calibration,3479,True,False,False
Subject29|rest|Subject29_1.edf|6.000|10.000,Subject29,rest,0,Subject29_1.edf,6.0,10.0,182.0,False,4.0,2.0,4s_windows_50pct_overlap,calibration,3480,True,False,False
Subject29|rest|Subject29_1.edf|8.000|12.000,Subject29,rest,0,Subject29_1.edf,8.0,12.0,182.0,False,4.0,2.0,4s_windows_50pct_overlap,calibration,3481,True,False,False
Subject29|rest|Subject29_1.edf|10.000|14.000,Subject29,rest,0,Subject29_1.edf,10.0,14.0,182.0,False,4.0,2.0,4s_windows_50pct_overlap,calibration,3482,True,False,False
Subject29|rest|Subject29_1.edf|12.000|16.000,Subject29,rest,0,Subject29_1.edf,12.0,16.0,182.0,False,4.0,2.0,4s_windows_50pct_overlap,calibration,3483,True,False,False
Subject29|rest|Subject29_1.edf|14.000|18.000,Subject29,rest,0,Subject29_1.edf,14.0,18.0,182.0,False,4.0,2.0,4s_windows_50pct_overlap,calibration,3484,True,False,False
Subject29|rest|Subject29_1.edf|16.000|20.000,Subject29,rest,0,Subject29_1.edf,16.0,20.0,182.0,False,4.0,2.0,4s_windows_50pct_overlap,calibration,3485,True,False,False
Subject29|rest|Subject29_1.edf|18.000|22.000,Subject29,rest,0,Subject29_1.edf,18.0,22.0,182.0,False,4.0,2.0,4s_windows_50pct_overlap,calibration,3486,True,False,False
Subject29|rest|Subject29_1.edf|20.000|24.000,Subject29,rest,0,Subject29_1.edf,20.0,24.0,182.0,False,4.0,2.0,4s_windows_50pct_overlap,calibration,3487,True,False,False
Subject29|rest|Subject29_1.edf|22.000|26.000,Subject29,rest,0,Subject29_1.edf,22.0,26.0,182.0,False,4.0,2.0,4s_windows_50pct_overlap,calibration,3488,True,False,False
Subject29|rest|Subject29_1.edf|24.000|28.000,Subject29,rest,0,Subject29_1.edf,24.0,28.0,182.0,False,4.0,2.0,4s_windows_50pct_overlap,calibration,3489,True,False,False
Subject29|rest|Subject29_1.edf|26.000|30.000,Subject29,rest,0,Subject29_1.edf,26.0,30.0,182.0,False,4.0,2.0,4s_windows_50pct_overlap,calibration,3490,True,False,False
Subject29|rest|Subject29_1.edf|28.000|32.000,Subject29,rest,0,Subject29_1.edf,28.0,32.0,182.0,False,4.0,2.0,4s_windows_50pct_overlap,unused,3491,False,False,False
Subject29|rest|Subject29_1.edf|30.000|34.000,Subject29,rest,0,Subject29_1.edf,30.0,34.0,182.0,False,4.0,2.0,4s_windows_50pct_overlap,scored_rest,3492,False,True,False
Subject29|rest|Subject29_1.edf|32.000|36.000,Subject29,rest,0,Subject29_1.edf,32.0,36.0,182.0,False,4.0,2.0,4s_windows_50pct_overlap,scored_rest,3493,False,True,False
Subject29|rest|Subject29_1.edf|34.000|38.000,Subject29,rest,0,Subject29_1.edf,34.0,38.0,182.0,False,4.0,2.0,4s_windows_50pct_overlap,scored_rest,3494,False,True,False
Subject29|rest|Subject29_1.edf|36.000|40.000,Subject29,rest,0,Subject29_1.edf,36.0,40.0,182.0,False,4.0,2.0,4s_windows_50pct_overlap,scored_rest,3495,False,True,False
Subject29|rest|Subject29_1.edf|38.000|42.000,Subject29,rest,0,Subject29_1.edf,38.0,42.0,182.0,False,4.0,2.0,4s_windows_50pct_overlap,scored_rest,3496,False,True,False
Subject29|rest|Subject29_1.edf|40.000|44.000,Subject29,rest,0,Subject29_1.edf,40.0,44.0,182.0,False,4.0,2.0,4s_windows_50pct_overlap,scored_rest,3497,False,True,False
Subject29|rest|Subject29_1.edf|42.000|46.000,Subject29,rest,0,Subject29_1.edf,42.0,46.0,182.0,False,4.0,2.0,4s_windows_50pct_overlap,scored_rest,3498,False,True,False
Subject29|rest|Subject29_1.edf|44.000|48.000,Subject29,rest,0,Subject29_1.edf,44.0,48.0,182.0,False,4.0,2.0,4s_windows_50pct_overlap,scored_rest,3499,False,True,False
Subject29|rest|Subject29_1.edf|46.000|50.000,Subject29,rest,0,Subject29_1.edf,46.0,50.0,182.0,False,4.0,2.0,4s_windows_50pct_overlap,scored_rest,3500,False,True,False
Subject29|rest|Subject29_1.edf|48.000|52.000,Subject29,rest,0,Subject29_1.edf,48.0,52.0,182.0,False,4.0,2.0,4s_windows_50pct_overlap,scored_rest,3501,False,True,False
Subject29|rest|Subject29_1.edf|50.000|54.000,Subject29,rest,0,Subject29_1.edf,50.0,54.0,182.0,False,4.0,2.0,4s_windows_50pct_overlap,scored_rest,3502,False,True,False
Subject29|rest|Subject29_1.edf|52.000|56.000,Subject29,rest,0,Subject29_1.edf,52.0,56.0,182.0,False,4.0,2.0,4s_windows_50pct_overlap,scored_rest,3503,False,True,False
Subject29|rest|Subject29_1.edf|54.000|58.000,Subject29,rest,0,Subject29_1.edf,54.0,58.0,182.0,False,4.0,2.0,4s_windows_50pct_overlap,scored_rest,3504,False,True,False
Subject29|rest|Subject29_1.edf|56.000|60.000,Subject29,rest,0,Subject29_1.edf,56.0,60.0,182.0,False,4.0,2.0,4s_windows_50pct_overlap,scored_rest,3505,False,True,False
Subject29|rest|Subject29_1.edf|58.000|62.000,Subject29,rest,0,Subject29_1.edf,58.0,62.0,182.0,False,4.0,2.0,4s_windows_50pct_overlap,unused,3506,False,False,False
Subject29|rest|Subject29_1.edf|60.000|64.000,Subject29,rest,0,Subject29_1.edf,60.0,64.0,182.0,False,4.0,2.0,4s_windows_50pct_overlap,unused,3507,False,False,False
Subject29|rest|Subject29_1.edf|62.000|66.000,Subject29,rest,0,Subject29_1.edf,62.0,66.0,182.0,False,4.0,2.0,4s_windows_50pct_overlap,unused,3508,False,False,False
Subject29|rest|Subject29_1.edf|64.000|68.000,Subject29,rest,0,Subject29_1.edf,64.0,68.0,182.0,False,4.0,2.0,4s_windows_50pct_overlap,unused,3509,False,False,False
Subject29|rest|Subject29_1.edf|66.000|70.000,Subject29,rest,0,Subject29_1.edf,66.0,70.0,182.0,False,4.0,2.0,4s_windows_50pct_overlap,unused,3510,False,False,False
Subject29|rest|Subject29_1.edf|68.000|72.000,Subject29,rest,0,Subject29_1.edf,68.0,72.0,182.0,False,4.0,2.0,4s_windows_50pct_overlap,unused,3511,False,False,False
Subject29|rest|Subject29_1.edf|70.000|74.000,Subject29,rest,0,Subject29_1.edf,70.0,74.0,182.0,False,4.0,2.0,4s_windows_50pct_overlap,unused,3512,False,False,False
Subject29|rest|Subject29_1.edf|72.000|76.000,Subject29,rest,0,Subject29_1.edf,72.0,76.0,182.0,False,4.0,2.0,4s_windows_50pct_overlap,unused,3513,False,False,False
Subject29|rest|Subject29_1.edf|74.000|78.000,Subject29,rest,0,Subject29_1.edf,74.0,78.0,182.0,False,4.0,2.0,4s_windows_50pct_overlap,unused,3514,False,False,False
Subject29|rest|Subject29_1.edf|76.000|80.000,Subject29,rest,0,Subject29_1.edf,76.0,80.0,182.0,False,4.0,2.0,4s_windows_50pct_overlap,unused,3515,False,False,False
Subject29|rest|Subject29_1.edf|78.000|82.000,Subject29,rest,0,Subject29_1.edf,78.0,82.0,182.0,False,4.0,2.0,4s_windows_50pct_overlap,unused,3516,False,False,False
Subject29|rest|Subject29_1.edf|80.000|84.000,Subject29,rest,0,Subject29_1.edf,80.0,84.0,182.0,False,4.0,2.0,4s_windows_50pct_overlap,unused,3517,False,False,False
Subject29|rest|Subject29_1.edf|82.000|86.000,Subject29,rest,0,Subject29_1.edf,82.0,86.0,182.0,False,4.0,2.0,4s_windows_50pct_overlap,unused,3518,False,False,False
Subject29|rest|Subject29_1.edf|84.000|88.000,Subject29,rest,0,Subject29_1.edf,84.0,88.0,182.0,False,4.0,2.0,4s_windows_50pct_overlap,unused,3519,False,False,False
Subject29|rest|Subject29_1.edf|86.000|90.000,Subject29,rest,0,Subject29_1.edf,86.0,90.0,182.0,False,4.0,2.0,4s_windows_50pct_overlap,unused,3520,False,False,False
Subject29|rest|Subject29_1.edf|88.000|92.000,Subject29,rest,0,Subject29_1.edf,88.0,92.0,182.0,False,4.0,2.0,4s_windows_50pct_overlap,unused,3521,False,False,False
Subject29|rest|Subject29_1.edf|90.000|94.000,Subject29,rest,0,Subject29_1.edf,90.0,94.0,182.0,False,4.0,2.0,4s_windows_50pct_overlap,unused,3522,False,False,False
Subject29|rest|Subject29_1.edf|92.000|96.000,Subject29,rest,0,Subject29_1.edf,92.0,96.0,182.0,False,4.0,2.0,4s_windows_50pct_overlap,unused,3523,False,False,False
Subject29|rest|Subject29_1.edf|94.000|98.000,Subject29,rest,0,Subject29_1.edf,94.0,98.0,182.0,False,4.0,2.0,4s_windows_50pct_overlap,unused,3524,False,False,False
Subject29|rest|Subject29_1.edf|96.000|100.000,Subject29,rest,0,Subject29_1.edf,96.0,100.0,182.0,False,4.0,2.0,4s_windows_50pct_overlap,unused,3525,False,False,False
Subject29|rest|Subject29_1.edf|98.000|102.000,Subject29,rest,0,Subject29_1.edf,98.0,102.0,182.0,False,4.0,2.0,4s_windows_50pct_overlap,unused,3526,False,False,False
Subject29|rest|Subject29_1.edf|100.000|104.000,Subject29,rest,0,Subject29_1.edf,100.0,104.0,182.0,False,4.0,2.0,4s_windows_50pct_overlap,unused,3527,False,False,False
Subject29|rest|Subject29_1.edf|102.000|106.000,Subject29,rest,0,Subject29_1.edf,102.0,106.0,182.0,False,4.0,2.0,4s_windows_50pct_overlap,unused,3528,False,False,False
Subject29|rest|Subject29_1.edf|104.000|108.000,Subject29,rest,0,Subject29_1.edf,104.0,108.0,182.0,False,4.0,2.0,4s_windows_50pct_overlap,unused,3529,False,False,False
Subject29|rest|Subject29_1.edf|106.000|110.000,Subject29,rest,0,Subject29_1.edf,106.0,110.0,182.0,False,4.0,2.0,4s_windows_50pct_overlap,unused,3530,False,False,False
Subject29|rest|Subject29_1.edf|108.000|112.000,Subject29,rest,0,Subject29_1.edf,108.0,112.0,182.0,False,4.0,2.0,4s_windows_50pct_overlap,unused,3531,False,False,False
Subject29|rest|Subject29_1.edf|110.000|114.000,Subject29,rest,0,Subject29_1.edf,110.0,114.0,182.0,False,4.0,2.0,4s_windows_50pct_overlap,unused,3532,False,False,False
Subject29|rest|Subject29_1.edf|112.000|116.000,Subject29,rest,0,Subject29_1.edf,112.0,116.0,182.0,False,4.0,2.0,4s_windows_50pct_overlap,unused,3533,False,False,False
Subject29|rest|Subject29_1.edf|114.000|118.000,Subject29,rest,0,Subject29_1.edf,114.0,118.0,182.0,False,4.0,2.0,4s_windows_50pct_overlap,unused,3534,False,False,False
Subject29|rest|Subject29_1.edf|116.000|120.000,Subject29,rest,0,Subject29_1.edf,116.0,120.0,182.0,False,4.0,2.0,4s_windows_50pct_overlap,unused,3535,False,False,False
Subject29|rest|Subject29_1.edf|118.000|122.000,Subject29,rest,0,Subject29_1.edf,118.0,122.0,182.0,False,4.0,2.0,4s_windows_50pct_overlap,unused,3536,False,False,False
Subject29|rest|Subject29_1.edf|120.000|124.000,Subject29,rest,0,Subject29_1.edf,120.0,124.0,182.0,False,4.0,2.0,4s_windows_50pct_overlap,unused,3537,False,False,False
Subject29|rest|Subject29_1.edf|122.000|126.000,Subject29,rest,0,Subject29_1.edf,122.0,126.0,182.0,False,4.0,2.0,4s_windows_50pct_overlap,unused,3538,False,False,False
Subject29|rest|Subject29_1.edf|124.000|128.000,Subject29,rest,0,Subject29_1.edf,124.0,128.0,182.0,False,4.0,2.0,4s_windows_50pct_overlap,unused,3539,False,False,False
Subject29|rest|Subject29_1.edf|126.000|130.000,Subject29,rest,0,Subject29_1.edf,126.0,130.0,182.0,False,4.0,2.0,4s_windows_50pct_overlap,unused,3540,False,False,False
Subject29|rest|Subject29_1.edf|128.000|132.000,Subject29,rest,0,Subject29_1.edf,128.0,132.0,182.0,False,4.0,2.0,4s_windows_50pct_overlap,unused,3541,False,False,False
Subject29|rest|Subject29_1.edf|130.000|134.000,Subject29,rest,0,Subject29_1.edf,130.0,134.0,182.0,False,4.0,2.0,4s_windows_50pct_overlap,unused,3542,False,False,False
Subject29|rest|Subject29_1.edf|132.000|136.000,Subject29,rest,0,Subject29_1.edf,132.0,136.0,182.0,False,4.0,2.0,4s_windows_50pct_overlap,unused,3543,False,False,False
Subject29|rest|Subject29_1.edf|134.000|138.000,Subject29,rest,0,Subject29_1.edf,134.0,138.0,182.0,False,4.0,2.0,4s_windows_50pct_overlap,unused,3544,False,False,False
Subject29|rest|Subject29_1.edf|136.000|140.000,Subject29,rest,0,Subject29_1.edf,136.0,140.0,182.0,False,4.0,2.0,4s_windows_50pct_overlap,unused,3545,False,False,False
Subject29|rest|Subject29_1.edf|138.000|142.000,Subject29,rest,0,Subject29_1.edf,138.0,142.0,182.0,False,4.0,2.0,4s_windows_50pct_overlap,unused,3546,False,False,False
Subject29|rest|Subject29_1.edf|140.000|144.000,Subject29,rest,0,Subject29_1.edf,140.0,144.0,182.0,False,4.0,2.0,4s_windows_50pct_overlap,unused,3547,False,False,False
Subject29|rest|Subject29_1.edf|142.000|146.000,Subject29,rest,0,Subject29_1.edf,142.0,146.0,182.0,False,4.0,2.0,4s_windows_50pct_overlap,unused,3548,False,False,False
Subject29|rest|Subject29_1.edf|144.000|148.000,Subject29,rest,0,Subject29_1.edf,144.0,148.0,182.0,False,4.0,2.0,4s_windows_50pct_overlap,unused,3549,False,False,False
Subject29|rest|Subject29_1.edf|146.000|150.000,Subject29,rest,0,Subject29_1.edf,146.0,150.0,182.0,False,4.0,2.0,4s_windows_50pct_overlap,unused,3550,False,False,False
Subject29|rest|Subject29_1.edf|148.000|152.000,Subject29,rest,0,Subject29_1.edf,148.0,152.0,182.0,False,4.0,2.0,4s_windows_50pct_overlap,unused,3551,False,False,False
Subject29|rest|Subject29_1.edf|150.000|154.000,Subject29,rest,0,Subject29_1.edf,150.0,154.0,182.0,False,4.0,2.0,4s_windows_50pct_overlap,unused,3552,False,False,False
Subject29|rest|Subject29_1.edf|152.000|156.000,Subject29,rest,0,Subject29_1.edf,152.0,156.0,182.0,False,4.0,2.0,4s_windows_50pct_overlap,unused,3553,False,False,False
Subject29|rest|Subject29_1.edf|154.000|158.000,Subject29,rest,0,Subject29_1.edf,154.0,158.0,182.0,False,4.0,2.0,4s_windows_50pct_overlap,unused,3554,False,False,False
Subject29|rest|Subject29_1.edf|156.000|160.000,Subject29,rest,0,Subject29_1.edf,156.0,160.0,182.0,False,4.0,2.0,4s_windows_50pct_overlap,unused,3555,False,False,False
Subject29|rest|Subject29_1.edf|158.000|162.000,Subject29,rest,0,Subject29_1.edf,158.0,162.0,182.0,False,4.0,2.0,4s_windows_50pct_overlap,unused,3556,False,False,False
Subject29|rest|Subject29_1.edf|160.000|164.000,Subject29,rest,0,Subject29_1.edf,160.0,164.0,182.0,False,4.0,2.0,4s_windows_50pct_overlap,unused,3557,False,False,False
Subject29|rest|Subject29_1.edf|162.000|166.000,Subject29,rest,0,Subject29_1.edf,162.0,166.0,182.0,False,4.0,2.0,4s_windows_50pct_overlap,unused,3558,False,False,False
Subject29|rest|Subject29_1.edf|164.000|168.000,Subject29,rest,0,Subject29_1.edf,164.0,168.0,182.0,False,4.0,2.0,4s_windows_50pct_overlap,unused,3559,False,False,False
Subject29|rest|Subject29_1.edf|166.000|170.000,Subject29,rest,0,Subject29_1.edf,166.0,170.0,182.0,False,4.0,2.0,4s_windows_50pct_overlap,unused,3560,False,False,False
Subject29|rest|Subject29_1.edf|168.000|172.000,Subject29,rest,0,Subject29_1.edf,168.0,172.0,182.0,False,4.0,2.0,4s_windows_50pct_overlap,unused,3561,False,False,False
Subject29|rest|Subject29_1.edf|170.000|174.000,Subject29,rest,0,Subject29_1.edf,170.0,174.0,182.0,False,4.0,2.0,4s_windows_50pct_overlap,unused,3562,False,False,False
Subject29|rest|Subject29_1.edf|172.000|176.000,Subject29,rest,0,Subject29_1.edf,172.0,176.0,182.0,False,4.0,2.0,4s_windows_50pct_overlap,unused,3563,False,False,False
Subject29|rest|Subject29_1.edf|174.000|178.000,Subject29,rest,0,Subject29_1.edf,174.0,178.0,182.0,False,4.0,2.0,4s_windows_50pct_overlap,unused,3564,False,False,False
Subject29|rest|Subject29_1.edf|176.000|180.000,Subject29,rest,0,Subject29_1.edf,176.0,180.0,182.0,False,4.0,2.0,4s_windows_50pct_overlap,unused,3565,False,False,False
Subject29|rest|Subject29_1.edf|178.000|182.000,Subject29,rest,0,Subject29_1.edf,178.0,182.0,182.0,False,4.0,2.0,4s_windows_50pct_overlap,unused,3566,False,False,False
Subject29|arithmetic|Subject29_2.edf|0.000|4.000,Subject29,arithmetic,1,Subject29_2.edf,0.0,4.0,62.0,False,4.0,2.0,4s_windows_50pct_overlap,scored_task,3567,False,True,False
Subject29|arithmetic|Subject29_2.edf|2.000|6.000,Subject29,arithmetic,1,Subject29_2.edf,2.0,6.0,62.0,False,4.0,2.0,4s_windows_50pct_overlap,scored_task,3568,False,True,False
Subject29|arithmetic|Subject29_2.edf|4.000|8.000,Subject29,arithmetic,1,Subject29_2.edf,4.0,8.0,62.0,False,4.0,2.0,4s_windows_50pct_overlap,scored_task,3569,False,True,False
Subject29|arithmetic|Subject29_2.edf|6.000|10.000,Subject29,arithmetic,1,Subject29_2.edf,6.0,10.0,62.0,False,4.0,2.0,4s_windows_50pct_overlap,scored_task,3570,False,True,False
Subject29|arithmetic|Subject29_2.edf|8.000|12.000,Subject29,arithmetic,1,Subject29_2.edf,8.0,12.0,62.0,False,4.0,2.0,4s_windows_50pct_overlap,scored_task,3571,False,True,False
Subject29|arithmetic|Subject29_2.edf|10.000|14.000,Subject29,arithmetic,1,Subject29_2.edf,10.0,14.0,62.0,False,4.0,2.0,4s_windows_50pct_overlap,scored_task,3572,False,True,False
Subject29|arithmetic|Subject29_2.edf|12.000|16.000,Subject29,arithmetic,1,Subject29_2.edf,12.0,16.0,62.0,False,4.0,2.0,4s_windows_50pct_overlap,scored_task,3573,False,True,False
Subject29|arithmetic|Subject29_2.edf|14.000|18.000,Subject29,arithmetic,1,Subject29_2.edf,14.0,18.0,62.0,False,4.0,2.0,4s_windows_50pct_overlap,scored_task,3574,False,True,False
Subject29|arithmetic|Subject29_2.edf|16.000|20.000,Subject29,arithmetic,1,Subject29_2.edf,16.0,20.0,62.0,False,4.0,2.0,4s_windows_50pct_overlap,scored_task,3575,False,True,False
Subject29|arithmetic|Subject29_2.edf|18.000|22.000,Subject29,arithmetic,1,Subject29_2.edf,18.0,22.0,62.0,False,4.0,2.0,4s_windows_50pct_overlap,scored_task,3576,False,True,False
Subject29|arithmetic|Subject29_2.edf|20.000|24.000,Subject29,arithmetic,1,Subject29_2.edf,20.0,24.0,62.0,False,4.0,2.0,4s_windows_50pct_overlap,scored_task,3577,False,True,False
Subject29|arithmetic|Subject29_2.edf|22.000|26.000,Subject29,arithmetic,1,Subject29_2.edf,22.0,26.0,62.0,False,4.0,2.0,4s_windows_50pct_overlap,scored_task,3578,False,True,False
Subject29|arithmetic|Subject29_2.edf|24.000|28.000,Subject29,arithmetic,1,Subject29_2.edf,24.0,28.0,62.0,False,4.0,2.0,4s_windows_50pct_overlap,scored_task,3579,False,True,False
Subject29|arithmetic|Subject29_2.edf|26.000|30.000,Subject29,arithmetic,1,Subject29_2.edf,26.0,30.0,62.0,False,4.0,2.0,4s_windows_50pct_overlap,scored_task,3580,False,True,False
Subject29|arithmetic|Subject29_2.edf|28.000|32.000,Subject29,arithmetic,1,Subject29_2.edf,28.0,32.0,62.0,False,4.0,2.0,4s_windows_50pct_overlap,unused,3581,False,False,False
Subject29|arithmetic|Subject29_2.edf|30.000|34.000,Subject29,arithmetic,1,Subject29_2.edf,30.0,34.0,62.0,False,4.0,2.0,4s_windows_50pct_overlap,unused,3582,False,False,False
Subject29|arithmetic|Subject29_2.edf|32.000|36.000,Subject29,arithmetic,1,Subject29_2.edf,32.0,36.0,62.0,False,4.0,2.0,4s_windows_50pct_overlap,unused,3583,False,False,False
Subject29|arithmetic|Subject29_2.edf|34.000|38.000,Subject29,arithmetic,1,Subject29_2.edf,34.0,38.0,62.0,False,4.0,2.0,4s_windows_50pct_overlap,unused,3584,False,False,False
Subject29|arithmetic|Subject29_2.edf|36.000|40.000,Subject29,arithmetic,1,Subject29_2.edf,36.0,40.0,62.0,False,4.0,2.0,4s_windows_50pct_overlap,unused,3585,False,False,False
Subject29|arithmetic|Subject29_2.edf|38.000|42.000,Subject29,arithmetic,1,Subject29_2.edf,38.0,42.0,62.0,False,4.0,2.0,4s_windows_50pct_overlap,unused,3586,False,False,False
Subject29|arithmetic|Subject29_2.edf|40.000|44.000,Subject29,arithmetic,1,Subject29_2.edf,40.0,44.0,62.0,False,4.0,2.0,4s_windows_50pct_overlap,unused,3587,False,False,False
Subject29|arithmetic|Subject29_2.edf|42.000|46.000,Subject29,arithmetic,1,Subject29_2.edf,42.0,46.0,62.0,False,4.0,2.0,4s_windows_50pct_overlap,unused,3588,False,False,False
Subject29|arithmetic|Subject29_2.edf|44.000|48.000,Subject29,arithmetic,1,Subject29_2.edf,44.0,48.0,62.0,False,4.0,2.0,4s_windows_50pct_overlap,unused,3589,False,False,False
Subject29|arithmetic|Subject29_2.edf|46.000|50.000,Subject29,arithmetic,1,Subject29_2.edf,46.0,50.0,62.0,False,4.0,2.0,4s_windows_50pct_overlap,unused,3590,False,False,False
Subject29|arithmetic|Subject29_2.edf|48.000|52.000,Subject29,arithmetic,1,Subject29_2.edf,48.0,52.0,62.0,False,4.0,2.0,4s_windows_50pct_overlap,unused,3591,False,False,False
Subject29|arithmetic|Subject29_2.edf|50.000|54.000,Subject29,arithmetic,1,Subject29_2.edf,50.0,54.0,62.0,False,4.0,2.0,4s_windows_50pct_overlap,unused,3592,False,False,False
Subject29|arithmetic|Subject29_2.edf|52.000|56.000,Subject29,arithmetic,1,Subject29_2.edf,52.0,56.0,62.0,False,4.0,2.0,4s_windows_50pct_overlap,unused,3593,False,False,False
Subject29|arithmetic|Subject29_2.edf|54.000|58.000,Subject29,arithmetic,1,Subject29_2.edf,54.0,58.0,62.0,False,4.0,2.0,4s_windows_50pct_overlap,unused,3594,False,False,False
Subject29|arithmetic|Subject29_2.edf|56.000|60.000,Subject29,arithmetic,1,Subject29_2.edf,56.0,60.0,62.0,False,4.0,2.0,4s_windows_50pct_overlap,unused,3595,False,False,False
Subject29|arithmetic|Subject29_2.edf|58.000|62.000,Subject29,arithmetic,1,Subject29_2.edf,58.0,62.0,62.0,False,4.0,2.0,4s_windows_50pct_overlap,unused,3596,False,False,False
Subject30|rest|Subject30_1.edf|0.000|4.000,Subject30,rest,0,Subject30_1.edf,0.0,4.0,182.0,False,4.0,2.0,4s_windows_50pct_overlap,calibration,3597,True,False,False
Subject30|rest|Subject30_1.edf|2.000|6.000,Subject30,rest,0,Subject30_1.edf,2.0,6.0,182.0,False,4.0,2.0,4s_windows_50pct_overlap,calibration,3598,True,False,False
Subject30|rest|Subject30_1.edf|4.000|8.000,Subject30,rest,0,Subject30_1.edf,4.0,8.0,182.0,False,4.0,2.0,4s_windows_50pct_overlap,calibration,3599,True,False,False
Subject30|rest|Subject30_1.edf|6.000|10.000,Subject30,rest,0,Subject30_1.edf,6.0,10.0,182.0,False,4.0,2.0,4s_windows_50pct_overlap,calibration,3600,True,False,False
Subject30|rest|Subject30_1.edf|8.000|12.000,Subject30,rest,0,Subject30_1.edf,8.0,12.0,182.0,False,4.0,2.0,4s_windows_50pct_overlap,calibration,3601,True,False,False
Subject30|rest|Subject30_1.edf|10.000|14.000,Subject30,rest,0,Subject30_1.edf,10.0,14.0,182.0,False,4.0,2.0,4s_windows_50pct_overlap,calibration,3602,True,False,False
Subject30|rest|Subject30_1.edf|12.000|16.000,Subject30,rest,0,Subject30_1.edf,12.0,16.0,182.0,False,4.0,2.0,4s_windows_50pct_overlap,calibration,3603,True,False,False
Subject30|rest|Subject30_1.edf|14.000|18.000,Subject30,rest,0,Subject30_1.edf,14.0,18.0,182.0,False,4.0,2.0,4s_windows_50pct_overlap,calibration,3604,True,False,False
Subject30|rest|Subject30_1.edf|16.000|20.000,Subject30,rest,0,Subject30_1.edf,16.0,20.0,182.0,False,4.0,2.0,4s_windows_50pct_overlap,calibration,3605,True,False,False
Subject30|rest|Subject30_1.edf|18.000|22.000,Subject30,rest,0,Subject30_1.edf,18.0,22.0,182.0,False,4.0,2.0,4s_windows_50pct_overlap,calibration,3606,True,False,False
Subject30|rest|Subject30_1.edf|20.000|24.000,Subject30,rest,0,Subject30_1.edf,20.0,24.0,182.0,False,4.0,2.0,4s_windows_50pct_overlap,calibration,3607,True,False,False
Subject30|rest|Subject30_1.edf|22.000|26.000,Subject30,rest,0,Subject30_1.edf,22.0,26.0,182.0,False,4.0,2.0,4s_windows_50pct_overlap,calibration,3608,True,False,False
Subject30|rest|Subject30_1.edf|24.000|28.000,Subject30,rest,0,Subject30_1.edf,24.0,28.0,182.0,False,4.0,2.0,4s_windows_50pct_overlap,calibration,3609,True,False,False
Subject30|rest|Subject30_1.edf|26.000|30.000,Subject30,rest,0,Subject30_1.edf,26.0,30.0,182.0,False,4.0,2.0,4s_windows_50pct_overlap,calibration,3610,True,False,False
Subject30|rest|Subject30_1.edf|28.000|32.000,Subject30,rest,0,Subject30_1.edf,28.0,32.0,182.0,False,4.0,2.0,4s_windows_50pct_overlap,unused,3611,False,False,False
Subject30|rest|Subject30_1.edf|30.000|34.000,Subject30,rest,0,Subject30_1.edf,30.0,34.0,182.0,False,4.0,2.0,4s_windows_50pct_overlap,scored_rest,3612,False,True,False
Subject30|rest|Subject30_1.edf|32.000|36.000,Subject30,rest,0,Subject30_1.edf,32.0,36.0,182.0,False,4.0,2.0,4s_windows_50pct_overlap,scored_rest,3613,False,True,False
Subject30|rest|Subject30_1.edf|34.000|38.000,Subject30,rest,0,Subject30_1.edf,34.0,38.0,182.0,False,4.0,2.0,4s_windows_50pct_overlap,scored_rest,3614,False,True,False
Subject30|rest|Subject30_1.edf|36.000|40.000,Subject30,rest,0,Subject30_1.edf,36.0,40.0,182.0,False,4.0,2.0,4s_windows_50pct_overlap,scored_rest,3615,False,True,False
Subject30|rest|Subject30_1.edf|38.000|42.000,Subject30,rest,0,Subject30_1.edf,38.0,42.0,182.0,False,4.0,2.0,4s_windows_50pct_overlap,scored_rest,3616,False,True,False
Subject30|rest|Subject30_1.edf|40.000|44.000,Subject30,rest,0,Subject30_1.edf,40.0,44.0,182.0,False,4.0,2.0,4s_windows_50pct_overlap,scored_rest,3617,False,True,False
Subject30|rest|Subject30_1.edf|42.000|46.000,Subject30,rest,0,Subject30_1.edf,42.0,46.0,182.0,False,4.0,2.0,4s_windows_50pct_overlap,scored_rest,3618,False,True,False
Subject30|rest|Subject30_1.edf|44.000|48.000,Subject30,rest,0,Subject30_1.edf,44.0,48.0,182.0,False,4.0,2.0,4s_windows_50pct_overlap,scored_rest,3619,False,True,False
Subject30|rest|Subject30_1.edf|46.000|50.000,Subject30,rest,0,Subject30_1.edf,46.0,50.0,182.0,False,4.0,2.0,4s_windows_50pct_overlap,scored_rest,3620,False,True,False
Subject30|rest|Subject30_1.edf|48.000|52.000,Subject30,rest,0,Subject30_1.edf,48.0,52.0,182.0,False,4.0,2.0,4s_windows_50pct_overlap,scored_rest,3621,False,True,False
Subject30|rest|Subject30_1.edf|50.000|54.000,Subject30,rest,0,Subject30_1.edf,50.0,54.0,182.0,False,4.0,2.0,4s_windows_50pct_overlap,scored_rest,3622,False,True,False
Subject30|rest|Subject30_1.edf|52.000|56.000,Subject30,rest,0,Subject30_1.edf,52.0,56.0,182.0,False,4.0,2.0,4s_windows_50pct_overlap,scored_rest,3623,False,True,False
Subject30|rest|Subject30_1.edf|54.000|58.000,Subject30,rest,0,Subject30_1.edf,54.0,58.0,182.0,False,4.0,2.0,4s_windows_50pct_overlap,scored_rest,3624,False,True,False
Subject30|rest|Subject30_1.edf|56.000|60.000,Subject30,rest,0,Subject30_1.edf,56.0,60.0,182.0,False,4.0,2.0,4s_windows_50pct_overlap,scored_rest,3625,False,True,False
Subject30|rest|Subject30_1.edf|58.000|62.000,Subject30,rest,0,Subject30_1.edf,58.0,62.0,182.0,False,4.0,2.0,4s_windows_50pct_overlap,unused,3626,False,False,False
Subject30|rest|Subject30_1.edf|60.000|64.000,Subject30,rest,0,Subject30_1.edf,60.0,64.0,182.0,False,4.0,2.0,4s_windows_50pct_overlap,unused,3627,False,False,False
Subject30|rest|Subject30_1.edf|62.000|66.000,Subject30,rest,0,Subject30_1.edf,62.0,66.0,182.0,False,4.0,2.0,4s_windows_50pct_overlap,unused,3628,False,False,False
Subject30|rest|Subject30_1.edf|64.000|68.000,Subject30,rest,0,Subject30_1.edf,64.0,68.0,182.0,False,4.0,2.0,4s_windows_50pct_overlap,unused,3629,False,False,False
Subject30|rest|Subject30_1.edf|66.000|70.000,Subject30,rest,0,Subject30_1.edf,66.0,70.0,182.0,False,4.0,2.0,4s_windows_50pct_overlap,unused,3630,False,False,False
Subject30|rest|Subject30_1.edf|68.000|72.000,Subject30,rest,0,Subject30_1.edf,68.0,72.0,182.0,False,4.0,2.0,4s_windows_50pct_overlap,unused,3631,False,False,False
Subject30|rest|Subject30_1.edf|70.000|74.000,Subject30,rest,0,Subject30_1.edf,70.0,74.0,182.0,False,4.0,2.0,4s_windows_50pct_overlap,unused,3632,False,False,False
Subject30|rest|Subject30_1.edf|72.000|76.000,Subject30,rest,0,Subject30_1.edf,72.0,76.0,182.0,False,4.0,2.0,4s_windows_50pct_overlap,unused,3633,False,False,False
Subject30|rest|Subject30_1.edf|74.000|78.000,Subject30,rest,0,Subject30_1.edf,74.0,78.0,182.0,False,4.0,2.0,4s_windows_50pct_overlap,unused,3634,False,False,False
Subject30|rest|Subject30_1.edf|76.000|80.000,Subject30,rest,0,Subject30_1.edf,76.0,80.0,182.0,False,4.0,2.0,4s_windows_50pct_overlap,unused,3635,False,False,False
Subject30|rest|Subject30_1.edf|78.000|82.000,Subject30,rest,0,Subject30_1.edf,78.0,82.0,182.0,False,4.0,2.0,4s_windows_50pct_overlap,unused,3636,False,False,False
Subject30|rest|Subject30_1.edf|80.000|84.000,Subject30,rest,0,Subject30_1.edf,80.0,84.0,182.0,False,4.0,2.0,4s_windows_50pct_overlap,unused,3637,False,False,False
Subject30|rest|Subject30_1.edf|82.000|86.000,Subject30,rest,0,Subject30_1.edf,82.0,86.0,182.0,False,4.0,2.0,4s_windows_50pct_overlap,unused,3638,False,False,False
Subject30|rest|Subject30_1.edf|84.000|88.000,Subject30,rest,0,Subject30_1.edf,84.0,88.0,182.0,False,4.0,2.0,4s_windows_50pct_overlap,unused,3639,False,False,False
Subject30|rest|Subject30_1.edf|86.000|90.000,Subject30,rest,0,Subject30_1.edf,86.0,90.0,182.0,False,4.0,2.0,4s_windows_50pct_overlap,unused,3640,False,False,False
Subject30|rest|Subject30_1.edf|88.000|92.000,Subject30,rest,0,Subject30_1.edf,88.0,92.0,182.0,False,4.0,2.0,4s_windows_50pct_overlap,unused,3641,False,False,False
Subject30|rest|Subject30_1.edf|90.000|94.000,Subject30,rest,0,Subject30_1.edf,90.0,94.0,182.0,False,4.0,2.0,4s_windows_50pct_overlap,unused,3642,False,False,False
Subject30|rest|Subject30_1.edf|92.000|96.000,Subject30,rest,0,Subject30_1.edf,92.0,96.0,182.0,False,4.0,2.0,4s_windows_50pct_overlap,unused,3643,False,False,False
Subject30|rest|Subject30_1.edf|94.000|98.000,Subject30,rest,0,Subject30_1.edf,94.0,98.0,182.0,False,4.0,2.0,4s_windows_50pct_overlap,unused,3644,False,False,False
Subject30|rest|Subject30_1.edf|96.000|100.000,Subject30,rest,0,Subject30_1.edf,96.0,100.0,182.0,False,4.0,2.0,4s_windows_50pct_overlap,unused,3645,False,False,False
Subject30|rest|Subject30_1.edf|98.000|102.000,Subject30,rest,0,Subject30_1.edf,98.0,102.0,182.0,False,4.0,2.0,4s_windows_50pct_overlap,unused,3646,False,False,False
Subject30|rest|Subject30_1.edf|100.000|104.000,Subject30,rest,0,Subject30_1.edf,100.0,104.0,182.0,False,4.0,2.0,4s_windows_50pct_overlap,unused,3647,False,False,False
Subject30|rest|Subject30_1.edf|102.000|106.000,Subject30,rest,0,Subject30_1.edf,102.0,106.0,182.0,False,4.0,2.0,4s_windows_50pct_overlap,unused,3648,False,False,False
Subject30|rest|Subject30_1.edf|104.000|108.000,Subject30,rest,0,Subject30_1.edf,104.0,108.0,182.0,False,4.0,2.0,4s_windows_50pct_overlap,unused,3649,False,False,False
Subject30|rest|Subject30_1.edf|106.000|110.000,Subject30,rest,0,Subject30_1.edf,106.0,110.0,182.0,False,4.0,2.0,4s_windows_50pct_overlap,unused,3650,False,False,False
Subject30|rest|Subject30_1.edf|108.000|112.000,Subject30,rest,0,Subject30_1.edf,108.0,112.0,182.0,False,4.0,2.0,4s_windows_50pct_overlap,unused,3651,False,False,False
Subject30|rest|Subject30_1.edf|110.000|114.000,Subject30,rest,0,Subject30_1.edf,110.0,114.0,182.0,False,4.0,2.0,4s_windows_50pct_overlap,unused,3652,False,False,False
Subject30|rest|Subject30_1.edf|112.000|116.000,Subject30,rest,0,Subject30_1.edf,112.0,116.0,182.0,False,4.0,2.0,4s_windows_50pct_overlap,unused,3653,False,False,False
Subject30|rest|Subject30_1.edf|114.000|118.000,Subject30,rest,0,Subject30_1.edf,114.0,118.0,182.0,False,4.0,2.0,4s_windows_50pct_overlap,unused,3654,False,False,False
Subject30|rest|Subject30_1.edf|116.000|120.000,Subject30,rest,0,Subject30_1.edf,116.0,120.0,182.0,False,4.0,2.0,4s_windows_50pct_overlap,unused,3655,False,False,False
Subject30|rest|Subject30_1.edf|118.000|122.000,Subject30,rest,0,Subject30_1.edf,118.0,122.0,182.0,False,4.0,2.0,4s_windows_50pct_overlap,unused,3656,False,False,False
Subject30|rest|Subject30_1.edf|120.000|124.000,Subject30,rest,0,Subject30_1.edf,120.0,124.0,182.0,False,4.0,2.0,4s_windows_50pct_overlap,unused,3657,False,False,False
Subject30|rest|Subject30_1.edf|122.000|126.000,Subject30,rest,0,Subject30_1.edf,122.0,126.0,182.0,False,4.0,2.0,4s_windows_50pct_overlap,unused,3658,False,False,False
Subject30|rest|Subject30_1.edf|124.000|128.000,Subject30,rest,0,Subject30_1.edf,124.0,128.0,182.0,False,4.0,2.0,4s_windows_50pct_overlap,unused,3659,False,False,False
Subject30|rest|Subject30_1.edf|126.000|130.000,Subject30,rest,0,Subject30_1.edf,126.0,130.0,182.0,False,4.0,2.0,4s_windows_50pct_overlap,unused,3660,False,False,False
Subject30|rest|Subject30_1.edf|128.000|132.000,Subject30,rest,0,Subject30_1.edf,128.0,132.0,182.0,False,4.0,2.0,4s_windows_50pct_overlap,unused,3661,False,False,False
Subject30|rest|Subject30_1.edf|130.000|134.000,Subject30,rest,0,Subject30_1.edf,130.0,134.0,182.0,False,4.0,2.0,4s_windows_50pct_overlap,unused,3662,False,False,False
Subject30|rest|Subject30_1.edf|132.000|136.000,Subject30,rest,0,Subject30_1.edf,132.0,136.0,182.0,False,4.0,2.0,4s_windows_50pct_overlap,unused,3663,False,False,False
Subject30|rest|Subject30_1.edf|134.000|138.000,Subject30,rest,0,Subject30_1.edf,134.0,138.0,182.0,False,4.0,2.0,4s_windows_50pct_overlap,unused,3664,False,False,False
Subject30|rest|Subject30_1.edf|136.000|140.000,Subject30,rest,0,Subject30_1.edf,136.0,140.0,182.0,False,4.0,2.0,4s_windows_50pct_overlap,unused,3665,False,False,False
Subject30|rest|Subject30_1.edf|138.000|142.000,Subject30,rest,0,Subject30_1.edf,138.0,142.0,182.0,False,4.0,2.0,4s_windows_50pct_overlap,unused,3666,False,False,False
Subject30|rest|Subject30_1.edf|140.000|144.000,Subject30,rest,0,Subject30_1.edf,140.0,144.0,182.0,False,4.0,2.0,4s_windows_50pct_overlap,unused,3667,False,False,False
Subject30|rest|Subject30_1.edf|142.000|146.000,Subject30,rest,0,Subject30_1.edf,142.0,146.0,182.0,False,4.0,2.0,4s_windows_50pct_overlap,unused,3668,False,False,False
Subject30|rest|Subject30_1.edf|144.000|148.000,Subject30,rest,0,Subject30_1.edf,144.0,148.0,182.0,False,4.0,2.0,4s_windows_50pct_overlap,unused,3669,False,False,False
Subject30|rest|Subject30_1.edf|146.000|150.000,Subject30,rest,0,Subject30_1.edf,146.0,150.0,182.0,False,4.0,2.0,4s_windows_50pct_overlap,unused,3670,False,False,False
Subject30|rest|Subject30_1.edf|148.000|152.000,Subject30,rest,0,Subject30_1.edf,148.0,152.0,182.0,False,4.0,2.0,4s_windows_50pct_overlap,unused,3671,False,False,False
Subject30|rest|Subject30_1.edf|150.000|154.000,Subject30,rest,0,Subject30_1.edf,150.0,154.0,182.0,False,4.0,2.0,4s_windows_50pct_overlap,unused,3672,False,False,False
Subject30|rest|Subject30_1.edf|152.000|156.000,Subject30,rest,0,Subject30_1.edf,152.0,156.0,182.0,False,4.0,2.0,4s_windows_50pct_overlap,unused,3673,False,False,False
Subject30|rest|Subject30_1.edf|154.000|158.000,Subject30,rest,0,Subject30_1.edf,154.0,158.0,182.0,False,4.0,2.0,4s_windows_50pct_overlap,unused,3674,False,False,False
Subject30|rest|Subject30_1.edf|156.000|160.000,Subject30,rest,0,Subject30_1.edf,156.0,160.0,182.0,False,4.0,2.0,4s_windows_50pct_overlap,unused,3675,False,False,False
Subject30|rest|Subject30_1.edf|158.000|162.000,Subject30,rest,0,Subject30_1.edf,158.0,162.0,182.0,False,4.0,2.0,4s_windows_50pct_overlap,unused,3676,False,False,False
Subject30|rest|Subject30_1.edf|160.000|164.000,Subject30,rest,0,Subject30_1.edf,160.0,164.0,182.0,False,4.0,2.0,4s_windows_50pct_overlap,unused,3677,False,False,False
Subject30|rest|Subject30_1.edf|162.000|166.000,Subject30,rest,0,Subject30_1.edf,162.0,166.0,182.0,False,4.0,2.0,4s_windows_50pct_overlap,unused,3678,False,False,False
Subject30|rest|Subject30_1.edf|164.000|168.000,Subject30,rest,0,Subject30_1.edf,164.0,168.0,182.0,False,4.0,2.0,4s_windows_50pct_overlap,unused,3679,False,False,False
Subject30|rest|Subject30_1.edf|166.000|170.000,Subject30,rest,0,Subject30_1.edf,166.0,170.0,182.0,False,4.0,2.0,4s_windows_50pct_overlap,unused,3680,False,False,False
Subject30|rest|Subject30_1.edf|168.000|172.000,Subject30,rest,0,Subject30_1.edf,168.0,172.0,182.0,False,4.0,2.0,4s_windows_50pct_overlap,unused,3681,False,False,False
Subject30|rest|Subject30_1.edf|170.000|174.000,Subject30,rest,0,Subject30_1.edf,170.0,174.0,182.0,False,4.0,2.0,4s_windows_50pct_overlap,unused,3682,False,False,False
Subject30|rest|Subject30_1.edf|172.000|176.000,Subject30,rest,0,Subject30_1.edf,172.0,176.0,182.0,False,4.0,2.0,4s_windows_50pct_overlap,unused,3683,False,False,False
Subject30|rest|Subject30_1.edf|174.000|178.000,Subject30,rest,0,Subject30_1.edf,174.0,178.0,182.0,False,4.0,2.0,4s_windows_50pct_overlap,unused,3684,False,False,False
Subject30|rest|Subject30_1.edf|176.000|180.000,Subject30,rest,0,Subject30_1.edf,176.0,180.0,182.0,False,4.0,2.0,4s_windows_50pct_overlap,unused,3685,False,False,False
Subject30|rest|Subject30_1.edf|178.000|182.000,Subject30,rest,0,Subject30_1.edf,178.0,182.0,182.0,False,4.0,2.0,4s_windows_50pct_overlap,unused,3686,False,False,False
Subject30|arithmetic|Subject30_2.edf|0.000|4.000,Subject30,arithmetic,1,Subject30_2.edf,0.0,4.0,62.0,False,4.0,2.0,4s_windows_50pct_overlap,scored_task,3687,False,True,False
Subject30|arithmetic|Subject30_2.edf|2.000|6.000,Subject30,arithmetic,1,Subject30_2.edf,2.0,6.0,62.0,False,4.0,2.0,4s_windows_50pct_overlap,scored_task,3688,False,True,False
Subject30|arithmetic|Subject30_2.edf|4.000|8.000,Subject30,arithmetic,1,Subject30_2.edf,4.0,8.0,62.0,False,4.0,2.0,4s_windows_50pct_overlap,scored_task,3689,False,True,False
Subject30|arithmetic|Subject30_2.edf|6.000|10.000,Subject30,arithmetic,1,Subject30_2.edf,6.0,10.0,62.0,False,4.0,2.0,4s_windows_50pct_overlap,scored_task,3690,False,True,False
Subject30|arithmetic|Subject30_2.edf|8.000|12.000,Subject30,arithmetic,1,Subject30_2.edf,8.0,12.0,62.0,False,4.0,2.0,4s_windows_50pct_overlap,scored_task,3691,False,True,False
Subject30|arithmetic|Subject30_2.edf|10.000|14.000,Subject30,arithmetic,1,Subject30_2.edf,10.0,14.0,62.0,False,4.0,2.0,4s_windows_50pct_overlap,scored_task,3692,False,True,False
Subject30|arithmetic|Subject30_2.edf|12.000|16.000,Subject30,arithmetic,1,Subject30_2.edf,12.0,16.0,62.0,False,4.0,2.0,4s_windows_50pct_overlap,scored_task,3693,False,True,False
Subject30|arithmetic|Subject30_2.edf|14.000|18.000,Subject30,arithmetic,1,Subject30_2.edf,14.0,18.0,62.0,False,4.0,2.0,4s_windows_50pct_overlap,scored_task,3694,False,True,False
Subject30|arithmetic|Subject30_2.edf|16.000|20.000,Subject30,arithmetic,1,Subject30_2.edf,16.0,20.0,62.0,False,4.0,2.0,4s_windows_50pct_overlap,scored_task,3695,False,True,False
Subject30|arithmetic|Subject30_2.edf|18.000|22.000,Subject30,arithmetic,1,Subject30_2.edf,18.0,22.0,62.0,False,4.0,2.0,4s_windows_50pct_overlap,scored_task,3696,False,True,False
Subject30|arithmetic|Subject30_2.edf|20.000|24.000,Subject30,arithmetic,1,Subject30_2.edf,20.0,24.0,62.0,False,4.0,2.0,4s_windows_50pct_overlap,scored_task,3697,False,True,False
Subject30|arithmetic|Subject30_2.edf|22.000|26.000,Subject30,arithmetic,1,Subject30_2.edf,22.0,26.0,62.0,False,4.0,2.0,4s_windows_50pct_overlap,scored_task,3698,False,True,False
Subject30|arithmetic|Subject30_2.edf|24.000|28.000,Subject30,arithmetic,1,Subject30_2.edf,24.0,28.0,62.0,False,4.0,2.0,4s_windows_50pct_overlap,scored_task,3699,False,True,False
Subject30|arithmetic|Subject30_2.edf|26.000|30.000,Subject30,arithmetic,1,Subject30_2.edf,26.0,30.0,62.0,False,4.0,2.0,4s_windows_50pct_overlap,scored_task,3700,False,True,False
Subject30|arithmetic|Subject30_2.edf|28.000|32.000,Subject30,arithmetic,1,Subject30_2.edf,28.0,32.0,62.0,False,4.0,2.0,4s_windows_50pct_overlap,unused,3701,False,False,False
Subject30|arithmetic|Subject30_2.edf|30.000|34.000,Subject30,arithmetic,1,Subject30_2.edf,30.0,34.0,62.0,False,4.0,2.0,4s_windows_50pct_overlap,unused,3702,False,False,False
Subject30|arithmetic|Subject30_2.edf|32.000|36.000,Subject30,arithmetic,1,Subject30_2.edf,32.0,36.0,62.0,False,4.0,2.0,4s_windows_50pct_overlap,unused,3703,False,False,False
Subject30|arithmetic|Subject30_2.edf|34.000|38.000,Subject30,arithmetic,1,Subject30_2.edf,34.0,38.0,62.0,False,4.0,2.0,4s_windows_50pct_overlap,unused,3704,False,False,False
Subject30|arithmetic|Subject30_2.edf|36.000|40.000,Subject30,arithmetic,1,Subject30_2.edf,36.0,40.0,62.0,False,4.0,2.0,4s_windows_50pct_overlap,unused,3705,False,False,False
Subject30|arithmetic|Subject30_2.edf|38.000|42.000,Subject30,arithmetic,1,Subject30_2.edf,38.0,42.0,62.0,False,4.0,2.0,4s_windows_50pct_overlap,unused,3706,False,False,False
Subject30|arithmetic|Subject30_2.edf|40.000|44.000,Subject30,arithmetic,1,Subject30_2.edf,40.0,44.0,62.0,False,4.0,2.0,4s_windows_50pct_overlap,unused,3707,False,False,False
Subject30|arithmetic|Subject30_2.edf|42.000|46.000,Subject30,arithmetic,1,Subject30_2.edf,42.0,46.0,62.0,False,4.0,2.0,4s_windows_50pct_overlap,unused,3708,False,False,False
Subject30|arithmetic|Subject30_2.edf|44.000|48.000,Subject30,arithmetic,1,Subject30_2.edf,44.0,48.0,62.0,False,4.0,2.0,4s_windows_50pct_overlap,unused,3709,False,False,False
Subject30|arithmetic|Subject30_2.edf|46.000|50.000,Subject30,arithmetic,1,Subject30_2.edf,46.0,50.0,62.0,False,4.0,2.0,4s_windows_50pct_overlap,unused,3710,False,False,False
Subject30|arithmetic|Subject30_2.edf|48.000|52.000,Subject30,arithmetic,1,Subject30_2.edf,48.0,52.0,62.0,False,4.0,2.0,4s_windows_50pct_overlap,unused,3711,False,False,False
Subject30|arithmetic|Subject30_2.edf|50.000|54.000,Subject30,arithmetic,1,Subject30_2.edf,50.0,54.0,62.0,False,4.0,2.0,4s_windows_50pct_overlap,unused,3712,False,False,False
Subject30|arithmetic|Subject30_2.edf|52.000|56.000,Subject30,arithmetic,1,Subject30_2.edf,52.0,56.0,62.0,False,4.0,2.0,4s_windows_50pct_overlap,unused,3713,False,False,False
Subject30|arithmetic|Subject30_2.edf|54.000|58.000,Subject30,arithmetic,1,Subject30_2.edf,54.0,58.0,62.0,False,4.0,2.0,4s_windows_50pct_overlap,unused,3714,False,False,False
Subject30|arithmetic|Subject30_2.edf|56.000|60.000,Subject30,arithmetic,1,Subject30_2.edf,56.0,60.0,62.0,False,4.0,2.0,4s_windows_50pct_overlap,unused,3715,False,False,False
Subject30|arithmetic|Subject30_2.edf|58.000|62.000,Subject30,arithmetic,1,Subject30_2.edf,58.0,62.0,62.0,False,4.0,2.0,4s_windows_50pct_overlap,unused,3716,False,False,False
Subject31|rest|Subject31_1.edf|0.000|4.000,Subject31,rest,0,Subject31_1.edf,0.0,4.0,80.0,False,4.0,2.0,4s_windows_50pct_overlap,calibration,3717,True,False,False
Subject31|rest|Subject31_1.edf|2.000|6.000,Subject31,rest,0,Subject31_1.edf,2.0,6.0,80.0,False,4.0,2.0,4s_windows_50pct_overlap,calibration,3718,True,False,False
Subject31|rest|Subject31_1.edf|4.000|8.000,Subject31,rest,0,Subject31_1.edf,4.0,8.0,80.0,False,4.0,2.0,4s_windows_50pct_overlap,calibration,3719,True,False,False
Subject31|rest|Subject31_1.edf|6.000|10.000,Subject31,rest,0,Subject31_1.edf,6.0,10.0,80.0,False,4.0,2.0,4s_windows_50pct_overlap,calibration,3720,True,False,False
Subject31|rest|Subject31_1.edf|8.000|12.000,Subject31,rest,0,Subject31_1.edf,8.0,12.0,80.0,False,4.0,2.0,4s_windows_50pct_overlap,calibration,3721,True,False,False
Subject31|rest|Subject31_1.edf|10.000|14.000,Subject31,rest,0,Subject31_1.edf,10.0,14.0,80.0,False,4.0,2.0,4s_windows_50pct_overlap,calibration,3722,True,False,False
Subject31|rest|Subject31_1.edf|12.000|16.000,Subject31,rest,0,Subject31_1.edf,12.0,16.0,80.0,False,4.0,2.0,4s_windows_50pct_overlap,calibration,3723,True,False,False
Subject31|rest|Subject31_1.edf|14.000|18.000,Subject31,rest,0,Subject31_1.edf,14.0,18.0,80.0,False,4.0,2.0,4s_windows_50pct_overlap,calibration,3724,True,False,False
Subject31|rest|Subject31_1.edf|16.000|20.000,Subject31,rest,0,Subject31_1.edf,16.0,20.0,80.0,False,4.0,2.0,4s_windows_50pct_overlap,calibration,3725,True,False,False
Subject31|rest|Subject31_1.edf|18.000|22.000,Subject31,rest,0,Subject31_1.edf,18.0,22.0,80.0,False,4.0,2.0,4s_windows_50pct_overlap,calibration,3726,True,False,False
Subject31|rest|Subject31_1.edf|20.000|24.000,Subject31,rest,0,Subject31_1.edf,20.0,24.0,80.0,False,4.0,2.0,4s_windows_50pct_overlap,calibration,3727,True,False,False
Subject31|rest|Subject31_1.edf|22.000|26.000,Subject31,rest,0,Subject31_1.edf,22.0,26.0,80.0,False,4.0,2.0,4s_windows_50pct_overlap,calibration,3728,True,False,False
Subject31|rest|Subject31_1.edf|24.000|28.000,Subject31,rest,0,Subject31_1.edf,24.0,28.0,80.0,False,4.0,2.0,4s_windows_50pct_overlap,calibration,3729,True,False,False
Subject31|rest|Subject31_1.edf|26.000|30.000,Subject31,rest,0,Subject31_1.edf,26.0,30.0,80.0,False,4.0,2.0,4s_windows_50pct_overlap,calibration,3730,True,False,False
Subject31|rest|Subject31_1.edf|28.000|32.000,Subject31,rest,0,Subject31_1.edf,28.0,32.0,80.0,False,4.0,2.0,4s_windows_50pct_overlap,unused,3731,False,False,False
Subject31|rest|Subject31_1.edf|30.000|34.000,Subject31,rest,0,Subject31_1.edf,30.0,34.0,80.0,False,4.0,2.0,4s_windows_50pct_overlap,scored_rest,3732,False,True,False
Subject31|rest|Subject31_1.edf|32.000|36.000,Subject31,rest,0,Subject31_1.edf,32.0,36.0,80.0,False,4.0,2.0,4s_windows_50pct_overlap,scored_rest,3733,False,True,False
Subject31|rest|Subject31_1.edf|34.000|38.000,Subject31,rest,0,Subject31_1.edf,34.0,38.0,80.0,False,4.0,2.0,4s_windows_50pct_overlap,scored_rest,3734,False,True,False
Subject31|rest|Subject31_1.edf|36.000|40.000,Subject31,rest,0,Subject31_1.edf,36.0,40.0,80.0,False,4.0,2.0,4s_windows_50pct_overlap,scored_rest,3735,False,True,False
Subject31|rest|Subject31_1.edf|38.000|42.000,Subject31,rest,0,Subject31_1.edf,38.0,42.0,80.0,False,4.0,2.0,4s_windows_50pct_overlap,scored_rest,3736,False,True,False
Subject31|rest|Subject31_1.edf|40.000|44.000,Subject31,rest,0,Subject31_1.edf,40.0,44.0,80.0,False,4.0,2.0,4s_windows_50pct_overlap,scored_rest,3737,False,True,False
Subject31|rest|Subject31_1.edf|42.000|46.000,Subject31,rest,0,Subject31_1.edf,42.0,46.0,80.0,False,4.0,2.0,4s_windows_50pct_overlap,scored_rest,3738,False,True,False
Subject31|rest|Subject31_1.edf|44.000|48.000,Subject31,rest,0,Subject31_1.edf,44.0,48.0,80.0,False,4.0,2.0,4s_windows_50pct_overlap,scored_rest,3739,False,True,False
Subject31|rest|Subject31_1.edf|46.000|50.000,Subject31,rest,0,Subject31_1.edf,46.0,50.0,80.0,False,4.0,2.0,4s_windows_50pct_overlap,scored_rest,3740,False,True,False
Subject31|rest|Subject31_1.edf|48.000|52.000,Subject31,rest,0,Subject31_1.edf,48.0,52.0,80.0,False,4.0,2.0,4s_windows_50pct_overlap,scored_rest,3741,False,True,False
Subject31|rest|Subject31_1.edf|50.000|54.000,Subject31,rest,0,Subject31_1.edf,50.0,54.0,80.0,False,4.0,2.0,4s_windows_50pct_overlap,scored_rest,3742,False,True,False
Subject31|rest|Subject31_1.edf|52.000|56.000,Subject31,rest,0,Subject31_1.edf,52.0,56.0,80.0,False,4.0,2.0,4s_windows_50pct_overlap,scored_rest,3743,False,True,False
Subject31|rest|Subject31_1.edf|54.000|58.000,Subject31,rest,0,Subject31_1.edf,54.0,58.0,80.0,False,4.0,2.0,4s_windows_50pct_overlap,scored_rest,3744,False,True,False
Subject31|rest|Subject31_1.edf|56.000|60.000,Subject31,rest,0,Subject31_1.edf,56.0,60.0,80.0,False,4.0,2.0,4s_windows_50pct_overlap,scored_rest,3745,False,True,False
Subject31|rest|Subject31_1.edf|58.000|62.000,Subject31,rest,0,Subject31_1.edf,58.0,62.0,80.0,False,4.0,2.0,4s_windows_50pct_overlap,unused,3746,False,False,False
Subject31|rest|Subject31_1.edf|60.000|64.000,Subject31,rest,0,Subject31_1.edf,60.0,64.0,80.0,False,4.0,2.0,4s_windows_50pct_overlap,unused,3747,False,False,False
Subject31|rest|Subject31_1.edf|62.000|66.000,Subject31,rest,0,Subject31_1.edf,62.0,66.0,80.0,False,4.0,2.0,4s_windows_50pct_overlap,unused,3748,False,False,False
Subject31|rest|Subject31_1.edf|64.000|68.000,Subject31,rest,0,Subject31_1.edf,64.0,68.0,80.0,False,4.0,2.0,4s_windows_50pct_overlap,unused,3749,False,False,False
Subject31|rest|Subject31_1.edf|66.000|70.000,Subject31,rest,0,Subject31_1.edf,66.0,70.0,80.0,False,4.0,2.0,4s_windows_50pct_overlap,unused,3750,False,False,False
Subject31|rest|Subject31_1.edf|68.000|72.000,Subject31,rest,0,Subject31_1.edf,68.0,72.0,80.0,False,4.0,2.0,4s_windows_50pct_overlap,unused,3751,False,False,False
Subject31|rest|Subject31_1.edf|70.000|74.000,Subject31,rest,0,Subject31_1.edf,70.0,74.0,80.0,False,4.0,2.0,4s_windows_50pct_overlap,unused,3752,False,False,False
Subject31|rest|Subject31_1.edf|72.000|76.000,Subject31,rest,0,Subject31_1.edf,72.0,76.0,80.0,False,4.0,2.0,4s_windows_50pct_overlap,unused,3753,False,False,False
Subject31|rest|Subject31_1.edf|74.000|78.000,Subject31,rest,0,Subject31_1.edf,74.0,78.0,80.0,False,4.0,2.0,4s_windows_50pct_overlap,unused,3754,False,False,False
Subject31|rest|Subject31_1.edf|76.000|80.000,Subject31,rest,0,Subject31_1.edf,76.0,80.0,80.0,False,4.0,2.0,4s_windows_50pct_overlap,unused,3755,False,False,False
Subject31|arithmetic|Subject31_2.edf|0.000|4.000,Subject31,arithmetic,1,Subject31_2.edf,0.0,4.0,62.0,False,4.0,2.0,4s_windows_50pct_overlap,scored_task,3756,False,True,False
Subject31|arithmetic|Subject31_2.edf|2.000|6.000,Subject31,arithmetic,1,Subject31_2.edf,2.0,6.0,62.0,False,4.0,2.0,4s_windows_50pct_overlap,scored_task,3757,False,True,False
Subject31|arithmetic|Subject31_2.edf|4.000|8.000,Subject31,arithmetic,1,Subject31_2.edf,4.0,8.0,62.0,False,4.0,2.0,4s_windows_50pct_overlap,scored_task,3758,False,True,False
Subject31|arithmetic|Subject31_2.edf|6.000|10.000,Subject31,arithmetic,1,Subject31_2.edf,6.0,10.0,62.0,False,4.0,2.0,4s_windows_50pct_overlap,scored_task,3759,False,True,False
Subject31|arithmetic|Subject31_2.edf|8.000|12.000,Subject31,arithmetic,1,Subject31_2.edf,8.0,12.0,62.0,False,4.0,2.0,4s_windows_50pct_overlap,scored_task,3760,False,True,False
Subject31|arithmetic|Subject31_2.edf|10.000|14.000,Subject31,arithmetic,1,Subject31_2.edf,10.0,14.0,62.0,False,4.0,2.0,4s_windows_50pct_overlap,scored_task,3761,False,True,False
Subject31|arithmetic|Subject31_2.edf|12.000|16.000,Subject31,arithmetic,1,Subject31_2.edf,12.0,16.0,62.0,False,4.0,2.0,4s_windows_50pct_overlap,scored_task,3762,False,True,False
Subject31|arithmetic|Subject31_2.edf|14.000|18.000,Subject31,arithmetic,1,Subject31_2.edf,14.0,18.0,62.0,False,4.0,2.0,4s_windows_50pct_overlap,scored_task,3763,False,True,False
Subject31|arithmetic|Subject31_2.edf|16.000|20.000,Subject31,arithmetic,1,Subject31_2.edf,16.0,20.0,62.0,False,4.0,2.0,4s_windows_50pct_overlap,scored_task,3764,False,True,False
Subject31|arithmetic|Subject31_2.edf|18.000|22.000,Subject31,arithmetic,1,Subject31_2.edf,18.0,22.0,62.0,False,4.0,2.0,4s_windows_50pct_overlap,scored_task,3765,False,True,False
Subject31|arithmetic|Subject31_2.edf|20.000|24.000,Subject31,arithmetic,1,Subject31_2.edf,20.0,24.0,62.0,False,4.0,2.0,4s_windows_50pct_overlap,scored_task,3766,False,True,False
Subject31|arithmetic|Subject31_2.edf|22.000|26.000,Subject31,arithmetic,1,Subject31_2.edf,22.0,26.0,62.0,False,4.0,2.0,4s_windows_50pct_overlap,scored_task,3767,False,True,False
Subject31|arithmetic|Subject31_2.edf|24.000|28.000,Subject31,arithmetic,1,Subject31_2.edf,24.0,28.0,62.0,False,4.0,2.0,4s_windows_50pct_overlap,scored_task,3768,False,True,False
Subject31|arithmetic|Subject31_2.edf|26.000|30.000,Subject31,arithmetic,1,Subject31_2.edf,26.0,30.0,62.0,False,4.0,2.0,4s_windows_50pct_overlap,scored_task,3769,False,True,False
Subject31|arithmetic|Subject31_2.edf|28.000|32.000,Subject31,arithmetic,1,Subject31_2.edf,28.0,32.0,62.0,False,4.0,2.0,4s_windows_50pct_overlap,unused,3770,False,False,False
Subject31|arithmetic|Subject31_2.edf|30.000|34.000,Subject31,arithmetic,1,Subject31_2.edf,30.0,34.0,62.0,False,4.0,2.0,4s_windows_50pct_overlap,unused,3771,False,False,False
Subject31|arithmetic|Subject31_2.edf|32.000|36.000,Subject31,arithmetic,1,Subject31_2.edf,32.0,36.0,62.0,False,4.0,2.0,4s_windows_50pct_overlap,unused,3772,False,False,False
Subject31|arithmetic|Subject31_2.edf|34.000|38.000,Subject31,arithmetic,1,Subject31_2.edf,34.0,38.0,62.0,False,4.0,2.0,4s_windows_50pct_overlap,unused,3773,False,False,False
Subject31|arithmetic|Subject31_2.edf|36.000|40.000,Subject31,arithmetic,1,Subject31_2.edf,36.0,40.0,62.0,False,4.0,2.0,4s_windows_50pct_overlap,unused,3774,False,False,False
Subject31|arithmetic|Subject31_2.edf|38.000|42.000,Subject31,arithmetic,1,Subject31_2.edf,38.0,42.0,62.0,False,4.0,2.0,4s_windows_50pct_overlap,unused,3775,False,False,False
Subject31|arithmetic|Subject31_2.edf|40.000|44.000,Subject31,arithmetic,1,Subject31_2.edf,40.0,44.0,62.0,False,4.0,2.0,4s_windows_50pct_overlap,unused,3776,False,False,False
Subject31|arithmetic|Subject31_2.edf|42.000|46.000,Subject31,arithmetic,1,Subject31_2.edf,42.0,46.0,62.0,False,4.0,2.0,4s_windows_50pct_overlap,unused,3777,False,False,False
Subject31|arithmetic|Subject31_2.edf|44.000|48.000,Subject31,arithmetic,1,Subject31_2.edf,44.0,48.0,62.0,False,4.0,2.0,4s_windows_50pct_overlap,unused,3778,False,False,False
Subject31|arithmetic|Subject31_2.edf|46.000|50.000,Subject31,arithmetic,1,Subject31_2.edf,46.0,50.0,62.0,False,4.0,2.0,4s_windows_50pct_overlap,unused,3779,False,False,False
Subject31|arithmetic|Subject31_2.edf|48.000|52.000,Subject31,arithmetic,1,Subject31_2.edf,48.0,52.0,62.0,False,4.0,2.0,4s_windows_50pct_overlap,unused,3780,False,False,False
Subject31|arithmetic|Subject31_2.edf|50.000|54.000,Subject31,arithmetic,1,Subject31_2.edf,50.0,54.0,62.0,False,4.0,2.0,4s_windows_50pct_overlap,unused,3781,False,False,False
Subject31|arithmetic|Subject31_2.edf|52.000|56.000,Subject31,arithmetic,1,Subject31_2.edf,52.0,56.0,62.0,False,4.0,2.0,4s_windows_50pct_overlap,unused,3782,False,False,False
Subject31|arithmetic|Subject31_2.edf|54.000|58.000,Subject31,arithmetic,1,Subject31_2.edf,54.0,58.0,62.0,False,4.0,2.0,4s_windows_50pct_overlap,unused,3783,False,False,False
Subject31|arithmetic|Subject31_2.edf|56.000|60.000,Subject31,arithmetic,1,Subject31_2.edf,56.0,60.0,62.0,False,4.0,2.0,4s_windows_50pct_overlap,unused,3784,False,False,False
Subject31|arithmetic|Subject31_2.edf|58.000|62.000,Subject31,arithmetic,1,Subject31_2.edf,58.0,62.0,62.0,False,4.0,2.0,4s_windows_50pct_overlap,unused,3785,False,False,False
Subject32|rest|Subject32_1.edf|0.000|4.000,Subject32,rest,0,Subject32_1.edf,0.0,4.0,182.0,False,4.0,2.0,4s_windows_50pct_overlap,calibration,3786,True,False,False
Subject32|rest|Subject32_1.edf|2.000|6.000,Subject32,rest,0,Subject32_1.edf,2.0,6.0,182.0,False,4.0,2.0,4s_windows_50pct_overlap,calibration,3787,True,False,False
Subject32|rest|Subject32_1.edf|4.000|8.000,Subject32,rest,0,Subject32_1.edf,4.0,8.0,182.0,False,4.0,2.0,4s_windows_50pct_overlap,calibration,3788,True,False,False
Subject32|rest|Subject32_1.edf|6.000|10.000,Subject32,rest,0,Subject32_1.edf,6.0,10.0,182.0,False,4.0,2.0,4s_windows_50pct_overlap,calibration,3789,True,False,False
Subject32|rest|Subject32_1.edf|8.000|12.000,Subject32,rest,0,Subject32_1.edf,8.0,12.0,182.0,False,4.0,2.0,4s_windows_50pct_overlap,calibration,3790,True,False,False
Subject32|rest|Subject32_1.edf|10.000|14.000,Subject32,rest,0,Subject32_1.edf,10.0,14.0,182.0,False,4.0,2.0,4s_windows_50pct_overlap,calibration,3791,True,False,False
Subject32|rest|Subject32_1.edf|12.000|16.000,Subject32,rest,0,Subject32_1.edf,12.0,16.0,182.0,False,4.0,2.0,4s_windows_50pct_overlap,calibration,3792,True,False,False
Subject32|rest|Subject32_1.edf|14.000|18.000,Subject32,rest,0,Subject32_1.edf,14.0,18.0,182.0,False,4.0,2.0,4s_windows_50pct_overlap,calibration,3793,True,False,False
Subject32|rest|Subject32_1.edf|16.000|20.000,Subject32,rest,0,Subject32_1.edf,16.0,20.0,182.0,False,4.0,2.0,4s_windows_50pct_overlap,calibration,3794,True,False,False
Subject32|rest|Subject32_1.edf|18.000|22.000,Subject32,rest,0,Subject32_1.edf,18.0,22.0,182.0,False,4.0,2.0,4s_windows_50pct_overlap,calibration,3795,True,False,False
Subject32|rest|Subject32_1.edf|20.000|24.000,Subject32,rest,0,Subject32_1.edf,20.0,24.0,182.0,False,4.0,2.0,4s_windows_50pct_overlap,calibration,3796,True,False,False
Subject32|rest|Subject32_1.edf|22.000|26.000,Subject32,rest,0,Subject32_1.edf,22.0,26.0,182.0,False,4.0,2.0,4s_windows_50pct_overlap,calibration,3797,True,False,False
Subject32|rest|Subject32_1.edf|24.000|28.000,Subject32,rest,0,Subject32_1.edf,24.0,28.0,182.0,False,4.0,2.0,4s_windows_50pct_overlap,calibration,3798,True,False,False
Subject32|rest|Subject32_1.edf|26.000|30.000,Subject32,rest,0,Subject32_1.edf,26.0,30.0,182.0,False,4.0,2.0,4s_windows_50pct_overlap,calibration,3799,True,False,False
Subject32|rest|Subject32_1.edf|28.000|32.000,Subject32,rest,0,Subject32_1.edf,28.0,32.0,182.0,False,4.0,2.0,4s_windows_50pct_overlap,unused,3800,False,False,False
Subject32|rest|Subject32_1.edf|30.000|34.000,Subject32,rest,0,Subject32_1.edf,30.0,34.0,182.0,False,4.0,2.0,4s_windows_50pct_overlap,scored_rest,3801,False,True,False
Subject32|rest|Subject32_1.edf|32.000|36.000,Subject32,rest,0,Subject32_1.edf,32.0,36.0,182.0,False,4.0,2.0,4s_windows_50pct_overlap,scored_rest,3802,False,True,False
Subject32|rest|Subject32_1.edf|34.000|38.000,Subject32,rest,0,Subject32_1.edf,34.0,38.0,182.0,False,4.0,2.0,4s_windows_50pct_overlap,scored_rest,3803,False,True,False
Subject32|rest|Subject32_1.edf|36.000|40.000,Subject32,rest,0,Subject32_1.edf,36.0,40.0,182.0,False,4.0,2.0,4s_windows_50pct_overlap,scored_rest,3804,False,True,False
Subject32|rest|Subject32_1.edf|38.000|42.000,Subject32,rest,0,Subject32_1.edf,38.0,42.0,182.0,False,4.0,2.0,4s_windows_50pct_overlap,scored_rest,3805,False,True,False
Subject32|rest|Subject32_1.edf|40.000|44.000,Subject32,rest,0,Subject32_1.edf,40.0,44.0,182.0,False,4.0,2.0,4s_windows_50pct_overlap,scored_rest,3806,False,True,False
Subject32|rest|Subject32_1.edf|42.000|46.000,Subject32,rest,0,Subject32_1.edf,42.0,46.0,182.0,False,4.0,2.0,4s_windows_50pct_overlap,scored_rest,3807,False,True,False
Subject32|rest|Subject32_1.edf|44.000|48.000,Subject32,rest,0,Subject32_1.edf,44.0,48.0,182.0,False,4.0,2.0,4s_windows_50pct_overlap,scored_rest,3808,False,True,False
Subject32|rest|Subject32_1.edf|46.000|50.000,Subject32,rest,0,Subject32_1.edf,46.0,50.0,182.0,False,4.0,2.0,4s_windows_50pct_overlap,scored_rest,3809,False,True,False
Subject32|rest|Subject32_1.edf|48.000|52.000,Subject32,rest,0,Subject32_1.edf,48.0,52.0,182.0,False,4.0,2.0,4s_windows_50pct_overlap,scored_rest,3810,False,True,False
Subject32|rest|Subject32_1.edf|50.000|54.000,Subject32,rest,0,Subject32_1.edf,50.0,54.0,182.0,False,4.0,2.0,4s_windows_50pct_overlap,scored_rest,3811,False,True,False
Subject32|rest|Subject32_1.edf|52.000|56.000,Subject32,rest,0,Subject32_1.edf,52.0,56.0,182.0,False,4.0,2.0,4s_windows_50pct_overlap,scored_rest,3812,False,True,False
Subject32|rest|Subject32_1.edf|54.000|58.000,Subject32,rest,0,Subject32_1.edf,54.0,58.0,182.0,False,4.0,2.0,4s_windows_50pct_overlap,scored_rest,3813,False,True,False
Subject32|rest|Subject32_1.edf|56.000|60.000,Subject32,rest,0,Subject32_1.edf,56.0,60.0,182.0,False,4.0,2.0,4s_windows_50pct_overlap,scored_rest,3814,False,True,False
Subject32|rest|Subject32_1.edf|58.000|62.000,Subject32,rest,0,Subject32_1.edf,58.0,62.0,182.0,False,4.0,2.0,4s_windows_50pct_overlap,unused,3815,False,False,False
Subject32|rest|Subject32_1.edf|60.000|64.000,Subject32,rest,0,Subject32_1.edf,60.0,64.0,182.0,False,4.0,2.0,4s_windows_50pct_overlap,unused,3816,False,False,False
Subject32|rest|Subject32_1.edf|62.000|66.000,Subject32,rest,0,Subject32_1.edf,62.0,66.0,182.0,False,4.0,2.0,4s_windows_50pct_overlap,unused,3817,False,False,False
Subject32|rest|Subject32_1.edf|64.000|68.000,Subject32,rest,0,Subject32_1.edf,64.0,68.0,182.0,False,4.0,2.0,4s_windows_50pct_overlap,unused,3818,False,False,False
Subject32|rest|Subject32_1.edf|66.000|70.000,Subject32,rest,0,Subject32_1.edf,66.0,70.0,182.0,False,4.0,2.0,4s_windows_50pct_overlap,unused,3819,False,False,False
Subject32|rest|Subject32_1.edf|68.000|72.000,Subject32,rest,0,Subject32_1.edf,68.0,72.0,182.0,False,4.0,2.0,4s_windows_50pct_overlap,unused,3820,False,False,False
Subject32|rest|Subject32_1.edf|70.000|74.000,Subject32,rest,0,Subject32_1.edf,70.0,74.0,182.0,False,4.0,2.0,4s_windows_50pct_overlap,unused,3821,False,False,False
Subject32|rest|Subject32_1.edf|72.000|76.000,Subject32,rest,0,Subject32_1.edf,72.0,76.0,182.0,False,4.0,2.0,4s_windows_50pct_overlap,unused,3822,False,False,False
Subject32|rest|Subject32_1.edf|74.000|78.000,Subject32,rest,0,Subject32_1.edf,74.0,78.0,182.0,False,4.0,2.0,4s_windows_50pct_overlap,unused,3823,False,False,False
Subject32|rest|Subject32_1.edf|76.000|80.000,Subject32,rest,0,Subject32_1.edf,76.0,80.0,182.0,False,4.0,2.0,4s_windows_50pct_overlap,unused,3824,False,False,False
Subject32|rest|Subject32_1.edf|78.000|82.000,Subject32,rest,0,Subject32_1.edf,78.0,82.0,182.0,False,4.0,2.0,4s_windows_50pct_overlap,unused,3825,False,False,False
Subject32|rest|Subject32_1.edf|80.000|84.000,Subject32,rest,0,Subject32_1.edf,80.0,84.0,182.0,False,4.0,2.0,4s_windows_50pct_overlap,unused,3826,False,False,False
Subject32|rest|Subject32_1.edf|82.000|86.000,Subject32,rest,0,Subject32_1.edf,82.0,86.0,182.0,False,4.0,2.0,4s_windows_50pct_overlap,unused,3827,False,False,False
Subject32|rest|Subject32_1.edf|84.000|88.000,Subject32,rest,0,Subject32_1.edf,84.0,88.0,182.0,False,4.0,2.0,4s_windows_50pct_overlap,unused,3828,False,False,False
Subject32|rest|Subject32_1.edf|86.000|90.000,Subject32,rest,0,Subject32_1.edf,86.0,90.0,182.0,False,4.0,2.0,4s_windows_50pct_overlap,unused,3829,False,False,False
Subject32|rest|Subject32_1.edf|88.000|92.000,Subject32,rest,0,Subject32_1.edf,88.0,92.0,182.0,False,4.0,2.0,4s_windows_50pct_overlap,unused,3830,False,False,False
Subject32|rest|Subject32_1.edf|90.000|94.000,Subject32,rest,0,Subject32_1.edf,90.0,94.0,182.0,False,4.0,2.0,4s_windows_50pct_overlap,unused,3831,False,False,False
Subject32|rest|Subject32_1.edf|92.000|96.000,Subject32,rest,0,Subject32_1.edf,92.0,96.0,182.0,False,4.0,2.0,4s_windows_50pct_overlap,unused,3832,False,False,False
Subject32|rest|Subject32_1.edf|94.000|98.000,Subject32,rest,0,Subject32_1.edf,94.0,98.0,182.0,False,4.0,2.0,4s_windows_50pct_overlap,unused,3833,False,False,False
Subject32|rest|Subject32_1.edf|96.000|100.000,Subject32,rest,0,Subject32_1.edf,96.0,100.0,182.0,False,4.0,2.0,4s_windows_50pct_overlap,unused,3834,False,False,False
Subject32|rest|Subject32_1.edf|98.000|102.000,Subject32,rest,0,Subject32_1.edf,98.0,102.0,182.0,False,4.0,2.0,4s_windows_50pct_overlap,unused,3835,False,False,False
Subject32|rest|Subject32_1.edf|100.000|104.000,Subject32,rest,0,Subject32_1.edf,100.0,104.0,182.0,False,4.0,2.0,4s_windows_50pct_overlap,unused,3836,False,False,False
Subject32|rest|Subject32_1.edf|102.000|106.000,Subject32,rest,0,Subject32_1.edf,102.0,106.0,182.0,False,4.0,2.0,4s_windows_50pct_overlap,unused,3837,False,False,False
Subject32|rest|Subject32_1.edf|104.000|108.000,Subject32,rest,0,Subject32_1.edf,104.0,108.0,182.0,False,4.0,2.0,4s_windows_50pct_overlap,unused,3838,False,False,False
Subject32|rest|Subject32_1.edf|106.000|110.000,Subject32,rest,0,Subject32_1.edf,106.0,110.0,182.0,False,4.0,2.0,4s_windows_50pct_overlap,unused,3839,False,False,False
Subject32|rest|Subject32_1.edf|108.000|112.000,Subject32,rest,0,Subject32_1.edf,108.0,112.0,182.0,False,4.0,2.0,4s_windows_50pct_overlap,unused,3840,False,False,False
Subject32|rest|Subject32_1.edf|110.000|114.000,Subject32,rest,0,Subject32_1.edf,110.0,114.0,182.0,False,4.0,2.0,4s_windows_50pct_overlap,unused,3841,False,False,False
Subject32|rest|Subject32_1.edf|112.000|116.000,Subject32,rest,0,Subject32_1.edf,112.0,116.0,182.0,False,4.0,2.0,4s_windows_50pct_overlap,unused,3842,False,False,False
Subject32|rest|Subject32_1.edf|114.000|118.000,Subject32,rest,0,Subject32_1.edf,114.0,118.0,182.0,False,4.0,2.0,4s_windows_50pct_overlap,unused,3843,False,False,False
Subject32|rest|Subject32_1.edf|116.000|120.000,Subject32,rest,0,Subject32_1.edf,116.0,120.0,182.0,False,4.0,2.0,4s_windows_50pct_overlap,unused,3844,False,False,False
Subject32|rest|Subject32_1.edf|118.000|122.000,Subject32,rest,0,Subject32_1.edf,118.0,122.0,182.0,False,4.0,2.0,4s_windows_50pct_overlap,unused,3845,False,False,False
Subject32|rest|Subject32_1.edf|120.000|124.000,Subject32,rest,0,Subject32_1.edf,120.0,124.0,182.0,False,4.0,2.0,4s_windows_50pct_overlap,unused,3846,False,False,False
Subject32|rest|Subject32_1.edf|122.000|126.000,Subject32,rest,0,Subject32_1.edf,122.0,126.0,182.0,False,4.0,2.0,4s_windows_50pct_overlap,unused,3847,False,False,False
Subject32|rest|Subject32_1.edf|124.000|128.000,Subject32,rest,0,Subject32_1.edf,124.0,128.0,182.0,False,4.0,2.0,4s_windows_50pct_overlap,unused,3848,False,False,False
Subject32|rest|Subject32_1.edf|126.000|130.000,Subject32,rest,0,Subject32_1.edf,126.0,130.0,182.0,False,4.0,2.0,4s_windows_50pct_overlap,unused,3849,False,False,False
Subject32|rest|Subject32_1.edf|128.000|132.000,Subject32,rest,0,Subject32_1.edf,128.0,132.0,182.0,False,4.0,2.0,4s_windows_50pct_overlap,unused,3850,False,False,False
Subject32|rest|Subject32_1.edf|130.000|134.000,Subject32,rest,0,Subject32_1.edf,130.0,134.0,182.0,False,4.0,2.0,4s_windows_50pct_overlap,unused,3851,False,False,False
Subject32|rest|Subject32_1.edf|132.000|136.000,Subject32,rest,0,Subject32_1.edf,132.0,136.0,182.0,False,4.0,2.0,4s_windows_50pct_overlap,unused,3852,False,False,False
Subject32|rest|Subject32_1.edf|134.000|138.000,Subject32,rest,0,Subject32_1.edf,134.0,138.0,182.0,False,4.0,2.0,4s_windows_50pct_overlap,unused,3853,False,False,False
Subject32|rest|Subject32_1.edf|136.000|140.000,Subject32,rest,0,Subject32_1.edf,136.0,140.0,182.0,False,4.0,2.0,4s_windows_50pct_overlap,unused,3854,False,False,False
Subject32|rest|Subject32_1.edf|138.000|142.000,Subject32,rest,0,Subject32_1.edf,138.0,142.0,182.0,False,4.0,2.0,4s_windows_50pct_overlap,unused,3855,False,False,False
Subject32|rest|Subject32_1.edf|140.000|144.000,Subject32,rest,0,Subject32_1.edf,140.0,144.0,182.0,False,4.0,2.0,4s_windows_50pct_overlap,unused,3856,False,False,False
Subject32|rest|Subject32_1.edf|142.000|146.000,Subject32,rest,0,Subject32_1.edf,142.0,146.0,182.0,False,4.0,2.0,4s_windows_50pct_overlap,unused,3857,False,False,False
Subject32|rest|Subject32_1.edf|144.000|148.000,Subject32,rest,0,Subject32_1.edf,144.0,148.0,182.0,False,4.0,2.0,4s_windows_50pct_overlap,unused,3858,False,False,False
Subject32|rest|Subject32_1.edf|146.000|150.000,Subject32,rest,0,Subject32_1.edf,146.0,150.0,182.0,False,4.0,2.0,4s_windows_50pct_overlap,unused,3859,False,False,False
Subject32|rest|Subject32_1.edf|148.000|152.000,Subject32,rest,0,Subject32_1.edf,148.0,152.0,182.0,False,4.0,2.0,4s_windows_50pct_overlap,unused,3860,False,False,False
Subject32|rest|Subject32_1.edf|150.000|154.000,Subject32,rest,0,Subject32_1.edf,150.0,154.0,182.0,False,4.0,2.0,4s_windows_50pct_overlap,unused,3861,False,False,False
Subject32|rest|Subject32_1.edf|152.000|156.000,Subject32,rest,0,Subject32_1.edf,152.0,156.0,182.0,False,4.0,2.0,4s_windows_50pct_overlap,unused,3862,False,False,False
Subject32|rest|Subject32_1.edf|154.000|158.000,Subject32,rest,0,Subject32_1.edf,154.0,158.0,182.0,False,4.0,2.0,4s_windows_50pct_overlap,unused,3863,False,False,False
Subject32|rest|Subject32_1.edf|156.000|160.000,Subject32,rest,0,Subject32_1.edf,156.0,160.0,182.0,False,4.0,2.0,4s_windows_50pct_overlap,unused,3864,False,False,False
Subject32|rest|Subject32_1.edf|158.000|162.000,Subject32,rest,0,Subject32_1.edf,158.0,162.0,182.0,False,4.0,2.0,4s_windows_50pct_overlap,unused,3865,False,False,False
Subject32|rest|Subject32_1.edf|160.000|164.000,Subject32,rest,0,Subject32_1.edf,160.0,164.0,182.0,False,4.0,2.0,4s_windows_50pct_overlap,unused,3866,False,False,False
Subject32|rest|Subject32_1.edf|162.000|166.000,Subject32,rest,0,Subject32_1.edf,162.0,166.0,182.0,False,4.0,2.0,4s_windows_50pct_overlap,unused,3867,False,False,False
Subject32|rest|Subject32_1.edf|164.000|168.000,Subject32,rest,0,Subject32_1.edf,164.0,168.0,182.0,False,4.0,2.0,4s_windows_50pct_overlap,unused,3868,False,False,False
Subject32|rest|Subject32_1.edf|166.000|170.000,Subject32,rest,0,Subject32_1.edf,166.0,170.0,182.0,False,4.0,2.0,4s_windows_50pct_overlap,unused,3869,False,False,False
Subject32|rest|Subject32_1.edf|168.000|172.000,Subject32,rest,0,Subject32_1.edf,168.0,172.0,182.0,False,4.0,2.0,4s_windows_50pct_overlap,unused,3870,False,False,False
Subject32|rest|Subject32_1.edf|170.000|174.000,Subject32,rest,0,Subject32_1.edf,170.0,174.0,182.0,False,4.0,2.0,4s_windows_50pct_overlap,unused,3871,False,False,False
Subject32|rest|Subject32_1.edf|172.000|176.000,Subject32,rest,0,Subject32_1.edf,172.0,176.0,182.0,False,4.0,2.0,4s_windows_50pct_overlap,unused,3872,False,False,False
Subject32|rest|Subject32_1.edf|174.000|178.000,Subject32,rest,0,Subject32_1.edf,174.0,178.0,182.0,False,4.0,2.0,4s_windows_50pct_overlap,unused,3873,False,False,False
Subject32|rest|Subject32_1.edf|176.000|180.000,Subject32,rest,0,Subject32_1.edf,176.0,180.0,182.0,False,4.0,2.0,4s_windows_50pct_overlap,unused,3874,False,False,False
Subject32|rest|Subject32_1.edf|178.000|182.000,Subject32,rest,0,Subject32_1.edf,178.0,182.0,182.0,False,4.0,2.0,4s_windows_50pct_overlap,unused,3875,False,False,False
Subject32|arithmetic|Subject32_2.edf|0.000|4.000,Subject32,arithmetic,1,Subject32_2.edf,0.0,4.0,62.0,False,4.0,2.0,4s_windows_50pct_overlap,scored_task,3876,False,True,False
Subject32|arithmetic|Subject32_2.edf|2.000|6.000,Subject32,arithmetic,1,Subject32_2.edf,2.0,6.0,62.0,False,4.0,2.0,4s_windows_50pct_overlap,scored_task,3877,False,True,False
Subject32|arithmetic|Subject32_2.edf|4.000|8.000,Subject32,arithmetic,1,Subject32_2.edf,4.0,8.0,62.0,False,4.0,2.0,4s_windows_50pct_overlap,scored_task,3878,False,True,False
Subject32|arithmetic|Subject32_2.edf|6.000|10.000,Subject32,arithmetic,1,Subject32_2.edf,6.0,10.0,62.0,False,4.0,2.0,4s_windows_50pct_overlap,scored_task,3879,False,True,False
Subject32|arithmetic|Subject32_2.edf|8.000|12.000,Subject32,arithmetic,1,Subject32_2.edf,8.0,12.0,62.0,False,4.0,2.0,4s_windows_50pct_overlap,scored_task,3880,False,True,False
Subject32|arithmetic|Subject32_2.edf|10.000|14.000,Subject32,arithmetic,1,Subject32_2.edf,10.0,14.0,62.0,False,4.0,2.0,4s_windows_50pct_overlap,scored_task,3881,False,True,False
Subject32|arithmetic|Subject32_2.edf|12.000|16.000,Subject32,arithmetic,1,Subject32_2.edf,12.0,16.0,62.0,False,4.0,2.0,4s_windows_50pct_overlap,scored_task,3882,False,True,False
Subject32|arithmetic|Subject32_2.edf|14.000|18.000,Subject32,arithmetic,1,Subject32_2.edf,14.0,18.0,62.0,False,4.0,2.0,4s_windows_50pct_overlap,scored_task,3883,False,True,False
Subject32|arithmetic|Subject32_2.edf|16.000|20.000,Subject32,arithmetic,1,Subject32_2.edf,16.0,20.0,62.0,False,4.0,2.0,4s_windows_50pct_overlap,scored_task,3884,False,True,False
Subject32|arithmetic|Subject32_2.edf|18.000|22.000,Subject32,arithmetic,1,Subject32_2.edf,18.0,22.0,62.0,False,4.0,2.0,4s_windows_50pct_overlap,scored_task,3885,False,True,False
Subject32|arithmetic|Subject32_2.edf|20.000|24.000,Subject32,arithmetic,1,Subject32_2.edf,20.0,24.0,62.0,False,4.0,2.0,4s_windows_50pct_overlap,scored_task,3886,False,True,False
Subject32|arithmetic|Subject32_2.edf|22.000|26.000,Subject32,arithmetic,1,Subject32_2.edf,22.0,26.0,62.0,False,4.0,2.0,4s_windows_50pct_overlap,scored_task,3887,False,True,False
Subject32|arithmetic|Subject32_2.edf|24.000|28.000,Subject32,arithmetic,1,Subject32_2.edf,24.0,28.0,62.0,False,4.0,2.0,4s_windows_50pct_overlap,scored_task,3888,False,True,False
Subject32|arithmetic|Subject32_2.edf|26.000|30.000,Subject32,arithmetic,1,Subject32_2.edf,26.0,30.0,62.0,False,4.0,2.0,4s_windows_50pct_overlap,scored_task,3889,False,True,False
Subject32|arithmetic|Subject32_2.edf|28.000|32.000,Subject32,arithmetic,1,Subject32_2.edf,28.0,32.0,62.0,False,4.0,2.0,4s_windows_50pct_overlap,unused,3890,False,False,False
Subject32|arithmetic|Subject32_2.edf|30.000|34.000,Subject32,arithmetic,1,Subject32_2.edf,30.0,34.0,62.0,False,4.0,2.0,4s_windows_50pct_overlap,unused,3891,False,False,False
Subject32|arithmetic|Subject32_2.edf|32.000|36.000,Subject32,arithmetic,1,Subject32_2.edf,32.0,36.0,62.0,False,4.0,2.0,4s_windows_50pct_overlap,unused,3892,False,False,False
Subject32|arithmetic|Subject32_2.edf|34.000|38.000,Subject32,arithmetic,1,Subject32_2.edf,34.0,38.0,62.0,False,4.0,2.0,4s_windows_50pct_overlap,unused,3893,False,False,False
Subject32|arithmetic|Subject32_2.edf|36.000|40.000,Subject32,arithmetic,1,Subject32_2.edf,36.0,40.0,62.0,False,4.0,2.0,4s_windows_50pct_overlap,unused,3894,False,False,False
Subject32|arithmetic|Subject32_2.edf|38.000|42.000,Subject32,arithmetic,1,Subject32_2.edf,38.0,42.0,62.0,False,4.0,2.0,4s_windows_50pct_overlap,unused,3895,False,False,False
Subject32|arithmetic|Subject32_2.edf|40.000|44.000,Subject32,arithmetic,1,Subject32_2.edf,40.0,44.0,62.0,False,4.0,2.0,4s_windows_50pct_overlap,unused,3896,False,False,False
Subject32|arithmetic|Subject32_2.edf|42.000|46.000,Subject32,arithmetic,1,Subject32_2.edf,42.0,46.0,62.0,False,4.0,2.0,4s_windows_50pct_overlap,unused,3897,False,False,False
Subject32|arithmetic|Subject32_2.edf|44.000|48.000,Subject32,arithmetic,1,Subject32_2.edf,44.0,48.0,62.0,False,4.0,2.0,4s_windows_50pct_overlap,unused,3898,False,False,False
Subject32|arithmetic|Subject32_2.edf|46.000|50.000,Subject32,arithmetic,1,Subject32_2.edf,46.0,50.0,62.0,False,4.0,2.0,4s_windows_50pct_overlap,unused,3899,False,False,False
Subject32|arithmetic|Subject32_2.edf|48.000|52.000,Subject32,arithmetic,1,Subject32_2.edf,48.0,52.0,62.0,False,4.0,2.0,4s_windows_50pct_overlap,unused,3900,False,False,False
Subject32|arithmetic|Subject32_2.edf|50.000|54.000,Subject32,arithmetic,1,Subject32_2.edf,50.0,54.0,62.0,False,4.0,2.0,4s_windows_50pct_overlap,unused,3901,False,False,False
Subject32|arithmetic|Subject32_2.edf|52.000|56.000,Subject32,arithmetic,1,Subject32_2.edf,52.0,56.0,62.0,False,4.0,2.0,4s_windows_50pct_overlap,unused,3902,False,False,False
Subject32|arithmetic|Subject32_2.edf|54.000|58.000,Subject32,arithmetic,1,Subject32_2.edf,54.0,58.0,62.0,False,4.0,2.0,4s_windows_50pct_overlap,unused,3903,False,False,False
Subject32|arithmetic|Subject32_2.edf|56.000|60.000,Subject32,arithmetic,1,Subject32_2.edf,56.0,60.0,62.0,False,4.0,2.0,4s_windows_50pct_overlap,unused,3904,False,False,False
Subject32|arithmetic|Subject32_2.edf|58.000|62.000,Subject32,arithmetic,1,Subject32_2.edf,58.0,62.0,62.0,False,4.0,2.0,4s_windows_50pct_overlap,unused,3905,False,False,False
Subject33|rest|Subject33_1.edf|0.000|4.000,Subject33,rest,0,Subject33_1.edf,0.0,4.0,182.0,False,4.0,2.0,4s_windows_50pct_overlap,calibration,3906,True,False,False
Subject33|rest|Subject33_1.edf|2.000|6.000,Subject33,rest,0,Subject33_1.edf,2.0,6.0,182.0,False,4.0,2.0,4s_windows_50pct_overlap,calibration,3907,True,False,False
Subject33|rest|Subject33_1.edf|4.000|8.000,Subject33,rest,0,Subject33_1.edf,4.0,8.0,182.0,False,4.0,2.0,4s_windows_50pct_overlap,calibration,3908,True,False,False
Subject33|rest|Subject33_1.edf|6.000|10.000,Subject33,rest,0,Subject33_1.edf,6.0,10.0,182.0,False,4.0,2.0,4s_windows_50pct_overlap,calibration,3909,True,False,False
Subject33|rest|Subject33_1.edf|8.000|12.000,Subject33,rest,0,Subject33_1.edf,8.0,12.0,182.0,False,4.0,2.0,4s_windows_50pct_overlap,calibration,3910,True,False,False
Subject33|rest|Subject33_1.edf|10.000|14.000,Subject33,rest,0,Subject33_1.edf,10.0,14.0,182.0,False,4.0,2.0,4s_windows_50pct_overlap,calibration,3911,True,False,False
Subject33|rest|Subject33_1.edf|12.000|16.000,Subject33,rest,0,Subject33_1.edf,12.0,16.0,182.0,False,4.0,2.0,4s_windows_50pct_overlap,calibration,3912,True,False,False
Subject33|rest|Subject33_1.edf|14.000|18.000,Subject33,rest,0,Subject33_1.edf,14.0,18.0,182.0,False,4.0,2.0,4s_windows_50pct_overlap,calibration,3913,True,False,False
Subject33|rest|Subject33_1.edf|16.000|20.000,Subject33,rest,0,Subject33_1.edf,16.0,20.0,182.0,False,4.0,2.0,4s_windows_50pct_overlap,calibration,3914,True,False,False
Subject33|rest|Subject33_1.edf|18.000|22.000,Subject33,rest,0,Subject33_1.edf,18.0,22.0,182.0,False,4.0,2.0,4s_windows_50pct_overlap,calibration,3915,True,False,False
Subject33|rest|Subject33_1.edf|20.000|24.000,Subject33,rest,0,Subject33_1.edf,20.0,24.0,182.0,False,4.0,2.0,4s_windows_50pct_overlap,calibration,3916,True,False,False
Subject33|rest|Subject33_1.edf|22.000|26.000,Subject33,rest,0,Subject33_1.edf,22.0,26.0,182.0,False,4.0,2.0,4s_windows_50pct_overlap,calibration,3917,True,False,False
Subject33|rest|Subject33_1.edf|24.000|28.000,Subject33,rest,0,Subject33_1.edf,24.0,28.0,182.0,False,4.0,2.0,4s_windows_50pct_overlap,calibration,3918,True,False,False
Subject33|rest|Subject33_1.edf|26.000|30.000,Subject33,rest,0,Subject33_1.edf,26.0,30.0,182.0,False,4.0,2.0,4s_windows_50pct_overlap,calibration,3919,True,False,False
Subject33|rest|Subject33_1.edf|28.000|32.000,Subject33,rest,0,Subject33_1.edf,28.0,32.0,182.0,False,4.0,2.0,4s_windows_50pct_overlap,unused,3920,False,False,False
Subject33|rest|Subject33_1.edf|30.000|34.000,Subject33,rest,0,Subject33_1.edf,30.0,34.0,182.0,False,4.0,2.0,4s_windows_50pct_overlap,scored_rest,3921,False,True,False
Subject33|rest|Subject33_1.edf|32.000|36.000,Subject33,rest,0,Subject33_1.edf,32.0,36.0,182.0,False,4.0,2.0,4s_windows_50pct_overlap,scored_rest,3922,False,True,False
Subject33|rest|Subject33_1.edf|34.000|38.000,Subject33,rest,0,Subject33_1.edf,34.0,38.0,182.0,False,4.0,2.0,4s_windows_50pct_overlap,scored_rest,3923,False,True,False
Subject33|rest|Subject33_1.edf|36.000|40.000,Subject33,rest,0,Subject33_1.edf,36.0,40.0,182.0,False,4.0,2.0,4s_windows_50pct_overlap,scored_rest,3924,False,True,False
Subject33|rest|Subject33_1.edf|38.000|42.000,Subject33,rest,0,Subject33_1.edf,38.0,42.0,182.0,False,4.0,2.0,4s_windows_50pct_overlap,scored_rest,3925,False,True,False
Subject33|rest|Subject33_1.edf|40.000|44.000,Subject33,rest,0,Subject33_1.edf,40.0,44.0,182.0,False,4.0,2.0,4s_windows_50pct_overlap,scored_rest,3926,False,True,False
Subject33|rest|Subject33_1.edf|42.000|46.000,Subject33,rest,0,Subject33_1.edf,42.0,46.0,182.0,False,4.0,2.0,4s_windows_50pct_overlap,scored_rest,3927,False,True,False
Subject33|rest|Subject33_1.edf|44.000|48.000,Subject33,rest,0,Subject33_1.edf,44.0,48.0,182.0,False,4.0,2.0,4s_windows_50pct_overlap,scored_rest,3928,False,True,False
Subject33|rest|Subject33_1.edf|46.000|50.000,Subject33,rest,0,Subject33_1.edf,46.0,50.0,182.0,False,4.0,2.0,4s_windows_50pct_overlap,scored_rest,3929,False,True,False
Subject33|rest|Subject33_1.edf|48.000|52.000,Subject33,rest,0,Subject33_1.edf,48.0,52.0,182.0,False,4.0,2.0,4s_windows_50pct_overlap,scored_rest,3930,False,True,False
Subject33|rest|Subject33_1.edf|50.000|54.000,Subject33,rest,0,Subject33_1.edf,50.0,54.0,182.0,False,4.0,2.0,4s_windows_50pct_overlap,scored_rest,3931,False,True,False
Subject33|rest|Subject33_1.edf|52.000|56.000,Subject33,rest,0,Subject33_1.edf,52.0,56.0,182.0,False,4.0,2.0,4s_windows_50pct_overlap,scored_rest,3932,False,True,False
Subject33|rest|Subject33_1.edf|54.000|58.000,Subject33,rest,0,Subject33_1.edf,54.0,58.0,182.0,False,4.0,2.0,4s_windows_50pct_overlap,scored_rest,3933,False,True,False
Subject33|rest|Subject33_1.edf|56.000|60.000,Subject33,rest,0,Subject33_1.edf,56.0,60.0,182.0,False,4.0,2.0,4s_windows_50pct_overlap,scored_rest,3934,False,True,False
Subject33|rest|Subject33_1.edf|58.000|62.000,Subject33,rest,0,Subject33_1.edf,58.0,62.0,182.0,False,4.0,2.0,4s_windows_50pct_overlap,unused,3935,False,False,False
Subject33|rest|Subject33_1.edf|60.000|64.000,Subject33,rest,0,Subject33_1.edf,60.0,64.0,182.0,False,4.0,2.0,4s_windows_50pct_overlap,unused,3936,False,False,False
Subject33|rest|Subject33_1.edf|62.000|66.000,Subject33,rest,0,Subject33_1.edf,62.0,66.0,182.0,False,4.0,2.0,4s_windows_50pct_overlap,unused,3937,False,False,False
Subject33|rest|Subject33_1.edf|64.000|68.000,Subject33,rest,0,Subject33_1.edf,64.0,68.0,182.0,False,4.0,2.0,4s_windows_50pct_overlap,unused,3938,False,False,False
Subject33|rest|Subject33_1.edf|66.000|70.000,Subject33,rest,0,Subject33_1.edf,66.0,70.0,182.0,False,4.0,2.0,4s_windows_50pct_overlap,unused,3939,False,False,False
Subject33|rest|Subject33_1.edf|68.000|72.000,Subject33,rest,0,Subject33_1.edf,68.0,72.0,182.0,False,4.0,2.0,4s_windows_50pct_overlap,unused,3940,False,False,False
Subject33|rest|Subject33_1.edf|70.000|74.000,Subject33,rest,0,Subject33_1.edf,70.0,74.0,182.0,False,4.0,2.0,4s_windows_50pct_overlap,unused,3941,False,False,False
Subject33|rest|Subject33_1.edf|72.000|76.000,Subject33,rest,0,Subject33_1.edf,72.0,76.0,182.0,False,4.0,2.0,4s_windows_50pct_overlap,unused,3942,False,False,False
Subject33|rest|Subject33_1.edf|74.000|78.000,Subject33,rest,0,Subject33_1.edf,74.0,78.0,182.0,False,4.0,2.0,4s_windows_50pct_overlap,unused,3943,False,False,False
Subject33|rest|Subject33_1.edf|76.000|80.000,Subject33,rest,0,Subject33_1.edf,76.0,80.0,182.0,False,4.0,2.0,4s_windows_50pct_overlap,unused,3944,False,False,False
Subject33|rest|Subject33_1.edf|78.000|82.000,Subject33,rest,0,Subject33_1.edf,78.0,82.0,182.0,False,4.0,2.0,4s_windows_50pct_overlap,unused,3945,False,False,False
Subject33|rest|Subject33_1.edf|80.000|84.000,Subject33,rest,0,Subject33_1.edf,80.0,84.0,182.0,False,4.0,2.0,4s_windows_50pct_overlap,unused,3946,False,False,False
Subject33|rest|Subject33_1.edf|82.000|86.000,Subject33,rest,0,Subject33_1.edf,82.0,86.0,182.0,False,4.0,2.0,4s_windows_50pct_overlap,unused,3947,False,False,False
Subject33|rest|Subject33_1.edf|84.000|88.000,Subject33,rest,0,Subject33_1.edf,84.0,88.0,182.0,False,4.0,2.0,4s_windows_50pct_overlap,unused,3948,False,False,False
Subject33|rest|Subject33_1.edf|86.000|90.000,Subject33,rest,0,Subject33_1.edf,86.0,90.0,182.0,False,4.0,2.0,4s_windows_50pct_overlap,unused,3949,False,False,False
Subject33|rest|Subject33_1.edf|88.000|92.000,Subject33,rest,0,Subject33_1.edf,88.0,92.0,182.0,False,4.0,2.0,4s_windows_50pct_overlap,unused,3950,False,False,False
Subject33|rest|Subject33_1.edf|90.000|94.000,Subject33,rest,0,Subject33_1.edf,90.0,94.0,182.0,False,4.0,2.0,4s_windows_50pct_overlap,unused,3951,False,False,False
Subject33|rest|Subject33_1.edf|92.000|96.000,Subject33,rest,0,Subject33_1.edf,92.0,96.0,182.0,False,4.0,2.0,4s_windows_50pct_overlap,unused,3952,False,False,False
Subject33|rest|Subject33_1.edf|94.000|98.000,Subject33,rest,0,Subject33_1.edf,94.0,98.0,182.0,False,4.0,2.0,4s_windows_50pct_overlap,unused,3953,False,False,False
Subject33|rest|Subject33_1.edf|96.000|100.000,Subject33,rest,0,Subject33_1.edf,96.0,100.0,182.0,False,4.0,2.0,4s_windows_50pct_overlap,unused,3954,False,False,False
Subject33|rest|Subject33_1.edf|98.000|102.000,Subject33,rest,0,Subject33_1.edf,98.0,102.0,182.0,False,4.0,2.0,4s_windows_50pct_overlap,unused,3955,False,False,False
Subject33|rest|Subject33_1.edf|100.000|104.000,Subject33,rest,0,Subject33_1.edf,100.0,104.0,182.0,False,4.0,2.0,4s_windows_50pct_overlap,unused,3956,False,False,False
Subject33|rest|Subject33_1.edf|102.000|106.000,Subject33,rest,0,Subject33_1.edf,102.0,106.0,182.0,False,4.0,2.0,4s_windows_50pct_overlap,unused,3957,False,False,False
Subject33|rest|Subject33_1.edf|104.000|108.000,Subject33,rest,0,Subject33_1.edf,104.0,108.0,182.0,False,4.0,2.0,4s_windows_50pct_overlap,unused,3958,False,False,False
Subject33|rest|Subject33_1.edf|106.000|110.000,Subject33,rest,0,Subject33_1.edf,106.0,110.0,182.0,False,4.0,2.0,4s_windows_50pct_overlap,unused,3959,False,False,False
Subject33|rest|Subject33_1.edf|108.000|112.000,Subject33,rest,0,Subject33_1.edf,108.0,112.0,182.0,False,4.0,2.0,4s_windows_50pct_overlap,unused,3960,False,False,False
Subject33|rest|Subject33_1.edf|110.000|114.000,Subject33,rest,0,Subject33_1.edf,110.0,114.0,182.0,False,4.0,2.0,4s_windows_50pct_overlap,unused,3961,False,False,False
Subject33|rest|Subject33_1.edf|112.000|116.000,Subject33,rest,0,Subject33_1.edf,112.0,116.0,182.0,False,4.0,2.0,4s_windows_50pct_overlap,unused,3962,False,False,False
Subject33|rest|Subject33_1.edf|114.000|118.000,Subject33,rest,0,Subject33_1.edf,114.0,118.0,182.0,False,4.0,2.0,4s_windows_50pct_overlap,unused,3963,False,False,False
Subject33|rest|Subject33_1.edf|116.000|120.000,Subject33,rest,0,Subject33_1.edf,116.0,120.0,182.0,False,4.0,2.0,4s_windows_50pct_overlap,unused,3964,False,False,False
Subject33|rest|Subject33_1.edf|118.000|122.000,Subject33,rest,0,Subject33_1.edf,118.0,122.0,182.0,False,4.0,2.0,4s_windows_50pct_overlap,unused,3965,False,False,False
Subject33|rest|Subject33_1.edf|120.000|124.000,Subject33,rest,0,Subject33_1.edf,120.0,124.0,182.0,False,4.0,2.0,4s_windows_50pct_overlap,unused,3966,False,False,False
Subject33|rest|Subject33_1.edf|122.000|126.000,Subject33,rest,0,Subject33_1.edf,122.0,126.0,182.0,False,4.0,2.0,4s_windows_50pct_overlap,unused,3967,False,False,False
Subject33|rest|Subject33_1.edf|124.000|128.000,Subject33,rest,0,Subject33_1.edf,124.0,128.0,182.0,False,4.0,2.0,4s_windows_50pct_overlap,unused,3968,False,False,False
Subject33|rest|Subject33_1.edf|126.000|130.000,Subject33,rest,0,Subject33_1.edf,126.0,130.0,182.0,False,4.0,2.0,4s_windows_50pct_overlap,unused,3969,False,False,False
Subject33|rest|Subject33_1.edf|128.000|132.000,Subject33,rest,0,Subject33_1.edf,128.0,132.0,182.0,False,4.0,2.0,4s_windows_50pct_overlap,unused,3970,False,False,False
Subject33|rest|Subject33_1.edf|130.000|134.000,Subject33,rest,0,Subject33_1.edf,130.0,134.0,182.0,False,4.0,2.0,4s_windows_50pct_overlap,unused,3971,False,False,False
Subject33|rest|Subject33_1.edf|132.000|136.000,Subject33,rest,0,Subject33_1.edf,132.0,136.0,182.0,False,4.0,2.0,4s_windows_50pct_overlap,unused,3972,False,False,False
Subject33|rest|Subject33_1.edf|134.000|138.000,Subject33,rest,0,Subject33_1.edf,134.0,138.0,182.0,False,4.0,2.0,4s_windows_50pct_overlap,unused,3973,False,False,False
Subject33|rest|Subject33_1.edf|136.000|140.000,Subject33,rest,0,Subject33_1.edf,136.0,140.0,182.0,False,4.0,2.0,4s_windows_50pct_overlap,unused,3974,False,False,False
Subject33|rest|Subject33_1.edf|138.000|142.000,Subject33,rest,0,Subject33_1.edf,138.0,142.0,182.0,False,4.0,2.0,4s_windows_50pct_overlap,unused,3975,False,False,False
Subject33|rest|Subject33_1.edf|140.000|144.000,Subject33,rest,0,Subject33_1.edf,140.0,144.0,182.0,False,4.0,2.0,4s_windows_50pct_overlap,unused,3976,False,False,False
Subject33|rest|Subject33_1.edf|142.000|146.000,Subject33,rest,0,Subject33_1.edf,142.0,146.0,182.0,False,4.0,2.0,4s_windows_50pct_overlap,unused,3977,False,False,False
Subject33|rest|Subject33_1.edf|144.000|148.000,Subject33,rest,0,Subject33_1.edf,144.0,148.0,182.0,False,4.0,2.0,4s_windows_50pct_overlap,unused,3978,False,False,False
Subject33|rest|Subject33_1.edf|146.000|150.000,Subject33,rest,0,Subject33_1.edf,146.0,150.0,182.0,False,4.0,2.0,4s_windows_50pct_overlap,unused,3979,False,False,False
Subject33|rest|Subject33_1.edf|148.000|152.000,Subject33,rest,0,Subject33_1.edf,148.0,152.0,182.0,False,4.0,2.0,4s_windows_50pct_overlap,unused,3980,False,False,False
Subject33|rest|Subject33_1.edf|150.000|154.000,Subject33,rest,0,Subject33_1.edf,150.0,154.0,182.0,False,4.0,2.0,4s_windows_50pct_overlap,unused,3981,False,False,False
Subject33|rest|Subject33_1.edf|152.000|156.000,Subject33,rest,0,Subject33_1.edf,152.0,156.0,182.0,False,4.0,2.0,4s_windows_50pct_overlap,unused,3982,False,False,False
Subject33|rest|Subject33_1.edf|154.000|158.000,Subject33,rest,0,Subject33_1.edf,154.0,158.0,182.0,False,4.0,2.0,4s_windows_50pct_overlap,unused,3983,False,False,False
Subject33|rest|Subject33_1.edf|156.000|160.000,Subject33,rest,0,Subject33_1.edf,156.0,160.0,182.0,False,4.0,2.0,4s_windows_50pct_overlap,unused,3984,False,False,False
Subject33|rest|Subject33_1.edf|158.000|162.000,Subject33,rest,0,Subject33_1.edf,158.0,162.0,182.0,False,4.0,2.0,4s_windows_50pct_overlap,unused,3985,False,False,False
Subject33|rest|Subject33_1.edf|160.000|164.000,Subject33,rest,0,Subject33_1.edf,160.0,164.0,182.0,False,4.0,2.0,4s_windows_50pct_overlap,unused,3986,False,False,False
Subject33|rest|Subject33_1.edf|162.000|166.000,Subject33,rest,0,Subject33_1.edf,162.0,166.0,182.0,False,4.0,2.0,4s_windows_50pct_overlap,unused,3987,False,False,False
Subject33|rest|Subject33_1.edf|164.000|168.000,Subject33,rest,0,Subject33_1.edf,164.0,168.0,182.0,False,4.0,2.0,4s_windows_50pct_overlap,unused,3988,False,False,False
Subject33|rest|Subject33_1.edf|166.000|170.000,Subject33,rest,0,Subject33_1.edf,166.0,170.0,182.0,False,4.0,2.0,4s_windows_50pct_overlap,unused,3989,False,False,False
Subject33|rest|Subject33_1.edf|168.000|172.000,Subject33,rest,0,Subject33_1.edf,168.0,172.0,182.0,False,4.0,2.0,4s_windows_50pct_overlap,unused,3990,False,False,False
Subject33|rest|Subject33_1.edf|170.000|174.000,Subject33,rest,0,Subject33_1.edf,170.0,174.0,182.0,False,4.0,2.0,4s_windows_50pct_overlap,unused,3991,False,False,False
Subject33|rest|Subject33_1.edf|172.000|176.000,Subject33,rest,0,Subject33_1.edf,172.0,176.0,182.0,False,4.0,2.0,4s_windows_50pct_overlap,unused,3992,False,False,False
Subject33|rest|Subject33_1.edf|174.000|178.000,Subject33,rest,0,Subject33_1.edf,174.0,178.0,182.0,False,4.0,2.0,4s_windows_50pct_overlap,unused,3993,False,False,False
Subject33|rest|Subject33_1.edf|176.000|180.000,Subject33,rest,0,Subject33_1.edf,176.0,180.0,182.0,False,4.0,2.0,4s_windows_50pct_overlap,unused,3994,False,False,False
Subject33|rest|Subject33_1.edf|178.000|182.000,Subject33,rest,0,Subject33_1.edf,178.0,182.0,182.0,False,4.0,2.0,4s_windows_50pct_overlap,unused,3995,False,False,False
Subject33|arithmetic|Subject33_2.edf|0.000|4.000,Subject33,arithmetic,1,Subject33_2.edf,0.0,4.0,62.0,False,4.0,2.0,4s_windows_50pct_overlap,scored_task,3996,False,True,False
Subject33|arithmetic|Subject33_2.edf|2.000|6.000,Subject33,arithmetic,1,Subject33_2.edf,2.0,6.0,62.0,False,4.0,2.0,4s_windows_50pct_overlap,scored_task,3997,False,True,False
Subject33|arithmetic|Subject33_2.edf|4.000|8.000,Subject33,arithmetic,1,Subject33_2.edf,4.0,8.0,62.0,False,4.0,2.0,4s_windows_50pct_overlap,scored_task,3998,False,True,False
Subject33|arithmetic|Subject33_2.edf|6.000|10.000,Subject33,arithmetic,1,Subject33_2.edf,6.0,10.0,62.0,False,4.0,2.0,4s_windows_50pct_overlap,scored_task,3999,False,True,False
Subject33|arithmetic|Subject33_2.edf|8.000|12.000,Subject33,arithmetic,1,Subject33_2.edf,8.0,12.0,62.0,False,4.0,2.0,4s_windows_50pct_overlap,scored_task,4000,False,True,False
Subject33|arithmetic|Subject33_2.edf|10.000|14.000,Subject33,arithmetic,1,Subject33_2.edf,10.0,14.0,62.0,False,4.0,2.0,4s_windows_50pct_overlap,scored_task,4001,False,True,False
Subject33|arithmetic|Subject33_2.edf|12.000|16.000,Subject33,arithmetic,1,Subject33_2.edf,12.0,16.0,62.0,False,4.0,2.0,4s_windows_50pct_overlap,scored_task,4002,False,True,False
Subject33|arithmetic|Subject33_2.edf|14.000|18.000,Subject33,arithmetic,1,Subject33_2.edf,14.0,18.0,62.0,False,4.0,2.0,4s_windows_50pct_overlap,scored_task,4003,False,True,False
Subject33|arithmetic|Subject33_2.edf|16.000|20.000,Subject33,arithmetic,1,Subject33_2.edf,16.0,20.0,62.0,False,4.0,2.0,4s_windows_50pct_overlap,scored_task,4004,False,True,False
Subject33|arithmetic|Subject33_2.edf|18.000|22.000,Subject33,arithmetic,1,Subject33_2.edf,18.0,22.0,62.0,False,4.0,2.0,4s_windows_50pct_overlap,scored_task,4005,False,True,False
Subject33|arithmetic|Subject33_2.edf|20.000|24.000,Subject33,arithmetic,1,Subject33_2.edf,20.0,24.0,62.0,False,4.0,2.0,4s_windows_50pct_overlap,scored_task,4006,False,True,False
Subject33|arithmetic|Subject33_2.edf|22.000|26.000,Subject33,arithmetic,1,Subject33_2.edf,22.0,26.0,62.0,False,4.0,2.0,4s_windows_50pct_overlap,scored_task,4007,False,True,False
Subject33|arithmetic|Subject33_2.edf|24.000|28.000,Subject33,arithmetic,1,Subject33_2.edf,24.0,28.0,62.0,False,4.0,2.0,4s_windows_50pct_overlap,scored_task,4008,False,True,False
Subject33|arithmetic|Subject33_2.edf|26.000|30.000,Subject33,arithmetic,1,Subject33_2.edf,26.0,30.0,62.0,False,4.0,2.0,4s_windows_50pct_overlap,scored_task,4009,False,True,False
Subject33|arithmetic|Subject33_2.edf|28.000|32.000,Subject33,arithmetic,1,Subject33_2.edf,28.0,32.0,62.0,False,4.0,2.0,4s_windows_50pct_overlap,unused,4010,False,False,False
Subject33|arithmetic|Subject33_2.edf|30.000|34.000,Subject33,arithmetic,1,Subject33_2.edf,30.0,34.0,62.0,False,4.0,2.0,4s_windows_50pct_overlap,unused,4011,False,False,False
Subject33|arithmetic|Subject33_2.edf|32.000|36.000,Subject33,arithmetic,1,Subject33_2.edf,32.0,36.0,62.0,False,4.0,2.0,4s_windows_50pct_overlap,unused,4012,False,False,False
Subject33|arithmetic|Subject33_2.edf|34.000|38.000,Subject33,arithmetic,1,Subject33_2.edf,34.0,38.0,62.0,False,4.0,2.0,4s_windows_50pct_overlap,unused,4013,False,False,False
Subject33|arithmetic|Subject33_2.edf|36.000|40.000,Subject33,arithmetic,1,Subject33_2.edf,36.0,40.0,62.0,False,4.0,2.0,4s_windows_50pct_overlap,unused,4014,False,False,False
Subject33|arithmetic|Subject33_2.edf|38.000|42.000,Subject33,arithmetic,1,Subject33_2.edf,38.0,42.0,62.0,False,4.0,2.0,4s_windows_50pct_overlap,unused,4015,False,False,False
Subject33|arithmetic|Subject33_2.edf|40.000|44.000,Subject33,arithmetic,1,Subject33_2.edf,40.0,44.0,62.0,False,4.0,2.0,4s_windows_50pct_overlap,unused,4016,False,False,False
Subject33|arithmetic|Subject33_2.edf|42.000|46.000,Subject33,arithmetic,1,Subject33_2.edf,42.0,46.0,62.0,False,4.0,2.0,4s_windows_50pct_overlap,unused,4017,False,False,False
Subject33|arithmetic|Subject33_2.edf|44.000|48.000,Subject33,arithmetic,1,Subject33_2.edf,44.0,48.0,62.0,False,4.0,2.0,4s_windows_50pct_overlap,unused,4018,False,False,False
Subject33|arithmetic|Subject33_2.edf|46.000|50.000,Subject33,arithmetic,1,Subject33_2.edf,46.0,50.0,62.0,False,4.0,2.0,4s_windows_50pct_overlap,unused,4019,False,False,False
Subject33|arithmetic|Subject33_2.edf|48.000|52.000,Subject33,arithmetic,1,Subject33_2.edf,48.0,52.0,62.0,False,4.0,2.0,4s_windows_50pct_overlap,unused,4020,False,False,False
Subject33|arithmetic|Subject33_2.edf|50.000|54.000,Subject33,arithmetic,1,Subject33_2.edf,50.0,54.0,62.0,False,4.0,2.0,4s_windows_50pct_overlap,unused,4021,False,False,False
Subject33|arithmetic|Subject33_2.edf|52.000|56.000,Subject33,arithmetic,1,Subject33_2.edf,52.0,56.0,62.0,False,4.0,2.0,4s_windows_50pct_overlap,unused,4022,False,False,False
Subject33|arithmetic|Subject33_2.edf|54.000|58.000,Subject33,arithmetic,1,Subject33_2.edf,54.0,58.0,62.0,False,4.0,2.0,4s_windows_50pct_overlap,unused,4023,False,False,False
Subject33|arithmetic|Subject33_2.edf|56.000|60.000,Subject33,arithmetic,1,Subject33_2.edf,56.0,60.0,62.0,False,4.0,2.0,4s_windows_50pct_overlap,unused,4024,False,False,False
Subject33|arithmetic|Subject33_2.edf|58.000|62.000,Subject33,arithmetic,1,Subject33_2.edf,58.0,62.0,62.0,False,4.0,2.0,4s_windows_50pct_overlap,unused,4025,False,False,False
Subject34|rest|Subject34_1.edf|0.000|4.000,Subject34,rest,0,Subject34_1.edf,0.0,4.0,182.0,False,4.0,2.0,4s_windows_50pct_overlap,calibration,4026,True,False,False
Subject34|rest|Subject34_1.edf|2.000|6.000,Subject34,rest,0,Subject34_1.edf,2.0,6.0,182.0,False,4.0,2.0,4s_windows_50pct_overlap,calibration,4027,True,False,False
Subject34|rest|Subject34_1.edf|4.000|8.000,Subject34,rest,0,Subject34_1.edf,4.0,8.0,182.0,False,4.0,2.0,4s_windows_50pct_overlap,calibration,4028,True,False,False
Subject34|rest|Subject34_1.edf|6.000|10.000,Subject34,rest,0,Subject34_1.edf,6.0,10.0,182.0,False,4.0,2.0,4s_windows_50pct_overlap,calibration,4029,True,False,False
Subject34|rest|Subject34_1.edf|8.000|12.000,Subject34,rest,0,Subject34_1.edf,8.0,12.0,182.0,False,4.0,2.0,4s_windows_50pct_overlap,calibration,4030,True,False,False
Subject34|rest|Subject34_1.edf|10.000|14.000,Subject34,rest,0,Subject34_1.edf,10.0,14.0,182.0,False,4.0,2.0,4s_windows_50pct_overlap,calibration,4031,True,False,False
Subject34|rest|Subject34_1.edf|12.000|16.000,Subject34,rest,0,Subject34_1.edf,12.0,16.0,182.0,False,4.0,2.0,4s_windows_50pct_overlap,calibration,4032,True,False,False
Subject34|rest|Subject34_1.edf|14.000|18.000,Subject34,rest,0,Subject34_1.edf,14.0,18.0,182.0,False,4.0,2.0,4s_windows_50pct_overlap,calibration,4033,True,False,False
Subject34|rest|Subject34_1.edf|16.000|20.000,Subject34,rest,0,Subject34_1.edf,16.0,20.0,182.0,False,4.0,2.0,4s_windows_50pct_overlap,calibration,4034,True,False,False
Subject34|rest|Subject34_1.edf|18.000|22.000,Subject34,rest,0,Subject34_1.edf,18.0,22.0,182.0,False,4.0,2.0,4s_windows_50pct_overlap,calibration,4035,True,False,False
Subject34|rest|Subject34_1.edf|20.000|24.000,Subject34,rest,0,Subject34_1.edf,20.0,24.0,182.0,False,4.0,2.0,4s_windows_50pct_overlap,calibration,4036,True,False,False
Subject34|rest|Subject34_1.edf|22.000|26.000,Subject34,rest,0,Subject34_1.edf,22.0,26.0,182.0,False,4.0,2.0,4s_windows_50pct_overlap,calibration,4037,True,False,False
Subject34|rest|Subject34_1.edf|24.000|28.000,Subject34,rest,0,Subject34_1.edf,24.0,28.0,182.0,False,4.0,2.0,4s_windows_50pct_overlap,calibration,4038,True,False,False
Subject34|rest|Subject34_1.edf|26.000|30.000,Subject34,rest,0,Subject34_1.edf,26.0,30.0,182.0,False,4.0,2.0,4s_windows_50pct_overlap,calibration,4039,True,False,False
Subject34|rest|Subject34_1.edf|28.000|32.000,Subject34,rest,0,Subject34_1.edf,28.0,32.0,182.0,False,4.0,2.0,4s_windows_50pct_overlap,unused,4040,False,False,False
Subject34|rest|Subject34_1.edf|30.000|34.000,Subject34,rest,0,Subject34_1.edf,30.0,34.0,182.0,False,4.0,2.0,4s_windows_50pct_overlap,scored_rest,4041,False,True,False
Subject34|rest|Subject34_1.edf|32.000|36.000,Subject34,rest,0,Subject34_1.edf,32.0,36.0,182.0,False,4.0,2.0,4s_windows_50pct_overlap,scored_rest,4042,False,True,False
Subject34|rest|Subject34_1.edf|34.000|38.000,Subject34,rest,0,Subject34_1.edf,34.0,38.0,182.0,False,4.0,2.0,4s_windows_50pct_overlap,scored_rest,4043,False,True,False
Subject34|rest|Subject34_1.edf|36.000|40.000,Subject34,rest,0,Subject34_1.edf,36.0,40.0,182.0,False,4.0,2.0,4s_windows_50pct_overlap,scored_rest,4044,False,True,False
Subject34|rest|Subject34_1.edf|38.000|42.000,Subject34,rest,0,Subject34_1.edf,38.0,42.0,182.0,False,4.0,2.0,4s_windows_50pct_overlap,scored_rest,4045,False,True,False
Subject34|rest|Subject34_1.edf|40.000|44.000,Subject34,rest,0,Subject34_1.edf,40.0,44.0,182.0,False,4.0,2.0,4s_windows_50pct_overlap,scored_rest,4046,False,True,False
Subject34|rest|Subject34_1.edf|42.000|46.000,Subject34,rest,0,Subject34_1.edf,42.0,46.0,182.0,False,4.0,2.0,4s_windows_50pct_overlap,scored_rest,4047,False,True,False
Subject34|rest|Subject34_1.edf|44.000|48.000,Subject34,rest,0,Subject34_1.edf,44.0,48.0,182.0,False,4.0,2.0,4s_windows_50pct_overlap,scored_rest,4048,False,True,False
Subject34|rest|Subject34_1.edf|46.000|50.000,Subject34,rest,0,Subject34_1.edf,46.0,50.0,182.0,False,4.0,2.0,4s_windows_50pct_overlap,scored_rest,4049,False,True,False
Subject34|rest|Subject34_1.edf|48.000|52.000,Subject34,rest,0,Subject34_1.edf,48.0,52.0,182.0,False,4.0,2.0,4s_windows_50pct_overlap,scored_rest,4050,False,True,False
Subject34|rest|Subject34_1.edf|50.000|54.000,Subject34,rest,0,Subject34_1.edf,50.0,54.0,182.0,False,4.0,2.0,4s_windows_50pct_overlap,scored_rest,4051,False,True,False
Subject34|rest|Subject34_1.edf|52.000|56.000,Subject34,rest,0,Subject34_1.edf,52.0,56.0,182.0,False,4.0,2.0,4s_windows_50pct_overlap,scored_rest,4052,False,True,False
Subject34|rest|Subject34_1.edf|54.000|58.000,Subject34,rest,0,Subject34_1.edf,54.0,58.0,182.0,False,4.0,2.0,4s_windows_50pct_overlap,scored_rest,4053,False,True,False
Subject34|rest|Subject34_1.edf|56.000|60.000,Subject34,rest,0,Subject34_1.edf,56.0,60.0,182.0,False,4.0,2.0,4s_windows_50pct_overlap,scored_rest,4054,False,True,False
Subject34|rest|Subject34_1.edf|58.000|62.000,Subject34,rest,0,Subject34_1.edf,58.0,62.0,182.0,False,4.0,2.0,4s_windows_50pct_overlap,unused,4055,False,False,False
Subject34|rest|Subject34_1.edf|60.000|64.000,Subject34,rest,0,Subject34_1.edf,60.0,64.0,182.0,False,4.0,2.0,4s_windows_50pct_overlap,unused,4056,False,False,False
Subject34|rest|Subject34_1.edf|62.000|66.000,Subject34,rest,0,Subject34_1.edf,62.0,66.0,182.0,False,4.0,2.0,4s_windows_50pct_overlap,unused,4057,False,False,False
Subject34|rest|Subject34_1.edf|64.000|68.000,Subject34,rest,0,Subject34_1.edf,64.0,68.0,182.0,False,4.0,2.0,4s_windows_50pct_overlap,unused,4058,False,False,False
Subject34|rest|Subject34_1.edf|66.000|70.000,Subject34,rest,0,Subject34_1.edf,66.0,70.0,182.0,False,4.0,2.0,4s_windows_50pct_overlap,unused,4059,False,False,False
Subject34|rest|Subject34_1.edf|68.000|72.000,Subject34,rest,0,Subject34_1.edf,68.0,72.0,182.0,False,4.0,2.0,4s_windows_50pct_overlap,unused,4060,False,False,False
Subject34|rest|Subject34_1.edf|70.000|74.000,Subject34,rest,0,Subject34_1.edf,70.0,74.0,182.0,False,4.0,2.0,4s_windows_50pct_overlap,unused,4061,False,False,False
Subject34|rest|Subject34_1.edf|72.000|76.000,Subject34,rest,0,Subject34_1.edf,72.0,76.0,182.0,False,4.0,2.0,4s_windows_50pct_overlap,unused,4062,False,False,False
Subject34|rest|Subject34_1.edf|74.000|78.000,Subject34,rest,0,Subject34_1.edf,74.0,78.0,182.0,False,4.0,2.0,4s_windows_50pct_overlap,unused,4063,False,False,False
Subject34|rest|Subject34_1.edf|76.000|80.000,Subject34,rest,0,Subject34_1.edf,76.0,80.0,182.0,False,4.0,2.0,4s_windows_50pct_overlap,unused,4064,False,False,False
Subject34|rest|Subject34_1.edf|78.000|82.000,Subject34,rest,0,Subject34_1.edf,78.0,82.0,182.0,False,4.0,2.0,4s_windows_50pct_overlap,unused,4065,False,False,False
Subject34|rest|Subject34_1.edf|80.000|84.000,Subject34,rest,0,Subject34_1.edf,80.0,84.0,182.0,False,4.0,2.0,4s_windows_50pct_overlap,unused,4066,False,False,False
Subject34|rest|Subject34_1.edf|82.000|86.000,Subject34,rest,0,Subject34_1.edf,82.0,86.0,182.0,False,4.0,2.0,4s_windows_50pct_overlap,unused,4067,False,False,False
Subject34|rest|Subject34_1.edf|84.000|88.000,Subject34,rest,0,Subject34_1.edf,84.0,88.0,182.0,False,4.0,2.0,4s_windows_50pct_overlap,unused,4068,False,False,False
Subject34|rest|Subject34_1.edf|86.000|90.000,Subject34,rest,0,Subject34_1.edf,86.0,90.0,182.0,False,4.0,2.0,4s_windows_50pct_overlap,unused,4069,False,False,False
Subject34|rest|Subject34_1.edf|88.000|92.000,Subject34,rest,0,Subject34_1.edf,88.0,92.0,182.0,False,4.0,2.0,4s_windows_50pct_overlap,unused,4070,False,False,False
Subject34|rest|Subject34_1.edf|90.000|94.000,Subject34,rest,0,Subject34_1.edf,90.0,94.0,182.0,False,4.0,2.0,4s_windows_50pct_overlap,unused,4071,False,False,False
Subject34|rest|Subject34_1.edf|92.000|96.000,Subject34,rest,0,Subject34_1.edf,92.0,96.0,182.0,False,4.0,2.0,4s_windows_50pct_overlap,unused,4072,False,False,False
Subject34|rest|Subject34_1.edf|94.000|98.000,Subject34,rest,0,Subject34_1.edf,94.0,98.0,182.0,False,4.0,2.0,4s_windows_50pct_overlap,unused,4073,False,False,False
Subject34|rest|Subject34_1.edf|96.000|100.000,Subject34,rest,0,Subject34_1.edf,96.0,100.0,182.0,False,4.0,2.0,4s_windows_50pct_overlap,unused,4074,False,False,False
Subject34|rest|Subject34_1.edf|98.000|102.000,Subject34,rest,0,Subject34_1.edf,98.0,102.0,182.0,False,4.0,2.0,4s_windows_50pct_overlap,unused,4075,False,False,False
Subject34|rest|Subject34_1.edf|100.000|104.000,Subject34,rest,0,Subject34_1.edf,100.0,104.0,182.0,False,4.0,2.0,4s_windows_50pct_overlap,unused,4076,False,False,False
Subject34|rest|Subject34_1.edf|102.000|106.000,Subject34,rest,0,Subject34_1.edf,102.0,106.0,182.0,False,4.0,2.0,4s_windows_50pct_overlap,unused,4077,False,False,False
Subject34|rest|Subject34_1.edf|104.000|108.000,Subject34,rest,0,Subject34_1.edf,104.0,108.0,182.0,False,4.0,2.0,4s_windows_50pct_overlap,unused,4078,False,False,False
Subject34|rest|Subject34_1.edf|106.000|110.000,Subject34,rest,0,Subject34_1.edf,106.0,110.0,182.0,False,4.0,2.0,4s_windows_50pct_overlap,unused,4079,False,False,False
Subject34|rest|Subject34_1.edf|108.000|112.000,Subject34,rest,0,Subject34_1.edf,108.0,112.0,182.0,False,4.0,2.0,4s_windows_50pct_overlap,unused,4080,False,False,False
Subject34|rest|Subject34_1.edf|110.000|114.000,Subject34,rest,0,Subject34_1.edf,110.0,114.0,182.0,False,4.0,2.0,4s_windows_50pct_overlap,unused,4081,False,False,False
Subject34|rest|Subject34_1.edf|112.000|116.000,Subject34,rest,0,Subject34_1.edf,112.0,116.0,182.0,False,4.0,2.0,4s_windows_50pct_overlap,unused,4082,False,False,False
Subject34|rest|Subject34_1.edf|114.000|118.000,Subject34,rest,0,Subject34_1.edf,114.0,118.0,182.0,False,4.0,2.0,4s_windows_50pct_overlap,unused,4083,False,False,False
Subject34|rest|Subject34_1.edf|116.000|120.000,Subject34,rest,0,Subject34_1.edf,116.0,120.0,182.0,False,4.0,2.0,4s_windows_50pct_overlap,unused,4084,False,False,False
Subject34|rest|Subject34_1.edf|118.000|122.000,Subject34,rest,0,Subject34_1.edf,118.0,122.0,182.0,False,4.0,2.0,4s_windows_50pct_overlap,unused,4085,False,False,False
Subject34|rest|Subject34_1.edf|120.000|124.000,Subject34,rest,0,Subject34_1.edf,120.0,124.0,182.0,False,4.0,2.0,4s_windows_50pct_overlap,unused,4086,False,False,False
Subject34|rest|Subject34_1.edf|122.000|126.000,Subject34,rest,0,Subject34_1.edf,122.0,126.0,182.0,False,4.0,2.0,4s_windows_50pct_overlap,unused,4087,False,False,False
Subject34|rest|Subject34_1.edf|124.000|128.000,Subject34,rest,0,Subject34_1.edf,124.0,128.0,182.0,False,4.0,2.0,4s_windows_50pct_overlap,unused,4088,False,False,False
Subject34|rest|Subject34_1.edf|126.000|130.000,Subject34,rest,0,Subject34_1.edf,126.0,130.0,182.0,False,4.0,2.0,4s_windows_50pct_overlap,unused,4089,False,False,False
Subject34|rest|Subject34_1.edf|128.000|132.000,Subject34,rest,0,Subject34_1.edf,128.0,132.0,182.0,False,4.0,2.0,4s_windows_50pct_overlap,unused,4090,False,False,False
Subject34|rest|Subject34_1.edf|130.000|134.000,Subject34,rest,0,Subject34_1.edf,130.0,134.0,182.0,False,4.0,2.0,4s_windows_50pct_overlap,unused,4091,False,False,False
Subject34|rest|Subject34_1.edf|132.000|136.000,Subject34,rest,0,Subject34_1.edf,132.0,136.0,182.0,False,4.0,2.0,4s_windows_50pct_overlap,unused,4092,False,False,False
Subject34|rest|Subject34_1.edf|134.000|138.000,Subject34,rest,0,Subject34_1.edf,134.0,138.0,182.0,False,4.0,2.0,4s_windows_50pct_overlap,unused,4093,False,False,False
Subject34|rest|Subject34_1.edf|136.000|140.000,Subject34,rest,0,Subject34_1.edf,136.0,140.0,182.0,False,4.0,2.0,4s_windows_50pct_overlap,unused,4094,False,False,False
Subject34|rest|Subject34_1.edf|138.000|142.000,Subject34,rest,0,Subject34_1.edf,138.0,142.0,182.0,False,4.0,2.0,4s_windows_50pct_overlap,unused,4095,False,False,False
Subject34|rest|Subject34_1.edf|140.000|144.000,Subject34,rest,0,Subject34_1.edf,140.0,144.0,182.0,False,4.0,2.0,4s_windows_50pct_overlap,unused,4096,False,False,False
Subject34|rest|Subject34_1.edf|142.000|146.000,Subject34,rest,0,Subject34_1.edf,142.0,146.0,182.0,False,4.0,2.0,4s_windows_50pct_overlap,unused,4097,False,False,False
Subject34|rest|Subject34_1.edf|144.000|148.000,Subject34,rest,0,Subject34_1.edf,144.0,148.0,182.0,False,4.0,2.0,4s_windows_50pct_overlap,unused,4098,False,False,False
Subject34|rest|Subject34_1.edf|146.000|150.000,Subject34,rest,0,Subject34_1.edf,146.0,150.0,182.0,False,4.0,2.0,4s_windows_50pct_overlap,unused,4099,False,False,False
Subject34|rest|Subject34_1.edf|148.000|152.000,Subject34,rest,0,Subject34_1.edf,148.0,152.0,182.0,False,4.0,2.0,4s_windows_50pct_overlap,unused,4100,False,False,False
Subject34|rest|Subject34_1.edf|150.000|154.000,Subject34,rest,0,Subject34_1.edf,150.0,154.0,182.0,False,4.0,2.0,4s_windows_50pct_overlap,unused,4101,False,False,False
Subject34|rest|Subject34_1.edf|152.000|156.000,Subject34,rest,0,Subject34_1.edf,152.0,156.0,182.0,False,4.0,2.0,4s_windows_50pct_overlap,unused,4102,False,False,False
Subject34|rest|Subject34_1.edf|154.000|158.000,Subject34,rest,0,Subject34_1.edf,154.0,158.0,182.0,False,4.0,2.0,4s_windows_50pct_overlap,unused,4103,False,False,False
Subject34|rest|Subject34_1.edf|156.000|160.000,Subject34,rest,0,Subject34_1.edf,156.0,160.0,182.0,False,4.0,2.0,4s_windows_50pct_overlap,unused,4104,False,False,False
Subject34|rest|Subject34_1.edf|158.000|162.000,Subject34,rest,0,Subject34_1.edf,158.0,162.0,182.0,False,4.0,2.0,4s_windows_50pct_overlap,unused,4105,False,False,False
Subject34|rest|Subject34_1.edf|160.000|164.000,Subject34,rest,0,Subject34_1.edf,160.0,164.0,182.0,False,4.0,2.0,4s_windows_50pct_overlap,unused,4106,False,False,False
Subject34|rest|Subject34_1.edf|162.000|166.000,Subject34,rest,0,Subject34_1.edf,162.0,166.0,182.0,False,4.0,2.0,4s_windows_50pct_overlap,unused,4107,False,False,False
Subject34|rest|Subject34_1.edf|164.000|168.000,Subject34,rest,0,Subject34_1.edf,164.0,168.0,182.0,False,4.0,2.0,4s_windows_50pct_overlap,unused,4108,False,False,False
Subject34|rest|Subject34_1.edf|166.000|170.000,Subject34,rest,0,Subject34_1.edf,166.0,170.0,182.0,False,4.0,2.0,4s_windows_50pct_overlap,unused,4109,False,False,False
Subject34|rest|Subject34_1.edf|168.000|172.000,Subject34,rest,0,Subject34_1.edf,168.0,172.0,182.0,False,4.0,2.0,4s_windows_50pct_overlap,unused,4110,False,False,False
Subject34|rest|Subject34_1.edf|170.000|174.000,Subject34,rest,0,Subject34_1.edf,170.0,174.0,182.0,False,4.0,2.0,4s_windows_50pct_overlap,unused,4111,False,False,False
Subject34|rest|Subject34_1.edf|172.000|176.000,Subject34,rest,0,Subject34_1.edf,172.0,176.0,182.0,False,4.0,2.0,4s_windows_50pct_overlap,unused,4112,False,False,False
Subject34|rest|Subject34_1.edf|174.000|178.000,Subject34,rest,0,Subject34_1.edf,174.0,178.0,182.0,False,4.0,2.0,4s_windows_50pct_overlap,unused,4113,False,False,False
Subject34|rest|Subject34_1.edf|176.000|180.000,Subject34,rest,0,Subject34_1.edf,176.0,180.0,182.0,False,4.0,2.0,4s_windows_50pct_overlap,unused,4114,False,False,False
Subject34|rest|Subject34_1.edf|178.000|182.000,Subject34,rest,0,Subject34_1.edf,178.0,182.0,182.0,False,4.0,2.0,4s_windows_50pct_overlap,unused,4115,False,False,False
Subject34|arithmetic|Subject34_2.edf|0.000|4.000,Subject34,arithmetic,1,Subject34_2.edf,0.0,4.0,62.0,False,4.0,2.0,4s_windows_50pct_overlap,scored_task,4116,False,True,False
Subject34|arithmetic|Subject34_2.edf|2.000|6.000,Subject34,arithmetic,1,Subject34_2.edf,2.0,6.0,62.0,False,4.0,2.0,4s_windows_50pct_overlap,scored_task,4117,False,True,False
Subject34|arithmetic|Subject34_2.edf|4.000|8.000,Subject34,arithmetic,1,Subject34_2.edf,4.0,8.0,62.0,False,4.0,2.0,4s_windows_50pct_overlap,scored_task,4118,False,True,False
Subject34|arithmetic|Subject34_2.edf|6.000|10.000,Subject34,arithmetic,1,Subject34_2.edf,6.0,10.0,62.0,False,4.0,2.0,4s_windows_50pct_overlap,scored_task,4119,False,True,False
Subject34|arithmetic|Subject34_2.edf|8.000|12.000,Subject34,arithmetic,1,Subject34_2.edf,8.0,12.0,62.0,False,4.0,2.0,4s_windows_50pct_overlap,scored_task,4120,False,True,False
Subject34|arithmetic|Subject34_2.edf|10.000|14.000,Subject34,arithmetic,1,Subject34_2.edf,10.0,14.0,62.0,False,4.0,2.0,4s_windows_50pct_overlap,scored_task,4121,False,True,False
Subject34|arithmetic|Subject34_2.edf|12.000|16.000,Subject34,arithmetic,1,Subject34_2.edf,12.0,16.0,62.0,False,4.0,2.0,4s_windows_50pct_overlap,scored_task,4122,False,True,False
Subject34|arithmetic|Subject34_2.edf|14.000|18.000,Subject34,arithmetic,1,Subject34_2.edf,14.0,18.0,62.0,False,4.0,2.0,4s_windows_50pct_overlap,scored_task,4123,False,True,False
Subject34|arithmetic|Subject34_2.edf|16.000|20.000,Subject34,arithmetic,1,Subject34_2.edf,16.0,20.0,62.0,False,4.0,2.0,4s_windows_50pct_overlap,scored_task,4124,False,True,False
Subject34|arithmetic|Subject34_2.edf|18.000|22.000,Subject34,arithmetic,1,Subject34_2.edf,18.0,22.0,62.0,False,4.0,2.0,4s_windows_50pct_overlap,scored_task,4125,False,True,False
Subject34|arithmetic|Subject34_2.edf|20.000|24.000,Subject34,arithmetic,1,Subject34_2.edf,20.0,24.0,62.0,False,4.0,2.0,4s_windows_50pct_overlap,scored_task,4126,False,True,False
Subject34|arithmetic|Subject34_2.edf|22.000|26.000,Subject34,arithmetic,1,Subject34_2.edf,22.0,26.0,62.0,False,4.0,2.0,4s_windows_50pct_overlap,scored_task,4127,False,True,False
Subject34|arithmetic|Subject34_2.edf|24.000|28.000,Subject34,arithmetic,1,Subject34_2.edf,24.0,28.0,62.0,False,4.0,2.0,4s_windows_50pct_overlap,scored_task,4128,False,True,False
Subject34|arithmetic|Subject34_2.edf|26.000|30.000,Subject34,arithmetic,1,Subject34_2.edf,26.0,30.0,62.0,False,4.0,2.0,4s_windows_50pct_overlap,scored_task,4129,False,True,False
Subject34|arithmetic|Subject34_2.edf|28.000|32.000,Subject34,arithmetic,1,Subject34_2.edf,28.0,32.0,62.0,False,4.0,2.0,4s_windows_50pct_overlap,unused,4130,False,False,False
Subject34|arithmetic|Subject34_2.edf|30.000|34.000,Subject34,arithmetic,1,Subject34_2.edf,30.0,34.0,62.0,False,4.0,2.0,4s_windows_50pct_overlap,unused,4131,False,False,False
Subject34|arithmetic|Subject34_2.edf|32.000|36.000,Subject34,arithmetic,1,Subject34_2.edf,32.0,36.0,62.0,False,4.0,2.0,4s_windows_50pct_overlap,unused,4132,False,False,False
Subject34|arithmetic|Subject34_2.edf|34.000|38.000,Subject34,arithmetic,1,Subject34_2.edf,34.0,38.0,62.0,False,4.0,2.0,4s_windows_50pct_overlap,unused,4133,False,False,False
Subject34|arithmetic|Subject34_2.edf|36.000|40.000,Subject34,arithmetic,1,Subject34_2.edf,36.0,40.0,62.0,False,4.0,2.0,4s_windows_50pct_overlap,unused,4134,False,False,False
Subject34|arithmetic|Subject34_2.edf|38.000|42.000,Subject34,arithmetic,1,Subject34_2.edf,38.0,42.0,62.0,False,4.0,2.0,4s_windows_50pct_overlap,unused,4135,False,False,False
Subject34|arithmetic|Subject34_2.edf|40.000|44.000,Subject34,arithmetic,1,Subject34_2.edf,40.0,44.0,62.0,False,4.0,2.0,4s_windows_50pct_overlap,unused,4136,False,False,False
Subject34|arithmetic|Subject34_2.edf|42.000|46.000,Subject34,arithmetic,1,Subject34_2.edf,42.0,46.0,62.0,False,4.0,2.0,4s_windows_50pct_overlap,unused,4137,False,False,False
Subject34|arithmetic|Subject34_2.edf|44.000|48.000,Subject34,arithmetic,1,Subject34_2.edf,44.0,48.0,62.0,False,4.0,2.0,4s_windows_50pct_overlap,unused,4138,False,False,False
Subject34|arithmetic|Subject34_2.edf|46.000|50.000,Subject34,arithmetic,1,Subject34_2.edf,46.0,50.0,62.0,False,4.0,2.0,4s_windows_50pct_overlap,unused,4139,False,False,False
Subject34|arithmetic|Subject34_2.edf|48.000|52.000,Subject34,arithmetic,1,Subject34_2.edf,48.0,52.0,62.0,False,4.0,2.0,4s_windows_50pct_overlap,unused,4140,False,False,False
Subject34|arithmetic|Subject34_2.edf|50.000|54.000,Subject34,arithmetic,1,Subject34_2.edf,50.0,54.0,62.0,False,4.0,2.0,4s_windows_50pct_overlap,unused,4141,False,False,False
Subject34|arithmetic|Subject34_2.edf|52.000|56.000,Subject34,arithmetic,1,Subject34_2.edf,52.0,56.0,62.0,False,4.0,2.0,4s_windows_50pct_overlap,unused,4142,False,False,False
Subject34|arithmetic|Subject34_2.edf|54.000|58.000,Subject34,arithmetic,1,Subject34_2.edf,54.0,58.0,62.0,False,4.0,2.0,4s_windows_50pct_overlap,unused,4143,False,False,False
Subject34|arithmetic|Subject34_2.edf|56.000|60.000,Subject34,arithmetic,1,Subject34_2.edf,56.0,60.0,62.0,False,4.0,2.0,4s_windows_50pct_overlap,unused,4144,False,False,False
Subject34|arithmetic|Subject34_2.edf|58.000|62.000,Subject34,arithmetic,1,Subject34_2.edf,58.0,62.0,62.0,False,4.0,2.0,4s_windows_50pct_overlap,unused,4145,False,False,False
Subject35|rest|Subject35_1.edf|0.000|4.000,Subject35,rest,0,Subject35_1.edf,0.0,4.0,182.0,False,4.0,2.0,4s_windows_50pct_overlap,calibration,4146,True,False,False
Subject35|rest|Subject35_1.edf|2.000|6.000,Subject35,rest,0,Subject35_1.edf,2.0,6.0,182.0,False,4.0,2.0,4s_windows_50pct_overlap,calibration,4147,True,False,False
Subject35|rest|Subject35_1.edf|4.000|8.000,Subject35,rest,0,Subject35_1.edf,4.0,8.0,182.0,False,4.0,2.0,4s_windows_50pct_overlap,calibration,4148,True,False,False
Subject35|rest|Subject35_1.edf|6.000|10.000,Subject35,rest,0,Subject35_1.edf,6.0,10.0,182.0,False,4.0,2.0,4s_windows_50pct_overlap,calibration,4149,True,False,False
Subject35|rest|Subject35_1.edf|8.000|12.000,Subject35,rest,0,Subject35_1.edf,8.0,12.0,182.0,False,4.0,2.0,4s_windows_50pct_overlap,calibration,4150,True,False,False
Subject35|rest|Subject35_1.edf|10.000|14.000,Subject35,rest,0,Subject35_1.edf,10.0,14.0,182.0,False,4.0,2.0,4s_windows_50pct_overlap,calibration,4151,True,False,False
Subject35|rest|Subject35_1.edf|12.000|16.000,Subject35,rest,0,Subject35_1.edf,12.0,16.0,182.0,False,4.0,2.0,4s_windows_50pct_overlap,calibration,4152,True,False,False
Subject35|rest|Subject35_1.edf|14.000|18.000,Subject35,rest,0,Subject35_1.edf,14.0,18.0,182.0,False,4.0,2.0,4s_windows_50pct_overlap,calibration,4153,True,False,False
Subject35|rest|Subject35_1.edf|16.000|20.000,Subject35,rest,0,Subject35_1.edf,16.0,20.0,182.0,False,4.0,2.0,4s_windows_50pct_overlap,calibration,4154,True,False,False
Subject35|rest|Subject35_1.edf|18.000|22.000,Subject35,rest,0,Subject35_1.edf,18.0,22.0,182.0,False,4.0,2.0,4s_windows_50pct_overlap,calibration,4155,True,False,False
Subject35|rest|Subject35_1.edf|20.000|24.000,Subject35,rest,0,Subject35_1.edf,20.0,24.0,182.0,False,4.0,2.0,4s_windows_50pct_overlap,calibration,4156,True,False,False
Subject35|rest|Subject35_1.edf|22.000|26.000,Subject35,rest,0,Subject35_1.edf,22.0,26.0,182.0,False,4.0,2.0,4s_windows_50pct_overlap,calibration,4157,True,False,False
Subject35|rest|Subject35_1.edf|24.000|28.000,Subject35,rest,0,Subject35_1.edf,24.0,28.0,182.0,False,4.0,2.0,4s_windows_50pct_overlap,calibration,4158,True,False,False
Subject35|rest|Subject35_1.edf|26.000|30.000,Subject35,rest,0,Subject35_1.edf,26.0,30.0,182.0,False,4.0,2.0,4s_windows_50pct_overlap,calibration,4159,True,False,False
Subject35|rest|Subject35_1.edf|28.000|32.000,Subject35,rest,0,Subject35_1.edf,28.0,32.0,182.0,False,4.0,2.0,4s_windows_50pct_overlap,unused,4160,False,False,False
Subject35|rest|Subject35_1.edf|30.000|34.000,Subject35,rest,0,Subject35_1.edf,30.0,34.0,182.0,False,4.0,2.0,4s_windows_50pct_overlap,scored_rest,4161,False,True,False
Subject35|rest|Subject35_1.edf|32.000|36.000,Subject35,rest,0,Subject35_1.edf,32.0,36.0,182.0,False,4.0,2.0,4s_windows_50pct_overlap,scored_rest,4162,False,True,False
Subject35|rest|Subject35_1.edf|34.000|38.000,Subject35,rest,0,Subject35_1.edf,34.0,38.0,182.0,False,4.0,2.0,4s_windows_50pct_overlap,scored_rest,4163,False,True,False
Subject35|rest|Subject35_1.edf|36.000|40.000,Subject35,rest,0,Subject35_1.edf,36.0,40.0,182.0,False,4.0,2.0,4s_windows_50pct_overlap,scored_rest,4164,False,True,False
Subject35|rest|Subject35_1.edf|38.000|42.000,Subject35,rest,0,Subject35_1.edf,38.0,42.0,182.0,False,4.0,2.0,4s_windows_50pct_overlap,scored_rest,4165,False,True,False
Subject35|rest|Subject35_1.edf|40.000|44.000,Subject35,rest,0,Subject35_1.edf,40.0,44.0,182.0,False,4.0,2.0,4s_windows_50pct_overlap,scored_rest,4166,False,True,False
Subject35|rest|Subject35_1.edf|42.000|46.000,Subject35,rest,0,Subject35_1.edf,42.0,46.0,182.0,False,4.0,2.0,4s_windows_50pct_overlap,scored_rest,4167,False,True,False
Subject35|rest|Subject35_1.edf|44.000|48.000,Subject35,rest,0,Subject35_1.edf,44.0,48.0,182.0,False,4.0,2.0,4s_windows_50pct_overlap,scored_rest,4168,False,True,False
Subject35|rest|Subject35_1.edf|46.000|50.000,Subject35,rest,0,Subject35_1.edf,46.0,50.0,182.0,False,4.0,2.0,4s_windows_50pct_overlap,scored_rest,4169,False,True,False
Subject35|rest|Subject35_1.edf|48.000|52.000,Subject35,rest,0,Subject35_1.edf,48.0,52.0,182.0,False,4.0,2.0,4s_windows_50pct_overlap,scored_rest,4170,False,True,False
Subject35|rest|Subject35_1.edf|50.000|54.000,Subject35,rest,0,Subject35_1.edf,50.0,54.0,182.0,False,4.0,2.0,4s_windows_50pct_overlap,scored_rest,4171,False,True,False
Subject35|rest|Subject35_1.edf|52.000|56.000,Subject35,rest,0,Subject35_1.edf,52.0,56.0,182.0,False,4.0,2.0,4s_windows_50pct_overlap,scored_rest,4172,False,True,False
Subject35|rest|Subject35_1.edf|54.000|58.000,Subject35,rest,0,Subject35_1.edf,54.0,58.0,182.0,False,4.0,2.0,4s_windows_50pct_overlap,scored_rest,4173,False,True,False
Subject35|rest|Subject35_1.edf|56.000|60.000,Subject35,rest,0,Subject35_1.edf,56.0,60.0,182.0,False,4.0,2.0,4s_windows_50pct_overlap,scored_rest,4174,False,True,False
Subject35|rest|Subject35_1.edf|58.000|62.000,Subject35,rest,0,Subject35_1.edf,58.0,62.0,182.0,False,4.0,2.0,4s_windows_50pct_overlap,unused,4175,False,False,False
Subject35|rest|Subject35_1.edf|60.000|64.000,Subject35,rest,0,Subject35_1.edf,60.0,64.0,182.0,False,4.0,2.0,4s_windows_50pct_overlap,unused,4176,False,False,False
Subject35|rest|Subject35_1.edf|62.000|66.000,Subject35,rest,0,Subject35_1.edf,62.0,66.0,182.0,False,4.0,2.0,4s_windows_50pct_overlap,unused,4177,False,False,False
Subject35|rest|Subject35_1.edf|64.000|68.000,Subject35,rest,0,Subject35_1.edf,64.0,68.0,182.0,False,4.0,2.0,4s_windows_50pct_overlap,unused,4178,False,False,False
Subject35|rest|Subject35_1.edf|66.000|70.000,Subject35,rest,0,Subject35_1.edf,66.0,70.0,182.0,False,4.0,2.0,4s_windows_50pct_overlap,unused,4179,False,False,False
Subject35|rest|Subject35_1.edf|68.000|72.000,Subject35,rest,0,Subject35_1.edf,68.0,72.0,182.0,False,4.0,2.0,4s_windows_50pct_overlap,unused,4180,False,False,False
Subject35|rest|Subject35_1.edf|70.000|74.000,Subject35,rest,0,Subject35_1.edf,70.0,74.0,182.0,False,4.0,2.0,4s_windows_50pct_overlap,unused,4181,False,False,False
Subject35|rest|Subject35_1.edf|72.000|76.000,Subject35,rest,0,Subject35_1.edf,72.0,76.0,182.0,False,4.0,2.0,4s_windows_50pct_overlap,unused,4182,False,False,False
Subject35|rest|Subject35_1.edf|74.000|78.000,Subject35,rest,0,Subject35_1.edf,74.0,78.0,182.0,False,4.0,2.0,4s_windows_50pct_overlap,unused,4183,False,False,False
Subject35|rest|Subject35_1.edf|76.000|80.000,Subject35,rest,0,Subject35_1.edf,76.0,80.0,182.0,False,4.0,2.0,4s_windows_50pct_overlap,unused,4184,False,False,False
Subject35|rest|Subject35_1.edf|78.000|82.000,Subject35,rest,0,Subject35_1.edf,78.0,82.0,182.0,False,4.0,2.0,4s_windows_50pct_overlap,unused,4185,False,False,False
Subject35|rest|Subject35_1.edf|80.000|84.000,Subject35,rest,0,Subject35_1.edf,80.0,84.0,182.0,False,4.0,2.0,4s_windows_50pct_overlap,unused,4186,False,False,False
Subject35|rest|Subject35_1.edf|82.000|86.000,Subject35,rest,0,Subject35_1.edf,82.0,86.0,182.0,False,4.0,2.0,4s_windows_50pct_overlap,unused,4187,False,False,False
Subject35|rest|Subject35_1.edf|84.000|88.000,Subject35,rest,0,Subject35_1.edf,84.0,88.0,182.0,False,4.0,2.0,4s_windows_50pct_overlap,unused,4188,False,False,False
Subject35|rest|Subject35_1.edf|86.000|90.000,Subject35,rest,0,Subject35_1.edf,86.0,90.0,182.0,False,4.0,2.0,4s_windows_50pct_overlap,unused,4189,False,False,False
Subject35|rest|Subject35_1.edf|88.000|92.000,Subject35,rest,0,Subject35_1.edf,88.0,92.0,182.0,False,4.0,2.0,4s_windows_50pct_overlap,unused,4190,False,False,False
Subject35|rest|Subject35_1.edf|90.000|94.000,Subject35,rest,0,Subject35_1.edf,90.0,94.0,182.0,False,4.0,2.0,4s_windows_50pct_overlap,unused,4191,False,False,False
Subject35|rest|Subject35_1.edf|92.000|96.000,Subject35,rest,0,Subject35_1.edf,92.0,96.0,182.0,False,4.0,2.0,4s_windows_50pct_overlap,unused,4192,False,False,False
Subject35|rest|Subject35_1.edf|94.000|98.000,Subject35,rest,0,Subject35_1.edf,94.0,98.0,182.0,False,4.0,2.0,4s_windows_50pct_overlap,unused,4193,False,False,False
Subject35|rest|Subject35_1.edf|96.000|100.000,Subject35,rest,0,Subject35_1.edf,96.0,100.0,182.0,False,4.0,2.0,4s_windows_50pct_overlap,unused,4194,False,False,False
Subject35|rest|Subject35_1.edf|98.000|102.000,Subject35,rest,0,Subject35_1.edf,98.0,102.0,182.0,False,4.0,2.0,4s_windows_50pct_overlap,unused,4195,False,False,False
Subject35|rest|Subject35_1.edf|100.000|104.000,Subject35,rest,0,Subject35_1.edf,100.0,104.0,182.0,False,4.0,2.0,4s_windows_50pct_overlap,unused,4196,False,False,False
Subject35|rest|Subject35_1.edf|102.000|106.000,Subject35,rest,0,Subject35_1.edf,102.0,106.0,182.0,False,4.0,2.0,4s_windows_50pct_overlap,unused,4197,False,False,False
Subject35|rest|Subject35_1.edf|104.000|108.000,Subject35,rest,0,Subject35_1.edf,104.0,108.0,182.0,False,4.0,2.0,4s_windows_50pct_overlap,unused,4198,False,False,False
Subject35|rest|Subject35_1.edf|106.000|110.000,Subject35,rest,0,Subject35_1.edf,106.0,110.0,182.0,False,4.0,2.0,4s_windows_50pct_overlap,unused,4199,False,False,False
Subject35|rest|Subject35_1.edf|108.000|112.000,Subject35,rest,0,Subject35_1.edf,108.0,112.0,182.0,False,4.0,2.0,4s_windows_50pct_overlap,unused,4200,False,False,False
Subject35|rest|Subject35_1.edf|110.000|114.000,Subject35,rest,0,Subject35_1.edf,110.0,114.0,182.0,False,4.0,2.0,4s_windows_50pct_overlap,unused,4201,False,False,False
Subject35|rest|Subject35_1.edf|112.000|116.000,Subject35,rest,0,Subject35_1.edf,112.0,116.0,182.0,False,4.0,2.0,4s_windows_50pct_overlap,unused,4202,False,False,False
Subject35|rest|Subject35_1.edf|114.000|118.000,Subject35,rest,0,Subject35_1.edf,114.0,118.0,182.0,False,4.0,2.0,4s_windows_50pct_overlap,unused,4203,False,False,False
Subject35|rest|Subject35_1.edf|116.000|120.000,Subject35,rest,0,Subject35_1.edf,116.0,120.0,182.0,False,4.0,2.0,4s_windows_50pct_overlap,unused,4204,False,False,False
Subject35|rest|Subject35_1.edf|118.000|122.000,Subject35,rest,0,Subject35_1.edf,118.0,122.0,182.0,False,4.0,2.0,4s_windows_50pct_overlap,unused,4205,False,False,False
Subject35|rest|Subject35_1.edf|120.000|124.000,Subject35,rest,0,Subject35_1.edf,120.0,124.0,182.0,False,4.0,2.0,4s_windows_50pct_overlap,unused,4206,False,False,False
Subject35|rest|Subject35_1.edf|122.000|126.000,Subject35,rest,0,Subject35_1.edf,122.0,126.0,182.0,False,4.0,2.0,4s_windows_50pct_overlap,unused,4207,False,False,False
Subject35|rest|Subject35_1.edf|124.000|128.000,Subject35,rest,0,Subject35_1.edf,124.0,128.0,182.0,False,4.0,2.0,4s_windows_50pct_overlap,unused,4208,False,False,False
Subject35|rest|Subject35_1.edf|126.000|130.000,Subject35,rest,0,Subject35_1.edf,126.0,130.0,182.0,False,4.0,2.0,4s_windows_50pct_overlap,unused,4209,False,False,False
Subject35|rest|Subject35_1.edf|128.000|132.000,Subject35,rest,0,Subject35_1.edf,128.0,132.0,182.0,False,4.0,2.0,4s_windows_50pct_overlap,unused,4210,False,False,False
Subject35|rest|Subject35_1.edf|130.000|134.000,Subject35,rest,0,Subject35_1.edf,130.0,134.0,182.0,False,4.0,2.0,4s_windows_50pct_overlap,unused,4211,False,False,False
Subject35|rest|Subject35_1.edf|132.000|136.000,Subject35,rest,0,Subject35_1.edf,132.0,136.0,182.0,False,4.0,2.0,4s_windows_50pct_overlap,unused,4212,False,False,False
Subject35|rest|Subject35_1.edf|134.000|138.000,Subject35,rest,0,Subject35_1.edf,134.0,138.0,182.0,False,4.0,2.0,4s_windows_50pct_overlap,unused,4213,False,False,False
Subject35|rest|Subject35_1.edf|136.000|140.000,Subject35,rest,0,Subject35_1.edf,136.0,140.0,182.0,False,4.0,2.0,4s_windows_50pct_overlap,unused,4214,False,False,False
Subject35|rest|Subject35_1.edf|138.000|142.000,Subject35,rest,0,Subject35_1.edf,138.0,142.0,182.0,False,4.0,2.0,4s_windows_50pct_overlap,unused,4215,False,False,False
Subject35|rest|Subject35_1.edf|140.000|144.000,Subject35,rest,0,Subject35_1.edf,140.0,144.0,182.0,False,4.0,2.0,4s_windows_50pct_overlap,unused,4216,False,False,False
Subject35|rest|Subject35_1.edf|142.000|146.000,Subject35,rest,0,Subject35_1.edf,142.0,146.0,182.0,False,4.0,2.0,4s_windows_50pct_overlap,unused,4217,False,False,False
Subject35|rest|Subject35_1.edf|144.000|148.000,Subject35,rest,0,Subject35_1.edf,144.0,148.0,182.0,False,4.0,2.0,4s_windows_50pct_overlap,unused,4218,False,False,False
Subject35|rest|Subject35_1.edf|146.000|150.000,Subject35,rest,0,Subject35_1.edf,146.0,150.0,182.0,False,4.0,2.0,4s_windows_50pct_overlap,unused,4219,False,False,False
Subject35|rest|Subject35_1.edf|148.000|152.000,Subject35,rest,0,Subject35_1.edf,148.0,152.0,182.0,False,4.0,2.0,4s_windows_50pct_overlap,unused,4220,False,False,False
Subject35|rest|Subject35_1.edf|150.000|154.000,Subject35,rest,0,Subject35_1.edf,150.0,154.0,182.0,False,4.0,2.0,4s_windows_50pct_overlap,unused,4221,False,False,False
Subject35|rest|Subject35_1.edf|152.000|156.000,Subject35,rest,0,Subject35_1.edf,152.0,156.0,182.0,False,4.0,2.0,4s_windows_50pct_overlap,unused,4222,False,False,False
Subject35|rest|Subject35_1.edf|154.000|158.000,Subject35,rest,0,Subject35_1.edf,154.0,158.0,182.0,False,4.0,2.0,4s_windows_50pct_overlap,unused,4223,False,False,False
Subject35|rest|Subject35_1.edf|156.000|160.000,Subject35,rest,0,Subject35_1.edf,156.0,160.0,182.0,False,4.0,2.0,4s_windows_50pct_overlap,unused,4224,False,False,False
Subject35|rest|Subject35_1.edf|158.000|162.000,Subject35,rest,0,Subject35_1.edf,158.0,162.0,182.0,False,4.0,2.0,4s_windows_50pct_overlap,unused,4225,False,False,False
Subject35|rest|Subject35_1.edf|160.000|164.000,Subject35,rest,0,Subject35_1.edf,160.0,164.0,182.0,False,4.0,2.0,4s_windows_50pct_overlap,unused,4226,False,False,False
Subject35|rest|Subject35_1.edf|162.000|166.000,Subject35,rest,0,Subject35_1.edf,162.0,166.0,182.0,False,4.0,2.0,4s_windows_50pct_overlap,unused,4227,False,False,False
Subject35|rest|Subject35_1.edf|164.000|168.000,Subject35,rest,0,Subject35_1.edf,164.0,168.0,182.0,False,4.0,2.0,4s_windows_50pct_overlap,unused,4228,False,False,False
Subject35|rest|Subject35_1.edf|166.000|170.000,Subject35,rest,0,Subject35_1.edf,166.0,170.0,182.0,False,4.0,2.0,4s_windows_50pct_overlap,unused,4229,False,False,False
Subject35|rest|Subject35_1.edf|168.000|172.000,Subject35,rest,0,Subject35_1.edf,168.0,172.0,182.0,False,4.0,2.0,4s_windows_50pct_overlap,unused,4230,False,False,False
Subject35|rest|Subject35_1.edf|170.000|174.000,Subject35,rest,0,Subject35_1.edf,170.0,174.0,182.0,False,4.0,2.0,4s_windows_50pct_overlap,unused,4231,False,False,False
Subject35|rest|Subject35_1.edf|172.000|176.000,Subject35,rest,0,Subject35_1.edf,172.0,176.0,182.0,False,4.0,2.0,4s_windows_50pct_overlap,unused,4232,False,False,False
Subject35|rest|Subject35_1.edf|174.000|178.000,Subject35,rest,0,Subject35_1.edf,174.0,178.0,182.0,False,4.0,2.0,4s_windows_50pct_overlap,unused,4233,False,False,False
Subject35|rest|Subject35_1.edf|176.000|180.000,Subject35,rest,0,Subject35_1.edf,176.0,180.0,182.0,False,4.0,2.0,4s_windows_50pct_overlap,unused,4234,False,False,False
Subject35|rest|Subject35_1.edf|178.000|182.000,Subject35,rest,0,Subject35_1.edf,178.0,182.0,182.0,False,4.0,2.0,4s_windows_50pct_overlap,unused,4235,False,False,False
Subject35|arithmetic|Subject35_2.edf|0.000|4.000,Subject35,arithmetic,1,Subject35_2.edf,0.0,4.0,62.0,False,4.0,2.0,4s_windows_50pct_overlap,scored_task,4236,False,True,False
Subject35|arithmetic|Subject35_2.edf|2.000|6.000,Subject35,arithmetic,1,Subject35_2.edf,2.0,6.0,62.0,False,4.0,2.0,4s_windows_50pct_overlap,scored_task,4237,False,True,False
Subject35|arithmetic|Subject35_2.edf|4.000|8.000,Subject35,arithmetic,1,Subject35_2.edf,4.0,8.0,62.0,False,4.0,2.0,4s_windows_50pct_overlap,scored_task,4238,False,True,False
Subject35|arithmetic|Subject35_2.edf|6.000|10.000,Subject35,arithmetic,1,Subject35_2.edf,6.0,10.0,62.0,False,4.0,2.0,4s_windows_50pct_overlap,scored_task,4239,False,True,False
Subject35|arithmetic|Subject35_2.edf|8.000|12.000,Subject35,arithmetic,1,Subject35_2.edf,8.0,12.0,62.0,False,4.0,2.0,4s_windows_50pct_overlap,scored_task,4240,False,True,False
Subject35|arithmetic|Subject35_2.edf|10.000|14.000,Subject35,arithmetic,1,Subject35_2.edf,10.0,14.0,62.0,False,4.0,2.0,4s_windows_50pct_overlap,scored_task,4241,False,True,False
Subject35|arithmetic|Subject35_2.edf|12.000|16.000,Subject35,arithmetic,1,Subject35_2.edf,12.0,16.0,62.0,False,4.0,2.0,4s_windows_50pct_overlap,scored_task,4242,False,True,False
Subject35|arithmetic|Subject35_2.edf|14.000|18.000,Subject35,arithmetic,1,Subject35_2.edf,14.0,18.0,62.0,False,4.0,2.0,4s_windows_50pct_overlap,scored_task,4243,False,True,False
Subject35|arithmetic|Subject35_2.edf|16.000|20.000,Subject35,arithmetic,1,Subject35_2.edf,16.0,20.0,62.0,False,4.0,2.0,4s_windows_50pct_overlap,scored_task,4244,False,True,False
Subject35|arithmetic|Subject35_2.edf|18.000|22.000,Subject35,arithmetic,1,Subject35_2.edf,18.0,22.0,62.0,False,4.0,2.0,4s_windows_50pct_overlap,scored_task,4245,False,True,False
Subject35|arithmetic|Subject35_2.edf|20.000|24.000,Subject35,arithmetic,1,Subject35_2.edf,20.0,24.0,62.0,False,4.0,2.0,4s_windows_50pct_overlap,scored_task,4246,False,True,False
Subject35|arithmetic|Subject35_2.edf|22.000|26.000,Subject35,arithmetic,1,Subject35_2.edf,22.0,26.0,62.0,False,4.0,2.0,4s_windows_50pct_overlap,scored_task,4247,False,True,False
Subject35|arithmetic|Subject35_2.edf|24.000|28.000,Subject35,arithmetic,1,Subject35_2.edf,24.0,28.0,62.0,False,4.0,2.0,4s_windows_50pct_overlap,scored_task,4248,False,True,False
Subject35|arithmetic|Subject35_2.edf|26.000|30.000,Subject35,arithmetic,1,Subject35_2.edf,26.0,30.0,62.0,False,4.0,2.0,4s_windows_50pct_overlap,scored_task,4249,False,True,False
Subject35|arithmetic|Subject35_2.edf|28.000|32.000,Subject35,arithmetic,1,Subject35_2.edf,28.0,32.0,62.0,False,4.0,2.0,4s_windows_50pct_overlap,unused,4250,False,False,False
Subject35|arithmetic|Subject35_2.edf|30.000|34.000,Subject35,arithmetic,1,Subject35_2.edf,30.0,34.0,62.0,False,4.0,2.0,4s_windows_50pct_overlap,unused,4251,False,False,False
Subject35|arithmetic|Subject35_2.edf|32.000|36.000,Subject35,arithmetic,1,Subject35_2.edf,32.0,36.0,62.0,False,4.0,2.0,4s_windows_50pct_overlap,unused,4252,False,False,False
Subject35|arithmetic|Subject35_2.edf|34.000|38.000,Subject35,arithmetic,1,Subject35_2.edf,34.0,38.0,62.0,False,4.0,2.0,4s_windows_50pct_overlap,unused,4253,False,False,False
Subject35|arithmetic|Subject35_2.edf|36.000|40.000,Subject35,arithmetic,1,Subject35_2.edf,36.0,40.0,62.0,False,4.0,2.0,4s_windows_50pct_overlap,unused,4254,False,False,False
Subject35|arithmetic|Subject35_2.edf|38.000|42.000,Subject35,arithmetic,1,Subject35_2.edf,38.0,42.0,62.0,False,4.0,2.0,4s_windows_50pct_overlap,unused,4255,False,False,False
Subject35|arithmetic|Subject35_2.edf|40.000|44.000,Subject35,arithmetic,1,Subject35_2.edf,40.0,44.0,62.0,False,4.0,2.0,4s_windows_50pct_overlap,unused,4256,False,False,False
Subject35|arithmetic|Subject35_2.edf|42.000|46.000,Subject35,arithmetic,1,Subject35_2.edf,42.0,46.0,62.0,False,4.0,2.0,4s_windows_50pct_overlap,unused,4257,False,False,False
Subject35|arithmetic|Subject35_2.edf|44.000|48.000,Subject35,arithmetic,1,Subject35_2.edf,44.0,48.0,62.0,False,4.0,2.0,4s_windows_50pct_overlap,unused,4258,False,False,False
Subject35|arithmetic|Subject35_2.edf|46.000|50.000,Subject35,arithmetic,1,Subject35_2.edf,46.0,50.0,62.0,False,4.0,2.0,4s_windows_50pct_overlap,unused,4259,False,False,False
Subject35|arithmetic|Subject35_2.edf|48.000|52.000,Subject35,arithmetic,1,Subject35_2.edf,48.0,52.0,62.0,False,4.0,2.0,4s_windows_50pct_overlap,unused,4260,False,False,False
Subject35|arithmetic|Subject35_2.edf|50.000|54.000,Subject35,arithmetic,1,Subject35_2.edf,50.0,54.0,62.0,False,4.0,2.0,4s_windows_50pct_overlap,unused,4261,False,False,False
Subject35|arithmetic|Subject35_2.edf|52.000|56.000,Subject35,arithmetic,1,Subject35_2.edf,52.0,56.0,62.0,False,4.0,2.0,4s_windows_50pct_overlap,unused,4262,False,False,False
Subject35|arithmetic|Subject35_2.edf|54.000|58.000,Subject35,arithmetic,1,Subject35_2.edf,54.0,58.0,62.0,False,4.0,2.0,4s_windows_50pct_overlap,unused,4263,False,False,False
Subject35|arithmetic|Subject35_2.edf|56.000|60.000,Subject35,arithmetic,1,Subject35_2.edf,56.0,60.0,62.0,False,4.0,2.0,4s_windows_50pct_overlap,unused,4264,False,False,False
Subject35|arithmetic|Subject35_2.edf|58.000|62.000,Subject35,arithmetic,1,Subject35_2.edf,58.0,62.0,62.0,False,4.0,2.0,4s_windows_50pct_overlap,unused,4265,False,False,False
