window_uid,subject_id,condition,label,source_edf,start_sec,end_sec,source_duration_sec,window_extends_beyond_source,window_seconds,overlap_seconds,overlap_status,segment_type,row_id,used_for_calibration,used_for_scoring,calibration_scoring_overlap
Subject00|rest|Subject00_1.edf|0.000|4.000,Subject00,rest,0,Subject00_1.edf,0.0,4.0,182.0,False,4.0,2.0,4s_windows_50pct_overlap,calibration,0,True,False,False
Subject00|rest|Subject00_1.edf|2.000|6.000,Subject00,rest,0,Subject00_1.edf,2.0,6.0,182.0,False,4.0,2.0,4s_windows_50pct_overlap,calibration,1,True,False,False
Subject00|rest|Subject00_1.edf|4.000|8.000,Subject00,rest,0,Subject00_1.edf,4.0,8.0,182.0,False,4.0,2.0,4s_windows_50pct_overlap,calibration,2,True,False,False
Subject00|rest|Subject00_1.edf|6.000|10.000,Subject00,rest,0,Subject00_1.edf,6.0,10.0,182.0,False,4.0,2.0,4s_windows_50pct_overlap,calibration,3,True,False,False
Subject00|rest|Subject00_1.edf|8.000|12.000,Subject00,rest,0,Subject00_1.edf,8.0,12.0,182.0,False,4.0,2.0,4s_windows_50pct_overlap,calibration,4,True,False,False
Subject00|rest|Subject00_1.edf|10.000|14.000,Subject00,rest,0,Subject00_1.edf,10.0,14.0,182.0,False,4.0,2.0,4s_windows_50pct_overlap,calibration,5,True,False,False
Subject00|rest|Subject00_1.edf|12.000|16.000,Subject00,rest,0,Subject00_1.edf,12.0,16.0,182.0,False,4.0,2.0,4s_windows_50pct_overlap,calibration,6,True,False,False
Subject00|rest|Subject00_1.edf|14.000|18.000,Subject00,rest,0,Subject00_1.edf,14.0,18.0,182.0,False,4.0,2.0,4s_windows_50pct_overlap,calibration,7,True,False,False
Subject00|rest|Subject00_1.edf|16.000|20.000,Subject00,rest,0,Subject00_1.edf,16.0,20.0,182.0,False,4.0,2.0,4s_windows_50pct_overlap,calibration,8,True,False,False
Subject00|rest|Subject00_1.edf|18.000|22.000,Subject00,rest,0,Subject00_1.edf,18.0,22.0,182.0,False,4.0,2.0,4s_windows_50pct_overlap,calibration,9,True,False,False
Subject00|rest|Subject00_1.edf|20.000|24.000,Subject00,rest,0,Subject00_1.edf,20.0,24.0,182.0,False,4.0,2.0,4s_windows_50pct_overlap,calibration,10,True,False,False
Subject00|rest|Subject00_1.edf|22.000|26.000,Subject00,rest,0,Subject00_1.edf,22.0,26.0,182.0,False,4.0,2.0,4s_windows_50pct_overlap,calibration,11,True,False,False
Subject00|rest|Subject00_1.edf|24.000|28.000,Subject00,rest,0,Subject00_1.edf,24.0,28.0,182.0,False,4.0,2.0,4s_windows_50pct_overlap,calibration,12,True,False,False
Subject00|rest|Subject00_1.edf|26.000|30.000,Subject00,rest,0,Subject00_1.edf,26.0,30.0,182.0,False,4.0,2.0,4s_windows_50pct_overlap,calibration,13,True,False,False
Subject00|rest|Subject00_1.edf|28.000|32.000,Subject00,rest,0,Subject00_1.edf,28.0,32.0,182.0,False,4.0,2.0,4s_windows_50pct_overlap,calibration,14,True,False,False
Subject00|rest|Subject00_1.edf|30.000|34.000,Subject00,rest,0,Subject00_1.edf,30.0,34.0,182.0,False,4.0,2.0,4s_windows_50pct_overlap,calibration,15,True,False,False
Subject00|rest|Subject00_1.edf|32.000|36.000,Subject00,rest,0,Subject00_1.edf,32.0,36.0,182.0,False,4.0,2.0,4s_windows_50pct_overlap,calibration,16,True,False,False
Subject00|rest|Subject00_1.edf|34.000|38.000,Subject00,rest,0,Subject00_1.edf,34.0,38.0,182.0,False,4.0,2.0,4s_windows_50pct_overlap,calibration,17,True,False,False
Subject00|rest|Subject00_1.edf|36.000|40.000,Subject00,rest,0,Subject00_1.edf,36.0,40.0,182.0,False,4.0,2.0,4s_windows_50pct_overlap,calibration,18,True,False,False
Subject00|rest|Subject00_1.edf|38.000|42.000,Subject00,rest,0,Subject00_1.edf,38.0,42.0,182.0,False,4.0,2.0,4s_windows_50pct_overlap,calibration,19,True,False,False
Subject00|rest|Subject00_1.edf|40.000|44.000,Subject00,rest,0,Subject00_1.edf,40.0,44.0,182.0,False,4.0,2.0,4s_windows_50pct_overlap,calibration,20,True,False,False
Subject00|rest|Subject00_1.edf|42.000|46.000,Subject00,rest,0,Subject00_1.edf,42.0,46.0,182.0,False,4.0,2.0,4s_windows_50pct_overlap,calibration,21,True,False,False
Subject00|rest|Subject00_1.edf|44.000|48.000,Subject00,rest,0,Subject00_1.edf,44.0,48.0,182.0,False,4.0,2.0,4s_windows_50pct_overlap,calibration,22,True,False,False
Subject00|rest|Subject00_1.edf|46.000|50.000,Subject00,rest,0,Subject00_1.edf,46.0,50.0,182.0,False,4.0,2.0,4s_windows_50pct_overlap,calibration,23,True,False,False
Subject00|rest|Subject00_1.edf|48.000|52.000,Subject00,rest,0,Subject00_1.edf,48.0,52.0,182.0,False,4.0,2.0,4s_windows_50pct_overlap,calibration,24,True,False,False
Subject00|rest|Subject00_1.edf|50.000|54.000,Subject00,rest,0,Subject00_1.edf,50.0,54.0,182.0,False,4.0,2.0,4s_windows_50pct_overlap,calibration,25,True,False,False
Subject00|rest|Subject00_1.edf|52.000|56.000,Subject00,rest,0,Subject00_1.edf,52.0,56.0,182.0,False,4.0,2.0,4s_windows_50pct_overlap,calibration,26,True,False,False
Subject00|rest|Subject00_1.edf|54.000|58.000,Subject00,rest,0,Subject00_1.edf,54.0,58.0,182.0,False,4.0,2.0,4s_windows_50pct_overlap,calibration,27,True,False,False
Subject00|rest|Subject00_1.edf|56.000|60.000,Subject00,rest,0,Subject00_1.edf,56.0,60.0,182.0,False,4.0,2.0,4s_windows_50pct_overlap,calibration,28,True,False,False
Subject00|rest|Subject00_1.edf|58.000|62.000,Subject00,rest,0,Subject00_1.edf,58.0,62.0,182.0,False,4.0,2.0,4s_windows_50pct_overlap,calibration,29,True,False,False
Subject00|rest|Subject00_1.edf|60.000|64.000,Subject00,rest,0,Subject00_1.edf,60.0,64.0,182.0,False,4.0,2.0,4s_windows_50pct_overlap,scored_rest,30,False,True,False
Subject00|rest|Subject00_1.edf|62.000|66.000,Subject00,rest,0,Subject00_1.edf,62.0,66.0,182.0,False,4.0,2.0,4s_windows_50pct_overlap,scored_rest,31,False,True,False
Subject00|rest|Subject00_1.edf|64.000|68.000,Subject00,rest,0,Subject00_1.edf,64.0,68.0,182.0,False,4.0,2.0,4s_windows_50pct_overlap,scored_rest,32,False,True,False
Subject00|rest|Subject00_1.edf|66.000|70.000,Subject00,rest,0,Subject00_1.edf,66.0,70.0,182.0,False,4.0,2.0,4s_windows_50pct_overlap,scored_rest,33,False,True,False
Subject00|rest|Subject00_1.edf|68.000|72.000,Subject00,rest,0,Subject00_1.edf,68.0,72.0,182.0,False,4.0,2.0,4s_windows_50pct_overlap,scored_rest,34,False,True,False
Subject00|rest|Subject00_1.edf|70.000|74.000,Subject00,rest,0,Subject00_1.edf,70.0,74.0,182.0,False,4.0,2.0,4s_windows_50pct_overlap,scored_rest,35,False,True,False
Subject00|rest|Subject00_1.edf|72.000|76.000,Subject00,rest,0,Subject00_1.edf,72.0,76.0,182.0,False,4.0,2.0,4s_windows_50pct_overlap,scored_rest,36,False,True,False
Subject00|rest|Subject00_1.edf|74.000|78.000,Subject00,rest,0,Subject00_1.edf,74.0,78.0,182.0,False,4.0,2.0,4s_windows_50pct_overlap,scored_rest,37,False,True,False
Subject00|rest|Subject00_1.edf|76.000|80.000,Subject00,rest,0,Subject00_1.edf,76.0,80.0,182.0,False,4.0,2.0,4s_windows_50pct_overlap,scored_rest,38,False,True,False
Subject00|rest|Subject00_1.edf|78.000|82.000,Subject00,rest,0,Subject00_1.edf,78.0,82.0,182.0,False,4.0,2.0,4s_windows_50pct_overlap,scored_rest,39,False,True,False
Subject00|rest|Subject00_1.edf|80.000|84.000,Subject00,rest,0,Subject00_1.edf,80.0,84.0,182.0,False,4.0,2.0,4s_windows_50pct_overlap,scored_rest,40,False,True,False
Subject00|rest|Subject00_1.edf|82.000|86.000,Subject00,rest,0,Subject00_1.edf,82.0,86.0,182.0,False,4.0,2.0,4s_windows_50pct_overlap,scored_rest,41,False,True,False
Subject00|rest|Subject00_1.edf|84.000|88.000,Subject00,rest,0,Subject00_1.edf,84.0,88.0,182.0,False,4.0,2.0,4s_windows_50pct_overlap,scored_rest,42,False,True,False
Subject00|rest|Subject00_1.edf|86.000|90.000,Subject00,rest,0,Subject00_1.edf,86.0,90.0,182.0,False,4.0,2.0,4s_windows_50pct_overlap,scored_rest,43,False,True,False
Subject00|rest|Subject00_1.edf|88.000|92.000,Subject00,rest,0,Subject00_1.edf,88.0,92.0,182.0,False,4.0,2.0,4s_windows_50pct_overlap,scored_rest,44,False,True,False
Subject00|rest|Subject00_1.edf|90.000|94.000,Subject00,rest,0,Subject00_1.edf,90.0,94.0,182.0,False,4.0,2.0,4s_windows_50pct_overlap,scored_rest,45,False,True,False
Subject00|rest|Subject00_1.edf|92.000|96.000,Subject00,rest,0,Subject00_1.edf,92.0,96.0,182.0,False,4.0,2.0,4s_windows_50pct_overlap,scored_rest,46,False,True,False
Subject00|rest|Subject00_1.edf|94.000|98.000,Subject00,rest,0,Subject00_1.edf,94.0,98.0,182.0,False,4.0,2.0,4s_windows_50pct_overlap,scored_rest,47,False,True,False
Subject00|rest|Subject00_1.edf|96.000|100.000,Subject00,rest,0,Subject00_1.edf,96.0,100.0,182.0,False,4.0,2.0,4s_windows_50pct_overlap,scored_rest,48,False,True,False
Subject00|rest|Subject00_1.edf|98.000|102.000,Subject00,rest,0,Subject00_1.edf,98.0,102.0,182.0,False,4.0,2.0,4s_windows_50pct_overlap,scored_rest,49,False,True,False
Subject00|rest|Subject00_1.edf|100.000|104.000,Subject00,rest,0,Subject00_1.edf,100.0,104.0,182.0,False,4.0,2.0,4s_windows_50pct_overlap,scored_rest,50,False,True,False
Subject00|rest|Subject00_1.edf|102.000|106.000,Subject00,rest,0,Subject00_1.edf,102.0,106.0,182.0,False,4.0,2.0,4s_windows_50pct_overlap,scored_rest,51,False,True,False
Subject00|rest|Subject00_1.edf|104.000|108.000,Subject00,rest,0,Subject00_1.edf,104.0,108.0,182.0,False,4.0,2.0,4s_windows_50pct_overlap,scored_rest,52,False,True,False
Subject00|rest|Subject00_1.edf|106.000|110.000,Subject00,rest,0,Subject00_1.edf,106.0,110.0,182.0,False,4.0,2.0,4s_windows_50pct_overlap,scored_rest,53,False,True,False
Subject00|rest|Subject00_1.edf|108.000|112.000,Subject00,rest,0,Subject00_1.edf,108.0,112.0,182.0,False,4.0,2.0,4s_windows_50pct_overlap,scored_rest,54,False,True,False
Subject00|rest|Subject00_1.edf|110.000|114.000,Subject00,rest,0,Subject00_1.edf,110.0,114.0,182.0,False,4.0,2.0,4s_windows_50pct_overlap,scored_rest,55,False,True,False
Subject00|rest|Subject00_1.edf|112.000|116.000,Subject00,rest,0,Subject00_1.edf,112.0,116.0,182.0,False,4.0,2.0,4s_windows_50pct_overlap,scored_rest,56,False,True,False
Subject00|rest|Subject00_1.edf|114.000|118.000,Subject00,rest,0,Subject00_1.edf,114.0,118.0,182.0,False,4.0,2.0,4s_windows_50pct_overlap,scored_rest,57,False,True,False
Subject00|rest|Subject00_1.edf|116.000|120.000,Subject00,rest,0,Subject00_1.edf,116.0,120.0,182.0,False,4.0,2.0,4s_windows_50pct_overlap,scored_rest,58,False,True,False
Subject00|rest|Subject00_1.edf|118.000|122.000,Subject00,rest,0,Subject00_1.edf,118.0,122.0,182.0,False,4.0,2.0,4s_windows_50pct_overlap,scored_rest,59,False,True,False
Subject00|rest|Subject00_1.edf|120.000|124.000,Subject00,rest,0,Subject00_1.edf,120.0,124.0,182.0,False,4.0,2.0,4s_windows_50pct_overlap,scored_rest,60,False,True,False
Subject00|rest|Subject00_1.edf|122.000|126.000,Subject00,rest,0,Subject00_1.edf,122.0,126.0,182.0,False,4.0,2.0,4s_windows_50pct_overlap,scored_rest,61,False,True,False
Subject00|rest|Subject00_1.edf|124.000|128.000,Subject00,rest,0,Subject00_1.edf,124.0,128.0,182.0,False,4.0,2.0,4s_windows_50pct_overlap,scored_rest,62,False,True,False
Subject00|rest|Subject00_1.edf|126.000|130.000,Subject00,rest,0,Subject00_1.edf,126.0,130.0,182.0,False,4.0,2.0,4s_windows_50pct_overlap,scored_rest,63,False,True,False
Subject00|rest|Subject00_1.edf|128.000|132.000,Subject00,rest,0,Subject00_1.edf,128.0,132.0,182.0,False,4.0,2.0,4s_windows_50pct_overlap,scored_rest,64,False,True,False
Subject00|rest|Subject00_1.edf|130.000|134.000,Subject00,rest,0,Subject00_1.edf,130.0,134.0,182.0,False,4.0,2.0,4s_windows_50pct_overlap,scored_rest,65,False,True,False
Subject00|rest|Subject00_1.edf|132.000|136.000,Subject00,rest,0,Subject00_1.edf,132.0,136.0,182.0,False,4.0,2.0,4s_windows_50pct_overlap,scored_rest,66,False,True,False
Subject00|rest|Subject00_1.edf|134.000|138.000,Subject00,rest,0,Subject00_1.edf,134.0,138.0,182.0,False,4.0,2.0,4s_windows_50pct_overlap,scored_rest,67,False,True,False
Subject00|rest|Subject00_1.edf|136.000|140.000,Subject00,rest,0,Subject00_1.edf,136.0,140.0,182.0,False,4.0,2.0,4s_windows_50pct_overlap,scored_rest,68,False,True,False
Subject00|rest|Subject00_1.edf|138.000|142.000,Subject00,rest,0,Subject00_1.edf,138.0,142.0,182.0,False,4.0,2.0,4s_windows_50pct_overlap,scored_rest,69,False,True,False
Subject00|rest|Subject00_1.edf|140.000|144.000,Subject00,rest,0,Subject00_1.edf,140.0,144.0,182.0,False,4.0,2.0,4s_windows_50pct_overlap,scored_rest,70,False,True,False
Subject00|rest|Subject00_1.edf|142.000|146.000,Subject00,rest,0,Subject00_1.edf,142.0,146.0,182.0,False,4.0,2.0,4s_windows_50pct_overlap,scored_rest,71,False,True,False
Subject00|rest|Subject00_1.edf|144.000|148.000,Subject00,rest,0,Subject00_1.edf,144.0,148.0,182.0,False,4.0,2.0,4s_windows_50pct_overlap,scored_rest,72,False,True,False
Subject00|rest|Subject00_1.edf|146.000|150.000,Subject00,rest,0,Subject00_1.edf,146.0,150.0,182.0,False,4.0,2.0,4s_windows_50pct_overlap,scored_rest,73,False,True,False
Subject00|rest|Subject00_1.edf|148.000|152.000,Subject00,rest,0,Subject00_1.edf,148.0,152.0,182.0,False,4.0,2.0,4s_windows_50pct_overlap,scored_rest,74,False,True,False
Subject00|rest|Subject00_1.edf|150.000|154.000,Subject00,rest,0,Subject00_1.edf,150.0,154.0,182.0,False,4.0,2.0,4s_windows_50pct_overlap,scored_rest,75,False,True,False
Subject00|rest|Subject00_1.edf|152.000|156.000,Subject00,rest,0,Subject00_1.edf,152.0,156.0,182.0,False,4.0,2.0,4s_windows_50pct_overlap,scored_rest,76,False,True,False
Subject00|rest|Subject00_1.edf|154.000|158.000,Subject00,rest,0,Subject00_1.edf,154.0,158.0,182.0,False,4.0,2.0,4s_windows_50pct_overlap,scored_rest,77,False,True,False
Subject00|rest|Subject00_1.edf|156.000|160.000,Subject00,rest,0,Subject00_1.edf,156.0,160.0,182.0,False,4.0,2.0,4s_windows_50pct_overlap,scored_rest,78,False,True,False
Subject00|rest|Subject00_1.edf|158.000|162.000,Subject00,rest,0,Subject00_1.edf,158.0,162.0,182.0,False,4.0,2.0,4s_windows_50pct_overlap,scored_rest,79,False,True,False
Subject00|rest|Subject00_1.edf|160.000|164.000,Subject00,rest,0,Subject00_1.edf,160.0,164.0,182.0,False,4.0,2.0,4s_windows_50pct_overlap,scored_rest,80,False,True,False
Subject00|rest|Subject00_1.edf|162.000|166.000,Subject00,rest,0,Subject00_1.edf,162.0,166.0,182.0,False,4.0,2.0,4s_windows_50pct_overlap,scored_rest,81,False,True,False
Subject00|rest|Subject00_1.edf|164.000|168.000,Subject00,rest,0,Subject00_1.edf,164.0,168.0,182.0,False,4.0,2.0,4s_windows_50pct_overlap,scored_rest,82,False,True,False
Subject00|rest|Subject00_1.edf|166.000|170.000,Subject00,rest,0,Subject00_1.edf,166.0,170.0,182.0,False,4.0,2.0,4s_windows_50pct_overlap,scored_rest,83,False,True,False
Subject00|rest|Subject00_1.edf|168.000|172.000,Subject00,rest,0,Subject00_1.edf,168.0,172.0,182.0,False,4.0,2.0,4s_windows_50pct_overlap,scored_rest,84,False,True,False
Subject00|rest|Subject00_1.edf|170.000|174.000,Subject00,rest,0,Subject00_1.edf,170.0,174.0,182.0,False,4.0,2.0,4s_windows_50pct_overlap,scored_rest,85,False,True,False
Subject00|rest|Subject00_1.edf|172.000|176.000,Subject00,rest,0,Subject00_1.edf,172.0,176.0,182.0,False,4.0,2.0,4s_windows_50pct_overlap,scored_rest,86,False,True,False
Subject00|rest|Subject00_1.edf|174.000|178.000,Subject00,rest,0,Subject00_1.edf,174.0,178.0,182.0,False,4.0,2.0,4s_windows_50pct_overlap,scored_rest,87,False,True,False
Subject00|rest|Subject00_1.edf|176.000|180.000,Subject00,rest,0,Subject00_1.edf,176.0,180.0,182.0,False,4.0,2.0,4s_windows_50pct_overlap,scored_rest,88,False,True,False
Subject00|rest|Subject00_1.edf|178.000|182.000,Subject00,rest,0,Subject00_1.edf,178.0,182.0,182.0,False,4.0,2.0,4s_windows_50pct_overlap,scored_rest,89,False,True,False
Subject00|arithmetic|Subject00_2.edf|0.000|4.000,Subject00,arithmetic,1,Subject00_2.edf,0.0,4.0,62.0,False,4.0,2.0,4s_windows_50pct_overlap,scored_task,90,False,True,False
Subject00|arithmetic|Subject00_2.edf|2.000|6.000,Subject00,arithmetic,1,Subject00_2.edf,2.0,6.0,62.0,False,4.0,2.0,4s_windows_50pct_overlap,scored_task,91,False,True,False
Subject00|arithmetic|Subject00_2.edf|4.000|8.000,Subject00,arithmetic,1,Subject00_2.edf,4.0,8.0,62.0,False,4.0,2.0,4s_windows_50pct_overlap,scored_task,92,False,True,False
Subject00|arithmetic|Subject00_2.edf|6.000|10.000,Subject00,arithmetic,1,Subject00_2.edf,6.0,10.0,62.0,False,4.0,2.0,4s_windows_50pct_overlap,scored_task,93,False,True,False
Subject00|arithmetic|Subject00_2.edf|8.000|12.000,Subject00,arithmetic,1,Subject00_2.edf,8.0,12.0,62.0,False,4.0,2.0,4s_windows_50pct_overlap,scored_task,94,False,True,False
Subject00|arithmetic|Subject00_2.edf|10.000|14.000,Subject00,arithmetic,1,Subject00_2.edf,10.0,14.0,62.0,False,4.0,2.0,4s_windows_50pct_overlap,scored_task,95,False,True,False
Subject00|arithmetic|Subject00_2.edf|12.000|16.000,Subject00,arithmetic,1,Subject00_2.edf,12.0,16.0,62.0,False,4.0,2.0,4s_windows_50pct_overlap,scored_task,96,False,True,False
Subject00|arithmetic|Subject00_2.edf|14.000|18.000,Subject00,arithmetic,1,Subject00_2.edf,14.0,18.0,62.0,False,4.0,2.0,4s_windows_50pct_overlap,scored_task,97,False,True,False
Subject00|arithmetic|Subject00_2.edf|16.000|20.000,Subject00,arithmetic,1,Subject00_2.edf,16.0,20.0,62.0,False,4.0,2.0,4s_windows_50pct_overlap,scored_task,98,False,True,False
Subject00|arithmetic|Subject00_2.edf|18.000|22.000,Subject00,arithmetic,1,Subject00_2.edf,18.0,22.0,62.0,False,4.0,2.0,4s_windows_50pct_overlap,scored_task,99,False,True,False
Subject00|arithmetic|Subject00_2.edf|20.000|24.000,Subject00,arithmetic,1,Subject00_2.edf,20.0,24.0,62.0,False,4.0,2.0,4s_windows_50pct_overlap,scored_task,100,False,True,False
Subject00|arithmetic|Subject00_2.edf|22.000|26.000,Subject00,arithmetic,1,Subject00_2.edf,22.0,26.0,62.0,False,4.0,2.0,4s_windows_50pct_overlap,scored_task,101,False,True,False
Subject00|arithmetic|Subject00_2.edf|24.000|28.000,Subject00,arithmetic,1,Subject00_2.edf,24.0,28.0,62.0,False,4.0,2.0,4s_windows_50pct_overlap,scored_task,102,False,True,False
Subject00|arithmetic|Subject00_2.edf|26.000|30.000,Subject00,arithmetic,1,Subject00_2.edf,26.0,30.0,62.0,False,4.0,2.0,4s_windows_50pct_overlap,scored_task,103,False,True,False
Subject00|arithmetic|Subject00_2.edf|28.000|32.000,Subject00,arithmetic,1,Subject00_2.edf,28.0,32.0,62.0,False,4.0,2.0,4s_windows_50pct_overlap,scored_task,104,False,True,False
Subject00|arithmetic|Subject00_2.edf|30.000|34.000,Subject00,arithmetic,1,Subject00_2.edf,30.0,34.0,62.0,False,4.0,2.0,4s_windows_50pct_overlap,scored_task,105,False,True,False
Subject00|arithmetic|Subject00_2.edf|32.000|36.000,Subject00,arithmetic,1,Subject00_2.edf,32.0,36.0,62.0,False,4.0,2.0,4s_windows_50pct_overlap,scored_task,106,False,True,False
Subject00|arithmetic|Subject00_2.edf|34.000|38.000,Subject00,arithmetic,1,Subject00_2.edf,34.0,38.0,62.0,False,4.0,2.0,4s_windows_50pct_overlap,scored_task,107,False,True,False
Subject00|arithmetic|Subject00_2.edf|36.000|40.000,Subject00,arithmetic,1,Subject00_2.edf,36.0,40.0,62.0,False,4.0,2.0,4s_windows_50pct_overlap,scored_task,108,False,True,False
Subject00|arithmetic|Subject00_2.edf|38.000|42.000,Subject00,arithmetic,1,Subject00_2.edf,38.0,42.0,62.0,False,4.0,2.0,4s_windows_50pct_overlap,scored_task,109,False,True,False
Subject00|arithmetic|Subject00_2.edf|40.000|44.000,Subject00,arithmetic,1,Subject00_2.edf,40.0,44.0,62.0,False,4.0,2.0,4s_windows_50pct_overlap,scored_task,110,False,True,False
Subject00|arithmetic|Subject00_2.edf|42.000|46.000,Subject00,arithmetic,1,Subject00_2.edf,42.0,46.0,62.0,False,4.0,2.0,4s_windows_50pct_overlap,scored_task,111,False,True,False
Subject00|arithmetic|Subject00_2.edf|44.000|48.000,Subject00,arithmetic,1,Subject00_2.edf,44.0,48.0,62.0,False,4.0,2.0,4s_windows_50pct_overlap,scored_task,112,False,True,False
Subject00|arithmetic|Subject00_2.edf|46.000|50.000,Subject00,arithmetic,1,Subject00_2.edf,46.0,50.0,62.0,False,4.0,2.0,4s_windows_50pct_overlap,scored_task,113,False,True,False
Subject00|arithmetic|Subject00_2.edf|48.000|52.000,Subject00,arithmetic,1,Subject00_2.edf,48.0,52.0,62.0,False,4.0,2.0,4s_windows_50pct_overlap,scored_task,114,False,True,False
Subject00|arithmetic|Subject00_2.edf|50.000|54.000,Subject00,arithmetic,1,Subject00_2.edf,50.0,54.0,62.0,False,4.0,2.0,4s_windows_50pct_overlap,scored_task,115,False,True,False
Subject00|arithmetic|Subject00_2.edf|52.000|56.000,Subject00,arithmetic,1,Subject00_2.edf,52.0,56.0,62.0,False,4.0,2.0,4s_windows_50pct_overlap,scored_task,116,False,True,False
Subject00|arithmetic|Subject00_2.edf|54.000|58.000,Subject00,arithmetic,1,Subject00_2.edf,54.0,58.0,62.0,False,4.0,2.0,4s_windows_50pct_overlap,scored_task,117,False,True,False
Subject00|arithmetic|Subject00_2.edf|56.000|60.000,Subject00,arithmetic,1,Subject00_2.edf,56.0,60.0,62.0,False,4.0,2.0,4s_windows_50pct_overlap,scored_task,118,False,True,False
Subject00|arithmetic|Subject00_2.edf|58.000|62.000,Subject00,arithmetic,1,Subject00_2.edf,58.0,62.0,62.0,False,4.0,2.0,4s_windows_50pct_overlap,scored_task,119,False,True,False
Subject01|rest|Subject01_1.edf|0.000|4.000,Subject01,rest,0,Subject01_1.edf,0.0,4.0,182.0,False,4.0,2.0,4s_windows_50pct_overlap,calibration,120,True,False,False
Subject01|rest|Subject01_1.edf|2.000|6.000,Subject01,rest,0,Subject01_1.edf,2.0,6.0,182.0,False,4.0,2.0,4s_windows_50pct_overlap,calibration,121,True,False,False
Subject01|rest|Subject01_1.edf|4.000|8.000,Subject01,rest,0,Subject01_1.edf,4.0,8.0,182.0,False,4.0,2.0,4s_windows_50pct_overlap,calibration,122,True,False,False
Subject01|rest|Subject01_1.edf|6.000|10.000,Subject01,rest,0,Subject01_1.edf,6.0,10.0,182.0,False,4.0,2.0,4s_windows_50pct_overlap,calibration,123,True,False,False
Subject01|rest|Subject01_1.edf|8.000|12.000,Subject01,rest,0,Subject01_1.edf,8.0,12.0,182.0,False,4.0,2.0,4s_windows_50pct_overlap,calibration,124,True,False,False
Subject01|rest|Subject01_1.edf|10.000|14.000,Subject01,rest,0,Subject01_1.edf,10.0,14.0,182.0,False,4.0,2.0,4s_windows_50pct_overlap,calibration,125,True,False,False
Subject01|rest|Subject01_1.edf|12.000|16.000,Subject01,rest,0,Subject01_1.edf,12.0,16.0,182.0,False,4.0,2.0,4s_windows_50pct_overlap,calibration,126,True,False,False
Subject01|rest|Subject01_1.edf|14.000|18.000,Subject01,rest,0,Subject01_1.edf,14.0,18.0,182.0,False,4.0,2.0,4s_windows_50pct_overlap,calibration,127,True,False,False
Subject01|rest|Subject01_1.edf|16.000|20.000,Subject01,rest,0,Subject01_1.edf,16.0,20.0,182.0,False,4.0,2.0,4s_windows_50pct_overlap,calibration,128,True,False,False
Subject01|rest|Subject01_1.edf|18.000|22.000,Subject01,rest,0,Subject01_1.edf,18.0,22.0,182.0,False,4.0,2.0,4s_windows_50pct_overlap,calibration,129,True,False,False
Subject01|rest|Subject01_1.edf|20.000|24.000,Subject01,rest,0,Subject01_1.edf,20.0,24.0,182.0,False,4.0,2.0,4s_windows_50pct_overlap,calibration,130,True,False,False
Subject01|rest|Subject01_1.edf|22.000|26.000,Subject01,rest,0,Subject01_1.edf,22.0,26.0,182.0,False,4.0,2.0,4s_windows_50pct_overlap,calibration,131,True,False,False
Subject01|rest|Subject01_1.edf|24.000|28.000,Subject01,rest,0,Subject01_1.edf,24.0,28.0,182.0,False,4.0,2.0,4s_windows_50pct_overlap,calibration,132,True,False,False
Subject01|rest|Subject01_1.edf|26.000|30.000,Subject01,rest,0,Subject01_1.edf,26.0,30.0,182.0,False,4.0,2.0,4s_windows_50pct_overlap,calibration,133,True,False,False
Subject01|rest|Subject01_1.edf|28.000|32.000,Subject01,rest,0,Subject01_1.edf,28.0,32.0,182.0,False,4.0,2.0,4s_windows_50pct_overlap,calibration,134,True,False,False
Subject01|rest|Subject01_1.edf|30.000|34.000,Subject01,rest,0,Subject01_1.edf,30.0,34.0,182.0,False,4.0,2.0,4s_windows_50pct_overlap,calibration,135,True,False,False
Subject01|rest|Subject01_1.edf|32.000|36.000,Subject01,rest,0,Subject01_1.edf,32.0,36.0,182.0,False,4.0,2.0,4s_windows_50pct_overlap,calibration,136,True,False,False
Subject01|rest|Subject01_1.edf|34.000|38.000,Subject01,rest,0,Subject01_1.edf,34.0,38.0,182.0,False,4.0,2.0,4s_windows_50pct_overlap,calibration,137,True,False,False
Subject01|rest|Subject01_1.edf|36.000|40.000,Subject01,rest,0,Subject01_1.edf,36.0,40.0,182.0,False,4.0,2.0,4s_windows_50pct_overlap,calibration,138,True,False,False
Subject01|rest|Subject01_1.edf|38.000|42.000,Subject01,rest,0,Subject01_1.edf,38.0,42.0,182.0,False,4.0,2.0,4s_windows_50pct_overlap,calibration,139,True,False,False
Subject01|rest|Subject01_1.edf|40.000|44.000,Subject01,rest,0,Subject01_1.edf,40.0,44.0,182.0,False,4.0,2.0,4s_windows_50pct_overlap,calibration,140,True,False,False
Subject01|rest|Subject01_1.edf|42.000|46.000,Subject01,rest,0,Subject01_1.edf,42.0,46.0,182.0,False,4.0,2.0,4s_windows_50pct_overlap,calibration,141,True,False,False
Subject01|rest|Subject01_1.edf|44.000|48.000,Subject01,rest,0,Subject01_1.edf,44.0,48.0,182.0,False,4.0,2.0,4s_windows_50pct_overlap,calibration,142,True,False,False
Subject01|rest|Subject01_1.edf|46.000|50.000,Subject01,rest,0,Subject01_1.edf,46.0,50.0,182.0,False,4.0,2.0,4s_windows_50pct_overlap,calibration,143,True,False,False
Subject01|rest|Subject01_1.edf|48.000|52.000,Subject01,rest,0,Subject01_1.edf,48.0,52.0,182.0,False,4.0,2.0,4s_windows_50pct_overlap,calibration,144,True,False,False
Subject01|rest|Subject01_1.edf|50.000|54.000,Subject01,rest,0,Subject01_1.edf,50.0,54.0,182.0,False,4.0,2.0,4s_windows_50pct_overlap,calibration,145,True,False,False
Subject01|rest|Subject01_1.edf|52.000|56.000,Subject01,rest,0,Subject01_1.edf,52.0,56.0,182.0,False,4.0,2.0,4s_windows_50pct_overlap,calibration,146,True,False,False
Subject01|rest|Subject01_1.edf|54.000|58.000,Subject01,rest,0,Subject01_1.edf,54.0,58.0,182.0,False,4.0,2.0,4s_windows_50pct_overlap,calibration,147,True,False,False
Subject01|rest|Subject01_1.edf|56.000|60.000,Subject01,rest,0,Subject01_1.edf,56.0,60.0,182.0,False,4.0,2.0,4s_windows_50pct_overlap,calibration,148,True,False,False
Subject01|rest|Subject01_1.edf|58.000|62.000,Subject01,rest,0,Subject01_1.edf,58.0,62.0,182.0,False,4.0,2.0,4s_windows_50pct_overlap,calibration,149,True,False,False
Subject01|rest|Subject01_1.edf|60.000|64.000,Subject01,rest,0,Subject01_1.edf,60.0,64.0,182.0,False,4.0,2.0,4s_windows_50pct_overlap,scored_rest,150,False,True,False
Subject01|rest|Subject01_1.edf|62.000|66.000,Subject01,rest,0,Subject01_1.edf,62.0,66.0,182.0,False,4.0,2.0,4s_windows_50pct_overlap,scored_rest,151,False,True,False
Subject01|rest|Subject01_1.edf|64.000|68.000,Subject01,rest,0,Subject01_1.edf,64.0,68.0,182.0,False,4.0,2.0,4s_windows_50pct_overlap,scored_rest,152,False,True,False
Subject01|rest|Subject01_1.edf|66.000|70.000,Subject01,rest,0,Subject01_1.edf,66.0,70.0,182.0,False,4.0,2.0,4s_windows_50pct_overlap,scored_rest,153,False,True,False
Subject01|rest|Subject01_1.edf|68.000|72.000,Subject01,rest,0,Subject01_1.edf,68.0,72.0,182.0,False,4.0,2.0,4s_windows_50pct_overlap,scored_rest,154,False,True,False
Subject01|rest|Subject01_1.edf|70.000|74.000,Subject01,rest,0,Subject01_1.edf,70.0,74.0,182.0,False,4.0,2.0,4s_windows_50pct_overlap,scored_rest,155,False,True,False
Subject01|rest|Subject01_1.edf|72.000|76.000,Subject01,rest,0,Subject01_1.edf,72.0,76.0,182.0,False,4.0,2.0,4s_windows_50pct_overlap,scored_rest,156,False,True,False
Subject01|rest|Subject01_1.edf|74.000|78.000,Subject01,rest,0,Subject01_1.edf,74.0,78.0,182.0,False,4.0,2.0,4s_windows_50pct_overlap,scored_rest,157,False,True,False
Subject01|rest|Subject01_1.edf|76.000|80.000,Subject01,rest,0,Subject01_1.edf,76.0,80.0,182.0,False,4.0,2.0,4s_windows_50pct_overlap,scored_rest,158,False,True,False
Subject01|rest|Subject01_1.edf|78.000|82.000,Subject01,rest,0,Subject01_1.edf,78.0,82.0,182.0,False,4.0,2.0,4s_windows_50pct_overlap,scored_rest,159,False,True,False
Subject01|rest|Subject01_1.edf|80.000|84.000,Subject01,rest,0,Subject01_1.edf,80.0,84.0,182.0,False,4.0,2.0,4s_windows_50pct_overlap,scored_rest,160,False,True,False
Subject01|rest|Subject01_1.edf|82.000|86.000,Subject01,rest,0,Subject01_1.edf,82.0,86.0,182.0,False,4.0,2.0,4s_windows_50pct_overlap,scored_rest,161,False,True,False
Subject01|rest|Subject01_1.edf|84.000|88.000,Subject01,rest,0,Subject01_1.edf,84.0,88.0,182.0,False,4.0,2.0,4s_windows_50pct_overlap,scored_rest,162,False,True,False
Subject01|rest|Subject01_1.edf|86.000|90.000,Subject01,rest,0,Subject01_1.edf,86.0,90.0,182.0,False,4.0,2.0,4s_windows_50pct_overlap,scored_rest,163,False,True,False
Subject01|rest|Subject01_1.edf|88.000|92.000,Subject01,rest,0,Subject01_1.edf,88.0,92.0,182.0,False,4.0,2.0,4s_windows_50pct_overlap,scored_rest,164,False,True,False
Subject01|rest|Subject01_1.edf|90.000|94.000,Subject01,rest,0,Subject01_1.edf,90.0,94.0,182.0,False,4.0,2.0,4s_windows_50pct_overlap,scored_rest,165,False,True,False
Subject01|rest|Subject01_1.edf|92.000|96.000,Subject01,rest,0,Subject01_1.edf,92.0,96.0,182.0,False,4.0,2.0,4s_windows_50pct_overlap,scored_rest,166,False,True,False
Subject01|rest|Subject01_1.edf|94.000|98.000,Subject01,rest,0,Subject01_1.edf,94.0,98.0,182.0,False,4.0,2.0,4s_windows_50pct_overlap,scored_rest,167,False,True,False
Subject01|rest|Subject01_1.edf|96.000|100.000,Subject01,rest,0,Subject01_1.edf,96.0,100.0,182.0,False,4.0,2.0,4s_windows_50pct_overlap,scored_rest,168,False,True,False
Subject01|rest|Subject01_1.edf|98.000|102.000,Subject01,rest,0,Subject01_1.edf,98.0,102.0,182.0,False,4.0,2.0,4s_windows_50pct_overlap,scored_rest,169,False,True,False
Subject01|rest|Subject01_1.edf|100.000|104.000,Subject01,rest,0,Subject01_1.edf,100.0,104.0,182.0,False,4.0,2.0,4s_windows_50pct_overlap,scored_rest,170,False,True,False
Subject01|rest|Subject01_1.edf|102.000|106.000,Subject01,rest,0,Subject01_1.edf,102.0,106.0,182.0,False,4.0,2.0,4s_windows_50pct_overlap,scored_rest,171,False,True,False
Subject01|rest|Subject01_1.edf|104.000|108.000,Subject01,rest,0,Subject01_1.edf,104.0,108.0,182.0,False,4.0,2.0,4s_windows_50pct_overlap,scored_rest,172,False,True,False
Subject01|rest|Subject01_1.edf|106.000|110.000,Subject01,rest,0,Subject01_1.edf,106.0,110.0,182.0,False,4.0,2.0,4s_windows_50pct_overlap,scored_rest,173,False,True,False
Subject01|rest|Subject01_1.edf|108.000|112.000,Subject01,rest,0,Subject01_1.edf,108.0,112.0,182.0,False,4.0,2.0,4s_windows_50pct_overlap,scored_rest,174,False,True,False
Subject01|rest|Subject01_1.edf|110.000|114.000,Subject01,rest,0,Subject01_1.edf,110.0,114.0,182.0,False,4.0,2.0,4s_windows_50pct_overlap,scored_rest,175,False,True,False
Subject01|rest|Subject01_1.edf|112.000|116.000,Subject01,rest,0,Subject01_1.edf,112.0,116.0,182.0,False,4.0,2.0,4s_windows_50pct_overlap,scored_rest,176,False,True,False
Subject01|rest|Subject01_1.edf|114.000|118.000,Subject01,rest,0,Subject01_1.edf,114.0,118.0,182.0,False,4.0,2.0,4s_windows_50pct_overlap,scored_rest,177,False,True,False
Subject01|rest|Subject01_1.edf|116.000|120.000,Subject01,rest,0,Subject01_1.edf,116.0,120.0,182.0,False,4.0,2.0,4s_windows_50pct_overlap,scored_rest,178,False,True,False
Subject01|rest|Subject01_1.edf|118.000|122.000,Subject01,rest,0,Subject01_1.edf,118.0,122.0,182.0,False,4.0,2.0,4s_windows_50pct_overlap,scored_rest,179,False,True,False
Subject01|rest|Subject01_1.edf|120.000|124.000,Subject01,rest,0,Subject01_1.edf,120.0,124.0,182.0,False,4.0,2.0,4s_windows_50pct_overlap,scored_rest,180,False,True,False
Subject01|rest|Subject01_1.edf|122.000|126.000,Subject01,rest,0,Subject01_1.edf,122.0,126.0,182.0,False,4.0,2.0,4s_windows_50pct_overlap,scored_rest,181,False,True,False
Subject01|rest|Subject01_1.edf|124.000|128.000,Subject01,rest,0,Subject01_1.edf,124.0,128.0,182.0,False,4.0,2.0,4s_windows_50pct_overlap,scored_rest,182,False,True,False
Subject01|rest|Subject01_1.edf|126.000|130.000,Subject01,rest,0,Subject01_1.edf,126.0,130.0,182.0,False,4.0,2.0,4s_windows_50pct_overlap,scored_rest,183,False,True,False
Subject01|rest|Subject01_1.edf|128.000|132.000,Subject01,rest,0,Subject01_1.edf,128.0,132.0,182.0,False,4.0,2.0,4s_windows_50pct_overlap,scored_rest,184,False,True,False
Subject01|rest|Subject01_1.edf|130.000|134.000,Subject01,rest,0,Subject01_1.edf,130.0,134.0,182.0,False,4.0,2.0,4s_windows_50pct_overlap,scored_rest,185,False,True,False
Subject01|rest|Subject01_1.edf|132.000|136.000,Subject01,rest,0,Subject01_1.edf,132.0,136.0,182.0,False,4.0,2.0,4s_windows_50pct_overlap,scored_rest,186,False,True,False
Subject01|rest|Subject01_1.edf|134.000|138.000,Subject01,rest,0,Subject01_1.edf,134.0,138.0,182.0,False,4.0,2.0,4s_windows_50pct_overlap,scored_rest,187,False,True,False
Subject01|rest|Subject01_1.edf|136.000|140.000,Subject01,rest,0,Subject01_1.edf,136.0,140.0,182.0,False,4.0,2.0,4s_windows_50pct_overlap,scored_rest,188,False,True,False
Subject01|rest|Subject01_1.edf|138.000|142.000,Subject01,rest,0,Subject01_1.edf,138.0,142.0,182.0,False,4.0,2.0,4s_windows_50pct_overlap,scored_rest,189,False,True,False
Subject01|rest|Subject01_1.edf|140.000|144.000,Subject01,rest,0,Subject01_1.edf,140.0,144.0,182.0,False,4.0,2.0,4s_windows_50pct_overlap,scored_rest,190,False,True,False
Subject01|rest|Subject01_1.edf|142.000|146.000,Subject01,rest,0,Subject01_1.edf,142.0,146.0,182.0,False,4.0,2.0,4s_windows_50pct_overlap,scored_rest,191,False,True,False
Subject01|rest|Subject01_1.edf|144.000|148.000,Subject01,rest,0,Subject01_1.edf,144.0,148.0,182.0,False,4.0,2.0,4s_windows_50pct_overlap,scored_rest,192,False,True,False
Subject01|rest|Subject01_1.edf|146.000|150.000,Subject01,rest,0,Subject01_1.edf,146.0,150.0,182.0,False,4.0,2.0,4s_windows_50pct_overlap,scored_rest,193,False,True,False
Subject01|rest|Subject01_1.edf|148.000|152.000,Subject01,rest,0,Subject01_1.edf,148.0,152.0,182.0,False,4.0,2.0,4s_windows_50pct_overlap,scored_rest,194,False,True,False
Subject01|rest|Subject01_1.edf|150.000|154.000,Subject01,rest,0,Subject01_1.edf,150.0,154.0,182.0,False,4.0,2.0,4s_windows_50pct_overlap,scored_rest,195,False,True,False
Subject01|rest|Subject01_1.edf|152.000|156.000,Subject01,rest,0,Subject01_1.edf,152.0,156.0,182.0,False,4.0,2.0,4s_windows_50pct_overlap,scored_rest,196,False,True,False
Subject01|rest|Subject01_1.edf|154.000|158.000,Subject01,rest,0,Subject01_1.edf,154.0,158.0,182.0,False,4.0,2.0,4s_windows_50pct_overlap,scored_rest,197,False,True,False
Subject01|rest|Subject01_1.edf|156.000|160.000,Subject01,rest,0,Subject01_1.edf,156.0,160.0,182.0,False,4.0,2.0,4s_windows_50pct_overlap,scored_rest,198,False,True,False
Subject01|rest|Subject01_1.edf|158.000|162.000,Subject01,rest,0,Subject01_1.edf,158.0,162.0,182.0,False,4.0,2.0,4s_windows_50pct_overlap,scored_rest,199,False,True,False
Subject01|rest|Subject01_1.edf|160.000|164.000,Subject01,rest,0,Subject01_1.edf,160.0,164.0,182.0,False,4.0,2.0,4s_windows_50pct_overlap,scored_rest,200,False,True,False
Subject01|rest|Subject01_1.edf|162.000|166.000,Subject01,rest,0,Subject01_1.edf,162.0,166.0,182.0,False,4.0,2.0,4s_windows_50pct_overlap,scored_rest,201,False,True,False
Subject01|rest|Subject01_1.edf|164.000|168.000,Subject01,rest,0,Subject01_1.edf,164.0,168.0,182.0,False,4.0,2.0,4s_windows_50pct_overlap,scored_rest,202,False,True,False
Subject01|rest|Subject01_1.edf|166.000|170.000,Subject01,rest,0,Subject01_1.edf,166.0,170.0,182.0,False,4.0,2.0,4s_windows_50pct_overlap,scored_rest,203,False,True,False
Subject01|rest|Subject01_1.edf|168.000|172.000,Subject01,rest,0,Subject01_1.edf,168.0,172.0,182.0,False,4.0,2.0,4s_windows_50pct_overlap,scored_rest,204,False,True,False
Subject01|rest|Subject01_1.edf|170.000|174.000,Subject01,rest,0,Subject01_1.edf,170.0,174.0,182.0,False,4.0,2.0,4s_windows_50pct_overlap,scored_rest,205,False,True,False
Subject01|rest|Subject01_1.edf|172.000|176.000,Subject01,rest,0,Subject01_1.edf,172.0,176.0,182.0,False,4.0,2.0,4s_windows_50pct_overlap,scored_rest,206,False,True,False
Subject01|rest|Subject01_1.edf|174.000|178.000,Subject01,rest,0,Subject01_1.edf,174.0,178.0,182.0,False,4.0,2.0,4s_windows_50pct_overlap,scored_rest,207,False,True,False
Subject01|rest|Subject01_1.edf|176.000|180.000,Subject01,rest,0,Subject01_1.edf,176.0,180.0,182.0,False,4.0,2.0,4s_windows_50pct_overlap,scored_rest,208,False,True,False
Subject01|rest|Subject01_1.edf|178.000|182.000,Subject01,rest,0,Subject01_1.edf,178.0,182.0,182.0,False,4.0,2.0,4s_windows_50pct_overlap,scored_rest,209,False,True,False
Subject01|arithmetic|Subject01_2.edf|0.000|4.000,Subject01,arithmetic,1,Subject01_2.edf,0.0,4.0,62.0,False,4.0,2.0,4s_windows_50pct_overlap,scored_task,210,False,True,False
Subject01|arithmetic|Subject01_2.edf|2.000|6.000,Subject01,arithmetic,1,Subject01_2.edf,2.0,6.0,62.0,False,4.0,2.0,4s_windows_50pct_overlap,scored_task,211,False,True,False
Subject01|arithmetic|Subject01_2.edf|4.000|8.000,Subject01,arithmetic,1,Subject01_2.edf,4.0,8.0,62.0,False,4.0,2.0,4s_windows_50pct_overlap,scored_task,212,False,True,False
Subject01|arithmetic|Subject01_2.edf|6.000|10.000,Subject01,arithmetic,1,Subject01_2.edf,6.0,10.0,62.0,False,4.0,2.0,4s_windows_50pct_overlap,scored_task,213,False,True,False
Subject01|arithmetic|Subject01_2.edf|8.000|12.000,Subject01,arithmetic,1,Subject01_2.edf,8.0,12.0,62.0,False,4.0,2.0,4s_windows_50pct_overlap,scored_task,214,False,True,False
Subject01|arithmetic|Subject01_2.edf|10.000|14.000,Subject01,arithmetic,1,Subject01_2.edf,10.0,14.0,62.0,False,4.0,2.0,4s_windows_50pct_overlap,scored_task,215,False,True,False
Subject01|arithmetic|Subject01_2.edf|12.000|16.000,Subject01,arithmetic,1,Subject01_2.edf,12.0,16.0,62.0,False,4.0,2.0,4s_windows_50pct_overlap,scored_task,216,False,True,False
Subject01|arithmetic|Subject01_2.edf|14.000|18.000,Subject01,arithmetic,1,Subject01_2.edf,14.0,18.0,62.0,False,4.0,2.0,4s_windows_50pct_overlap,scored_task,217,False,True,False
Subject01|arithmetic|Subject01_2.edf|16.000|20.000,Subject01,arithmetic,1,Subject01_2.edf,16.0,20.0,62.0,False,4.0,2.0,4s_windows_50pct_overlap,scored_task,218,False,True,False
Subject01|arithmetic|Subject01_2.edf|18.000|22.000,Subject01,arithmetic,1,Subject01_2.edf,18.0,22.0,62.0,False,4.0,2.0,4s_windows_50pct_overlap,scored_task,219,False,True,False
Subject01|arithmetic|Subject01_2.edf|20.000|24.000,Subject01,arithmetic,1,Subject01_2.edf,20.0,24.0,62.0,False,4.0,2.0,4s_windows_50pct_overlap,scored_task,220,False,True,False
Subject01|arithmetic|Subject01_2.edf|22.000|26.000,Subject01,arithmetic,1,Subject01_2.edf,22.0,26.0,62.0,False,4.0,2.0,4s_windows_50pct_overlap,scored_task,221,False,True,False
Subject01|arithmetic|Subject01_2.edf|24.000|28.000,Subject01,arithmetic,1,Subject01_2.edf,24.0,28.0,62.0,False,4.0,2.0,4s_windows_50pct_overlap,scored_task,222,False,True,False
Subject01|arithmetic|Subject01_2.edf|26.000|30.000,Subject01,arithmetic,1,Subject01_2.edf,26.0,30.0,62.0,False,4.0,2.0,4s_windows_50pct_overlap,scored_task,223,False,True,False
Subject01|arithmetic|Subject01_2.edf|28.000|32.000,Subject01,arithmetic,1,Subject01_2.edf,28.0,32.0,62.0,False,4.0,2.0,4s_windows_50pct_overlap,scored_task,224,False,True,False
Subject01|arithmetic|Subject01_2.edf|30.000|34.000,Subject01,arithmetic,1,Subject01_2.edf,30.0,34.0,62.0,False,4.0,2.0,4s_windows_50pct_overlap,scored_task,225,False,True,False
Subject01|arithmetic|Subject01_2.edf|32.000|36.000,Subject01,arithmetic,1,Subject01_2.edf,32.0,36.0,62.0,False,4.0,2.0,4s_windows_50pct_overlap,scored_task,226,False,True,False
Subject01|arithmetic|Subject01_2.edf|34.000|38.000,Subject01,arithmetic,1,Subject01_2.edf,34.0,38.0,62.0,False,4.0,2.0,4s_windows_50pct_overlap,scored_task,227,False,True,False
Subject01|arithmetic|Subject01_2.edf|36.000|40.000,Subject01,arithmetic,1,Subject01_2.edf,36.0,40.0,62.0,False,4.0,2.0,4s_windows_50pct_overlap,scored_task,228,False,True,False
Subject01|arithmetic|Subject01_2.edf|38.000|42.000,Subject01,arithmetic,1,Subject01_2.edf,38.0,42.0,62.0,False,4.0,2.0,4s_windows_50pct_overlap,scored_task,229,False,True,False
Subject01|arithmetic|Subject01_2.edf|40.000|44.000,Subject01,arithmetic,1,Subject01_2.edf,40.0,44.0,62.0,False,4.0,2.0,4s_windows_50pct_overlap,scored_task,230,False,True,False
Subject01|arithmetic|Subject01_2.edf|42.000|46.000,Subject01,arithmetic,1,Subject01_2.edf,42.0,46.0,62.0,False,4.0,2.0,4s_windows_50pct_overlap,scored_task,231,False,True,False
Subject01|arithmetic|Subject01_2.edf|44.000|48.000,Subject01,arithmetic,1,Subject01_2.edf,44.0,48.0,62.0,False,4.0,2.0,4s_windows_50pct_overlap,scored_task,232,False,True,False
Subject01|arithmetic|Subject01_2.edf|46.000|50.000,Subject01,arithmetic,1,Subject01_2.edf,46.0,50.0,62.0,False,4.0,2.0,4s_windows_50pct_overlap,scored_task,233,False,True,False
Subject01|arithmetic|Subject01_2.edf|48.000|52.000,Subject01,arithmetic,1,Subject01_2.edf,48.0,52.0,62.0,False,4.0,2.0,4s_windows_50pct_overlap,scored_task,234,False,True,False
Subject01|arithmetic|Subject01_2.edf|50.000|54.000,Subject01,arithmetic,1,Subject01_2.edf,50.0,54.0,62.0,False,4.0,2.0,4s_windows_50pct_overlap,scored_task,235,False,True,False
Subject01|arithmetic|Subject01_2.edf|52.000|56.000,Subject01,arithmetic,1,Subject01_2.edf,52.0,56.0,62.0,False,4.0,2.0,4s_windows_50pct_overlap,scored_task,236,False,True,False
Subject01|arithmetic|Subject01_2.edf|54.000|58.000,Subject01,arithmetic,1,Subject01_2.edf,54.0,58.0,62.0,False,4.0,2.0,4s_windows_50pct_overlap,scored_task,237,False,True,False
Subject01|arithmetic|Subject01_2.edf|56.000|60.000,Subject01,arithmetic,1,Subject01_2.edf,56.0,60.0,62.0,False,4.0,2.0,4s_windows_50pct_overlap,scored_task,238,False,True,False
Subject01|arithmetic|Subject01_2.edf|58.000|62.000,Subject01,arithmetic,1,Subject01_2.edf,58.0,62.0,62.0,False,4.0,2.0,4s_windows_50pct_overlap,scored_task,239,False,True,False
Subject02|rest|Subject02_1.edf|0.000|4.000,Subject02,rest,0,Subject02_1.edf,0.0,4.0,182.0,False,4.0,2.0,4s_windows_50pct_overlap,calibration,240,True,False,False
Subject02|rest|Subject02_1.edf|2.000|6.000,Subject02,rest,0,Subject02_1.edf,2.0,6.0,182.0,False,4.0,2.0,4s_windows_50pct_overlap,calibration,241,True,False,False
Subject02|rest|Subject02_1.edf|4.000|8.000,Subject02,rest,0,Subject02_1.edf,4.0,8.0,182.0,False,4.0,2.0,4s_windows_50pct_overlap,calibration,242,True,False,False
Subject02|rest|Subject02_1.edf|6.000|10.000,Subject02,rest,0,Subject02_1.edf,6.0,10.0,182.0,False,4.0,2.0,4s_windows_50pct_overlap,calibration,243,True,False,False
Subject02|rest|Subject02_1.edf|8.000|12.000,Subject02,rest,0,Subject02_1.edf,8.0,12.0,182.0,False,4.0,2.0,4s_windows_50pct_overlap,calibration,244,True,False,False
Subject02|rest|Subject02_1.edf|10.000|14.000,Subject02,rest,0,Subject02_1.edf,10.0,14.0,182.0,False,4.0,2.0,4s_windows_50pct_overlap,calibration,245,True,False,False
Subject02|rest|Subject02_1.edf|12.000|16.000,Subject02,rest,0,Subject02_1.edf,12.0,16.0,182.0,False,4.0,2.0,4s_windows_50pct_overlap,calibration,246,True,False,False
Subject02|rest|Subject02_1.edf|14.000|18.000,Subject02,rest,0,Subject02_1.edf,14.0,18.0,182.0,False,4.0,2.0,4s_windows_50pct_overlap,calibration,247,True,False,False
Subject02|rest|Subject02_1.edf|16.000|20.000,Subject02,rest,0,Subject02_1.edf,16.0,20.0,182.0,False,4.0,2.0,4s_windows_50pct_overlap,calibration,248,True,False,False
Subject02|rest|Subject02_1.edf|18.000|22.000,Subject02,rest,0,Subject02_1.edf,18.0,22.0,182.0,False,4.0,2.0,4s_windows_50pct_overlap,calibration,249,True,False,False
Subject02|rest|Subject02_1.edf|20.000|24.000,Subject02,rest,0,Subject02_1.edf,20.0,24.0,182.0,False,4.0,2.0,4s_windows_50pct_overlap,calibration,250,True,False,False
Subject02|rest|Subject02_1.edf|22.000|26.000,Subject02,rest,0,Subject02_1.edf,22.0,26.0,182.0,False,4.0,2.0,4s_windows_50pct_overlap,calibration,251,True,False,False
Subject02|rest|Subject02_1.edf|24.000|28.000,Subject02,rest,0,Subject02_1.edf,24.0,28.0,182.0,False,4.0,2.0,4s_windows_50pct_overlap,calibration,252,True,False,False
Subject02|rest|Subject02_1.edf|26.000|30.000,Subject02,rest,0,Subject02_1.edf,26.0,30.0,182.0,False,4.0,2.0,4s_windows_50pct_overlap,calibration,253,True,False,False
Subject02|rest|Subject02_1.edf|28.000|32.000,Subject02,rest,0,Subject02_1.edf,28.0,32.0,182.0,False,4.0,2.0,4s_windows_50pct_overlap,calibration,254,True,False,False
Subject02|rest|Subject02_1.edf|30.000|34.000,Subject02,rest,0,Subject02_1.edf,30.0,34.0,182.0,False,4.0,2.0,4s_windows_50pct_overlap,calibration,255,True,False,False
Subject02|rest|Subject02_1.edf|32.000|36.000,Subject02,rest,0,Subject02_1.edf,32.0,36.0,182.0,False,4.0,2.0,4s_windows_50pct_overlap,calibration,256,True,False,False
Subject02|rest|Subject02_1.edf|34.000|38.000,Subject02,rest,0,Subject02_1.edf,34.0,38.0,182.0,False,4.0,2.0,4s_windows_50pct_overlap,calibration,257,True,False,False
Subject02|rest|Subject02_1.edf|36.000|40.000,Subject02,rest,0,Subject02_1.edf,36.0,40.0,182.0,False,4.0,2.0,4s_windows_50pct_overlap,calibration,258,True,False,False
Subject02|rest|Subject02_1.edf|38.000|42.000,Subject02,rest,0,Subject02_1.edf,38.0,42.0,182.0,False,4.0,2.0,4s_windows_50pct_overlap,calibration,259,True,False,False
Subject02|rest|Subject02_1.edf|40.000|44.000,Subject02,rest,0,Subject02_1.edf,40.0,44.0,182.0,False,4.0,2.0,4s_windows_50pct_overlap,calibration,260,True,False,False
Subject02|rest|Subject02_1.edf|42.000|46.000,Subject02,rest,0,Subject02_1.edf,42.0,46.0,182.0,False,4.0,2.0,4s_windows_50pct_overlap,calibration,261,True,False,False
Subject02|rest|Subject02_1.edf|44.000|48.000,Subject02,rest,0,Subject02_1.edf,44.0,48.0,182.0,False,4.0,2.0,4s_windows_50pct_overlap,calibration,262,True,False,False
Subject02|rest|Subject02_1.edf|46.000|50.000,Subject02,rest,0,Subject02_1.edf,46.0,50.0,182.0,False,4.0,2.0,4s_windows_50pct_overlap,calibration,263,True,False,False
Subject02|rest|Subject02_1.edf|48.000|52.000,Subject02,rest,0,Subject02_1.edf,48.0,52.0,182.0,False,4.0,2.0,4s_windows_50pct_overlap,calibration,264,True,False,False
Subject02|rest|Subject02_1.edf|50.000|54.000,Subject02,rest,0,Subject02_1.edf,50.0,54.0,182.0,False,4.0,2.0,4s_windows_50pct_overlap,calibration,265,True,False,False
Subject02|rest|Subject02_1.edf|52.000|56.000,Subject02,rest,0,Subject02_1.edf,52.0,56.0,182.0,False,4.0,2.0,4s_windows_50pct_overlap,calibration,266,True,False,False
Subject02|rest|Subject02_1.edf|54.000|58.000,Subject02,rest,0,Subject02_1.edf,54.0,58.0,182.0,False,4.0,2.0,4s_windows_50pct_overlap,calibration,267,True,False,False
Subject02|rest|Subject02_1.edf|56.000|60.000,Subject02,rest,0,Subject02_1.edf,56.0,60.0,182.0,False,4.0,2.0,4s_windows_50pct_overlap,calibration,268,True,False,False
Subject02|rest|Subject02_1.edf|58.000|62.000,Subject02,rest,0,Subject02_1.edf,58.0,62.0,182.0,False,4.0,2.0,4s_windows_50pct_overlap,calibration,269,True,False,False
Subject02|rest|Subject02_1.edf|60.000|64.000,Subject02,rest,0,Subject02_1.edf,60.0,64.0,182.0,False,4.0,2.0,4s_windows_50pct_overlap,scored_rest,270,False,True,False
Subject02|rest|Subject02_1.edf|62.000|66.000,Subject02,rest,0,Subject02_1.edf,62.0,66.0,182.0,False,4.0,2.0,4s_windows_50pct_overlap,scored_rest,271,False,True,False
Subject02|rest|Subject02_1.edf|64.000|68.000,Subject02,rest,0,Subject02_1.edf,64.0,68.0,182.0,False,4.0,2.0,4s_windows_50pct_overlap,scored_rest,272,False,True,False
Subject02|rest|Subject02_1.edf|66.000|70.000,Subject02,rest,0,Subject02_1.edf,66.0,70.0,182.0,False,4.0,2.0,4s_windows_50pct_overlap,scored_rest,273,False,True,False
Subject02|rest|Subject02_1.edf|68.000|72.000,Subject02,rest,0,Subject02_1.edf,68.0,72.0,182.0,False,4.0,2.0,4s_windows_50pct_overlap,scored_rest,274,False,True,False
Subject02|rest|Subject02_1.edf|70.000|74.000,Subject02,rest,0,Subject02_1.edf,70.0,74.0,182.0,False,4.0,2.0,4s_windows_50pct_overlap,scored_rest,275,False,True,False
Subject02|rest|Subject02_1.edf|72.000|76.000,Subject02,rest,0,Subject02_1.edf,72.0,76.0,182.0,False,4.0,2.0,4s_windows_50pct_overlap,scored_rest,276,False,True,False
Subject02|rest|Subject02_1.edf|74.000|78.000,Subject02,rest,0,Subject02_1.edf,74.0,78.0,182.0,False,4.0,2.0,4s_windows_50pct_overlap,scored_rest,277,False,True,False
Subject02|rest|Subject02_1.edf|76.000|80.000,Subject02,rest,0,Subject02_1.edf,76.0,80.0,182.0,False,4.0,2.0,4s_windows_50pct_overlap,scored_rest,278,False,True,False
Subject02|rest|Subject02_1.edf|78.000|82.000,Subject02,rest,0,Subject02_1.edf,78.0,82.0,182.0,False,4.0,2.0,4s_windows_50pct_overlap,scored_rest,279,False,True,False
Subject02|rest|Subject02_1.edf|80.000|84.000,Subject02,rest,0,Subject02_1.edf,80.0,84.0,182.0,False,4.0,2.0,4s_windows_50pct_overlap,scored_rest,280,False,True,False
Subject02|rest|Subject02_1.edf|82.000|86.000,Subject02,rest,0,Subject02_1.edf,82.0,86.0,182.0,False,4.0,2.0,4s_windows_50pct_overlap,scored_rest,281,False,True,False
Subject02|rest|Subject02_1.edf|84.000|88.000,Subject02,rest,0,Subject02_1.edf,84.0,88.0,182.0,False,4.0,2.0,4s_windows_50pct_overlap,scored_rest,282,False,True,False
Subject02|rest|Subject02_1.edf|86.000|90.000,Subject02,rest,0,Subject02_1.edf,86.0,90.0,182.0,False,4.0,2.0,4s_windows_50pct_overlap,scored_rest,283,False,True,False
Subject02|rest|Subject02_1.edf|88.000|92.000,Subject02,rest,0,Subject02_1.edf,88.0,92.0,182.0,False,4.0,2.0,4s_windows_50pct_overlap,scored_rest,284,False,True,False
Subject02|rest|Subject02_1.edf|90.000|94.000,Subject02,rest,0,Subject02_1.edf,90.0,94.0,182.0,False,4.0,2.0,4s_windows_50pct_overlap,scored_rest,285,False,True,False
Subject02|rest|Subject02_1.edf|92.000|96.000,Subject02,rest,0,Subject02_1.edf,92.0,96.0,182.0,False,4.0,2.0,4s_windows_50pct_overlap,scored_rest,286,False,True,False
Subject02|rest|Subject02_1.edf|94.000|98.000,Subject02,rest,0,Subject02_1.edf,94.0,98.0,182.0,False,4.0,2.0,4s_windows_50pct_overlap,scored_rest,287,False,True,False
Subject02|rest|Subject02_1.edf|96.000|100.000,Subject02,rest,0,Subject02_1.edf,96.0,100.0,182.0,False,4.0,2.0,4s_windows_50pct_overlap,scored_rest,288,False,True,False
Subject02|rest|Subject02_1.edf|98.000|102.000,Subject02,rest,0,Subject02_1.edf,98.0,102.0,182.0,False,4.0,2.0,4s_windows_50pct_overlap,scored_rest,289,False,True,False
Subject02|rest|Subject02_1.edf|100.000|104.000,Subject02,rest,0,Subject02_1.edf,100.0,104.0,182.0,False,4.0,2.0,4s_windows_50pct_overlap,scored_rest,290,False,True,False
Subject02|rest|Subject02_1.edf|102.000|106.000,Subject02,rest,0,Subject02_1.edf,102.0,106.0,182.0,False,4.0,2.0,4s_windows_50pct_overlap,scored_rest,291,False,True,False
Subject02|rest|Subject02_1.edf|104.000|108.000,Subject02,rest,0,Subject02_1.edf,104.0,108.0,182.0,False,4.0,2.0,4s_windows_50pct_overlap,scored_rest,292,False,True,False
Subject02|rest|Subject02_1.edf|106.000|110.000,Subject02,rest,0,Subject02_1.edf,106.0,110.0,182.0,False,4.0,2.0,4s_windows_50pct_overlap,scored_rest,293,False,True,False
Subject02|rest|Subject02_1.edf|108.000|112.000,Subject02,rest,0,Subject02_1.edf,108.0,112.0,182.0,False,4.0,2.0,4s_windows_50pct_overlap,scored_rest,294,False,True,False
Subject02|rest|Subject02_1.edf|110.000|114.000,Subject02,rest,0,Subject02_1.edf,110.0,114.0,182.0,False,4.0,2.0,4s_windows_50pct_overlap,scored_rest,295,False,True,False
Subject02|rest|Subject02_1.edf|112.000|116.000,Subject02,rest,0,Subject02_1.edf,112.0,116.0,182.0,False,4.0,2.0,4s_windows_50pct_overlap,scored_rest,296,False,True,False
Subject02|rest|Subject02_1.edf|114.000|118.000,Subject02,rest,0,Subject02_1.edf,114.0,118.0,182.0,False,4.0,2.0,4s_windows_50pct_overlap,scored_rest,297,False,True,False
Subject02|rest|Subject02_1.edf|116.000|120.000,Subject02,rest,0,Subject02_1.edf,116.0,120.0,182.0,False,4.0,2.0,4s_windows_50pct_overlap,scored_rest,298,False,True,False
Subject02|rest|Subject02_1.edf|118.000|122.000,Subject02,rest,0,Subject02_1.edf,118.0,122.0,182.0,False,4.0,2.0,4s_windows_50pct_overlap,scored_rest,299,False,True,False
Subject02|rest|Subject02_1.edf|120.000|124.000,Subject02,rest,0,Subject02_1.edf,120.0,124.0,182.0,False,4.0,2.0,4s_windows_50pct_overlap,scored_rest,300,False,True,False
Subject02|rest|Subject02_1.edf|122.000|126.000,Subject02,rest,0,Subject02_1.edf,122.0,126.0,182.0,False,4.0,2.0,4s_windows_50pct_overlap,scored_rest,301,False,True,False
Subject02|rest|Subject02_1.edf|124.000|128.000,Subject02,rest,0,Subject02_1.edf,124.0,128.0,182.0,False,4.0,2.0,4s_windows_50pct_overlap,scored_rest,302,False,True,False
Subject02|rest|Subject02_1.edf|126.000|130.000,Subject02,rest,0,Subject02_1.edf,126.0,130.0,182.0,False,4.0,2.0,4s_windows_50pct_overlap,scored_rest,303,False,True,False
Subject02|rest|Subject02_1.edf|128.000|132.000,Subject02,rest,0,Subject02_1.edf,128.0,132.0,182.0,False,4.0,2.0,4s_windows_50pct_overlap,scored_rest,304,False,True,False
Subject02|rest|Subject02_1.edf|130.000|134.000,Subject02,rest,0,Subject02_1.edf,130.0,134.0,182.0,False,4.0,2.0,4s_windows_50pct_overlap,scored_rest,305,False,True,False
Subject02|rest|Subject02_1.edf|132.000|136.000,Subject02,rest,0,Subject02_1.edf,132.0,136.0,182.0,False,4.0,2.0,4s_windows_50pct_overlap,scored_rest,306,False,True,False
Subject02|rest|Subject02_1.edf|134.000|138.000,Subject02,rest,0,Subject02_1.edf,134.0,138.0,182.0,False,4.0,2.0,4s_windows_50pct_overlap,scored_rest,307,False,True,False
Subject02|rest|Subject02_1.edf|136.000|140.000,Subject02,rest,0,Subject02_1.edf,136.0,140.0,182.0,False,4.0,2.0,4s_windows_50pct_overlap,scored_rest,308,False,True,False
Subject02|rest|Subject02_1.edf|138.000|142.000,Subject02,rest,0,Subject02_1.edf,138.0,142.0,182.0,False,4.0,2.0,4s_windows_50pct_overlap,scored_rest,309,False,True,False
Subject02|rest|Subject02_1.edf|140.000|144.000,Subject02,rest,0,Subject02_1.edf,140.0,144.0,182.0,False,4.0,2.0,4s_windows_50pct_overlap,scored_rest,310,False,True,False
Subject02|rest|Subject02_1.edf|142.000|146.000,Subject02,rest,0,Subject02_1.edf,142.0,146.0,182.0,False,4.0,2.0,4s_windows_50pct_overlap,scored_rest,311,False,True,False
Subject02|rest|Subject02_1.edf|144.000|148.000,Subject02,rest,0,Subject02_1.edf,144.0,148.0,182.0,False,4.0,2.0,4s_windows_50pct_overlap,scored_rest,312,False,True,False
Subject02|rest|Subject02_1.edf|146.000|150.000,Subject02,rest,0,Subject02_1.edf,146.0,150.0,182.0,False,4.0,2.0,4s_windows_50pct_overlap,scored_rest,313,False,True,False
Subject02|rest|Subject02_1.edf|148.000|152.000,Subject02,rest,0,Subject02_1.edf,148.0,152.0,182.0,False,4.0,2.0,4s_windows_50pct_overlap,scored_rest,314,False,True,False
Subject02|rest|Subject02_1.edf|150.000|154.000,Subject02,rest,0,Subject02_1.edf,150.0,154.0,182.0,False,4.0,2.0,4s_windows_50pct_overlap,scored_rest,315,False,True,False
Subject02|rest|Subject02_1.edf|152.000|156.000,Subject02,rest,0,Subject02_1.edf,152.0,156.0,182.0,False,4.0,2.0,4s_windows_50pct_overlap,scored_rest,316,False,True,False
Subject02|rest|Subject02_1.edf|154.000|158.000,Subject02,rest,0,Subject02_1.edf,154.0,158.0,182.0,False,4.0,2.0,4s_windows_50pct_overlap,scored_rest,317,False,True,False
Subject02|rest|Subject02_1.edf|156.000|160.000,Subject02,rest,0,Subject02_1.edf,156.0,160.0,182.0,False,4.0,2.0,4s_windows_50pct_overlap,scored_rest,318,False,True,False
Subject02|rest|Subject02_1.edf|158.000|162.000,Subject02,rest,0,Subject02_1.edf,158.0,162.0,182.0,False,4.0,2.0,4s_windows_50pct_overlap,scored_rest,319,False,True,False
Subject02|rest|Subject02_1.edf|160.000|164.000,Subject02,rest,0,Subject02_1.edf,160.0,164.0,182.0,False,4.0,2.0,4s_windows_50pct_overlap,scored_rest,320,False,True,False
Subject02|rest|Subject02_1.edf|162.000|166.000,Subject02,rest,0,Subject02_1.edf,162.0,166.0,182.0,False,4.0,2.0,4s_windows_50pct_overlap,scored_rest,321,False,True,False
Subject02|rest|Subject02_1.edf|164.000|168.000,Subject02,rest,0,Subject02_1.edf,164.0,168.0,182.0,False,4.0,2.0,4s_windows_50pct_overlap,scored_rest,322,False,True,False
Subject02|rest|Subject02_1.edf|166.000|170.000,Subject02,rest,0,Subject02_1.edf,166.0,170.0,182.0,False,4.0,2.0,4s_windows_50pct_overlap,scored_rest,323,False,True,False
Subject02|rest|Subject02_1.edf|168.000|172.000,Subject02,rest,0,Subject02_1.edf,168.0,172.0,182.0,False,4.0,2.0,4s_windows_50pct_overlap,scored_rest,324,False,True,False
Subject02|rest|Subject02_1.edf|170.000|174.000,Subject02,rest,0,Subject02_1.edf,170.0,174.0,182.0,False,4.0,2.0,4s_windows_50pct_overlap,scored_rest,325,False,True,False
Subject02|rest|Subject02_1.edf|172.000|176.000,Subject02,rest,0,Subject02_1.edf,172.0,176.0,182.0,False,4.0,2.0,4s_windows_50pct_overlap,scored_rest,326,False,True,False
Subject02|rest|Subject02_1.edf|174.000|178.000,Subject02,rest,0,Subject02_1.edf,174.0,178.0,182.0,False,4.0,2.0,4s_windows_50pct_overlap,scored_rest,327,False,True,False
Subject02|rest|Subject02_1.edf|176.000|180.000,Subject02,rest,0,Subject02_1.edf,176.0,180.0,182.0,False,4.0,2.0,4s_windows_50pct_overlap,scored_rest,328,False,True,False
Subject02|rest|Subject02_1.edf|178.000|182.000,Subject02,rest,0,Subject02_1.edf,178.0,182.0,182.0,False,4.0,2.0,4s_windows_50pct_overlap,scored_rest,329,False,True,False
Subject02|arithmetic|Subject02_2.edf|0.000|4.000,Subject02,arithmetic,1,Subject02_2.edf,0.0,4.0,62.0,False,4.0,2.0,4s_windows_50pct_overlap,scored_task,330,False,True,False
Subject02|arithmetic|Subject02_2.edf|2.000|6.000,Subject02,arithmetic,1,Subject02_2.edf,2.0,6.0,62.0,False,4.0,2.0,4s_windows_50pct_overlap,scored_task,331,False,True,False
Subject02|arithmetic|Subject02_2.edf|4.000|8.000,Subject02,arithmetic,1,Subject02_2.edf,4.0,8.0,62.0,False,4.0,2.0,4s_windows_50pct_overlap,scored_task,332,False,True,False
Subject02|arithmetic|Subject02_2.edf|6.000|10.000,Subject02,arithmetic,1,Subject02_2.edf,6.0,10.0,62.0,False,4.0,2.0,4s_windows_50pct_overlap,scored_task,333,False,True,False
Subject02|arithmetic|Subject02_2.edf|8.000|12.000,Subject02,arithmetic,1,Subject02_2.edf,8.0,12.0,62.0,False,4.0,2.0,4s_windows_50pct_overlap,scored_task,334,False,True,False
Subject02|arithmetic|Subject02_2.edf|10.000|14.000,Subject02,arithmetic,1,Subject02_2.edf,10.0,14.0,62.0,False,4.0,2.0,4s_windows_50pct_overlap,scored_task,335,False,True,False
Subject02|arithmetic|Subject02_2.edf|12.000|16.000,Subject02,arithmetic,1,Subject02_2.edf,12.0,16.0,62.0,False,4.0,2.0,4s_windows_50pct_overlap,scored_task,336,False,True,False
Subject02|arithmetic|Subject02_2.edf|14.000|18.000,Subject02,arithmetic,1,Subject02_2.edf,14.0,18.0,62.0,False,4.0,2.0,4s_windows_50pct_overlap,scored_task,337,False,True,False
Subject02|arithmetic|Subject02_2.edf|16.000|20.000,Subject02,arithmetic,1,Subject02_2.edf,16.0,20.0,62.0,False,4.0,2.0,4s_windows_50pct_overlap,scored_task,338,False,True,False
Subject02|arithmetic|Subject02_2.edf|18.000|22.000,Subject02,arithmetic,1,Subject02_2.edf,18.0,22.0,62.0,False,4.0,2.0,4s_windows_50pct_overlap,scored_task,339,False,True,False
Subject02|arithmetic|Subject02_2.edf|20.000|24.000,Subject02,arithmetic,1,Subject02_2.edf,20.0,24.0,62.0,False,4.0,2.0,4s_windows_50pct_overlap,scored_task,340,False,True,False
Subject02|arithmetic|Subject02_2.edf|22.000|26.000,Subject02,arithmetic,1,Subject02_2.edf,22.0,26.0,62.0,False,4.0,2.0,4s_windows_50pct_overlap,scored_task,341,False,True,False
Subject02|arithmetic|Subject02_2.edf|24.000|28.000,Subject02,arithmetic,1,Subject02_2.edf,24.0,28.0,62.0,False,4.0,2.0,4s_windows_50pct_overlap,scored_task,342,False,True,False
Subject02|arithmetic|Subject02_2.edf|26.000|30.000,Subject02,arithmetic,1,Subject02_2.edf,26.0,30.0,62.0,False,4.0,2.0,4s_windows_50pct_overlap,scored_task,343,False,True,False
Subject02|arithmetic|Subject02_2.edf|28.000|32.000,Subject02,arithmetic,1,Subject02_2.edf,28.0,32.0,62.0,False,4.0,2.0,4s_windows_50pct_overlap,scored_task,344,False,True,False
Subject02|arithmetic|Subject02_2.edf|30.000|34.000,Subject02,arithmetic,1,Subject02_2.edf,30.0,34.0,62.0,False,4.0,2.0,4s_windows_50pct_overlap,scored_task,345,False,True,False
Subject02|arithmetic|Subject02_2.edf|32.000|36.000,Subject02,arithmetic,1,Subject02_2.edf,32.0,36.0,62.0,False,4.0,2.0,4s_windows_50pct_overlap,scored_task,346,False,True,False
Subject02|arithmetic|Subject02_2.edf|34.000|38.000,Subject02,arithmetic,1,Subject02_2.edf,34.0,38.0,62.0,False,4.0,2.0,4s_windows_50pct_overlap,scored_task,347,False,True,False
Subject02|arithmetic|Subject02_2.edf|36.000|40.000,Subject02,arithmetic,1,Subject02_2.edf,36.0,40.0,62.0,False,4.0,2.0,4s_windows_50pct_overlap,scored_task,348,False,True,False
Subject02|arithmetic|Subject02_2.edf|38.000|42.000,Subject02,arithmetic,1,Subject02_2.edf,38.0,42.0,62.0,False,4.0,2.0,4s_windows_50pct_overlap,scored_task,349,False,True,False
Subject02|arithmetic|Subject02_2.edf|40.000|44.000,Subject02,arithmetic,1,Subject02_2.edf,40.0,44.0,62.0,False,4.0,2.0,4s_windows_50pct_overlap,scored_task,350,False,True,False
Subject02|arithmetic|Subject02_2.edf|42.000|46.000,Subject02,arithmetic,1,Subject02_2.edf,42.0,46.0,62.0,False,4.0,2.0,4s_windows_50pct_overlap,scored_task,351,False,True,False
Subject02|arithmetic|Subject02_2.edf|44.000|48.000,Subject02,arithmetic,1,Subject02_2.edf,44.0,48.0,62.0,False,4.0,2.0,4s_windows_50pct_overlap,scored_task,352,False,True,False
Subject02|arithmetic|Subject02_2.edf|46.000|50.000,Subject02,arithmetic,1,Subject02_2.edf,46.0,50.0,62.0,False,4.0,2.0,4s_windows_50pct_overlap,scored_task,353,False,True,False
Subject02|arithmetic|Subject02_2.edf|48.000|52.000,Subject02,arithmetic,1,Subject02_2.edf,48.0,52.0,62.0,False,4.0,2.0,4s_windows_50pct_overlap,scored_task,354,False,True,False
Subject02|arithmetic|Subject02_2.edf|50.000|54.000,Subject02,arithmetic,1,Subject02_2.edf,50.0,54.0,62.0,False,4.0,2.0,4s_windows_50pct_overlap,scored_task,355,False,True,False
Subject02|arithmetic|Subject02_2.edf|52.000|56.000,Subject02,arithmetic,1,Subject02_2.edf,52.0,56.0,62.0,False,4.0,2.0,4s_windows_50pct_overlap,scored_task,356,False,True,False
Subject02|arithmetic|Subject02_2.edf|54.000|58.000,Subject02,arithmetic,1,Subject02_2.edf,54.0,58.0,62.0,False,4.0,2.0,4s_windows_50pct_overlap,scored_task,357,False,True,False
Subject02|arithmetic|Subject02_2.edf|56.000|60.000,Subject02,arithmetic,1,Subject02_2.edf,56.0,60.0,62.0,False,4.0,2.0,4s_windows_50pct_overlap,scored_task,358,False,True,False
Subject02|arithmetic|Subject02_2.edf|58.000|62.000,Subject02,arithmetic,1,Subject02_2.edf,58.0,62.0,62.0,False,4.0,2.0,4s_windows_50pct_overlap,scored_task,359,False,True,False
Subject03|rest|Subject03_1.edf|0.000|4.000,Subject03,rest,0,Subject03_1.edf,0.0,4.0,182.0,False,4.0,2.0,4s_windows_50pct_overlap,calibration,360,True,False,False
Subject03|rest|Subject03_1.edf|2.000|6.000,Subject03,rest,0,Subject03_1.edf,2.0,6.0,182.0,False,4.0,2.0,4s_windows_50pct_overlap,calibration,361,True,False,False
Subject03|rest|Subject03_1.edf|4.000|8.000,Subject03,rest,0,Subject03_1.edf,4.0,8.0,182.0,False,4.0,2.0,4s_windows_50pct_overlap,calibration,362,True,False,False
Subject03|rest|Subject03_1.edf|6.000|10.000,Subject03,rest,0,Subject03_1.edf,6.0,10.0,182.0,False,4.0,2.0,4s_windows_50pct_overlap,calibration,363,True,False,False
Subject03|rest|Subject03_1.edf|8.000|12.000,Subject03,rest,0,Subject03_1.edf,8.0,12.0,182.0,False,4.0,2.0,4s_windows_50pct_overlap,calibration,364,True,False,False
Subject03|rest|Subject03_1.edf|10.000|14.000,Subject03,rest,0,Subject03_1.edf,10.0,14.0,182.0,False,4.0,2.0,4s_windows_50pct_overlap,calibration,365,True,False,False
Subject03|rest|Subject03_1.edf|12.000|16.000,Subject03,rest,0,Subject03_1.edf,12.0,16.0,182.0,False,4.0,2.0,4s_windows_50pct_overlap,calibration,366,True,False,False
Subject03|rest|Subject03_1.edf|14.000|18.000,Subject03,rest,0,Subject03_1.edf,14.0,18.0,182.0,False,4.0,2.0,4s_windows_50pct_overlap,calibration,367,True,False,False
Subject03|rest|Subject03_1.edf|16.000|20.000,Subject03,rest,0,Subject03_1.edf,16.0,20.0,182.0,False,4.0,2.0,4s_windows_50pct_overlap,calibration,368,True,False,False
Subject03|rest|Subject03_1.edf|18.000|22.000,Subject03,rest,0,Subject03_1.edf,18.0,22.0,182.0,False,4.0,2.0,4s_windows_50pct_overlap,calibration,369,True,False,False
Subject03|rest|Subject03_1.edf|20.000|24.000,Subject03,rest,0,Subject03_1.edf,20.0,24.0,182.0,False,4.0,2.0,4s_windows_50pct_overlap,calibration,370,True,False,False
Subject03|rest|Subject03_1.edf|22.000|26.000,Subject03,rest,0,Subject03_1.edf,22.0,26.0,182.0,False,4.0,2.0,4s_windows_50pct_overlap,calibration,371,True,False,False
Subject03|rest|Subject03_1.edf|24.000|28.000,Subject03,rest,0,Subject03_1.edf,24.0,28.0,182.0,False,4.0,2.0,4s_windows_50pct_overlap,calibration,372,True,False,False
Subject03|rest|Subject03_1.edf|26.000|30.000,Subject03,rest,0,Subject03_1.edf,26.0,30.0,182.0,False,4.0,2.0,4s_windows_50pct_overlap,calibration,373,True,False,False
Subject03|rest|Subject03_1.edf|28.000|32.000,Subject03,rest,0,Subject03_1.edf,28.0,32.0,182.0,False,4.0,2.0,4s_windows_50pct_overlap,calibration,374,True,False,False
Subject03|rest|Subject03_1.edf|30.000|34.000,Subject03,rest,0,Subject03_1.edf,30.0,34.0,182.0,False,4.0,2.0,4s_windows_50pct_overlap,calibration,375,True,False,False
Subject03|rest|Subject03_1.edf|32.000|36.000,Subject03,rest,0,Subject03_1.edf,32.0,36.0,182.0,False,4.0,2.0,4s_windows_50pct_overlap,calibration,376,True,False,False
Subject03|rest|Subject03_1.edf|34.000|38.000,Subject03,rest,0,Subject03_1.edf,34.0,38.0,182.0,False,4.0,2.0,4s_windows_50pct_overlap,calibration,377,True,False,False
Subject03|rest|Subject03_1.edf|36.000|40.000,Subject03,rest,0,Subject03_1.edf,36.0,40.0,182.0,False,4.0,2.0,4s_windows_50pct_overlap,calibration,378,True,False,False
Subject03|rest|Subject03_1.edf|38.000|42.000,Subject03,rest,0,Subject03_1.edf,38.0,42.0,182.0,False,4.0,2.0,4s_windows_50pct_overlap,calibration,379,True,False,False
Subject03|rest|Subject03_1.edf|40.000|44.000,Subject03,rest,0,Subject03_1.edf,40.0,44.0,182.0,False,4.0,2.0,4s_windows_50pct_overlap,calibration,380,True,False,False
Subject03|rest|Subject03_1.edf|42.000|46.000,Subject03,rest,0,Subject03_1.edf,42.0,46.0,182.0,False,4.0,2.0,4s_windows_50pct_overlap,calibration,381,True,False,False
Subject03|rest|Subject03_1.edf|44.000|48.000,Subject03,rest,0,Subject03_1.edf,44.0,48.0,182.0,False,4.0,2.0,4s_windows_50pct_overlap,calibration,382,True,False,False
Subject03|rest|Subject03_1.edf|46.000|50.000,Subject03,rest,0,Subject03_1.edf,46.0,50.0,182.0,False,4.0,2.0,4s_windows_50pct_overlap,calibration,383,True,False,False
Subject03|rest|Subject03_1.edf|48.000|52.000,Subject03,rest,0,Subject03_1.edf,48.0,52.0,182.0,False,4.0,2.0,4s_windows_50pct_overlap,calibration,384,True,False,False
Subject03|rest|Subject03_1.edf|50.000|54.000,Subject03,rest,0,Subject03_1.edf,50.0,54.0,182.0,False,4.0,2.0,4s_windows_50pct_overlap,calibration,385,True,False,False
Subject03|rest|Subject03_1.edf|52.000|56.000,Subject03,rest,0,Subject03_1.edf,52.0,56.0,182.0,False,4.0,2.0,4s_windows_50pct_overlap,calibration,386,True,False,False
Subject03|rest|Subject03_1.edf|54.000|58.000,Subject03,rest,0,Subject03_1.edf,54.0,58.0,182.0,False,4.0,2.0,4s_windows_50pct_overlap,calibration,387,True,False,False
Subject03|rest|Subject03_1.edf|56.000|60.000,Subject03,rest,0,Subject03_1.edf,56.0,60.0,182.0,False,4.0,2.0,4s_windows_50pct_overlap,calibration,388,True,False,False
Subject03|rest|Subject03_1.edf|58.000|62.000,Subject03,rest,0,Subject03_1.edf,58.0,62.0,182.0,False,4.0,2.0,4s_windows_50pct_overlap,calibration,389,True,False,False
Subject03|rest|Subject03_1.edf|60.000|64.000,Subject03,rest,0,Subject03_1.edf,60.0,64.0,182.0,False,4.0,2.0,4s_windows_50pct_overlap,scored_rest,390,False,True,False
Subject03|rest|Subject03_1.edf|62.000|66.000,Subject03,rest,0,Subject03_1.edf,62.0,66.0,182.0,False,4.0,2.0,4s_windows_50pct_overlap,scored_rest,391,False,True,False
Subject03|rest|Subject03_1.edf|64.000|68.000,Subject03,rest,0,Subject03_1.edf,64.0,68.0,182.0,False,4.0,2.0,4s_windows_50pct_overlap,scored_rest,392,False,True,False
Subject03|rest|Subject03_1.edf|66.000|70.000,Subject03,rest,0,Subject03_1.edf,66.0,70.0,182.0,False,4.0,2.0,4s_windows_50pct_overlap,scored_rest,393,False,True,False
Subject03|rest|Subject03_1.edf|68.000|72.000,Subject03,rest,0,Subject03_1.edf,68.0,72.0,182.0,False,4.0,2.0,4s_windows_50pct_overlap,scored_rest,394,False,True,False
Subject03|rest|Subject03_1.edf|70.000|74.000,Subject03,rest,0,Subject03_1.edf,70.0,74.0,182.0,False,4.0,2.0,4s_windows_50pct_overlap,scored_rest,395,False,True,False
Subject03|rest|Subject03_1.edf|72.000|76.000,Subject03,rest,0,Subject03_1.edf,72.0,76.0,182.0,False,4.0,2.0,4s_windows_50pct_overlap,scored_rest,396,False,True,False
Subject03|rest|Subject03_1.edf|74.000|78.000,Subject03,rest,0,Subject03_1.edf,74.0,78.0,182.0,False,4.0,2.0,4s_windows_50pct_overlap,scored_rest,397,False,True,False
Subject03|rest|Subject03_1.edf|76.000|80.000,Subject03,rest,0,Subject03_1.edf,76.0,80.0,182.0,False,4.0,2.0,4s_windows_50pct_overlap,scored_rest,398,False,True,False
Subject03|rest|Subject03_1.edf|78.000|82.000,Subject03,rest,0,Subject03_1.edf,78.0,82.0,182.0,False,4.0,2.0,4s_windows_50pct_overlap,scored_rest,399,False,True,False
Subject03|rest|Subject03_1.edf|80.000|84.000,Subject03,rest,0,Subject03_1.edf,80.0,84.0,182.0,False,4.0,2.0,4s_windows_50pct_overlap,scored_rest,400,False,True,False
Subject03|rest|Subject03_1.edf|82.000|86.000,Subject03,rest,0,Subject03_1.edf,82.0,86.0,182.0,False,4.0,2.0,4s_windows_50pct_overlap,scored_rest,401,False,True,False
Subject03|rest|Subject03_1.edf|84.000|88.000,Subject03,rest,0,Subject03_1.edf,84.0,88.0,182.0,False,4.0,2.0,4s_windows_50pct_overlap,scored_rest,402,False,True,False
Subject03|rest|Subject03_1.edf|86.000|90.000,Subject03,rest,0,Subject03_1.edf,86.0,90.0,182.0,False,4.0,2.0,4s_windows_50pct_overlap,scored_rest,403,False,True,False
Subject03|rest|Subject03_1.edf|88.000|92.000,Subject03,rest,0,Subject03_1.edf,88.0,92.0,182.0,False,4.0,2.0,4s_windows_50pct_overlap,scored_rest,404,False,True,False
Subject03|rest|Subject03_1.edf|90.000|94.000,Subject03,rest,0,Subject03_1.edf,90.0,94.0,182.0,False,4.0,2.0,4s_windows_50pct_overlap,scored_rest,405,False,True,False
Subject03|rest|Subject03_1.edf|92.000|96.000,Subject03,rest,0,Subject03_1.edf,92.0,96.0,182.0,False,4.0,2.0,4s_windows_50pct_overlap,scored_rest,406,False,True,False
Subject03|rest|Subject03_1.edf|94.000|98.000,Subject03,rest,0,Subject03_1.edf,94.0,98.0,182.0,False,4.0,2.0,4s_windows_50pct_overlap,scored_rest,407,False,True,False
Subject03|rest|Subject03_1.edf|96.000|100.000,Subject03,rest,0,Subject03_1.edf,96.0,100.0,182.0,False,4.0,2.0,4s_windows_50pct_overlap,scored_rest,408,False,True,False
Subject03|rest|Subject03_1.edf|98.000|102.000,Subject03,rest,0,Subject03_1.edf,98.0,102.0,182.0,False,4.0,2.0,4s_windows_50pct_overlap,scored_rest,409,False,True,False
Subject03|rest|Subject03_1.edf|100.000|104.000,Subject03,rest,0,Subject03_1.edf,100.0,104.0,182.0,False,4.0,2.0,4s_windows_50pct_overlap,scored_rest,410,False,True,False
Subject03|rest|Subject03_1.edf|102.000|106.000,Subject03,rest,0,Subject03_1.edf,102.0,106.0,182.0,False,4.0,2.0,4s_windows_50pct_overlap,scored_rest,411,False,True,False
Subject03|rest|Subject03_1.edf|104.000|108.000,Subject03,rest,0,Subject03_1.edf,104.0,108.0,182.0,False,4.0,2.0,4s_windows_50pct_overlap,scored_rest,412,False,True,False
Subject03|rest|Subject03_1.edf|106.000|110.000,Subject03,rest,0,Subject03_1.edf,106.0,110.0,182.0,False,4.0,2.0,4s_windows_50pct_overlap,scored_rest,413,False,True,False
Subject03|rest|Subject03_1.edf|108.000|112.000,Subject03,rest,0,Subject03_1.edf,108.0,112.0,182.0,False,4.0,2.0,4s_windows_50pct_overlap,scored_rest,414,False,True,False
Subject03|rest|Subject03_1.edf|110.000|114.000,Subject03,rest,0,Subject03_1.edf,110.0,114.0,182.0,False,4.0,2.0,4s_windows_50pct_overlap,scored_rest,415,False,True,False
Subject03|rest|Subject03_1.edf|112.000|116.000,Subject03,rest,0,Subject03_1.edf,112.0,116.0,182.0,False,4.0,2.0,4s_windows_50pct_overlap,scored_rest,416,False,True,False
Subject03|rest|Subject03_1.edf|114.000|118.000,Subject03,rest,0,Subject03_1.edf,114.0,118.0,182.0,False,4.0,2.0,4s_windows_50pct_overlap,scored_rest,417,False,True,False
Subject03|rest|Subject03_1.edf|116.000|120.000,Subject03,rest,0,Subject03_1.edf,116.0,120.0,182.0,False,4.0,2.0,4s_windows_50pct_overlap,scored_rest,418,False,True,False
Subject03|rest|Subject03_1.edf|118.000|122.000,Subject03,rest,0,Subject03_1.edf,118.0,122.0,182.0,False,4.0,2.0,4s_windows_50pct_overlap,scored_rest,419,False,True,False
Subject03|rest|Subject03_1.edf|120.000|124.000,Subject03,rest,0,Subject03_1.edf,120.0,124.0,182.0,False,4.0,2.0,4s_windows_50pct_overlap,scored_rest,420,False,True,False
Subject03|rest|Subject03_1.edf|122.000|126.000,Subject03,rest,0,Subject03_1.edf,122.0,126.0,182.0,False,4.0,2.0,4s_windows_50pct_overlap,scored_rest,421,False,True,False
Subject03|rest|Subject03_1.edf|124.000|128.000,Subject03,rest,0,Subject03_1.edf,124.0,128.0,182.0,False,4.0,2.0,4s_windows_50pct_overlap,scored_rest,422,False,True,False
Subject03|rest|Subject03_1.edf|126.000|130.000,Subject03,rest,0,Subject03_1.edf,126.0,130.0,182.0,False,4.0,2.0,4s_windows_50pct_overlap,scored_rest,423,False,True,False
Subject03|rest|Subject03_1.edf|128.000|132.000,Subject03,rest,0,Subject03_1.edf,128.0,132.0,182.0,False,4.0,2.0,4s_windows_50pct_overlap,scored_rest,424,False,True,False
Subject03|rest|Subject03_1.edf|130.000|134.000,Subject03,rest,0,Subject03_1.edf,130.0,134.0,182.0,False,4.0,2.0,4s_windows_50pct_overlap,scored_rest,425,False,True,False
Subject03|rest|Subject03_1.edf|132.000|136.000,Subject03,rest,0,Subject03_1.edf,132.0,136.0,182.0,False,4.0,2.0,4s_windows_50pct_overlap,scored_rest,426,False,True,False
Subject03|rest|Subject03_1.edf|134.000|138.000,Subject03,rest,0,Subject03_1.edf,134.0,138.0,182.0,False,4.0,2.0,4s_windows_50pct_overlap,scored_rest,427,False,True,False
Subject03|rest|Subject03_1.edf|136.000|140.000,Subject03,rest,0,Subject03_1.edf,136.0,140.0,182.0,False,4.0,2.0,4s_windows_50pct_overlap,scored_rest,428,False,True,False
Subject03|rest|Subject03_1.edf|138.000|142.000,Subject03,rest,0,Subject03_1.edf,138.0,142.0,182.0,False,4.0,2.0,4s_windows_50pct_overlap,scored_rest,429,False,True,False
Subject03|rest|Subject03_1.edf|140.000|144.000,Subject03,rest,0,Subject03_1.edf,140.0,144.0,182.0,False,4.0,2.0,4s_windows_50pct_overlap,scored_rest,430,False,True,False
Subject03|rest|Subject03_1.edf|142.000|146.000,Subject03,rest,0,Subject03_1.edf,142.0,146.0,182.0,False,4.0,2.0,4s_windows_50pct_overlap,scored_rest,431,False,True,False
Subject03|rest|Subject03_1.edf|144.000|148.000,Subject03,rest,0,Subject03_1.edf,144.0,148.0,182.0,False,4.0,2.0,4s_windows_50pct_overlap,scored_rest,432,False,True,False
Subject03|rest|Subject03_1.edf|146.000|150.000,Subject03,rest,0,Subject03_1.edf,146.0,150.0,182.0,False,4.0,2.0,4s_windows_50pct_overlap,scored_rest,433,False,True,False
Subject03|rest|Subject03_1.edf|148.000|152.000,Subject03,rest,0,Subject03_1.edf,148.0,152.0,182.0,False,4.0,2.0,4s_windows_50pct_overlap,scored_rest,434,False,True,False
Subject03|rest|Subject03_1.edf|150.000|154.000,Subject03,rest,0,Subject03_1.edf,150.0,154.0,182.0,False,4.0,2.0,4s_windows_50pct_overlap,scored_rest,435,False,True,False
Subject03|rest|Subject03_1.edf|152.000|156.000,Subject03,rest,0,Subject03_1.edf,152.0,156.0,182.0,False,4.0,2.0,4s_windows_50pct_overlap,scored_rest,436,False,True,False
Subject03|rest|Subject03_1.edf|154.000|158.000,Subject03,rest,0,Subject03_1.edf,154.0,158.0,182.0,False,4.0,2.0,4s_windows_50pct_overlap,scored_rest,437,False,True,False
Subject03|rest|Subject03_1.edf|156.000|160.000,Subject03,rest,0,Subject03_1.edf,156.0,160.0,182.0,False,4.0,2.0,4s_windows_50pct_overlap,scored_rest,438,False,True,False
Subject03|rest|Subject03_1.edf|158.000|162.000,Subject03,rest,0,Subject03_1.edf,158.0,162.0,182.0,False,4.0,2.0,4s_windows_50pct_overlap,scored_rest,439,False,True,False
Subject03|rest|Subject03_1.edf|160.000|164.000,Subject03,rest,0,Subject03_1.edf,160.0,164.0,182.0,False,4.0,2.0,4s_windows_50pct_overlap,scored_rest,440,False,True,False
Subject03|rest|Subject03_1.edf|162.000|166.000,Subject03,rest,0,Subject03_1.edf,162.0,166.0,182.0,False,4.0,2.0,4s_windows_50pct_overlap,scored_rest,441,False,True,False
Subject03|rest|Subject03_1.edf|164.000|168.000,Subject03,rest,0,Subject03_1.edf,164.0,168.0,182.0,False,4.0,2.0,4s_windows_50pct_overlap,scored_rest,442,False,True,False
Subject03|rest|Subject03_1.edf|166.000|170.000,Subject03,rest,0,Subject03_1.edf,166.0,170.0,182.0,False,4.0,2.0,4s_windows_50pct_overlap,scored_rest,443,False,True,False
Subject03|rest|Subject03_1.edf|168.000|172.000,Subject03,rest,0,Subject03_1.edf,168.0,172.0,182.0,False,4.0,2.0,4s_windows_50pct_overlap,scored_rest,444,False,True,False
Subject03|rest|Subject03_1.edf|170.000|174.000,Subject03,rest,0,Subject03_1.edf,170.0,174.0,182.0,False,4.0,2.0,4s_windows_50pct_overlap,scored_rest,445,False,True,False
Subject03|rest|Subject03_1.edf|172.000|176.000,Subject03,rest,0,Subject03_1.edf,172.0,176.0,182.0,False,4.0,2.0,4s_windows_50pct_overlap,scored_rest,446,False,True,False
Subject03|rest|Subject03_1.edf|174.000|178.000,Subject03,rest,0,Subject03_1.edf,174.0,178.0,182.0,False,4.0,2.0,4s_windows_50pct_overlap,scored_rest,447,False,True,False
Subject03|rest|Subject03_1.edf|176.000|180.000,Subject03,rest,0,Subject03_1.edf,176.0,180.0,182.0,False,4.0,2.0,4s_windows_50pct_overlap,scored_rest,448,False,True,False
Subject03|rest|Subject03_1.edf|178.000|182.000,Subject03,rest,0,Subject03_1.edf,178.0,182.0,182.0,False,4.0,2.0,4s_windows_50pct_overlap,scored_rest,449,False,True,False
Subject03|arithmetic|Subject03_2.edf|0.000|4.000,Subject03,arithmetic,1,Subject03_2.edf,0.0,4.0,62.0,False,4.0,2.0,4s_windows_50pct_overlap,scored_task,450,False,True,False
Subject03|arithmetic|Subject03_2.edf|2.000|6.000,Subject03,arithmetic,1,Subject03_2.edf,2.0,6.0,62.0,False,4.0,2.0,4s_windows_50pct_overlap,scored_task,451,False,True,False
Subject03|arithmetic|Subject03_2.edf|4.000|8.000,Subject03,arithmetic,1,Subject03_2.edf,4.0,8.0,62.0,False,4.0,2.0,4s_windows_50pct_overlap,scored_task,452,False,True,False
Subject03|arithmetic|Subject03_2.edf|6.000|10.000,Subject03,arithmetic,1,Subject03_2.edf,6.0,10.0,62.0,False,4.0,2.0,4s_windows_50pct_overlap,scored_task,453,False,True,False
Subject03|arithmetic|Subject03_2.edf|8.000|12.000,Subject03,arithmetic,1,Subject03_2.edf,8.0,12.0,62.0,False,4.0,2.0,4s_windows_50pct_overlap,scored_task,454,False,True,False
Subject03|arithmetic|Subject03_2.edf|10.000|14.000,Subject03,arithmetic,1,Subject03_2.edf,10.0,14.0,62.0,False,4.0,2.0,4s_windows_50pct_overlap,scored_task,455,False,True,False
Subject03|arithmetic|Subject03_2.edf|12.000|16.000,Subject03,arithmetic,1,Subject03_2.edf,12.0,16.0,62.0,False,4.0,2.0,4s_windows_50pct_overlap,scored_task,456,False,True,False
Subject03|arithmetic|Subject03_2.edf|14.000|18.000,Subject03,arithmetic,1,Subject03_2.edf,14.0,18.0,62.0,False,4.0,2.0,4s_windows_50pct_overlap,scored_task,457,False,True,False
Subject03|arithmetic|Subject03_2.edf|16.000|20.000,Subject03,arithmetic,1,Subject03_2.edf,16.0,20.0,62.0,False,4.0,2.0,4s_windows_50pct_overlap,scored_task,458,False,True,False
Subject03|arithmetic|Subject03_2.edf|18.000|22.000,Subject03,arithmetic,1,Subject03_2.edf,18.0,22.0,62.0,False,4.0,2.0,4s_windows_50pct_overlap,scored_task,459,False,True,False
Subject03|arithmetic|Subject03_2.edf|20.000|24.000,Subject03,arithmetic,1,Subject03_2.edf,20.0,24.0,62.0,False,4.0,2.0,4s_windows_50pct_overlap,scored_task,460,False,True,False
Subject03|arithmetic|Subject03_2.edf|22.000|26.000,Subject03,arithmetic,1,Subject03_2.edf,22.0,26.0,62.0,False,4.0,2.0,4s_windows_50pct_overlap,scored_task,461,False,True,False
Subject03|arithmetic|Subject03_2.edf|24.000|28.000,Subject03,arithmetic,1,Subject03_2.edf,24.0,28.0,62.0,False,4.0,2.0,4s_windows_50pct_overlap,scored_task,462,False,True,False
Subject03|arithmetic|Subject03_2.edf|26.000|30.000,Subject03,arithmetic,1,Subject03_2.edf,26.0,30.0,62.0,False,4.0,2.0,4s_windows_50pct_overlap,scored_task,463,False,True,False
Subject03|arithmetic|Subject03_2.edf|28.000|32.000,Subject03,arithmetic,1,Subject03_2.edf,28.0,32.0,62.0,False,4.0,2.0,4s_windows_50pct_overlap,scored_task,464,False,True,False
Subject03|arithmetic|Subject03_2.edf|30.000|34.000,Subject03,arithmetic,1,Subject03_2.edf,30.0,34.0,62.0,False,4.0,2.0,4s_windows_50pct_overlap,scored_task,465,False,True,False
Subject03|arithmetic|Subject03_2.edf|32.000|36.000,Subject03,arithmetic,1,Subject03_2.edf,32.0,36.0,62.0,False,4.0,2.0,4s_windows_50pct_overlap,scored_task,466,False,True,False
Subject03|arithmetic|Subject03_2.edf|34.000|38.000,Subject03,arithmetic,1,Subject03_2.edf,34.0,38.0,62.0,False,4.0,2.0,4s_windows_50pct_overlap,scored_task,467,False,True,False
Subject03|arithmetic|Subject03_2.edf|36.000|40.000,Subject03,arithmetic,1,Subject03_2.edf,36.0,40.0,62.0,False,4.0,2.0,4s_windows_50pct_overlap,scored_task,468,False,True,False
Subject03|arithmetic|Subject03_2.edf|38.000|42.000,Subject03,arithmetic,1,Subject03_2.edf,38.0,42.0,62.0,False,4.0,2.0,4s_windows_50pct_overlap,scored_task,469,False,True,False
Subject03|arithmetic|Subject03_2.edf|40.000|44.000,Subject03,arithmetic,1,Subject03_2.edf,40.0,44.0,62.0,False,4.0,2.0,4s_windows_50pct_overlap,scored_task,470,False,True,False
Subject03|arithmetic|Subject03_2.edf|42.000|46.000,Subject03,arithmetic,1,Subject03_2.edf,42.0,46.0,62.0,False,4.0,2.0,4s_windows_50pct_overlap,scored_task,471,False,True,False
Subject03|arithmetic|Subject03_2.edf|44.000|48.000,Subject03,arithmetic,1,Subject03_2.edf,44.0,48.0,62.0,False,4.0,2.0,4s_windows_50pct_overlap,scored_task,472,False,True,False
Subject03|arithmetic|Subject03_2.edf|46.000|50.000,Subject03,arithmetic,1,Subject03_2.edf,46.0,50.0,62.0,False,4.0,2.0,4s_windows_50pct_overlap,scored_task,473,False,True,False
Subject03|arithmetic|Subject03_2.edf|48.000|52.000,Subject03,arithmetic,1,Subject03_2.edf,48.0,52.0,62.0,False,4.0,2.0,4s_windows_50pct_overlap,scored_task,474,False,True,False
Subject03|arithmetic|Subject03_2.edf|50.000|54.000,Subject03,arithmetic,1,Subject03_2.edf,50.0,54.0,62.0,False,4.0,2.0,4s_windows_50pct_overlap,scored_task,475,False,True,False
Subject03|arithmetic|Subject03_2.edf|52.000|56.000,Subject03,arithmetic,1,Subject03_2.edf,52.0,56.0,62.0,False,4.0,2.0,4s_windows_50pct_overlap,scored_task,476,False,True,False
Subject03|arithmetic|Subject03_2.edf|54.000|58.000,Subject03,arithmetic,1,Subject03_2.edf,54.0,58.0,62.0,False,4.0,2.0,4s_windows_50pct_overlap,scored_task,477,False,True,False
Subject03|arithmetic|Subject03_2.edf|56.000|60.000,Subject03,arithmetic,1,Subject03_2.edf,56.0,60.0,62.0,False,4.0,2.0,4s_windows_50pct_overlap,scored_task,478,False,True,False
Subject03|arithmetic|Subject03_2.edf|58.000|62.000,Subject03,arithmetic,1,Subject03_2.edf,58.0,62.0,62.0,False,4.0,2.0,4s_windows_50pct_overlap,scored_task,479,False,True,False
Subject04|rest|Subject04_1.edf|0.000|4.000,Subject04,rest,0,Subject04_1.edf,0.0,4.0,170.0,False,4.0,2.0,4s_windows_50pct_overlap,calibration,480,True,False,False
Subject04|rest|Subject04_1.edf|2.000|6.000,Subject04,rest,0,Subject04_1.edf,2.0,6.0,170.0,False,4.0,2.0,4s_windows_50pct_overlap,calibration,481,True,False,False
Subject04|rest|Subject04_1.edf|4.000|8.000,Subject04,rest,0,Subject04_1.edf,4.0,8.0,170.0,False,4.0,2.0,4s_windows_50pct_overlap,calibration,482,True,False,False
Subject04|rest|Subject04_1.edf|6.000|10.000,Subject04,rest,0,Subject04_1.edf,6.0,10.0,170.0,False,4.0,2.0,4s_windows_50pct_overlap,calibration,483,True,False,False
Subject04|rest|Subject04_1.edf|8.000|12.000,Subject04,rest,0,Subject04_1.edf,8.0,12.0,170.0,False,4.0,2.0,4s_windows_50pct_overlap,calibration,484,True,False,False
Subject04|rest|Subject04_1.edf|10.000|14.000,Subject04,rest,0,Subject04_1.edf,10.0,14.0,170.0,False,4.0,2.0,4s_windows_50pct_overlap,calibration,485,True,False,False
Subject04|rest|Subject04_1.edf|12.000|16.000,Subject04,rest,0,Subject04_1.edf,12.0,16.0,170.0,False,4.0,2.0,4s_windows_50pct_overlap,calibration,486,True,False,False
Subject04|rest|Subject04_1.edf|14.000|18.000,Subject04,rest,0,Subject04_1.edf,14.0,18.0,170.0,False,4.0,2.0,4s_windows_50pct_overlap,calibration,487,True,False,False
Subject04|rest|Subject04_1.edf|16.000|20.000,Subject04,rest,0,Subject04_1.edf,16.0,20.0,170.0,False,4.0,2.0,4s_windows_50pct_overlap,calibration,488,True,False,False
Subject04|rest|Subject04_1.edf|18.000|22.000,Subject04,rest,0,Subject04_1.edf,18.0,22.0,170.0,False,4.0,2.0,4s_windows_50pct_overlap,calibration,489,True,False,False
Subject04|rest|Subject04_1.edf|20.000|24.000,Subject04,rest,0,Subject04_1.edf,20.0,24.0,170.0,False,4.0,2.0,4s_windows_50pct_overlap,calibration,490,True,False,False
Subject04|rest|Subject04_1.edf|22.000|26.000,Subject04,rest,0,Subject04_1.edf,22.0,26.0,170.0,False,4.0,2.0,4s_windows_50pct_overlap,calibration,491,True,False,False
Subject04|rest|Subject04_1.edf|24.000|28.000,Subject04,rest,0,Subject04_1.edf,24.0,28.0,170.0,False,4.0,2.0,4s_windows_50pct_overlap,calibration,492,True,False,False
Subject04|rest|Subject04_1.edf|26.000|30.000,Subject04,rest,0,Subject04_1.edf,26.0,30.0,170.0,False,4.0,2.0,4s_windows_50pct_overlap,calibration,493,True,False,False
Subject04|rest|Subject04_1.edf|28.000|32.000,Subject04,rest,0,Subject04_1.edf,28.0,32.0,170.0,False,4.0,2.0,4s_windows_50pct_overlap,calibration,494,True,False,False
Subject04|rest|Subject04_1.edf|30.000|34.000,Subject04,rest,0,Subject04_1.edf,30.0,34.0,170.0,False,4.0,2.0,4s_windows_50pct_overlap,calibration,495,True,False,False
Subject04|rest|Subject04_1.edf|32.000|36.000,Subject04,rest,0,Subject04_1.edf,32.0,36.0,170.0,False,4.0,2.0,4s_windows_50pct_overlap,calibration,496,True,False,False
Subject04|rest|Subject04_1.edf|34.000|38.000,Subject04,rest,0,Subject04_1.edf,34.0,38.0,170.0,False,4.0,2.0,4s_windows_50pct_overlap,calibration,497,True,False,False
Subject04|rest|Subject04_1.edf|36.000|40.000,Subject04,rest,0,Subject04_1.edf,36.0,40.0,170.0,False,4.0,2.0,4s_windows_50pct_overlap,calibration,498,True,False,False
Subject04|rest|Subject04_1.edf|38.000|42.000,Subject04,rest,0,Subject04_1.edf,38.0,42.0,170.0,False,4.0,2.0,4s_windows_50pct_overlap,calibration,499,True,False,False
Subject04|rest|Subject04_1.edf|40.000|44.000,Subject04,rest,0,Subject04_1.edf,40.0,44.0,170.0,False,4.0,2.0,4s_windows_50pct_overlap,calibration,500,True,False,False
Subject04|rest|Subject04_1.edf|42.000|46.000,Subject04,rest,0,Subject04_1.edf,42.0,46.0,170.0,False,4.0,2.0,4s_windows_50pct_overlap,calibration,501,True,False,False
Subject04|rest|Subject04_1.edf|44.000|48.000,Subject04,rest,0,Subject04_1.edf,44.0,48.0,170.0,False,4.0,2.0,4s_windows_50pct_overlap,calibration,502,True,False,False
Subject04|rest|Subject04_1.edf|46.000|50.000,Subject04,rest,0,Subject04_1.edf,46.0,50.0,170.0,False,4.0,2.0,4s_windows_50pct_overlap,calibration,503,True,False,False
Subject04|rest|Subject04_1.edf|48.000|52.000,Subject04,rest,0,Subject04_1.edf,48.0,52.0,170.0,False,4.0,2.0,4s_windows_50pct_overlap,calibration,504,True,False,False
Subject04|rest|Subject04_1.edf|50.000|54.000,Subject04,rest,0,Subject04_1.edf,50.0,54.0,170.0,False,4.0,2.0,4s_windows_50pct_overlap,calibration,505,True,False,False
Subject04|rest|Subject04_1.edf|52.000|56.000,Subject04,rest,0,Subject04_1.edf,52.0,56.0,170.0,False,4.0,2.0,4s_windows_50pct_overlap,calibration,506,True,False,False
Subject04|rest|Subject04_1.edf|54.000|58.000,Subject04,rest,0,Subject04_1.edf,54.0,58.0,170.0,False,4.0,2.0,4s_windows_50pct_overlap,calibration,507,True,False,False
Subject04|rest|Subject04_1.edf|56.000|60.000,Subject04,rest,0,Subject04_1.edf,56.0,60.0,170.0,False,4.0,2.0,4s_windows_50pct_overlap,calibration,508,True,False,False
Subject04|rest|Subject04_1.edf|58.000|62.000,Subject04,rest,0,Subject04_1.edf,58.0,62.0,170.0,False,4.0,2.0,4s_windows_50pct_overlap,calibration,509,True,False,False
Subject04|rest|Subject04_1.edf|60.000|64.000,Subject04,rest,0,Subject04_1.edf,60.0,64.0,170.0,False,4.0,2.0,4s_windows_50pct_overlap,scored_rest,510,False,True,False
Subject04|rest|Subject04_1.edf|62.000|66.000,Subject04,rest,0,Subject04_1.edf,62.0,66.0,170.0,False,4.0,2.0,4s_windows_50pct_overlap,scored_rest,511,False,True,False
Subject04|rest|Subject04_1.edf|64.000|68.000,Subject04,rest,0,Subject04_1.edf,64.0,68.0,170.0,False,4.0,2.0,4s_windows_50pct_overlap,scored_rest,512,False,True,False
Subject04|rest|Subject04_1.edf|66.000|70.000,Subject04,rest,0,Subject04_1.edf,66.0,70.0,170.0,False,4.0,2.0,4s_windows_50pct_overlap,scored_rest,513,False,True,False
Subject04|rest|Subject04_1.edf|68.000|72.000,Subject04,rest,0,Subject04_1.edf,68.0,72.0,170.0,False,4.0,2.0,4s_windows_50pct_overlap,scored_rest,514,False,True,False
Subject04|rest|Subject04_1.edf|70.000|74.000,Subject04,rest,0,Subject04_1.edf,70.0,74.0,170.0,False,4.0,2.0,4s_windows_50pct_overlap,scored_rest,515,False,True,False
Subject04|rest|Subject04_1.edf|72.000|76.000,Subject04,rest,0,Subject04_1.edf,72.0,76.0,170.0,False,4.0,2.0,4s_windows_50pct_overlap,scored_rest,516,False,True,False
Subject04|rest|Subject04_1.edf|74.000|78.000,Subject04,rest,0,Subject04_1.edf,74.0,78.0,170.0,False,4.0,2.0,4s_windows_50pct_overlap,scored_rest,517,False,True,False
Subject04|rest|Subject04_1.edf|76.000|80.000,Subject04,rest,0,Subject04_1.edf,76.0,80.0,170.0,False,4.0,2.0,4s_windows_50pct_overlap,scored_rest,518,False,True,False
Subject04|rest|Subject04_1.edf|78.000|82.000,Subject04,rest,0,Subject04_1.edf,78.0,82.0,170.0,False,4.0,2.0,4s_windows_50pct_overlap,scored_rest,519,False,True,False
Subject04|rest|Subject04_1.edf|80.000|84.000,Subject04,rest,0,Subject04_1.edf,80.0,84.0,170.0,False,4.0,2.0,4s_windows_50pct_overlap,scored_rest,520,False,True,False
Subject04|rest|Subject04_1.edf|82.000|86.000,Subject04,rest,0,Subject04_1.edf,82.0,86.0,170.0,False,4.0,2.0,4s_windows_50pct_overlap,scored_rest,521,False,True,False
Subject04|rest|Subject04_1.edf|84.000|88.000,Subject04,rest,0,Subject04_1.edf,84.0,88.0,170.0,False,4.0,2.0,4s_windows_50pct_overlap,scored_rest,522,False,True,False
Subject04|rest|Subject04_1.edf|86.000|90.000,Subject04,rest,0,Subject04_1.edf,86.0,90.0,170.0,False,4.0,2.0,4s_windows_50pct_overlap,scored_rest,523,False,True,False
Subject04|rest|Subject04_1.edf|88.000|92.000,Subject04,rest,0,Subject04_1.edf,88.0,92.0,170.0,False,4.0,2.0,4s_windows_50pct_overlap,scored_rest,524,False,True,False
Subject04|rest|Subject04_1.edf|90.000|94.000,Subject04,rest,0,Subject04_1.edf,90.0,94.0,170.0,False,4.0,2.0,4s_windows_50pct_overlap,scored_rest,525,False,True,False
Subject04|rest|Subject04_1.edf|92.000|96.000,Subject04,rest,0,Subject04_1.edf,92.0,96.0,170.0,False,4.0,2.0,4s_windows_50pct_overlap,scored_rest,526,False,True,False
Subject04|rest|Subject04_1.edf|94.000|98.000,Subject04,rest,0,Subject04_1.edf,94.0,98.0,170.0,False,4.0,2.0,4s_windows_50pct_overlap,scored_rest,527,False,True,False
Subject04|rest|Subject04_1.edf|96.000|100.000,Subject04,rest,0,Subject04_1.edf,96.0,100.0,170.0,False,4.0,2.0,4s_windows_50pct_overlap,scored_rest,528,False,True,False
Subject04|rest|Subject04_1.edf|98.000|102.000,Subject04,rest,0,Subject04_1.edf,98.0,102.0,170.0,False,4.0,2.0,4s_windows_50pct_overlap,scored_rest,529,False,True,False
Subject04|rest|Subject04_1.edf|100.000|104.000,Subject04,rest,0,Subject04_1.edf,100.0,104.0,170.0,False,4.0,2.0,4s_windows_50pct_overlap,scored_rest,530,False,True,False
Subject04|rest|Subject04_1.edf|102.000|106.000,Subject04,rest,0,Subject04_1.edf,102.0,106.0,170.0,False,4.0,2.0,4s_windows_50pct_overlap,scored_rest,531,False,True,False
Subject04|rest|Subject04_1.edf|104.000|108.000,Subject04,rest,0,Subject04_1.edf,104.0,108.0,170.0,False,4.0,2.0,4s_windows_50pct_overlap,scored_rest,532,False,True,False
Subject04|rest|Subject04_1.edf|106.000|110.000,Subject04,rest,0,Subject04_1.edf,106.0,110.0,170.0,False,4.0,2.0,4s_windows_50pct_overlap,scored_rest,533,False,True,False
Subject04|rest|Subject04_1.edf|108.000|112.000,Subject04,rest,0,Subject04_1.edf,108.0,112.0,170.0,False,4.0,2.0,4s_windows_50pct_overlap,scored_rest,534,False,True,False
Subject04|rest|Subject04_1.edf|110.000|114.000,Subject04,rest,0,Subject04_1.edf,110.0,114.0,170.0,False,4.0,2.0,4s_windows_50pct_overlap,scored_rest,535,False,True,False
Subject04|rest|Subject04_1.edf|112.000|116.000,Subject04,rest,0,Subject04_1.edf,112.0,116.0,170.0,False,4.0,2.0,4s_windows_50pct_overlap,scored_rest,536,False,True,False
Subject04|rest|Subject04_1.edf|114.000|118.000,Subject04,rest,0,Subject04_1.edf,114.0,118.0,170.0,False,4.0,2.0,4s_windows_50pct_overlap,scored_rest,537,False,True,False
Subject04|rest|Subject04_1.edf|116.000|120.000,Subject04,rest,0,Subject04_1.edf,116.0,120.0,170.0,False,4.0,2.0,4s_windows_50pct_overlap,scored_rest,538,False,True,False
Subject04|rest|Subject04_1.edf|118.000|122.000,Subject04,rest,0,Subject04_1.edf,118.0,122.0,170.0,False,4.0,2.0,4s_windows_50pct_overlap,scored_rest,539,False,True,False
Subject04|rest|Subject04_1.edf|120.000|124.000,Subject04,rest,0,Subject04_1.edf,120.0,124.0,170.0,False,4.0,2.0,4s_windows_50pct_overlap,scored_rest,540,False,True,False
Subject04|rest|Subject04_1.edf|122.000|126.000,Subject04,rest,0,Subject04_1.edf,122.0,126.0,170.0,False,4.0,2.0,4s_windows_50pct_overlap,scored_rest,541,False,True,False
Subject04|rest|Subject04_1.edf|124.000|128.000,Subject04,rest,0,Subject04_1.edf,124.0,128.0,170.0,False,4.0,2.0,4s_windows_50pct_overlap,scored_rest,542,False,True,False
Subject04|rest|Subject04_1.edf|126.000|130.000,Subject04,rest,0,Subject04_1.edf,126.0,130.0,170.0,False,4.0,2.0,4s_windows_50pct_overlap,scored_rest,543,False,True,False
Subject04|rest|Subject04_1.edf|128.000|132.000,Subject04,rest,0,Subject04_1.edf,128.0,132.0,170.0,False,4.0,2.0,4s_windows_50pct_overlap,scored_rest,544,False,True,False
Subject04|rest|Subject04_1.edf|130.000|134.000,Subject04,rest,0,Subject04_1.edf,130.0,134.0,170.0,False,4.0,2.0,4s_windows_50pct_overlap,scored_rest,545,False,True,False
Subject04|rest|Subject04_1.edf|132.000|136.000,Subject04,rest,0,Subject04_1.edf,132.0,136.0,170.0,False,4.0,2.0,4s_windows_50pct_overlap,scored_rest,546,False,True,False
Subject04|rest|Subject04_1.edf|134.000|138.000,Subject04,rest,0,Subject04_1.edf,134.0,138.0,170.0,False,4.0,2.0,4s_windows_50pct_overlap,scored_rest,547,False,True,False
Subject04|rest|Subject04_1.edf|136.000|140.000,Subject04,rest,0,Subject04_1.edf,136.0,140.0,170.0,False,4.0,2.0,4s_windows_50pct_overlap,scored_rest,548,False,True,False
Subject04|rest|Subject04_1.edf|138.000|142.000,Subject04,rest,0,Subject04_1.edf,138.0,142.0,170.0,False,4.0,2.0,4s_windows_50pct_overlap,scored_rest,549,False,True,False
Subject04|rest|Subject04_1.edf|140.000|144.000,Subject04,rest,0,Subject04_1.edf,140.0,144.0,170.0,False,4.0,2.0,4s_windows_50pct_overlap,scored_rest,550,False,True,False
Subject04|rest|Subject04_1.edf|142.000|146.000,Subject04,rest,0,Subject04_1.edf,142.0,146.0,170.0,False,4.0,2.0,4s_windows_50pct_overlap,scored_rest,551,False,True,False
Subject04|rest|Subject04_1.edf|144.000|148.000,Subject04,rest,0,Subject04_1.edf,144.0,148.0,170.0,False,4.0,2.0,4s_windows_50pct_overlap,scored_rest,552,False,True,False
Subject04|rest|Subject04_1.edf|146.000|150.000,Subject04,rest,0,Subject04_1.edf,146.0,150.0,170.0,False,4.0,2.0,4s_windows_50pct_overlap,scored_rest,553,False,True,False
Subject04|rest|Subject04_1.edf|148.000|152.000,Subject04,rest,0,Subject04_1.edf,148.0,152.0,170.0,False,4.0,2.0,4s_windows_50pct_overlap,scored_rest,554,False,True,False
Subject04|rest|Subject04_1.edf|150.000|154.000,Subject04,rest,0,Subject04_1.edf,150.0,154.0,170.0,False,4.0,2.0,4s_windows_50pct_overlap,scored_rest,555,False,True,False
Subject04|rest|Subject04_1.edf|152.000|156.000,Subject04,rest,0,Subject04_1.edf,152.0,156.0,170.0,False,4.0,2.0,4s_windows_50pct_overlap,scored_rest,556,False,True,False
Subject04|rest|Subject04_1.edf|154.000|158.000,Subject04,rest,0,Subject04_1.edf,154.0,158.0,170.0,False,4.0,2.0,4s_windows_50pct_overlap,scored_rest,557,False,True,False
Subject04|rest|Subject04_1.edf|156.000|160.000,Subject04,rest,0,Subject04_1.edf,156.0,160.0,170.0,False,4.0,2.0,4s_windows_50pct_overlap,scored_rest,558,False,True,False
Subject04|rest|Subject04_1.edf|158.000|162.000,Subject04,rest,0,Subject04_1.edf,158.0,162.0,170.0,False,4.0,2.0,4s_windows_50pct_overlap,scored_rest,559,False,True,False
Subject04|rest|Subject04_1.edf|160.000|164.000,Subject04,rest,0,Subject04_1.edf,160.0,164.0,170.0,False,4.0,2.0,4s_windows_50pct_overlap,scored_rest,560,False,True,False
Subject04|rest|Subject04_1.edf|162.000|166.000,Subject04,rest,0,Subject04_1.edf,162.0,166.0,170.0,False,4.0,2.0,4s_windows_50pct_overlap,scored_rest,561,False,True,False
Subject04|rest|Subject04_1.edf|164.000|168.000,Subject04,rest,0,Subject04_1.edf,164.0,168.0,170.0,False,4.0,2.0,4s_windows_50pct_overlap,scored_rest,562,False,True,False
Subject04|rest|Subject04_1.edf|166.000|170.000,Subject04,rest,0,Subject04_1.edf,166.0,170.0,170.0,False,4.0,2.0,4s_windows_50pct_overlap,scored_rest,563,False,True,False
Subject04|arithmetic|Subject04_2.edf|0.000|4.000,Subject04,arithmetic,1,Subject04_2.edf,0.0,4.0,62.0,False,4.0,2.0,4s_windows_50pct_overlap,scored_task,564,False,True,False
Subject04|arithmetic|Subject04_2.edf|2.000|6.000,Subject04,arithmetic,1,Subject04_2.edf,2.0,6.0,62.0,False,4.0,2.0,4s_windows_50pct_overlap,scored_task,565,False,True,False
Subject04|arithmetic|Subject04_2.edf|4.000|8.000,Subject04,arithmetic,1,Subject04_2.edf,4.0,8.0,62.0,False,4.0,2.0,4s_windows_50pct_overlap,scored_task,566,False,True,False
Subject04|arithmetic|Subject04_2.edf|6.000|10.000,Subject04,arithmetic,1,Subject04_2.edf,6.0,10.0,62.0,False,4.0,2.0,4s_windows_50pct_overlap,scored_task,567,False,True,False
Subject04|arithmetic|Subject04_2.edf|8.000|12.000,Subject04,arithmetic,1,Subject04_2.edf,8.0,12.0,62.0,False,4.0,2.0,4s_windows_50pct_overlap,scored_task,568,False,True,False
Subject04|arithmetic|Subject04_2.edf|10.000|14.000,Subject04,arithmetic,1,Subject04_2.edf,10.0,14.0,62.0,False,4.0,2.0,4s_windows_50pct_overlap,scored_task,569,False,True,False
Subject04|arithmetic|Subject04_2.edf|12.000|16.000,Subject04,arithmetic,1,Subject04_2.edf,12.0,16.0,62.0,False,4.0,2.0,4s_windows_50pct_overlap,scored_task,570,False,True,False
Subject04|arithmetic|Subject04_2.edf|14.000|18.000,Subject04,arithmetic,1,Subject04_2.edf,14.0,18.0,62.0,False,4.0,2.0,4s_windows_50pct_overlap,scored_task,571,False,True,False
Subject04|arithmetic|Subject04_2.edf|16.000|20.000,Subject04,arithmetic,1,Subject04_2.edf,16.0,20.0,62.0,False,4.0,2.0,4s_windows_50pct_overlap,scored_task,572,False,True,False
Subject04|arithmetic|Subject04_2.edf|18.000|22.000,Subject04,arithmetic,1,Subject04_2.edf,18.0,22.0,62.0,False,4.0,2.0,4s_windows_50pct_overlap,scored_task,573,False,True,False
Subject04|arithmetic|Subject04_2.edf|20.000|24.000,Subject04,arithmetic,1,Subject04_2.edf,20.0,24.0,62.0,False,4.0,2.0,4s_windows_50pct_overlap,scored_task,574,False,True,False
Subject04|arithmetic|Subject04_2.edf|22.000|26.000,Subject04,arithmetic,1,Subject04_2.edf,22.0,26.0,62.0,False,4.0,2.0,4s_windows_50pct_overlap,scored_task,575,False,True,False
Subject04|arithmetic|Subject04_2.edf|24.000|28.000,Subject04,arithmetic,1,Subject04_2.edf,24.0,28.0,62.0,False,4.0,2.0,4s_windows_50pct_overlap,scored_task,576,False,True,False
Subject04|arithmetic|Subject04_2.edf|26.000|30.000,Subject04,arithmetic,1,Subject04_2.edf,26.0,30.0,62.0,False,4.0,2.0,4s_windows_50pct_overlap,scored_task,577,False,True,False
Subject04|arithmetic|Subject04_2.edf|28.000|32.000,Subject04,arithmetic,1,Subject04_2.edf,28.0,32.0,62.0,False,4.0,2.0,4s_windows_50pct_overlap,scored_task,578,False,True,False
Subject04|arithmetic|Subject04_2.edf|30.000|34.000,Subject04,arithmetic,1,Subject04_2.edf,30.0,34.0,62.0,False,4.0,2.0,4s_windows_50pct_overlap,scored_task,579,False,True,False
Subject04|arithmetic|Subject04_2.edf|32.000|36.000,Subject04,arithmetic,1,Subject04_2.edf,32.0,36.0,62.0,False,4.0,2.0,4s_windows_50pct_overlap,scored_task,580,False,True,False
Subject04|arithmetic|Subject04_2.edf|34.000|38.000,Subject04,arithmetic,1,Subject04_2.edf,34.0,38.0,62.0,False,4.0,2.0,4s_windows_50pct_overlap,scored_task,581,False,True,False
Subject04|arithmetic|Subject04_2.edf|36.000|40.000,Subject04,arithmetic,1,Subject04_2.edf,36.0,40.0,62.0,False,4.0,2.0,4s_windows_50pct_overlap,scored_task,582,False,True,False
Subject04|arithmetic|Subject04_2.edf|38.000|42.000,Subject04,arithmetic,1,Subject04_2.edf,38.0,42.0,62.0,False,4.0,2.0,4s_windows_50pct_overlap,scored_task,583,False,True,False
Subject04|arithmetic|Subject04_2.edf|40.000|44.000,Subject04,arithmetic,1,Subject04_2.edf,40.0,44.0,62.0,False,4.0,2.0,4s_windows_50pct_overlap,scored_task,584,False,True,False
Subject04|arithmetic|Subject04_2.edf|42.000|46.000,Subject04,arithmetic,1,Subject04_2.edf,42.0,46.0,62.0,False,4.0,2.0,4s_windows_50pct_overlap,scored_task,585,False,True,False
Subject04|arithmetic|Subject04_2.edf|44.000|48.000,Subject04,arithmetic,1,Subject04_2.edf,44.0,48.0,62.0,False,4.0,2.0,4s_windows_50pct_overlap,scored_task,586,False,True,False
Subject04|arithmetic|Subject04_2.edf|46.000|50.000,Subject04,arithmetic,1,Subject04_2.edf,46.0,50.0,62.0,False,4.0,2.0,4s_windows_50pct_overlap,scored_task,587,False,True,False
Subject04|arithmetic|Subject04_2.edf|48.000|52.000,Subject04,arithmetic,1,Subject04_2.edf,48.0,52.0,62.0,False,4.0,2.0,4s_windows_50pct_overlap,scored_task,588,False,True,False
Subject04|arithmetic|Subject04_2.edf|50.000|54.000,Subject04,arithmetic,1,Subject04_2.edf,50.0,54.0,62.0,False,4.0,2.0,4s_windows_50pct_overlap,scored_task,589,False,True,False
Subject04|arithmetic|Subject04_2.edf|52.000|56.000,Subject04,arithmetic,1,Subject04_2.edf,52.0,56.0,62.0,False,4.0,2.0,4s_windows_50pct_overlap,scored_task,590,False,True,False
Subject04|arithmetic|Subject04_2.edf|54.000|58.000,Subject04,arithmetic,1,Subject04_2.edf,54.0,58.0,62.0,False,4.0,2.0,4s_windows_50pct_overlap,scored_task,591,False,True,False
Subject04|arithmetic|Subject04_2.edf|56.000|60.000,Subject04,arithmetic,1,Subject04_2.edf,56.0,60.0,62.0,False,4.0,2.0,4s_windows_50pct_overlap,scored_task,592,False,True,False
Subject04|arithmetic|Subject04_2.edf|58.000|62.000,Subject04,arithmetic,1,Subject04_2.edf,58.0,62.0,62.0,False,4.0,2.0,4s_windows_50pct_overlap,scored_task,593,False,True,False
Subject05|rest|Subject05_1.edf|0.000|4.000,Subject05,rest,0,Subject05_1.edf,0.0,4.0,182.0,False,4.0,2.0,4s_windows_50pct_overlap,calibration,594,True,False,False
Subject05|rest|Subject05_1.edf|2.000|6.000,Subject05,rest,0,Subject05_1.edf,2.0,6.0,182.0,False,4.0,2.0,4s_windows_50pct_overlap,calibration,595,True,False,False
Subject05|rest|Subject05_1.edf|4.000|8.000,Subject05,rest,0,Subject05_1.edf,4.0,8.0,182.0,False,4.0,2.0,4s_windows_50pct_overlap,calibration,596,True,False,False
Subject05|rest|Subject05_1.edf|6.000|10.000,Subject05,rest,0,Subject05_1.edf,6.0,10.0,182.0,False,4.0,2.0,4s_windows_50pct_overlap,calibration,597,True,False,False
Subject05|rest|Subject05_1.edf|8.000|12.000,Subject05,rest,0,Subject05_1.edf,8.0,12.0,182.0,False,4.0,2.0,4s_windows_50pct_overlap,calibration,598,True,False,False
Subject05|rest|Subject05_1.edf|10.000|14.000,Subject05,rest,0,Subject05_1.edf,10.0,14.0,182.0,False,4.0,2.0,4s_windows_50pct_overlap,calibration,599,True,False,False
Subject05|rest|Subject05_1.edf|12.000|16.000,Subject05,rest,0,Subject05_1.edf,12.0,16.0,182.0,False,4.0,2.0,4s_windows_50pct_overlap,calibration,600,True,False,False
Subject05|rest|Subject05_1.edf|14.000|18.000,Subject05,rest,0,Subject05_1.edf,14.0,18.0,182.0,False,4.0,2.0,4s_windows_50pct_overlap,calibration,601,True,False,False
Subject05|rest|Subject05_1.edf|16.000|20.000,Subject05,rest,0,Subject05_1.edf,16.0,20.0,182.0,False,4.0,2.0,4s_windows_50pct_overlap,calibration,602,True,False,False
Subject05|rest|Subject05_1.edf|18.000|22.000,Subject05,rest,0,Subject05_1.edf,18.0,22.0,182.0,False,4.0,2.0,4s_windows_50pct_overlap,calibration,603,True,False,False
Subject05|rest|Subject05_1.edf|20.000|24.000,Subject05,rest,0,Subject05_1.edf,20.0,24.0,182.0,False,4.0,2.0,4s_windows_50pct_overlap,calibration,604,True,False,False
Subject05|rest|Subject05_1.edf|22.000|26.000,Subject05,rest,0,Subject05_1.edf,22.0,26.0,182.0,False,4.0,2.0,4s_windows_50pct_overlap,calibration,605,True,False,False
Subject05|rest|Subject05_1.edf|24.000|28.000,Subject05,rest,0,Subject05_1.edf,24.0,28.0,182.0,False,4.0,2.0,4s_windows_50pct_overlap,calibration,606,True,False,False
Subject05|rest|Subject05_1.edf|26.000|30.000,Subject05,rest,0,Subject05_1.edf,26.0,30.0,182.0,False,4.0,2.0,4s_windows_50pct_overlap,calibration,607,True,False,False
Subject05|rest|Subject05_1.edf|28.000|32.000,Subject05,rest,0,Subject05_1.edf,28.0,32.0,182.0,False,4.0,2.0,4s_windows_50pct_overlap,calibration,608,True,False,False
Subject05|rest|Subject05_1.edf|30.000|34.000,Subject05,rest,0,Subject05_1.edf,30.0,34.0,182.0,False,4.0,2.0,4s_windows_50pct_overlap,calibration,609,True,False,False
Subject05|rest|Subject05_1.edf|32.000|36.000,Subject05,rest,0,Subject05_1.edf,32.0,36.0,182.0,False,4.0,2.0,4s_windows_50pct_overlap,calibration,610,True,False,False
Subject05|rest|Subject05_1.edf|34.000|38.000,Subject05,rest,0,Subject05_1.edf,34.0,38.0,182.0,False,4.0,2.0,4s_windows_50pct_overlap,calibration,611,True,False,False
Subject05|rest|Subject05_1.edf|36.000|40.000,Subject05,rest,0,Subject05_1.edf,36.0,40.0,182.0,False,4.0,2.0,4s_windows_50pct_overlap,calibration,612,True,False,False
Subject05|rest|Subject05_1.edf|38.000|42.000,Subject05,rest,0,Subject05_1.edf,38.0,42.0,182.0,False,4.0,2.0,4s_windows_50pct_overlap,calibration,613,True,False,False
Subject05|rest|Subject05_1.edf|40.000|44.000,Subject05,rest,0,Subject05_1.edf,40.0,44.0,182.0,False,4.0,2.0,4s_windows_50pct_overlap,calibration,614,True,False,False
Subject05|rest|Subject05_1.edf|42.000|46.000,Subject05,rest,0,Subject05_1.edf,42.0,46.0,182.0,False,4.0,2.0,4s_windows_50pct_overlap,calibration,615,True,False,False
Subject05|rest|Subject05_1.edf|44.000|48.000,Subject05,rest,0,Subject05_1.edf,44.0,48.0,182.0,False,4.0,2.0,4s_windows_50pct_overlap,calibration,616,True,False,False
Subject05|rest|Subject05_1.edf|46.000|50.000,Subject05,rest,0,Subject05_1.edf,46.0,50.0,182.0,False,4.0,2.0,4s_windows_50pct_overlap,calibration,617,True,False,False
Subject05|rest|Subject05_1.edf|48.000|52.000,Subject05,rest,0,Subject05_1.edf,48.0,52.0,182.0,False,4.0,2.0,4s_windows_50pct_overlap,calibration,618,True,False,False
Subject05|rest|Subject05_1.edf|50.000|54.000,Subject05,rest,0,Subject05_1.edf,50.0,54.0,182.0,False,4.0,2.0,4s_windows_50pct_overlap,calibration,619,True,False,False
Subject05|rest|Subject05_1.edf|52.000|56.000,Subject05,rest,0,Subject05_1.edf,52.0,56.0,182.0,False,4.0,2.0,4s_windows_50pct_overlap,calibration,620,True,False,False
Subject05|rest|Subject05_1.edf|54.000|58.000,Subject05,rest,0,Subject05_1.edf,54.0,58.0,182.0,False,4.0,2.0,4s_windows_50pct_overlap,calibration,621,True,False,False
Subject05|rest|Subject05_1.edf|56.000|60.000,Subject05,rest,0,Subject05_1.edf,56.0,60.0,182.0,False,4.0,2.0,4s_windows_50pct_overlap,calibration,622,True,False,False
Subject05|rest|Subject05_1.edf|58.000|62.000,Subject05,rest,0,Subject05_1.edf,58.0,62.0,182.0,False,4.0,2.0,4s_windows_50pct_overlap,calibration,623,True,False,False
Subject05|rest|Subject05_1.edf|60.000|64.000,Subject05,rest,0,Subject05_1.edf,60.0,64.0,182.0,False,4.0,2.0,4s_windows_50pct_overlap,scored_rest,624,False,True,False
Subject05|rest|Subject05_1.edf|62.000|66.000,Subject05,rest,0,Subject05_1.edf,62.0,66.0,182.0,False,4.0,2.0,4s_windows_50pct_overlap,scored_rest,625,False,True,False
Subject05|rest|Subject05_1.edf|64.000|68.000,Subject05,rest,0,Subject05_1.edf,64.0,68.0,182.0,False,4.0,2.0,4s_windows_50pct_overlap,scored_rest,626,False,True,False
Subject05|rest|Subject05_1.edf|66.000|70.000,Subject05,rest,0,Subject05_1.edf,66.0,70.0,182.0,False,4.0,2.0,4s_windows_50pct_overlap,scored_rest,627,False,True,False
Subject05|rest|Subject05_1.edf|68.000|72.000,Subject05,rest,0,Subject05_1.edf,68.0,72.0,182.0,False,4.0,2.0,4s_windows_50pct_overlap,scored_rest,628,False,True,False
Subject05|rest|Subject05_1.edf|70.000|74.000,Subject05,rest,0,Subject05_1.edf,70.0,74.0,182.0,False,4.0,2.0,4s_windows_50pct_overlap,scored_rest,629,False,True,False
Subject05|rest|Subject05_1.edf|72.000|76.000,Subject05,rest,0,Subject05_1.edf,72.0,76.0,182.0,False,4.0,2.0,4s_windows_50pct_overlap,scored_rest,630,False,True,False
Subject05|rest|Subject05_1.edf|74.000|78.000,Subject05,rest,0,Subject05_1.edf,74.0,78.0,182.0,False,4.0,2.0,4s_windows_50pct_overlap,scored_rest,631,False,True,False
Subject05|rest|Subject05_1.edf|76.000|80.000,Subject05,rest,0,Subject05_1.edf,76.0,80.0,182.0,False,4.0,2.0,4s_windows_50pct_overlap,scored_rest,632,False,True,False
Subject05|rest|Subject05_1.edf|78.000|82.000,Subject05,rest,0,Subject05_1.edf,78.0,82.0,182.0,False,4.0,2.0,4s_windows_50pct_overlap,scored_rest,633,False,True,False
Subject05|rest|Subject05_1.edf|80.000|84.000,Subject05,rest,0,Subject05_1.edf,80.0,84.0,182.0,False,4.0,2.0,4s_windows_50pct_overlap,scored_rest,634,False,True,False
Subject05|rest|Subject05_1.edf|82.000|86.000,Subject05,rest,0,Subject05_1.edf,82.0,86.0,182.0,False,4.0,2.0,4s_windows_50pct_overlap,scored_rest,635,False,True,False
Subject05|rest|Subject05_1.edf|84.000|88.000,Subject05,rest,0,Subject05_1.edf,84.0,88.0,182.0,False,4.0,2.0,4s_windows_50pct_overlap,scored_rest,636,False,True,False
Subject05|rest|Subject05_1.edf|86.000|90.000,Subject05,rest,0,Subject05_1.edf,86.0,90.0,182.0,False,4.0,2.0,4s_windows_50pct_overlap,scored_rest,637,False,True,False
Subject05|rest|Subject05_1.edf|88.000|92.000,Subject05,rest,0,Subject05_1.edf,88.0,92.0,182.0,False,4.0,2.0,4s_windows_50pct_overlap,scored_rest,638,False,True,False
Subject05|rest|Subject05_1.edf|90.000|94.000,Subject05,rest,0,Subject05_1.edf,90.0,94.0,182.0,False,4.0,2.0,4s_windows_50pct_overlap,scored_rest,639,False,True,False
Subject05|rest|Subject05_1.edf|92.000|96.000,Subject05,rest,0,Subject05_1.edf,92.0,96.0,182.0,False,4.0,2.0,4s_windows_50pct_overlap,scored_rest,640,False,True,False
Subject05|rest|Subject05_1.edf|94.000|98.000,Subject05,rest,0,Subject05_1.edf,94.0,98.0,182.0,False,4.0,2.0,4s_windows_50pct_overlap,scored_rest,641,False,True,False
Subject05|rest|Subject05_1.edf|96.000|100.000,Subject05,rest,0,Subject05_1.edf,96.0,100.0,182.0,False,4.0,2.0,4s_windows_50pct_overlap,scored_rest,642,False,True,False
Subject05|rest|Subject05_1.edf|98.000|102.000,Subject05,rest,0,Subject05_1.edf,98.0,102.0,182.0,False,4.0,2.0,4s_windows_50pct_overlap,scored_rest,643,False,True,False
Subject05|rest|Subject05_1.edf|100.000|104.000,Subject05,rest,0,Subject05_1.edf,100.0,104.0,182.0,False,4.0,2.0,4s_windows_50pct_overlap,scored_rest,644,False,True,False
Subject05|rest|Subject05_1.edf|102.000|106.000,Subject05,rest,0,Subject05_1.edf,102.0,106.0,182.0,False,4.0,2.0,4s_windows_50pct_overlap,scored_rest,645,False,True,False
Subject05|rest|Subject05_1.edf|104.000|108.000,Subject05,rest,0,Subject05_1.edf,104.0,108.0,182.0,False,4.0,2.0,4s_windows_50pct_overlap,scored_rest,646,False,True,False
Subject05|rest|Subject05_1.edf|106.000|110.000,Subject05,rest,0,Subject05_1.edf,106.0,110.0,182.0,False,4.0,2.0,4s_windows_50pct_overlap,scored_rest,647,False,True,False
Subject05|rest|Subject05_1.edf|108.000|112.000,Subject05,rest,0,Subject05_1.edf,108.0,112.0,182.0,False,4.0,2.0,4s_windows_50pct_overlap,scored_rest,648,False,True,False
Subject05|rest|Subject05_1.edf|110.000|114.000,Subject05,rest,0,Subject05_1.edf,110.0,114.0,182.0,False,4.0,2.0,4s_windows_50pct_overlap,scored_rest,649,False,True,False
Subject05|rest|Subject05_1.edf|112.000|116.000,Subject05,rest,0,Subject05_1.edf,112.0,116.0,182.0,False,4.0,2.0,4s_windows_50pct_overlap,scored_rest,650,False,True,False
Subject05|rest|Subject05_1.edf|114.000|118.000,Subject05,rest,0,Subject05_1.edf,114.0,118.0,182.0,False,4.0,2.0,4s_windows_50pct_overlap,scored_rest,651,False,True,False
Subject05|rest|Subject05_1.edf|116.000|120.000,Subject05,rest,0,Subject05_1.edf,116.0,120.0,182.0,False,4.0,2.0,4s_windows_50pct_overlap,scored_rest,652,False,True,False
Subject05|rest|Subject05_1.edf|118.000|122.000,Subject05,rest,0,Subject05_1.edf,118.0,122.0,182.0,False,4.0,2.0,4s_windows_50pct_overlap,scored_rest,653,False,True,False
Subject05|rest|Subject05_1.edf|120.000|124.000,Subject05,rest,0,Subject05_1.edf,120.0,124.0,182.0,False,4.0,2.0,4s_windows_50pct_overlap,scored_rest,654,False,True,False
Subject05|rest|Subject05_1.edf|122.000|126.000,Subject05,rest,0,Subject05_1.edf,122.0,126.0,182.0,False,4.0,2.0,4s_windows_50pct_overlap,scored_rest,655,False,True,False
Subject05|rest|Subject05_1.edf|124.000|128.000,Subject05,rest,0,Subject05_1.edf,124.0,128.0,182.0,False,4.0,2.0,4s_windows_50pct_overlap,scored_rest,656,False,True,False
Subject05|rest|Subject05_1.edf|126.000|130.000,Subject05,rest,0,Subject05_1.edf,126.0,130.0,182.0,False,4.0,2.0,4s_windows_50pct_overlap,scored_rest,657,False,True,False
Subject05|rest|Subject05_1.edf|128.000|132.000,Subject05,rest,0,Subject05_1.edf,128.0,132.0,182.0,False,4.0,2.0,4s_windows_50pct_overlap,scored_rest,658,False,True,False
Subject05|rest|Subject05_1.edf|130.000|134.000,Subject05,rest,0,Subject05_1.edf,130.0,134.0,182.0,False,4.0,2.0,4s_windows_50pct_overlap,scored_rest,659,False,True,False
Subject05|rest|Subject05_1.edf|132.000|136.000,Subject05,rest,0,Subject05_1.edf,132.0,136.0,182.0,False,4.0,2.0,4s_windows_50pct_overlap,scored_rest,660,False,True,False
Subject05|rest|Subject05_1.edf|134.000|138.000,Subject05,rest,0,Subject05_1.edf,134.0,138.0,182.0,False,4.0,2.0,4s_windows_50pct_overlap,scored_rest,661,False,True,False
Subject05|rest|Subject05_1.edf|136.000|140.000,Subject05,rest,0,Subject05_1.edf,136.0,140.0,182.0,False,4.0,2.0,4s_windows_50pct_overlap,scored_rest,662,False,True,False
Subject05|rest|Subject05_1.edf|138.000|142.000,Subject05,rest,0,Subject05_1.edf,138.0,142.0,182.0,False,4.0,2.0,4s_windows_50pct_overlap,scored_rest,663,False,True,False
Subject05|rest|Subject05_1.edf|140.000|144.000,Subject05,rest,0,Subject05_1.edf,140.0,144.0,182.0,False,4.0,2.0,4s_windows_50pct_overlap,scored_rest,664,False,True,False
Subject05|rest|Subject05_1.edf|142.000|146.000,Subject05,rest,0,Subject05_1.edf,142.0,146.0,182.0,False,4.0,2.0,4s_windows_50pct_overlap,scored_rest,665,False,True,False
Subject05|rest|Subject05_1.edf|144.000|148.000,Subject05,rest,0,Subject05_1.edf,144.0,148.0,182.0,False,4.0,2.0,4s_windows_50pct_overlap,scored_rest,666,False,True,False
Subject05|rest|Subject05_1.edf|146.000|150.000,Subject05,rest,0,Subject05_1.edf,146.0,150.0,182.0,False,4.0,2.0,4s_windows_50pct_overlap,scored_rest,667,False,True,False
Subject05|rest|Subject05_1.edf|148.000|152.000,Subject05,rest,0,Subject05_1.edf,148.0,152.0,182.0,False,4.0,2.0,4s_windows_50pct_overlap,scored_rest,668,False,True,False
Subject05|rest|Subject05_1.edf|150.000|154.000,Subject05,rest,0,Subject05_1.edf,150.0,154.0,182.0,False,4.0,2.0,4s_windows_50pct_overlap,scored_rest,669,False,True,False
Subject05|rest|Subject05_1.edf|152.000|156.000,Subject05,rest,0,Subject05_1.edf,152.0,156.0,182.0,False,4.0,2.0,4s_windows_50pct_overlap,scored_rest,670,False,True,False
Subject05|rest|Subject05_1.edf|154.000|158.000,Subject05,rest,0,Subject05_1.edf,154.0,158.0,182.0,False,4.0,2.0,4s_windows_50pct_overlap,scored_rest,671,False,True,False
Subject05|rest|Subject05_1.edf|156.000|160.000,Subject05,rest,0,Subject05_1.edf,156.0,160.0,182.0,False,4.0,2.0,4s_windows_50pct_overlap,scored_rest,672,False,True,False
Subject05|rest|Subject05_1.edf|158.000|162.000,Subject05,rest,0,Subject05_1.edf,158.0,162.0,182.0,False,4.0,2.0,4s_windows_50pct_overlap,scored_rest,673,False,True,False
Subject05|rest|Subject05_1.edf|160.000|164.000,Subject05,rest,0,Subject05_1.edf,160.0,164.0,182.0,False,4.0,2.0,4s_windows_50pct_overlap,scored_rest,674,False,True,False
Subject05|rest|Subject05_1.edf|162.000|166.000,Subject05,rest,0,Subject05_1.edf,162.0,166.0,182.0,False,4.0,2.0,4s_windows_50pct_overlap,scored_rest,675,False,True,False
Subject05|rest|Subject05_1.edf|164.000|168.000,Subject05,rest,0,Subject05_1.edf,164.0,168.0,182.0,False,4.0,2.0,4s_windows_50pct_overlap,scored_rest,676,False,True,False
Subject05|rest|Subject05_1.edf|166.000|170.000,Subject05,rest,0,Subject05_1.edf,166.0,170.0,182.0,False,4.0,2.0,4s_windows_50pct_overlap,scored_rest,677,False,True,False
Subject05|rest|Subject05_1.edf|168.000|172.000,Subject05,rest,0,Subject05_1.edf,168.0,172.0,182.0,False,4.0,2.0,4s_windows_50pct_overlap,scored_rest,678,False,True,False
Subject05|rest|Subject05_1.edf|170.000|174.000,Subject05,rest,0,Subject05_1.edf,170.0,174.0,182.0,False,4.0,2.0,4s_windows_50pct_overlap,scored_rest,679,False,True,False
Subject05|rest|Subject05_1.edf|172.000|176.000,Subject05,rest,0,Subject05_1.edf,172.0,176.0,182.0,False,4.0,2.0,4s_windows_50pct_overlap,scored_rest,680,False,True,False
Subject05|rest|Subject05_1.edf|174.000|178.000,Subject05,rest,0,Subject05_1.edf,174.0,178.0,182.0,False,4.0,2.0,4s_windows_50pct_overlap,scored_rest,681,False,True,False
Subject05|rest|Subject05_1.edf|176.000|180.000,Subject05,rest,0,Subject05_1.edf,176.0,180.0,182.0,False,4.0,2.0,4s_windows_50pct_overlap,scored_rest,682,False,True,False
Subject05|rest|Subject05_1.edf|178.000|182.000,Subject05,rest,0,Subject05_1.edf,178.0,182.0,182.0,False,4.0,2.0,4s_windows_50pct_overlap,scored_rest,683,False,True,False
Subject05|arithmetic|Subject05_2.edf|0.000|4.000,Subject05,arithmetic,1,Subject05_2.edf,0.0,4.0,62.0,False,4.0,2.0,4s_windows_50pct_overlap,scored_task,684,False,True,False
Subject05|arithmetic|Subject05_2.edf|2.000|6.000,Subject05,arithmetic,1,Subject05_2.edf,2.0,6.0,62.0,False,4.0,2.0,4s_windows_50pct_overlap,scored_task,685,False,True,False
Subject05|arithmetic|Subject05_2.edf|4.000|8.000,Subject05,arithmetic,1,Subject05_2.edf,4.0,8.0,62.0,False,4.0,2.0,4s_windows_50pct_overlap,scored_task,686,False,True,False
Subject05|arithmetic|Subject05_2.edf|6.000|10.000,Subject05,arithmetic,1,Subject05_2.edf,6.0,10.0,62.0,False,4.0,2.0,4s_windows_50pct_overlap,scored_task,687,False,True,False
Subject05|arithmetic|Subject05_2.edf|8.000|12.000,Subject05,arithmetic,1,Subject05_2.edf,8.0,12.0,62.0,False,4.0,2.0,4s_windows_50pct_overlap,scored_task,688,False,True,False
Subject05|arithmetic|Subject05_2.edf|10.000|14.000,Subject05,arithmetic,1,Subject05_2.edf,10.0,14.0,62.0,False,4.0,2.0,4s_windows_50pct_overlap,scored_task,689,False,True,False
Subject05|arithmetic|Subject05_2.edf|12.000|16.000,Subject05,arithmetic,1,Subject05_2.edf,12.0,16.0,62.0,False,4.0,2.0,4s_windows_50pct_overlap,scored_task,690,False,True,False
Subject05|arithmetic|Subject05_2.edf|14.000|18.000,Subject05,arithmetic,1,Subject05_2.edf,14.0,18.0,62.0,False,4.0,2.0,4s_windows_50pct_overlap,scored_task,691,False,True,False
Subject05|arithmetic|Subject05_2.edf|16.000|20.000,Subject05,arithmetic,1,Subject05_2.edf,16.0,20.0,62.0,False,4.0,2.0,4s_windows_50pct_overlap,scored_task,692,False,True,False
Subject05|arithmetic|Subject05_2.edf|18.000|22.000,Subject05,arithmetic,1,Subject05_2.edf,18.0,22.0,62.0,False,4.0,2.0,4s_windows_50pct_overlap,scored_task,693,False,True,False
Subject05|arithmetic|Subject05_2.edf|20.000|24.000,Subject05,arithmetic,1,Subject05_2.edf,20.0,24.0,62.0,False,4.0,2.0,4s_windows_50pct_overlap,scored_task,694,False,True,False
Subject05|arithmetic|Subject05_2.edf|22.000|26.000,Subject05,arithmetic,1,Subject05_2.edf,22.0,26.0,62.0,False,4.0,2.0,4s_windows_50pct_overlap,scored_task,695,False,True,False
Subject05|arithmetic|Subject05_2.edf|24.000|28.000,Subject05,arithmetic,1,Subject05_2.edf,24.0,28.0,62.0,False,4.0,2.0,4s_windows_50pct_overlap,scored_task,696,False,True,False
Subject05|arithmetic|Subject05_2.edf|26.000|30.000,Subject05,arithmetic,1,Subject05_2.edf,26.0,30.0,62.0,False,4.0,2.0,4s_windows_50pct_overlap,scored_task,697,False,True,False
Subject05|arithmetic|Subject05_2.edf|28.000|32.000,Subject05,arithmetic,1,Subject05_2.edf,28.0,32.0,62.0,False,4.0,2.0,4s_windows_50pct_overlap,scored_task,698,False,True,False
Subject05|arithmetic|Subject05_2.edf|30.000|34.000,Subject05,arithmetic,1,Subject05_2.edf,30.0,34.0,62.0,False,4.0,2.0,4s_windows_50pct_overlap,scored_task,699,False,True,False
Subject05|arithmetic|Subject05_2.edf|32.000|36.000,Subject05,arithmetic,1,Subject05_2.edf,32.0,36.0,62.0,False,4.0,2.0,4s_windows_50pct_overlap,scored_task,700,False,True,False
Subject05|arithmetic|Subject05_2.edf|34.000|38.000,Subject05,arithmetic,1,Subject05_2.edf,34.0,38.0,62.0,False,4.0,2.0,4s_windows_50pct_overlap,scored_task,701,False,True,False
Subject05|arithmetic|Subject05_2.edf|36.000|40.000,Subject05,arithmetic,1,Subject05_2.edf,36.0,40.0,62.0,False,4.0,2.0,4s_windows_50pct_overlap,scored_task,702,False,True,False
Subject05|arithmetic|Subject05_2.edf|38.000|42.000,Subject05,arithmetic,1,Subject05_2.edf,38.0,42.0,62.0,False,4.0,2.0,4s_windows_50pct_overlap,scored_task,703,False,True,False
Subject05|arithmetic|Subject05_2.edf|40.000|44.000,Subject05,arithmetic,1,Subject05_2.edf,40.0,44.0,62.0,False,4.0,2.0,4s_windows_50pct_overlap,scored_task,704,False,True,False
Subject05|arithmetic|Subject05_2.edf|42.000|46.000,Subject05,arithmetic,1,Subject05_2.edf,42.0,46.0,62.0,False,4.0,2.0,4s_windows_50pct_overlap,scored_task,705,False,True,False
Subject05|arithmetic|Subject05_2.edf|44.000|48.000,Subject05,arithmetic,1,Subject05_2.edf,44.0,48.0,62.0,False,4.0,2.0,4s_windows_50pct_overlap,scored_task,706,False,True,False
Subject05|arithmetic|Subject05_2.edf|46.000|50.000,Subject05,arithmetic,1,Subject05_2.edf,46.0,50.0,62.0,False,4.0,2.0,4s_windows_50pct_overlap,scored_task,707,False,True,False
Subject05|arithmetic|Subject05_2.edf|48.000|52.000,Subject05,arithmetic,1,Subject05_2.edf,48.0,52.0,62.0,False,4.0,2.0,4s_windows_50pct_overlap,scored_task,708,False,True,False
Subject05|arithmetic|Subject05_2.edf|50.000|54.000,Subject05,arithmetic,1,Subject05_2.edf,50.0,54.0,62.0,False,4.0,2.0,4s_windows_50pct_overlap,scored_task,709,False,True,False
Subject05|arithmetic|Subject05_2.edf|52.000|56.000,Subject05,arithmetic,1,Subject05_2.edf,52.0,56.0,62.0,False,4.0,2.0,4s_windows_50pct_overlap,scored_task,710,False,True,False
Subject05|arithmetic|Subject05_2.edf|54.000|58.000,Subject05,arithmetic,1,Subject05_2.edf,54.0,58.0,62.0,False,4.0,2.0,4s_windows_50pct_overlap,scored_task,711,False,True,False
Subject05|arithmetic|Subject05_2.edf|56.000|60.000,Subject05,arithmetic,1,Subject05_2.edf,56.0,60.0,62.0,False,4.0,2.0,4s_windows_50pct_overlap,scored_task,712,False,True,False
Subject05|arithmetic|Subject05_2.edf|58.000|62.000,Subject05,arithmetic,1,Subject05_2.edf,58.0,62.0,62.0,False,4.0,2.0,4s_windows_50pct_overlap,scored_task,713,False,True,False
Subject06|rest|Subject06_1.edf|0.000|4.000,Subject06,rest,0,Subject06_1.edf,0.0,4.0,182.0,False,4.0,2.0,4s_windows_50pct_overlap,calibration,714,True,False,False
Subject06|rest|Subject06_1.edf|2.000|6.000,Subject06,rest,0,Subject06_1.edf,2.0,6.0,182.0,False,4.0,2.0,4s_windows_50pct_overlap,calibration,715,True,False,False
Subject06|rest|Subject06_1.edf|4.000|8.000,Subject06,rest,0,Subject06_1.edf,4.0,8.0,182.0,False,4.0,2.0,4s_windows_50pct_overlap,calibration,716,True,False,False
Subject06|rest|Subject06_1.edf|6.000|10.000,Subject06,rest,0,Subject06_1.edf,6.0,10.0,182.0,False,4.0,2.0,4s_windows_50pct_overlap,calibration,717,True,False,False
Subject06|rest|Subject06_1.edf|8.000|12.000,Subject06,rest,0,Subject06_1.edf,8.0,12.0,182.0,False,4.0,2.0,4s_windows_50pct_overlap,calibration,718,True,False,False
Subject06|rest|Subject06_1.edf|10.000|14.000,Subject06,rest,0,Subject06_1.edf,10.0,14.0,182.0,False,4.0,2.0,4s_windows_50pct_overlap,calibration,719,True,False,False
Subject06|rest|Subject06_1.edf|12.000|16.000,Subject06,rest,0,Subject06_1.edf,12.0,16.0,182.0,False,4.0,2.0,4s_windows_50pct_overlap,calibration,720,True,False,False
Subject06|rest|Subject06_1.edf|14.000|18.000,Subject06,rest,0,Subject06_1.edf,14.0,18.0,182.0,False,4.0,2.0,4s_windows_50pct_overlap,calibration,721,True,False,False
Subject06|rest|Subject06_1.edf|16.000|20.000,Subject06,rest,0,Subject06_1.edf,16.0,20.0,182.0,False,4.0,2.0,4s_windows_50pct_overlap,calibration,722,True,False,False
Subject06|rest|Subject06_1.edf|18.000|22.000,Subject06,rest,0,Subject06_1.edf,18.0,22.0,182.0,False,4.0,2.0,4s_windows_50pct_overlap,calibration,723,True,False,False
Subject06|rest|Subject06_1.edf|20.000|24.000,Subject06,rest,0,Subject06_1.edf,20.0,24.0,182.0,False,4.0,2.0,4s_windows_50pct_overlap,calibration,724,True,False,False
Subject06|rest|Subject06_1.edf|22.000|26.000,Subject06,rest,0,Subject06_1.edf,22.0,26.0,182.0,False,4.0,2.0,4s_windows_50pct_overlap,calibration,725,True,False,False
Subject06|rest|Subject06_1.edf|24.000|28.000,Subject06,rest,0,Subject06_1.edf,24.0,28.0,182.0,False,4.0,2.0,4s_windows_50pct_overlap,calibration,726,True,False,False
Subject06|rest|Subject06_1.edf|26.000|30.000,Subject06,rest,0,Subject06_1.edf,26.0,30.0,182.0,False,4.0,2.0,4s_windows_50pct_overlap,calibration,727,True,False,False
Subject06|rest|Subject06_1.edf|28.000|32.000,Subject06,rest,0,Subject06_1.edf,28.0,32.0,182.0,False,4.0,2.0,4s_windows_50pct_overlap,calibration,728,True,False,False
Subject06|rest|Subject06_1.edf|30.000|34.000,Subject06,rest,0,Subject06_1.edf,30.0,34.0,182.0,False,4.0,2.0,4s_windows_50pct_overlap,calibration,729,True,False,False
Subject06|rest|Subject06_1.edf|32.000|36.000,Subject06,rest,0,Subject06_1.edf,32.0,36.0,182.0,False,4.0,2.0,4s_windows_50pct_overlap,calibration,730,True,False,False
Subject06|rest|Subject06_1.edf|34.000|38.000,Subject06,rest,0,Subject06_1.edf,34.0,38.0,182.0,False,4.0,2.0,4s_windows_50pct_overlap,calibration,731,True,False,False
Subject06|rest|Subject06_1.edf|36.000|40.000,Subject06,rest,0,Subject06_1.edf,36.0,40.0,182.0,False,4.0,2.0,4s_windows_50pct_overlap,calibration,732,True,False,False
Subject06|rest|Subject06_1.edf|38.000|42.000,Subject06,rest,0,Subject06_1.edf,38.0,42.0,182.0,False,4.0,2.0,4s_windows_50pct_overlap,calibration,733,True,False,False
Subject06|rest|Subject06_1.edf|40.000|44.000,Subject06,rest,0,Subject06_1.edf,40.0,44.0,182.0,False,4.0,2.0,4s_windows_50pct_overlap,calibration,734,True,False,False
Subject06|rest|Subject06_1.edf|42.000|46.000,Subject06,rest,0,Subject06_1.edf,42.0,46.0,182.0,False,4.0,2.0,4s_windows_50pct_overlap,calibration,735,True,False,False
Subject06|rest|Subject06_1.edf|44.000|48.000,Subject06,rest,0,Subject06_1.edf,44.0,48.0,182.0,False,4.0,2.0,4s_windows_50pct_overlap,calibration,736,True,False,False
Subject06|rest|Subject06_1.edf|46.000|50.000,Subject06,rest,0,Subject06_1.edf,46.0,50.0,182.0,False,4.0,2.0,4s_windows_50pct_overlap,calibration,737,True,False,False
Subject06|rest|Subject06_1.edf|48.000|52.000,Subject06,rest,0,Subject06_1.edf,48.0,52.0,182.0,False,4.0,2.0,4s_windows_50pct_overlap,calibration,738,True,False,False
Subject06|rest|Subject06_1.edf|50.000|54.000,Subject06,rest,0,Subject06_1.edf,50.0,54.0,182.0,False,4.0,2.0,4s_windows_50pct_overlap,calibration,739,True,False,False
Subject06|rest|Subject06_1.edf|52.000|56.000,Subject06,rest,0,Subject06_1.edf,52.0,56.0,182.0,False,4.0,2.0,4s_windows_50pct_overlap,calibration,740,True,False,False
Subject06|rest|Subject06_1.edf|54.000|58.000,Subject06,rest,0,Subject06_1.edf,54.0,58.0,182.0,False,4.0,2.0,4s_windows_50pct_overlap,calibration,741,True,False,False
Subject06|rest|Subject06_1.edf|56.000|60.000,Subject06,rest,0,Subject06_1.edf,56.0,60.0,182.0,False,4.0,2.0,4s_windows_50pct_overlap,calibration,742,True,False,False
Subject06|rest|Subject06_1.edf|58.000|62.000,Subject06,rest,0,Subject06_1.edf,58.0,62.0,182.0,False,4.0,2.0,4s_windows_50pct_overlap,calibration,743,True,False,False
Subject06|rest|Subject06_1.edf|60.000|64.000,Subject06,rest,0,Subject06_1.edf,60.0,64.0,182.0,False,4.0,2.0,4s_windows_50pct_overlap,scored_rest,744,False,True,False
Subject06|rest|Subject06_1.edf|62.000|66.000,Subject06,rest,0,Subject06_1.edf,62.0,66.0,182.0,False,4.0,2.0,4s_windows_50pct_overlap,scored_rest,745,False,True,False
Subject06|rest|Subject06_1.edf|64.000|68.000,Subject06,rest,0,Subject06_1.edf,64.0,68.0,182.0,False,4.0,2.0,4s_windows_50pct_overlap,scored_rest,746,False,True,False
Subject06|rest|Subject06_1.edf|66.000|70.000,Subject06,rest,0,Subject06_1.edf,66.0,70.0,182.0,False,4.0,2.0,4s_windows_50pct_overlap,scored_rest,747,False,True,False
Subject06|rest|Subject06_1.edf|68.000|72.000,Subject06,rest,0,Subject06_1.edf,68.0,72.0,182.0,False,4.0,2.0,4s_windows_50pct_overlap,scored_rest,748,False,True,False
Subject06|rest|Subject06_1.edf|70.000|74.000,Subject06,rest,0,Subject06_1.edf,70.0,74.0,182.0,False,4.0,2.0,4s_windows_50pct_overlap,scored_rest,749,False,True,False
Subject06|rest|Subject06_1.edf|72.000|76.000,Subject06,rest,0,Subject06_1.edf,72.0,76.0,182.0,False,4.0,2.0,4s_windows_50pct_overlap,scored_rest,750,False,True,False
Subject06|rest|Subject06_1.edf|74.000|78.000,Subject06,rest,0,Subject06_1.edf,74.0,78.0,182.0,False,4.0,2.0,4s_windows_50pct_overlap,scored_rest,751,False,True,False
Subject06|rest|Subject06_1.edf|76.000|80.000,Subject06,rest,0,Subject06_1.edf,76.0,80.0,182.0,False,4.0,2.0,4s_windows_50pct_overlap,scored_rest,752,False,True,False
Subject06|rest|Subject06_1.edf|78.000|82.000,Subject06,rest,0,Subject06_1.edf,78.0,82.0,182.0,False,4.0,2.0,4s_windows_50pct_overlap,scored_rest,753,False,True,False
Subject06|rest|Subject06_1.edf|80.000|84.000,Subject06,rest,0,Subject06_1.edf,80.0,84.0,182.0,False,4.0,2.0,4s_windows_50pct_overlap,scored_rest,754,False,True,False
Subject06|rest|Subject06_1.edf|82.000|86.000,Subject06,rest,0,Subject06_1.edf,82.0,86.0,182.0,False,4.0,2.0,4s_windows_50pct_overlap,scored_rest,755,False,True,False
Subject06|rest|Subject06_1.edf|84.000|88.000,Subject06,rest,0,Subject06_1.edf,84.0,88.0,182.0,False,4.0,2.0,4s_windows_50pct_overlap,scored_rest,756,False,True,False
Subject06|rest|Subject06_1.edf|86.000|90.000,Subject06,rest,0,Subject06_1.edf,86.0,90.0,182.0,False,4.0,2.0,4s_windows_50pct_overlap,scored_rest,757,False,True,False
Subject06|rest|Subject06_1.edf|88.000|92.000,Subject06,rest,0,Subject06_1.edf,88.0,92.0,182.0,False,4.0,2.0,4s_windows_50pct_overlap,scored_rest,758,False,True,False
Subject06|rest|Subject06_1.edf|90.000|94.000,Subject06,rest,0,Subject06_1.edf,90.0,94.0,182.0,False,4.0,2.0,4s_windows_50pct_overlap,scored_rest,759,False,True,False
Subject06|rest|Subject06_1.edf|92.000|96.000,Subject06,rest,0,Subject06_1.edf,92.0,96.0,182.0,False,4.0,2.0,4s_windows_50pct_overlap,scored_rest,760,False,True,False
Subject06|rest|Subject06_1.edf|94.000|98.000,Subject06,rest,0,Subject06_1.edf,94.0,98.0,182.0,False,4.0,2.0,4s_windows_50pct_overlap,scored_rest,761,False,True,False
Subject06|rest|Subject06_1.edf|96.000|100.000,Subject06,rest,0,Subject06_1.edf,96.0,100.0,182.0,False,4.0,2.0,4s_windows_50pct_overlap,scored_rest,762,False,True,False
Subject06|rest|Subject06_1.edf|98.000|102.000,Subject06,rest,0,Subject06_1.edf,98.0,102.0,182.0,False,4.0,2.0,4s_windows_50pct_overlap,scored_rest,763,False,True,False
Subject06|rest|Subject06_1.edf|100.000|104.000,Subject06,rest,0,Subject06_1.edf,100.0,104.0,182.0,False,4.0,2.0,4s_windows_50pct_overlap,scored_rest,764,False,True,False
Subject06|rest|Subject06_1.edf|102.000|106.000,Subject06,rest,0,Subject06_1.edf,102.0,106.0,182.0,False,4.0,2.0,4s_windows_50pct_overlap,scored_rest,765,False,True,False
Subject06|rest|Subject06_1.edf|104.000|108.000,Subject06,rest,0,Subject06_1.edf,104.0,108.0,182.0,False,4.0,2.0,4s_windows_50pct_overlap,scored_rest,766,False,True,False
Subject06|rest|Subject06_1.edf|106.000|110.000,Subject06,rest,0,Subject06_1.edf,106.0,110.0,182.0,False,4.0,2.0,4s_windows_50pct_overlap,scored_rest,767,False,True,False
Subject06|rest|Subject06_1.edf|108.000|112.000,Subject06,rest,0,Subject06_1.edf,108.0,112.0,182.0,False,4.0,2.0,4s_windows_50pct_overlap,scored_rest,768,False,True,False
Subject06|rest|Subject06_1.edf|110.000|114.000,Subject06,rest,0,Subject06_1.edf,110.0,114.0,182.0,False,4.0,2.0,4s_windows_50pct_overlap,scored_rest,769,False,True,False
Subject06|rest|Subject06_1.edf|112.000|116.000,Subject06,rest,0,Subject06_1.edf,112.0,116.0,182.0,False,4.0,2.0,4s_windows_50pct_overlap,scored_rest,770,False,True,False
Subject06|rest|Subject06_1.edf|114.000|118.000,Subject06,rest,0,Subject06_1.edf,114.0,118.0,182.0,False,4.0,2.0,4s_windows_50pct_overlap,scored_rest,771,False,True,False
Subject06|rest|Subject06_1.edf|116.000|120.000,Subject06,rest,0,Subject06_1.edf,116.0,120.0,182.0,False,4.0,2.0,4s_windows_50pct_overlap,scored_rest,772,False,True,False
Subject06|rest|Subject06_1.edf|118.000|122.000,Subject06,rest,0,Subject06_1.edf,118.0,122.0,182.0,False,4.0,2.0,4s_windows_50pct_overlap,scored_rest,773,False,True,False
Subject06|rest|Subject06_1.edf|120.000|124.000,Subject06,rest,0,Subject06_1.edf,120.0,124.0,182.0,False,4.0,2.0,4s_windows_50pct_overlap,scored_rest,774,False,True,False
Subject06|rest|Subject06_1.edf|122.000|126.000,Subject06,rest,0,Subject06_1.edf,122.0,126.0,182.0,False,4.0,2.0,4s_windows_50pct_overlap,scored_rest,775,False,True,False
Subject06|rest|Subject06_1.edf|124.000|128.000,Subject06,rest,0,Subject06_1.edf,124.0,128.0,182.0,False,4.0,2.0,4s_windows_50pct_overlap,scored_rest,776,False,True,False
Subject06|rest|Subject06_1.edf|126.000|130.000,Subject06,rest,0,Subject06_1.edf,126.0,130.0,182.0,False,4.0,2.0,4s_windows_50pct_overlap,scored_rest,777,False,True,False
Subject06|rest|Subject06_1.edf|128.000|132.000,Subject06,rest,0,Subject06_1.edf,128.0,132.0,182.0,False,4.0,2.0,4s_windows_50pct_overlap,scored_rest,778,False,True,False
Subject06|rest|Subject06_1.edf|130.000|134.000,Subject06,rest,0,Subject06_1.edf,130.0,134.0,182.0,False,4.0,2.0,4s_windows_50pct_overlap,scored_rest,779,False,True,False
Subject06|rest|Subject06_1.edf|132.000|136.000,Subject06,rest,0,Subject06_1.edf,132.0,136.0,182.0,False,4.0,2.0,4s_windows_50pct_overlap,scored_rest,780,False,True,False
Subject06|rest|Subject06_1.edf|134.000|138.000,Subject06,rest,0,Subject06_1.edf,134.0,138.0,182.0,False,4.0,2.0,4s_windows_50pct_overlap,scored_rest,781,False,True,False
Subject06|rest|Subject06_1.edf|136.000|140.000,Subject06,rest,0,Subject06_1.edf,136.0,140.0,182.0,False,4.0,2.0,4s_windows_50pct_overlap,scored_rest,782,False,True,False
Subject06|rest|Subject06_1.edf|138.000|142.000,Subject06,rest,0,Subject06_1.edf,138.0,142.0,182.0,False,4.0,2.0,4s_windows_50pct_overlap,scored_rest,783,False,True,False
Subject06|rest|Subject06_1.edf|140.000|144.000,Subject06,rest,0,Subject06_1.edf,140.0,144.0,182.0,False,4.0,2.0,4s_windows_50pct_overlap,scored_rest,784,False,True,False
Subject06|rest|Subject06_1.edf|142.000|146.000,Subject06,rest,0,Subject06_1.edf,142.0,146.0,182.0,False,4.0,2.0,4s_windows_50pct_overlap,scored_rest,785,False,True,False
Subject06|rest|Subject06_1.edf|144.000|148.000,Subject06,rest,0,Subject06_1.edf,144.0,148.0,182.0,False,4.0,2.0,4s_windows_50pct_overlap,scored_rest,786,False,True,False
Subject06|rest|Subject06_1.edf|146.000|150.000,Subject06,rest,0,Subject06_1.edf,146.0,150.0,182.0,False,4.0,2.0,4s_windows_50pct_overlap,scored_rest,787,False,True,False
Subject06|rest|Subject06_1.edf|148.000|152.000,Subject06,rest,0,Subject06_1.edf,148.0,152.0,182.0,False,4.0,2.0,4s_windows_50pct_overlap,scored_rest,788,False,True,False
Subject06|rest|Subject06_1.edf|150.000|154.000,Subject06,rest,0,Subject06_1.edf,150.0,154.0,182.0,False,4.0,2.0,4s_windows_50pct_overlap,scored_rest,789,False,True,False
Subject06|rest|Subject06_1.edf|152.000|156.000,Subject06,rest,0,Subject06_1.edf,152.0,156.0,182.0,False,4.0,2.0,4s_windows_50pct_overlap,scored_rest,790,False,True,False
Subject06|rest|Subject06_1.edf|154.000|158.000,Subject06,rest,0,Subject06_1.edf,154.0,158.0,182.0,False,4.0,2.0,4s_windows_50pct_overlap,scored_rest,791,False,True,False
Subject06|rest|Subject06_1.edf|156.000|160.000,Subject06,rest,0,Subject06_1.edf,156.0,160.0,182.0,False,4.0,2.0,4s_windows_50pct_overlap,scored_rest,792,False,True,False
Subject06|rest|Subject06_1.edf|158.000|162.000,Subject06,rest,0,Subject06_1.edf,158.0,162.0,182.0,False,4.0,2.0,4s_windows_50pct_overlap,scored_rest,793,False,True,False
Subject06|rest|Subject06_1.edf|160.000|164.000,Subject06,rest,0,Subject06_1.edf,160.0,164.0,182.0,False,4.0,2.0,4s_windows_50pct_overlap,scored_rest,794,False,True,False
Subject06|rest|Subject06_1.edf|162.000|166.000,Subject06,rest,0,Subject06_1.edf,162.0,166.0,182.0,False,4.0,2.0,4s_windows_50pct_overlap,scored_rest,795,False,True,False
Subject06|rest|Subject06_1.edf|164.000|168.000,Subject06,rest,0,Subject06_1.edf,164.0,168.0,182.0,False,4.0,2.0,4s_windows_50pct_overlap,scored_rest,796,False,True,False
Subject06|rest|Subject06_1.edf|166.000|170.000,Subject06,rest,0,Subject06_1.edf,166.0,170.0,182.0,False,4.0,2.0,4s_windows_50pct_overlap,scored_rest,797,False,True,False
Subject06|rest|Subject06_1.edf|168.000|172.000,Subject06,rest,0,Subject06_1.edf,168.0,172.0,182.0,False,4.0,2.0,4s_windows_50pct_overlap,scored_rest,798,False,True,False
Subject06|rest|Subject06_1.edf|170.000|174.000,Subject06,rest,0,Subject06_1.edf,170.0,174.0,182.0,False,4.0,2.0,4s_windows_50pct_overlap,scored_rest,799,False,True,False
Subject06|rest|Subject06_1.edf|172.000|176.000,Subject06,rest,0,Subject06_1.edf,172.0,176.0,182.0,False,4.0,2.0,4s_windows_50pct_overlap,scored_rest,800,False,True,False
Subject06|rest|Subject06_1.edf|174.000|178.000,Subject06,rest,0,Subject06_1.edf,174.0,178.0,182.0,False,4.0,2.0,4s_windows_50pct_overlap,scored_rest,801,False,True,False
Subject06|rest|Subject06_1.edf|176.000|180.000,Subject06,rest,0,Subject06_1.edf,176.0,180.0,182.0,False,4.0,2.0,4s_windows_50pct_overlap,scored_rest,802,False,True,False
Subject06|rest|Subject06_1.edf|178.000|182.000,Subject06,rest,0,Subject06_1.edf,178.0,182.0,182.0,False,4.0,2.0,4s_windows_50pct_overlap,scored_rest,803,False,True,False
Subject06|arithmetic|Subject06_2.edf|0.000|4.000,Subject06,arithmetic,1,Subject06_2.edf,0.0,4.0,62.0,False,4.0,2.0,4s_windows_50pct_overlap,scored_task,804,False,True,False
Subject06|arithmetic|Subject06_2.edf|2.000|6.000,Subject06,arithmetic,1,Subject06_2.edf,2.0,6.0,62.0,False,4.0,2.0,4s_windows_50pct_overlap,scored_task,805,False,True,False
Subject06|arithmetic|Subject06_2.edf|4.000|8.000,Subject06,arithmetic,1,Subject06_2.edf,4.0,8.0,62.0,False,4.0,2.0,4s_windows_50pct_overlap,scored_task,806,False,True,False
Subject06|arithmetic|Subject06_2.edf|6.000|10.000,Subject06,arithmetic,1,Subject06_2.edf,6.0,10.0,62.0,False,4.0,2.0,4s_windows_50pct_overlap,scored_task,807,False,True,False
Subject06|arithmetic|Subject06_2.edf|8.000|12.000,Subject06,arithmetic,1,Subject06_2.edf,8.0,12.0,62.0,False,4.0,2.0,4s_windows_50pct_overlap,scored_task,808,False,True,False
Subject06|arithmetic|Subject06_2.edf|10.000|14.000,Subject06,arithmetic,1,Subject06_2.edf,10.0,14.0,62.0,False,4.0,2.0,4s_windows_50pct_overlap,scored_task,809,False,True,False
Subject06|arithmetic|Subject06_2.edf|12.000|16.000,Subject06,arithmetic,1,Subject06_2.edf,12.0,16.0,62.0,False,4.0,2.0,4s_windows_50pct_overlap,scored_task,810,False,True,False
Subject06|arithmetic|Subject06_2.edf|14.000|18.000,Subject06,arithmetic,1,Subject06_2.edf,14.0,18.0,62.0,False,4.0,2.0,4s_windows_50pct_overlap,scored_task,811,False,True,False
Subject06|arithmetic|Subject06_2.edf|16.000|20.000,Subject06,arithmetic,1,Subject06_2.edf,16.0,20.0,62.0,False,4.0,2.0,4s_windows_50pct_overlap,scored_task,812,False,True,False
Subject06|arithmetic|Subject06_2.edf|18.000|22.000,Subject06,arithmetic,1,Subject06_2.edf,18.0,22.0,62.0,False,4.0,2.0,4s_windows_50pct_overlap,scored_task,813,False,True,False
Subject06|arithmetic|Subject06_2.edf|20.000|24.000,Subject06,arithmetic,1,Subject06_2.edf,20.0,24.0,62.0,False,4.0,2.0,4s_windows_50pct_overlap,scored_task,814,False,True,False
Subject06|arithmetic|Subject06_2.edf|22.000|26.000,Subject06,arithmetic,1,Subject06_2.edf,22.0,26.0,62.0,False,4.0,2.0,4s_windows_50pct_overlap,scored_task,815,False,True,False
Subject06|arithmetic|Subject06_2.edf|24.000|28.000,Subject06,arithmetic,1,Subject06_2.edf,24.0,28.0,62.0,False,4.0,2.0,4s_windows_50pct_overlap,scored_task,816,False,True,False
Subject06|arithmetic|Subject06_2.edf|26.000|30.000,Subject06,arithmetic,1,Subject06_2.edf,26.0,30.0,62.0,False,4.0,2.0,4s_windows_50pct_overlap,scored_task,817,False,True,False
Subject06|arithmetic|Subject06_2.edf|28.000|32.000,Subject06,arithmetic,1,Subject06_2.edf,28.0,32.0,62.0,False,4.0,2.0,4s_windows_50pct_overlap,scored_task,818,False,True,False
Subject06|arithmetic|Subject06_2.edf|30.000|34.000,Subject06,arithmetic,1,Subject06_2.edf,30.0,34.0,62.0,False,4.0,2.0,4s_windows_50pct_overlap,scored_task,819,False,True,False
Subject06|arithmetic|Subject06_2.edf|32.000|36.000,Subject06,arithmetic,1,Subject06_2.edf,32.0,36.0,62.0,False,4.0,2.0,4s_windows_50pct_overlap,scored_task,820,False,True,False
Subject06|arithmetic|Subject06_2.edf|34.000|38.000,Subject06,arithmetic,1,Subject06_2.edf,34.0,38.0,62.0,False,4.0,2.0,4s_windows_50pct_overlap,scored_task,821,False,True,False
Subject06|arithmetic|Subject06_2.edf|36.000|40.000,Subject06,arithmetic,1,Subject06_2.edf,36.0,40.0,62.0,False,4.0,2.0,4s_windows_50pct_overlap,scored_task,822,False,True,False
Subject06|arithmetic|Subject06_2.edf|38.000|42.000,Subject06,arithmetic,1,Subject06_2.edf,38.0,42.0,62.0,False,4.0,2.0,4s_windows_50pct_overlap,scored_task,823,False,True,False
Subject06|arithmetic|Subject06_2.edf|40.000|44.000,Subject06,arithmetic,1,Subject06_2.edf,40.0,44.0,62.0,False,4.0,2.0,4s_windows_50pct_overlap,scored_task,824,False,True,False
Subject06|arithmetic|Subject06_2.edf|42.000|46.000,Subject06,arithmetic,1,Subject06_2.edf,42.0,46.0,62.0,False,4.0,2.0,4s_windows_50pct_overlap,scored_task,825,False,True,False
Subject06|arithmetic|Subject06_2.edf|44.000|48.000,Subject06,arithmetic,1,Subject06_2.edf,44.0,48.0,62.0,False,4.0,2.0,4s_windows_50pct_overlap,scored_task,826,False,True,False
Subject06|arithmetic|Subject06_2.edf|46.000|50.000,Subject06,arithmetic,1,Subject06_2.edf,46.0,50.0,62.0,False,4.0,2.0,4s_windows_50pct_overlap,scored_task,827,False,True,False
Subject06|arithmetic|Subject06_2.edf|48.000|52.000,Subject06,arithmetic,1,Subject06_2.edf,48.0,52.0,62.0,False,4.0,2.0,4s_windows_50pct_overlap,scored_task,828,False,True,False
Subject06|arithmetic|Subject06_2.edf|50.000|54.000,Subject06,arithmetic,1,Subject06_2.edf,50.0,54.0,62.0,False,4.0,2.0,4s_windows_50pct_overlap,scored_task,829,False,True,False
Subject06|arithmetic|Subject06_2.edf|52.000|56.000,Subject06,arithmetic,1,Subject06_2.edf,52.0,56.0,62.0,False,4.0,2.0,4s_windows_50pct_overlap,scored_task,830,False,True,False
Subject06|arithmetic|Subject06_2.edf|54.000|58.000,Subject06,arithmetic,1,Subject06_2.edf,54.0,58.0,62.0,False,4.0,2.0,4s_windows_50pct_overlap,scored_task,831,False,True,False
Subject06|arithmetic|Subject06_2.edf|56.000|60.000,Subject06,arithmetic,1,Subject06_2.edf,56.0,60.0,62.0,False,4.0,2.0,4s_windows_50pct_overlap,scored_task,832,False,True,False
Subject06|arithmetic|Subject06_2.edf|58.000|62.000,Subject06,arithmetic,1,Subject06_2.edf,58.0,62.0,62.0,False,4.0,2.0,4s_windows_50pct_overlap,scored_task,833,False,True,False
Subject07|rest|Subject07_1.edf|0.000|4.000,Subject07,rest,0,Subject07_1.edf,0.0,4.0,182.0,False,4.0,2.0,4s_windows_50pct_overlap,calibration,834,True,False,False
Subject07|rest|Subject07_1.edf|2.000|6.000,Subject07,rest,0,Subject07_1.edf,2.0,6.0,182.0,False,4.0,2.0,4s_windows_50pct_overlap,calibration,835,True,False,False
Subject07|rest|Subject07_1.edf|4.000|8.000,Subject07,rest,0,Subject07_1.edf,4.0,8.0,182.0,False,4.0,2.0,4s_windows_50pct_overlap,calibration,836,True,False,False
Subject07|rest|Subject07_1.edf|6.000|10.000,Subject07,rest,0,Subject07_1.edf,6.0,10.0,182.0,False,4.0,2.0,4s_windows_50pct_overlap,calibration,837,True,False,False
Subject07|rest|Subject07_1.edf|8.000|12.000,Subject07,rest,0,Subject07_1.edf,8.0,12.0,182.0,False,4.0,2.0,4s_windows_50pct_overlap,calibration,838,True,False,False
Subject07|rest|Subject07_1.edf|10.000|14.000,Subject07,rest,0,Subject07_1.edf,10.0,14.0,182.0,False,4.0,2.0,4s_windows_50pct_overlap,calibration,839,True,False,False
Subject07|rest|Subject07_1.edf|12.000|16.000,Subject07,rest,0,Subject07_1.edf,12.0,16.0,182.0,False,4.0,2.0,4s_windows_50pct_overlap,calibration,840,True,False,False
Subject07|rest|Subject07_1.edf|14.000|18.000,Subject07,rest,0,Subject07_1.edf,14.0,18.0,182.0,False,4.0,2.0,4s_windows_50pct_overlap,calibration,841,True,False,False
Subject07|rest|Subject07_1.edf|16.000|20.000,Subject07,rest,0,Subject07_1.edf,16.0,20.0,182.0,False,4.0,2.0,4s_windows_50pct_overlap,calibration,842,True,False,False
Subject07|rest|Subject07_1.edf|18.000|22.000,Subject07,rest,0,Subject07_1.edf,18.0,22.0,182.0,False,4.0,2.0,4s_windows_50pct_overlap,calibration,843,True,False,False
Subject07|rest|Subject07_1.edf|20.000|24.000,Subject07,rest,0,Subject07_1.edf,20.0,24.0,182.0,False,4.0,2.0,4s_windows_50pct_overlap,calibration,844,True,False,False
Subject07|rest|Subject07_1.edf|22.000|26.000,Subject07,rest,0,Subject07_1.edf,22.0,26.0,182.0,False,4.0,2.0,4s_windows_50pct_overlap,calibration,845,True,False,False
Subject07|rest|Subject07_1.edf|24.000|28.000,Subject07,rest,0,Subject07_1.edf,24.0,28.0,182.0,False,4.0,2.0,4s_windows_50pct_overlap,calibration,846,True,False,False
Subject07|rest|Subject07_1.edf|26.000|30.000,Subject07,rest,0,Subject07_1.edf,26.0,30.0,182.0,False,4.0,2.0,4s_windows_50pct_overlap,calibration,847,True,False,False
Subject07|rest|Subject07_1.edf|28.000|32.000,Subject07,rest,0,Subject07_1.edf,28.0,32.0,182.0,False,4.0,2.0,4s_windows_50pct_overlap,calibration,848,True,False,False
Subject07|rest|Subject07_1.edf|30.000|34.000,Subject07,rest,0,Subject07_1.edf,30.0,34.0,182.0,False,4.0,2.0,4s_windows_50pct_overlap,calibration,849,True,False,False
Subject07|rest|Subject07_1.edf|32.000|36.000,Subject07,rest,0,Subject07_1.edf,32.0,36.0,182.0,False,4.0,2.0,4s_windows_50pct_overlap,calibration,850,True,False,False
Subject07|rest|Subject07_1.edf|34.000|38.000,Subject07,rest,0,Subject07_1.edf,34.0,38.0,182.0,False,4.0,2.0,4s_windows_50pct_overlap,calibration,851,True,False,False
Subject07|rest|Subject07_1.edf|36.000|40.000,Subject07,rest,0,Subject07_1.edf,36.0,40.0,182.0,False,4.0,2.0,4s_windows_50pct_overlap,calibration,852,True,False,False
Subject07|rest|Subject07_1.edf|38.000|42.000,Subject07,rest,0,Subject07_1.edf,38.0,42.0,182.0,False,4.0,2.0,4s_windows_50pct_overlap,calibration,853,True,False,False
Subject07|rest|Subject07_1.edf|40.000|44.000,Subject07,rest,0,Subject07_1.edf,40.0,44.0,182.0,False,4.0,2.0,4s_windows_50pct_overlap,calibration,854,True,False,False
Subject07|rest|Subject07_1.edf|42.000|46.000,Subject07,rest,0,Subject07_1.edf,42.0,46.0,182.0,False,4.0,2.0,4s_windows_50pct_overlap,calibration,855,True,False,False
Subject07|rest|Subject07_1.edf|44.000|48.000,Subject07,rest,0,Subject07_1.edf,44.0,48.0,182.0,False,4.0,2.0,4s_windows_50pct_overlap,calibration,856,True,False,False
Subject07|rest|Subject07_1.edf|46.000|50.000,Subject07,rest,0,Subject07_1.edf,46.0,50.0,182.0,False,4.0,2.0,4s_windows_50pct_overlap,calibration,857,True,False,False
Subject07|rest|Subject07_1.edf|48.000|52.000,Subject07,rest,0,Subject07_1.edf,48.0,52.0,182.0,False,4.0,2.0,4s_windows_50pct_overlap,calibration,858,True,False,False
Subject07|rest|Subject07_1.edf|50.000|54.000,Subject07,rest,0,Subject07_1.edf,50.0,54.0,182.0,False,4.0,2.0,4s_windows_50pct_overlap,calibration,859,True,False,False
Subject07|rest|Subject07_1.edf|52.000|56.000,Subject07,rest,0,Subject07_1.edf,52.0,56.0,182.0,False,4.0,2.0,4s_windows_50pct_overlap,calibration,860,True,False,False
Subject07|rest|Subject07_1.edf|54.000|58.000,Subject07,rest,0,Subject07_1.edf,54.0,58.0,182.0,False,4.0,2.0,4s_windows_50pct_overlap,calibration,861,True,False,False
Subject07|rest|Subject07_1.edf|56.000|60.000,Subject07,rest,0,Subject07_1.edf,56.0,60.0,182.0,False,4.0,2.0,4s_windows_50pct_overlap,calibration,862,True,False,False
Subject07|rest|Subject07_1.edf|58.000|62.000,Subject07,rest,0,Subject07_1.edf,58.0,62.0,182.0,False,4.0,2.0,4s_windows_50pct_overlap,calibration,863,True,False,False
Subject07|rest|Subject07_1.edf|60.000|64.000,Subject07,rest,0,Subject07_1.edf,60.0,64.0,182.0,False,4.0,2.0,4s_windows_50pct_overlap,scored_rest,864,False,True,False
Subject07|rest|Subject07_1.edf|62.000|66.000,Subject07,rest,0,Subject07_1.edf,62.0,66.0,182.0,False,4.0,2.0,4s_windows_50pct_overlap,scored_rest,865,False,True,False
Subject07|rest|Subject07_1.edf|64.000|68.000,Subject07,rest,0,Subject07_1.edf,64.0,68.0,182.0,False,4.0,2.0,4s_windows_50pct_overlap,scored_rest,866,False,True,False
Subject07|rest|Subject07_1.edf|66.000|70.000,Subject07,rest,0,Subject07_1.edf,66.0,70.0,182.0,False,4.0,2.0,4s_windows_50pct_overlap,scored_rest,867,False,True,False
Subject07|rest|Subject07_1.edf|68.000|72.000,Subject07,rest,0,Subject07_1.edf,68.0,72.0,182.0,False,4.0,2.0,4s_windows_50pct_overlap,scored_rest,868,False,True,False
Subject07|rest|Subject07_1.edf|70.000|74.000,Subject07,rest,0,Subject07_1.edf,70.0,74.0,182.0,False,4.0,2.0,4s_windows_50pct_overlap,scored_rest,869,False,True,False
Subject07|rest|Subject07_1.edf|72.000|76.000,Subject07,rest,0,Subject07_1.edf,72.0,76.0,182.0,False,4.0,2.0,4s_windows_50pct_overlap,scored_rest,870,False,True,False
Subject07|rest|Subject07_1.edf|74.000|78.000,Subject07,rest,0,Subject07_1.edf,74.0,78.0,182.0,False,4.0,2.0,4s_windows_50pct_overlap,scored_rest,871,False,True,False
Subject07|rest|Subject07_1.edf|76.000|80.000,Subject07,rest,0,Subject07_1.edf,76.0,80.0,182.0,False,4.0,2.0,4s_windows_50pct_overlap,scored_rest,872,False,True,False
Subject07|rest|Subject07_1.edf|78.000|82.000,Subject07,rest,0,Subject07_1.edf,78.0,82.0,182.0,False,4.0,2.0,4s_windows_50pct_overlap,scored_rest,873,False,True,False
Subject07|rest|Subject07_1.edf|80.000|84.000,Subject07,rest,0,Subject07_1.edf,80.0,84.0,182.0,False,4.0,2.0,4s_windows_50pct_overlap,scored_rest,874,False,True,False
Subject07|rest|Subject07_1.edf|82.000|86.000,Subject07,rest,0,Subject07_1.edf,82.0,86.0,182.0,False,4.0,2.0,4s_windows_50pct_overlap,scored_rest,875,False,True,False
Subject07|rest|Subject07_1.edf|84.000|88.000,Subject07,rest,0,Subject07_1.edf,84.0,88.0,182.0,False,4.0,2.0,4s_windows_50pct_overlap,scored_rest,876,False,True,False
Subject07|rest|Subject07_1.edf|86.000|90.000,Subject07,rest,0,Subject07_1.edf,86.0,90.0,182.0,False,4.0,2.0,4s_windows_50pct_overlap,scored_rest,877,False,True,False
Subject07|rest|Subject07_1.edf|88.000|92.000,Subject07,rest,0,Subject07_1.edf,88.0,92.0,182.0,False,4.0,2.0,4s_windows_50pct_overlap,scored_rest,878,False,True,False
Subject07|rest|Subject07_1.edf|90.000|94.000,Subject07,rest,0,Subject07_1.edf,90.0,94.0,182.0,False,4.0,2.0,4s_windows_50pct_overlap,scored_rest,879,False,True,False
Subject07|rest|Subject07_1.edf|92.000|96.000,Subject07,rest,0,Subject07_1.edf,92.0,96.0,182.0,False,4.0,2.0,4s_windows_50pct_overlap,scored_rest,880,False,True,False
Subject07|rest|Subject07_1.edf|94.000|98.000,Subject07,rest,0,Subject07_1.edf,94.0,98.0,182.0,False,4.0,2.0,4s_windows_50pct_overlap,scored_rest,881,False,True,False
Subject07|rest|Subject07_1.edf|96.000|100.000,Subject07,rest,0,Subject07_1.edf,96.0,100.0,182.0,False,4.0,2.0,4s_windows_50pct_overlap,scored_rest,882,False,True,False
Subject07|rest|Subject07_1.edf|98.000|102.000,Subject07,rest,0,Subject07_1.edf,98.0,102.0,182.0,False,4.0,2.0,4s_windows_50pct_overlap,scored_rest,883,False,True,False
Subject07|rest|Subject07_1.edf|100.000|104.000,Subject07,rest,0,Subject07_1.edf,100.0,104.0,182.0,False,4.0,2.0,4s_windows_50pct_overlap,scored_rest,884,False,True,False
Subject07|rest|Subject07_1.edf|102.000|106.000,Subject07,rest,0,Subject07_1.edf,102.0,106.0,182.0,False,4.0,2.0,4s_windows_50pct_overlap,scored_rest,885,False,True,False
Subject07|rest|Subject07_1.edf|104.000|108.000,Subject07,rest,0,Subject07_1.edf,104.0,108.0,182.0,False,4.0,2.0,4s_windows_50pct_overlap,scored_rest,886,False,True,False
Subject07|rest|Subject07_1.edf|106.000|110.000,Subject07,rest,0,Subject07_1.edf,106.0,110.0,182.0,False,4.0,2.0,4s_windows_50pct_overlap,scored_rest,887,False,True,False
Subject07|rest|Subject07_1.edf|108.000|112.000,Subject07,rest,0,Subject07_1.edf,108.0,112.0,182.0,False,4.0,2.0,4s_windows_50pct_overlap,scored_rest,888,False,True,False
Subject07|rest|Subject07_1.edf|110.000|114.000,Subject07,rest,0,Subject07_1.edf,110.0,114.0,182.0,False,4.0,2.0,4s_windows_50pct_overlap,scored_rest,889,False,True,False
Subject07|rest|Subject07_1.edf|112.000|116.000,Subject07,rest,0,Subject07_1.edf,112.0,116.0,182.0,False,4.0,2.0,4s_windows_50pct_overlap,scored_rest,890,False,True,False
Subject07|rest|Subject07_1.edf|114.000|118.000,Subject07,rest,0,Subject07_1.edf,114.0,118.0,182.0,False,4.0,2.0,4s_windows_50pct_overlap,scored_rest,891,False,True,False
Subject07|rest|Subject07_1.edf|116.000|120.000,Subject07,rest,0,Subject07_1.edf,116.0,120.0,182.0,False,4.0,2.0,4s_windows_50pct_overlap,scored_rest,892,False,True,False
Subject07|rest|Subject07_1.edf|118.000|122.000,Subject07,rest,0,Subject07_1.edf,118.0,122.0,182.0,False,4.0,2.0,4s_windows_50pct_overlap,scored_rest,893,False,True,False
Subject07|rest|Subject07_1.edf|120.000|124.000,Subject07,rest,0,Subject07_1.edf,120.0,124.0,182.0,False,4.0,2.0,4s_windows_50pct_overlap,scored_rest,894,False,True,False
Subject07|rest|Subject07_1.edf|122.000|126.000,Subject07,rest,0,Subject07_1.edf,122.0,126.0,182.0,False,4.0,2.0,4s_windows_50pct_overlap,scored_rest,895,False,True,False
Subject07|rest|Subject07_1.edf|124.000|128.000,Subject07,rest,0,Subject07_1.edf,124.0,128.0,182.0,False,4.0,2.0,4s_windows_50pct_overlap,scored_rest,896,False,True,False
Subject07|rest|Subject07_1.edf|126.000|130.000,Subject07,rest,0,Subject07_1.edf,126.0,130.0,182.0,False,4.0,2.0,4s_windows_50pct_overlap,scored_rest,897,False,True,False
Subject07|rest|Subject07_1.edf|128.000|132.000,Subject07,rest,0,Subject07_1.edf,128.0,132.0,182.0,False,4.0,2.0,4s_windows_50pct_overlap,scored_rest,898,False,True,False
Subject07|rest|Subject07_1.edf|130.000|134.000,Subject07,rest,0,Subject07_1.edf,130.0,134.0,182.0,False,4.0,2.0,4s_windows_50pct_overlap,scored_rest,899,False,True,False
Subject07|rest|Subject07_1.edf|132.000|136.000,Subject07,rest,0,Subject07_1.edf,132.0,136.0,182.0,False,4.0,2.0,4s_windows_50pct_overlap,scored_rest,900,False,True,False
Subject07|rest|Subject07_1.edf|134.000|138.000,Subject07,rest,0,Subject07_1.edf,134.0,138.0,182.0,False,4.0,2.0,4s_windows_50pct_overlap,scored_rest,901,False,True,False
Subject07|rest|Subject07_1.edf|136.000|140.000,Subject07,rest,0,Subject07_1.edf,136.0,140.0,182.0,False,4.0,2.0,4s_windows_50pct_overlap,scored_rest,902,False,True,False
Subject07|rest|Subject07_1.edf|138.000|142.000,Subject07,rest,0,Subject07_1.edf,138.0,142.0,182.0,False,4.0,2.0,4s_windows_50pct_overlap,scored_rest,903,False,True,False
Subject07|rest|Subject07_1.edf|140.000|144.000,Subject07,rest,0,Subject07_1.edf,140.0,144.0,182.0,False,4.0,2.0,4s_windows_50pct_overlap,scored_rest,904,False,True,False
Subject07|rest|Subject07_1.edf|142.000|146.000,Subject07,rest,0,Subject07_1.edf,142.0,146.0,182.0,False,4.0,2.0,4s_windows_50pct_overlap,scored_rest,905,False,True,False
Subject07|rest|Subject07_1.edf|144.000|148.000,Subject07,rest,0,Subject07_1.edf,144.0,148.0,182.0,False,4.0,2.0,4s_windows_50pct_overlap,scored_rest,906,False,True,False
Subject07|rest|Subject07_1.edf|146.000|150.000,Subject07,rest,0,Subject07_1.edf,146.0,150.0,182.0,False,4.0,2.0,4s_windows_50pct_overlap,scored_rest,907,False,True,False
Subject07|rest|Subject07_1.edf|148.000|152.000,Subject07,rest,0,Subject07_1.edf,148.0,152.0,182.0,False,4.0,2.0,4s_windows_50pct_overlap,scored_rest,908,False,True,False
Subject07|rest|Subject07_1.edf|150.000|154.000,Subject07,rest,0,Subject07_1.edf,150.0,154.0,182.0,False,4.0,2.0,4s_windows_50pct_overlap,scored_rest,909,False,True,False
Subject07|rest|Subject07_1.edf|152.000|156.000,Subject07,rest,0,Subject07_1.edf,152.0,156.0,182.0,False,4.0,2.0,4s_windows_50pct_overlap,scored_rest,910,False,True,False
Subject07|rest|Subject07_1.edf|154.000|158.000,Subject07,rest,0,Subject07_1.edf,154.0,158.0,182.0,False,4.0,2.0,4s_windows_50pct_overlap,scored_rest,911,False,True,False
Subject07|rest|Subject07_1.edf|156.000|160.000,Subject07,rest,0,Subject07_1.edf,156.0,160.0,182.0,False,4.0,2.0,4s_windows_50pct_overlap,scored_rest,912,False,True,False
Subject07|rest|Subject07_1.edf|158.000|162.000,Subject07,rest,0,Subject07_1.edf,158.0,162.0,182.0,False,4.0,2.0,4s_windows_50pct_overlap,scored_rest,913,False,True,False
Subject07|rest|Subject07_1.edf|160.000|164.000,Subject07,rest,0,Subject07_1.edf,160.0,164.0,182.0,False,4.0,2.0,4s_windows_50pct_overlap,scored_rest,914,False,True,False
Subject07|rest|Subject07_1.edf|162.000|166.000,Subject07,rest,0,Subject07_1.edf,162.0,166.0,182.0,False,4.0,2.0,4s_windows_50pct_overlap,scored_rest,915,False,True,False
Subject07|rest|Subject07_1.edf|164.000|168.000,Subject07,rest,0,Subject07_1.edf,164.0,168.0,182.0,False,4.0,2.0,4s_windows_50pct_overlap,scored_rest,916,False,True,False
Subject07|rest|Subject07_1.edf|166.000|170.000,Subject07,rest,0,Subject07_1.edf,166.0,170.0,182.0,False,4.0,2.0,4s_windows_50pct_overlap,scored_rest,917,False,True,False
Subject07|rest|Subject07_1.edf|168.000|172.000,Subject07,rest,0,Subject07_1.edf,168.0,172.0,182.0,False,4.0,2.0,4s_windows_50pct_overlap,scored_rest,918,False,True,False
Subject07|rest|Subject07_1.edf|170.000|174.000,Subject07,rest,0,Subject07_1.edf,170.0,174.0,182.0,False,4.0,2.0,4s_windows_50pct_overlap,scored_rest,919,False,True,False
Subject07|rest|Subject07_1.edf|172.000|176.000,Subject07,rest,0,Subject07_1.edf,172.0,176.0,182.0,False,4.0,2.0,4s_windows_50pct_overlap,scored_rest,920,False,True,False
Subject07|rest|Subject07_1.edf|174.000|178.000,Subject07,rest,0,Subject07_1.edf,174.0,178.0,182.0,False,4.0,2.0,4s_windows_50pct_overlap,scored_rest,921,False,True,False
Subject07|rest|Subject07_1.edf|176.000|180.000,Subject07,rest,0,Subject07_1.edf,176.0,180.0,182.0,False,4.0,2.0,4s_windows_50pct_overlap,scored_rest,922,False,True,False
Subject07|rest|Subject07_1.edf|178.000|182.000,Subject07,rest,0,Subject07_1.edf,178.0,182.0,182.0,False,4.0,2.0,4s_windows_50pct_overlap,scored_rest,923,False,True,False
Subject07|arithmetic|Subject07_2.edf|0.000|4.000,Subject07,arithmetic,1,Subject07_2.edf,0.0,4.0,62.0,False,4.0,2.0,4s_windows_50pct_overlap,scored_task,924,False,True,False
Subject07|arithmetic|Subject07_2.edf|2.000|6.000,Subject07,arithmetic,1,Subject07_2.edf,2.0,6.0,62.0,False,4.0,2.0,4s_windows_50pct_overlap,scored_task,925,False,True,False
Subject07|arithmetic|Subject07_2.edf|4.000|8.000,Subject07,arithmetic,1,Subject07_2.edf,4.0,8.0,62.0,False,4.0,2.0,4s_windows_50pct_overlap,scored_task,926,False,True,False
Subject07|arithmetic|Subject07_2.edf|6.000|10.000,Subject07,arithmetic,1,Subject07_2.edf,6.0,10.0,62.0,False,4.0,2.0,4s_windows_50pct_overlap,scored_task,927,False,True,False
Subject07|arithmetic|Subject07_2.edf|8.000|12.000,Subject07,arithmetic,1,Subject07_2.edf,8.0,12.0,62.0,False,4.0,2.0,4s_windows_50pct_overlap,scored_task,928,False,True,False
Subject07|arithmetic|Subject07_2.edf|10.000|14.000,Subject07,arithmetic,1,Subject07_2.edf,10.0,14.0,62.0,False,4.0,2.0,4s_windows_50pct_overlap,scored_task,929,False,True,False
Subject07|arithmetic|Subject07_2.edf|12.000|16.000,Subject07,arithmetic,1,Subject07_2.edf,12.0,16.0,62.0,False,4.0,2.0,4s_windows_50pct_overlap,scored_task,930,False,True,False
Subject07|arithmetic|Subject07_2.edf|14.000|18.000,Subject07,arithmetic,1,Subject07_2.edf,14.0,18.0,62.0,False,4.0,2.0,4s_windows_50pct_overlap,scored_task,931,False,True,False
Subject07|arithmetic|Subject07_2.edf|16.000|20.000,Subject07,arithmetic,1,Subject07_2.edf,16.0,20.0,62.0,False,4.0,2.0,4s_windows_50pct_overlap,scored_task,932,False,True,False
Subject07|arithmetic|Subject07_2.edf|18.000|22.000,Subject07,arithmetic,1,Subject07_2.edf,18.0,22.0,62.0,False,4.0,2.0,4s_windows_50pct_overlap,scored_task,933,False,True,False
Subject07|arithmetic|Subject07_2.edf|20.000|24.000,Subject07,arithmetic,1,Subject07_2.edf,20.0,24.0,62.0,False,4.0,2.0,4s_windows_50pct_overlap,scored_task,934,False,True,False
Subject07|arithmetic|Subject07_2.edf|22.000|26.000,Subject07,arithmetic,1,Subject07_2.edf,22.0,26.0,62.0,False,4.0,2.0,4s_windows_50pct_overlap,scored_task,935,False,True,False
Subject07|arithmetic|Subject07_2.edf|24.000|28.000,Subject07,arithmetic,1,Subject07_2.edf,24.0,28.0,62.0,False,4.0,2.0,4s_windows_50pct_overlap,scored_task,936,False,True,False
Subject07|arithmetic|Subject07_2.edf|26.000|30.000,Subject07,arithmetic,1,Subject07_2.edf,26.0,30.0,62.0,False,4.0,2.0,4s_windows_50pct_overlap,scored_task,937,False,True,False
Subject07|arithmetic|Subject07_2.edf|28.000|32.000,Subject07,arithmetic,1,Subject07_2.edf,28.0,32.0,62.0,False,4.0,2.0,4s_windows_50pct_overlap,scored_task,938,False,True,False
Subject07|arithmetic|Subject07_2.edf|30.000|34.000,Subject07,arithmetic,1,Subject07_2.edf,30.0,34.0,62.0,False,4.0,2.0,4s_windows_50pct_overlap,scored_task,939,False,True,False
Subject07|arithmetic|Subject07_2.edf|32.000|36.000,Subject07,arithmetic,1,Subject07_2.edf,32.0,36.0,62.0,False,4.0,2.0,4s_windows_50pct_overlap,scored_task,940,False,True,False
Subject07|arithmetic|Subject07_2.edf|34.000|38.000,Subject07,arithmetic,1,Subject07_2.edf,34.0,38.0,62.0,False,4.0,2.0,4s_windows_50pct_overlap,scored_task,941,False,True,False
Subject07|arithmetic|Subject07_2.edf|36.000|40.000,Subject07,arithmetic,1,Subject07_2.edf,36.0,40.0,62.0,False,4.0,2.0,4s_windows_50pct_overlap,scored_task,942,False,True,False
Subject07|arithmetic|Subject07_2.edf|38.000|42.000,Subject07,arithmetic,1,Subject07_2.edf,38.0,42.0,62.0,False,4.0,2.0,4s_windows_50pct_overlap,scored_task,943,False,True,False
Subject07|arithmetic|Subject07_2.edf|40.000|44.000,Subject07,arithmetic,1,Subject07_2.edf,40.0,44.0,62.0,False,4.0,2.0,4s_windows_50pct_overlap,scored_task,944,False,True,False
Subject07|arithmetic|Subject07_2.edf|42.000|46.000,Subject07,arithmetic,1,Subject07_2.edf,42.0,46.0,62.0,False,4.0,2.0,4s_windows_50pct_overlap,scored_task,945,False,True,False
Subject07|arithmetic|Subject07_2.edf|44.000|48.000,Subject07,arithmetic,1,Subject07_2.edf,44.0,48.0,62.0,False,4.0,2.0,4s_windows_50pct_overlap,scored_task,946,False,True,False
Subject07|arithmetic|Subject07_2.edf|46.000|50.000,Subject07,arithmetic,1,Subject07_2.edf,46.0,50.0,62.0,False,4.0,2.0,4s_windows_50pct_overlap,scored_task,947,False,True,False
Subject07|arithmetic|Subject07_2.edf|48.000|52.000,Subject07,arithmetic,1,Subject07_2.edf,48.0,52.0,62.0,False,4.0,2.0,4s_windows_50pct_overlap,scored_task,948,False,True,False
Subject07|arithmetic|Subject07_2.edf|50.000|54.000,Subject07,arithmetic,1,Subject07_2.edf,50.0,54.0,62.0,False,4.0,2.0,4s_windows_50pct_overlap,scored_task,949,False,True,False
Subject07|arithmetic|Subject07_2.edf|52.000|56.000,Subject07,arithmetic,1,Subject07_2.edf,52.0,56.0,62.0,False,4.0,2.0,4s_windows_50pct_overlap,scored_task,950,False,True,False
Subject07|arithmetic|Subject07_2.edf|54.000|58.000,Subject07,arithmetic,1,Subject07_2.edf,54.0,58.0,62.0,False,4.0,2.0,4s_windows_50pct_overlap,scored_task,951,False,True,False
Subject07|arithmetic|Subject07_2.edf|56.000|60.000,Subject07,arithmetic,1,Subject07_2.edf,56.0,60.0,62.0,False,4.0,2.0,4s_windows_50pct_overlap,scored_task,952,False,True,False
Subject07|arithmetic|Subject07_2.edf|58.000|62.000,Subject07,arithmetic,1,Subject07_2.edf,58.0,62.0,62.0,False,4.0,2.0,4s_windows_50pct_overlap,scored_task,953,False,True,False
Subject08|rest|Subject08_1.edf|0.000|4.000,Subject08,rest,0,Subject08_1.edf,0.0,4.0,182.0,False,4.0,2.0,4s_windows_50pct_overlap,calibration,954,True,False,False
Subject08|rest|Subject08_1.edf|2.000|6.000,Subject08,rest,0,Subject08_1.edf,2.0,6.0,182.0,False,4.0,2.0,4s_windows_50pct_overlap,calibration,955,True,False,False
Subject08|rest|Subject08_1.edf|4.000|8.000,Subject08,rest,0,Subject08_1.edf,4.0,8.0,182.0,False,4.0,2.0,4s_windows_50pct_overlap,calibration,956,True,False,False
Subject08|rest|Subject08_1.edf|6.000|10.000,Subject08,rest,0,Subject08_1.edf,6.0,10.0,182.0,False,4.0,2.0,4s_windows_50pct_overlap,calibration,957,True,False,False
Subject08|rest|Subject08_1.edf|8.000|12.000,Subject08,rest,0,Subject08_1.edf,8.0,12.0,182.0,False,4.0,2.0,4s_windows_50pct_overlap,calibration,958,True,False,False
Subject08|rest|Subject08_1.edf|10.000|14.000,Subject08,rest,0,Subject08_1.edf,10.0,14.0,182.0,False,4.0,2.0,4s_windows_50pct_overlap,calibration,959,True,False,False
Subject08|rest|Subject08_1.edf|12.000|16.000,Subject08,rest,0,Subject08_1.edf,12.0,16.0,182.0,False,4.0,2.0,4s_windows_50pct_overlap,calibration,960,True,False,False
Subject08|rest|Subject08_1.edf|14.000|18.000,Subject08,rest,0,Subject08_1.edf,14.0,18.0,182.0,False,4.0,2.0,4s_windows_50pct_overlap,calibration,961,True,False,False
Subject08|rest|Subject08_1.edf|16.000|20.000,Subject08,rest,0,Subject08_1.edf,16.0,20.0,182.0,False,4.0,2.0,4s_windows_50pct_overlap,calibration,962,True,False,False
Subject08|rest|Subject08_1.edf|18.000|22.000,Subject08,rest,0,Subject08_1.edf,18.0,22.0,182.0,False,4.0,2.0,4s_windows_50pct_overlap,calibration,963,True,False,False
Subject08|rest|Subject08_1.edf|20.000|24.000,Subject08,rest,0,Subject08_1.edf,20.0,24.0,182.0,False,4.0,2.0,4s_windows_50pct_overlap,calibration,964,True,False,False
Subject08|rest|Subject08_1.edf|22.000|26.000,Subject08,rest,0,Subject08_1.edf,22.0,26.0,182.0,False,4.0,2.0,4s_windows_50pct_overlap,calibration,965,True,False,False
Subject08|rest|Subject08_1.edf|24.000|28.000,Subject08,rest,0,Subject08_1.edf,24.0,28.0,182.0,False,4.0,2.0,4s_windows_50pct_overlap,calibration,966,True,False,False
Subject08|rest|Subject08_1.edf|26.000|30.000,Subject08,rest,0,Subject08_1.edf,26.0,30.0,182.0,False,4.0,2.0,4s_windows_50pct_overlap,calibration,967,True,False,False
Subject08|rest|Subject08_1.edf|28.000|32.000,Subject08,rest,0,Subject08_1.edf,28.0,32.0,182.0,False,4.0,2.0,4s_windows_50pct_overlap,calibration,968,True,False,False
Subject08|rest|Subject08_1.edf|30.000|34.000,Subject08,rest,0,Subject08_1.edf,30.0,34.0,182.0,False,4.0,2.0,4s_windows_50pct_overlap,calibration,969,True,False,False
Subject08|rest|Subject08_1.edf|32.000|36.000,Subject08,rest,0,Subject08_1.edf,32.0,36.0,182.0,False,4.0,2.0,4s_windows_50pct_overlap,calibration,970,True,False,False
Subject08|rest|Subject08_1.edf|34.000|38.000,Subject08,rest,0,Subject08_1.edf,34.0,38.0,182.0,False,4.0,2.0,4s_windows_50pct_overlap,calibration,971,True,False,False
Subject08|rest|Subject08_1.edf|36.000|40.000,Subject08,rest,0,Subject08_1.edf,36.0,40.0,182.0,False,4.0,2.0,4s_windows_50pct_overlap,calibration,972,True,False,False
Subject08|rest|Subject08_1.edf|38.000|42.000,Subject08,rest,0,Subject08_1.edf,38.0,42.0,182.0,False,4.0,2.0,4s_windows_50pct_overlap,calibration,973,True,False,False
Subject08|rest|Subject08_1.edf|40.000|44.000,Subject08,rest,0,Subject08_1.edf,40.0,44.0,182.0,False,4.0,2.0,4s_windows_50pct_overlap,calibration,974,True,False,False
Subject08|rest|Subject08_1.edf|42.000|46.000,Subject08,rest,0,Subject08_1.edf,42.0,46.0,182.0,False,4.0,2.0,4s_windows_50pct_overlap,calibration,975,True,False,False
Subject08|rest|Subject08_1.edf|44.000|48.000,Subject08,rest,0,Subject08_1.edf,44.0,48.0,182.0,False,4.0,2.0,4s_windows_50pct_overlap,calibration,976,True,False,False
Subject08|rest|Subject08_1.edf|46.000|50.000,Subject08,rest,0,Subject08_1.edf,46.0,50.0,182.0,False,4.0,2.0,4s_windows_50pct_overlap,calibration,977,True,False,False
Subject08|rest|Subject08_1.edf|48.000|52.000,Subject08,rest,0,Subject08_1.edf,48.0,52.0,182.0,False,4.0,2.0,4s_windows_50pct_overlap,calibration,978,True,False,False
Subject08|rest|Subject08_1.edf|50.000|54.000,Subject08,rest,0,Subject08_1.edf,50.0,54.0,182.0,False,4.0,2.0,4s_windows_50pct_overlap,calibration,979,True,False,False
Subject08|rest|Subject08_1.edf|52.000|56.000,Subject08,rest,0,Subject08_1.edf,52.0,56.0,182.0,False,4.0,2.0,4s_windows_50pct_overlap,calibration,980,True,False,False
Subject08|rest|Subject08_1.edf|54.000|58.000,Subject08,rest,0,Subject08_1.edf,54.0,58.0,182.0,False,4.0,2.0,4s_windows_50pct_overlap,calibration,981,True,False,False
Subject08|rest|Subject08_1.edf|56.000|60.000,Subject08,rest,0,Subject08_1.edf,56.0,60.0,182.0,False,4.0,2.0,4s_windows_50pct_overlap,calibration,982,True,False,False
Subject08|rest|Subject08_1.edf|58.000|62.000,Subject08,rest,0,Subject08_1.edf,58.0,62.0,182.0,False,4.0,2.0,4s_windows_50pct_overlap,calibration,983,True,False,False
Subject08|rest|Subject08_1.edf|60.000|64.000,Subject08,rest,0,Subject08_1.edf,60.0,64.0,182.0,False,4.0,2.0,4s_windows_50pct_overlap,scored_rest,984,False,True,False
Subject08|rest|Subject08_1.edf|62.000|66.000,Subject08,rest,0,Subject08_1.edf,62.0,66.0,182.0,False,4.0,2.0,4s_windows_50pct_overlap,scored_rest,985,False,True,False
Subject08|rest|Subject08_1.edf|64.000|68.000,Subject08,rest,0,Subject08_1.edf,64.0,68.0,182.0,False,4.0,2.0,4s_windows_50pct_overlap,scored_rest,986,False,True,False
Subject08|rest|Subject08_1.edf|66.000|70.000,Subject08,rest,0,Subject08_1.edf,66.0,70.0,182.0,False,4.0,2.0,4s_windows_50pct_overlap,scored_rest,987,False,True,False
Subject08|rest|Subject08_1.edf|68.000|72.000,Subject08,rest,0,Subject08_1.edf,68.0,72.0,182.0,False,4.0,2.0,4s_windows_50pct_overlap,scored_rest,988,False,True,False
Subject08|rest|Subject08_1.edf|70.000|74.000,Subject08,rest,0,Subject08_1.edf,70.0,74.0,182.0,False,4.0,2.0,4s_windows_50pct_overlap,scored_rest,989,False,True,False
Subject08|rest|Subject08_1.edf|72.000|76.000,Subject08,rest,0,Subject08_1.edf,72.0,76.0,182.0,False,4.0,2.0,4s_windows_50pct_overlap,scored_rest,990,False,True,False
Subject08|rest|Subject08_1.edf|74.000|78.000,Subject08,rest,0,Subject08_1.edf,74.0,78.0,182.0,False,4.0,2.0,4s_windows_50pct_overlap,scored_rest,991,False,True,False
Subject08|rest|Subject08_1.edf|76.000|80.000,Subject08,rest,0,Subject08_1.edf,76.0,80.0,182.0,False,4.0,2.0,4s_windows_50pct_overlap,scored_rest,992,False,True,False
Subject08|rest|Subject08_1.edf|78.000|82.000,Subject08,rest,0,Subject08_1.edf,78.0,82.0,182.0,False,4.0,2.0,4s_windows_50pct_overlap,scored_rest,993,False,True,False
Subject08|rest|Subject08_1.edf|80.000|84.000,Subject08,rest,0,Subject08_1.edf,80.0,84.0,182.0,False,4.0,2.0,4s_windows_50pct_overlap,scored_rest,994,False,True,False
Subject08|rest|Subject08_1.edf|82.000|86.000,Subject08,rest,0,Subject08_1.edf,82.0,86.0,182.0,False,4.0,2.0,4s_windows_50pct_overlap,scored_rest,995,False,True,False
Subject08|rest|Subject08_1.edf|84.000|88.000,Subject08,rest,0,Subject08_1.edf,84.0,88.0,182.0,False,4.0,2.0,4s_windows_50pct_overlap,scored_rest,996,False,True,False
Subject08|rest|Subject08_1.edf|86.000|90.000,Subject08,rest,0,Subject08_1.edf,86.0,90.0,182.0,False,4.0,2.0,4s_windows_50pct_overlap,scored_rest,997,False,True,False
Subject08|rest|Subject08_1.edf|88.000|92.000,Subject08,rest,0,Subject08_1.edf,88.0,92.0,182.0,False,4.0,2.0,4s_windows_50pct_overlap,scored_rest,998,False,True,False
Subject08|rest|Subject08_1.edf|90.000|94.000,Subject08,rest,0,Subject08_1.edf,90.0,94.0,182.0,False,4.0,2.0,4s_windows_50pct_overlap,scored_rest,999,False,True,False
Subject08|rest|Subject08_1.edf|92.000|96.000,Subject08,rest,0,Subject08_1.edf,92.0,96.0,182.0,False,4.0,2.0,4s_windows_50pct_overlap,scored_rest,1000,False,True,False
Subject08|rest|Subject08_1.edf|94.000|98.000,Subject08,rest,0,Subject08_1.edf,94.0,98.0,182.0,False,4.0,2.0,4s_windows_50pct_overlap,scored_rest,1001,False,True,False
Subject08|rest|Subject08_1.edf|96.000|100.000,Subject08,rest,0,Subject08_1.edf,96.0,100.0,182.0,False,4.0,2.0,4s_windows_50pct_overlap,scored_rest,1002,False,True,False
Subject08|rest|Subject08_1.edf|98.000|102.000,Subject08,rest,0,Subject08_1.edf,98.0,102.0,182.0,False,4.0,2.0,4s_windows_50pct_overlap,scored_rest,1003,False,True,False
Subject08|rest|Subject08_1.edf|100.000|104.000,Subject08,rest,0,Subject08_1.edf,100.0,104.0,182.0,False,4.0,2.0,4s_windows_50pct_overlap,scored_rest,1004,False,True,False
Subject08|rest|Subject08_1.edf|102.000|106.000,Subject08,rest,0,Subject08_1.edf,102.0,106.0,182.0,False,4.0,2.0,4s_windows_50pct_overlap,scored_rest,1005,False,True,False
Subject08|rest|Subject08_1.edf|104.000|108.000,Subject08,rest,0,Subject08_1.edf,104.0,108.0,182.0,False,4.0,2.0,4s_windows_50pct_overlap,scored_rest,1006,False,True,False
Subject08|rest|Subject08_1.edf|106.000|110.000,Subject08,rest,0,Subject08_1.edf,106.0,110.0,182.0,False,4.0,2.0,4s_windows_50pct_overlap,scored_rest,1007,False,True,False
Subject08|rest|Subject08_1.edf|108.000|112.000,Subject08,rest,0,Subject08_1.edf,108.0,112.0,182.0,False,4.0,2.0,4s_windows_50pct_overlap,scored_rest,1008,False,True,False
Subject08|rest|Subject08_1.edf|110.000|114.000,Subject08,rest,0,Subject08_1.edf,110.0,114.0,182.0,False,4.0,2.0,4s_windows_50pct_overlap,scored_rest,1009,False,True,False
Subject08|rest|Subject08_1.edf|112.000|116.000,Subject08,rest,0,Subject08_1.edf,112.0,116.0,182.0,False,4.0,2.0,4s_windows_50pct_overlap,scored_rest,1010,False,True,False
Subject08|rest|Subject08_1.edf|114.000|118.000,Subject08,rest,0,Subject08_1.edf,114.0,118.0,182.0,False,4.0,2.0,4s_windows_50pct_overlap,scored_rest,1011,False,True,False
Subject08|rest|Subject08_1.edf|116.000|120.000,Subject08,rest,0,Subject08_1.edf,116.0,120.0,182.0,False,4.0,2.0,4s_windows_50pct_overlap,scored_rest,1012,False,True,False
Subject08|rest|Subject08_1.edf|118.000|122.000,Subject08,rest,0,Subject08_1.edf,118.0,122.0,182.0,False,4.0,2.0,4s_windows_50pct_overlap,scored_rest,1013,False,True,False
Subject08|rest|Subject08_1.edf|120.000|124.000,Subject08,rest,0,Subject08_1.edf,120.0,124.0,182.0,False,4.0,2.0,4s_windows_50pct_overlap,scored_rest,1014,False,True,False
Subject08|rest|Subject08_1.edf|122.000|126.000,Subject08,rest,0,Subject08_1.edf,122.0,126.0,182.0,False,4.0,2.0,4s_windows_50pct_overlap,scored_rest,1015,False,True,False
Subject08|rest|Subject08_1.edf|124.000|128.000,Subject08,rest,0,Subject08_1.edf,124.0,128.0,182.0,False,4.0,2.0,4s_windows_50pct_overlap,scored_rest,1016,False,True,False
Subject08|rest|Subject08_1.edf|126.000|130.000,Subject08,rest,0,Subject08_1.edf,126.0,130.0,182.0,False,4.0,2.0,4s_windows_50pct_overlap,scored_rest,1017,False,True,False
Subject08|rest|Subject08_1.edf|128.000|132.000,Subject08,rest,0,Subject08_1.edf,128.0,132.0,182.0,False,4.0,2.0,4s_windows_50pct_overlap,scored_rest,1018,False,True,False
Subject08|rest|Subject08_1.edf|130.000|134.000,Subject08,rest,0,Subject08_1.edf,130.0,134.0,182.0,False,4.0,2.0,4s_windows_50pct_overlap,scored_rest,1019,False,True,False
Subject08|rest|Subject08_1.edf|132.000|136.000,Subject08,rest,0,Subject08_1.edf,132.0,136.0,182.0,False,4.0,2.0,4s_windows_50pct_overlap,scored_rest,1020,False,True,False
Subject08|rest|Subject08_1.edf|134.000|138.000,Subject08,rest,0,Subject08_1.edf,134.0,138.0,182.0,False,4.0,2.0,4s_windows_50pct_overlap,scored_rest,1021,False,True,False
Subject08|rest|Subject08_1.edf|136.000|140.000,Subject08,rest,0,Subject08_1.edf,136.0,140.0,182.0,False,4.0,2.0,4s_windows_50pct_overlap,scored_rest,1022,False,True,False
Subject08|rest|Subject08_1.edf|138.000|142.000,Subject08,rest,0,Subject08_1.edf,138.0,142.0,182.0,False,4.0,2.0,4s_windows_50pct_overlap,scored_rest,1023,False,True,False
Subject08|rest|Subject08_1.edf|140.000|144.000,Subject08,rest,0,Subject08_1.edf,140.0,144.0,182.0,False,4.0,2.0,4s_windows_50pct_overlap,scored_rest,1024,False,True,False
Subject08|rest|Subject08_1.edf|142.000|146.000,Subject08,rest,0,Subject08_1.edf,142.0,146.0,182.0,False,4.0,2.0,4s_windows_50pct_overlap,scored_rest,1025,False,True,False
Subject08|rest|Subject08_1.edf|144.000|148.000,Subject08,rest,0,Subject08_1.edf,144.0,148.0,182.0,False,4.0,2.0,4s_windows_50pct_overlap,scored_rest,1026,False,True,False
Subject08|rest|Subject08_1.edf|146.000|150.000,Subject08,rest,0,Subject08_1.edf,146.0,150.0,182.0,False,4.0,2.0,4s_windows_50pct_overlap,scored_rest,1027,False,True,False
Subject08|rest|Subject08_1.edf|148.000|152.000,Subject08,rest,0,Subject08_1.edf,148.0,152.0,182.0,False,4.0,2.0,4s_windows_50pct_overlap,scored_rest,1028,False,True,False
Subject08|rest|Subject08_1.edf|150.000|154.000,Subject08,rest,0,Subject08_1.edf,150.0,154.0,182.0,False,4.0,2.0,4s_windows_50pct_overlap,scored_rest,1029,False,True,False
Subject08|rest|Subject08_1.edf|152.000|156.000,Subject08,rest,0,Subject08_1.edf,152.0,156.0,182.0,False,4.0,2.0,4s_windows_50pct_overlap,scored_rest,1030,False,True,False
Subject08|rest|Subject08_1.edf|154.000|158.000,Subject08,rest,0,Subject08_1.edf,154.0,158.0,182.0,False,4.0,2.0,4s_windows_50pct_overlap,scored_rest,1031,False,True,False
Subject08|rest|Subject08_1.edf|156.000|160.000,Subject08,rest,0,Subject08_1.edf,156.0,160.0,182.0,False,4.0,2.0,4s_windows_50pct_overlap,scored_rest,1032,False,True,False
Subject08|rest|Subject08_1.edf|158.000|162.000,Subject08,rest,0,Subject08_1.edf,158.0,162.0,182.0,False,4.0,2.0,4s_windows_50pct_overlap,scored_rest,1033,False,True,False
Subject08|rest|Subject08_1.edf|160.000|164.000,Subject08,rest,0,Subject08_1.edf,160.0,164.0,182.0,False,4.0,2.0,4s_windows_50pct_overlap,scored_rest,1034,False,True,False
Subject08|rest|Subject08_1.edf|162.000|166.000,Subject08,rest,0,Subject08_1.edf,162.0,166.0,182.0,False,4.0,2.0,4s_windows_50pct_overlap,scored_rest,1035,False,True,False
Subject08|rest|Subject08_1.edf|164.000|168.000,Subject08,rest,0,Subject08_1.edf,164.0,168.0,182.0,False,4.0,2.0,4s_windows_50pct_overlap,scored_rest,1036,False,True,False
Subject08|rest|Subject08_1.edf|166.000|170.000,Subject08,rest,0,Subject08_1.edf,166.0,170.0,182.0,False,4.0,2.0,4s_windows_50pct_overlap,scored_rest,1037,False,True,False
Subject08|rest|Subject08_1.edf|168.000|172.000,Subject08,rest,0,Subject08_1.edf,168.0,172.0,182.0,False,4.0,2.0,4s_windows_50pct_overlap,scored_rest,1038,False,True,False
Subject08|rest|Subject08_1.edf|170.000|174.000,Subject08,rest,0,Subject08_1.edf,170.0,174.0,182.0,False,4.0,2.0,4s_windows_50pct_overlap,scored_rest,1039,False,True,False
Subject08|rest|Subject08_1.edf|172.000|176.000,Subject08,rest,0,Subject08_1.edf,172.0,176.0,182.0,False,4.0,2.0,4s_windows_50pct_overlap,scored_rest,1040,False,True,False
Subject08|rest|Subject08_1.edf|174.000|178.000,Subject08,rest,0,Subject08_1.edf,174.0,178.0,182.0,False,4.0,2.0,4s_windows_50pct_overlap,scored_rest,1041,False,True,False
Subject08|rest|Subject08_1.edf|176.000|180.000,Subject08,rest,0,Subject08_1.edf,176.0,180.0,182.0,False,4.0,2.0,4s_windows_50pct_overlap,scored_rest,1042,False,True,False
Subject08|rest|Subject08_1.edf|178.000|182.000,Subject08,rest,0,Subject08_1.edf,178.0,182.0,182.0,False,4.0,2.0,4s_windows_50pct_overlap,scored_rest,1043,False,True,False
Subject08|arithmetic|Subject08_2.edf|0.000|4.000,Subject08,arithmetic,1,Subject08_2.edf,0.0,4.0,62.0,False,4.0,2.0,4s_windows_50pct_overlap,scored_task,1044,False,True,False
Subject08|arithmetic|Subject08_2.edf|2.000|6.000,Subject08,arithmetic,1,Subject08_2.edf,2.0,6.0,62.0,False,4.0,2.0,4s_windows_50pct_overlap,scored_task,1045,False,True,False
Subject08|arithmetic|Subject08_2.edf|4.000|8.000,Subject08,arithmetic,1,Subject08_2.edf,4.0,8.0,62.0,False,4.0,2.0,4s_windows_50pct_overlap,scored_task,1046,False,True,False
Subject08|arithmetic|Subject08_2.edf|6.000|10.000,Subject08,arithmetic,1,Subject08_2.edf,6.0,10.0,62.0,False,4.0,2.0,4s_windows_50pct_overlap,scored_task,1047,False,True,False
Subject08|arithmetic|Subject08_2.edf|8.000|12.000,Subject08,arithmetic,1,Subject08_2.edf,8.0,12.0,62.0,False,4.0,2.0,4s_windows_50pct_overlap,scored_task,1048,False,True,False
Subject08|arithmetic|Subject08_2.edf|10.000|14.000,Subject08,arithmetic,1,Subject08_2.edf,10.0,14.0,62.0,False,4.0,2.0,4s_windows_50pct_overlap,scored_task,1049,False,True,False
Subject08|arithmetic|Subject08_2.edf|12.000|16.000,Subject08,arithmetic,1,Subject08_2.edf,12.0,16.0,62.0,False,4.0,2.0,4s_windows_50pct_overlap,scored_task,1050,False,True,False
Subject08|arithmetic|Subject08_2.edf|14.000|18.000,Subject08,arithmetic,1,Subject08_2.edf,14.0,18.0,62.0,False,4.0,2.0,4s_windows_50pct_overlap,scored_task,1051,False,True,False
Subject08|arithmetic|Subject08_2.edf|16.000|20.000,Subject08,arithmetic,1,Subject08_2.edf,16.0,20.0,62.0,False,4.0,2.0,4s_windows_50pct_overlap,scored_task,1052,False,True,False
Subject08|arithmetic|Subject08_2.edf|18.000|22.000,Subject08,arithmetic,1,Subject08_2.edf,18.0,22.0,62.0,False,4.0,2.0,4s_windows_50pct_overlap,scored_task,1053,False,True,False
Subject08|arithmetic|Subject08_2.edf|20.000|24.000,Subject08,arithmetic,1,Subject08_2.edf,20.0,24.0,62.0,False,4.0,2.0,4s_windows_50pct_overlap,scored_task,1054,False,True,False
Subject08|arithmetic|Subject08_2.edf|22.000|26.000,Subject08,arithmetic,1,Subject08_2.edf,22.0,26.0,62.0,False,4.0,2.0,4s_windows_50pct_overlap,scored_task,1055,False,True,False
Subject08|arithmetic|Subject08_2.edf|24.000|28.000,Subject08,arithmetic,1,Subject08_2.edf,24.0,28.0,62.0,False,4.0,2.0,4s_windows_50pct_overlap,scored_task,1056,False,True,False
Subject08|arithmetic|Subject08_2.edf|26.000|30.000,Subject08,arithmetic,1,Subject08_2.edf,26.0,30.0,62.0,False,4.0,2.0,4s_windows_50pct_overlap,scored_task,1057,False,True,False
Subject08|arithmetic|Subject08_2.edf|28.000|32.000,Subject08,arithmetic,1,Subject08_2.edf,28.0,32.0,62.0,False,4.0,2.0,4s_windows_50pct_overlap,scored_task,1058,False,True,False
Subject08|arithmetic|Subject08_2.edf|30.000|34.000,Subject08,arithmetic,1,Subject08_2.edf,30.0,34.0,62.0,False,4.0,2.0,4s_windows_50pct_overlap,scored_task,1059,False,True,False
Subject08|arithmetic|Subject08_2.edf|32.000|36.000,Subject08,arithmetic,1,Subject08_2.edf,32.0,36.0,62.0,False,4.0,2.0,4s_windows_50pct_overlap,scored_task,1060,False,True,False
Subject08|arithmetic|Subject08_2.edf|34.000|38.000,Subject08,arithmetic,1,Subject08_2.edf,34.0,38.0,62.0,False,4.0,2.0,4s_windows_50pct_overlap,scored_task,1061,False,True,False
Subject08|arithmetic|Subject08_2.edf|36.000|40.000,Subject08,arithmetic,1,Subject08_2.edf,36.0,40.0,62.0,False,4.0,2.0,4s_windows_50pct_overlap,scored_task,1062,False,True,False
Subject08|arithmetic|Subject08_2.edf|38.000|42.000,Subject08,arithmetic,1,Subject08_2.edf,38.0,42.0,62.0,False,4.0,2.0,4s_windows_50pct_overlap,scored_task,1063,False,True,False
Subject08|arithmetic|Subject08_2.edf|40.000|44.000,Subject08,arithmetic,1,Subject08_2.edf,40.0,44.0,62.0,False,4.0,2.0,4s_windows_50pct_overlap,scored_task,1064,False,True,False
Subject08|arithmetic|Subject08_2.edf|42.000|46.000,Subject08,arithmetic,1,Subject08_2.edf,42.0,46.0,62.0,False,4.0,2.0,4s_windows_50pct_overlap,scored_task,1065,False,True,False
Subject08|arithmetic|Subject08_2.edf|44.000|48.000,Subject08,arithmetic,1,Subject08_2.edf,44.0,48.0,62.0,False,4.0,2.0,4s_windows_50pct_overlap,scored_task,1066,False,True,False
Subject08|arithmetic|Subject08_2.edf|46.000|50.000,Subject08,arithmetic,1,Subject08_2.edf,46.0,50.0,62.0,False,4.0,2.0,4s_windows_50pct_overlap,scored_task,1067,False,True,False
Subject08|arithmetic|Subject08_2.edf|48.000|52.000,Subject08,arithmetic,1,Subject08_2.edf,48.0,52.0,62.0,False,4.0,2.0,4s_windows_50pct_overlap,scored_task,1068,False,True,False
Subject08|arithmetic|Subject08_2.edf|50.000|54.000,Subject08,arithmetic,1,Subject08_2.edf,50.0,54.0,62.0,False,4.0,2.0,4s_windows_50pct_overlap,scored_task,1069,False,True,False
Subject08|arithmetic|Subject08_2.edf|52.000|56.000,Subject08,arithmetic,1,Subject08_2.edf,52.0,56.0,62.0,False,4.0,2.0,4s_windows_50pct_overlap,scored_task,1070,False,True,False
Subject08|arithmetic|Subject08_2.edf|54.000|58.000,Subject08,arithmetic,1,Subject08_2.edf,54.0,58.0,62.0,False,4.0,2.0,4s_windows_50pct_overlap,scored_task,1071,False,True,False
Subject08|arithmetic|Subject08_2.edf|56.000|60.000,Subject08,arithmetic,1,Subject08_2.edf,56.0,60.0,62.0,False,4.0,2.0,4s_windows_50pct_overlap,scored_task,1072,False,True,False
Subject08|arithmetic|Subject08_2.edf|58.000|62.000,Subject08,arithmetic,1,Subject08_2.edf,58.0,62.0,62.0,False,4.0,2.0,4s_windows_50pct_overlap,scored_task,1073,False,True,False
Subject09|rest|Subject09_1.edf|0.000|4.000,Subject09,rest,0,Subject09_1.edf,0.0,4.0,182.0,False,4.0,2.0,4s_windows_50pct_overlap,calibration,1074,True,False,False
Subject09|rest|Subject09_1.edf|2.000|6.000,Subject09,rest,0,Subject09_1.edf,2.0,6.0,182.0,False,4.0,2.0,4s_windows_50pct_overlap,calibration,1075,True,False,False
Subject09|rest|Subject09_1.edf|4.000|8.000,Subject09,rest,0,Subject09_1.edf,4.0,8.0,182.0,False,4.0,2.0,4s_windows_50pct_overlap,calibration,1076,True,False,False
Subject09|rest|Subject09_1.edf|6.000|10.000,Subject09,rest,0,Subject09_1.edf,6.0,10.0,182.0,False,4.0,2.0,4s_windows_50pct_overlap,calibration,1077,True,False,False
Subject09|rest|Subject09_1.edf|8.000|12.000,Subject09,rest,0,Subject09_1.edf,8.0,12.0,182.0,False,4.0,2.0,4s_windows_50pct_overlap,calibration,1078,True,False,False
Subject09|rest|Subject09_1.edf|10.000|14.000,Subject09,rest,0,Subject09_1.edf,10.0,14.0,182.0,False,4.0,2.0,4s_windows_50pct_overlap,calibration,1079,True,False,False
Subject09|rest|Subject09_1.edf|12.000|16.000,Subject09,rest,0,Subject09_1.edf,12.0,16.0,182.0,False,4.0,2.0,4s_windows_50pct_overlap,calibration,1080,True,False,False
Subject09|rest|Subject09_1.edf|14.000|18.000,Subject09,rest,0,Subject09_1.edf,14.0,18.0,182.0,False,4.0,2.0,4s_windows_50pct_overlap,calibration,1081,True,False,False
Subject09|rest|Subject09_1.edf|16.000|20.000,Subject09,rest,0,Subject09_1.edf,16.0,20.0,182.0,False,4.0,2.0,4s_windows_50pct_overlap,calibration,1082,True,False,False
Subject09|rest|Subject09_1.edf|18.000|22.000,Subject09,rest,0,Subject09_1.edf,18.0,22.0,182.0,False,4.0,2.0,4s_windows_50pct_overlap,calibration,1083,True,False,False
Subject09|rest|Subject09_1.edf|20.000|24.000,Subject09,rest,0,Subject09_1.edf,20.0,24.0,182.0,False,4.0,2.0,4s_windows_50pct_overlap,calibration,1084,True,False,False
Subject09|rest|Subject09_1.edf|22.000|26.000,Subject09,rest,0,Subject09_1.edf,22.0,26.0,182.0,False,4.0,2.0,4s_windows_50pct_overlap,calibration,1085,True,False,False
Subject09|rest|Subject09_1.edf|24.000|28.000,Subject09,rest,0,Subject09_1.edf,24.0,28.0,182.0,False,4.0,2.0,4s_windows_50pct_overlap,calibration,1086,True,False,False
Subject09|rest|Subject09_1.edf|26.000|30.000,Subject09,rest,0,Subject09_1.edf,26.0,30.0,182.0,False,4.0,2.0,4s_windows_50pct_overlap,calibration,1087,True,False,False
Subject09|rest|Subject09_1.edf|28.000|32.000,Subject09,rest,0,Subject09_1.edf,28.0,32.0,182.0,False,4.0,2.0,4s_windows_50pct_overlap,calibration,1088,True,False,False
Subject09|rest|Subject09_1.edf|30.000|34.000,Subject09,rest,0,Subject09_1.edf,30.0,34.0,182.0,False,4.0,2.0,4s_windows_50pct_overlap,calibration,1089,True,False,False
Subject09|rest|Subject09_1.edf|32.000|36.000,Subject09,rest,0,Subject09_1.edf,32.0,36.0,182.0,False,4.0,2.0,4s_windows_50pct_overlap,calibration,1090,True,False,False
Subject09|rest|Subject09_1.edf|34.000|38.000,Subject09,rest,0,Subject09_1.edf,34.0,38.0,182.0,False,4.0,2.0,4s_windows_50pct_overlap,calibration,1091,True,False,False
Subject09|rest|Subject09_1.edf|36.000|40.000,Subject09,rest,0,Subject09_1.edf,36.0,40.0,182.0,False,4.0,2.0,4s_windows_50pct_overlap,calibration,1092,True,False,False
Subject09|rest|Subject09_1.edf|38.000|42.000,Subject09,rest,0,Subject09_1.edf,38.0,42.0,182.0,False,4.0,2.0,4s_windows_50pct_overlap,calibration,1093,True,False,False
Subject09|rest|Subject09_1.edf|40.000|44.000,Subject09,rest,0,Subject09_1.edf,40.0,44.0,182.0,False,4.0,2.0,4s_windows_50pct_overlap,calibration,1094,True,False,False
Subject09|rest|Subject09_1.edf|42.000|46.000,Subject09,rest,0,Subject09_1.edf,42.0,46.0,182.0,False,4.0,2.0,4s_windows_50pct_overlap,calibration,1095,True,False,False
Subject09|rest|Subject09_1.edf|44.000|48.000,Subject09,rest,0,Subject09_1.edf,44.0,48.0,182.0,False,4.0,2.0,4s_windows_50pct_overlap,calibration,1096,True,False,False
Subject09|rest|Subject09_1.edf|46.000|50.000,Subject09,rest,0,Subject09_1.edf,46.0,50.0,182.0,False,4.0,2.0,4s_windows_50pct_overlap,calibration,1097,True,False,False
Subject09|rest|Subject09_1.edf|48.000|52.000,Subject09,rest,0,Subject09_1.edf,48.0,52.0,182.0,False,4.0,2.0,4s_windows_50pct_overlap,calibration,1098,True,False,False
Subject09|rest|Subject09_1.edf|50.000|54.000,Subject09,rest,0,Subject09_1.edf,50.0,54.0,182.0,False,4.0,2.0,4s_windows_50pct_overlap,calibration,1099,True,False,False
Subject09|rest|Subject09_1.edf|52.000|56.000,Subject09,rest,0,Subject09_1.edf,52.0,56.0,182.0,False,4.0,2.0,4s_windows_50pct_overlap,calibration,1100,True,False,False
Subject09|rest|Subject09_1.edf|54.000|58.000,Subject09,rest,0,Subject09_1.edf,54.0,58.0,182.0,False,4.0,2.0,4s_windows_50pct_overlap,calibration,1101,True,False,False
Subject09|rest|Subject09_1.edf|56.000|60.000,Subject09,rest,0,Subject09_1.edf,56.0,60.0,182.0,False,4.0,2.0,4s_windows_50pct_overlap,calibration,1102,True,False,False
Subject09|rest|Subject09_1.edf|58.000|62.000,Subject09,rest,0,Subject09_1.edf,58.0,62.0,182.0,False,4.0,2.0,4s_windows_50pct_overlap,calibration,1103,True,False,False
Subject09|rest|Subject09_1.edf|60.000|64.000,Subject09,rest,0,Subject09_1.edf,60.0,64.0,182.0,False,4.0,2.0,4s_windows_50pct_overlap,scored_rest,1104,False,True,False
Subject09|rest|Subject09_1.edf|62.000|66.000,Subject09,rest,0,Subject09_1.edf,62.0,66.0,182.0,False,4.0,2.0,4s_windows_50pct_overlap,scored_rest,1105,False,True,False
Subject09|rest|Subject09_1.edf|64.000|68.000,Subject09,rest,0,Subject09_1.edf,64.0,68.0,182.0,False,4.0,2.0,4s_windows_50pct_overlap,scored_rest,1106,False,True,False
Subject09|rest|Subject09_1.edf|66.000|70.000,Subject09,rest,0,Subject09_1.edf,66.0,70.0,182.0,False,4.0,2.0,4s_windows_50pct_overlap,scored_rest,1107,False,True,False
Subject09|rest|Subject09_1.edf|68.000|72.000,Subject09,rest,0,Subject09_1.edf,68.0,72.0,182.0,False,4.0,2.0,4s_windows_50pct_overlap,scored_rest,1108,False,True,False
Subject09|rest|Subject09_1.edf|70.000|74.000,Subject09,rest,0,Subject09_1.edf,70.0,74.0,182.0,False,4.0,2.0,4s_windows_50pct_overlap,scored_rest,1109,False,True,False
Subject09|rest|Subject09_1.edf|72.000|76.000,Subject09,rest,0,Subject09_1.edf,72.0,76.0,182.0,False,4.0,2.0,4s_windows_50pct_overlap,scored_rest,1110,False,True,False
Subject09|rest|Subject09_1.edf|74.000|78.000,Subject09,rest,0,Subject09_1.edf,74.0,78.0,182.0,False,4.0,2.0,4s_windows_50pct_overlap,scored_rest,1111,False,True,False
Subject09|rest|Subject09_1.edf|76.000|80.000,Subject09,rest,0,Subject09_1.edf,76.0,80.0,182.0,False,4.0,2.0,4s_windows_50pct_overlap,scored_rest,1112,False,True,False
Subject09|rest|Subject09_1.edf|78.000|82.000,Subject09,rest,0,Subject09_1.edf,78.0,82.0,182.0,False,4.0,2.0,4s_windows_50pct_overlap,scored_rest,1113,False,True,False
Subject09|rest|Subject09_1.edf|80.000|84.000,Subject09,rest,0,Subject09_1.edf,80.0,84.0,182.0,False,4.0,2.0,4s_windows_50pct_overlap,scored_rest,1114,False,True,False
Subject09|rest|Subject09_1.edf|82.000|86.000,Subject09,rest,0,Subject09_1.edf,82.0,86.0,182.0,False,4.0,2.0,4s_windows_50pct_overlap,scored_rest,1115,False,True,False
Subject09|rest|Subject09_1.edf|84.000|88.000,Subject09,rest,0,Subject09_1.edf,84.0,88.0,182.0,False,4.0,2.0,4s_windows_50pct_overlap,scored_rest,1116,False,True,False
Subject09|rest|Subject09_1.edf|86.000|90.000,Subject09,rest,0,Subject09_1.edf,86.0,90.0,182.0,False,4.0,2.0,4s_windows_50pct_overlap,scored_rest,1117,False,True,False
Subject09|rest|Subject09_1.edf|88.000|92.000,Subject09,rest,0,Subject09_1.edf,88.0,92.0,182.0,False,4.0,2.0,4s_windows_50pct_overlap,scored_rest,1118,False,True,False
Subject09|rest|Subject09_1.edf|90.000|94.000,Subject09,rest,0,Subject09_1.edf,90.0,94.0,182.0,False,4.0,2.0,4s_windows_50pct_overlap,scored_rest,1119,False,True,False
Subject09|rest|Subject09_1.edf|92.000|96.000,Subject09,rest,0,Subject09_1.edf,92.0,96.0,182.0,False,4.0,2.0,4s_windows_50pct_overlap,scored_rest,1120,False,True,False
Subject09|rest|Subject09_1.edf|94.000|98.000,Subject09,rest,0,Subject09_1.edf,94.0,98.0,182.0,False,4.0,2.0,4s_windows_50pct_overlap,scored_rest,1121,False,True,False
Subject09|rest|Subject09_1.edf|96.000|100.000,Subject09,rest,0,Subject09_1.edf,96.0,100.0,182.0,False,4.0,2.0,4s_windows_50pct_overlap,scored_rest,1122,False,True,False
Subject09|rest|Subject09_1.edf|98.000|102.000,Subject09,rest,0,Subject09_1.edf,98.0,102.0,182.0,False,4.0,2.0,4s_windows_50pct_overlap,scored_rest,1123,False,True,False
Subject09|rest|Subject09_1.edf|100.000|104.000,Subject09,rest,0,Subject09_1.edf,100.0,104.0,182.0,False,4.0,2.0,4s_windows_50pct_overlap,scored_rest,1124,False,True,False
Subject09|rest|Subject09_1.edf|102.000|106.000,Subject09,rest,0,Subject09_1.edf,102.0,106.0,182.0,False,4.0,2.0,4s_windows_50pct_overlap,scored_rest,1125,False,True,False
Subject09|rest|Subject09_1.edf|104.000|108.000,Subject09,rest,0,Subject09_1.edf,104.0,108.0,182.0,False,4.0,2.0,4s_windows_50pct_overlap,scored_rest,1126,False,True,False
Subject09|rest|Subject09_1.edf|106.000|110.000,Subject09,rest,0,Subject09_1.edf,106.0,110.0,182.0,False,4.0,2.0,4s_windows_50pct_overlap,scored_rest,1127,False,True,False
Subject09|rest|Subject09_1.edf|108.000|112.000,Subject09,rest,0,Subject09_1.edf,108.0,112.0,182.0,False,4.0,2.0,4s_windows_50pct_overlap,scored_rest,1128,False,True,False
Subject09|rest|Subject09_1.edf|110.000|114.000,Subject09,rest,0,Subject09_1.edf,110.0,114.0,182.0,False,4.0,2.0,4s_windows_50pct_overlap,scored_rest,1129,False,True,False
Subject09|rest|Subject09_1.edf|112.000|116.000,Subject09,rest,0,Subject09_1.edf,112.0,116.0,182.0,False,4.0,2.0,4s_windows_50pct_overlap,scored_rest,1130,False,True,False
Subject09|rest|Subject09_1.edf|114.000|118.000,Subject09,rest,0,Subject09_1.edf,114.0,118.0,182.0,False,4.0,2.0,4s_windows_50pct_overlap,scored_rest,1131,False,True,False
Subject09|rest|Subject09_1.edf|116.000|120.000,Subject09,rest,0,Subject09_1.edf,116.0,120.0,182.0,False,4.0,2.0,4s_windows_50pct_overlap,scored_rest,1132,False,True,False
Subject09|rest|Subject09_1.edf|118.000|122.000,Subject09,rest,0,Subject09_1.edf,118.0,122.0,182.0,False,4.0,2.0,4s_windows_50pct_overlap,scored_rest,1133,False,True,False
Subject09|rest|Subject09_1.edf|120.000|124.000,Subject09,rest,0,Subject09_1.edf,120.0,124.0,182.0,False,4.0,2.0,4s_windows_50pct_overlap,scored_rest,1134,False,True,False
Subject09|rest|Subject09_1.edf|122.000|126.000,Subject09,rest,0,Subject09_1.edf,122.0,126.0,182.0,False,4.0,2.0,4s_windows_50pct_overlap,scored_rest,1135,False,True,False
Subject09|rest|Subject09_1.edf|124.000|128.000,Subject09,rest,0,Subject09_1.edf,124.0,128.0,182.0,False,4.0,2.0,4s_windows_50pct_overlap,scored_rest,1136,False,True,False
Subject09|rest|Subject09_1.edf|126.000|130.000,Subject09,rest,0,Subject09_1.edf,126.0,130.0,182.0,False,4.0,2.0,4s_windows_50pct_overlap,scored_rest,1137,False,True,False
Subject09|rest|Subject09_1.edf|128.000|132.000,Subject09,rest,0,Subject09_1.edf,128.0,132.0,182.0,False,4.0,2.0,4s_windows_50pct_overlap,scored_rest,1138,False,True,False
Subject09|rest|Subject09_1.edf|130.000|134.000,Subject09,rest,0,Subject09_1.edf,130.0,134.0,182.0,False,4.0,2.0,4s_windows_50pct_overlap,scored_rest,1139,False,True,False
Subject09|rest|Subject09_1.edf|132.000|136.000,Subject09,rest,0,Subject09_1.edf,132.0,136.0,182.0,False,4.0,2.0,4s_windows_50pct_overlap,scored_rest,1140,False,True,False
Subject09|rest|Subject09_1.edf|134.000|138.000,Subject09,rest,0,Subject09_1.edf,134.0,138.0,182.0,False,4.0,2.0,4s_windows_50pct_overlap,scored_rest,1141,False,True,False
Subject09|rest|Subject09_1.edf|136.000|140.000,Subject09,rest,0,Subject09_1.edf,136.0,140.0,182.0,False,4.0,2.0,4s_windows_50pct_overlap,scored_rest,1142,False,True,False
Subject09|rest|Subject09_1.edf|138.000|142.000,Subject09,rest,0,Subject09_1.edf,138.0,142.0,182.0,False,4.0,2.0,4s_windows_50pct_overlap,scored_rest,1143,False,True,False
Subject09|rest|Subject09_1.edf|140.000|144.000,Subject09,rest,0,Subject09_1.edf,140.0,144.0,182.0,False,4.0,2.0,4s_windows_50pct_overlap,scored_rest,1144,False,True,False
Subject09|rest|Subject09_1.edf|142.000|146.000,Subject09,rest,0,Subject09_1.edf,142.0,146.0,182.0,False,4.0,2.0,4s_windows_50pct_overlap,scored_rest,1145,False,True,False
Subject09|rest|Subject09_1.edf|144.000|148.000,Subject09,rest,0,Subject09_1.edf,144.0,148.0,182.0,False,4.0,2.0,4s_windows_50pct_overlap,scored_rest,1146,False,True,False
Subject09|rest|Subject09_1.edf|146.000|150.000,Subject09,rest,0,Subject09_1.edf,146.0,150.0,182.0,False,4.0,2.0,4s_windows_50pct_overlap,scored_rest,1147,False,True,False
Subject09|rest|Subject09_1.edf|148.000|152.000,Subject09,rest,0,Subject09_1.edf,148.0,152.0,182.0,False,4.0,2.0,4s_windows_50pct_overlap,scored_rest,1148,False,True,False
Subject09|rest|Subject09_1.edf|150.000|154.000,Subject09,rest,0,Subject09_1.edf,150.0,154.0,182.0,False,4.0,2.0,4s_windows_50pct_overlap,scored_rest,1149,False,True,False
Subject09|rest|Subject09_1.edf|152.000|156.000,Subject09,rest,0,Subject09_1.edf,152.0,156.0,182.0,False,4.0,2.0,4s_windows_50pct_overlap,scored_rest,1150,False,True,False
Subject09|rest|Subject09_1.edf|154.000|158.000,Subject09,rest,0,Subject09_1.edf,154.0,158.0,182.0,False,4.0,2.0,4s_windows_50pct_overlap,scored_rest,1151,False,True,False
Subject09|rest|Subject09_1.edf|156.000|160.000,Subject09,rest,0,Subject09_1.edf,156.0,160.0,182.0,False,4.0,2.0,4s_windows_50pct_overlap,scored_rest,1152,False,True,False
Subject09|rest|Subject09_1.edf|158.000|162.000,Subject09,rest,0,Subject09_1.edf,158.0,162.0,182.0,False,4.0,2.0,4s_windows_50pct_overlap,scored_rest,1153,False,True,False
Subject09|rest|Subject09_1.edf|160.000|164.000,Subject09,rest,0,Subject09_1.edf,160.0,164.0,182.0,False,4.0,2.0,4s_windows_50pct_overlap,scored_rest,1154,False,True,False
Subject09|rest|Subject09_1.edf|162.000|166.000,Subject09,rest,0,Subject09_1.edf,162.0,166.0,182.0,False,4.0,2.0,4s_windows_50pct_overlap,scored_rest,1155,False,True,False
Subject09|rest|Subject09_1.edf|164.000|168.000,Subject09,rest,0,Subject09_1.edf,164.0,168.0,182.0,False,4.0,2.0,4s_windows_50pct_overlap,scored_rest,1156,False,True,False
Subject09|rest|Subject09_1.edf|166.000|170.000,Subject09,rest,0,Subject09_1.edf,166.0,170.0,182.0,False,4.0,2.0,4s_windows_50pct_overlap,scored_rest,1157,False,True,False
Subject09|rest|Subject09_1.edf|168.000|172.000,Subject09,rest,0,Subject09_1.edf,168.0,172.0,182.0,False,4.0,2.0,4s_windows_50pct_overlap,scored_rest,1158,False,True,False
Subject09|rest|Subject09_1.edf|170.000|174.000,Subject09,rest,0,Subject09_1.edf,170.0,174.0,182.0,False,4.0,2.0,4s_windows_50pct_overlap,scored_rest,1159,False,True,False
Subject09|rest|Subject09_1.edf|172.000|176.000,Subject09,rest,0,Subject09_1.edf,172.0,176.0,182.0,False,4.0,2.0,4s_windows_50pct_overlap,scored_rest,1160,False,True,False
Subject09|rest|Subject09_1.edf|174.000|178.000,Subject09,rest,0,Subject09_1.edf,174.0,178.0,182.0,False,4.0,2.0,4s_windows_50pct_overlap,scored_rest,1161,False,True,False
Subject09|rest|Subject09_1.edf|176.000|180.000,Subject09,rest,0,Subject09_1.edf,176.0,180.0,182.0,False,4.0,2.0,4s_windows_50pct_overlap,scored_rest,1162,False,True,False
Subject09|rest|Subject09_1.edf|178.000|182.000,Subject09,rest,0,Subject09_1.edf,178.0,182.0,182.0,False,4.0,2.0,4s_windows_50pct_overlap,scored_rest,1163,False,True,False
Subject09|arithmetic|Subject09_2.edf|0.000|4.000,Subject09,arithmetic,1,Subject09_2.edf,0.0,4.0,62.0,False,4.0,2.0,4s_windows_50pct_overlap,scored_task,1164,False,True,False
Subject09|arithmetic|Subject09_2.edf|2.000|6.000,Subject09,arithmetic,1,Subject09_2.edf,2.0,6.0,62.0,False,4.0,2.0,4s_windows_50pct_overlap,scored_task,1165,False,True,False
Subject09|arithmetic|Subject09_2.edf|4.000|8.000,Subject09,arithmetic,1,Subject09_2.edf,4.0,8.0,62.0,False,4.0,2.0,4s_windows_50pct_overlap,scored_task,1166,False,True,False
Subject09|arithmetic|Subject09_2.edf|6.000|10.000,Subject09,arithmetic,1,Subject09_2.edf,6.0,10.0,62.0,False,4.0,2.0,4s_windows_50pct_overlap,scored_task,1167,False,True,False
Subject09|arithmetic|Subject09_2.edf|8.000|12.000,Subject09,arithmetic,1,Subject09_2.edf,8.0,12.0,62.0,False,4.0,2.0,4s_windows_50pct_overlap,scored_task,1168,False,True,False
Subject09|arithmetic|Subject09_2.edf|10.000|14.000,Subject09,arithmetic,1,Subject09_2.edf,10.0,14.0,62.0,False,4.0,2.0,4s_windows_50pct_overlap,scored_task,1169,False,True,False
Subject09|arithmetic|Subject09_2.edf|12.000|16.000,Subject09,arithmetic,1,Subject09_2.edf,12.0,16.0,62.0,False,4.0,2.0,4s_windows_50pct_overlap,scored_task,1170,False,True,False
Subject09|arithmetic|Subject09_2.edf|14.000|18.000,Subject09,arithmetic,1,Subject09_2.edf,14.0,18.0,62.0,False,4.0,2.0,4s_windows_50pct_overlap,scored_task,1171,False,True,False
Subject09|arithmetic|Subject09_2.edf|16.000|20.000,Subject09,arithmetic,1,Subject09_2.edf,16.0,20.0,62.0,False,4.0,2.0,4s_windows_50pct_overlap,scored_task,1172,False,True,False
Subject09|arithmetic|Subject09_2.edf|18.000|22.000,Subject09,arithmetic,1,Subject09_2.edf,18.0,22.0,62.0,False,4.0,2.0,4s_windows_50pct_overlap,scored_task,1173,False,True,False
Subject09|arithmetic|Subject09_2.edf|20.000|24.000,Subject09,arithmetic,1,Subject09_2.edf,20.0,24.0,62.0,False,4.0,2.0,4s_windows_50pct_overlap,scored_task,1174,False,True,False
Subject09|arithmetic|Subject09_2.edf|22.000|26.000,Subject09,arithmetic,1,Subject09_2.edf,22.0,26.0,62.0,False,4.0,2.0,4s_windows_50pct_overlap,scored_task,1175,False,True,False
Subject09|arithmetic|Subject09_2.edf|24.000|28.000,Subject09,arithmetic,1,Subject09_2.edf,24.0,28.0,62.0,False,4.0,2.0,4s_windows_50pct_overlap,scored_task,1176,False,True,False
Subject09|arithmetic|Subject09_2.edf|26.000|30.000,Subject09,arithmetic,1,Subject09_2.edf,26.0,30.0,62.0,False,4.0,2.0,4s_windows_50pct_overlap,scored_task,1177,False,True,False
Subject09|arithmetic|Subject09_2.edf|28.000|32.000,Subject09,arithmetic,1,Subject09_2.edf,28.0,32.0,62.0,False,4.0,2.0,4s_windows_50pct_overlap,scored_task,1178,False,True,False
Subject09|arithmetic|Subject09_2.edf|30.000|34.000,Subject09,arithmetic,1,Subject09_2.edf,30.0,34.0,62.0,False,4.0,2.0,4s_windows_50pct_overlap,scored_task,1179,False,True,False
Subject09|arithmetic|Subject09_2.edf|32.000|36.000,Subject09,arithmetic,1,Subject09_2.edf,32.0,36.0,62.0,False,4.0,2.0,4s_windows_50pct_overlap,scored_task,1180,False,True,False
Subject09|arithmetic|Subject09_2.edf|34.000|38.000,Subject09,arithmetic,1,Subject09_2.edf,34.0,38.0,62.0,False,4.0,2.0,4s_windows_50pct_overlap,scored_task,1181,False,True,False
Subject09|arithmetic|Subject09_2.edf|36.000|40.000,Subject09,arithmetic,1,Subject09_2.edf,36.0,40.0,62.0,False,4.0,2.0,4s_windows_50pct_overlap,scored_task,1182,False,True,False
Subject09|arithmetic|Subject09_2.edf|38.000|42.000,Subject09,arithmetic,1,Subject09_2.edf,38.0,42.0,62.0,False,4.0,2.0,4s_windows_50pct_overlap,scored_task,1183,False,True,False
Subject09|arithmetic|Subject09_2.edf|40.000|44.000,Subject09,arithmetic,1,Subject09_2.edf,40.0,44.0,62.0,False,4.0,2.0,4s_windows_50pct_overlap,scored_task,1184,False,True,False
Subject09|arithmetic|Subject09_2.edf|42.000|46.000,Subject09,arithmetic,1,Subject09_2.edf,42.0,46.0,62.0,False,4.0,2.0,4s_windows_50pct_overlap,scored_task,1185,False,True,False
Subject09|arithmetic|Subject09_2.edf|44.000|48.000,Subject09,arithmetic,1,Subject09_2.edf,44.0,48.0,62.0,False,4.0,2.0,4s_windows_50pct_overlap,scored_task,1186,False,True,False
Subject09|arithmetic|Subject09_2.edf|46.000|50.000,Subject09,arithmetic,1,Subject09_2.edf,46.0,50.0,62.0,False,4.0,2.0,4s_windows_50pct_overlap,scored_task,1187,False,True,False
Subject09|arithmetic|Subject09_2.edf|48.000|52.000,Subject09,arithmetic,1,Subject09_2.edf,48.0,52.0,62.0,False,4.0,2.0,4s_windows_50pct_overlap,scored_task,1188,False,True,False
Subject09|arithmetic|Subject09_2.edf|50.000|54.000,Subject09,arithmetic,1,Subject09_2.edf,50.0,54.0,62.0,False,4.0,2.0,4s_windows_50pct_overlap,scored_task,1189,False,True,False
Subject09|arithmetic|Subject09_2.edf|52.000|56.000,Subject09,arithmetic,1,Subject09_2.edf,52.0,56.0,62.0,False,4.0,2.0,4s_windows_50pct_overlap,scored_task,1190,False,True,False
Subject09|arithmetic|Subject09_2.edf|54.000|58.000,Subject09,arithmetic,1,Subject09_2.edf,54.0,58.0,62.0,False,4.0,2.0,4s_windows_50pct_overlap,scored_task,1191,False,True,False
Subject09|arithmetic|Subject09_2.edf|56.000|60.000,Subject09,arithmetic,1,Subject09_2.edf,56.0,60.0,62.0,False,4.0,2.0,4s_windows_50pct_overlap,scored_task,1192,False,True,False
Subject09|arithmetic|Subject09_2.edf|58.000|62.000,Subject09,arithmetic,1,Subject09_2.edf,58.0,62.0,62.0,False,4.0,2.0,4s_windows_50pct_overlap,scored_task,1193,False,True,False
Subject10|rest|Subject10_1.edf|0.000|4.000,Subject10,rest,0,Subject10_1.edf,0.0,4.0,188.0,False,4.0,2.0,4s_windows_50pct_overlap,calibration,1194,True,False,False
Subject10|rest|Subject10_1.edf|2.000|6.000,Subject10,rest,0,Subject10_1.edf,2.0,6.0,188.0,False,4.0,2.0,4s_windows_50pct_overlap,calibration,1195,True,False,False
Subject10|rest|Subject10_1.edf|4.000|8.000,Subject10,rest,0,Subject10_1.edf,4.0,8.0,188.0,False,4.0,2.0,4s_windows_50pct_overlap,calibration,1196,True,False,False
Subject10|rest|Subject10_1.edf|6.000|10.000,Subject10,rest,0,Subject10_1.edf,6.0,10.0,188.0,False,4.0,2.0,4s_windows_50pct_overlap,calibration,1197,True,False,False
Subject10|rest|Subject10_1.edf|8.000|12.000,Subject10,rest,0,Subject10_1.edf,8.0,12.0,188.0,False,4.0,2.0,4s_windows_50pct_overlap,calibration,1198,True,False,False
Subject10|rest|Subject10_1.edf|10.000|14.000,Subject10,rest,0,Subject10_1.edf,10.0,14.0,188.0,False,4.0,2.0,4s_windows_50pct_overlap,calibration,1199,True,False,False
Subject10|rest|Subject10_1.edf|12.000|16.000,Subject10,rest,0,Subject10_1.edf,12.0,16.0,188.0,False,4.0,2.0,4s_windows_50pct_overlap,calibration,1200,True,False,False
Subject10|rest|Subject10_1.edf|14.000|18.000,Subject10,rest,0,Subject10_1.edf,14.0,18.0,188.0,False,4.0,2.0,4s_windows_50pct_overlap,calibration,1201,True,False,False
Subject10|rest|Subject10_1.edf|16.000|20.000,Subject10,rest,0,Subject10_1.edf,16.0,20.0,188.0,False,4.0,2.0,4s_windows_50pct_overlap,calibration,1202,True,False,False
Subject10|rest|Subject10_1.edf|18.000|22.000,Subject10,rest,0,Subject10_1.edf,18.0,22.0,188.0,False,4.0,2.0,4s_windows_50pct_overlap,calibration,1203,True,False,False
Subject10|rest|Subject10_1.edf|20.000|24.000,Subject10,rest,0,Subject10_1.edf,20.0,24.0,188.0,False,4.0,2.0,4s_windows_50pct_overlap,calibration,1204,True,False,False
Subject10|rest|Subject10_1.edf|22.000|26.000,Subject10,rest,0,Subject10_1.edf,22.0,26.0,188.0,False,4.0,2.0,4s_windows_50pct_overlap,calibration,1205,True,False,False
Subject10|rest|Subject10_1.edf|24.000|28.000,Subject10,rest,0,Subject10_1.edf,24.0,28.0,188.0,False,4.0,2.0,4s_windows_50pct_overlap,calibration,1206,True,False,False
Subject10|rest|Subject10_1.edf|26.000|30.000,Subject10,rest,0,Subject10_1.edf,26.0,30.0,188.0,False,4.0,2.0,4s_windows_50pct_overlap,calibration,1207,True,False,False
Subject10|rest|Subject10_1.edf|28.000|32.000,Subject10,rest,0,Subject10_1.edf,28.0,32.0,188.0,False,4.0,2.0,4s_windows_50pct_overlap,calibration,1208,True,False,False
Subject10|rest|Subject10_1.edf|30.000|34.000,Subject10,rest,0,Subject10_1.edf,30.0,34.0,188.0,False,4.0,2.0,4s_windows_50pct_overlap,calibration,1209,True,False,False
Subject10|rest|Subject10_1.edf|32.000|36.000,Subject10,rest,0,Subject10_1.edf,32.0,36.0,188.0,False,4.0,2.0,4s_windows_50pct_overlap,calibration,1210,True,False,False
Subject10|rest|Subject10_1.edf|34.000|38.000,Subject10,rest,0,Subject10_1.edf,34.0,38.0,188.0,False,4.0,2.0,4s_windows_50pct_overlap,calibration,1211,True,False,False
Subject10|rest|Subject10_1.edf|36.000|40.000,Subject10,rest,0,Subject10_1.edf,36.0,40.0,188.0,False,4.0,2.0,4s_windows_50pct_overlap,calibration,1212,True,False,False
Subject10|rest|Subject10_1.edf|38.000|42.000,Subject10,rest,0,Subject10_1.edf,38.0,42.0,188.0,False,4.0,2.0,4s_windows_50pct_overlap,calibration,1213,True,False,False
Subject10|rest|Subject10_1.edf|40.000|44.000,Subject10,rest,0,Subject10_1.edf,40.0,44.0,188.0,False,4.0,2.0,4s_windows_50pct_overlap,calibration,1214,True,False,False
Subject10|rest|Subject10_1.edf|42.000|46.000,Subject10,rest,0,Subject10_1.edf,42.0,46.0,188.0,False,4.0,2.0,4s_windows_50pct_overlap,calibration,1215,True,False,False
Subject10|rest|Subject10_1.edf|44.000|48.000,Subject10,rest,0,Subject10_1.edf,44.0,48.0,188.0,False,4.0,2.0,4s_windows_50pct_overlap,calibration,1216,True,False,False
Subject10|rest|Subject10_1.edf|46.000|50.000,Subject10,rest,0,Subject10_1.edf,46.0,50.0,188.0,False,4.0,2.0,4s_windows_50pct_overlap,calibration,1217,True,False,False
Subject10|rest|Subject10_1.edf|48.000|52.000,Subject10,rest,0,Subject10_1.edf,48.0,52.0,188.0,False,4.0,2.0,4s_windows_50pct_overlap,calibration,1218,True,False,False
Subject10|rest|Subject10_1.edf|50.000|54.000,Subject10,rest,0,Subject10_1.edf,50.0,54.0,188.0,False,4.0,2.0,4s_windows_50pct_overlap,calibration,1219,True,False,False
Subject10|rest|Subject10_1.edf|52.000|56.000,Subject10,rest,0,Subject10_1.edf,52.0,56.0,188.0,False,4.0,2.0,4s_windows_50pct_overlap,calibration,1220,True,False,False
Subject10|rest|Subject10_1.edf|54.000|58.000,Subject10,rest,0,Subject10_1.edf,54.0,58.0,188.0,False,4.0,2.0,4s_windows_50pct_overlap,calibration,1221,True,False,False
Subject10|rest|Subject10_1.edf|56.000|60.000,Subject10,rest,0,Subject10_1.edf,56.0,60.0,188.0,False,4.0,2.0,4s_windows_50pct_overlap,calibration,1222,True,False,False
Subject10|rest|Subject10_1.edf|58.000|62.000,Subject10,rest,0,Subject10_1.edf,58.0,62.0,188.0,False,4.0,2.0,4s_windows_50pct_overlap,calibration,1223,True,False,False
Subject10|rest|Subject10_1.edf|60.000|64.000,Subject10,rest,0,Subject10_1.edf,60.0,64.0,188.0,False,4.0,2.0,4s_windows_50pct_overlap,scored_rest,1224,False,True,False
Subject10|rest|Subject10_1.edf|62.000|66.000,Subject10,rest,0,Subject10_1.edf,62.0,66.0,188.0,False,4.0,2.0,4s_windows_50pct_overlap,scored_rest,1225,False,True,False
Subject10|rest|Subject10_1.edf|64.000|68.000,Subject10,rest,0,Subject10_1.edf,64.0,68.0,188.0,False,4.0,2.0,4s_windows_50pct_overlap,scored_rest,1226,False,True,False
Subject10|rest|Subject10_1.edf|66.000|70.000,Subject10,rest,0,Subject10_1.edf,66.0,70.0,188.0,False,4.0,2.0,4s_windows_50pct_overlap,scored_rest,1227,False,True,False
Subject10|rest|Subject10_1.edf|68.000|72.000,Subject10,rest,0,Subject10_1.edf,68.0,72.0,188.0,False,4.0,2.0,4s_windows_50pct_overlap,scored_rest,1228,False,True,False
Subject10|rest|Subject10_1.edf|70.000|74.000,Subject10,rest,0,Subject10_1.edf,70.0,74.0,188.0,False,4.0,2.0,4s_windows_50pct_overlap,scored_rest,1229,False,True,False
Subject10|rest|Subject10_1.edf|72.000|76.000,Subject10,rest,0,Subject10_1.edf,72.0,76.0,188.0,False,4.0,2.0,4s_windows_50pct_overlap,scored_rest,1230,False,True,False
Subject10|rest|Subject10_1.edf|74.000|78.000,Subject10,rest,0,Subject10_1.edf,74.0,78.0,188.0,False,4.0,2.0,4s_windows_50pct_overlap,scored_rest,1231,False,True,False
Subject10|rest|Subject10_1.edf|76.000|80.000,Subject10,rest,0,Subject10_1.edf,76.0,80.0,188.0,False,4.0,2.0,4s_windows_50pct_overlap,scored_rest,1232,False,True,False
Subject10|rest|Subject10_1.edf|78.000|82.000,Subject10,rest,0,Subject10_1.edf,78.0,82.0,188.0,False,4.0,2.0,4s_windows_50pct_overlap,scored_rest,1233,False,True,False
Subject10|rest|Subject10_1.edf|80.000|84.000,Subject10,rest,0,Subject10_1.edf,80.0,84.0,188.0,False,4.0,2.0,4s_windows_50pct_overlap,scored_rest,1234,False,True,False
Subject10|rest|Subject10_1.edf|82.000|86.000,Subject10,rest,0,Subject10_1.edf,82.0,86.0,188.0,False,4.0,2.0,4s_windows_50pct_overlap,scored_rest,1235,False,True,False
Subject10|rest|Subject10_1.edf|84.000|88.000,Subject10,rest,0,Subject10_1.edf,84.0,88.0,188.0,False,4.0,2.0,4s_windows_50pct_overlap,scored_rest,1236,False,True,False
Subject10|rest|Subject10_1.edf|86.000|90.000,Subject10,rest,0,Subject10_1.edf,86.0,90.0,188.0,False,4.0,2.0,4s_windows_50pct_overlap,scored_rest,1237,False,True,False
Subject10|rest|Subject10_1.edf|88.000|92.000,Subject10,rest,0,Subject10_1.edf,88.0,92.0,188.0,False,4.0,2.0,4s_windows_50pct_overlap,scored_rest,1238,False,True,False
Subject10|rest|Subject10_1.edf|90.000|94.000,Subject10,rest,0,Subject10_1.edf,90.0,94.0,188.0,False,4.0,2.0,4s_windows_50pct_overlap,scored_rest,1239,False,True,False
Subject10|rest|Subject10_1.edf|92.000|96.000,Subject10,rest,0,Subject10_1.edf,92.0,96.0,188.0,False,4.0,2.0,4s_windows_50pct_overlap,scored_rest,1240,False,True,False
Subject10|rest|Subject10_1.edf|94.000|98.000,Subject10,rest,0,Subject10_1.edf,94.0,98.0,188.0,False,4.0,2.0,4s_windows_50pct_overlap,scored_rest,1241,False,True,False
Subject10|rest|Subject10_1.edf|96.000|100.000,Subject10,rest,0,Subject10_1.edf,96.0,100.0,188.0,False,4.0,2.0,4s_windows_50pct_overlap,scored_rest,1242,False,True,False
Subject10|rest|Subject10_1.edf|98.000|102.000,Subject10,rest,0,Subject10_1.edf,98.0,102.0,188.0,False,4.0,2.0,4s_windows_50pct_overlap,scored_rest,1243,False,True,False
Subject10|rest|Subject10_1.edf|100.000|104.000,Subject10,rest,0,Subject10_1.edf,100.0,104.0,188.0,False,4.0,2.0,4s_windows_50pct_overlap,scored_rest,1244,False,True,False
Subject10|rest|Subject10_1.edf|102.000|106.000,Subject10,rest,0,Subject10_1.edf,102.0,106.0,188.0,False,4.0,2.0,4s_windows_50pct_overlap,scored_rest,1245,False,True,False
Subject10|rest|Subject10_1.edf|104.000|108.000,Subject10,rest,0,Subject10_1.edf,104.0,108.0,188.0,False,4.0,2.0,4s_windows_50pct_overlap,scored_rest,1246,False,True,False
Subject10|rest|Subject10_1.edf|106.000|110.000,Subject10,rest,0,Subject10_1.edf,106.0,110.0,188.0,False,4.0,2.0,4s_windows_50pct_overlap,scored_rest,1247,False,True,False
Subject10|rest|Subject10_1.edf|108.000|112.000,Subject10,rest,0,Subject10_1.edf,108.0,112.0,188.0,False,4.0,2.0,4s_windows_50pct_overlap,scored_rest,1248,False,True,False
Subject10|rest|Subject10_1.edf|110.000|114.000,Subject10,rest,0,Subject10_1.edf,110.0,114.0,188.0,False,4.0,2.0,4s_windows_50pct_overlap,scored_rest,1249,False,True,False
Subject10|rest|Subject10_1.edf|112.000|116.000,Subject10,rest,0,Subject10_1.edf,112.0,116.0,188.0,False,4.0,2.0,4s_windows_50pct_overlap,scored_rest,1250,False,True,False
Subject10|rest|Subject10_1.edf|114.000|118.000,Subject10,rest,0,Subject10_1.edf,114.0,118.0,188.0,False,4.0,2.0,4s_windows_50pct_overlap,scored_rest,1251,False,True,False
Subject10|rest|Subject10_1.edf|116.000|120.000,Subject10,rest,0,Subject10_1.edf,116.0,120.0,188.0,False,4.0,2.0,4s_windows_50pct_overlap,scored_rest,1252,False,True,False
Subject10|rest|Subject10_1.edf|118.000|122.000,Subject10,rest,0,Subject10_1.edf,118.0,122.0,188.0,False,4.0,2.0,4s_windows_50pct_overlap,scored_rest,1253,False,True,False
Subject10|rest|Subject10_1.edf|120.000|124.000,Subject10,rest,0,Subject10_1.edf,120.0,124.0,188.0,False,4.0,2.0,4s_windows_50pct_overlap,scored_rest,1254,False,True,False
Subject10|rest|Subject10_1.edf|122.000|126.000,Subject10,rest,0,Subject10_1.edf,122.0,126.0,188.0,False,4.0,2.0,4s_windows_50pct_overlap,scored_rest,1255,False,True,False
Subject10|rest|Subject10_1.edf|124.000|128.000,Subject10,rest,0,Subject10_1.edf,124.0,128.0,188.0,False,4.0,2.0,4s_windows_50pct_overlap,scored_rest,1256,False,True,False
Subject10|rest|Subject10_1.edf|126.000|130.000,Subject10,rest,0,Subject10_1.edf,126.0,130.0,188.0,False,4.0,2.0,4s_windows_50pct_overlap,scored_rest,1257,False,True,False
Subject10|rest|Subject10_1.edf|128.000|132.000,Subject10,rest,0,Subject10_1.edf,128.0,132.0,188.0,False,4.0,2.0,4s_windows_50pct_overlap,scored_rest,1258,False,True,False
Subject10|rest|Subject10_1.edf|130.000|134.000,Subject10,rest,0,Subject10_1.edf,130.0,134.0,188.0,False,4.0,2.0,4s_windows_50pct_overlap,scored_rest,1259,False,True,False
Subject10|rest|Subject10_1.edf|132.000|136.000,Subject10,rest,0,Subject10_1.edf,132.0,136.0,188.0,False,4.0,2.0,4s_windows_50pct_overlap,scored_rest,1260,False,True,False
Subject10|rest|Subject10_1.edf|134.000|138.000,Subject10,rest,0,Subject10_1.edf,134.0,138.0,188.0,False,4.0,2.0,4s_windows_50pct_overlap,scored_rest,1261,False,True,False
Subject10|rest|Subject10_1.edf|136.000|140.000,Subject10,rest,0,Subject10_1.edf,136.0,140.0,188.0,False,4.0,2.0,4s_windows_50pct_overlap,scored_rest,1262,False,True,False
Subject10|rest|Subject10_1.edf|138.000|142.000,Subject10,rest,0,Subject10_1.edf,138.0,142.0,188.0,False,4.0,2.0,4s_windows_50pct_overlap,scored_rest,1263,False,True,False
Subject10|rest|Subject10_1.edf|140.000|144.000,Subject10,rest,0,Subject10_1.edf,140.0,144.0,188.0,False,4.0,2.0,4s_windows_50pct_overlap,scored_rest,1264,False,True,False
Subject10|rest|Subject10_1.edf|142.000|146.000,Subject10,rest,0,Subject10_1.edf,142.0,146.0,188.0,False,4.0,2.0,4s_windows_50pct_overlap,scored_rest,1265,False,True,False
Subject10|rest|Subject10_1.edf|144.000|148.000,Subject10,rest,0,Subject10_1.edf,144.0,148.0,188.0,False,4.0,2.0,4s_windows_50pct_overlap,scored_rest,1266,False,True,False
Subject10|rest|Subject10_1.edf|146.000|150.000,Subject10,rest,0,Subject10_1.edf,146.0,150.0,188.0,False,4.0,2.0,4s_windows_50pct_overlap,scored_rest,1267,False,True,False
Subject10|rest|Subject10_1.edf|148.000|152.000,Subject10,rest,0,Subject10_1.edf,148.0,152.0,188.0,False,4.0,2.0,4s_windows_50pct_overlap,scored_rest,1268,False,True,False
Subject10|rest|Subject10_1.edf|150.000|154.000,Subject10,rest,0,Subject10_1.edf,150.0,154.0,188.0,False,4.0,2.0,4s_windows_50pct_overlap,scored_rest,1269,False,True,False
Subject10|rest|Subject10_1.edf|152.000|156.000,Subject10,rest,0,Subject10_1.edf,152.0,156.0,188.0,False,4.0,2.0,4s_windows_50pct_overlap,scored_rest,1270,False,True,False
Subject10|rest|Subject10_1.edf|154.000|158.000,Subject10,rest,0,Subject10_1.edf,154.0,158.0,188.0,False,4.0,2.0,4s_windows_50pct_overlap,scored_rest,1271,False,True,False
Subject10|rest|Subject10_1.edf|156.000|160.000,Subject10,rest,0,Subject10_1.edf,156.0,160.0,188.0,False,4.0,2.0,4s_windows_50pct_overlap,scored_rest,1272,False,True,False
Subject10|rest|Subject10_1.edf|158.000|162.000,Subject10,rest,0,Subject10_1.edf,158.0,162.0,188.0,False,4.0,2.0,4s_windows_50pct_overlap,scored_rest,1273,False,True,False
Subject10|rest|Subject10_1.edf|160.000|164.000,Subject10,rest,0,Subject10_1.edf,160.0,164.0,188.0,False,4.0,2.0,4s_windows_50pct_overlap,scored_rest,1274,False,True,False
Subject10|rest|Subject10_1.edf|162.000|166.000,Subject10,rest,0,Subject10_1.edf,162.0,166.0,188.0,False,4.0,2.0,4s_windows_50pct_overlap,scored_rest,1275,False,True,False
Subject10|rest|Subject10_1.edf|164.000|168.000,Subject10,rest,0,Subject10_1.edf,164.0,168.0,188.0,False,4.0,2.0,4s_windows_50pct_overlap,scored_rest,1276,False,True,False
Subject10|rest|Subject10_1.edf|166.000|170.000,Subject10,rest,0,Subject10_1.edf,166.0,170.0,188.0,False,4.0,2.0,4s_windows_50pct_overlap,scored_rest,1277,False,True,False
Subject10|rest|Subject10_1.edf|168.000|172.000,Subject10,rest,0,Subject10_1.edf,168.0,172.0,188.0,False,4.0,2.0,4s_windows_50pct_overlap,scored_rest,1278,False,True,False
Subject10|rest|Subject10_1.edf|170.000|174.000,Subject10,rest,0,Subject10_1.edf,170.0,174.0,188.0,False,4.0,2.0,4s_windows_50pct_overlap,scored_rest,1279,False,True,False
Subject10|rest|Subject10_1.edf|172.000|176.000,Subject10,rest,0,Subject10_1.edf,172.0,176.0,188.0,False,4.0,2.0,4s_windows_50pct_overlap,scored_rest,1280,False,True,False
Subject10|rest|Subject10_1.edf|174.000|178.000,Subject10,rest,0,Subject10_1.edf,174.0,178.0,188.0,False,4.0,2.0,4s_windows_50pct_overlap,scored_rest,1281,False,True,False
Subject10|rest|Subject10_1.edf|176.000|180.000,Subject10,rest,0,Subject10_1.edf,176.0,180.0,188.0,False,4.0,2.0,4s_windows_50pct_overlap,scored_rest,1282,False,True,False
Subject10|rest|Subject10_1.edf|178.000|182.000,Subject10,rest,0,Subject10_1.edf,178.0,182.0,188.0,False,4.0,2.0,4s_windows_50pct_overlap,scored_rest,1283,False,True,False
Subject10|rest|Subject10_1.edf|180.000|184.000,Subject10,rest,0,Subject10_1.edf,180.0,184.0,188.0,False,4.0,2.0,4s_windows_50pct_overlap,scored_rest,1284,False,True,False
Subject10|rest|Subject10_1.edf|182.000|186.000,Subject10,rest,0,Subject10_1.edf,182.0,186.0,188.0,False,4.0,2.0,4s_windows_50pct_overlap,scored_rest,1285,False,True,False
Subject10|rest|Subject10_1.edf|184.000|188.000,Subject10,rest,0,Subject10_1.edf,184.0,188.0,188.0,False,4.0,2.0,4s_windows_50pct_overlap,scored_rest,1286,False,True,False
Subject10|arithmetic|Subject10_2.edf|0.000|4.000,Subject10,arithmetic,1,Subject10_2.edf,0.0,4.0,62.0,False,4.0,2.0,4s_windows_50pct_overlap,scored_task,1287,False,True,False
Subject10|arithmetic|Subject10_2.edf|2.000|6.000,Subject10,arithmetic,1,Subject10_2.edf,2.0,6.0,62.0,False,4.0,2.0,4s_windows_50pct_overlap,scored_task,1288,False,True,False
Subject10|arithmetic|Subject10_2.edf|4.000|8.000,Subject10,arithmetic,1,Subject10_2.edf,4.0,8.0,62.0,False,4.0,2.0,4s_windows_50pct_overlap,scored_task,1289,False,True,False
Subject10|arithmetic|Subject10_2.edf|6.000|10.000,Subject10,arithmetic,1,Subject10_2.edf,6.0,10.0,62.0,False,4.0,2.0,4s_windows_50pct_overlap,scored_task,1290,False,True,False
Subject10|arithmetic|Subject10_2.edf|8.000|12.000,Subject10,arithmetic,1,Subject10_2.edf,8.0,12.0,62.0,False,4.0,2.0,4s_windows_50pct_overlap,scored_task,1291,False,True,False
Subject10|arithmetic|Subject10_2.edf|10.000|14.000,Subject10,arithmetic,1,Subject10_2.edf,10.0,14.0,62.0,False,4.0,2.0,4s_windows_50pct_overlap,scored_task,1292,False,True,False
Subject10|arithmetic|Subject10_2.edf|12.000|16.000,Subject10,arithmetic,1,Subject10_2.edf,12.0,16.0,62.0,False,4.0,2.0,4s_windows_50pct_overlap,scored_task,1293,False,True,False
Subject10|arithmetic|Subject10_2.edf|14.000|18.000,Subject10,arithmetic,1,Subject10_2.edf,14.0,18.0,62.0,False,4.0,2.0,4s_windows_50pct_overlap,scored_task,1294,False,True,False
Subject10|arithmetic|Subject10_2.edf|16.000|20.000,Subject10,arithmetic,1,Subject10_2.edf,16.0,20.0,62.0,False,4.0,2.0,4s_windows_50pct_overlap,scored_task,1295,False,True,False
Subject10|arithmetic|Subject10_2.edf|18.000|22.000,Subject10,arithmetic,1,Subject10_2.edf,18.0,22.0,62.0,False,4.0,2.0,4s_windows_50pct_overlap,scored_task,1296,False,True,False
Subject10|arithmetic|Subject10_2.edf|20.000|24.000,Subject10,arithmetic,1,Subject10_2.edf,20.0,24.0,62.0,False,4.0,2.0,4s_windows_50pct_overlap,scored_task,1297,False,True,False
Subject10|arithmetic|Subject10_2.edf|22.000|26.000,Subject10,arithmetic,1,Subject10_2.edf,22.0,26.0,62.0,False,4.0,2.0,4s_windows_50pct_overlap,scored_task,1298,False,True,False
Subject10|arithmetic|Subject10_2.edf|24.000|28.000,Subject10,arithmetic,1,Subject10_2.edf,24.0,28.0,62.0,False,4.0,2.0,4s_windows_50pct_overlap,scored_task,1299,False,True,False
Subject10|arithmetic|Subject10_2.edf|26.000|30.000,Subject10,arithmetic,1,Subject10_2.edf,26.0,30.0,62.0,False,4.0,2.0,4s_windows_50pct_overlap,scored_task,1300,False,True,False
Subject10|arithmetic|Subject10_2.edf|28.000|32.000,Subject10,arithmetic,1,Subject10_2.edf,28.0,32.0,62.0,False,4.0,2.0,4s_windows_50pct_overlap,scored_task,1301,False,True,False
Subject10|arithmetic|Subject10_2.edf|30.000|34.000,Subject10,arithmetic,1,Subject10_2.edf,30.0,34.0,62.0,False,4.0,2.0,4s_windows_50pct_overlap,scored_task,1302,False,True,False
Subject10|arithmetic|Subject10_2.edf|32.000|36.000,Subject10,arithmetic,1,Subject10_2.edf,32.0,36.0,62.0,False,4.0,2.0,4s_windows_50pct_overlap,scored_task,1303,False,True,False
Subject10|arithmetic|Subject10_2.edf|34.000|38.000,Subject10,arithmetic,1,Subject10_2.edf,34.0,38.0,62.0,False,4.0,2.0,4s_windows_50pct_overlap,scored_task,1304,False,True,False
Subject10|arithmetic|Subject10_2.edf|36.000|40.000,Subject10,arithmetic,1,Subject10_2.edf,36.0,40.0,62.0,False,4.0,2.0,4s_windows_50pct_overlap,scored_task,1305,False,True,False
Subject10|arithmetic|Subject10_2.edf|38.000|42.000,Subject10,arithmetic,1,Subject10_2.edf,38.0,42.0,62.0,False,4.0,2.0,4s_windows_50pct_overlap,scored_task,1306,False,True,False
Subject10|arithmetic|Subject10_2.edf|40.000|44.000,Subject10,arithmetic,1,Subject10_2.edf,40.0,44.0,62.0,False,4.0,2.0,4s_windows_50pct_overlap,scored_task,1307,False,True,False
Subject10|arithmetic|Subject10_2.edf|42.000|46.000,Subject10,arithmetic,1,Subject10_2.edf,42.0,46.0,62.0,False,4.0,2.0,4s_windows_50pct_overlap,scored_task,1308,False,True,False
Subject10|arithmetic|Subject10_2.edf|44.000|48.000,Subject10,arithmetic,1,Subject10_2.edf,44.0,48.0,62.0,False,4.0,2.0,4s_windows_50pct_overlap,scored_task,1309,False,True,False
Subject10|arithmetic|Subject10_2.edf|46.000|50.000,Subject10,arithmetic,1,Subject10_2.edf,46.0,50.0,62.0,False,4.0,2.0,4s_windows_50pct_overlap,scored_task,1310,False,True,False
Subject10|arithmetic|Subject10_2.edf|48.000|52.000,Subject10,arithmetic,1,Subject10_2.edf,48.0,52.0,62.0,False,4.0,2.0,4s_windows_50pct_overlap,scored_task,1311,False,True,False
Subject10|arithmetic|Subject10_2.edf|50.000|54.000,Subject10,arithmetic,1,Subject10_2.edf,50.0,54.0,62.0,False,4.0,2.0,4s_windows_50pct_overlap,scored_task,1312,False,True,False
Subject10|arithmetic|Subject10_2.edf|52.000|56.000,Subject10,arithmetic,1,Subject10_2.edf,52.0,56.0,62.0,False,4.0,2.0,4s_windows_50pct_overlap,scored_task,1313,False,True,False
Subject10|arithmetic|Subject10_2.edf|54.000|58.000,Subject10,arithmetic,1,Subject10_2.edf,54.0,58.0,62.0,False,4.0,2.0,4s_windows_50pct_overlap,scored_task,1314,False,True,False
Subject10|arithmetic|Subject10_2.edf|56.000|60.000,Subject10,arithmetic,1,Subject10_2.edf,56.0,60.0,62.0,False,4.0,2.0,4s_windows_50pct_overlap,scored_task,1315,False,True,False
Subject10|arithmetic|Subject10_2.edf|58.000|62.000,Subject10,arithmetic,1,Subject10_2.edf,58.0,62.0,62.0,False,4.0,2.0,4s_windows_50pct_overlap,scored_task,1316,False,True,False
Subject11|rest|Subject11_1.edf|0.000|4.000,Subject11,rest,0,Subject11_1.edf,0.0,4.0,182.0,False,4.0,2.0,4s_windows_50pct_overlap,calibration,1317,True,False,False
Subject11|rest|Subject11_1.edf|2.000|6.000,Subject11,rest,0,Subject11_1.edf,2.0,6.0,182.0,False,4.0,2.0,4s_windows_50pct_overlap,calibration,1318,True,False,False
Subject11|rest|Subject11_1.edf|4.000|8.000,Subject11,rest,0,Subject11_1.edf,4.0,8.0,182.0,False,4.0,2.0,4s_windows_50pct_overlap,calibration,1319,True,False,False
Subject11|rest|Subject11_1.edf|6.000|10.000,Subject11,rest,0,Subject11_1.edf,6.0,10.0,182.0,False,4.0,2.0,4s_windows_50pct_overlap,calibration,1320,True,False,False
Subject11|rest|Subject11_1.edf|8.000|12.000,Subject11,rest,0,Subject11_1.edf,8.0,12.0,182.0,False,4.0,2.0,4s_windows_50pct_overlap,calibration,1321,True,False,False
Subject11|rest|Subject11_1.edf|10.000|14.000,Subject11,rest,0,Subject11_1.edf,10.0,14.0,182.0,False,4.0,2.0,4s_windows_50pct_overlap,calibration,1322,True,False,False
Subject11|rest|Subject11_1.edf|12.000|16.000,Subject11,rest,0,Subject11_1.edf,12.0,16.0,182.0,False,4.0,2.0,4s_windows_50pct_overlap,calibration,1323,True,False,False
Subject11|rest|Subject11_1.edf|14.000|18.000,Subject11,rest,0,Subject11_1.edf,14.0,18.0,182.0,False,4.0,2.0,4s_windows_50pct_overlap,calibration,1324,True,False,False
Subject11|rest|Subject11_1.edf|16.000|20.000,Subject11,rest,0,Subject11_1.edf,16.0,20.0,182.0,False,4.0,2.0,4s_windows_50pct_overlap,calibration,1325,True,False,False
Subject11|rest|Subject11_1.edf|18.000|22.000,Subject11,rest,0,Subject11_1.edf,18.0,22.0,182.0,False,4.0,2.0,4s_windows_50pct_overlap,calibration,1326,True,False,False
Subject11|rest|Subject11_1.edf|20.000|24.000,Subject11,rest,0,Subject11_1.edf,20.0,24.0,182.0,False,4.0,2.0,4s_windows_50pct_overlap,calibration,1327,True,False,False
Subject11|rest|Subject11_1.edf|22.000|26.000,Subject11,rest,0,Subject11_1.edf,22.0,26.0,182.0,False,4.0,2.0,4s_windows_50pct_overlap,calibration,1328,True,False,False
Subject11|rest|Subject11_1.edf|24.000|28.000,Subject11,rest,0,Subject11_1.edf,24.0,28.0,182.0,False,4.0,2.0,4s_windows_50pct_overlap,calibration,1329,True,False,False
Subject11|rest|Subject11_1.edf|26.000|30.000,Subject11,rest,0,Subject11_1.edf,26.0,30.0,182.0,False,4.0,2.0,4s_windows_50pct_overlap,calibration,1330,True,False,False
Subject11|rest|Subject11_1.edf|28.000|32.000,Subject11,rest,0,Subject11_1.edf,28.0,32.0,182.0,False,4.0,2.0,4s_windows_50pct_overlap,calibration,1331,True,False,False
Subject11|rest|Subject11_1.edf|30.000|34.000,Subject11,rest,0,Subject11_1.edf,30.0,34.0,182.0,False,4.0,2.0,4s_windows_50pct_overlap,calibration,1332,True,False,False
Subject11|rest|Subject11_1.edf|32.000|36.000,Subject11,rest,0,Subject11_1.edf,32.0,36.0,182.0,False,4.0,2.0,4s_windows_50pct_overlap,calibration,1333,True,False,False
Subject11|rest|Subject11_1.edf|34.000|38.000,Subject11,rest,0,Subject11_1.edf,34.0,38.0,182.0,False,4.0,2.0,4s_windows_50pct_overlap,calibration,1334,True,False,False
Subject11|rest|Subject11_1.edf|36.000|40.000,Subject11,rest,0,Subject11_1.edf,36.0,40.0,182.0,False,4.0,2.0,4s_windows_50pct_overlap,calibration,1335,True,False,False
Subject11|rest|Subject11_1.edf|38.000|42.000,Subject11,rest,0,Subject11_1.edf,38.0,42.0,182.0,False,4.0,2.0,4s_windows_50pct_overlap,calibration,1336,True,False,False
Subject11|rest|Subject11_1.edf|40.000|44.000,Subject11,rest,0,Subject11_1.edf,40.0,44.0,182.0,False,4.0,2.0,4s_windows_50pct_overlap,calibration,1337,True,False,False
Subject11|rest|Subject11_1.edf|42.000|46.000,Subject11,rest,0,Subject11_1.edf,42.0,46.0,182.0,False,4.0,2.0,4s_windows_50pct_overlap,calibration,1338,True,False,False
Subject11|rest|Subject11_1.edf|44.000|48.000,Subject11,rest,0,Subject11_1.edf,44.0,48.0,182.0,False,4.0,2.0,4s_windows_50pct_overlap,calibration,1339,True,False,False
Subject11|rest|Subject11_1.edf|46.000|50.000,Subject11,rest,0,Subject11_1.edf,46.0,50.0,182.0,False,4.0,2.0,4s_windows_50pct_overlap,calibration,1340,True,False,False
Subject11|rest|Subject11_1.edf|48.000|52.000,Subject11,rest,0,Subject11_1.edf,48.0,52.0,182.0,False,4.0,2.0,4s_windows_50pct_overlap,calibration,1341,True,False,False
Subject11|rest|Subject11_1.edf|50.000|54.000,Subject11,rest,0,Subject11_1.edf,50.0,54.0,182.0,False,4.0,2.0,4s_windows_50pct_overlap,calibration,1342,True,False,False
Subject11|rest|Subject11_1.edf|52.000|56.000,Subject11,rest,0,Subject11_1.edf,52.0,56.0,182.0,False,4.0,2.0,4s_windows_50pct_overlap,calibration,1343,True,False,False
Subject11|rest|Subject11_1.edf|54.000|58.000,Subject11,rest,0,Subject11_1.edf,54.0,58.0,182.0,False,4.0,2.0,4s_windows_50pct_overlap,calibration,1344,True,False,False
Subject11|rest|Subject11_1.edf|56.000|60.000,Subject11,rest,0,Subject11_1.edf,56.0,60.0,182.0,False,4.0,2.0,4s_windows_50pct_overlap,calibration,1345,True,False,False
Subject11|rest|Subject11_1.edf|58.000|62.000,Subject11,rest,0,Subject11_1.edf,58.0,62.0,182.0,False,4.0,2.0,4s_windows_50pct_overlap,calibration,1346,True,False,False
Subject11|rest|Subject11_1.edf|60.000|64.000,Subject11,rest,0,Subject11_1.edf,60.0,64.0,182.0,False,4.0,2.0,4s_windows_50pct_overlap,scored_rest,1347,False,True,False
Subject11|rest|Subject11_1.edf|62.000|66.000,Subject11,rest,0,Subject11_1.edf,62.0,66.0,182.0,False,4.0,2.0,4s_windows_50pct_overlap,scored_rest,1348,False,True,False
Subject11|rest|Subject11_1.edf|64.000|68.000,Subject11,rest,0,Subject11_1.edf,64.0,68.0,182.0,False,4.0,2.0,4s_windows_50pct_overlap,scored_rest,1349,False,True,False
Subject11|rest|Subject11_1.edf|66.000|70.000,Subject11,rest,0,Subject11_1.edf,66.0,70.0,182.0,False,4.0,2.0,4s_windows_50pct_overlap,scored_rest,1350,False,True,False
Subject11|rest|Subject11_1.edf|68.000|72.000,Subject11,rest,0,Subject11_1.edf,68.0,72.0,182.0,False,4.0,2.0,4s_windows_50pct_overlap,scored_rest,1351,False,True,False
Subject11|rest|Subject11_1.edf|70.000|74.000,Subject11,rest,0,Subject11_1.edf,70.0,74.0,182.0,False,4.0,2.0,4s_windows_50pct_overlap,scored_rest,1352,False,True,False
Subject11|rest|Subject11_1.edf|72.000|76.000,Subject11,rest,0,Subject11_1.edf,72.0,76.0,182.0,False,4.0,2.0,4s_windows_50pct_overlap,scored_rest,1353,False,True,False
Subject11|rest|Subject11_1.edf|74.000|78.000,Subject11,rest,0,Subject11_1.edf,74.0,78.0,182.0,False,4.0,2.0,4s_windows_50pct_overlap,scored_rest,1354,False,True,False
Subject11|rest|Subject11_1.edf|76.000|80.000,Subject11,rest,0,Subject11_1.edf,76.0,80.0,182.0,False,4.0,2.0,4s_windows_50pct_overlap,scored_rest,1355,False,True,False
Subject11|rest|Subject11_1.edf|78.000|82.000,Subject11,rest,0,Subject11_1.edf,78.0,82.0,182.0,False,4.0,2.0,4s_windows_50pct_overlap,scored_rest,1356,False,True,False
Subject11|rest|Subject11_1.edf|80.000|84.000,Subject11,rest,0,Subject11_1.edf,80.0,84.0,182.0,False,4.0,2.0,4s_windows_50pct_overlap,scored_rest,1357,False,True,False
Subject11|rest|Subject11_1.edf|82.000|86.000,Subject11,rest,0,Subject11_1.edf,82.0,86.0,182.0,False,4.0,2.0,4s_windows_50pct_overlap,scored_rest,1358,False,True,False
Subject11|rest|Subject11_1.edf|84.000|88.000,Subject11,rest,0,Subject11_1.edf,84.0,88.0,182.0,False,4.0,2.0,4s_windows_50pct_overlap,scored_rest,1359,False,True,False
Subject11|rest|Subject11_1.edf|86.000|90.000,Subject11,rest,0,Subject11_1.edf,86.0,90.0,182.0,False,4.0,2.0,4s_windows_50pct_overlap,scored_rest,1360,False,True,False
Subject11|rest|Subject11_1.edf|88.000|92.000,Subject11,rest,0,Subject11_1.edf,88.0,92.0,182.0,False,4.0,2.0,4s_windows_50pct_overlap,scored_rest,1361,False,True,False
Subject11|rest|Subject11_1.edf|90.000|94.000,Subject11,rest,0,Subject11_1.edf,90.0,94.0,182.0,False,4.0,2.0,4s_windows_50pct_overlap,scored_rest,1362,False,True,False
Subject11|rest|Subject11_1.edf|92.000|96.000,Subject11,rest,0,Subject11_1.edf,92.0,96.0,182.0,False,4.0,2.0,4s_windows_50pct_overlap,scored_rest,1363,False,True,False
Subject11|rest|Subject11_1.edf|94.000|98.000,Subject11,rest,0,Subject11_1.edf,94.0,98.0,182.0,False,4.0,2.0,4s_windows_50pct_overlap,scored_rest,1364,False,True,False
Subject11|rest|Subject11_1.edf|96.000|100.000,Subject11,rest,0,Subject11_1.edf,96.0,100.0,182.0,False,4.0,2.0,4s_windows_50pct_overlap,scored_rest,1365,False,True,False
Subject11|rest|Subject11_1.edf|98.000|102.000,Subject11,rest,0,Subject11_1.edf,98.0,102.0,182.0,False,4.0,2.0,4s_windows_50pct_overlap,scored_rest,1366,False,True,False
Subject11|rest|Subject11_1.edf|100.000|104.000,Subject11,rest,0,Subject11_1.edf,100.0,104.0,182.0,False,4.0,2.0,4s_windows_50pct_overlap,scored_rest,1367,False,True,False
Subject11|rest|Subject11_1.edf|102.000|106.000,Subject11,rest,0,Subject11_1.edf,102.0,106.0,182.0,False,4.0,2.0,4s_windows_50pct_overlap,scored_rest,1368,False,True,False
Subject11|rest|Subject11_1.edf|104.000|108.000,Subject11,rest,0,Subject11_1.edf,104.0,108.0,182.0,False,4.0,2.0,4s_windows_50pct_overlap,scored_rest,1369,False,True,False
Subject11|rest|Subject11_1.edf|106.000|110.000,Subject11,rest,0,Subject11_1.edf,106.0,110.0,182.0,False,4.0,2.0,4s_windows_50pct_overlap,scored_rest,1370,False,True,False
Subject11|rest|Subject11_1.edf|108.000|112.000,Subject11,rest,0,Subject11_1.edf,108.0,112.0,182.0,False,4.0,2.0,4s_windows_50pct_overlap,scored_rest,1371,False,True,False
Subject11|rest|Subject11_1.edf|110.000|114.000,Subject11,rest,0,Subject11_1.edf,110.0,114.0,182.0,False,4.0,2.0,4s_windows_50pct_overlap,scored_rest,1372,False,True,False
Subject11|rest|Subject11_1.edf|112.000|116.000,Subject11,rest,0,Subject11_1.edf,112.0,116.0,182.0,False,4.0,2.0,4s_windows_50pct_overlap,scored_rest,1373,False,True,False
Subject11|rest|Subject11_1.edf|114.000|118.000,Subject11,rest,0,Subject11_1.edf,114.0,118.0,182.0,False,4.0,2.0,4s_windows_50pct_overlap,scored_rest,1374,False,True,False
Subject11|rest|Subject11_1.edf|116.000|120.000,Subject11,rest,0,Subject11_1.edf,116.0,120.0,182.0,False,4.0,2.0,4s_windows_50pct_overlap,scored_rest,1375,False,True,False
Subject11|rest|Subject11_1.edf|118.000|122.000,Subject11,rest,0,Subject11_1.edf,118.0,122.0,182.0,False,4.0,2.0,4s_windows_50pct_overlap,scored_rest,1376,False,True,False
Subject11|rest|Subject11_1.edf|120.000|124.000,Subject11,rest,0,Subject11_1.edf,120.0,124.0,182.0,False,4.0,2.0,4s_windows_50pct_overlap,scored_rest,1377,False,True,False
Subject11|rest|Subject11_1.edf|122.000|126.000,Subject11,rest,0,Subject11_1.edf,122.0,126.0,182.0,False,4.0,2.0,4s_windows_50pct_overlap,scored_rest,1378,False,True,False
Subject11|rest|Subject11_1.edf|124.000|128.000,Subject11,rest,0,Subject11_1.edf,124.0,128.0,182.0,False,4.0,2.0,4s_windows_50pct_overlap,scored_rest,1379,False,True,False
Subject11|rest|Subject11_1.edf|126.000|130.000,Subject11,rest,0,Subject11_1.edf,126.0,130.0,182.0,False,4.0,2.0,4s_windows_50pct_overlap,scored_rest,1380,False,True,False
Subject11|rest|Subject11_1.edf|128.000|132.000,Subject11,rest,0,Subject11_1.edf,128.0,132.0,182.0,False,4.0,2.0,4s_windows_50pct_overlap,scored_rest,1381,False,True,False
Subject11|rest|Subject11_1.edf|130.000|134.000,Subject11,rest,0,Subject11_1.edf,130.0,134.0,182.0,False,4.0,2.0,4s_windows_50pct_overlap,scored_rest,1382,False,True,False
Subject11|rest|Subject11_1.edf|132.000|136.000,Subject11,rest,0,Subject11_1.edf,132.0,136.0,182.0,False,4.0,2.0,4s_windows_50pct_overlap,scored_rest,1383,False,True,False
Subject11|rest|Subject11_1.edf|134.000|138.000,Subject11,rest,0,Subject11_1.edf,134.0,138.0,182.0,False,4.0,2.0,4s_windows_50pct_overlap,scored_rest,1384,False,True,False
Subject11|rest|Subject11_1.edf|136.000|140.000,Subject11,rest,0,Subject11_1.edf,136.0,140.0,182.0,False,4.0,2.0,4s_windows_50pct_overlap,scored_rest,1385,False,True,False
Subject11|rest|Subject11_1.edf|138.000|142.000,Subject11,rest,0,Subject11_1.edf,138.0,142.0,182.0,False,4.0,2.0,4s_windows_50pct_overlap,scored_rest,1386,False,True,False
Subject11|rest|Subject11_1.edf|140.000|144.000,Subject11,rest,0,Subject11_1.edf,140.0,144.0,182.0,False,4.0,2.0,4s_windows_50pct_overlap,scored_rest,1387,False,True,False
Subject11|rest|Subject11_1.edf|142.000|146.000,Subject11,rest,0,Subject11_1.edf,142.0,146.0,182.0,False,4.0,2.0,4s_windows_50pct_overlap,scored_rest,1388,False,True,False
Subject11|rest|Subject11_1.edf|144.000|148.000,Subject11,rest,0,Subject11_1.edf,144.0,148.0,182.0,False,4.0,2.0,4s_windows_50pct_overlap,scored_rest,1389,False,True,False
Subject11|rest|Subject11_1.edf|146.000|150.000,Subject11,rest,0,Subject11_1.edf,146.0,150.0,182.0,False,4.0,2.0,4s_windows_50pct_overlap,scored_rest,1390,False,True,False
Subject11|rest|Subject11_1.edf|148.000|152.000,Subject11,rest,0,Subject11_1.edf,148.0,152.0,182.0,False,4.0,2.0,4s_windows_50pct_overlap,scored_rest,1391,False,True,False
Subject11|rest|Subject11_1.edf|150.000|154.000,Subject11,rest,0,Subject11_1.edf,150.0,154.0,182.0,False,4.0,2.0,4s_windows_50pct_overlap,scored_rest,1392,False,True,False
Subject11|rest|Subject11_1.edf|152.000|156.000,Subject11,rest,0,Subject11_1.edf,152.0,156.0,182.0,False,4.0,2.0,4s_windows_50pct_overlap,scored_rest,1393,False,True,False
Subject11|rest|Subject11_1.edf|154.000|158.000,Subject11,rest,0,Subject11_1.edf,154.0,158.0,182.0,False,4.0,2.0,4s_windows_50pct_overlap,scored_rest,1394,False,True,False
Subject11|rest|Subject11_1.edf|156.000|160.000,Subject11,rest,0,Subject11_1.edf,156.0,160.0,182.0,False,4.0,2.0,4s_windows_50pct_overlap,scored_rest,1395,False,True,False
Subject11|rest|Subject11_1.edf|158.000|162.000,Subject11,rest,0,Subject11_1.edf,158.0,162.0,182.0,False,4.0,2.0,4s_windows_50pct_overlap,scored_rest,1396,False,True,False
Subject11|rest|Subject11_1.edf|160.000|164.000,Subject11,rest,0,Subject11_1.edf,160.0,164.0,182.0,False,4.0,2.0,4s_windows_50pct_overlap,scored_rest,1397,False,True,False
Subject11|rest|Subject11_1.edf|162.000|166.000,Subject11,rest,0,Subject11_1.edf,162.0,166.0,182.0,False,4.0,2.0,4s_windows_50pct_overlap,scored_rest,1398,False,True,False
Subject11|rest|Subject11_1.edf|164.000|168.000,Subject11,rest,0,Subject11_1.edf,164.0,168.0,182.0,False,4.0,2.0,4s_windows_50pct_overlap,scored_rest,1399,False,True,False
Subject11|rest|Subject11_1.edf|166.000|170.000,Subject11,rest,0,Subject11_1.edf,166.0,170.0,182.0,False,4.0,2.0,4s_windows_50pct_overlap,scored_rest,1400,False,True,False
Subject11|rest|Subject11_1.edf|168.000|172.000,Subject11,rest,0,Subject11_1.edf,168.0,172.0,182.0,False,4.0,2.0,4s_windows_50pct_overlap,scored_rest,1401,False,True,False
Subject11|rest|Subject11_1.edf|170.000|174.000,Subject11,rest,0,Subject11_1.edf,170.0,174.0,182.0,False,4.0,2.0,4s_windows_50pct_overlap,scored_rest,1402,False,True,False
Subject11|rest|Subject11_1.edf|172.000|176.000,Subject11,rest,0,Subject11_1.edf,172.0,176.0,182.0,False,4.0,2.0,4s_windows_50pct_overlap,scored_rest,1403,False,True,False
Subject11|rest|Subject11_1.edf|174.000|178.000,Subject11,rest,0,Subject11_1.edf,174.0,178.0,182.0,False,4.0,2.0,4s_windows_50pct_overlap,scored_rest,1404,False,True,False
Subject11|rest|Subject11_1.edf|176.000|180.000,Subject11,rest,0,Subject11_1.edf,176.0,180.0,182.0,False,4.0,2.0,4s_windows_50pct_overlap,scored_rest,1405,False,True,False
Subject11|rest|Subject11_1.edf|178.000|182.000,Subject11,rest,0,Subject11_1.edf,178.0,182.0,182.0,False,4.0,2.0,4s_windows_50pct_overlap,scored_rest,1406,False,True,False
Subject11|arithmetic|Subject11_2.edf|0.000|4.000,Subject11,arithmetic,1,Subject11_2.edf,0.0,4.0,62.0,False,4.0,2.0,4s_windows_50pct_overlap,scored_task,1407,False,True,False
Subject11|arithmetic|Subject11_2.edf|2.000|6.000,Subject11,arithmetic,1,Subject11_2.edf,2.0,6.0,62.0,False,4.0,2.0,4s_windows_50pct_overlap,scored_task,1408,False,True,False
Subject11|arithmetic|Subject11_2.edf|4.000|8.000,Subject11,arithmetic,1,Subject11_2.edf,4.0,8.0,62.0,False,4.0,2.0,4s_windows_50pct_overlap,scored_task,1409,False,True,False
Subject11|arithmetic|Subject11_2.edf|6.000|10.000,Subject11,arithmetic,1,Subject11_2.edf,6.0,10.0,62.0,False,4.0,2.0,4s_windows_50pct_overlap,scored_task,1410,False,True,False
Subject11|arithmetic|Subject11_2.edf|8.000|12.000,Subject11,arithmetic,1,Subject11_2.edf,8.0,12.0,62.0,False,4.0,2.0,4s_windows_50pct_overlap,scored_task,1411,False,True,False
Subject11|arithmetic|Subject11_2.edf|10.000|14.000,Subject11,arithmetic,1,Subject11_2.edf,10.0,14.0,62.0,False,4.0,2.0,4s_windows_50pct_overlap,scored_task,1412,False,True,False
Subject11|arithmetic|Subject11_2.edf|12.000|16.000,Subject11,arithmetic,1,Subject11_2.edf,12.0,16.0,62.0,False,4.0,2.0,4s_windows_50pct_overlap,scored_task,1413,False,True,False
Subject11|arithmetic|Subject11_2.edf|14.000|18.000,Subject11,arithmetic,1,Subject11_2.edf,14.0,18.0,62.0,False,4.0,2.0,4s_windows_50pct_overlap,scored_task,1414,False,True,False
Subject11|arithmetic|Subject11_2.edf|16.000|20.000,Subject11,arithmetic,1,Subject11_2.edf,16.0,20.0,62.0,False,4.0,2.0,4s_windows_50pct_overlap,scored_task,1415,False,True,False
Subject11|arithmetic|Subject11_2.edf|18.000|22.000,Subject11,arithmetic,1,Subject11_2.edf,18.0,22.0,62.0,False,4.0,2.0,4s_windows_50pct_overlap,scored_task,1416,False,True,False
Subject11|arithmetic|Subject11_2.edf|20.000|24.000,Subject11,arithmetic,1,Subject11_2.edf,20.0,24.0,62.0,False,4.0,2.0,4s_windows_50pct_overlap,scored_task,1417,False,True,False
Subject11|arithmetic|Subject11_2.edf|22.000|26.000,Subject11,arithmetic,1,Subject11_2.edf,22.0,26.0,62.0,False,4.0,2.0,4s_windows_50pct_overlap,scored_task,1418,False,True,False
Subject11|arithmetic|Subject11_2.edf|24.000|28.000,Subject11,arithmetic,1,Subject11_2.edf,24.0,28.0,62.0,False,4.0,2.0,4s_windows_50pct_overlap,scored_task,1419,False,True,False
Subject11|arithmetic|Subject11_2.edf|26.000|30.000,Subject11,arithmetic,1,Subject11_2.edf,26.0,30.0,62.0,False,4.0,2.0,4s_windows_50pct_overlap,scored_task,1420,False,True,False
Subject11|arithmetic|Subject11_2.edf|28.000|32.000,Subject11,arithmetic,1,Subject11_2.edf,28.0,32.0,62.0,False,4.0,2.0,4s_windows_50pct_overlap,scored_task,1421,False,True,False
Subject11|arithmetic|Subject11_2.edf|30.000|34.000,Subject11,arithmetic,1,Subject11_2.edf,30.0,34.0,62.0,False,4.0,2.0,4s_windows_50pct_overlap,scored_task,1422,False,True,False
Subject11|arithmetic|Subject11_2.edf|32.000|36.000,Subject11,arithmetic,1,Subject11_2.edf,32.0,36.0,62.0,False,4.0,2.0,4s_windows_50pct_overlap,scored_task,1423,False,True,False
Subject11|arithmetic|Subject11_2.edf|34.000|38.000,Subject11,arithmetic,1,Subject11_2.edf,34.0,38.0,62.0,False,4.0,2.0,4s_windows_50pct_overlap,scored_task,1424,False,True,False
Subject11|arithmetic|Subject11_2.edf|36.000|40.000,Subject11,arithmetic,1,Subject11_2.edf,36.0,40.0,62.0,False,4.0,2.0,4s_windows_50pct_overlap,scored_task,1425,False,True,False
Subject11|arithmetic|Subject11_2.edf|38.000|42.000,Subject11,arithmetic,1,Subject11_2.edf,38.0,42.0,62.0,False,4.0,2.0,4s_windows_50pct_overlap,scored_task,1426,False,True,False
Subject11|arithmetic|Subject11_2.edf|40.000|44.000,Subject11,arithmetic,1,Subject11_2.edf,40.0,44.0,62.0,False,4.0,2.0,4s_windows_50pct_overlap,scored_task,1427,False,True,False
Subject11|arithmetic|Subject11_2.edf|42.000|46.000,Subject11,arithmetic,1,Subject11_2.edf,42.0,46.0,62.0,False,4.0,2.0,4s_windows_50pct_overlap,scored_task,1428,False,True,False
Subject11|arithmetic|Subject11_2.edf|44.000|48.000,Subject11,arithmetic,1,Subject11_2.edf,44.0,48.0,62.0,False,4.0,2.0,4s_windows_50pct_overlap,scored_task,1429,False,True,False
Subject11|arithmetic|Subject11_2.edf|46.000|50.000,Subject11,arithmetic,1,Subject11_2.edf,46.0,50.0,62.0,False,4.0,2.0,4s_windows_50pct_overlap,scored_task,1430,False,True,False
Subject11|arithmetic|Subject11_2.edf|48.000|52.000,Subject11,arithmetic,1,Subject11_2.edf,48.0,52.0,62.0,False,4.0,2.0,4s_windows_50pct_overlap,scored_task,1431,False,True,False
Subject11|arithmetic|Subject11_2.edf|50.000|54.000,Subject11,arithmetic,1,Subject11_2.edf,50.0,54.0,62.0,False,4.0,2.0,4s_windows_50pct_overlap,scored_task,1432,False,True,False
Subject11|arithmetic|Subject11_2.edf|52.000|56.000,Subject11,arithmetic,1,Subject11_2.edf,52.0,56.0,62.0,False,4.0,2.0,4s_windows_50pct_overlap,scored_task,1433,False,True,False
Subject11|arithmetic|Subject11_2.edf|54.000|58.000,Subject11,arithmetic,1,Subject11_2.edf,54.0,58.0,62.0,False,4.0,2.0,4s_windows_50pct_overlap,scored_task,1434,False,True,False
Subject11|arithmetic|Subject11_2.edf|56.000|60.000,Subject11,arithmetic,1,Subject11_2.edf,56.0,60.0,62.0,False,4.0,2.0,4s_windows_50pct_overlap,scored_task,1435,False,True,False
Subject11|arithmetic|Subject11_2.edf|58.000|62.000,Subject11,arithmetic,1,Subject11_2.edf,58.0,62.0,62.0,False,4.0,2.0,4s_windows_50pct_overlap,scored_task,1436,False,True,False
Subject12|rest|Subject12_1.edf|0.000|4.000,Subject12,rest,0,Subject12_1.edf,0.0,4.0,182.0,False,4.0,2.0,4s_windows_50pct_overlap,calibration,1437,True,False,False
Subject12|rest|Subject12_1.edf|2.000|6.000,Subject12,rest,0,Subject12_1.edf,2.0,6.0,182.0,False,4.0,2.0,4s_windows_50pct_overlap,calibration,1438,True,False,False
Subject12|rest|Subject12_1.edf|4.000|8.000,Subject12,rest,0,Subject12_1.edf,4.0,8.0,182.0,False,4.0,2.0,4s_windows_50pct_overlap,calibration,1439,True,False,False
Subject12|rest|Subject12_1.edf|6.000|10.000,Subject12,rest,0,Subject12_1.edf,6.0,10.0,182.0,False,4.0,2.0,4s_windows_50pct_overlap,calibration,1440,True,False,False
Subject12|rest|Subject12_1.edf|8.000|12.000,Subject12,rest,0,Subject12_1.edf,8.0,12.0,182.0,False,4.0,2.0,4s_windows_50pct_overlap,calibration,1441,True,False,False
Subject12|rest|Subject12_1.edf|10.000|14.000,Subject12,rest,0,Subject12_1.edf,10.0,14.0,182.0,False,4.0,2.0,4s_windows_50pct_overlap,calibration,1442,True,False,False
Subject12|rest|Subject12_1.edf|12.000|16.000,Subject12,rest,0,Subject12_1.edf,12.0,16.0,182.0,False,4.0,2.0,4s_windows_50pct_overlap,calibration,1443,True,False,False
Subject12|rest|Subject12_1.edf|14.000|18.000,Subject12,rest,0,Subject12_1.edf,14.0,18.0,182.0,False,4.0,2.0,4s_windows_50pct_overlap,calibration,1444,True,False,False
Subject12|rest|Subject12_1.edf|16.000|20.000,Subject12,rest,0,Subject12_1.edf,16.0,20.0,182.0,False,4.0,2.0,4s_windows_50pct_overlap,calibration,1445,True,False,False
Subject12|rest|Subject12_1.edf|18.000|22.000,Subject12,rest,0,Subject12_1.edf,18.0,22.0,182.0,False,4.0,2.0,4s_windows_50pct_overlap,calibration,1446,True,False,False
Subject12|rest|Subject12_1.edf|20.000|24.000,Subject12,rest,0,Subject12_1.edf,20.0,24.0,182.0,False,4.0,2.0,4s_windows_50pct_overlap,calibration,1447,True,False,False
Subject12|rest|Subject12_1.edf|22.000|26.000,Subject12,rest,0,Subject12_1.edf,22.0,26.0,182.0,False,4.0,2.0,4s_windows_50pct_overlap,calibration,1448,True,False,False
Subject12|rest|Subject12_1.edf|24.000|28.000,Subject12,rest,0,Subject12_1.edf,24.0,28.0,182.0,False,4.0,2.0,4s_windows_50pct_overlap,calibration,1449,True,False,False
Subject12|rest|Subject12_1.edf|26.000|30.000,Subject12,rest,0,Subject12_1.edf,26.0,30.0,182.0,False,4.0,2.0,4s_windows_50pct_overlap,calibration,1450,True,False,False
Subject12|rest|Subject12_1.edf|28.000|32.000,Subject12,rest,0,Subject12_1.edf,28.0,32.0,182.0,False,4.0,2.0,4s_windows_50pct_overlap,calibration,1451,True,False,False
Subject12|rest|Subject12_1.edf|30.000|34.000,Subject12,rest,0,Subject12_1.edf,30.0,34.0,182.0,False,4.0,2.0,4s_windows_50pct_overlap,calibration,1452,True,False,False
Subject12|rest|Subject12_1.edf|32.000|36.000,Subject12,rest,0,Subject12_1.edf,32.0,36.0,182.0,False,4.0,2.0,4s_windows_50pct_overlap,calibration,1453,True,False,False
Subject12|rest|Subject12_1.edf|34.000|38.000,Subject12,rest,0,Subject12_1.edf,34.0,38.0,182.0,False,4.0,2.0,4s_windows_50pct_overlap,calibration,1454,True,False,False
Subject12|rest|Subject12_1.edf|36.000|40.000,Subject12,rest,0,Subject12_1.edf,36.0,40.0,182.0,False,4.0,2.0,4s_windows_50pct_overlap,calibration,1455,True,False,False
Subject12|rest|Subject12_1.edf|38.000|42.000,Subject12,rest,0,Subject12_1.edf,38.0,42.0,182.0,False,4.0,2.0,4s_windows_50pct_overlap,calibration,1456,True,False,False
Subject12|rest|Subject12_1.edf|40.000|44.000,Subject12,rest,0,Subject12_1.edf,40.0,44.0,182.0,False,4.0,2.0,4s_windows_50pct_overlap,calibration,1457,True,False,False
Subject12|rest|Subject12_1.edf|42.000|46.000,Subject12,rest,0,Subject12_1.edf,42.0,46.0,182.0,False,4.0,2.0,4s_windows_50pct_overlap,calibration,1458,True,False,False
Subject12|rest|Subject12_1.edf|44.000|48.000,Subject12,rest,0,Subject12_1.edf,44.0,48.0,182.0,False,4.0,2.0,4s_windows_50pct_overlap,calibration,1459,True,False,False
Subject12|rest|Subject12_1.edf|46.000|50.000,Subject12,rest,0,Subject12_1.edf,46.0,50.0,182.0,False,4.0,2.0,4s_windows_50pct_overlap,calibration,1460,True,False,False
Subject12|rest|Subject12_1.edf|48.000|52.000,Subject12,rest,0,Subject12_1.edf,48.0,52.0,182.0,False,4.0,2.0,4s_windows_50pct_overlap,calibration,1461,True,False,False
Subject12|rest|Subject12_1.edf|50.000|54.000,Subject12,rest,0,Subject12_1.edf,50.0,54.0,182.0,False,4.0,2.0,4s_windows_50pct_overlap,calibration,1462,True,False,False
Subject12|rest|Subject12_1.edf|52.000|56.000,Subject12,rest,0,Subject12_1.edf,52.0,56.0,182.0,False,4.0,2.0,4s_windows_50pct_overlap,calibration,1463,True,False,False
Subject12|rest|Subject12_1.edf|54.000|58.000,Subject12,rest,0,Subject12_1.edf,54.0,58.0,182.0,False,4.0,2.0,4s_windows_50pct_overlap,calibration,1464,True,False,False
Subject12|rest|Subject12_1.edf|56.000|60.000,Subject12,rest,0,Subject12_1.edf,56.0,60.0,182.0,False,4.0,2.0,4s_windows_50pct_overlap,calibration,1465,True,False,False
Subject12|rest|Subject12_1.edf|58.000|62.000,Subject12,rest,0,Subject12_1.edf,58.0,62.0,182.0,False,4.0,2.0,4s_windows_50pct_overlap,calibration,1466,True,False,False
Subject12|rest|Subject12_1.edf|60.000|64.000,Subject12,rest,0,Subject12_1.edf,60.0,64.0,182.0,False,4.0,2.0,4s_windows_50pct_overlap,scored_rest,1467,False,True,False
Subject12|rest|Subject12_1.edf|62.000|66.000,Subject12,rest,0,Subject12_1.edf,62.0,66.0,182.0,False,4.0,2.0,4s_windows_50pct_overlap,scored_rest,1468,False,True,False
Subject12|rest|Subject12_1.edf|64.000|68.000,Subject12,rest,0,Subject12_1.edf,64.0,68.0,182.0,False,4.0,2.0,4s_windows_50pct_overlap,scored_rest,1469,False,True,False
Subject12|rest|Subject12_1.edf|66.000|70.000,Subject12,rest,0,Subject12_1.edf,66.0,70.0,182.0,False,4.0,2.0,4s_windows_50pct_overlap,scored_rest,1470,False,True,False
Subject12|rest|Subject12_1.edf|68.000|72.000,Subject12,rest,0,Subject12_1.edf,68.0,72.0,182.0,False,4.0,2.0,4s_windows_50pct_overlap,scored_rest,1471,False,True,False
Subject12|rest|Subject12_1.edf|70.000|74.000,Subject12,rest,0,Subject12_1.edf,70.0,74.0,182.0,False,4.0,2.0,4s_windows_50pct_overlap,scored_rest,1472,False,True,False
Subject12|rest|Subject12_1.edf|72.000|76.000,Subject12,rest,0,Subject12_1.edf,72.0,76.0,182.0,False,4.0,2.0,4s_windows_50pct_overlap,scored_rest,1473,False,True,False
Subject12|rest|Subject12_1.edf|74.000|78.000,Subject12,rest,0,Subject12_1.edf,74.0,78.0,182.0,False,4.0,2.0,4s_windows_50pct_overlap,scored_rest,1474,False,True,False
Subject12|rest|Subject12_1.edf|76.000|80.000,Subject12,rest,0,Subject12_1.edf,76.0,80.0,182.0,False,4.0,2.0,4s_windows_50pct_overlap,scored_rest,1475,False,True,False
Subject12|rest|Subject12_1.edf|78.000|82.000,Subject12,rest,0,Subject12_1.edf,78.0,82.0,182.0,False,4.0,2.0,4s_windows_50pct_overlap,scored_rest,1476,False,True,False
Subject12|rest|Subject12_1.edf|80.000|84.000,Subject12,rest,0,Subject12_1.edf,80.0,84.0,182.0,False,4.0,2.0,4s_windows_50pct_overlap,scored_rest,1477,False,True,False
Subject12|rest|Subject12_1.edf|82.000|86.000,Subject12,rest,0,Subject12_1.edf,82.0,86.0,182.0,False,4.0,2.0,4s_windows_50pct_overlap,scored_rest,1478,False,True,False
Subject12|rest|Subject12_1.edf|84.000|88.000,Subject12,rest,0,Subject12_1.edf,84.0,88.0,182.0,False,4.0,2.0,4s_windows_50pct_overlap,scored_rest,1479,False,True,False
Subject12|rest|Subject12_1.edf|86.000|90.000,Subject12,rest,0,Subject12_1.edf,86.0,90.0,182.0,False,4.0,2.0,4s_windows_50pct_overlap,scored_rest,1480,False,True,False
Subject12|rest|Subject12_1.edf|88.000|92.000,Subject12,rest,0,Subject12_1.edf,88.0,92.0,182.0,False,4.0,2.0,4s_windows_50pct_overlap,scored_rest,1481,False,True,False
Subject12|rest|Subject12_1.edf|90.000|94.000,Subject12,rest,0,Subject12_1.edf,90.0,94.0,182.0,False,4.0,2.0,4s_windows_50pct_overlap,scored_rest,1482,False,True,False
Subject12|rest|Subject12_1.edf|92.000|96.000,Subject12,rest,0,Subject12_1.edf,92.0,96.0,182.0,False,4.0,2.0,4s_windows_50pct_overlap,scored_rest,1483,False,True,False
Subject12|rest|Subject12_1.edf|94.000|98.000,Subject12,rest,0,Subject12_1.edf,94.0,98.0,182.0,False,4.0,2.0,4s_windows_50pct_overlap,scored_rest,1484,False,True,False
Subject12|rest|Subject12_1.edf|96.000|100.000,Subject12,rest,0,Subject12_1.edf,96.0,100.0,182.0,False,4.0,2.0,4s_windows_50pct_overlap,scored_rest,1485,False,True,False
Subject12|rest|Subject12_1.edf|98.000|102.000,Subject12,rest,0,Subject12_1.edf,98.0,102.0,182.0,False,4.0,2.0,4s_windows_50pct_overlap,scored_rest,1486,False,True,False
Subject12|rest|Subject12_1.edf|100.000|104.000,Subject12,rest,0,Subject12_1.edf,100.0,104.0,182.0,False,4.0,2.0,4s_windows_50pct_overlap,scored_rest,1487,False,True,False
Subject12|rest|Subject12_1.edf|102.000|106.000,Subject12,rest,0,Subject12_1.edf,102.0,106.0,182.0,False,4.0,2.0,4s_windows_50pct_overlap,scored_rest,1488,False,True,False
Subject12|rest|Subject12_1.edf|104.000|108.000,Subject12,rest,0,Subject12_1.edf,104.0,108.0,182.0,False,4.0,2.0,4s_windows_50pct_overlap,scored_rest,1489,False,True,False
Subject12|rest|Subject12_1.edf|106.000|110.000,Subject12,rest,0,Subject12_1.edf,106.0,110.0,182.0,False,4.0,2.0,4s_windows_50pct_overlap,scored_rest,1490,False,True,False
Subject12|rest|Subject12_1.edf|108.000|112.000,Subject12,rest,0,Subject12_1.edf,108.0,112.0,182.0,False,4.0,2.0,4s_windows_50pct_overlap,scored_rest,1491,False,True,False
Subject12|rest|Subject12_1.edf|110.000|114.000,Subject12,rest,0,Subject12_1.edf,110.0,114.0,182.0,False,4.0,2.0,4s_windows_50pct_overlap,scored_rest,1492,False,True,False
Subject12|rest|Subject12_1.edf|112.000|116.000,Subject12,rest,0,Subject12_1.edf,112.0,116.0,182.0,False,4.0,2.0,4s_windows_50pct_overlap,scored_rest,1493,False,True,False
Subject12|rest|Subject12_1.edf|114.000|118.000,Subject12,rest,0,Subject12_1.edf,114.0,118.0,182.0,False,4.0,2.0,4s_windows_50pct_overlap,scored_rest,1494,False,True,False
Subject12|rest|Subject12_1.edf|116.000|120.000,Subject12,rest,0,Subject12_1.edf,116.0,120.0,182.0,False,4.0,2.0,4s_windows_50pct_overlap,scored_rest,1495,False,True,False
Subject12|rest|Subject12_1.edf|118.000|122.000,Subject12,rest,0,Subject12_1.edf,118.0,122.0,182.0,False,4.0,2.0,4s_windows_50pct_overlap,scored_rest,1496,False,True,False
Subject12|rest|Subject12_1.edf|120.000|124.000,Subject12,rest,0,Subject12_1.edf,120.0,124.0,182.0,False,4.0,2.0,4s_windows_50pct_overlap,scored_rest,1497,False,True,False
Subject12|rest|Subject12_1.edf|122.000|126.000,Subject12,rest,0,Subject12_1.edf,122.0,126.0,182.0,False,4.0,2.0,4s_windows_50pct_overlap,scored_rest,1498,False,True,False
Subject12|rest|Subject12_1.edf|124.000|128.000,Subject12,rest,0,Subject12_1.edf,124.0,128.0,182.0,False,4.0,2.0,4s_windows_50pct_overlap,scored_rest,1499,False,True,False
Subject12|rest|Subject12_1.edf|126.000|130.000,Subject12,rest,0,Subject12_1.edf,126.0,130.0,182.0,False,4.0,2.0,4s_windows_50pct_overlap,scored_rest,1500,False,True,False
Subject12|rest|Subject12_1.edf|128.000|132.000,Subject12,rest,0,Subject12_1.edf,128.0,132.0,182.0,False,4.0,2.0,4s_windows_50pct_overlap,scored_rest,1501,False,True,False
Subject12|rest|Subject12_1.edf|130.000|134.000,Subject12,rest,0,Subject12_1.edf,130.0,134.0,182.0,False,4.0,2.0,4s_windows_50pct_overlap,scored_rest,1502,False,True,False
Subject12|rest|Subject12_1.edf|132.000|136.000,Subject12,rest,0,Subject12_1.edf,132.0,136.0,182.0,False,4.0,2.0,4s_windows_50pct_overlap,scored_rest,1503,False,True,False
Subject12|rest|Subject12_1.edf|134.000|138.000,Subject12,rest,0,Subject12_1.edf,134.0,138.0,182.0,False,4.0,2.0,4s_windows_50pct_overlap,scored_rest,1504,False,True,False
Subject12|rest|Subject12_1.edf|136.000|140.000,Subject12,rest,0,Subject12_1.edf,136.0,140.0,182.0,False,4.0,2.0,4s_windows_50pct_overlap,scored_rest,1505,False,True,False
Subject12|rest|Subject12_1.edf|138.000|142.000,Subject12,rest,0,Subject12_1.edf,138.0,142.0,182.0,False,4.0,2.0,4s_windows_50pct_overlap,scored_rest,1506,False,True,False
Subject12|rest|Subject12_1.edf|140.000|144.000,Subject12,rest,0,Subject12_1.edf,140.0,144.0,182.0,False,4.0,2.0,4s_windows_50pct_overlap,scored_rest,1507,False,True,False
Subject12|rest|Subject12_1.edf|142.000|146.000,Subject12,rest,0,Subject12_1.edf,142.0,146.0,182.0,False,4.0,2.0,4s_windows_50pct_overlap,scored_rest,1508,False,True,False
Subject12|rest|Subject12_1.edf|144.000|148.000,Subject12,rest,0,Subject12_1.edf,144.0,148.0,182.0,False,4.0,2.0,4s_windows_50pct_overlap,scored_rest,1509,False,True,False
Subject12|rest|Subject12_1.edf|146.000|150.000,Subject12,rest,0,Subject12_1.edf,146.0,150.0,182.0,False,4.0,2.0,4s_windows_50pct_overlap,scored_rest,1510,False,True,False
Subject12|rest|Subject12_1.edf|148.000|152.000,Subject12,rest,0,Subject12_1.edf,148.0,152.0,182.0,False,4.0,2.0,4s_windows_50pct_overlap,scored_rest,1511,False,True,False
Subject12|rest|Subject12_1.edf|150.000|154.000,Subject12,rest,0,Subject12_1.edf,150.0,154.0,182.0,False,4.0,2.0,4s_windows_50pct_overlap,scored_rest,1512,False,True,False
Subject12|rest|Subject12_1.edf|152.000|156.000,Subject12,rest,0,Subject12_1.edf,152.0,156.0,182.0,False,4.0,2.0,4s_windows_50pct_overlap,scored_rest,1513,False,True,False
Subject12|rest|Subject12_1.edf|154.000|158.000,Subject12,rest,0,Subject12_1.edf,154.0,158.0,182.0,False,4.0,2.0,4s_windows_50pct_overlap,scored_rest,1514,False,True,False
Subject12|rest|Subject12_1.edf|156.000|160.000,Subject12,rest,0,Subject12_1.edf,156.0,160.0,182.0,False,4.0,2.0,4s_windows_50pct_overlap,scored_rest,1515,False,True,False
Subject12|rest|Subject12_1.edf|158.000|162.000,Subject12,rest,0,Subject12_1.edf,158.0,162.0,182.0,False,4.0,2.0,4s_windows_50pct_overlap,scored_rest,1516,False,True,False
Subject12|rest|Subject12_1.edf|160.000|164.000,Subject12,rest,0,Subject12_1.edf,160.0,164.0,182.0,False,4.0,2.0,4s_windows_50pct_overlap,scored_rest,1517,False,True,False
Subject12|rest|Subject12_1.edf|162.000|166.000,Subject12,rest,0,Subject12_1.edf,162.0,166.0,182.0,False,4.0,2.0,4s_windows_50pct_overlap,scored_rest,1518,False,True,False
Subject12|rest|Subject12_1.edf|164.000|168.000,Subject12,rest,0,Subject12_1.edf,164.0,168.0,182.0,False,4.0,2.0,4s_windows_50pct_overlap,scored_rest,1519,False,True,False
Subject12|rest|Subject12_1.edf|166.000|170.000,Subject12,rest,0,Subject12_1.edf,166.0,170.0,182.0,False,4.0,2.0,4s_windows_50pct_overlap,scored_rest,1520,False,True,False
Subject12|rest|Subject12_1.edf|168.000|172.000,Subject12,rest,0,Subject12_1.edf,168.0,172.0,182.0,False,4.0,2.0,4s_windows_50pct_overlap,scored_rest,1521,False,True,False
Subject12|rest|Subject12_1.edf|170.000|174.000,Subject12,rest,0,Subject12_1.edf,170.0,174.0,182.0,False,4.0,2.0,4s_windows_50pct_overlap,scored_rest,1522,False,True,False
Subject12|rest|Subject12_1.edf|172.000|176.000,Subject12,rest,0,Subject12_1.edf,172.0,176.0,182.0,False,4.0,2.0,4s_windows_50pct_overlap,scored_rest,1523,False,True,False
Subject12|rest|Subject12_1.edf|174.000|178.000,Subject12,rest,0,Subject12_1.edf,174.0,178.0,182.0,False,4.0,2.0,4s_windows_50pct_overlap,scored_rest,1524,False,True,False
Subject12|rest|Subject12_1.edf|176.000|180.000,Subject12,rest,0,Subject12_1.edf,176.0,180.0,182.0,False,4.0,2.0,4s_windows_50pct_overlap,scored_rest,1525,False,True,False
Subject12|rest|Subject12_1.edf|178.000|182.000,Subject12,rest,0,Subject12_1.edf,178.0,182.0,182.0,False,4.0,2.0,4s_windows_50pct_overlap,scored_rest,1526,False,True,False
Subject12|arithmetic|Subject12_2.edf|0.000|4.000,Subject12,arithmetic,1,Subject12_2.edf,0.0,4.0,62.0,False,4.0,2.0,4s_windows_50pct_overlap,scored_task,1527,False,True,False
Subject12|arithmetic|Subject12_2.edf|2.000|6.000,Subject12,arithmetic,1,Subject12_2.edf,2.0,6.0,62.0,False,4.0,2.0,4s_windows_50pct_overlap,scored_task,1528,False,True,False
Subject12|arithmetic|Subject12_2.edf|4.000|8.000,Subject12,arithmetic,1,Subject12_2.edf,4.0,8.0,62.0,False,4.0,2.0,4s_windows_50pct_overlap,scored_task,1529,False,True,False
Subject12|arithmetic|Subject12_2.edf|6.000|10.000,Subject12,arithmetic,1,Subject12_2.edf,6.0,10.0,62.0,False,4.0,2.0,4s_windows_50pct_overlap,scored_task,1530,False,True,False
Subject12|arithmetic|Subject12_2.edf|8.000|12.000,Subject12,arithmetic,1,Subject12_2.edf,8.0,12.0,62.0,False,4.0,2.0,4s_windows_50pct_overlap,scored_task,1531,False,True,False
Subject12|arithmetic|Subject12_2.edf|10.000|14.000,Subject12,arithmetic,1,Subject12_2.edf,10.0,14.0,62.0,False,4.0,2.0,4s_windows_50pct_overlap,scored_task,1532,False,True,False
Subject12|arithmetic|Subject12_2.edf|12.000|16.000,Subject12,arithmetic,1,Subject12_2.edf,12.0,16.0,62.0,False,4.0,2.0,4s_windows_50pct_overlap,scored_task,1533,False,True,False
Subject12|arithmetic|Subject12_2.edf|14.000|18.000,Subject12,arithmetic,1,Subject12_2.edf,14.0,18.0,62.0,False,4.0,2.0,4s_windows_50pct_overlap,scored_task,1534,False,True,False
Subject12|arithmetic|Subject12_2.edf|16.000|20.000,Subject12,arithmetic,1,Subject12_2.edf,16.0,20.0,62.0,False,4.0,2.0,4s_windows_50pct_overlap,scored_task,1535,False,True,False
Subject12|arithmetic|Subject12_2.edf|18.000|22.000,Subject12,arithmetic,1,Subject12_2.edf,18.0,22.0,62.0,False,4.0,2.0,4s_windows_50pct_overlap,scored_task,1536,False,True,False
Subject12|arithmetic|Subject12_2.edf|20.000|24.000,Subject12,arithmetic,1,Subject12_2.edf,20.0,24.0,62.0,False,4.0,2.0,4s_windows_50pct_overlap,scored_task,1537,False,True,False
Subject12|arithmetic|Subject12_2.edf|22.000|26.000,Subject12,arithmetic,1,Subject12_2.edf,22.0,26.0,62.0,False,4.0,2.0,4s_windows_50pct_overlap,scored_task,1538,False,True,False
Subject12|arithmetic|Subject12_2.edf|24.000|28.000,Subject12,arithmetic,1,Subject12_2.edf,24.0,28.0,62.0,False,4.0,2.0,4s_windows_50pct_overlap,scored_task,1539,False,True,False
Subject12|arithmetic|Subject12_2.edf|26.000|30.000,Subject12,arithmetic,1,Subject12_2.edf,26.0,30.0,62.0,False,4.0,2.0,4s_windows_50pct_overlap,scored_task,1540,False,True,False
Subject12|arithmetic|Subject12_2.edf|28.000|32.000,Subject12,arithmetic,1,Subject12_2.edf,28.0,32.0,62.0,False,4.0,2.0,4s_windows_50pct_overlap,scored_task,1541,False,True,False
Subject12|arithmetic|Subject12_2.edf|30.000|34.000,Subject12,arithmetic,1,Subject12_2.edf,30.0,34.0,62.0,False,4.0,2.0,4s_windows_50pct_overlap,scored_task,1542,False,True,False
Subject12|arithmetic|Subject12_2.edf|32.000|36.000,Subject12,arithmetic,1,Subject12_2.edf,32.0,36.0,62.0,False,4.0,2.0,4s_windows_50pct_overlap,scored_task,1543,False,True,False
Subject12|arithmetic|Subject12_2.edf|34.000|38.000,Subject12,arithmetic,1,Subject12_2.edf,34.0,38.0,62.0,False,4.0,2.0,4s_windows_50pct_overlap,scored_task,1544,False,True,False
Subject12|arithmetic|Subject12_2.edf|36.000|40.000,Subject12,arithmetic,1,Subject12_2.edf,36.0,40.0,62.0,False,4.0,2.0,4s_windows_50pct_overlap,scored_task,1545,False,True,False
Subject12|arithmetic|Subject12_2.edf|38.000|42.000,Subject12,arithmetic,1,Subject12_2.edf,38.0,42.0,62.0,False,4.0,2.0,4s_windows_50pct_overlap,scored_task,1546,False,True,False
Subject12|arithmetic|Subject12_2.edf|40.000|44.000,Subject12,arithmetic,1,Subject12_2.edf,40.0,44.0,62.0,False,4.0,2.0,4s_windows_50pct_overlap,scored_task,1547,False,True,False
Subject12|arithmetic|Subject12_2.edf|42.000|46.000,Subject12,arithmetic,1,Subject12_2.edf,42.0,46.0,62.0,False,4.0,2.0,4s_windows_50pct_overlap,scored_task,1548,False,True,False
Subject12|arithmetic|Subject12_2.edf|44.000|48.000,Subject12,arithmetic,1,Subject12_2.edf,44.0,48.0,62.0,False,4.0,2.0,4s_windows_50pct_overlap,scored_task,1549,False,True,False
Subject12|arithmetic|Subject12_2.edf|46.000|50.000,Subject12,arithmetic,1,Subject12_2.edf,46.0,50.0,62.0,False,4.0,2.0,4s_windows_50pct_overlap,scored_task,1550,False,True,False
Subject12|arithmetic|Subject12_2.edf|48.000|52.000,Subject12,arithmetic,1,Subject12_2.edf,48.0,52.0,62.0,False,4.0,2.0,4s_windows_50pct_overlap,scored_task,1551,False,True,False
Subject12|arithmetic|Subject12_2.edf|50.000|54.000,Subject12,arithmetic,1,Subject12_2.edf,50.0,54.0,62.0,False,4.0,2.0,4s_windows_50pct_overlap,scored_task,1552,False,True,False
Subject12|arithmetic|Subject12_2.edf|52.000|56.000,Subject12,arithmetic,1,Subject12_2.edf,52.0,56.0,62.0,False,4.0,2.0,4s_windows_50pct_overlap,scored_task,1553,False,True,False
Subject12|arithmetic|Subject12_2.edf|54.000|58.000,Subject12,arithmetic,1,Subject12_2.edf,54.0,58.0,62.0,False,4.0,2.0,4s_windows_50pct_overlap,scored_task,1554,False,True,False
Subject12|arithmetic|Subject12_2.edf|56.000|60.000,Subject12,arithmetic,1,Subject12_2.edf,56.0,60.0,62.0,False,4.0,2.0,4s_windows_50pct_overlap,scored_task,1555,False,True,False
Subject12|arithmetic|Subject12_2.edf|58.000|62.000,Subject12,arithmetic,1,Subject12_2.edf,58.0,62.0,62.0,False,4.0,2.0,4s_windows_50pct_overlap,scored_task,1556,False,True,False
Subject13|rest|Subject13_1.edf|0.000|4.000,Subject13,rest,0,Subject13_1.edf,0.0,4.0,182.0,False,4.0,2.0,4s_windows_50pct_overlap,calibration,1557,True,False,False
Subject13|rest|Subject13_1.edf|2.000|6.000,Subject13,rest,0,Subject13_1.edf,2.0,6.0,182.0,False,4.0,2.0,4s_windows_50pct_overlap,calibration,1558,True,False,False
Subject13|rest|Subject13_1.edf|4.000|8.000,Subject13,rest,0,Subject13_1.edf,4.0,8.0,182.0,False,4.0,2.0,4s_windows_50pct_overlap,calibration,1559,True,False,False
Subject13|rest|Subject13_1.edf|6.000|10.000,Subject13,rest,0,Subject13_1.edf,6.0,10.0,182.0,False,4.0,2.0,4s_windows_50pct_overlap,calibration,1560,True,False,False
Subject13|rest|Subject13_1.edf|8.000|12.000,Subject13,rest,0,Subject13_1.edf,8.0,12.0,182.0,False,4.0,2.0,4s_windows_50pct_overlap,calibration,1561,True,False,False
Subject13|rest|Subject13_1.edf|10.000|14.000,Subject13,rest,0,Subject13_1.edf,10.0,14.0,182.0,False,4.0,2.0,4s_windows_50pct_overlap,calibration,1562,True,False,False
Subject13|rest|Subject13_1.edf|12.000|16.000,Subject13,rest,0,Subject13_1.edf,12.0,16.0,182.0,False,4.0,2.0,4s_windows_50pct_overlap,calibration,1563,True,False,False
Subject13|rest|Subject13_1.edf|14.000|18.000,Subject13,rest,0,Subject13_1.edf,14.0,18.0,182.0,False,4.0,2.0,4s_windows_50pct_overlap,calibration,1564,True,False,False
Subject13|rest|Subject13_1.edf|16.000|20.000,Subject13,rest,0,Subject13_1.edf,16.0,20.0,182.0,False,4.0,2.0,4s_windows_50pct_overlap,calibration,1565,True,False,False
Subject13|rest|Subject13_1.edf|18.000|22.000,Subject13,rest,0,Subject13_1.edf,18.0,22.0,182.0,False,4.0,2.0,4s_windows_50pct_overlap,calibration,1566,True,False,False
Subject13|rest|Subject13_1.edf|20.000|24.000,Subject13,rest,0,Subject13_1.edf,20.0,24.0,182.0,False,4.0,2.0,4s_windows_50pct_overlap,calibration,1567,True,False,False
Subject13|rest|Subject13_1.edf|22.000|26.000,Subject13,rest,0,Subject13_1.edf,22.0,26.0,182.0,False,4.0,2.0,4s_windows_50pct_overlap,calibration,1568,True,False,False
Subject13|rest|Subject13_1.edf|24.000|28.000,Subject13,rest,0,Subject13_1.edf,24.0,28.0,182.0,False,4.0,2.0,4s_windows_50pct_overlap,calibration,1569,True,False,False
Subject13|rest|Subject13_1.edf|26.000|30.000,Subject13,rest,0,Subject13_1.edf,26.0,30.0,182.0,False,4.0,2.0,4s_windows_50pct_overlap,calibration,1570,True,False,False
Subject13|rest|Subject13_1.edf|28.000|32.000,Subject13,rest,0,Subject13_1.edf,28.0,32.0,182.0,False,4.0,2.0,4s_windows_50pct_overlap,calibration,1571,True,False,False
Subject13|rest|Subject13_1.edf|30.000|34.000,Subject13,rest,0,Subject13_1.edf,30.0,34.0,182.0,False,4.0,2.0,4s_windows_50pct_overlap,calibration,1572,True,False,False
Subject13|rest|Subject13_1.edf|32.000|36.000,Subject13,rest,0,Subject13_1.edf,32.0,36.0,182.0,False,4.0,2.0,4s_windows_50pct_overlap,calibration,1573,True,False,False
Subject13|rest|Subject13_1.edf|34.000|38.000,Subject13,rest,0,Subject13_1.edf,34.0,38.0,182.0,False,4.0,2.0,4s_windows_50pct_overlap,calibration,1574,True,False,False
Subject13|rest|Subject13_1.edf|36.000|40.000,Subject13,rest,0,Subject13_1.edf,36.0,40.0,182.0,False,4.0,2.0,4s_windows_50pct_overlap,calibration,1575,True,False,False
Subject13|rest|Subject13_1.edf|38.000|42.000,Subject13,rest,0,Subject13_1.edf,38.0,42.0,182.0,False,4.0,2.0,4s_windows_50pct_overlap,calibration,1576,True,False,False
Subject13|rest|Subject13_1.edf|40.000|44.000,Subject13,rest,0,Subject13_1.edf,40.0,44.0,182.0,False,4.0,2.0,4s_windows_50pct_overlap,calibration,1577,True,False,False
Subject13|rest|Subject13_1.edf|42.000|46.000,Subject13,rest,0,Subject13_1.edf,42.0,46.0,182.0,False,4.0,2.0,4s_windows_50pct_overlap,calibration,1578,True,False,False
Subject13|rest|Subject13_1.edf|44.000|48.000,Subject13,rest,0,Subject13_1.edf,44.0,48.0,182.0,False,4.0,2.0,4s_windows_50pct_overlap,calibration,1579,True,False,False
Subject13|rest|Subject13_1.edf|46.000|50.000,Subject13,rest,0,Subject13_1.edf,46.0,50.0,182.0,False,4.0,2.0,4s_windows_50pct_overlap,calibration,1580,True,False,False
Subject13|rest|Subject13_1.edf|48.000|52.000,Subject13,rest,0,Subject13_1.edf,48.0,52.0,182.0,False,4.0,2.0,4s_windows_50pct_overlap,calibration,1581,True,False,False
Subject13|rest|Subject13_1.edf|50.000|54.000,Subject13,rest,0,Subject13_1.edf,50.0,54.0,182.0,False,4.0,2.0,4s_windows_50pct_overlap,calibration,1582,True,False,False
Subject13|rest|Subject13_1.edf|52.000|56.000,Subject13,rest,0,Subject13_1.edf,52.0,56.0,182.0,False,4.0,2.0,4s_windows_50pct_overlap,calibration,1583,True,False,False
Subject13|rest|Subject13_1.edf|54.000|58.000,Subject13,rest,0,Subject13_1.edf,54.0,58.0,182.0,False,4.0,2.0,4s_windows_50pct_overlap,calibration,1584,True,False,False
Subject13|rest|Subject13_1.edf|56.000|60.000,Subject13,rest,0,Subject13_1.edf,56.0,60.0,182.0,False,4.0,2.0,4s_windows_50pct_overlap,calibration,1585,True,False,False
Subject13|rest|Subject13_1.edf|58.000|62.000,Subject13,rest,0,Subject13_1.edf,58.0,62.0,182.0,False,4.0,2.0,4s_windows_50pct_overlap,calibration,1586,True,False,False
Subject13|rest|Subject13_1.edf|60.000|64.000,Subject13,rest,0,Subject13_1.edf,60.0,64.0,182.0,False,4.0,2.0,4s_windows_50pct_overlap,scored_rest,1587,False,True,False
Subject13|rest|Subject13_1.edf|62.000|66.000,Subject13,rest,0,Subject13_1.edf,62.0,66.0,182.0,False,4.0,2.0,4s_windows_50pct_overlap,scored_rest,1588,False,True,False
Subject13|rest|Subject13_1.edf|64.000|68.000,Subject13,rest,0,Subject13_1.edf,64.0,68.0,182.0,False,4.0,2.0,4s_windows_50pct_overlap,scored_rest,1589,False,True,False
Subject13|rest|Subject13_1.edf|66.000|70.000,Subject13,rest,0,Subject13_1.edf,66.0,70.0,182.0,False,4.0,2.0,4s_windows_50pct_overlap,scored_rest,1590,False,True,False
Subject13|rest|Subject13_1.edf|68.000|72.000,Subject13,rest,0,Subject13_1.edf,68.0,72.0,182.0,False,4.0,2.0,4s_windows_50pct_overlap,scored_rest,1591,False,True,False
Subject13|rest|Subject13_1.edf|70.000|74.000,Subject13,rest,0,Subject13_1.edf,70.0,74.0,182.0,False,4.0,2.0,4s_windows_50pct_overlap,scored_rest,1592,False,True,False
Subject13|rest|Subject13_1.edf|72.000|76.000,Subject13,rest,0,Subject13_1.edf,72.0,76.0,182.0,False,4.0,2.0,4s_windows_50pct_overlap,scored_rest,1593,False,True,False
Subject13|rest|Subject13_1.edf|74.000|78.000,Subject13,rest,0,Subject13_1.edf,74.0,78.0,182.0,False,4.0,2.0,4s_windows_50pct_overlap,scored_rest,1594,False,True,False
Subject13|rest|Subject13_1.edf|76.000|80.000,Subject13,rest,0,Subject13_1.edf,76.0,80.0,182.0,False,4.0,2.0,4s_windows_50pct_overlap,scored_rest,1595,False,True,False
Subject13|rest|Subject13_1.edf|78.000|82.000,Subject13,rest,0,Subject13_1.edf,78.0,82.0,182.0,False,4.0,2.0,4s_windows_50pct_overlap,scored_rest,1596,False,True,False
Subject13|rest|Subject13_1.edf|80.000|84.000,Subject13,rest,0,Subject13_1.edf,80.0,84.0,182.0,False,4.0,2.0,4s_windows_50pct_overlap,scored_rest,1597,False,True,False
Subject13|rest|Subject13_1.edf|82.000|86.000,Subject13,rest,0,Subject13_1.edf,82.0,86.0,182.0,False,4.0,2.0,4s_windows_50pct_overlap,scored_rest,1598,False,True,False
Subject13|rest|Subject13_1.edf|84.000|88.000,Subject13,rest,0,Subject13_1.edf,84.0,88.0,182.0,False,4.0,2.0,4s_windows_50pct_overlap,scored_rest,1599,False,True,False
Subject13|rest|Subject13_1.edf|86.000|90.000,Subject13,rest,0,Subject13_1.edf,86.0,90.0,182.0,False,4.0,2.0,4s_windows_50pct_overlap,scored_rest,1600,False,True,False
Subject13|rest|Subject13_1.edf|88.000|92.000,Subject13,rest,0,Subject13_1.edf,88.0,92.0,182.0,False,4.0,2.0,4s_windows_50pct_overlap,scored_rest,1601,False,True,False
Subject13|rest|Subject13_1.edf|90.000|94.000,Subject13,rest,0,Subject13_1.edf,90.0,94.0,182.0,False,4.0,2.0,4s_windows_50pct_overlap,scored_rest,1602,False,True,False
Subject13|rest|Subject13_1.edf|92.000|96.000,Subject13,rest,0,Subject13_1.edf,92.0,96.0,182.0,False,4.0,2.0,4s_windows_50pct_overlap,scored_rest,1603,False,True,False
Subject13|rest|Subject13_1.edf|94.000|98.000,Subject13,rest,0,Subject13_1.edf,94.0,98.0,182.0,False,4.0,2.0,4s_windows_50pct_overlap,scored_rest,1604,False,True,False
Subject13|rest|Subject13_1.edf|96.000|100.000,Subject13,rest,0,Subject13_1.edf,96.0,100.0,182.0,False,4.0,2.0,4s_windows_50pct_overlap,scored_rest,1605,False,True,False
Subject13|rest|Subject13_1.edf|98.000|102.000,Subject13,rest,0,Subject13_1.edf,98.0,102.0,182.0,False,4.0,2.0,4s_windows_50pct_overlap,scored_rest,1606,False,True,False
Subject13|rest|Subject13_1.edf|100.000|104.000,Subject13,rest,0,Subject13_1.edf,100.0,104.0,182.0,False,4.0,2.0,4s_windows_50pct_overlap,scored_rest,1607,False,True,False
Subject13|rest|Subject13_1.edf|102.000|106.000,Subject13,rest,0,Subject13_1.edf,102.0,106.0,182.0,False,4.0,2.0,4s_windows_50pct_overlap,scored_rest,1608,False,True,False
Subject13|rest|Subject13_1.edf|104.000|108.000,Subject13,rest,0,Subject13_1.edf,104.0,108.0,182.0,False,4.0,2.0,4s_windows_50pct_overlap,scored_rest,1609,False,True,False
Subject13|rest|Subject13_1.edf|106.000|110.000,Subject13,rest,0,Subject13_1.edf,106.0,110.0,182.0,False,4.0,2.0,4s_windows_50pct_overlap,scored_rest,1610,False,True,False
Subject13|rest|Subject13_1.edf|108.000|112.000,Subject13,rest,0,Subject13_1.edf,108.0,112.0,182.0,False,4.0,2.0,4s_windows_50pct_overlap,scored_rest,1611,False,True,False
Subject13|rest|Subject13_1.edf|110.000|114.000,Subject13,rest,0,Subject13_1.edf,110.0,114.0,182.0,False,4.0,2.0,4s_windows_50pct_overlap,scored_rest,1612,False,True,False
Subject13|rest|Subject13_1.edf|112.000|116.000,Subject13,rest,0,Subject13_1.edf,112.0,116.0,182.0,False,4.0,2.0,4s_windows_50pct_overlap,scored_rest,1613,False,True,False
Subject13|rest|Subject13_1.edf|114.000|118.000,Subject13,rest,0,Subject13_1.edf,114.0,118.0,182.0,False,4.0,2.0,4s_windows_50pct_overlap,scored_rest,1614,False,True,False
Subject13|rest|Subject13_1.edf|116.000|120.000,Subject13,rest,0,Subject13_1.edf,116.0,120.0,182.0,False,4.0,2.0,4s_windows_50pct_overlap,scored_rest,1615,False,True,False
Subject13|rest|Subject13_1.edf|118.000|122.000,Subject13,rest,0,Subject13_1.edf,118.0,122.0,182.0,False,4.0,2.0,4s_windows_50pct_overlap,scored_rest,1616,False,True,False
Subject13|rest|Subject13_1.edf|120.000|124.000,Subject13,rest,0,Subject13_1.edf,120.0,124.0,182.0,False,4.0,2.0,4s_windows_50pct_overlap,scored_rest,1617,False,True,False
Subject13|rest|Subject13_1.edf|122.000|126.000,Subject13,rest,0,Subject13_1.edf,122.0,126.0,182.0,False,4.0,2.0,4s_windows_50pct_overlap,scored_rest,1618,False,True,False
Subject13|rest|Subject13_1.edf|124.000|128.000,Subject13,rest,0,Subject13_1.edf,124.0,128.0,182.0,False,4.0,2.0,4s_windows_50pct_overlap,scored_rest,1619,False,True,False
Subject13|rest|Subject13_1.edf|126.000|130.000,Subject13,rest,0,Subject13_1.edf,126.0,130.0,182.0,False,4.0,2.0,4s_windows_50pct_overlap,scored_rest,1620,False,True,False
Subject13|rest|Subject13_1.edf|128.000|132.000,Subject13,rest,0,Subject13_1.edf,128.0,132.0,182.0,False,4.0,2.0,4s_windows_50pct_overlap,scored_rest,1621,False,True,False
Subject13|rest|Subject13_1.edf|130.000|134.000,Subject13,rest,0,Subject13_1.edf,130.0,134.0,182.0,False,4.0,2.0,4s_windows_50pct_overlap,scored_rest,1622,False,True,False
Subject13|rest|Subject13_1.edf|132.000|136.000,Subject13,rest,0,Subject13_1.edf,132.0,136.0,182.0,False,4.0,2.0,4s_windows_50pct_overlap,scored_rest,1623,False,True,False
Subject13|rest|Subject13_1.edf|134.000|138.000,Subject13,rest,0,Subject13_1.edf,134.0,138.0,182.0,False,4.0,2.0,4s_windows_50pct_overlap,scored_rest,1624,False,True,False
Subject13|rest|Subject13_1.edf|136.000|140.000,Subject13,rest,0,Subject13_1.edf,136.0,140.0,182.0,False,4.0,2.0,4s_windows_50pct_overlap,scored_rest,1625,False,True,False
Subject13|rest|Subject13_1.edf|138.000|142.000,Subject13,rest,0,Subject13_1.edf,138.0,142.0,182.0,False,4.0,2.0,4s_windows_50pct_overlap,scored_rest,1626,False,True,False
Subject13|rest|Subject13_1.edf|140.000|144.000,Subject13,rest,0,Subject13_1.edf,140.0,144.0,182.0,False,4.0,2.0,4s_windows_50pct_overlap,scored_rest,1627,False,True,False
Subject13|rest|Subject13_1.edf|142.000|146.000,Subject13,rest,0,Subject13_1.edf,142.0,146.0,182.0,False,4.0,2.0,4s_windows_50pct_overlap,scored_rest,1628,False,True,False
Subject13|rest|Subject13_1.edf|144.000|148.000,Subject13,rest,0,Subject13_1.edf,144.0,148.0,182.0,False,4.0,2.0,4s_windows_50pct_overlap,scored_rest,1629,False,True,False
Subject13|rest|Subject13_1.edf|146.000|150.000,Subject13,rest,0,Subject13_1.edf,146.0,150.0,182.0,False,4.0,2.0,4s_windows_50pct_overlap,scored_rest,1630,False,True,False
Subject13|rest|Subject13_1.edf|148.000|152.000,Subject13,rest,0,Subject13_1.edf,148.0,152.0,182.0,False,4.0,2.0,4s_windows_50pct_overlap,scored_rest,1631,False,True,False
Subject13|rest|Subject13_1.edf|150.000|154.000,Subject13,rest,0,Subject13_1.edf,150.0,154.0,182.0,False,4.0,2.0,4s_windows_50pct_overlap,scored_rest,1632,False,True,False
Subject13|rest|Subject13_1.edf|152.000|156.000,Subject13,rest,0,Subject13_1.edf,152.0,156.0,182.0,False,4.0,2.0,4s_windows_50pct_overlap,scored_rest,1633,False,True,False
Subject13|rest|Subject13_1.edf|154.000|158.000,Subject13,rest,0,Subject13_1.edf,154.0,158.0,182.0,False,4.0,2.0,4s_windows_50pct_overlap,scored_rest,1634,False,True,False
Subject13|rest|Subject13_1.edf|156.000|160.000,Subject13,rest,0,Subject13_1.edf,156.0,160.0,182.0,False,4.0,2.0,4s_windows_50pct_overlap,scored_rest,1635,False,True,False
Subject13|rest|Subject13_1.edf|158.000|162.000,Subject13,rest,0,Subject13_1.edf,158.0,162.0,182.0,False,4.0,2.0,4s_windows_50pct_overlap,scored_rest,1636,False,True,False
Subject13|rest|Subject13_1.edf|160.000|164.000,Subject13,rest,0,Subject13_1.edf,160.0,164.0,182.0,False,4.0,2.0,4s_windows_50pct_overlap,scored_rest,1637,False,True,False
Subject13|rest|Subject13_1.edf|162.000|166.000,Subject13,rest,0,Subject13_1.edf,162.0,166.0,182.0,False,4.0,2.0,4s_windows_50pct_overlap,scored_rest,1638,False,True,False
Subject13|rest|Subject13_1.edf|164.000|168.000,Subject13,rest,0,Subject13_1.edf,164.0,168.0,182.0,False,4.0,2.0,4s_windows_50pct_overlap,scored_rest,1639,False,True,False
Subject13|rest|Subject13_1.edf|166.000|170.000,Subject13,rest,0,Subject13_1.edf,166.0,170.0,182.0,False,4.0,2.0,4s_windows_50pct_overlap,scored_rest,1640,False,True,False
Subject13|rest|Subject13_1.edf|168.000|172.000,Subject13,rest,0,Subject13_1.edf,168.0,172.0,182.0,False,4.0,2.0,4s_windows_50pct_overlap,scored_rest,1641,False,True,False
Subject13|rest|Subject13_1.edf|170.000|174.000,Subject13,rest,0,Subject13_1.edf,170.0,174.0,182.0,False,4.0,2.0,4s_windows_50pct_overlap,scored_rest,1642,False,True,False
Subject13|rest|Subject13_1.edf|172.000|176.000,Subject13,rest,0,Subject13_1.edf,172.0,176.0,182.0,False,4.0,2.0,4s_windows_50pct_overlap,scored_rest,1643,False,True,False
Subject13|rest|Subject13_1.edf|174.000|178.000,Subject13,rest,0,Subject13_1.edf,174.0,178.0,182.0,False,4.0,2.0,4s_windows_50pct_overlap,scored_rest,1644,False,True,False
Subject13|rest|Subject13_1.edf|176.000|180.000,Subject13,rest,0,Subject13_1.edf,176.0,180.0,182.0,False,4.0,2.0,4s_windows_50pct_overlap,scored_rest,1645,False,True,False
Subject13|rest|Subject13_1.edf|178.000|182.000,Subject13,rest,0,Subject13_1.edf,178.0,182.0,182.0,False,4.0,2.0,4s_windows_50pct_overlap,scored_rest,1646,False,True,False
Subject13|arithmetic|Subject13_2.edf|0.000|4.000,Subject13,arithmetic,1,Subject13_2.edf,0.0,4.0,62.0,False,4.0,2.0,4s_windows_50pct_overlap,scored_task,1647,False,True,False
Subject13|arithmetic|Subject13_2.edf|2.000|6.000,Subject13,arithmetic,1,Subject13_2.edf,2.0,6.0,62.0,False,4.0,2.0,4s_windows_50pct_overlap,scored_task,1648,False,True,False
Subject13|arithmetic|Subject13_2.edf|4.000|8.000,Subject13,arithmetic,1,Subject13_2.edf,4.0,8.0,62.0,False,4.0,2.0,4s_windows_50pct_overlap,scored_task,1649,False,True,False
Subject13|arithmetic|Subject13_2.edf|6.000|10.000,Subject13,arithmetic,1,Subject13_2.edf,6.0,10.0,62.0,False,4.0,2.0,4s_windows_50pct_overlap,scored_task,1650,False,True,False
Subject13|arithmetic|Subject13_2.edf|8.000|12.000,Subject13,arithmetic,1,Subject13_2.edf,8.0,12.0,62.0,False,4.0,2.0,4s_windows_50pct_overlap,scored_task,1651,False,True,False
Subject13|arithmetic|Subject13_2.edf|10.000|14.000,Subject13,arithmetic,1,Subject13_2.edf,10.0,14.0,62.0,False,4.0,2.0,4s_windows_50pct_overlap,scored_task,1652,False,True,False
Subject13|arithmetic|Subject13_2.edf|12.000|16.000,Subject13,arithmetic,1,Subject13_2.edf,12.0,16.0,62.0,False,4.0,2.0,4s_windows_50pct_overlap,scored_task,1653,False,True,False
Subject13|arithmetic|Subject13_2.edf|14.000|18.000,Subject13,arithmetic,1,Subject13_2.edf,14.0,18.0,62.0,False,4.0,2.0,4s_windows_50pct_overlap,scored_task,1654,False,True,False
Subject13|arithmetic|Subject13_2.edf|16.000|20.000,Subject13,arithmetic,1,Subject13_2.edf,16.0,20.0,62.0,False,4.0,2.0,4s_windows_50pct_overlap,scored_task,1655,False,True,False
Subject13|arithmetic|Subject13_2.edf|18.000|22.000,Subject13,arithmetic,1,Subject13_2.edf,18.0,22.0,62.0,False,4.0,2.0,4s_windows_50pct_overlap,scored_task,1656,False,True,False
Subject13|arithmetic|Subject13_2.edf|20.000|24.000,Subject13,arithmetic,1,Subject13_2.edf,20.0,24.0,62.0,False,4.0,2.0,4s_windows_50pct_overlap,scored_task,1657,False,True,False
Subject13|arithmetic|Subject13_2.edf|22.000|26.000,Subject13,arithmetic,1,Subject13_2.edf,22.0,26.0,62.0,False,4.0,2.0,4s_windows_50pct_overlap,scored_task,1658,False,True,False
Subject13|arithmetic|Subject13_2.edf|24.000|28.000,Subject13,arithmetic,1,Subject13_2.edf,24.0,28.0,62.0,False,4.0,2.0,4s_windows_50pct_overlap,scored_task,1659,False,True,False
Subject13|arithmetic|Subject13_2.edf|26.000|30.000,Subject13,arithmetic,1,Subject13_2.edf,26.0,30.0,62.0,False,4.0,2.0,4s_windows_50pct_overlap,scored_task,1660,False,True,False
Subject13|arithmetic|Subject13_2.edf|28.000|32.000,Subject13,arithmetic,1,Subject13_2.edf,28.0,32.0,62.0,False,4.0,2.0,4s_windows_50pct_overlap,scored_task,1661,False,True,False
Subject13|arithmetic|Subject13_2.edf|30.000|34.000,Subject13,arithmetic,1,Subject13_2.edf,30.0,34.0,62.0,False,4.0,2.0,4s_windows_50pct_overlap,scored_task,1662,False,True,False
Subject13|arithmetic|Subject13_2.edf|32.000|36.000,Subject13,arithmetic,1,Subject13_2.edf,32.0,36.0,62.0,False,4.0,2.0,4s_windows_50pct_overlap,scored_task,1663,False,True,False
Subject13|arithmetic|Subject13_2.edf|34.000|38.000,Subject13,arithmetic,1,Subject13_2.edf,34.0,38.0,62.0,False,4.0,2.0,4s_windows_50pct_overlap,scored_task,1664,False,True,False
Subject13|arithmetic|Subject13_2.edf|36.000|40.000,Subject13,arithmetic,1,Subject13_2.edf,36.0,40.0,62.0,False,4.0,2.0,4s_windows_50pct_overlap,scored_task,1665,False,True,False
Subject13|arithmetic|Subject13_2.edf|38.000|42.000,Subject13,arithmetic,1,Subject13_2.edf,38.0,42.0,62.0,False,4.0,2.0,4s_windows_50pct_overlap,scored_task,1666,False,True,False
Subject13|arithmetic|Subject13_2.edf|40.000|44.000,Subject13,arithmetic,1,Subject13_2.edf,40.0,44.0,62.0,False,4.0,2.0,4s_windows_50pct_overlap,scored_task,1667,False,True,False
Subject13|arithmetic|Subject13_2.edf|42.000|46.000,Subject13,arithmetic,1,Subject13_2.edf,42.0,46.0,62.0,False,4.0,2.0,4s_windows_50pct_overlap,scored_task,1668,False,True,False
Subject13|arithmetic|Subject13_2.edf|44.000|48.000,Subject13,arithmetic,1,Subject13_2.edf,44.0,48.0,62.0,False,4.0,2.0,4s_windows_50pct_overlap,scored_task,1669,False,True,False
Subject13|arithmetic|Subject13_2.edf|46.000|50.000,Subject13,arithmetic,1,Subject13_2.edf,46.0,50.0,62.0,False,4.0,2.0,4s_windows_50pct_overlap,scored_task,1670,False,True,False
Subject13|arithmetic|Subject13_2.edf|48.000|52.000,Subject13,arithmetic,1,Subject13_2.edf,48.0,52.0,62.0,False,4.0,2.0,4s_windows_50pct_overlap,scored_task,1671,False,True,False
Subject13|arithmetic|Subject13_2.edf|50.000|54.000,Subject13,arithmetic,1,Subject13_2.edf,50.0,54.0,62.0,False,4.0,2.0,4s_windows_50pct_overlap,scored_task,1672,False,True,False
Subject13|arithmetic|Subject13_2.edf|52.000|56.000,Subject13,arithmetic,1,Subject13_2.edf,52.0,56.0,62.0,False,4.0,2.0,4s_windows_50pct_overlap,scored_task,1673,False,True,False
Subject13|arithmetic|Subject13_2.edf|54.000|58.000,Subject13,arithmetic,1,Subject13_2.edf,54.0,58.0,62.0,False,4.0,2.0,4s_windows_50pct_overlap,scored_task,1674,False,True,False
Subject13|arithmetic|Subject13_2.edf|56.000|60.000,Subject13,arithmetic,1,Subject13_2.edf,56.0,60.0,62.0,False,4.0,2.0,4s_windows_50pct_overlap,scored_task,1675,False,True,False
Subject13|arithmetic|Subject13_2.edf|58.000|62.000,Subject13,arithmetic,1,Subject13_2.edf,58.0,62.0,62.0,False,4.0,2.0,4s_windows_50pct_overlap,scored_task,1676,False,True,False
Subject14|rest|Subject14_1.edf|0.000|4.000,Subject14,rest,0,Subject14_1.edf,0.0,4.0,182.0,False,4.0,2.0,4s_windows_50pct_overlap,calibration,1677,True,False,False
Subject14|rest|Subject14_1.edf|2.000|6.000,Subject14,rest,0,Subject14_1.edf,2.0,6.0,182.0,False,4.0,2.0,4s_windows_50pct_overlap,calibration,1678,True,False,False
Subject14|rest|Subject14_1.edf|4.000|8.000,Subject14,rest,0,Subject14_1.edf,4.0,8.0,182.0,False,4.0,2.0,4s_windows_50pct_overlap,calibration,1679,True,False,False
Subject14|rest|Subject14_1.edf|6.000|10.000,Subject14,rest,0,Subject14_1.edf,6.0,10.0,182.0,False,4.0,2.0,4s_windows_50pct_overlap,calibration,1680,True,False,False
Subject14|rest|Subject14_1.edf|8.000|12.000,Subject14,rest,0,Subject14_1.edf,8.0,12.0,182.0,False,4.0,2.0,4s_windows_50pct_overlap,calibration,1681,True,False,False
Subject14|rest|Subject14_1.edf|10.000|14.000,Subject14,rest,0,Subject14_1.edf,10.0,14.0,182.0,False,4.0,2.0,4s_windows_50pct_overlap,calibration,1682,True,False,False
Subject14|rest|Subject14_1.edf|12.000|16.000,Subject14,rest,0,Subject14_1.edf,12.0,16.0,182.0,False,4.0,2.0,4s_windows_50pct_overlap,calibration,1683,True,False,False
Subject14|rest|Subject14_1.edf|14.000|18.000,Subject14,rest,0,Subject14_1.edf,14.0,18.0,182.0,False,4.0,2.0,4s_windows_50pct_overlap,calibration,1684,True,False,False
Subject14|rest|Subject14_1.edf|16.000|20.000,Subject14,rest,0,Subject14_1.edf,16.0,20.0,182.0,False,4.0,2.0,4s_windows_50pct_overlap,calibration,1685,True,False,False
Subject14|rest|Subject14_1.edf|18.000|22.000,Subject14,rest,0,Subject14_1.edf,18.0,22.0,182.0,False,4.0,2.0,4s_windows_50pct_overlap,calibration,1686,True,False,False
Subject14|rest|Subject14_1.edf|20.000|24.000,Subject14,rest,0,Subject14_1.edf,20.0,24.0,182.0,False,4.0,2.0,4s_windows_50pct_overlap,calibration,1687,True,False,False
Subject14|rest|Subject14_1.edf|22.000|26.000,Subject14,rest,0,Subject14_1.edf,22.0,26.0,182.0,False,4.0,2.0,4s_windows_50pct_overlap,calibration,1688,True,False,False
Subject14|rest|Subject14_1.edf|24.000|28.000,Subject14,rest,0,Subject14_1.edf,24.0,28.0,182.0,False,4.0,2.0,4s_windows_50pct_overlap,calibration,1689,True,False,False
Subject14|rest|Subject14_1.edf|26.000|30.000,Subject14,rest,0,Subject14_1.edf,26.0,30.0,182.0,False,4.0,2.0,4s_windows_50pct_overlap,calibration,1690,True,False,False
Subject14|rest|Subject14_1.edf|28.000|32.000,Subject14,rest,0,Subject14_1.edf,28.0,32.0,182.0,False,4.0,2.0,4s_windows_50pct_overlap,calibration,1691,True,False,False
Subject14|rest|Subject14_1.edf|30.000|34.000,Subject14,rest,0,Subject14_1.edf,30.0,34.0,182.0,False,4.0,2.0,4s_windows_50pct_overlap,calibration,1692,True,False,False
Subject14|rest|Subject14_1.edf|32.000|36.000,Subject14,rest,0,Subject14_1.edf,32.0,36.0,182.0,False,4.0,2.0,4s_windows_50pct_overlap,calibration,1693,True,False,False
Subject14|rest|Subject14_1.edf|34.000|38.000,Subject14,rest,0,Subject14_1.edf,34.0,38.0,182.0,False,4.0,2.0,4s_windows_50pct_overlap,calibration,1694,True,False,False
Subject14|rest|Subject14_1.edf|36.000|40.000,Subject14,rest,0,Subject14_1.edf,36.0,40.0,182.0,False,4.0,2.0,4s_windows_50pct_overlap,calibration,1695,True,False,False
Subject14|rest|Subject14_1.edf|38.000|42.000,Subject14,rest,0,Subject14_1.edf,38.0,42.0,182.0,False,4.0,2.0,4s_windows_50pct_overlap,calibration,1696,True,False,False
Subject14|rest|Subject14_1.edf|40.000|44.000,Subject14,rest,0,Subject14_1.edf,40.0,44.0,182.0,False,4.0,2.0,4s_windows_50pct_overlap,calibration,1697,True,False,False
Subject14|rest|Subject14_1.edf|42.000|46.000,Subject14,rest,0,Subject14_1.edf,42.0,46.0,182.0,False,4.0,2.0,4s_windows_50pct_overlap,calibration,1698,True,False,False
Subject14|rest|Subject14_1.edf|44.000|48.000,Subject14,rest,0,Subject14_1.edf,44.0,48.0,182.0,False,4.0,2.0,4s_windows_50pct_overlap,calibration,1699,True,False,False
Subject14|rest|Subject14_1.edf|46.000|50.000,Subject14,rest,0,Subject14_1.edf,46.0,50.0,182.0,False,4.0,2.0,4s_windows_50pct_overlap,calibration,1700,True,False,False
Subject14|rest|Subject14_1.edf|48.000|52.000,Subject14,rest,0,Subject14_1.edf,48.0,52.0,182.0,False,4.0,2.0,4s_windows_50pct_overlap,calibration,1701,True,False,False
Subject14|rest|Subject14_1.edf|50.000|54.000,Subject14,rest,0,Subject14_1.edf,50.0,54.0,182.0,False,4.0,2.0,4s_windows_50pct_overlap,calibration,1702,True,False,False
Subject14|rest|Subject14_1.edf|52.000|56.000,Subject14,rest,0,Subject14_1.edf,52.0,56.0,182.0,False,4.0,2.0,4s_windows_50pct_overlap,calibration,1703,True,False,False
Subject14|rest|Subject14_1.edf|54.000|58.000,Subject14,rest,0,Subject14_1.edf,54.0,58.0,182.0,False,4.0,2.0,4s_windows_50pct_overlap,calibration,1704,True,False,False
Subject14|rest|Subject14_1.edf|56.000|60.000,Subject14,rest,0,Subject14_1.edf,56.0,60.0,182.0,False,4.0,2.0,4s_windows_50pct_overlap,calibration,1705,True,False,False
Subject14|rest|Subject14_1.edf|58.000|62.000,Subject14,rest,0,Subject14_1.edf,58.0,62.0,182.0,False,4.0,2.0,4s_windows_50pct_overlap,calibration,1706,True,False,False
Subject14|rest|Subject14_1.edf|60.000|64.000,Subject14,rest,0,Subject14_1.edf,60.0,64.0,182.0,False,4.0,2.0,4s_windows_50pct_overlap,scored_rest,1707,False,True,False
Subject14|rest|Subject14_1.edf|62.000|66.000,Subject14,rest,0,Subject14_1.edf,62.0,66.0,182.0,False,4.0,2.0,4s_windows_50pct_overlap,scored_rest,1708,False,True,False
Subject14|rest|Subject14_1.edf|64.000|68.000,Subject14,rest,0,Subject14_1.edf,64.0,68.0,182.0,False,4.0,2.0,4s_windows_50pct_overlap,scored_rest,1709,False,True,False
Subject14|rest|Subject14_1.edf|66.000|70.000,Subject14,rest,0,Subject14_1.edf,66.0,70.0,182.0,False,4.0,2.0,4s_windows_50pct_overlap,scored_rest,1710,False,True,False
Subject14|rest|Subject14_1.edf|68.000|72.000,Subject14,rest,0,Subject14_1.edf,68.0,72.0,182.0,False,4.0,2.0,4s_windows_50pct_overlap,scored_rest,1711,False,True,False
Subject14|rest|Subject14_1.edf|70.000|74.000,Subject14,rest,0,Subject14_1.edf,70.0,74.0,182.0,False,4.0,2.0,4s_windows_50pct_overlap,scored_rest,1712,False,True,False
Subject14|rest|Subject14_1.edf|72.000|76.000,Subject14,rest,0,Subject14_1.edf,72.0,76.0,182.0,False,4.0,2.0,4s_windows_50pct_overlap,scored_rest,1713,False,True,False
Subject14|rest|Subject14_1.edf|74.000|78.000,Subject14,rest,0,Subject14_1.edf,74.0,78.0,182.0,False,4.0,2.0,4s_windows_50pct_overlap,scored_rest,1714,False,True,False
Subject14|rest|Subject14_1.edf|76.000|80.000,Subject14,rest,0,Subject14_1.edf,76.0,80.0,182.0,False,4.0,2.0,4s_windows_50pct_overlap,scored_rest,1715,False,True,False
Subject14|rest|Subject14_1.edf|78.000|82.000,Subject14,rest,0,Subject14_1.edf,78.0,82.0,182.0,False,4.0,2.0,4s_windows_50pct_overlap,scored_rest,1716,False,True,False
Subject14|rest|Subject14_1.edf|80.000|84.000,Subject14,rest,0,Subject14_1.edf,80.0,84.0,182.0,False,4.0,2.0,4s_windows_50pct_overlap,scored_rest,1717,False,True,False
Subject14|rest|Subject14_1.edf|82.000|86.000,Subject14,rest,0,Subject14_1.edf,82.0,86.0,182.0,False,4.0,2.0,4s_windows_50pct_overlap,scored_rest,1718,False,True,False
Subject14|rest|Subject14_1.edf|84.000|88.000,Subject14,rest,0,Subject14_1.edf,84.0,88.0,182.0,False,4.0,2.0,4s_windows_50pct_overlap,scored_rest,1719,False,True,False
Subject14|rest|Subject14_1.edf|86.000|90.000,Subject14,rest,0,Subject14_1.edf,86.0,90.0,182.0,False,4.0,2.0,4s_windows_50pct_overlap,scored_rest,1720,False,True,False
Subject14|rest|Subject14_1.edf|88.000|92.000,Subject14,rest,0,Subject14_1.edf,88.0,92.0,182.0,False,4.0,2.0,4s_windows_50pct_overlap,scored_rest,1721,False,True,False
Subject14|rest|Subject14_1.edf|90.000|94.000,Subject14,rest,0,Subject14_1.edf,90.0,94.0,182.0,False,4.0,2.0,4s_windows_50pct_overlap,scored_rest,1722,False,True,False
Subject14|rest|Subject14_1.edf|92.000|96.000,Subject14,rest,0,Subject14_1.edf,92.0,96.0,182.0,False,4.0,2.0,4s_windows_50pct_overlap,scored_rest,1723,False,True,False
Subject14|rest|Subject14_1.edf|94.000|98.000,Subject14,rest,0,Subject14_1.edf,94.0,98.0,182.0,False,4.0,2.0,4s_windows_50pct_overlap,scored_rest,1724,False,True,False
Subject14|rest|Subject14_1.edf|96.000|100.000,Subject14,rest,0,Subject14_1.edf,96.0,100.0,182.0,False,4.0,2.0,4s_windows_50pct_overlap,scored_rest,1725,False,True,False
Subject14|rest|Subject14_1.edf|98.000|102.000,Subject14,rest,0,Subject14_1.edf,98.0,102.0,182.0,False,4.0,2.0,4s_windows_50pct_overlap,scored_rest,1726,False,True,False
Subject14|rest|Subject14_1.edf|100.000|104.000,Subject14,rest,0,Subject14_1.edf,100.0,104.0,182.0,False,4.0,2.0,4s_windows_50pct_overlap,scored_rest,1727,False,True,False
Subject14|rest|Subject14_1.edf|102.000|106.000,Subject14,rest,0,Subject14_1.edf,102.0,106.0,182.0,False,4.0,2.0,4s_windows_50pct_overlap,scored_rest,1728,False,True,False
Subject14|rest|Subject14_1.edf|104.000|108.000,Subject14,rest,0,Subject14_1.edf,104.0,108.0,182.0,False,4.0,2.0,4s_windows_50pct_overlap,scored_rest,1729,False,True,False
Subject14|rest|Subject14_1.edf|106.000|110.000,Subject14,rest,0,Subject14_1.edf,106.0,110.0,182.0,False,4.0,2.0,4s_windows_50pct_overlap,scored_rest,1730,False,True,False
Subject14|rest|Subject14_1.edf|108.000|112.000,Subject14,rest,0,Subject14_1.edf,108.0,112.0,182.0,False,4.0,2.0,4s_windows_50pct_overlap,scored_rest,1731,False,True,False
Subject14|rest|Subject14_1.edf|110.000|114.000,Subject14,rest,0,Subject14_1.edf,110.0,114.0,182.0,False,4.0,2.0,4s_windows_50pct_overlap,scored_rest,1732,False,True,False
Subject14|rest|Subject14_1.edf|112.000|116.000,Subject14,rest,0,Subject14_1.edf,112.0,116.0,182.0,False,4.0,2.0,4s_windows_50pct_overlap,scored_rest,1733,False,True,False
Subject14|rest|Subject14_1.edf|114.000|118.000,Subject14,rest,0,Subject14_1.edf,114.0,118.0,182.0,False,4.0,2.0,4s_windows_50pct_overlap,scored_rest,1734,False,True,False
Subject14|rest|Subject14_1.edf|116.000|120.000,Subject14,rest,0,Subject14_1.edf,116.0,120.0,182.0,False,4.0,2.0,4s_windows_50pct_overlap,scored_rest,1735,False,True,False
Subject14|rest|Subject14_1.edf|118.000|122.000,Subject14,rest,0,Subject14_1.edf,118.0,122.0,182.0,False,4.0,2.0,4s_windows_50pct_overlap,scored_rest,1736,False,True,False
Subject14|rest|Subject14_1.edf|120.000|124.000,Subject14,rest,0,Subject14_1.edf,120.0,124.0,182.0,False,4.0,2.0,4s_windows_50pct_overlap,scored_rest,1737,False,True,False
Subject14|rest|Subject14_1.edf|122.000|126.000,Subject14,rest,0,Subject14_1.edf,122.0,126.0,182.0,False,4.0,2.0,4s_windows_50pct_overlap,scored_rest,1738,False,True,False
Subject14|rest|Subject14_1.edf|124.000|128.000,Subject14,rest,0,Subject14_1.edf,124.0,128.0,182.0,False,4.0,2.0,4s_windows_50pct_overlap,scored_rest,1739,False,True,False
Subject14|rest|Subject14_1.edf|126.000|130.000,Subject14,rest,0,Subject14_1.edf,126.0,130.0,182.0,False,4.0,2.0,4s_windows_50pct_overlap,scored_rest,1740,False,True,False
Subject14|rest|Subject14_1.edf|128.000|132.000,Subject14,rest,0,Subject14_1.edf,128.0,132.0,182.0,False,4.0,2.0,4s_windows_50pct_overlap,scored_rest,1741,False,True,False
Subject14|rest|Subject14_1.edf|130.000|134.000,Subject14,rest,0,Subject14_1.edf,130.0,134.0,182.0,False,4.0,2.0,4s_windows_50pct_overlap,scored_rest,1742,False,True,False
Subject14|rest|Subject14_1.edf|132.000|136.000,Subject14,rest,0,Subject14_1.edf,132.0,136.0,182.0,False,4.0,2.0,4s_windows_50pct_overlap,scored_rest,1743,False,True,False
Subject14|rest|Subject14_1.edf|134.000|138.000,Subject14,rest,0,Subject14_1.edf,134.0,138.0,182.0,False,4.0,2.0,4s_windows_50pct_overlap,scored_rest,1744,False,True,False
Subject14|rest|Subject14_1.edf|136.000|140.000,Subject14,rest,0,Subject14_1.edf,136.0,140.0,182.0,False,4.0,2.0,4s_windows_50pct_overlap,scored_rest,1745,False,True,False
Subject14|rest|Subject14_1.edf|138.000|142.000,Subject14,rest,0,Subject14_1.edf,138.0,142.0,182.0,False,4.0,2.0,4s_windows_50pct_overlap,scored_rest,1746,False,True,False
Subject14|rest|Subject14_1.edf|140.000|144.000,Subject14,rest,0,Subject14_1.edf,140.0,144.0,182.0,False,4.0,2.0,4s_windows_50pct_overlap,scored_rest,1747,False,True,False
Subject14|rest|Subject14_1.edf|142.000|146.000,Subject14,rest,0,Subject14_1.edf,142.0,146.0,182.0,False,4.0,2.0,4s_windows_50pct_overlap,scored_rest,1748,False,True,False
Subject14|rest|Subject14_1.edf|144.000|148.000,Subject14,rest,0,Subject14_1.edf,144.0,148.0,182.0,False,4.0,2.0,4s_windows_50pct_overlap,scored_rest,1749,False,True,False
Subject14|rest|Subject14_1.edf|146.000|150.000,Subject14,rest,0,Subject14_1.edf,146.0,150.0,182.0,False,4.0,2.0,4s_windows_50pct_overlap,scored_rest,1750,False,True,False
Subject14|rest|Subject14_1.edf|148.000|152.000,Subject14,rest,0,Subject14_1.edf,148.0,152.0,182.0,False,4.0,2.0,4s_windows_50pct_overlap,scored_rest,1751,False,True,False
Subject14|rest|Subject14_1.edf|150.000|154.000,Subject14,rest,0,Subject14_1.edf,150.0,154.0,182.0,False,4.0,2.0,4s_windows_50pct_overlap,scored_rest,1752,False,True,False
Subject14|rest|Subject14_1.edf|152.000|156.000,Subject14,rest,0,Subject14_1.edf,152.0,156.0,182.0,False,4.0,2.0,4s_windows_50pct_overlap,scored_rest,1753,False,True,False
Subject14|rest|Subject14_1.edf|154.000|158.000,Subject14,rest,0,Subject14_1.edf,154.0,158.0,182.0,False,4.0,2.0,4s_windows_50pct_overlap,scored_rest,1754,False,True,False
Subject14|rest|Subject14_1.edf|156.000|160.000,Subject14,rest,0,Subject14_1.edf,156.0,160.0,182.0,False,4.0,2.0,4s_windows_50pct_overlap,scored_rest,1755,False,True,False
Subject14|rest|Subject14_1.edf|158.000|162.000,Subject14,rest,0,Subject14_1.edf,158.0,162.0,182.0,False,4.0,2.0,4s_windows_50pct_overlap,scored_rest,1756,False,True,False
Subject14|rest|Subject14_1.edf|160.000|164.000,Subject14,rest,0,Subject14_1.edf,160.0,164.0,182.0,False,4.0,2.0,4s_windows_50pct_overlap,scored_rest,1757,False,True,False
Subject14|rest|Subject14_1.edf|162.000|166.000,Subject14,rest,0,Subject14_1.edf,162.0,166.0,182.0,False,4.0,2.0,4s_windows_50pct_overlap,scored_rest,1758,False,True,False
Subject14|rest|Subject14_1.edf|164.000|168.000,Subject14,rest,0,Subject14_1.edf,164.0,168.0,182.0,False,4.0,2.0,4s_windows_50pct_overlap,scored_rest,1759,False,True,False
Subject14|rest|Subject14_1.edf|166.000|170.000,Subject14,rest,0,Subject14_1.edf,166.0,170.0,182.0,False,4.0,2.0,4s_windows_50pct_overlap,scored_rest,1760,False,True,False
Subject14|rest|Subject14_1.edf|168.000|172.000,Subject14,rest,0,Subject14_1.edf,168.0,172.0,182.0,False,4.0,2.0,4s_windows_50pct_overlap,scored_rest,1761,False,True,False
Subject14|rest|Subject14_1.edf|170.000|174.000,Subject14,rest,0,Subject14_1.edf,170.0,174.0,182.0,False,4.0,2.0,4s_windows_50pct_overlap,scored_rest,1762,False,True,False
Subject14|rest|Subject14_1.edf|172.000|176.000,Subject14,rest,0,Subject14_1.edf,172.0,176.0,182.0,False,4.0,2.0,4s_windows_50pct_overlap,scored_rest,1763,False,True,False
Subject14|rest|Subject14_1.edf|174.000|178.000,Subject14,rest,0,Subject14_1.edf,174.0,178.0,182.0,False,4.0,2.0,4s_windows_50pct_overlap,scored_rest,1764,False,True,False
Subject14|rest|Subject14_1.edf|176.000|180.000,Subject14,rest,0,Subject14_1.edf,176.0,180.0,182.0,False,4.0,2.0,4s_windows_50pct_overlap,scored_rest,1765,False,True,False
Subject14|rest|Subject14_1.edf|178.000|182.000,Subject14,rest,0,Subject14_1.edf,178.0,182.0,182.0,False,4.0,2.0,4s_windows_50pct_overlap,scored_rest,1766,False,True,False
Subject14|arithmetic|Subject14_2.edf|0.000|4.000,Subject14,arithmetic,1,Subject14_2.edf,0.0,4.0,62.0,False,4.0,2.0,4s_windows_50pct_overlap,scored_task,1767,False,True,False
Subject14|arithmetic|Subject14_2.edf|2.000|6.000,Subject14,arithmetic,1,Subject14_2.edf,2.0,6.0,62.0,False,4.0,2.0,4s_windows_50pct_overlap,scored_task,1768,False,True,False
Subject14|arithmetic|Subject14_2.edf|4.000|8.000,Subject14,arithmetic,1,Subject14_2.edf,4.0,8.0,62.0,False,4.0,2.0,4s_windows_50pct_overlap,scored_task,1769,False,True,False
Subject14|arithmetic|Subject14_2.edf|6.000|10.000,Subject14,arithmetic,1,Subject14_2.edf,6.0,10.0,62.0,False,4.0,2.0,4s_windows_50pct_overlap,scored_task,1770,False,True,False
Subject14|arithmetic|Subject14_2.edf|8.000|12.000,Subject14,arithmetic,1,Subject14_2.edf,8.0,12.0,62.0,False,4.0,2.0,4s_windows_50pct_overlap,scored_task,1771,False,True,False
Subject14|arithmetic|Subject14_2.edf|10.000|14.000,Subject14,arithmetic,1,Subject14_2.edf,10.0,14.0,62.0,False,4.0,2.0,4s_windows_50pct_overlap,scored_task,1772,False,True,False
Subject14|arithmetic|Subject14_2.edf|12.000|16.000,Subject14,arithmetic,1,Subject14_2.edf,12.0,16.0,62.0,False,4.0,2.0,4s_windows_50pct_overlap,scored_task,1773,False,True,False
Subject14|arithmetic|Subject14_2.edf|14.000|18.000,Subject14,arithmetic,1,Subject14_2.edf,14.0,18.0,62.0,False,4.0,2.0,4s_windows_50pct_overlap,scored_task,1774,False,True,False
Subject14|arithmetic|Subject14_2.edf|16.000|20.000,Subject14,arithmetic,1,Subject14_2.edf,16.0,20.0,62.0,False,4.0,2.0,4s_windows_50pct_overlap,scored_task,1775,False,True,False
Subject14|arithmetic|Subject14_2.edf|18.000|22.000,Subject14,arithmetic,1,Subject14_2.edf,18.0,22.0,62.0,False,4.0,2.0,4s_windows_50pct_overlap,scored_task,1776,False,True,False
Subject14|arithmetic|Subject14_2.edf|20.000|24.000,Subject14,arithmetic,1,Subject14_2.edf,20.0,24.0,62.0,False,4.0,2.0,4s_windows_50pct_overlap,scored_task,1777,False,True,False
Subject14|arithmetic|Subject14_2.edf|22.000|26.000,Subject14,arithmetic,1,Subject14_2.edf,22.0,26.0,62.0,False,4.0,2.0,4s_windows_50pct_overlap,scored_task,1778,False,True,False
Subject14|arithmetic|Subject14_2.edf|24.000|28.000,Subject14,arithmetic,1,Subject14_2.edf,24.0,28.0,62.0,False,4.0,2.0,4s_windows_50pct_overlap,scored_task,1779,False,True,False
Subject14|arithmetic|Subject14_2.edf|26.000|30.000,Subject14,arithmetic,1,Subject14_2.edf,26.0,30.0,62.0,False,4.0,2.0,4s_windows_50pct_overlap,scored_task,1780,False,True,False
Subject14|arithmetic|Subject14_2.edf|28.000|32.000,Subject14,arithmetic,1,Subject14_2.edf,28.0,32.0,62.0,False,4.0,2.0,4s_windows_50pct_overlap,scored_task,1781,False,True,False
Subject14|arithmetic|Subject14_2.edf|30.000|34.000,Subject14,arithmetic,1,Subject14_2.edf,30.0,34.0,62.0,False,4.0,2.0,4s_windows_50pct_overlap,scored_task,1782,False,True,False
Subject14|arithmetic|Subject14_2.edf|32.000|36.000,Subject14,arithmetic,1,Subject14_2.edf,32.0,36.0,62.0,False,4.0,2.0,4s_windows_50pct_overlap,scored_task,1783,False,True,False
Subject14|arithmetic|Subject14_2.edf|34.000|38.000,Subject14,arithmetic,1,Subject14_2.edf,34.0,38.0,62.0,False,4.0,2.0,4s_windows_50pct_overlap,scored_task,1784,False,True,False
Subject14|arithmetic|Subject14_2.edf|36.000|40.000,Subject14,arithmetic,1,Subject14_2.edf,36.0,40.0,62.0,False,4.0,2.0,4s_windows_50pct_overlap,scored_task,1785,False,True,False
Subject14|arithmetic|Subject14_2.edf|38.000|42.000,Subject14,arithmetic,1,Subject14_2.edf,38.0,42.0,62.0,False,4.0,2.0,4s_windows_50pct_overlap,scored_task,1786,False,True,False
Subject14|arithmetic|Subject14_2.edf|40.000|44.000,Subject14,arithmetic,1,Subject14_2.edf,40.0,44.0,62.0,False,4.0,2.0,4s_windows_50pct_overlap,scored_task,1787,False,True,False
Subject14|arithmetic|Subject14_2.edf|42.000|46.000,Subject14,arithmetic,1,Subject14_2.edf,42.0,46.0,62.0,False,4.0,2.0,4s_windows_50pct_overlap,scored_task,1788,False,True,False
Subject14|arithmetic|Subject14_2.edf|44.000|48.000,Subject14,arithmetic,1,Subject14_2.edf,44.0,48.0,62.0,False,4.0,2.0,4s_windows_50pct_overlap,scored_task,1789,False,True,False
Subject14|arithmetic|Subject14_2.edf|46.000|50.000,Subject14,arithmetic,1,Subject14_2.edf,46.0,50.0,62.0,False,4.0,2.0,4s_windows_50pct_overlap,scored_task,1790,False,True,False
Subject14|arithmetic|Subject14_2.edf|48.000|52.000,Subject14,arithmetic,1,Subject14_2.edf,48.0,52.0,62.0,False,4.0,2.0,4s_windows_50pct_overlap,scored_task,1791,False,True,False
Subject14|arithmetic|Subject14_2.edf|50.000|54.000,Subject14,arithmetic,1,Subject14_2.edf,50.0,54.0,62.0,False,4.0,2.0,4s_windows_50pct_overlap,scored_task,1792,False,True,False
Subject14|arithmetic|Subject14_2.edf|52.000|56.000,Subject14,arithmetic,1,Subject14_2.edf,52.0,56.0,62.0,False,4.0,2.0,4s_windows_50pct_overlap,scored_task,1793,False,True,False
Subject14|arithmetic|Subject14_2.edf|54.000|58.000,Subject14,arithmetic,1,Subject14_2.edf,54.0,58.0,62.0,False,4.0,2.0,4s_windows_50pct_overlap,scored_task,1794,False,True,False
Subject14|arithmetic|Subject14_2.edf|56.000|60.000,Subject14,arithmetic,1,Subject14_2.edf,56.0,60.0,62.0,False,4.0,2.0,4s_windows_50pct_overlap,scored_task,1795,False,True,False
Subject14|arithmetic|Subject14_2.edf|58.000|62.000,Subject14,arithmetic,1,Subject14_2.edf,58.0,62.0,62.0,False,4.0,2.0,4s_windows_50pct_overlap,scored_task,1796,False,True,False
Subject15|rest|Subject15_1.edf|0.000|4.000,Subject15,rest,0,Subject15_1.edf,0.0,4.0,182.0,False,4.0,2.0,4s_windows_50pct_overlap,calibration,1797,True,False,False
Subject15|rest|Subject15_1.edf|2.000|6.000,Subject15,rest,0,Subject15_1.edf,2.0,6.0,182.0,False,4.0,2.0,4s_windows_50pct_overlap,calibration,1798,True,False,False
Subject15|rest|Subject15_1.edf|4.000|8.000,Subject15,rest,0,Subject15_1.edf,4.0,8.0,182.0,False,4.0,2.0,4s_windows_50pct_overlap,calibration,1799,True,False,False
Subject15|rest|Subject15_1.edf|6.000|10.000,Subject15,rest,0,Subject15_1.edf,6.0,10.0,182.0,False,4.0,2.0,4s_windows_50pct_overlap,calibration,1800,True,False,False
Subject15|rest|Subject15_1.edf|8.000|12.000,Subject15,rest,0,Subject15_1.edf,8.0,12.0,182.0,False,4.0,2.0,4s_windows_50pct_overlap,calibration,1801,True,False,False
Subject15|rest|Subject15_1.edf|10.000|14.000,Subject15,rest,0,Subject15_1.edf,10.0,14.0,182.0,False,4.0,2.0,4s_windows_50pct_overlap,calibration,1802,True,False,False
Subject15|rest|Subject15_1.edf|12.000|16.000,Subject15,rest,0,Subject15_1.edf,12.0,16.0,182.0,False,4.0,2.0,4s_windows_50pct_overlap,calibration,1803,True,False,False
Subject15|rest|Subject15_1.edf|14.000|18.000,Subject15,rest,0,Subject15_1.edf,14.0,18.0,182.0,False,4.0,2.0,4s_windows_50pct_overlap,calibration,1804,True,False,False
Subject15|rest|Subject15_1.edf|16.000|20.000,Subject15,rest,0,Subject15_1.edf,16.0,20.0,182.0,False,4.0,2.0,4s_windows_50pct_overlap,calibration,1805,True,False,False
Subject15|rest|Subject15_1.edf|18.000|22.000,Subject15,rest,0,Subject15_1.edf,18.0,22.0,182.0,False,4.0,2.0,4s_windows_50pct_overlap,calibration,1806,True,False,False
Subject15|rest|Subject15_1.edf|20.000|24.000,Subject15,rest,0,Subject15_1.edf,20.0,24.0,182.0,False,4.0,2.0,4s_windows_50pct_overlap,calibration,1807,True,False,False
Subject15|rest|Subject15_1.edf|22.000|26.000,Subject15,rest,0,Subject15_1.edf,22.0,26.0,182.0,False,4.0,2.0,4s_windows_50pct_overlap,calibration,1808,True,False,False
Subject15|rest|Subject15_1.edf|24.000|28.000,Subject15,rest,0,Subject15_1.edf,24.0,28.0,182.0,False,4.0,2.0,4s_windows_50pct_overlap,calibration,1809,True,False,False
Subject15|rest|Subject15_1.edf|26.000|30.000,Subject15,rest,0,Subject15_1.edf,26.0,30.0,182.0,False,4.0,2.0,4s_windows_50pct_overlap,calibration,1810,True,False,False
Subject15|rest|Subject15_1.edf|28.000|32.000,Subject15,rest,0,Subject15_1.edf,28.0,32.0,182.0,False,4.0,2.0,4s_windows_50pct_overlap,calibration,1811,True,False,False
Subject15|rest|Subject15_1.edf|30.000|34.000,Subject15,rest,0,Subject15_1.edf,30.0,34.0,182.0,False,4.0,2.0,4s_windows_50pct_overlap,calibration,1812,True,False,False
Subject15|rest|Subject15_1.edf|32.000|36.000,Subject15,rest,0,Subject15_1.edf,32.0,36.0,182.0,False,4.0,2.0,4s_windows_50pct_overlap,calibration,1813,True,False,False
Subject15|rest|Subject15_1.edf|34.000|38.000,Subject15,rest,0,Subject15_1.edf,34.0,38.0,182.0,False,4.0,2.0,4s_windows_50pct_overlap,calibration,1814,True,False,False
Subject15|rest|Subject15_1.edf|36.000|40.000,Subject15,rest,0,Subject15_1.edf,36.0,40.0,182.0,False,4.0,2.0,4s_windows_50pct_overlap,calibration,1815,True,False,False
Subject15|rest|Subject15_1.edf|38.000|42.000,Subject15,rest,0,Subject15_1.edf,38.0,42.0,182.0,False,4.0,2.0,4s_windows_50pct_overlap,calibration,1816,True,False,False
Subject15|rest|Subject15_1.edf|40.000|44.000,Subject15,rest,0,Subject15_1.edf,40.0,44.0,182.0,False,4.0,2.0,4s_windows_50pct_overlap,calibration,1817,True,False,False
Subject15|rest|Subject15_1.edf|42.000|46.000,Subject15,rest,0,Subject15_1.edf,42.0,46.0,182.0,False,4.0,2.0,4s_windows_50pct_overlap,calibration,1818,True,False,False
Subject15|rest|Subject15_1.edf|44.000|48.000,Subject15,rest,0,Subject15_1.edf,44.0,48.0,182.0,False,4.0,2.0,4s_windows_50pct_overlap,calibration,1819,True,False,False
Subject15|rest|Subject15_1.edf|46.000|50.000,Subject15,rest,0,Subject15_1.edf,46.0,50.0,182.0,False,4.0,2.0,4s_windows_50pct_overlap,calibration,1820,True,False,False
Subject15|rest|Subject15_1.edf|48.000|52.000,Subject15,rest,0,Subject15_1.edf,48.0,52.0,182.0,False,4.0,2.0,4s_windows_50pct_overlap,calibration,1821,True,False,False
Subject15|rest|Subject15_1.edf|50.000|54.000,Subject15,rest,0,Subject15_1.edf,50.0,54.0,182.0,False,4.0,2.0,4s_windows_50pct_overlap,calibration,1822,True,False,False
Subject15|rest|Subject15_1.edf|52.000|56.000,Subject15,rest,0,Subject15_1.edf,52.0,56.0,182.0,False,4.0,2.0,4s_windows_50pct_overlap,calibration,1823,True,False,False
Subject15|rest|Subject15_1.edf|54.000|58.000,Subject15,rest,0,Subject15_1.edf,54.0,58.0,182.0,False,4.0,2.0,4s_windows_50pct_overlap,calibration,1824,True,False,False
Subject15|rest|Subject15_1.edf|56.000|60.000,Subject15,rest,0,Subject15_1.edf,56.0,60.0,182.0,False,4.0,2.0,4s_windows_50pct_overlap,calibration,1825,True,False,False
Subject15|rest|Subject15_1.edf|58.000|62.000,Subject15,rest,0,Subject15_1.edf,58.0,62.0,182.0,False,4.0,2.0,4s_windows_50pct_overlap,calibration,1826,True,False,False
Subject15|rest|Subject15_1.edf|60.000|64.000,Subject15,rest,0,Subject15_1.edf,60.0,64.0,182.0,False,4.0,2.0,4s_windows_50pct_overlap,scored_rest,1827,False,True,False
Subject15|rest|Subject15_1.edf|62.000|66.000,Subject15,rest,0,Subject15_1.edf,62.0,66.0,182.0,False,4.0,2.0,4s_windows_50pct_overlap,scored_rest,1828,False,True,False
Subject15|rest|Subject15_1.edf|64.000|68.000,Subject15,rest,0,Subject15_1.edf,64.0,68.0,182.0,False,4.0,2.0,4s_windows_50pct_overlap,scored_rest,1829,False,True,False
Subject15|rest|Subject15_1.edf|66.000|70.000,Subject15,rest,0,Subject15_1.edf,66.0,70.0,182.0,False,4.0,2.0,4s_windows_50pct_overlap,scored_rest,1830,False,True,False
Subject15|rest|Subject15_1.edf|68.000|72.000,Subject15,rest,0,Subject15_1.edf,68.0,72.0,182.0,False,4.0,2.0,4s_windows_50pct_overlap,scored_rest,1831,False,True,False
Subject15|rest|Subject15_1.edf|70.000|74.000,Subject15,rest,0,Subject15_1.edf,70.0,74.0,182.0,False,4.0,2.0,4s_windows_50pct_overlap,scored_rest,1832,False,True,False
Subject15|rest|Subject15_1.edf|72.000|76.000,Subject15,rest,0,Subject15_1.edf,72.0,76.0,182.0,False,4.0,2.0,4s_windows_50pct_overlap,scored_rest,1833,False,True,False
Subject15|rest|Subject15_1.edf|74.000|78.000,Subject15,rest,0,Subject15_1.edf,74.0,78.0,182.0,False,4.0,2.0,4s_windows_50pct_overlap,scored_rest,1834,False,True,False
Subject15|rest|Subject15_1.edf|76.000|80.000,Subject15,rest,0,Subject15_1.edf,76.0,80.0,182.0,False,4.0,2.0,4s_windows_50pct_overlap,scored_rest,1835,False,True,False
Subject15|rest|Subject15_1.edf|78.000|82.000,Subject15,rest,0,Subject15_1.edf,78.0,82.0,182.0,False,4.0,2.0,4s_windows_50pct_overlap,scored_rest,1836,False,True,False
Subject15|rest|Subject15_1.edf|80.000|84.000,Subject15,rest,0,Subject15_1.edf,80.0,84.0,182.0,False,4.0,2.0,4s_windows_50pct_overlap,scored_rest,1837,False,True,False
Subject15|rest|Subject15_1.edf|82.000|86.000,Subject15,rest,0,Subject15_1.edf,82.0,86.0,182.0,False,4.0,2.0,4s_windows_50pct_overlap,scored_rest,1838,False,True,False
Subject15|rest|Subject15_1.edf|84.000|88.000,Subject15,rest,0,Subject15_1.edf,84.0,88.0,182.0,False,4.0,2.0,4s_windows_50pct_overlap,scored_rest,1839,False,True,False
Subject15|rest|Subject15_1.edf|86.000|90.000,Subject15,rest,0,Subject15_1.edf,86.0,90.0,182.0,False,4.0,2.0,4s_windows_50pct_overlap,scored_rest,1840,False,True,False
Subject15|rest|Subject15_1.edf|88.000|92.000,Subject15,rest,0,Subject15_1.edf,88.0,92.0,182.0,False,4.0,2.0,4s_windows_50pct_overlap,scored_rest,1841,False,True,False
Subject15|rest|Subject15_1.edf|90.000|94.000,Subject15,rest,0,Subject15_1.edf,90.0,94.0,182.0,False,4.0,2.0,4s_windows_50pct_overlap,scored_rest,1842,False,True,False
Subject15|rest|Subject15_1.edf|92.000|96.000,Subject15,rest,0,Subject15_1.edf,92.0,96.0,182.0,False,4.0,2.0,4s_windows_50pct_overlap,scored_rest,1843,False,True,False
Subject15|rest|Subject15_1.edf|94.000|98.000,Subject15,rest,0,Subject15_1.edf,94.0,98.0,182.0,False,4.0,2.0,4s_windows_50pct_overlap,scored_rest,1844,False,True,False
Subject15|rest|Subject15_1.edf|96.000|100.000,Subject15,rest,0,Subject15_1.edf,96.0,100.0,182.0,False,4.0,2.0,4s_windows_50pct_overlap,scored_rest,1845,False,True,False
Subject15|rest|Subject15_1.edf|98.000|102.000,Subject15,rest,0,Subject15_1.edf,98.0,102.0,182.0,False,4.0,2.0,4s_windows_50pct_overlap,scored_rest,1846,False,True,False
Subject15|rest|Subject15_1.edf|100.000|104.000,Subject15,rest,0,Subject15_1.edf,100.0,104.0,182.0,False,4.0,2.0,4s_windows_50pct_overlap,scored_rest,1847,False,True,False
Subject15|rest|Subject15_1.edf|102.000|106.000,Subject15,rest,0,Subject15_1.edf,102.0,106.0,182.0,False,4.0,2.0,4s_windows_50pct_overlap,scored_rest,1848,False,True,False
Subject15|rest|Subject15_1.edf|104.000|108.000,Subject15,rest,0,Subject15_1.edf,104.0,108.0,182.0,False,4.0,2.0,4s_windows_50pct_overlap,scored_rest,1849,False,True,False
Subject15|rest|Subject15_1.edf|106.000|110.000,Subject15,rest,0,Subject15_1.edf,106.0,110.0,182.0,False,4.0,2.0,4s_windows_50pct_overlap,scored_rest,1850,False,True,False
Subject15|rest|Subject15_1.edf|108.000|112.000,Subject15,rest,0,Subject15_1.edf,108.0,112.0,182.0,False,4.0,2.0,4s_windows_50pct_overlap,scored_rest,1851,False,True,False
Subject15|rest|Subject15_1.edf|110.000|114.000,Subject15,rest,0,Subject15_1.edf,110.0,114.0,182.0,False,4.0,2.0,4s_windows_50pct_overlap,scored_rest,1852,False,True,False
Subject15|rest|Subject15_1.edf|112.000|116.000,Subject15,rest,0,Subject15_1.edf,112.0,116.0,182.0,False,4.0,2.0,4s_windows_50pct_overlap,scored_rest,1853,False,True,False
Subject15|rest|Subject15_1.edf|114.000|118.000,Subject15,rest,0,Subject15_1.edf,114.0,118.0,182.0,False,4.0,2.0,4s_windows_50pct_overlap,scored_rest,1854,False,True,False
Subject15|rest|Subject15_1.edf|116.000|120.000,Subject15,rest,0,Subject15_1.edf,116.0,120.0,182.0,False,4.0,2.0,4s_windows_50pct_overlap,scored_rest,1855,False,True,False
Subject15|rest|Subject15_1.edf|118.000|122.000,Subject15,rest,0,Subject15_1.edf,118.0,122.0,182.0,False,4.0,2.0,4s_windows_50pct_overlap,scored_rest,1856,False,True,False
Subject15|rest|Subject15_1.edf|120.000|124.000,Subject15,rest,0,Subject15_1.edf,120.0,124.0,182.0,False,4.0,2.0,4s_windows_50pct_overlap,scored_rest,1857,False,True,False
Subject15|rest|Subject15_1.edf|122.000|126.000,Subject15,rest,0,Subject15_1.edf,122.0,126.0,182.0,False,4.0,2.0,4s_windows_50pct_overlap,scored_rest,1858,False,True,False
Subject15|rest|Subject15_1.edf|124.000|128.000,Subject15,rest,0,Subject15_1.edf,124.0,128.0,182.0,False,4.0,2.0,4s_windows_50pct_overlap,scored_rest,1859,False,True,False
Subject15|rest|Subject15_1.edf|126.000|130.000,Subject15,rest,0,Subject15_1.edf,126.0,130.0,182.0,False,4.0,2.0,4s_windows_50pct_overlap,scored_rest,1860,False,True,False
Subject15|rest|Subject15_1.edf|128.000|132.000,Subject15,rest,0,Subject15_1.edf,128.0,132.0,182.0,False,4.0,2.0,4s_windows_50pct_overlap,scored_rest,1861,False,True,False
Subject15|rest|Subject15_1.edf|130.000|134.000,Subject15,rest,0,Subject15_1.edf,130.0,134.0,182.0,False,4.0,2.0,4s_windows_50pct_overlap,scored_rest,1862,False,True,False
Subject15|rest|Subject15_1.edf|132.000|136.000,Subject15,rest,0,Subject15_1.edf,132.0,136.0,182.0,False,4.0,2.0,4s_windows_50pct_overlap,scored_rest,1863,False,True,False
Subject15|rest|Subject15_1.edf|134.000|138.000,Subject15,rest,0,Subject15_1.edf,134.0,138.0,182.0,False,4.0,2.0,4s_windows_50pct_overlap,scored_rest,1864,False,True,False
Subject15|rest|Subject15_1.edf|136.000|140.000,Subject15,rest,0,Subject15_1.edf,136.0,140.0,182.0,False,4.0,2.0,4s_windows_50pct_overlap,scored_rest,1865,False,True,False
Subject15|rest|Subject15_1.edf|138.000|142.000,Subject15,rest,0,Subject15_1.edf,138.0,142.0,182.0,False,4.0,2.0,4s_windows_50pct_overlap,scored_rest,1866,False,True,False
Subject15|rest|Subject15_1.edf|140.000|144.000,Subject15,rest,0,Subject15_1.edf,140.0,144.0,182.0,False,4.0,2.0,4s_windows_50pct_overlap,scored_rest,1867,False,True,False
Subject15|rest|Subject15_1.edf|142.000|146.000,Subject15,rest,0,Subject15_1.edf,142.0,146.0,182.0,False,4.0,2.0,4s_windows_50pct_overlap,scored_rest,1868,False,True,False
Subject15|rest|Subject15_1.edf|144.000|148.000,Subject15,rest,0,Subject15_1.edf,144.0,148.0,182.0,False,4.0,2.0,4s_windows_50pct_overlap,scored_rest,1869,False,True,False
Subject15|rest|Subject15_1.edf|146.000|150.000,Subject15,rest,0,Subject15_1.edf,146.0,150.0,182.0,False,4.0,2.0,4s_windows_50pct_overlap,scored_rest,1870,False,True,False
Subject15|rest|Subject15_1.edf|148.000|152.000,Subject15,rest,0,Subject15_1.edf,148.0,152.0,182.0,False,4.0,2.0,4s_windows_50pct_overlap,scored_rest,1871,False,True,False
Subject15|rest|Subject15_1.edf|150.000|154.000,Subject15,rest,0,Subject15_1.edf,150.0,154.0,182.0,False,4.0,2.0,4s_windows_50pct_overlap,scored_rest,1872,False,True,False
Subject15|rest|Subject15_1.edf|152.000|156.000,Subject15,rest,0,Subject15_1.edf,152.0,156.0,182.0,False,4.0,2.0,4s_windows_50pct_overlap,scored_rest,1873,False,True,False
Subject15|rest|Subject15_1.edf|154.000|158.000,Subject15,rest,0,Subject15_1.edf,154.0,158.0,182.0,False,4.0,2.0,4s_windows_50pct_overlap,scored_rest,1874,False,True,False
Subject15|rest|Subject15_1.edf|156.000|160.000,Subject15,rest,0,Subject15_1.edf,156.0,160.0,182.0,False,4.0,2.0,4s_windows_50pct_overlap,scored_rest,1875,False,True,False
Subject15|rest|Subject15_1.edf|158.000|162.000,Subject15,rest,0,Subject15_1.edf,158.0,162.0,182.0,False,4.0,2.0,4s_windows_50pct_overlap,scored_rest,1876,False,True,False
Subject15|rest|Subject15_1.edf|160.000|164.000,Subject15,rest,0,Subject15_1.edf,160.0,164.0,182.0,False,4.0,2.0,4s_windows_50pct_overlap,scored_rest,1877,False,True,False
Subject15|rest|Subject15_1.edf|162.000|166.000,Subject15,rest,0,Subject15_1.edf,162.0,166.0,182.0,False,4.0,2.0,4s_windows_50pct_overlap,scored_rest,1878,False,True,False
Subject15|rest|Subject15_1.edf|164.000|168.000,Subject15,rest,0,Subject15_1.edf,164.0,168.0,182.0,False,4.0,2.0,4s_windows_50pct_overlap,scored_rest,1879,False,True,False
Subject15|rest|Subject15_1.edf|166.000|170.000,Subject15,rest,0,Subject15_1.edf,166.0,170.0,182.0,False,4.0,2.0,4s_windows_50pct_overlap,scored_rest,1880,False,True,False
Subject15|rest|Subject15_1.edf|168.000|172.000,Subject15,rest,0,Subject15_1.edf,168.0,172.0,182.0,False,4.0,2.0,4s_windows_50pct_overlap,scored_rest,1881,False,True,False
Subject15|rest|Subject15_1.edf|170.000|174.000,Subject15,rest,0,Subject15_1.edf,170.0,174.0,182.0,False,4.0,2.0,4s_windows_50pct_overlap,scored_rest,1882,False,True,False
Subject15|rest|Subject15_1.edf|172.000|176.000,Subject15,rest,0,Subject15_1.edf,172.0,176.0,182.0,False,4.0,2.0,4s_windows_50pct_overlap,scored_rest,1883,False,True,False
Subject15|rest|Subject15_1.edf|174.000|178.000,Subject15,rest,0,Subject15_1.edf,174.0,178.0,182.0,False,4.0,2.0,4s_windows_50pct_overlap,scored_rest,1884,False,True,False
Subject15|rest|Subject15_1.edf|176.000|180.000,Subject15,rest,0,Subject15_1.edf,176.0,180.0,182.0,False,4.0,2.0,4s_windows_50pct_overlap,scored_rest,1885,False,True,False
Subject15|rest|Subject15_1.edf|178.000|182.000,Subject15,rest,0,Subject15_1.edf,178.0,182.0,182.0,False,4.0,2.0,4s_windows_50pct_overlap,scored_rest,1886,False,True,False
Subject15|arithmetic|Subject15_2.edf|0.000|4.000,Subject15,arithmetic,1,Subject15_2.edf,0.0,4.0,62.0,False,4.0,2.0,4s_windows_50pct_overlap,scored_task,1887,False,True,False
Subject15|arithmetic|Subject15_2.edf|2.000|6.000,Subject15,arithmetic,1,Subject15_2.edf,2.0,6.0,62.0,False,4.0,2.0,4s_windows_50pct_overlap,scored_task,1888,False,True,False
Subject15|arithmetic|Subject15_2.edf|4.000|8.000,Subject15,arithmetic,1,Subject15_2.edf,4.0,8.0,62.0,False,4.0,2.0,4s_windows_50pct_overlap,scored_task,1889,False,True,False
Subject15|arithmetic|Subject15_2.edf|6.000|10.000,Subject15,arithmetic,1,Subject15_2.edf,6.0,10.0,62.0,False,4.0,2.0,4s_windows_50pct_overlap,scored_task,1890,False,True,False
Subject15|arithmetic|Subject15_2.edf|8.000|12.000,Subject15,arithmetic,1,Subject15_2.edf,8.0,12.0,62.0,False,4.0,2.0,4s_windows_50pct_overlap,scored_task,1891,False,True,False
Subject15|arithmetic|Subject15_2.edf|10.000|14.000,Subject15,arithmetic,1,Subject15_2.edf,10.0,14.0,62.0,False,4.0,2.0,4s_windows_50pct_overlap,scored_task,1892,False,True,False
Subject15|arithmetic|Subject15_2.edf|12.000|16.000,Subject15,arithmetic,1,Subject15_2.edf,12.0,16.0,62.0,False,4.0,2.0,4s_windows_50pct_overlap,scored_task,1893,False,True,False
Subject15|arithmetic|Subject15_2.edf|14.000|18.000,Subject15,arithmetic,1,Subject15_2.edf,14.0,18.0,62.0,False,4.0,2.0,4s_windows_50pct_overlap,scored_task,1894,False,True,False
Subject15|arithmetic|Subject15_2.edf|16.000|20.000,Subject15,arithmetic,1,Subject15_2.edf,16.0,20.0,62.0,False,4.0,2.0,4s_windows_50pct_overlap,scored_task,1895,False,True,False
Subject15|arithmetic|Subject15_2.edf|18.000|22.000,Subject15,arithmetic,1,Subject15_2.edf,18.0,22.0,62.0,False,4.0,2.0,4s_windows_50pct_overlap,scored_task,1896,False,True,False
Subject15|arithmetic|Subject15_2.edf|20.000|24.000,Subject15,arithmetic,1,Subject15_2.edf,20.0,24.0,62.0,False,4.0,2.0,4s_windows_50pct_overlap,scored_task,1897,False,True,False
Subject15|arithmetic|Subject15_2.edf|22.000|26.000,Subject15,arithmetic,1,Subject15_2.edf,22.0,26.0,62.0,False,4.0,2.0,4s_windows_50pct_overlap,scored_task,1898,False,True,False
Subject15|arithmetic|Subject15_2.edf|24.000|28.000,Subject15,arithmetic,1,Subject15_2.edf,24.0,28.0,62.0,False,4.0,2.0,4s_windows_50pct_overlap,scored_task,1899,False,True,False
Subject15|arithmetic|Subject15_2.edf|26.000|30.000,Subject15,arithmetic,1,Subject15_2.edf,26.0,30.0,62.0,False,4.0,2.0,4s_windows_50pct_overlap,scored_task,1900,False,True,False
Subject15|arithmetic|Subject15_2.edf|28.000|32.000,Subject15,arithmetic,1,Subject15_2.edf,28.0,32.0,62.0,False,4.0,2.0,4s_windows_50pct_overlap,scored_task,1901,False,True,False
Subject15|arithmetic|Subject15_2.edf|30.000|34.000,Subject15,arithmetic,1,Subject15_2.edf,30.0,34.0,62.0,False,4.0,2.0,4s_windows_50pct_overlap,scored_task,1902,False,True,False
Subject15|arithmetic|Subject15_2.edf|32.000|36.000,Subject15,arithmetic,1,Subject15_2.edf,32.0,36.0,62.0,False,4.0,2.0,4s_windows_50pct_overlap,scored_task,1903,False,True,False
Subject15|arithmetic|Subject15_2.edf|34.000|38.000,Subject15,arithmetic,1,Subject15_2.edf,34.0,38.0,62.0,False,4.0,2.0,4s_windows_50pct_overlap,scored_task,1904,False,True,False
Subject15|arithmetic|Subject15_2.edf|36.000|40.000,Subject15,arithmetic,1,Subject15_2.edf,36.0,40.0,62.0,False,4.0,2.0,4s_windows_50pct_overlap,scored_task,1905,False,True,False
Subject15|arithmetic|Subject15_2.edf|38.000|42.000,Subject15,arithmetic,1,Subject15_2.edf,38.0,42.0,62.0,False,4.0,2.0,4s_windows_50pct_overlap,scored_task,1906,False,True,False
Subject15|arithmetic|Subject15_2.edf|40.000|44.000,Subject15,arithmetic,1,Subject15_2.edf,40.0,44.0,62.0,False,4.0,2.0,4s_windows_50pct_overlap,scored_task,1907,False,True,False
Subject15|arithmetic|Subject15_2.edf|42.000|46.000,Subject15,arithmetic,1,Subject15_2.edf,42.0,46.0,62.0,False,4.0,2.0,4s_windows_50pct_overlap,scored_task,1908,False,True,False
Subject15|arithmetic|Subject15_2.edf|44.000|48.000,Subject15,arithmetic,1,Subject15_2.edf,44.0,48.0,62.0,False,4.0,2.0,4s_windows_50pct_overlap,scored_task,1909,False,True,False
Subject15|arithmetic|Subject15_2.edf|46.000|50.000,Subject15,arithmetic,1,Subject15_2.edf,46.0,50.0,62.0,False,4.0,2.0,4s_windows_50pct_overlap,scored_task,1910,False,True,False
Subject15|arithmetic|Subject15_2.edf|48.000|52.000,Subject15,arithmetic,1,Subject15_2.edf,48.0,52.0,62.0,False,4.0,2.0,4s_windows_50pct_overlap,scored_task,1911,False,True,False
Subject15|arithmetic|Subject15_2.edf|50.000|54.000,Subject15,arithmetic,1,Subject15_2.edf,50.0,54.0,62.0,False,4.0,2.0,4s_windows_50pct_overlap,scored_task,1912,False,True,False
Subject15|arithmetic|Subject15_2.edf|52.000|56.000,Subject15,arithmetic,1,Subject15_2.edf,52.0,56.0,62.0,False,4.0,2.0,4s_windows_50pct_overlap,scored_task,1913,False,True,False
Subject15|arithmetic|Subject15_2.edf|54.000|58.000,Subject15,arithmetic,1,Subject15_2.edf,54.0,58.0,62.0,False,4.0,2.0,4s_windows_50pct_overlap,scored_task,1914,False,True,False
Subject15|arithmetic|Subject15_2.edf|56.000|60.000,Subject15,arithmetic,1,Subject15_2.edf,56.0,60.0,62.0,False,4.0,2.0,4s_windows_50pct_overlap,scored_task,1915,False,True,False
Subject15|arithmetic|Subject15_2.edf|58.000|62.000,Subject15,arithmetic,1,Subject15_2.edf,58.0,62.0,62.0,False,4.0,2.0,4s_windows_50pct_overlap,scored_task,1916,False,True,False
Subject16|rest|Subject16_1.edf|0.000|4.000,Subject16,rest,0,Subject16_1.edf,0.0,4.0,182.0,False,4.0,2.0,4s_windows_50pct_overlap,calibration,1917,True,False,False
Subject16|rest|Subject16_1.edf|2.000|6.000,Subject16,rest,0,Subject16_1.edf,2.0,6.0,182.0,False,4.0,2.0,4s_windows_50pct_overlap,calibration,1918,True,False,False
Subject16|rest|Subject16_1.edf|4.000|8.000,Subject16,rest,0,Subject16_1.edf,4.0,8.0,182.0,False,4.0,2.0,4s_windows_50pct_overlap,calibration,1919,True,False,False
Subject16|rest|Subject16_1.edf|6.000|10.000,Subject16,rest,0,Subject16_1.edf,6.0,10.0,182.0,False,4.0,2.0,4s_windows_50pct_overlap,calibration,1920,True,False,False
Subject16|rest|Subject16_1.edf|8.000|12.000,Subject16,rest,0,Subject16_1.edf,8.0,12.0,182.0,False,4.0,2.0,4s_windows_50pct_overlap,calibration,1921,True,False,False
Subject16|rest|Subject16_1.edf|10.000|14.000,Subject16,rest,0,Subject16_1.edf,10.0,14.0,182.0,False,4.0,2.0,4s_windows_50pct_overlap,calibration,1922,True,False,False
Subject16|rest|Subject16_1.edf|12.000|16.000,Subject16,rest,0,Subject16_1.edf,12.0,16.0,182.0,False,4.0,2.0,4s_windows_50pct_overlap,calibration,1923,True,False,False
Subject16|rest|Subject16_1.edf|14.000|18.000,Subject16,rest,0,Subject16_1.edf,14.0,18.0,182.0,False,4.0,2.0,4s_windows_50pct_overlap,calibration,1924,True,False,False
Subject16|rest|Subject16_1.edf|16.000|20.000,Subject16,rest,0,Subject16_1.edf,16.0,20.0,182.0,False,4.0,2.0,4s_windows_50pct_overlap,calibration,1925,True,False,False
Subject16|rest|Subject16_1.edf|18.000|22.000,Subject16,rest,0,Subject16_1.edf,18.0,22.0,182.0,False,4.0,2.0,4s_windows_50pct_overlap,calibration,1926,True,False,False
Subject16|rest|Subject16_1.edf|20.000|24.000,Subject16,rest,0,Subject16_1.edf,20.0,24.0,182.0,False,4.0,2.0,4s_windows_50pct_overlap,calibration,1927,True,False,False
Subject16|rest|Subject16_1.edf|22.000|26.000,Subject16,rest,0,Subject16_1.edf,22.0,26.0,182.0,False,4.0,2.0,4s_windows_50pct_overlap,calibration,1928,True,False,False
Subject16|rest|Subject16_1.edf|24.000|28.000,Subject16,rest,0,Subject16_1.edf,24.0,28.0,182.0,False,4.0,2.0,4s_windows_50pct_overlap,calibration,1929,True,False,False
Subject16|rest|Subject16_1.edf|26.000|30.000,Subject16,rest,0,Subject16_1.edf,26.0,30.0,182.0,False,4.0,2.0,4s_windows_50pct_overlap,calibration,1930,True,False,False
Subject16|rest|Subject16_1.edf|28.000|32.000,Subject16,rest,0,Subject16_1.edf,28.0,32.0,182.0,False,4.0,2.0,4s_windows_50pct_overlap,calibration,1931,True,False,False
Subject16|rest|Subject16_1.edf|30.000|34.000,Subject16,rest,0,Subject16_1.edf,30.0,34.0,182.0,False,4.0,2.0,4s_windows_50pct_overlap,calibration,1932,True,False,False
Subject16|rest|Subject16_1.edf|32.000|36.000,Subject16,rest,0,Subject16_1.edf,32.0,36.0,182.0,False,4.0,2.0,4s_windows_50pct_overlap,calibration,1933,True,False,False
Subject16|rest|Subject16_1.edf|34.000|38.000,Subject16,rest,0,Subject16_1.edf,34.0,38.0,182.0,False,4.0,2.0,4s_windows_50pct_overlap,calibration,1934,True,False,False
Subject16|rest|Subject16_1.edf|36.000|40.000,Subject16,rest,0,Subject16_1.edf,36.0,40.0,182.0,False,4.0,2.0,4s_windows_50pct_overlap,calibration,1935,True,False,False
Subject16|rest|Subject16_1.edf|38.000|42.000,Subject16,rest,0,Subject16_1.edf,38.0,42.0,182.0,False,4.0,2.0,4s_windows_50pct_overlap,calibration,1936,True,False,False
Subject16|rest|Subject16_1.edf|40.000|44.000,Subject16,rest,0,Subject16_1.edf,40.0,44.0,182.0,False,4.0,2.0,4s_windows_50pct_overlap,calibration,1937,True,False,False
Subject16|rest|Subject16_1.edf|42.000|46.000,Subject16,rest,0,Subject16_1.edf,42.0,46.0,182.0,False,4.0,2.0,4s_windows_50pct_overlap,calibration,1938,True,False,False
Subject16|rest|Subject16_1.edf|44.000|48.000,Subject16,rest,0,Subject16_1.edf,44.0,48.0,182.0,False,4.0,2.0,4s_windows_50pct_overlap,calibration,1939,True,False,False
Subject16|rest|Subject16_1.edf|46.000|50.000,Subject16,rest,0,Subject16_1.edf,46.0,50.0,182.0,False,4.0,2.0,4s_windows_50pct_overlap,calibration,1940,True,False,False
Subject16|rest|Subject16_1.edf|48.000|52.000,Subject16,rest,0,Subject16_1.edf,48.0,52.0,182.0,False,4.0,2.0,4s_windows_50pct_overlap,calibration,1941,True,False,False
Subject16|rest|Subject16_1.edf|50.000|54.000,Subject16,rest,0,Subject16_1.edf,50.0,54.0,182.0,False,4.0,2.0,4s_windows_50pct_overlap,calibration,1942,True,False,False
Subject16|rest|Subject16_1.edf|52.000|56.000,Subject16,rest,0,Subject16_1.edf,52.0,56.0,182.0,False,4.0,2.0,4s_windows_50pct_overlap,calibration,1943,True,False,False
Subject16|rest|Subject16_1.edf|54.000|58.000,Subject16,rest,0,Subject16_1.edf,54.0,58.0,182.0,False,4.0,2.0,4s_windows_50pct_overlap,calibration,1944,True,False,False
Subject16|rest|Subject16_1.edf|56.000|60.000,Subject16,rest,0,Subject16_1.edf,56.0,60.0,182.0,False,4.0,2.0,4s_windows_50pct_overlap,calibration,1945,True,False,False
Subject16|rest|Subject16_1.edf|58.000|62.000,Subject16,rest,0,Subject16_1.edf,58.0,62.0,182.0,False,4.0,2.0,4s_windows_50pct_overlap,calibration,1946,True,False,False
Subject16|rest|Subject16_1.edf|60.000|64.000,Subject16,rest,0,Subject16_1.edf,60.0,64.0,182.0,False,4.0,2.0,4s_windows_50pct_overlap,scored_rest,1947,False,True,False
Subject16|rest|Subject16_1.edf|62.000|66.000,Subject16,rest,0,Subject16_1.edf,62.0,66.0,182.0,False,4.0,2.0,4s_windows_50pct_overlap,scored_rest,1948,False,True,False
Subject16|rest|Subject16_1.edf|64.000|68.000,Subject16,rest,0,Subject16_1.edf,64.0,68.0,182.0,False,4.0,2.0,4s_windows_50pct_overlap,scored_rest,1949,False,True,False
Subject16|rest|Subject16_1.edf|66.000|70.000,Subject16,rest,0,Subject16_1.edf,66.0,70.0,182.0,False,4.0,2.0,4s_windows_50pct_overlap,scored_rest,1950,False,True,False
Subject16|rest|Subject16_1.edf|68.000|72.000,Subject16,rest,0,Subject16_1.edf,68.0,72.0,182.0,False,4.0,2.0,4s_windows_50pct_overlap,scored_rest,1951,False,True,False
Subject16|rest|Subject16_1.edf|70.000|74.000,Subject16,rest,0,Subject16_1.edf,70.0,74.0,182.0,False,4.0,2.0,4s_windows_50pct_overlap,scored_rest,1952,False,True,False
Subject16|rest|Subject16_1.edf|72.000|76.000,Subject16,rest,0,Subject16_1.edf,72.0,76.0,182.0,False,4.0,2.0,4s_windows_50pct_overlap,scored_rest,1953,False,True,False
Subject16|rest|Subject16_1.edf|74.000|78.000,Subject16,rest,0,Subject16_1.edf,74.0,78.0,182.0,False,4.0,2.0,4s_windows_50pct_overlap,scored_rest,1954,False,True,False
Subject16|rest|Subject16_1.edf|76.000|80.000,Subject16,rest,0,Subject16_1.edf,76.0,80.0,182.0,False,4.0,2.0,4s_windows_50pct_overlap,scored_rest,1955,False,True,False
Subject16|rest|Subject16_1.edf|78.000|82.000,Subject16,rest,0,Subject16_1.edf,78.0,82.0,182.0,False,4.0,2.0,4s_windows_50pct_overlap,scored_rest,1956,False,True,False
Subject16|rest|Subject16_1.edf|80.000|84.000,Subject16,rest,0,Subject16_1.edf,80.0,84.0,182.0,False,4.0,2.0,4s_windows_50pct_overlap,scored_rest,1957,False,True,False
Subject16|rest|Subject16_1.edf|82.000|86.000,Subject16,rest,0,Subject16_1.edf,82.0,86.0,182.0,False,4.0,2.0,4s_windows_50pct_overlap,scored_rest,1958,False,True,False
Subject16|rest|Subject16_1.edf|84.000|88.000,Subject16,rest,0,Subject16_1.edf,84.0,88.0,182.0,False,4.0,2.0,4s_windows_50pct_overlap,scored_rest,1959,False,True,False
Subject16|rest|Subject16_1.edf|86.000|90.000,Subject16,rest,0,Subject16_1.edf,86.0,90.0,182.0,False,4.0,2.0,4s_windows_50pct_overlap,scored_rest,1960,False,True,False
Subject16|rest|Subject16_1.edf|88.000|92.000,Subject16,rest,0,Subject16_1.edf,88.0,92.0,182.0,False,4.0,2.0,4s_windows_50pct_overlap,scored_rest,1961,False,True,False
Subject16|rest|Subject16_1.edf|90.000|94.000,Subject16,rest,0,Subject16_1.edf,90.0,94.0,182.0,False,4.0,2.0,4s_windows_50pct_overlap,scored_rest,1962,False,True,False
Subject16|rest|Subject16_1.edf|92.000|96.000,Subject16,rest,0,Subject16_1.edf,92.0,96.0,182.0,False,4.0,2.0,4s_windows_50pct_overlap,scored_rest,1963,False,True,False
Subject16|rest|Subject16_1.edf|94.000|98.000,Subject16,rest,0,Subject16_1.edf,94.0,98.0,182.0,False,4.0,2.0,4s_windows_50pct_overlap,scored_rest,1964,False,True,False
Subject16|rest|Subject16_1.edf|96.000|100.000,Subject16,rest,0,Subject16_1.edf,96.0,100.0,182.0,False,4.0,2.0,4s_windows_50pct_overlap,scored_rest,1965,False,True,False
Subject16|rest|Subject16_1.edf|98.000|102.000,Subject16,rest,0,Subject16_1.edf,98.0,102.0,182.0,False,4.0,2.0,4s_windows_50pct_overlap,scored_rest,1966,False,True,False
Subject16|rest|Subject16_1.edf|100.000|104.000,Subject16,rest,0,Subject16_1.edf,100.0,104.0,182.0,False,4.0,2.0,4s_windows_50pct_overlap,scored_rest,1967,False,True,False
Subject16|rest|Subject16_1.edf|102.000|106.000,Subject16,rest,0,Subject16_1.edf,102.0,106.0,182.0,False,4.0,2.0,4s_windows_50pct_overlap,scored_rest,1968,False,True,False
Subject16|rest|Subject16_1.edf|104.000|108.000,Subject16,rest,0,Subject16_1.edf,104.0,108.0,182.0,False,4.0,2.0,4s_windows_50pct_overlap,scored_rest,1969,False,True,False
Subject16|rest|Subject16_1.edf|106.000|110.000,Subject16,rest,0,Subject16_1.edf,106.0,110.0,182.0,False,4.0,2.0,4s_windows_50pct_overlap,scored_rest,1970,False,True,False
Subject16|rest|Subject16_1.edf|108.000|112.000,Subject16,rest,0,Subject16_1.edf,108.0,112.0,182.0,False,4.0,2.0,4s_windows_50pct_overlap,scored_rest,1971,False,True,False
Subject16|rest|Subject16_1.edf|110.000|114.000,Subject16,rest,0,Subject16_1.edf,110.0,114.0,182.0,False,4.0,2.0,4s_windows_50pct_overlap,scored_rest,1972,False,True,False
Subject16|rest|Subject16_1.edf|112.000|116.000,Subject16,rest,0,Subject16_1.edf,112.0,116.0,182.0,False,4.0,2.0,4s_windows_50pct_overlap,scored_rest,1973,False,True,False
Subject16|rest|Subject16_1.edf|114.000|118.000,Subject16,rest,0,Subject16_1.edf,114.0,118.0,182.0,False,4.0,2.0,4s_windows_50pct_overlap,scored_rest,1974,False,True,False
Subject16|rest|Subject16_1.edf|116.000|120.000,Subject16,rest,0,Subject16_1.edf,116.0,120.0,182.0,False,4.0,2.0,4s_windows_50pct_overlap,scored_rest,1975,False,True,False
Subject16|rest|Subject16_1.edf|118.000|122.000,Subject16,rest,0,Subject16_1.edf,118.0,122.0,182.0,False,4.0,2.0,4s_windows_50pct_overlap,scored_rest,1976,False,True,False
Subject16|rest|Subject16_1.edf|120.000|124.000,Subject16,rest,0,Subject16_1.edf,120.0,124.0,182.0,False,4.0,2.0,4s_windows_50pct_overlap,scored_rest,1977,False,True,False
Subject16|rest|Subject16_1.edf|122.000|126.000,Subject16,rest,0,Subject16_1.edf,122.0,126.0,182.0,False,4.0,2.0,4s_windows_50pct_overlap,scored_rest,1978,False,True,False
Subject16|rest|Subject16_1.edf|124.000|128.000,Subject16,rest,0,Subject16_1.edf,124.0,128.0,182.0,False,4.0,2.0,4s_windows_50pct_overlap,scored_rest,1979,False,True,False
Subject16|rest|Subject16_1.edf|126.000|130.000,Subject16,rest,0,Subject16_1.edf,126.0,130.0,182.0,False,4.0,2.0,4s_windows_50pct_overlap,scored_rest,1980,False,True,False
Subject16|rest|Subject16_1.edf|128.000|132.000,Subject16,rest,0,Subject16_1.edf,128.0,132.0,182.0,False,4.0,2.0,4s_windows_50pct_overlap,scored_rest,1981,False,True,False
Subject16|rest|Subject16_1.edf|130.000|134.000,Subject16,rest,0,Subject16_1.edf,130.0,134.0,182.0,False,4.0,2.0,4s_windows_50pct_overlap,scored_rest,1982,False,True,False
Subject16|rest|Subject16_1.edf|132.000|136.000,Subject16,rest,0,Subject16_1.edf,132.0,136.0,182.0,False,4.0,2.0,4s_windows_50pct_overlap,scored_rest,1983,False,True,False
Subject16|rest|Subject16_1.edf|134.000|138.000,Subject16,rest,0,Subject16_1.edf,134.0,138.0,182.0,False,4.0,2.0,4s_windows_50pct_overlap,scored_rest,1984,False,True,False
Subject16|rest|Subject16_1.edf|136.000|140.000,Subject16,rest,0,Subject16_1.edf,136.0,140.0,182.0,False,4.0,2.0,4s_windows_50pct_overlap,scored_rest,1985,False,True,False
Subject16|rest|Subject16_1.edf|138.000|142.000,Subject16,rest,0,Subject16_1.edf,138.0,142.0,182.0,False,4.0,2.0,4s_windows_50pct_overlap,scored_rest,1986,False,True,False
Subject16|rest|Subject16_1.edf|140.000|144.000,Subject16,rest,0,Subject16_1.edf,140.0,144.0,182.0,False,4.0,2.0,4s_windows_50pct_overlap,scored_rest,1987,False,True,False
Subject16|rest|Subject16_1.edf|142.000|146.000,Subject16,rest,0,Subject16_1.edf,142.0,146.0,182.0,False,4.0,2.0,4s_windows_50pct_overlap,scored_rest,1988,False,True,False
Subject16|rest|Subject16_1.edf|144.000|148.000,Subject16,rest,0,Subject16_1.edf,144.0,148.0,182.0,False,4.0,2.0,4s_windows_50pct_overlap,scored_rest,1989,False,True,False
Subject16|rest|Subject16_1.edf|146.000|150.000,Subject16,rest,0,Subject16_1.edf,146.0,150.0,182.0,False,4.0,2.0,4s_windows_50pct_overlap,scored_rest,1990,False,True,False
Subject16|rest|Subject16_1.edf|148.000|152.000,Subject16,rest,0,Subject16_1.edf,148.0,152.0,182.0,False,4.0,2.0,4s_windows_50pct_overlap,scored_rest,1991,False,True,False
Subject16|rest|Subject16_1.edf|150.000|154.000,Subject16,rest,0,Subject16_1.edf,150.0,154.0,182.0,False,4.0,2.0,4s_windows_50pct_overlap,scored_rest,1992,False,True,False
Subject16|rest|Subject16_1.edf|152.000|156.000,Subject16,rest,0,Subject16_1.edf,152.0,156.0,182.0,False,4.0,2.0,4s_windows_50pct_overlap,scored_rest,1993,False,True,False
Subject16|rest|Subject16_1.edf|154.000|158.000,Subject16,rest,0,Subject16_1.edf,154.0,158.0,182.0,False,4.0,2.0,4s_windows_50pct_overlap,scored_rest,1994,False,True,False
Subject16|rest|Subject16_1.edf|156.000|160.000,Subject16,rest,0,Subject16_1.edf,156.0,160.0,182.0,False,4.0,2.0,4s_windows_50pct_overlap,scored_rest,1995,False,True,False
Subject16|rest|Subject16_1.edf|158.000|162.000,Subject16,rest,0,Subject16_1.edf,158.0,162.0,182.0,False,4.0,2.0,4s_windows_50pct_overlap,scored_rest,1996,False,True,False
Subject16|rest|Subject16_1.edf|160.000|164.000,Subject16,rest,0,Subject16_1.edf,160.0,164.0,182.0,False,4.0,2.0,4s_windows_50pct_overlap,scored_rest,1997,False,True,False
Subject16|rest|Subject16_1.edf|162.000|166.000,Subject16,rest,0,Subject16_1.edf,162.0,166.0,182.0,False,4.0,2.0,4s_windows_50pct_overlap,scored_rest,1998,False,True,False
Subject16|rest|Subject16_1.edf|164.000|168.000,Subject16,rest,0,Subject16_1.edf,164.0,168.0,182.0,False,4.0,2.0,4s_windows_50pct_overlap,scored_rest,1999,False,True,False
Subject16|rest|Subject16_1.edf|166.000|170.000,Subject16,rest,0,Subject16_1.edf,166.0,170.0,182.0,False,4.0,2.0,4s_windows_50pct_overlap,scored_rest,2000,False,True,False
Subject16|rest|Subject16_1.edf|168.000|172.000,Subject16,rest,0,Subject16_1.edf,168.0,172.0,182.0,False,4.0,2.0,4s_windows_50pct_overlap,scored_rest,2001,False,True,False
Subject16|rest|Subject16_1.edf|170.000|174.000,Subject16,rest,0,Subject16_1.edf,170.0,174.0,182.0,False,4.0,2.0,4s_windows_50pct_overlap,scored_rest,2002,False,True,False
Subject16|rest|Subject16_1.edf|172.000|176.000,Subject16,rest,0,Subject16_1.edf,172.0,176.0,182.0,False,4.0,2.0,4s_windows_50pct_overlap,scored_rest,2003,False,True,False
Subject16|rest|Subject16_1.edf|174.000|178.000,Subject16,rest,0,Subject16_1.edf,174.0,178.0,182.0,False,4.0,2.0,4s_windows_50pct_overlap,scored_rest,2004,False,True,False
Subject16|rest|Subject16_1.edf|176.000|180.000,Subject16,rest,0,Subject16_1.edf,176.0,180.0,182.0,False,4.0,2.0,4s_windows_50pct_overlap,scored_rest,2005,False,True,False
Subject16|rest|Subject16_1.edf|178.000|182.000,Subject16,rest,0,Subject16_1.edf,178.0,182.0,182.0,False,4.0,2.0,4s_windows_50pct_overlap,scored_rest,2006,False,True,False
Subject16|arithmetic|Subject16_2.edf|0.000|4.000,Subject16,arithmetic,1,Subject16_2.edf,0.0,4.0,62.0,False,4.0,2.0,4s_windows_50pct_overlap,scored_task,2007,False,True,False
Subject16|arithmetic|Subject16_2.edf|2.000|6.000,Subject16,arithmetic,1,Subject16_2.edf,2.0,6.0,62.0,False,4.0,2.0,4s_windows_50pct_overlap,scored_task,2008,False,True,False
Subject16|arithmetic|Subject16_2.edf|4.000|8.000,Subject16,arithmetic,1,Subject16_2.edf,4.0,8.0,62.0,False,4.0,2.0,4s_windows_50pct_overlap,scored_task,2009,False,True,False
Subject16|arithmetic|Subject16_2.edf|6.000|10.000,Subject16,arithmetic,1,Subject16_2.edf,6.0,10.0,62.0,False,4.0,2.0,4s_windows_50pct_overlap,scored_task,2010,False,True,False
Subject16|arithmetic|Subject16_2.edf|8.000|12.000,Subject16,arithmetic,1,Subject16_2.edf,8.0,12.0,62.0,False,4.0,2.0,4s_windows_50pct_overlap,scored_task,2011,False,True,False
Subject16|arithmetic|Subject16_2.edf|10.000|14.000,Subject16,arithmetic,1,Subject16_2.edf,10.0,14.0,62.0,False,4.0,2.0,4s_windows_50pct_overlap,scored_task,2012,False,True,False
Subject16|arithmetic|Subject16_2.edf|12.000|16.000,Subject16,arithmetic,1,Subject16_2.edf,12.0,16.0,62.0,False,4.0,2.0,4s_windows_50pct_overlap,scored_task,2013,False,True,False
Subject16|arithmetic|Subject16_2.edf|14.000|18.000,Subject16,arithmetic,1,Subject16_2.edf,14.0,18.0,62.0,False,4.0,2.0,4s_windows_50pct_overlap,scored_task,2014,False,True,False
Subject16|arithmetic|Subject16_2.edf|16.000|20.000,Subject16,arithmetic,1,Subject16_2.edf,16.0,20.0,62.0,False,4.0,2.0,4s_windows_50pct_overlap,scored_task,2015,False,True,False
Subject16|arithmetic|Subject16_2.edf|18.000|22.000,Subject16,arithmetic,1,Subject16_2.edf,18.0,22.0,62.0,False,4.0,2.0,4s_windows_50pct_overlap,scored_task,2016,False,True,False
Subject16|arithmetic|Subject16_2.edf|20.000|24.000,Subject16,arithmetic,1,Subject16_2.edf,20.0,24.0,62.0,False,4.0,2.0,4s_windows_50pct_overlap,scored_task,2017,False,True,False
Subject16|arithmetic|Subject16_2.edf|22.000|26.000,Subject16,arithmetic,1,Subject16_2.edf,22.0,26.0,62.0,False,4.0,2.0,4s_windows_50pct_overlap,scored_task,2018,False,True,False
Subject16|arithmetic|Subject16_2.edf|24.000|28.000,Subject16,arithmetic,1,Subject16_2.edf,24.0,28.0,62.0,False,4.0,2.0,4s_windows_50pct_overlap,scored_task,2019,False,True,False
Subject16|arithmetic|Subject16_2.edf|26.000|30.000,Subject16,arithmetic,1,Subject16_2.edf,26.0,30.0,62.0,False,4.0,2.0,4s_windows_50pct_overlap,scored_task,2020,False,True,False
Subject16|arithmetic|Subject16_2.edf|28.000|32.000,Subject16,arithmetic,1,Subject16_2.edf,28.0,32.0,62.0,False,4.0,2.0,4s_windows_50pct_overlap,scored_task,2021,False,True,False
Subject16|arithmetic|Subject16_2.edf|30.000|34.000,Subject16,arithmetic,1,Subject16_2.edf,30.0,34.0,62.0,False,4.0,2.0,4s_windows_50pct_overlap,scored_task,2022,False,True,False
Subject16|arithmetic|Subject16_2.edf|32.000|36.000,Subject16,arithmetic,1,Subject16_2.edf,32.0,36.0,62.0,False,4.0,2.0,4s_windows_50pct_overlap,scored_task,2023,False,True,False
Subject16|arithmetic|Subject16_2.edf|34.000|38.000,Subject16,arithmetic,1,Subject16_2.edf,34.0,38.0,62.0,False,4.0,2.0,4s_windows_50pct_overlap,scored_task,2024,False,True,False
Subject16|arithmetic|Subject16_2.edf|36.000|40.000,Subject16,arithmetic,1,Subject16_2.edf,36.0,40.0,62.0,False,4.0,2.0,4s_windows_50pct_overlap,scored_task,2025,False,True,False
Subject16|arithmetic|Subject16_2.edf|38.000|42.000,Subject16,arithmetic,1,Subject16_2.edf,38.0,42.0,62.0,False,4.0,2.0,4s_windows_50pct_overlap,scored_task,2026,False,True,False
Subject16|arithmetic|Subject16_2.edf|40.000|44.000,Subject16,arithmetic,1,Subject16_2.edf,40.0,44.0,62.0,False,4.0,2.0,4s_windows_50pct_overlap,scored_task,2027,False,True,False
Subject16|arithmetic|Subject16_2.edf|42.000|46.000,Subject16,arithmetic,1,Subject16_2.edf,42.0,46.0,62.0,False,4.0,2.0,4s_windows_50pct_overlap,scored_task,2028,False,True,False
Subject16|arithmetic|Subject16_2.edf|44.000|48.000,Subject16,arithmetic,1,Subject16_2.edf,44.0,48.0,62.0,False,4.0,2.0,4s_windows_50pct_overlap,scored_task,2029,False,True,False
Subject16|arithmetic|Subject16_2.edf|46.000|50.000,Subject16,arithmetic,1,Subject16_2.edf,46.0,50.0,62.0,False,4.0,2.0,4s_windows_50pct_overlap,scored_task,2030,False,True,False
Subject16|arithmetic|Subject16_2.edf|48.000|52.000,Subject16,arithmetic,1,Subject16_2.edf,48.0,52.0,62.0,False,4.0,2.0,4s_windows_50pct_overlap,scored_task,2031,False,True,False
Subject16|arithmetic|Subject16_2.edf|50.000|54.000,Subject16,arithmetic,1,Subject16_2.edf,50.0,54.0,62.0,False,4.0,2.0,4s_windows_50pct_overlap,scored_task,2032,False,True,False
Subject16|arithmetic|Subject16_2.edf|52.000|56.000,Subject16,arithmetic,1,Subject16_2.edf,52.0,56.0,62.0,False,4.0,2.0,4s_windows_50pct_overlap,scored_task,2033,False,True,False
Subject16|arithmetic|Subject16_2.edf|54.000|58.000,Subject16,arithmetic,1,Subject16_2.edf,54.0,58.0,62.0,False,4.0,2.0,4s_windows_50pct_overlap,scored_task,2034,False,True,False
Subject16|arithmetic|Subject16_2.edf|56.000|60.000,Subject16,arithmetic,1,Subject16_2.edf,56.0,60.0,62.0,False,4.0,2.0,4s_windows_50pct_overlap,scored_task,2035,False,True,False
Subject16|arithmetic|Subject16_2.edf|58.000|62.000,Subject16,arithmetic,1,Subject16_2.edf,58.0,62.0,62.0,False,4.0,2.0,4s_windows_50pct_overlap,scored_task,2036,False,True,False
Subject17|rest|Subject17_1.edf|0.000|4.000,Subject17,rest,0,Subject17_1.edf,0.0,4.0,182.0,False,4.0,2.0,4s_windows_50pct_overlap,calibration,2037,True,False,False
Subject17|rest|Subject17_1.edf|2.000|6.000,Subject17,rest,0,Subject17_1.edf,2.0,6.0,182.0,False,4.0,2.0,4s_windows_50pct_overlap,calibration,2038,True,False,False
Subject17|rest|Subject17_1.edf|4.000|8.000,Subject17,rest,0,Subject17_1.edf,4.0,8.0,182.0,False,4.0,2.0,4s_windows_50pct_overlap,calibration,2039,True,False,False
Subject17|rest|Subject17_1.edf|6.000|10.000,Subject17,rest,0,Subject17_1.edf,6.0,10.0,182.0,False,4.0,2.0,4s_windows_50pct_overlap,calibration,2040,True,False,False
Subject17|rest|Subject17_1.edf|8.000|12.000,Subject17,rest,0,Subject17_1.edf,8.0,12.0,182.0,False,4.0,2.0,4s_windows_50pct_overlap,calibration,2041,True,False,False
Subject17|rest|Subject17_1.edf|10.000|14.000,Subject17,rest,0,Subject17_1.edf,10.0,14.0,182.0,False,4.0,2.0,4s_windows_50pct_overlap,calibration,2042,True,False,False
Subject17|rest|Subject17_1.edf|12.000|16.000,Subject17,rest,0,Subject17_1.edf,12.0,16.0,182.0,False,4.0,2.0,4s_windows_50pct_overlap,calibration,2043,True,False,False
Subject17|rest|Subject17_1.edf|14.000|18.000,Subject17,rest,0,Subject17_1.edf,14.0,18.0,182.0,False,4.0,2.0,4s_windows_50pct_overlap,calibration,2044,True,False,False
Subject17|rest|Subject17_1.edf|16.000|20.000,Subject17,rest,0,Subject17_1.edf,16.0,20.0,182.0,False,4.0,2.0,4s_windows_50pct_overlap,calibration,2045,True,False,False
Subject17|rest|Subject17_1.edf|18.000|22.000,Subject17,rest,0,Subject17_1.edf,18.0,22.0,182.0,False,4.0,2.0,4s_windows_50pct_overlap,calibration,2046,True,False,False
Subject17|rest|Subject17_1.edf|20.000|24.000,Subject17,rest,0,Subject17_1.edf,20.0,24.0,182.0,False,4.0,2.0,4s_windows_50pct_overlap,calibration,2047,True,False,False
Subject17|rest|Subject17_1.edf|22.000|26.000,Subject17,rest,0,Subject17_1.edf,22.0,26.0,182.0,False,4.0,2.0,4s_windows_50pct_overlap,calibration,2048,True,False,False
Subject17|rest|Subject17_1.edf|24.000|28.000,Subject17,rest,0,Subject17_1.edf,24.0,28.0,182.0,False,4.0,2.0,4s_windows_50pct_overlap,calibration,2049,True,False,False
Subject17|rest|Subject17_1.edf|26.000|30.000,Subject17,rest,0,Subject17_1.edf,26.0,30.0,182.0,False,4.0,2.0,4s_windows_50pct_overlap,calibration,2050,True,False,False
Subject17|rest|Subject17_1.edf|28.000|32.000,Subject17,rest,0,Subject17_1.edf,28.0,32.0,182.0,False,4.0,2.0,4s_windows_50pct_overlap,calibration,2051,True,False,False
Subject17|rest|Subject17_1.edf|30.000|34.000,Subject17,rest,0,Subject17_1.edf,30.0,34.0,182.0,False,4.0,2.0,4s_windows_50pct_overlap,calibration,2052,True,False,False
Subject17|rest|Subject17_1.edf|32.000|36.000,Subject17,rest,0,Subject17_1.edf,32.0,36.0,182.0,False,4.0,2.0,4s_windows_50pct_overlap,calibration,2053,True,False,False
Subject17|rest|Subject17_1.edf|34.000|38.000,Subject17,rest,0,Subject17_1.edf,34.0,38.0,182.0,False,4.0,2.0,4s_windows_50pct_overlap,calibration,2054,True,False,False
Subject17|rest|Subject17_1.edf|36.000|40.000,Subject17,rest,0,Subject17_1.edf,36.0,40.0,182.0,False,4.0,2.0,4s_windows_50pct_overlap,calibration,2055,True,False,False
Subject17|rest|Subject17_1.edf|38.000|42.000,Subject17,rest,0,Subject17_1.edf,38.0,42.0,182.0,False,4.0,2.0,4s_windows_50pct_overlap,calibration,2056,True,False,False
Subject17|rest|Subject17_1.edf|40.000|44.000,Subject17,rest,0,Subject17_1.edf,40.0,44.0,182.0,False,4.0,2.0,4s_windows_50pct_overlap,calibration,2057,True,False,False
Subject17|rest|Subject17_1.edf|42.000|46.000,Subject17,rest,0,Subject17_1.edf,42.0,46.0,182.0,False,4.0,2.0,4s_windows_50pct_overlap,calibration,2058,True,False,False
Subject17|rest|Subject17_1.edf|44.000|48.000,Subject17,rest,0,Subject17_1.edf,44.0,48.0,182.0,False,4.0,2.0,4s_windows_50pct_overlap,calibration,2059,True,False,False
Subject17|rest|Subject17_1.edf|46.000|50.000,Subject17,rest,0,Subject17_1.edf,46.0,50.0,182.0,False,4.0,2.0,4s_windows_50pct_overlap,calibration,2060,True,False,False
Subject17|rest|Subject17_1.edf|48.000|52.000,Subject17,rest,0,Subject17_1.edf,48.0,52.0,182.0,False,4.0,2.0,4s_windows_50pct_overlap,calibration,2061,True,False,False
Subject17|rest|Subject17_1.edf|50.000|54.000,Subject17,rest,0,Subject17_1.edf,50.0,54.0,182.0,False,4.0,2.0,4s_windows_50pct_overlap,calibration,2062,True,False,False
Subject17|rest|Subject17_1.edf|52.000|56.000,Subject17,rest,0,Subject17_1.edf,52.0,56.0,182.0,False,4.0,2.0,4s_windows_50pct_overlap,calibration,2063,True,False,False
Subject17|rest|Subject17_1.edf|54.000|58.000,Subject17,rest,0,Subject17_1.edf,54.0,58.0,182.0,False,4.0,2.0,4s_windows_50pct_overlap,calibration,2064,True,False,False
Subject17|rest|Subject17_1.edf|56.000|60.000,Subject17,rest,0,Subject17_1.edf,56.0,60.0,182.0,False,4.0,2.0,4s_windows_50pct_overlap,calibration,2065,True,False,False
Subject17|rest|Subject17_1.edf|58.000|62.000,Subject17,rest,0,Subject17_1.edf,58.0,62.0,182.0,False,4.0,2.0,4s_windows_50pct_overlap,calibration,2066,True,False,False
Subject17|rest|Subject17_1.edf|60.000|64.000,Subject17,rest,0,Subject17_1.edf,60.0,64.0,182.0,False,4.0,2.0,4s_windows_50pct_overlap,scored_rest,2067,False,True,False
Subject17|rest|Subject17_1.edf|62.000|66.000,Subject17,rest,0,Subject17_1.edf,62.0,66.0,182.0,False,4.0,2.0,4s_windows_50pct_overlap,scored_rest,2068,False,True,False
Subject17|rest|Subject17_1.edf|64.000|68.000,Subject17,rest,0,Subject17_1.edf,64.0,68.0,182.0,False,4.0,2.0,4s_windows_50pct_overlap,scored_rest,2069,False,True,False
Subject17|rest|Subject17_1.edf|66.000|70.000,Subject17,rest,0,Subject17_1.edf,66.0,70.0,182.0,False,4.0,2.0,4s_windows_50pct_overlap,scored_rest,2070,False,True,False
Subject17|rest|Subject17_1.edf|68.000|72.000,Subject17,rest,0,Subject17_1.edf,68.0,72.0,182.0,False,4.0,2.0,4s_windows_50pct_overlap,scored_rest,2071,False,True,False
Subject17|rest|Subject17_1.edf|70.000|74.000,Subject17,rest,0,Subject17_1.edf,70.0,74.0,182.0,False,4.0,2.0,4s_windows_50pct_overlap,scored_rest,2072,False,True,False
Subject17|rest|Subject17_1.edf|72.000|76.000,Subject17,rest,0,Subject17_1.edf,72.0,76.0,182.0,False,4.0,2.0,4s_windows_50pct_overlap,scored_rest,2073,False,True,False
Subject17|rest|Subject17_1.edf|74.000|78.000,Subject17,rest,0,Subject17_1.edf,74.0,78.0,182.0,False,4.0,2.0,4s_windows_50pct_overlap,scored_rest,2074,False,True,False
Subject17|rest|Subject17_1.edf|76.000|80.000,Subject17,rest,0,Subject17_1.edf,76.0,80.0,182.0,False,4.0,2.0,4s_windows_50pct_overlap,scored_rest,2075,False,True,False
Subject17|rest|Subject17_1.edf|78.000|82.000,Subject17,rest,0,Subject17_1.edf,78.0,82.0,182.0,False,4.0,2.0,4s_windows_50pct_overlap,scored_rest,2076,False,True,False
Subject17|rest|Subject17_1.edf|80.000|84.000,Subject17,rest,0,Subject17_1.edf,80.0,84.0,182.0,False,4.0,2.0,4s_windows_50pct_overlap,scored_rest,2077,False,True,False
Subject17|rest|Subject17_1.edf|82.000|86.000,Subject17,rest,0,Subject17_1.edf,82.0,86.0,182.0,False,4.0,2.0,4s_windows_50pct_overlap,scored_rest,2078,False,True,False
Subject17|rest|Subject17_1.edf|84.000|88.000,Subject17,rest,0,Subject17_1.edf,84.0,88.0,182.0,False,4.0,2.0,4s_windows_50pct_overlap,scored_rest,2079,False,True,False
Subject17|rest|Subject17_1.edf|86.000|90.000,Subject17,rest,0,Subject17_1.edf,86.0,90.0,182.0,False,4.0,2.0,4s_windows_50pct_overlap,scored_rest,2080,False,True,False
Subject17|rest|Subject17_1.edf|88.000|92.000,Subject17,rest,0,Subject17_1.edf,88.0,92.0,182.0,False,4.0,2.0,4s_windows_50pct_overlap,scored_rest,2081,False,True,False
Subject17|rest|Subject17_1.edf|90.000|94.000,Subject17,rest,0,Subject17_1.edf,90.0,94.0,182.0,False,4.0,2.0,4s_windows_50pct_overlap,scored_rest,2082,False,True,False
Subject17|rest|Subject17_1.edf|92.000|96.000,Subject17,rest,0,Subject17_1.edf,92.0,96.0,182.0,False,4.0,2.0,4s_windows_50pct_overlap,scored_rest,2083,False,True,False
Subject17|rest|Subject17_1.edf|94.000|98.000,Subject17,rest,0,Subject17_1.edf,94.0,98.0,182.0,False,4.0,2.0,4s_windows_50pct_overlap,scored_rest,2084,False,True,False
Subject17|rest|Subject17_1.edf|96.000|100.000,Subject17,rest,0,Subject17_1.edf,96.0,100.0,182.0,False,4.0,2.0,4s_windows_50pct_overlap,scored_rest,2085,False,True,False
Subject17|rest|Subject17_1.edf|98.000|102.000,Subject17,rest,0,Subject17_1.edf,98.0,102.0,182.0,False,4.0,2.0,4s_windows_50pct_overlap,scored_rest,2086,False,True,False
Subject17|rest|Subject17_1.edf|100.000|104.000,Subject17,rest,0,Subject17_1.edf,100.0,104.0,182.0,False,4.0,2.0,4s_windows_50pct_overlap,scored_rest,2087,False,True,False
Subject17|rest|Subject17_1.edf|102.000|106.000,Subject17,rest,0,Subject17_1.edf,102.0,106.0,182.0,False,4.0,2.0,4s_windows_50pct_overlap,scored_rest,2088,False,True,False
Subject17|rest|Subject17_1.edf|104.000|108.000,Subject17,rest,0,Subject17_1.edf,104.0,108.0,182.0,False,4.0,2.0,4s_windows_50pct_overlap,scored_rest,2089,False,True,False
Subject17|rest|Subject17_1.edf|106.000|110.000,Subject17,rest,0,Subject17_1.edf,106.0,110.0,182.0,False,4.0,2.0,4s_windows_50pct_overlap,scored_rest,2090,False,True,False
Subject17|rest|Subject17_1.edf|108.000|112.000,Subject17,rest,0,Subject17_1.edf,108.0,112.0,182.0,False,4.0,2.0,4s_windows_50pct_overlap,scored_rest,2091,False,True,False
Subject17|rest|Subject17_1.edf|110.000|114.000,Subject17,rest,0,Subject17_1.edf,110.0,114.0,182.0,False,4.0,2.0,4s_windows_50pct_overlap,scored_rest,2092,False,True,False
Subject17|rest|Subject17_1.edf|112.000|116.000,Subject17,rest,0,Subject17_1.edf,112.0,116.0,182.0,False,4.0,2.0,4s_windows_50pct_overlap,scored_rest,2093,False,True,False
Subject17|rest|Subject17_1.edf|114.000|118.000,Subject17,rest,0,Subject17_1.edf,114.0,118.0,182.0,False,4.0,2.0,4s_windows_50pct_overlap,scored_rest,2094,False,True,False
Subject17|rest|Subject17_1.edf|116.000|120.000,Subject17,rest,0,Subject17_1.edf,116.0,120.0,182.0,False,4.0,2.0,4s_windows_50pct_overlap,scored_rest,2095,False,True,False
Subject17|rest|Subject17_1.edf|118.000|122.000,Subject17,rest,0,Subject17_1.edf,118.0,122.0,182.0,False,4.0,2.0,4s_windows_50pct_overlap,scored_rest,2096,False,True,False
Subject17|rest|Subject17_1.edf|120.000|124.000,Subject17,rest,0,Subject17_1.edf,120.0,124.0,182.0,False,4.0,2.0,4s_windows_50pct_overlap,scored_rest,2097,False,True,False
Subject17|rest|Subject17_1.edf|122.000|126.000,Subject17,rest,0,Subject17_1.edf,122.0,126.0,182.0,False,4.0,2.0,4s_windows_50pct_overlap,scored_rest,2098,False,True,False
Subject17|rest|Subject17_1.edf|124.000|128.000,Subject17,rest,0,Subject17_1.edf,124.0,128.0,182.0,False,4.0,2.0,4s_windows_50pct_overlap,scored_rest,2099,False,True,False
Subject17|rest|Subject17_1.edf|126.000|130.000,Subject17,rest,0,Subject17_1.edf,126.0,130.0,182.0,False,4.0,2.0,4s_windows_50pct_overlap,scored_rest,2100,False,True,False
Subject17|rest|Subject17_1.edf|128.000|132.000,Subject17,rest,0,Subject17_1.edf,128.0,132.0,182.0,False,4.0,2.0,4s_windows_50pct_overlap,scored_rest,2101,False,True,False
Subject17|rest|Subject17_1.edf|130.000|134.000,Subject17,rest,0,Subject17_1.edf,130.0,134.0,182.0,False,4.0,2.0,4s_windows_50pct_overlap,scored_rest,2102,False,True,False
Subject17|rest|Subject17_1.edf|132.000|136.000,Subject17,rest,0,Subject17_1.edf,132.0,136.0,182.0,False,4.0,2.0,4s_windows_50pct_overlap,scored_rest,2103,False,True,False
Subject17|rest|Subject17_1.edf|134.000|138.000,Subject17,rest,0,Subject17_1.edf,134.0,138.0,182.0,False,4.0,2.0,4s_windows_50pct_overlap,scored_rest,2104,False,True,False
Subject17|rest|Subject17_1.edf|136.000|140.000,Subject17,rest,0,Subject17_1.edf,136.0,140.0,182.0,False,4.0,2.0,4s_windows_50pct_overlap,scored_rest,2105,False,True,False
Subject17|rest|Subject17_1.edf|138.000|142.000,Subject17,rest,0,Subject17_1.edf,138.0,142.0,182.0,False,4.0,2.0,4s_windows_50pct_overlap,scored_rest,2106,False,True,False
Subject17|rest|Subject17_1.edf|140.000|144.000,Subject17,rest,0,Subject17_1.edf,140.0,144.0,182.0,False,4.0,2.0,4s_windows_50pct_overlap,scored_rest,2107,False,True,False
Subject17|rest|Subject17_1.edf|142.000|146.000,Subject17,rest,0,Subject17_1.edf,142.0,146.0,182.0,False,4.0,2.0,4s_windows_50pct_overlap,scored_rest,2108,False,True,False
Subject17|rest|Subject17_1.edf|144.000|148.000,Subject17,rest,0,Subject17_1.edf,144.0,148.0,182.0,False,4.0,2.0,4s_windows_50pct_overlap,scored_rest,2109,False,True,False
Subject17|rest|Subject17_1.edf|146.000|150.000,Subject17,rest,0,Subject17_1.edf,146.0,150.0,182.0,False,4.0,2.0,4s_windows_50pct_overlap,scored_rest,2110,False,True,False
Subject17|rest|Subject17_1.edf|148.000|152.000,Subject17,rest,0,Subject17_1.edf,148.0,152.0,182.0,False,4.0,2.0,4s_windows_50pct_overlap,scored_rest,2111,False,True,False
Subject17|rest|Subject17_1.edf|150.000|154.000,Subject17,rest,0,Subject17_1.edf,150.0,154.0,182.0,False,4.0,2.0,4s_windows_50pct_overlap,scored_rest,2112,False,True,False
Subject17|rest|Subject17_1.edf|152.000|156.000,Subject17,rest,0,Subject17_1.edf,152.0,156.0,182.0,False,4.0,2.0,4s_windows_50pct_overlap,scored_rest,2113,False,True,False
Subject17|rest|Subject17_1.edf|154.000|158.000,Subject17,rest,0,Subject17_1.edf,154.0,158.0,182.0,False,4.0,2.0,4s_windows_50pct_overlap,scored_rest,2114,False,True,False
Subject17|rest|Subject17_1.edf|156.000|160.000,Subject17,rest,0,Subject17_1.edf,156.0,160.0,182.0,False,4.0,2.0,4s_windows_50pct_overlap,scored_rest,2115,False,True,False
Subject17|rest|Subject17_1.edf|158.000|162.000,Subject17,rest,0,Subject17_1.edf,158.0,162.0,182.0,False,4.0,2.0,4s_windows_50pct_overlap,scored_rest,2116,False,True,False
Subject17|rest|Subject17_1.edf|160.000|164.000,Subject17,rest,0,Subject17_1.edf,160.0,164.0,182.0,False,4.0,2.0,4s_windows_50pct_overlap,scored_rest,2117,False,True,False
Subject17|rest|Subject17_1.edf|162.000|166.000,Subject17,rest,0,Subject17_1.edf,162.0,166.0,182.0,False,4.0,2.0,4s_windows_50pct_overlap,scored_rest,2118,False,True,False
Subject17|rest|Subject17_1.edf|164.000|168.000,Subject17,rest,0,Subject17_1.edf,164.0,168.0,182.0,False,4.0,2.0,4s_windows_50pct_overlap,scored_rest,2119,False,True,False
Subject17|rest|Subject17_1.edf|166.000|170.000,Subject17,rest,0,Subject17_1.edf,166.0,170.0,182.0,False,4.0,2.0,4s_windows_50pct_overlap,scored_rest,2120,False,True,False
Subject17|rest|Subject17_1.edf|168.000|172.000,Subject17,rest,0,Subject17_1.edf,168.0,172.0,182.0,False,4.0,2.0,4s_windows_50pct_overlap,scored_rest,2121,False,True,False
Subject17|rest|Subject17_1.edf|170.000|174.000,Subject17,rest,0,Subject17_1.edf,170.0,174.0,182.0,False,4.0,2.0,4s_windows_50pct_overlap,scored_rest,2122,False,True,False
Subject17|rest|Subject17_1.edf|172.000|176.000,Subject17,rest,0,Subject17_1.edf,172.0,176.0,182.0,False,4.0,2.0,4s_windows_50pct_overlap,scored_rest,2123,False,True,False
Subject17|rest|Subject17_1.edf|174.000|178.000,Subject17,rest,0,Subject17_1.edf,174.0,178.0,182.0,False,4.0,2.0,4s_windows_50pct_overlap,scored_rest,2124,False,True,False
Subject17|rest|Subject17_1.edf|176.000|180.000,Subject17,rest,0,Subject17_1.edf,176.0,180.0,182.0,False,4.0,2.0,4s_windows_50pct_overlap,scored_rest,2125,False,True,False
Subject17|rest|Subject17_1.edf|178.000|182.000,Subject17,rest,0,Subject17_1.edf,178.0,182.0,182.0,False,4.0,2.0,4s_windows_50pct_overlap,scored_rest,2126,False,True,False
Subject17|arithmetic|Subject17_2.edf|0.000|4.000,Subject17,arithmetic,1,Subject17_2.edf,0.0,4.0,62.0,False,4.0,2.0,4s_windows_50pct_overlap,scored_task,2127,False,True,False
Subject17|arithmetic|Subject17_2.edf|2.000|6.000,Subject17,arithmetic,1,Subject17_2.edf,2.0,6.0,62.0,False,4.0,2.0,4s_windows_50pct_overlap,scored_task,2128,False,True,False
Subject17|arithmetic|Subject17_2.edf|4.000|8.000,Subject17,arithmetic,1,Subject17_2.edf,4.0,8.0,62.0,False,4.0,2.0,4s_windows_50pct_overlap,scored_task,2129,False,True,False
Subject17|arithmetic|Subject17_2.edf|6.000|10.000,Subject17,arithmetic,1,Subject17_2.edf,6.0,10.0,62.0,False,4.0,2.0,4s_windows_50pct_overlap,scored_task,2130,False,True,False
Subject17|arithmetic|Subject17_2.edf|8.000|12.000,Subject17,arithmetic,1,Subject17_2.edf,8.0,12.0,62.0,False,4.0,2.0,4s_windows_50pct_overlap,scored_task,2131,False,True,False
Subject17|arithmetic|Subject17_2.edf|10.000|14.000,Subject17,arithmetic,1,Subject17_2.edf,10.0,14.0,62.0,False,4.0,2.0,4s_windows_50pct_overlap,scored_task,2132,False,True,False
Subject17|arithmetic|Subject17_2.edf|12.000|16.000,Subject17,arithmetic,1,Subject17_2.edf,12.0,16.0,62.0,False,4.0,2.0,4s_windows_50pct_overlap,scored_task,2133,False,True,False
Subject17|arithmetic|Subject17_2.edf|14.000|18.000,Subject17,arithmetic,1,Subject17_2.edf,14.0,18.0,62.0,False,4.0,2.0,4s_windows_50pct_overlap,scored_task,2134,False,True,False
Subject17|arithmetic|Subject17_2.edf|16.000|20.000,Subject17,arithmetic,1,Subject17_2.edf,16.0,20.0,62.0,False,4.0,2.0,4s_windows_50pct_overlap,scored_task,2135,False,True,False
Subject17|arithmetic|Subject17_2.edf|18.000|22.000,Subject17,arithmetic,1,Subject17_2.edf,18.0,22.0,62.0,False,4.0,2.0,4s_windows_50pct_overlap,scored_task,2136,False,True,False
Subject17|arithmetic|Subject17_2.edf|20.000|24.000,Subject17,arithmetic,1,Subject17_2.edf,20.0,24.0,62.0,False,4.0,2.0,4s_windows_50pct_overlap,scored_task,2137,False,True,False
Subject17|arithmetic|Subject17_2.edf|22.000|26.000,Subject17,arithmetic,1,Subject17_2.edf,22.0,26.0,62.0,False,4.0,2.0,4s_windows_50pct_overlap,scored_task,2138,False,True,False
Subject17|arithmetic|Subject17_2.edf|24.000|28.000,Subject17,arithmetic,1,Subject17_2.edf,24.0,28.0,62.0,False,4.0,2.0,4s_windows_50pct_overlap,scored_task,2139,False,True,False
Subject17|arithmetic|Subject17_2.edf|26.000|30.000,Subject17,arithmetic,1,Subject17_2.edf,26.0,30.0,62.0,False,4.0,2.0,4s_windows_50pct_overlap,scored_task,2140,False,True,False
Subject17|arithmetic|Subject17_2.edf|28.000|32.000,Subject17,arithmetic,1,Subject17_2.edf,28.0,32.0,62.0,False,4.0,2.0,4s_windows_50pct_overlap,scored_task,2141,False,True,False
Subject17|arithmetic|Subject17_2.edf|30.000|34.000,Subject17,arithmetic,1,Subject17_2.edf,30.0,34.0,62.0,False,4.0,2.0,4s_windows_50pct_overlap,scored_task,2142,False,True,False
Subject17|arithmetic|Subject17_2.edf|32.000|36.000,Subject17,arithmetic,1,Subject17_2.edf,32.0,36.0,62.0,False,4.0,2.0,4s_windows_50pct_overlap,scored_task,2143,False,True,False
Subject17|arithmetic|Subject17_2.edf|34.000|38.000,Subject17,arithmetic,1,Subject17_2.edf,34.0,38.0,62.0,False,4.0,2.0,4s_windows_50pct_overlap,scored_task,2144,False,True,False
Subject17|arithmetic|Subject17_2.edf|36.000|40.000,Subject17,arithmetic,1,Subject17_2.edf,36.0,40.0,62.0,False,4.0,2.0,4s_windows_50pct_overlap,scored_task,2145,False,True,False
Subject17|arithmetic|Subject17_2.edf|38.000|42.000,Subject17,arithmetic,1,Subject17_2.edf,38.0,42.0,62.0,False,4.0,2.0,4s_windows_50pct_overlap,scored_task,2146,False,True,False
Subject17|arithmetic|Subject17_2.edf|40.000|44.000,Subject17,arithmetic,1,Subject17_2.edf,40.0,44.0,62.0,False,4.0,2.0,4s_windows_50pct_overlap,scored_task,2147,False,True,False
Subject17|arithmetic|Subject17_2.edf|42.000|46.000,Subject17,arithmetic,1,Subject17_2.edf,42.0,46.0,62.0,False,4.0,2.0,4s_windows_50pct_overlap,scored_task,2148,False,True,False
Subject17|arithmetic|Subject17_2.edf|44.000|48.000,Subject17,arithmetic,1,Subject17_2.edf,44.0,48.0,62.0,False,4.0,2.0,4s_windows_50pct_overlap,scored_task,2149,False,True,False
Subject17|arithmetic|Subject17_2.edf|46.000|50.000,Subject17,arithmetic,1,Subject17_2.edf,46.0,50.0,62.0,False,4.0,2.0,4s_windows_50pct_overlap,scored_task,2150,False,True,False
Subject17|arithmetic|Subject17_2.edf|48.000|52.000,Subject17,arithmetic,1,Subject17_2.edf,48.0,52.0,62.0,False,4.0,2.0,4s_windows_50pct_overlap,scored_task,2151,False,True,False
Subject17|arithmetic|Subject17_2.edf|50.000|54.000,Subject17,arithmetic,1,Subject17_2.edf,50.0,54.0,62.0,False,4.0,2.0,4s_windows_50pct_overlap,scored_task,2152,False,True,False
Subject17|arithmetic|Subject17_2.edf|52.000|56.000,Subject17,arithmetic,1,Subject17_2.edf,52.0,56.0,62.0,False,4.0,2.0,4s_windows_50pct_overlap,scored_task,2153,False,True,False
Subject17|arithmetic|Subject17_2.edf|54.000|58.000,Subject17,arithmetic,1,Subject17_2.edf,54.0,58.0,62.0,False,4.0,2.0,4s_windows_50pct_overlap,scored_task,2154,False,True,False
Subject17|arithmetic|Subject17_2.edf|56.000|60.000,Subject17,arithmetic,1,Subject17_2.edf,56.0,60.0,62.0,False,4.0,2.0,4s_windows_50pct_overlap,scored_task,2155,False,True,False
Subject17|arithmetic|Subject17_2.edf|58.000|62.000,Subject17,arithmetic,1,Subject17_2.edf,58.0,62.0,62.0,False,4.0,2.0,4s_windows_50pct_overlap,scored_task,2156,False,True,False
Subject18|rest|Subject18_1.edf|0.000|4.000,Subject18,rest,0,Subject18_1.edf,0.0,4.0,182.0,False,4.0,2.0,4s_windows_50pct_overlap,calibration,2157,True,False,False
Subject18|rest|Subject18_1.edf|2.000|6.000,Subject18,rest,0,Subject18_1.edf,2.0,6.0,182.0,False,4.0,2.0,4s_windows_50pct_overlap,calibration,2158,True,False,False
Subject18|rest|Subject18_1.edf|4.000|8.000,Subject18,rest,0,Subject18_1.edf,4.0,8.0,182.0,False,4.0,2.0,4s_windows_50pct_overlap,calibration,2159,True,False,False
Subject18|rest|Subject18_1.edf|6.000|10.000,Subject18,rest,0,Subject18_1.edf,6.0,10.0,182.0,False,4.0,2.0,4s_windows_50pct_overlap,calibration,2160,True,False,False
Subject18|rest|Subject18_1.edf|8.000|12.000,Subject18,rest,0,Subject18_1.edf,8.0,12.0,182.0,False,4.0,2.0,4s_windows_50pct_overlap,calibration,2161,True,False,False
Subject18|rest|Subject18_1.edf|10.000|14.000,Subject18,rest,0,Subject18_1.edf,10.0,14.0,182.0,False,4.0,2.0,4s_windows_50pct_overlap,calibration,2162,True,False,False
Subject18|rest|Subject18_1.edf|12.000|16.000,Subject18,rest,0,Subject18_1.edf,12.0,16.0,182.0,False,4.0,2.0,4s_windows_50pct_overlap,calibration,2163,True,False,False
Subject18|rest|Subject18_1.edf|14.000|18.000,Subject18,rest,0,Subject18_1.edf,14.0,18.0,182.0,False,4.0,2.0,4s_windows_50pct_overlap,calibration,2164,True,False,False
Subject18|rest|Subject18_1.edf|16.000|20.000,Subject18,rest,0,Subject18_1.edf,16.0,20.0,182.0,False,4.0,2.0,4s_windows_50pct_overlap,calibration,2165,True,False,False
Subject18|rest|Subject18_1.edf|18.000|22.000,Subject18,rest,0,Subject18_1.edf,18.0,22.0,182.0,False,4.0,2.0,4s_windows_50pct_overlap,calibration,2166,True,False,False
Subject18|rest|Subject18_1.edf|20.000|24.000,Subject18,rest,0,Subject18_1.edf,20.0,24.0,182.0,False,4.0,2.0,4s_windows_50pct_overlap,calibration,2167,True,False,False
Subject18|rest|Subject18_1.edf|22.000|26.000,Subject18,rest,0,Subject18_1.edf,22.0,26.0,182.0,False,4.0,2.0,4s_windows_50pct_overlap,calibration,2168,True,False,False
Subject18|rest|Subject18_1.edf|24.000|28.000,Subject18,rest,0,Subject18_1.edf,24.0,28.0,182.0,False,4.0,2.0,4s_windows_50pct_overlap,calibration,2169,True,False,False
Subject18|rest|Subject18_1.edf|26.000|30.000,Subject18,rest,0,Subject18_1.edf,26.0,30.0,182.0,False,4.0,2.0,4s_windows_50pct_overlap,calibration,2170,True,False,False
Subject18|rest|Subject18_1.edf|28.000|32.000,Subject18,rest,0,Subject18_1.edf,28.0,32.0,182.0,False,4.0,2.0,4s_windows_50pct_overlap,calibration,2171,True,False,False
Subject18|rest|Subject18_1.edf|30.000|34.000,Subject18,rest,0,Subject18_1.edf,30.0,34.0,182.0,False,4.0,2.0,4s_windows_50pct_overlap,calibration,2172,True,False,False
Subject18|rest|Subject18_1.edf|32.000|36.000,Subject18,rest,0,Subject18_1.edf,32.0,36.0,182.0,False,4.0,2.0,4s_windows_50pct_overlap,calibration,2173,True,False,False
Subject18|rest|Subject18_1.edf|34.000|38.000,Subject18,rest,0,Subject18_1.edf,34.0,38.0,182.0,False,4.0,2.0,4s_windows_50pct_overlap,calibration,2174,True,False,False
Subject18|rest|Subject18_1.edf|36.000|40.000,Subject18,rest,0,Subject18_1.edf,36.0,40.0,182.0,False,4.0,2.0,4s_windows_50pct_overlap,calibration,2175,True,False,False
Subject18|rest|Subject18_1.edf|38.000|42.000,Subject18,rest,0,Subject18_1.edf,38.0,42.0,182.0,False,4.0,2.0,4s_windows_50pct_overlap,calibration,2176,True,False,False
Subject18|rest|Subject18_1.edf|40.000|44.000,Subject18,rest,0,Subject18_1.edf,40.0,44.0,182.0,False,4.0,2.0,4s_windows_50pct_overlap,calibration,2177,True,False,False
Subject18|rest|Subject18_1.edf|42.000|46.000,Subject18,rest,0,Subject18_1.edf,42.0,46.0,182.0,False,4.0,2.0,4s_windows_50pct_overlap,calibration,2178,True,False,False
Subject18|rest|Subject18_1.edf|44.000|48.000,Subject18,rest,0,Subject18_1.edf,44.0,48.0,182.0,False,4.0,2.0,4s_windows_50pct_overlap,calibration,2179,True,False,False
Subject18|rest|Subject18_1.edf|46.000|50.000,Subject18,rest,0,Subject18_1.edf,46.0,50.0,182.0,False,4.0,2.0,4s_windows_50pct_overlap,calibration,2180,True,False,False
Subject18|rest|Subject18_1.edf|48.000|52.000,Subject18,rest,0,Subject18_1.edf,48.0,52.0,182.0,False,4.0,2.0,4s_windows_50pct_overlap,calibration,2181,True,False,False
Subject18|rest|Subject18_1.edf|50.000|54.000,Subject18,rest,0,Subject18_1.edf,50.0,54.0,182.0,False,4.0,2.0,4s_windows_50pct_overlap,calibration,2182,True,False,False
Subject18|rest|Subject18_1.edf|52.000|56.000,Subject18,rest,0,Subject18_1.edf,52.0,56.0,182.0,False,4.0,2.0,4s_windows_50pct_overlap,calibration,2183,True,False,False
Subject18|rest|Subject18_1.edf|54.000|58.000,Subject18,rest,0,Subject18_1.edf,54.0,58.0,182.0,False,4.0,2.0,4s_windows_50pct_overlap,calibration,2184,True,False,False
Subject18|rest|Subject18_1.edf|56.000|60.000,Subject18,rest,0,Subject18_1.edf,56.0,60.0,182.0,False,4.0,2.0,4s_windows_50pct_overlap,calibration,2185,True,False,False
Subject18|rest|Subject18_1.edf|58.000|62.000,Subject18,rest,0,Subject18_1.edf,58.0,62.0,182.0,False,4.0,2.0,4s_windows_50pct_overlap,calibration,2186,True,False,False
Subject18|rest|Subject18_1.edf|60.000|64.000,Subject18,rest,0,Subject18_1.edf,60.0,64.0,182.0,False,4.0,2.0,4s_windows_50pct_overlap,scored_rest,2187,False,True,False
Subject18|rest|Subject18_1.edf|62.000|66.000,Subject18,rest,0,Subject18_1.edf,62.0,66.0,182.0,False,4.0,2.0,4s_windows_50pct_overlap,scored_rest,2188,False,True,False
Subject18|rest|Subject18_1.edf|64.000|68.000,Subject18,rest,0,Subject18_1.edf,64.0,68.0,182.0,False,4.0,2.0,4s_windows_50pct_overlap,scored_rest,2189,False,True,False
Subject18|rest|Subject18_1.edf|66.000|70.000,Subject18,rest,0,Subject18_1.edf,66.0,70.0,182.0,False,4.0,2.0,4s_windows_50pct_overlap,scored_rest,2190,False,True,False
Subject18|rest|Subject18_1.edf|68.000|72.000,Subject18,rest,0,Subject18_1.edf,68.0,72.0,182.0,False,4.0,2.0,4s_windows_50pct_overlap,scored_rest,2191,False,True,False
Subject18|rest|Subject18_1.edf|70.000|74.000,Subject18,rest,0,Subject18_1.edf,70.0,74.0,182.0,False,4.0,2.0,4s_windows_50pct_overlap,scored_rest,2192,False,True,False
Subject18|rest|Subject18_1.edf|72.000|76.000,Subject18,rest,0,Subject18_1.edf,72.0,76.0,182.0,False,4.0,2.0,4s_windows_50pct_overlap,scored_rest,2193,False,True,False
Subject18|rest|Subject18_1.edf|74.000|78.000,Subject18,rest,0,Subject18_1.edf,74.0,78.0,182.0,False,4.0,2.0,4s_windows_50pct_overlap,scored_rest,2194,False,True,False
Subject18|rest|Subject18_1.edf|76.000|80.000,Subject18,rest,0,Subject18_1.edf,76.0,80.0,182.0,False,4.0,2.0,4s_windows_50pct_overlap,scored_rest,2195,False,True,False
Subject18|rest|Subject18_1.edf|78.000|82.000,Subject18,rest,0,Subject18_1.edf,78.0,82.0,182.0,False,4.0,2.0,4s_windows_50pct_overlap,scored_rest,2196,False,True,False
Subject18|rest|Subject18_1.edf|80.000|84.000,Subject18,rest,0,Subject18_1.edf,80.0,84.0,182.0,False,4.0,2.0,4s_windows_50pct_overlap,scored_rest,2197,False,True,False
Subject18|rest|Subject18_1.edf|82.000|86.000,Subject18,rest,0,Subject18_1.edf,82.0,86.0,182.0,False,4.0,2.0,4s_windows_50pct_overlap,scored_rest,2198,False,True,False
Subject18|rest|Subject18_1.edf|84.000|88.000,Subject18,rest,0,Subject18_1.edf,84.0,88.0,182.0,False,4.0,2.0,4s_windows_50pct_overlap,scored_rest,2199,False,True,False
Subject18|rest|Subject18_1.edf|86.000|90.000,Subject18,rest,0,Subject18_1.edf,86.0,90.0,182.0,False,4.0,2.0,4s_windows_50pct_overlap,scored_rest,2200,False,True,False
Subject18|rest|Subject18_1.edf|88.000|92.000,Subject18,rest,0,Subject18_1.edf,88.0,92.0,182.0,False,4.0,2.0,4s_windows_50pct_overlap,scored_rest,2201,False,True,False
Subject18|rest|Subject18_1.edf|90.000|94.000,Subject18,rest,0,Subject18_1.edf,90.0,94.0,182.0,False,4.0,2.0,4s_windows_50pct_overlap,scored_rest,2202,False,True,False
Subject18|rest|Subject18_1.edf|92.000|96.000,Subject18,rest,0,Subject18_1.edf,92.0,96.0,182.0,False,4.0,2.0,4s_windows_50pct_overlap,scored_rest,2203,False,True,False
Subject18|rest|Subject18_1.edf|94.000|98.000,Subject18,rest,0,Subject18_1.edf,94.0,98.0,182.0,False,4.0,2.0,4s_windows_50pct_overlap,scored_rest,2204,False,True,False
Subject18|rest|Subject18_1.edf|96.000|100.000,Subject18,rest,0,Subject18_1.edf,96.0,100.0,182.0,False,4.0,2.0,4s_windows_50pct_overlap,scored_rest,2205,False,True,False
Subject18|rest|Subject18_1.edf|98.000|102.000,Subject18,rest,0,Subject18_1.edf,98.0,102.0,182.0,False,4.0,2.0,4s_windows_50pct_overlap,scored_rest,2206,False,True,False
Subject18|rest|Subject18_1.edf|100.000|104.000,Subject18,rest,0,Subject18_1.edf,100.0,104.0,182.0,False,4.0,2.0,4s_windows_50pct_overlap,scored_rest,2207,False,True,False
Subject18|rest|Subject18_1.edf|102.000|106.000,Subject18,rest,0,Subject18_1.edf,102.0,106.0,182.0,False,4.0,2.0,4s_windows_50pct_overlap,scored_rest,2208,False,True,False
Subject18|rest|Subject18_1.edf|104.000|108.000,Subject18,rest,0,Subject18_1.edf,104.0,108.0,182.0,False,4.0,2.0,4s_windows_50pct_overlap,scored_rest,2209,False,True,False
Subject18|rest|Subject18_1.edf|106.000|110.000,Subject18,rest,0,Subject18_1.edf,106.0,110.0,182.0,False,4.0,2.0,4s_windows_50pct_overlap,scored_rest,2210,False,True,False
Subject18|rest|Subject18_1.edf|108.000|112.000,Subject18,rest,0,Subject18_1.edf,108.0,112.0,182.0,False,4.0,2.0,4s_windows_50pct_overlap,scored_rest,2211,False,True,False
Subject18|rest|Subject18_1.edf|110.000|114.000,Subject18,rest,0,Subject18_1.edf,110.0,114.0,182.0,False,4.0,2.0,4s_windows_50pct_overlap,scored_rest,2212,False,True,False
Subject18|rest|Subject18_1.edf|112.000|116.000,Subject18,rest,0,Subject18_1.edf,112.0,116.0,182.0,False,4.0,2.0,4s_windows_50pct_overlap,scored_rest,2213,False,True,False
Subject18|rest|Subject18_1.edf|114.000|118.000,Subject18,rest,0,Subject18_1.edf,114.0,118.0,182.0,False,4.0,2.0,4s_windows_50pct_overlap,scored_rest,2214,False,True,False
Subject18|rest|Subject18_1.edf|116.000|120.000,Subject18,rest,0,Subject18_1.edf,116.0,120.0,182.0,False,4.0,2.0,4s_windows_50pct_overlap,scored_rest,2215,False,True,False
Subject18|rest|Subject18_1.edf|118.000|122.000,Subject18,rest,0,Subject18_1.edf,118.0,122.0,182.0,False,4.0,2.0,4s_windows_50pct_overlap,scored_rest,2216,False,True,False
Subject18|rest|Subject18_1.edf|120.000|124.000,Subject18,rest,0,Subject18_1.edf,120.0,124.0,182.0,False,4.0,2.0,4s_windows_50pct_overlap,scored_rest,2217,False,True,False
Subject18|rest|Subject18_1.edf|122.000|126.000,Subject18,rest,0,Subject18_1.edf,122.0,126.0,182.0,False,4.0,2.0,4s_windows_50pct_overlap,scored_rest,2218,False,True,False
Subject18|rest|Subject18_1.edf|124.000|128.000,Subject18,rest,0,Subject18_1.edf,124.0,128.0,182.0,False,4.0,2.0,4s_windows_50pct_overlap,scored_rest,2219,False,True,False
Subject18|rest|Subject18_1.edf|126.000|130.000,Subject18,rest,0,Subject18_1.edf,126.0,130.0,182.0,False,4.0,2.0,4s_windows_50pct_overlap,scored_rest,2220,False,True,False
Subject18|rest|Subject18_1.edf|128.000|132.000,Subject18,rest,0,Subject18_1.edf,128.0,132.0,182.0,False,4.0,2.0,4s_windows_50pct_overlap,scored_rest,2221,False,True,False
Subject18|rest|Subject18_1.edf|130.000|134.000,Subject18,rest,0,Subject18_1.edf,130.0,134.0,182.0,False,4.0,2.0,4s_windows_50pct_overlap,scored_rest,2222,False,True,False
Subject18|rest|Subject18_1.edf|132.000|136.000,Subject18,rest,0,Subject18_1.edf,132.0,136.0,182.0,False,4.0,2.0,4s_windows_50pct_overlap,scored_rest,2223,False,True,False
Subject18|rest|Subject18_1.edf|134.000|138.000,Subject18,rest,0,Subject18_1.edf,134.0,138.0,182.0,False,4.0,2.0,4s_windows_50pct_overlap,scored_rest,2224,False,True,False
Subject18|rest|Subject18_1.edf|136.000|140.000,Subject18,rest,0,Subject18_1.edf,136.0,140.0,182.0,False,4.0,2.0,4s_windows_50pct_overlap,scored_rest,2225,False,True,False
Subject18|rest|Subject18_1.edf|138.000|142.000,Subject18,rest,0,Subject18_1.edf,138.0,142.0,182.0,False,4.0,2.0,4s_windows_50pct_overlap,scored_rest,2226,False,True,False
Subject18|rest|Subject18_1.edf|140.000|144.000,Subject18,rest,0,Subject18_1.edf,140.0,144.0,182.0,False,4.0,2.0,4s_windows_50pct_overlap,scored_rest,2227,False,True,False
Subject18|rest|Subject18_1.edf|142.000|146.000,Subject18,rest,0,Subject18_1.edf,142.0,146.0,182.0,False,4.0,2.0,4s_windows_50pct_overlap,scored_rest,2228,False,True,False
Subject18|rest|Subject18_1.edf|144.000|148.000,Subject18,rest,0,Subject18_1.edf,144.0,148.0,182.0,False,4.0,2.0,4s_windows_50pct_overlap,scored_rest,2229,False,True,False
Subject18|rest|Subject18_1.edf|146.000|150.000,Subject18,rest,0,Subject18_1.edf,146.0,150.0,182.0,False,4.0,2.0,4s_windows_50pct_overlap,scored_rest,2230,False,True,False
Subject18|rest|Subject18_1.edf|148.000|152.000,Subject18,rest,0,Subject18_1.edf,148.0,152.0,182.0,False,4.0,2.0,4s_windows_50pct_overlap,scored_rest,2231,False,True,False
Subject18|rest|Subject18_1.edf|150.000|154.000,Subject18,rest,0,Subject18_1.edf,150.0,154.0,182.0,False,4.0,2.0,4s_windows_50pct_overlap,scored_rest,2232,False,True,False
Subject18|rest|Subject18_1.edf|152.000|156.000,Subject18,rest,0,Subject18_1.edf,152.0,156.0,182.0,False,4.0,2.0,4s_windows_50pct_overlap,scored_rest,2233,False,True,False
Subject18|rest|Subject18_1.edf|154.000|158.000,Subject18,rest,0,Subject18_1.edf,154.0,158.0,182.0,False,4.0,2.0,4s_windows_50pct_overlap,scored_rest,2234,False,True,False
Subject18|rest|Subject18_1.edf|156.000|160.000,Subject18,rest,0,Subject18_1.edf,156.0,160.0,182.0,False,4.0,2.0,4s_windows_50pct_overlap,scored_rest,2235,False,True,False
Subject18|rest|Subject18_1.edf|158.000|162.000,Subject18,rest,0,Subject18_1.edf,158.0,162.0,182.0,False,4.0,2.0,4s_windows_50pct_overlap,scored_rest,2236,False,True,False
Subject18|rest|Subject18_1.edf|160.000|164.000,Subject18,rest,0,Subject18_1.edf,160.0,164.0,182.0,False,4.0,2.0,4s_windows_50pct_overlap,scored_rest,2237,False,True,False
Subject18|rest|Subject18_1.edf|162.000|166.000,Subject18,rest,0,Subject18_1.edf,162.0,166.0,182.0,False,4.0,2.0,4s_windows_50pct_overlap,scored_rest,2238,False,True,False
Subject18|rest|Subject18_1.edf|164.000|168.000,Subject18,rest,0,Subject18_1.edf,164.0,168.0,182.0,False,4.0,2.0,4s_windows_50pct_overlap,scored_rest,2239,False,True,False
Subject18|rest|Subject18_1.edf|166.000|170.000,Subject18,rest,0,Subject18_1.edf,166.0,170.0,182.0,False,4.0,2.0,4s_windows_50pct_overlap,scored_rest,2240,False,True,False
Subject18|rest|Subject18_1.edf|168.000|172.000,Subject18,rest,0,Subject18_1.edf,168.0,172.0,182.0,False,4.0,2.0,4s_windows_50pct_overlap,scored_rest,2241,False,True,False
Subject18|rest|Subject18_1.edf|170.000|174.000,Subject18,rest,0,Subject18_1.edf,170.0,174.0,182.0,False,4.0,2.0,4s_windows_50pct_overlap,scored_rest,2242,False,True,False
Subject18|rest|Subject18_1.edf|172.000|176.000,Subject18,rest,0,Subject18_1.edf,172.0,176.0,182.0,False,4.0,2.0,4s_windows_50pct_overlap,scored_rest,2243,False,True,False
Subject18|rest|Subject18_1.edf|174.000|178.000,Subject18,rest,0,Subject18_1.edf,174.0,178.0,182.0,False,4.0,2.0,4s_windows_50pct_overlap,scored_rest,2244,False,True,False
Subject18|rest|Subject18_1.edf|176.000|180.000,Subject18,rest,0,Subject18_1.edf,176.0,180.0,182.0,False,4.0,2.0,4s_windows_50pct_overlap,scored_rest,2245,False,True,False
Subject18|rest|Subject18_1.edf|178.000|182.000,Subject18,rest,0,Subject18_1.edf,178.0,182.0,182.0,False,4.0,2.0,4s_windows_50pct_overlap,scored_rest,2246,False,True,False
Subject18|arithmetic|Subject18_2.edf|0.000|4.000,Subject18,arithmetic,1,Subject18_2.edf,0.0,4.0,62.0,False,4.0,2.0,4s_windows_50pct_overlap,scored_task,2247,False,True,False
Subject18|arithmetic|Subject18_2.edf|2.000|6.000,Subject18,arithmetic,1,Subject18_2.edf,2.0,6.0,62.0,False,4.0,2.0,4s_windows_50pct_overlap,scored_task,2248,False,True,False
Subject18|arithmetic|Subject18_2.edf|4.000|8.000,Subject18,arithmetic,1,Subject18_2.edf,4.0,8.0,62.0,False,4.0,2.0,4s_windows_50pct_overlap,scored_task,2249,False,True,False
Subject18|arithmetic|Subject18_2.edf|6.000|10.000,Subject18,arithmetic,1,Subject18_2.edf,6.0,10.0,62.0,False,4.0,2.0,4s_windows_50pct_overlap,scored_task,2250,False,True,False
Subject18|arithmetic|Subject18_2.edf|8.000|12.000,Subject18,arithmetic,1,Subject18_2.edf,8.0,12.0,62.0,False,4.0,2.0,4s_windows_50pct_overlap,scored_task,2251,False,True,False
Subject18|arithmetic|Subject18_2.edf|10.000|14.000,Subject18,arithmetic,1,Subject18_2.edf,10.0,14.0,62.0,False,4.0,2.0,4s_windows_50pct_overlap,scored_task,2252,False,True,False
Subject18|arithmetic|Subject18_2.edf|12.000|16.000,Subject18,arithmetic,1,Subject18_2.edf,12.0,16.0,62.0,False,4.0,2.0,4s_windows_50pct_overlap,scored_task,2253,False,True,False
Subject18|arithmetic|Subject18_2.edf|14.000|18.000,Subject18,arithmetic,1,Subject18_2.edf,14.0,18.0,62.0,False,4.0,2.0,4s_windows_50pct_overlap,scored_task,2254,False,True,False
Subject18|arithmetic|Subject18_2.edf|16.000|20.000,Subject18,arithmetic,1,Subject18_2.edf,16.0,20.0,62.0,False,4.0,2.0,4s_windows_50pct_overlap,scored_task,2255,False,True,False
Subject18|arithmetic|Subject18_2.edf|18.000|22.000,Subject18,arithmetic,1,Subject18_2.edf,18.0,22.0,62.0,False,4.0,2.0,4s_windows_50pct_overlap,scored_task,2256,False,True,False
Subject18|arithmetic|Subject18_2.edf|20.000|24.000,Subject18,arithmetic,1,Subject18_2.edf,20.0,24.0,62.0,False,4.0,2.0,4s_windows_50pct_overlap,scored_task,2257,False,True,False
Subject18|arithmetic|Subject18_2.edf|22.000|26.000,Subject18,arithmetic,1,Subject18_2.edf,22.0,26.0,62.0,False,4.0,2.0,4s_windows_50pct_overlap,scored_task,2258,False,True,False
Subject18|arithmetic|Subject18_2.edf|24.000|28.000,Subject18,arithmetic,1,Subject18_2.edf,24.0,28.0,62.0,False,4.0,2.0,4s_windows_50pct_overlap,scored_task,2259,False,True,False
Subject18|arithmetic|Subject18_2.edf|26.000|30.000,Subject18,arithmetic,1,Subject18_2.edf,26.0,30.0,62.0,False,4.0,2.0,4s_windows_50pct_overlap,scored_task,2260,False,True,False
Subject18|arithmetic|Subject18_2.edf|28.000|32.000,Subject18,arithmetic,1,Subject18_2.edf,28.0,32.0,62.0,False,4.0,2.0,4s_windows_50pct_overlap,scored_task,2261,False,True,False
Subject18|arithmetic|Subject18_2.edf|30.000|34.000,Subject18,arithmetic,1,Subject18_2.edf,30.0,34.0,62.0,False,4.0,2.0,4s_windows_50pct_overlap,scored_task,2262,False,True,False
Subject18|arithmetic|Subject18_2.edf|32.000|36.000,Subject18,arithmetic,1,Subject18_2.edf,32.0,36.0,62.0,False,4.0,2.0,4s_windows_50pct_overlap,scored_task,2263,False,True,False
Subject18|arithmetic|Subject18_2.edf|34.000|38.000,Subject18,arithmetic,1,Subject18_2.edf,34.0,38.0,62.0,False,4.0,2.0,4s_windows_50pct_overlap,scored_task,2264,False,True,False
Subject18|arithmetic|Subject18_2.edf|36.000|40.000,Subject18,arithmetic,1,Subject18_2.edf,36.0,40.0,62.0,False,4.0,2.0,4s_windows_50pct_overlap,scored_task,2265,False,True,False
Subject18|arithmetic|Subject18_2.edf|38.000|42.000,Subject18,arithmetic,1,Subject18_2.edf,38.0,42.0,62.0,False,4.0,2.0,4s_windows_50pct_overlap,scored_task,2266,False,True,False
Subject18|arithmetic|Subject18_2.edf|40.000|44.000,Subject18,arithmetic,1,Subject18_2.edf,40.0,44.0,62.0,False,4.0,2.0,4s_windows_50pct_overlap,scored_task,2267,False,True,False
Subject18|arithmetic|Subject18_2.edf|42.000|46.000,Subject18,arithmetic,1,Subject18_2.edf,42.0,46.0,62.0,False,4.0,2.0,4s_windows_50pct_overlap,scored_task,2268,False,True,False
Subject18|arithmetic|Subject18_2.edf|44.000|48.000,Subject18,arithmetic,1,Subject18_2.edf,44.0,48.0,62.0,False,4.0,2.0,4s_windows_50pct_overlap,scored_task,2269,False,True,False
Subject18|arithmetic|Subject18_2.edf|46.000|50.000,Subject18,arithmetic,1,Subject18_2.edf,46.0,50.0,62.0,False,4.0,2.0,4s_windows_50pct_overlap,scored_task,2270,False,True,False
Subject18|arithmetic|Subject18_2.edf|48.000|52.000,Subject18,arithmetic,1,Subject18_2.edf,48.0,52.0,62.0,False,4.0,2.0,4s_windows_50pct_overlap,scored_task,2271,False,True,False
Subject18|arithmetic|Subject18_2.edf|50.000|54.000,Subject18,arithmetic,1,Subject18_2.edf,50.0,54.0,62.0,False,4.0,2.0,4s_windows_50pct_overlap,scored_task,2272,False,True,False
Subject18|arithmetic|Subject18_2.edf|52.000|56.000,Subject18,arithmetic,1,Subject18_2.edf,52.0,56.0,62.0,False,4.0,2.0,4s_windows_50pct_overlap,scored_task,2273,False,True,False
Subject18|arithmetic|Subject18_2.edf|54.000|58.000,Subject18,arithmetic,1,Subject18_2.edf,54.0,58.0,62.0,False,4.0,2.0,4s_windows_50pct_overlap,scored_task,2274,False,True,False
Subject18|arithmetic|Subject18_2.edf|56.000|60.000,Subject18,arithmetic,1,Subject18_2.edf,56.0,60.0,62.0,False,4.0,2.0,4s_windows_50pct_overlap,scored_task,2275,False,True,False
Subject18|arithmetic|Subject18_2.edf|58.000|62.000,Subject18,arithmetic,1,Subject18_2.edf,58.0,62.0,62.0,False,4.0,2.0,4s_windows_50pct_overlap,scored_task,2276,False,True,False
Subject19|rest|Subject19_1.edf|0.000|4.000,Subject19,rest,0,Subject19_1.edf,0.0,4.0,182.0,False,4.0,2.0,4s_windows_50pct_overlap,calibration,2277,True,False,False
Subject19|rest|Subject19_1.edf|2.000|6.000,Subject19,rest,0,Subject19_1.edf,2.0,6.0,182.0,False,4.0,2.0,4s_windows_50pct_overlap,calibration,2278,True,False,False
Subject19|rest|Subject19_1.edf|4.000|8.000,Subject19,rest,0,Subject19_1.edf,4.0,8.0,182.0,False,4.0,2.0,4s_windows_50pct_overlap,calibration,2279,True,False,False
Subject19|rest|Subject19_1.edf|6.000|10.000,Subject19,rest,0,Subject19_1.edf,6.0,10.0,182.0,False,4.0,2.0,4s_windows_50pct_overlap,calibration,2280,True,False,False
Subject19|rest|Subject19_1.edf|8.000|12.000,Subject19,rest,0,Subject19_1.edf,8.0,12.0,182.0,False,4.0,2.0,4s_windows_50pct_overlap,calibration,2281,True,False,False
Subject19|rest|Subject19_1.edf|10.000|14.000,Subject19,rest,0,Subject19_1.edf,10.0,14.0,182.0,False,4.0,2.0,4s_windows_50pct_overlap,calibration,2282,True,False,False
Subject19|rest|Subject19_1.edf|12.000|16.000,Subject19,rest,0,Subject19_1.edf,12.0,16.0,182.0,False,4.0,2.0,4s_windows_50pct_overlap,calibration,2283,True,False,False
Subject19|rest|Subject19_1.edf|14.000|18.000,Subject19,rest,0,Subject19_1.edf,14.0,18.0,182.0,False,4.0,2.0,4s_windows_50pct_overlap,calibration,2284,True,False,False
Subject19|rest|Subject19_1.edf|16.000|20.000,Subject19,rest,0,Subject19_1.edf,16.0,20.0,182.0,False,4.0,2.0,4s_windows_50pct_overlap,calibration,2285,True,False,False
Subject19|rest|Subject19_1.edf|18.000|22.000,Subject19,rest,0,Subject19_1.edf,18.0,22.0,182.0,False,4.0,2.0,4s_windows_50pct_overlap,calibration,2286,True,False,False
Subject19|rest|Subject19_1.edf|20.000|24.000,Subject19,rest,0,Subject19_1.edf,20.0,24.0,182.0,False,4.0,2.0,4s_windows_50pct_overlap,calibration,2287,True,False,False
Subject19|rest|Subject19_1.edf|22.000|26.000,Subject19,rest,0,Subject19_1.edf,22.0,26.0,182.0,False,4.0,2.0,4s_windows_50pct_overlap,calibration,2288,True,False,False
Subject19|rest|Subject19_1.edf|24.000|28.000,Subject19,rest,0,Subject19_1.edf,24.0,28.0,182.0,False,4.0,2.0,4s_windows_50pct_overlap,calibration,2289,True,False,False
Subject19|rest|Subject19_1.edf|26.000|30.000,Subject19,rest,0,Subject19_1.edf,26.0,30.0,182.0,False,4.0,2.0,4s_windows_50pct_overlap,calibration,2290,True,False,False
Subject19|rest|Subject19_1.edf|28.000|32.000,Subject19,rest,0,Subject19_1.edf,28.0,32.0,182.0,False,4.0,2.0,4s_windows_50pct_overlap,calibration,2291,True,False,False
Subject19|rest|Subject19_1.edf|30.000|34.000,Subject19,rest,0,Subject19_1.edf,30.0,34.0,182.0,False,4.0,2.0,4s_windows_50pct_overlap,calibration,2292,True,False,False
Subject19|rest|Subject19_1.edf|32.000|36.000,Subject19,rest,0,Subject19_1.edf,32.0,36.0,182.0,False,4.0,2.0,4s_windows_50pct_overlap,calibration,2293,True,False,False
Subject19|rest|Subject19_1.edf|34.000|38.000,Subject19,rest,0,Subject19_1.edf,34.0,38.0,182.0,False,4.0,2.0,4s_windows_50pct_overlap,calibration,2294,True,False,False
Subject19|rest|Subject19_1.edf|36.000|40.000,Subject19,rest,0,Subject19_1.edf,36.0,40.0,182.0,False,4.0,2.0,4s_windows_50pct_overlap,calibration,2295,True,False,False
Subject19|rest|Subject19_1.edf|38.000|42.000,Subject19,rest,0,Subject19_1.edf,38.0,42.0,182.0,False,4.0,2.0,4s_windows_50pct_overlap,calibration,2296,True,False,False
Subject19|rest|Subject19_1.edf|40.000|44.000,Subject19,rest,0,Subject19_1.edf,40.0,44.0,182.0,False,4.0,2.0,4s_windows_50pct_overlap,calibration,2297,True,False,False
Subject19|rest|Subject19_1.edf|42.000|46.000,Subject19,rest,0,Subject19_1.edf,42.0,46.0,182.0,False,4.0,2.0,4s_windows_50pct_overlap,calibration,2298,True,False,False
Subject19|rest|Subject19_1.edf|44.000|48.000,Subject19,rest,0,Subject19_1.edf,44.0,48.0,182.0,False,4.0,2.0,4s_windows_50pct_overlap,calibration,2299,True,False,False
Subject19|rest|Subject19_1.edf|46.000|50.000,Subject19,rest,0,Subject19_1.edf,46.0,50.0,182.0,False,4.0,2.0,4s_windows_50pct_overlap,calibration,2300,True,False,False
Subject19|rest|Subject19_1.edf|48.000|52.000,Subject19,rest,0,Subject19_1.edf,48.0,52.0,182.0,False,4.0,2.0,4s_windows_50pct_overlap,calibration,2301,True,False,False
Subject19|rest|Subject19_1.edf|50.000|54.000,Subject19,rest,0,Subject19_1.edf,50.0,54.0,182.0,False,4.0,2.0,4s_windows_50pct_overlap,calibration,2302,True,False,False
Subject19|rest|Subject19_1.edf|52.000|56.000,Subject19,rest,0,Subject19_1.edf,52.0,56.0,182.0,False,4.0,2.0,4s_windows_50pct_overlap,calibration,2303,True,False,False
Subject19|rest|Subject19_1.edf|54.000|58.000,Subject19,rest,0,Subject19_1.edf,54.0,58.0,182.0,False,4.0,2.0,4s_windows_50pct_overlap,calibration,2304,True,False,False
Subject19|rest|Subject19_1.edf|56.000|60.000,Subject19,rest,0,Subject19_1.edf,56.0,60.0,182.0,False,4.0,2.0,4s_windows_50pct_overlap,calibration,2305,True,False,False
Subject19|rest|Subject19_1.edf|58.000|62.000,Subject19,rest,0,Subject19_1.edf,58.0,62.0,182.0,False,4.0,2.0,4s_windows_50pct_overlap,calibration,2306,True,False,False
Subject19|rest|Subject19_1.edf|60.000|64.000,Subject19,rest,0,Subject19_1.edf,60.0,64.0,182.0,False,4.0,2.0,4s_windows_50pct_overlap,scored_rest,2307,False,True,False
Subject19|rest|Subject19_1.edf|62.000|66.000,Subject19,rest,0,Subject19_1.edf,62.0,66.0,182.0,False,4.0,2.0,4s_windows_50pct_overlap,scored_rest,2308,False,True,False
Subject19|rest|Subject19_1.edf|64.000|68.000,Subject19,rest,0,Subject19_1.edf,64.0,68.0,182.0,False,4.0,2.0,4s_windows_50pct_overlap,scored_rest,2309,False,True,False
Subject19|rest|Subject19_1.edf|66.000|70.000,Subject19,rest,0,Subject19_1.edf,66.0,70.0,182.0,False,4.0,2.0,4s_windows_50pct_overlap,scored_rest,2310,False,True,False
Subject19|rest|Subject19_1.edf|68.000|72.000,Subject19,rest,0,Subject19_1.edf,68.0,72.0,182.0,False,4.0,2.0,4s_windows_50pct_overlap,scored_rest,2311,False,True,False
Subject19|rest|Subject19_1.edf|70.000|74.000,Subject19,rest,0,Subject19_1.edf,70.0,74.0,182.0,False,4.0,2.0,4s_windows_50pct_overlap,scored_rest,2312,False,True,False
Subject19|rest|Subject19_1.edf|72.000|76.000,Subject19,rest,0,Subject19_1.edf,72.0,76.0,182.0,False,4.0,2.0,4s_windows_50pct_overlap,scored_rest,2313,False,True,False
Subject19|rest|Subject19_1.edf|74.000|78.000,Subject19,rest,0,Subject19_1.edf,74.0,78.0,182.0,False,4.0,2.0,4s_windows_50pct_overlap,scored_rest,2314,False,True,False
Subject19|rest|Subject19_1.edf|76.000|80.000,Subject19,rest,0,Subject19_1.edf,76.0,80.0,182.0,False,4.0,2.0,4s_windows_50pct_overlap,scored_rest,2315,False,True,False
Subject19|rest|Subject19_1.edf|78.000|82.000,Subject19,rest,0,Subject19_1.edf,78.0,82.0,182.0,False,4.0,2.0,4s_windows_50pct_overlap,scored_rest,2316,False,True,False
Subject19|rest|Subject19_1.edf|80.000|84.000,Subject19,rest,0,Subject19_1.edf,80.0,84.0,182.0,False,4.0,2.0,4s_windows_50pct_overlap,scored_rest,2317,False,True,False
Subject19|rest|Subject19_1.edf|82.000|86.000,Subject19,rest,0,Subject19_1.edf,82.0,86.0,182.0,False,4.0,2.0,4s_windows_50pct_overlap,scored_rest,2318,False,True,False
Subject19|rest|Subject19_1.edf|84.000|88.000,Subject19,rest,0,Subject19_1.edf,84.0,88.0,182.0,False,4.0,2.0,4s_windows_50pct_overlap,scored_rest,2319,False,True,False
Subject19|rest|Subject19_1.edf|86.000|90.000,Subject19,rest,0,Subject19_1.edf,86.0,90.0,182.0,False,4.0,2.0,4s_windows_50pct_overlap,scored_rest,2320,False,True,False
Subject19|rest|Subject19_1.edf|88.000|92.000,Subject19,rest,0,Subject19_1.edf,88.0,92.0,182.0,False,4.0,2.0,4s_windows_50pct_overlap,scored_rest,2321,False,True,False
Subject19|rest|Subject19_1.edf|90.000|94.000,Subject19,rest,0,Subject19_1.edf,90.0,94.0,182.0,False,4.0,2.0,4s_windows_50pct_overlap,scored_rest,2322,False,True,False
Subject19|rest|Subject19_1.edf|92.000|96.000,Subject19,rest,0,Subject19_1.edf,92.0,96.0,182.0,False,4.0,2.0,4s_windows_50pct_overlap,scored_rest,2323,False,True,False
Subject19|rest|Subject19_1.edf|94.000|98.000,Subject19,rest,0,Subject19_1.edf,94.0,98.0,182.0,False,4.0,2.0,4s_windows_50pct_overlap,scored_rest,2324,False,True,False
Subject19|rest|Subject19_1.edf|96.000|100.000,Subject19,rest,0,Subject19_1.edf,96.0,100.0,182.0,False,4.0,2.0,4s_windows_50pct_overlap,scored_rest,2325,False,True,False
Subject19|rest|Subject19_1.edf|98.000|102.000,Subject19,rest,0,Subject19_1.edf,98.0,102.0,182.0,False,4.0,2.0,4s_windows_50pct_overlap,scored_rest,2326,False,True,False
Subject19|rest|Subject19_1.edf|100.000|104.000,Subject19,rest,0,Subject19_1.edf,100.0,104.0,182.0,False,4.0,2.0,4s_windows_50pct_overlap,scored_rest,2327,False,True,False
Subject19|rest|Subject19_1.edf|102.000|106.000,Subject19,rest,0,Subject19_1.edf,102.0,106.0,182.0,False,4.0,2.0,4s_windows_50pct_overlap,scored_rest,2328,False,True,False
Subject19|rest|Subject19_1.edf|104.000|108.000,Subject19,rest,0,Subject19_1.edf,104.0,108.0,182.0,False,4.0,2.0,4s_windows_50pct_overlap,scored_rest,2329,False,True,False
Subject19|rest|Subject19_1.edf|106.000|110.000,Subject19,rest,0,Subject19_1.edf,106.0,110.0,182.0,False,4.0,2.0,4s_windows_50pct_overlap,scored_rest,2330,False,True,False
Subject19|rest|Subject19_1.edf|108.000|112.000,Subject19,rest,0,Subject19_1.edf,108.0,112.0,182.0,False,4.0,2.0,4s_windows_50pct_overlap,scored_rest,2331,False,True,False
Subject19|rest|Subject19_1.edf|110.000|114.000,Subject19,rest,0,Subject19_1.edf,110.0,114.0,182.0,False,4.0,2.0,4s_windows_50pct_overlap,scored_rest,2332,False,True,False
Subject19|rest|Subject19_1.edf|112.000|116.000,Subject19,rest,0,Subject19_1.edf,112.0,116.0,182.0,False,4.0,2.0,4s_windows_50pct_overlap,scored_rest,2333,False,True,False
Subject19|rest|Subject19_1.edf|114.000|118.000,Subject19,rest,0,Subject19_1.edf,114.0,118.0,182.0,False,4.0,2.0,4s_windows_50pct_overlap,scored_rest,2334,False,True,False
Subject19|rest|Subject19_1.edf|116.000|120.000,Subject19,rest,0,Subject19_1.edf,116.0,120.0,182.0,False,4.0,2.0,4s_windows_50pct_overlap,scored_rest,2335,False,True,False
Subject19|rest|Subject19_1.edf|118.000|122.000,Subject19,rest,0,Subject19_1.edf,118.0,122.0,182.0,False,4.0,2.0,4s_windows_50pct_overlap,scored_rest,2336,False,True,False
Subject19|rest|Subject19_1.edf|120.000|124.000,Subject19,rest,0,Subject19_1.edf,120.0,124.0,182.0,False,4.0,2.0,4s_windows_50pct_overlap,scored_rest,2337,False,True,False
Subject19|rest|Subject19_1.edf|122.000|126.000,Subject19,rest,0,Subject19_1.edf,122.0,126.0,182.0,False,4.0,2.0,4s_windows_50pct_overlap,scored_rest,2338,False,True,False
Subject19|rest|Subject19_1.edf|124.000|128.000,Subject19,rest,0,Subject19_1.edf,124.0,128.0,182.0,False,4.0,2.0,4s_windows_50pct_overlap,scored_rest,2339,False,True,False
Subject19|rest|Subject19_1.edf|126.000|130.000,Subject19,rest,0,Subject19_1.edf,126.0,130.0,182.0,False,4.0,2.0,4s_windows_50pct_overlap,scored_rest,2340,False,True,False
Subject19|rest|Subject19_1.edf|128.000|132.000,Subject19,rest,0,Subject19_1.edf,128.0,132.0,182.0,False,4.0,2.0,4s_windows_50pct_overlap,scored_rest,2341,False,True,False
Subject19|rest|Subject19_1.edf|130.000|134.000,Subject19,rest,0,Subject19_1.edf,130.0,134.0,182.0,False,4.0,2.0,4s_windows_50pct_overlap,scored_rest,2342,False,True,False
Subject19|rest|Subject19_1.edf|132.000|136.000,Subject19,rest,0,Subject19_1.edf,132.0,136.0,182.0,False,4.0,2.0,4s_windows_50pct_overlap,scored_rest,2343,False,True,False
Subject19|rest|Subject19_1.edf|134.000|138.000,Subject19,rest,0,Subject19_1.edf,134.0,138.0,182.0,False,4.0,2.0,4s_windows_50pct_overlap,scored_rest,2344,False,True,False
Subject19|rest|Subject19_1.edf|136.000|140.000,Subject19,rest,0,Subject19_1.edf,136.0,140.0,182.0,False,4.0,2.0,4s_windows_50pct_overlap,scored_rest,2345,False,True,False
Subject19|rest|Subject19_1.edf|138.000|142.000,Subject19,rest,0,Subject19_1.edf,138.0,142.0,182.0,False,4.0,2.0,4s_windows_50pct_overlap,scored_rest,2346,False,True,False
Subject19|rest|Subject19_1.edf|140.000|144.000,Subject19,rest,0,Subject19_1.edf,140.0,144.0,182.0,False,4.0,2.0,4s_windows_50pct_overlap,scored_rest,2347,False,True,False
Subject19|rest|Subject19_1.edf|142.000|146.000,Subject19,rest,0,Subject19_1.edf,142.0,146.0,182.0,False,4.0,2.0,4s_windows_50pct_overlap,scored_rest,2348,False,True,False
Subject19|rest|Subject19_1.edf|144.000|148.000,Subject19,rest,0,Subject19_1.edf,144.0,148.0,182.0,False,4.0,2.0,4s_windows_50pct_overlap,scored_rest,2349,False,True,False
Subject19|rest|Subject19_1.edf|146.000|150.000,Subject19,rest,0,Subject19_1.edf,146.0,150.0,182.0,False,4.0,2.0,4s_windows_50pct_overlap,scored_rest,2350,False,True,False
Subject19|rest|Subject19_1.edf|148.000|152.000,Subject19,rest,0,Subject19_1.edf,148.0,152.0,182.0,False,4.0,2.0,4s_windows_50pct_overlap,scored_rest,2351,False,True,False
Subject19|rest|Subject19_1.edf|150.000|154.000,Subject19,rest,0,Subject19_1.edf,150.0,154.0,182.0,False,4.0,2.0,4s_windows_50pct_overlap,scored_rest,2352,False,True,False
Subject19|rest|Subject19_1.edf|152.000|156.000,Subject19,rest,0,Subject19_1.edf,152.0,156.0,182.0,False,4.0,2.0,4s_windows_50pct_overlap,scored_rest,2353,False,True,False
Subject19|rest|Subject19_1.edf|154.000|158.000,Subject19,rest,0,Subject19_1.edf,154.0,158.0,182.0,False,4.0,2.0,4s_windows_50pct_overlap,scored_rest,2354,False,True,False
Subject19|rest|Subject19_1.edf|156.000|160.000,Subject19,rest,0,Subject19_1.edf,156.0,160.0,182.0,False,4.0,2.0,4s_windows_50pct_overlap,scored_rest,2355,False,True,False
Subject19|rest|Subject19_1.edf|158.000|162.000,Subject19,rest,0,Subject19_1.edf,158.0,162.0,182.0,False,4.0,2.0,4s_windows_50pct_overlap,scored_rest,2356,False,True,False
Subject19|rest|Subject19_1.edf|160.000|164.000,Subject19,rest,0,Subject19_1.edf,160.0,164.0,182.0,False,4.0,2.0,4s_windows_50pct_overlap,scored_rest,2357,False,True,False
Subject19|rest|Subject19_1.edf|162.000|166.000,Subject19,rest,0,Subject19_1.edf,162.0,166.0,182.0,False,4.0,2.0,4s_windows_50pct_overlap,scored_rest,2358,False,True,False
Subject19|rest|Subject19_1.edf|164.000|168.000,Subject19,rest,0,Subject19_1.edf,164.0,168.0,182.0,False,4.0,2.0,4s_windows_50pct_overlap,scored_rest,2359,False,True,False
Subject19|rest|Subject19_1.edf|166.000|170.000,Subject19,rest,0,Subject19_1.edf,166.0,170.0,182.0,False,4.0,2.0,4s_windows_50pct_overlap,scored_rest,2360,False,True,False
Subject19|rest|Subject19_1.edf|168.000|172.000,Subject19,rest,0,Subject19_1.edf,168.0,172.0,182.0,False,4.0,2.0,4s_windows_50pct_overlap,scored_rest,2361,False,True,False
Subject19|rest|Subject19_1.edf|170.000|174.000,Subject19,rest,0,Subject19_1.edf,170.0,174.0,182.0,False,4.0,2.0,4s_windows_50pct_overlap,scored_rest,2362,False,True,False
Subject19|rest|Subject19_1.edf|172.000|176.000,Subject19,rest,0,Subject19_1.edf,172.0,176.0,182.0,False,4.0,2.0,4s_windows_50pct_overlap,scored_rest,2363,False,True,False
Subject19|rest|Subject19_1.edf|174.000|178.000,Subject19,rest,0,Subject19_1.edf,174.0,178.0,182.0,False,4.0,2.0,4s_windows_50pct_overlap,scored_rest,2364,False,True,False
Subject19|rest|Subject19_1.edf|176.000|180.000,Subject19,rest,0,Subject19_1.edf,176.0,180.0,182.0,False,4.0,2.0,4s_windows_50pct_overlap,scored_rest,2365,False,True,False
Subject19|rest|Subject19_1.edf|178.000|182.000,Subject19,rest,0,Subject19_1.edf,178.0,182.0,182.0,False,4.0,2.0,4s_windows_50pct_overlap,scored_rest,2366,False,True,False
Subject19|arithmetic|Subject19_2.edf|0.000|4.000,Subject19,arithmetic,1,Subject19_2.edf,0.0,4.0,62.0,False,4.0,2.0,4s_windows_50pct_overlap,scored_task,2367,False,True,False
Subject19|arithmetic|Subject19_2.edf|2.000|6.000,Subject19,arithmetic,1,Subject19_2.edf,2.0,6.0,62.0,False,4.0,2.0,4s_windows_50pct_overlap,scored_task,2368,False,True,False
Subject19|arithmetic|Subject19_2.edf|4.000|8.000,Subject19,arithmetic,1,Subject19_2.edf,4.0,8.0,62.0,False,4.0,2.0,4s_windows_50pct_overlap,scored_task,2369,False,True,False
Subject19|arithmetic|Subject19_2.edf|6.000|10.000,Subject19,arithmetic,1,Subject19_2.edf,6.0,10.0,62.0,False,4.0,2.0,4s_windows_50pct_overlap,scored_task,2370,False,True,False
Subject19|arithmetic|Subject19_2.edf|8.000|12.000,Subject19,arithmetic,1,Subject19_2.edf,8.0,12.0,62.0,False,4.0,2.0,4s_windows_50pct_overlap,scored_task,2371,False,True,False
Subject19|arithmetic|Subject19_2.edf|10.000|14.000,Subject19,arithmetic,1,Subject19_2.edf,10.0,14.0,62.0,False,4.0,2.0,4s_windows_50pct_overlap,scored_task,2372,False,True,False
Subject19|arithmetic|Subject19_2.edf|12.000|16.000,Subject19,arithmetic,1,Subject19_2.edf,12.0,16.0,62.0,False,4.0,2.0,4s_windows_50pct_overlap,scored_task,2373,False,True,False
Subject19|arithmetic|Subject19_2.edf|14.000|18.000,Subject19,arithmetic,1,Subject19_2.edf,14.0,18.0,62.0,False,4.0,2.0,4s_windows_50pct_overlap,scored_task,2374,False,True,False
Subject19|arithmetic|Subject19_2.edf|16.000|20.000,Subject19,arithmetic,1,Subject19_2.edf,16.0,20.0,62.0,False,4.0,2.0,4s_windows_50pct_overlap,scored_task,2375,False,True,False
Subject19|arithmetic|Subject19_2.edf|18.000|22.000,Subject19,arithmetic,1,Subject19_2.edf,18.0,22.0,62.0,False,4.0,2.0,4s_windows_50pct_overlap,scored_task,2376,False,True,False
Subject19|arithmetic|Subject19_2.edf|20.000|24.000,Subject19,arithmetic,1,Subject19_2.edf,20.0,24.0,62.0,False,4.0,2.0,4s_windows_50pct_overlap,scored_task,2377,False,True,False
Subject19|arithmetic|Subject19_2.edf|22.000|26.000,Subject19,arithmetic,1,Subject19_2.edf,22.0,26.0,62.0,False,4.0,2.0,4s_windows_50pct_overlap,scored_task,2378,False,True,False
Subject19|arithmetic|Subject19_2.edf|24.000|28.000,Subject19,arithmetic,1,Subject19_2.edf,24.0,28.0,62.0,False,4.0,2.0,4s_windows_50pct_overlap,scored_task,2379,False,True,False
Subject19|arithmetic|Subject19_2.edf|26.000|30.000,Subject19,arithmetic,1,Subject19_2.edf,26.0,30.0,62.0,False,4.0,2.0,4s_windows_50pct_overlap,scored_task,2380,False,True,False
Subject19|arithmetic|Subject19_2.edf|28.000|32.000,Subject19,arithmetic,1,Subject19_2.edf,28.0,32.0,62.0,False,4.0,2.0,4s_windows_50pct_overlap,scored_task,2381,False,True,False
Subject19|arithmetic|Subject19_2.edf|30.000|34.000,Subject19,arithmetic,1,Subject19_2.edf,30.0,34.0,62.0,False,4.0,2.0,4s_windows_50pct_overlap,scored_task,2382,False,True,False
Subject19|arithmetic|Subject19_2.edf|32.000|36.000,Subject19,arithmetic,1,Subject19_2.edf,32.0,36.0,62.0,False,4.0,2.0,4s_windows_50pct_overlap,scored_task,2383,False,True,False
Subject19|arithmetic|Subject19_2.edf|34.000|38.000,Subject19,arithmetic,1,Subject19_2.edf,34.0,38.0,62.0,False,4.0,2.0,4s_windows_50pct_overlap,scored_task,2384,False,True,False
Subject19|arithmetic|Subject19_2.edf|36.000|40.000,Subject19,arithmetic,1,Subject19_2.edf,36.0,40.0,62.0,False,4.0,2.0,4s_windows_50pct_overlap,scored_task,2385,False,True,False
Subject19|arithmetic|Subject19_2.edf|38.000|42.000,Subject19,arithmetic,1,Subject19_2.edf,38.0,42.0,62.0,False,4.0,2.0,4s_windows_50pct_overlap,scored_task,2386,False,True,False
Subject19|arithmetic|Subject19_2.edf|40.000|44.000,Subject19,arithmetic,1,Subject19_2.edf,40.0,44.0,62.0,False,4.0,2.0,4s_windows_50pct_overlap,scored_task,2387,False,True,False
Subject19|arithmetic|Subject19_2.edf|42.000|46.000,Subject19,arithmetic,1,Subject19_2.edf,42.0,46.0,62.0,False,4.0,2.0,4s_windows_50pct_overlap,scored_task,2388,False,True,False
Subject19|arithmetic|Subject19_2.edf|44.000|48.000,Subject19,arithmetic,1,Subject19_2.edf,44.0,48.0,62.0,False,4.0,2.0,4s_windows_50pct_overlap,scored_task,2389,False,True,False
Subject19|arithmetic|Subject19_2.edf|46.000|50.000,Subject19,arithmetic,1,Subject19_2.edf,46.0,50.0,62.0,False,4.0,2.0,4s_windows_50pct_overlap,scored_task,2390,False,True,False
Subject19|arithmetic|Subject19_2.edf|48.000|52.000,Subject19,arithmetic,1,Subject19_2.edf,48.0,52.0,62.0,False,4.0,2.0,4s_windows_50pct_overlap,scored_task,2391,False,True,False
Subject19|arithmetic|Subject19_2.edf|50.000|54.000,Subject19,arithmetic,1,Subject19_2.edf,50.0,54.0,62.0,False,4.0,2.0,4s_windows_50pct_overlap,scored_task,2392,False,True,False
Subject19|arithmetic|Subject19_2.edf|52.000|56.000,Subject19,arithmetic,1,Subject19_2.edf,52.0,56.0,62.0,False,4.0,2.0,4s_windows_50pct_overlap,scored_task,2393,False,True,False
Subject19|arithmetic|Subject19_2.edf|54.000|58.000,Subject19,arithmetic,1,Subject19_2.edf,54.0,58.0,62.0,False,4.0,2.0,4s_windows_50pct_overlap,scored_task,2394,False,True,False
Subject19|arithmetic|Subject19_2.edf|56.000|60.000,Subject19,arithmetic,1,Subject19_2.edf,56.0,60.0,62.0,False,4.0,2.0,4s_windows_50pct_overlap,scored_task,2395,False,True,False
Subject19|arithmetic|Subject19_2.edf|58.000|62.000,Subject19,arithmetic,1,Subject19_2.edf,58.0,62.0,62.0,False,4.0,2.0,4s_windows_50pct_overlap,scored_task,2396,False,True,False
Subject20|rest|Subject20_1.edf|0.000|4.000,Subject20,rest,0,Subject20_1.edf,0.0,4.0,182.0,False,4.0,2.0,4s_windows_50pct_overlap,calibration,2397,True,False,False
Subject20|rest|Subject20_1.edf|2.000|6.000,Subject20,rest,0,Subject20_1.edf,2.0,6.0,182.0,False,4.0,2.0,4s_windows_50pct_overlap,calibration,2398,True,False,False
Subject20|rest|Subject20_1.edf|4.000|8.000,Subject20,rest,0,Subject20_1.edf,4.0,8.0,182.0,False,4.0,2.0,4s_windows_50pct_overlap,calibration,2399,True,False,False
Subject20|rest|Subject20_1.edf|6.000|10.000,Subject20,rest,0,Subject20_1.edf,6.0,10.0,182.0,False,4.0,2.0,4s_windows_50pct_overlap,calibration,2400,True,False,False
Subject20|rest|Subject20_1.edf|8.000|12.000,Subject20,rest,0,Subject20_1.edf,8.0,12.0,182.0,False,4.0,2.0,4s_windows_50pct_overlap,calibration,2401,True,False,False
Subject20|rest|Subject20_1.edf|10.000|14.000,Subject20,rest,0,Subject20_1.edf,10.0,14.0,182.0,False,4.0,2.0,4s_windows_50pct_overlap,calibration,2402,True,False,False
Subject20|rest|Subject20_1.edf|12.000|16.000,Subject20,rest,0,Subject20_1.edf,12.0,16.0,182.0,False,4.0,2.0,4s_windows_50pct_overlap,calibration,2403,True,False,False
Subject20|rest|Subject20_1.edf|14.000|18.000,Subject20,rest,0,Subject20_1.edf,14.0,18.0,182.0,False,4.0,2.0,4s_windows_50pct_overlap,calibration,2404,True,False,False
Subject20|rest|Subject20_1.edf|16.000|20.000,Subject20,rest,0,Subject20_1.edf,16.0,20.0,182.0,False,4.0,2.0,4s_windows_50pct_overlap,calibration,2405,True,False,False
Subject20|rest|Subject20_1.edf|18.000|22.000,Subject20,rest,0,Subject20_1.edf,18.0,22.0,182.0,False,4.0,2.0,4s_windows_50pct_overlap,calibration,2406,True,False,False
Subject20|rest|Subject20_1.edf|20.000|24.000,Subject20,rest,0,Subject20_1.edf,20.0,24.0,182.0,False,4.0,2.0,4s_windows_50pct_overlap,calibration,2407,True,False,False
Subject20|rest|Subject20_1.edf|22.000|26.000,Subject20,rest,0,Subject20_1.edf,22.0,26.0,182.0,False,4.0,2.0,4s_windows_50pct_overlap,calibration,2408,True,False,False
Subject20|rest|Subject20_1.edf|24.000|28.000,Subject20,rest,0,Subject20_1.edf,24.0,28.0,182.0,False,4.0,2.0,4s_windows_50pct_overlap,calibration,2409,True,False,False
Subject20|rest|Subject20_1.edf|26.000|30.000,Subject20,rest,0,Subject20_1.edf,26.0,30.0,182.0,False,4.0,2.0,4s_windows_50pct_overlap,calibration,2410,True,False,False
Subject20|rest|Subject20_1.edf|28.000|32.000,Subject20,rest,0,Subject20_1.edf,28.0,32.0,182.0,False,4.0,2.0,4s_windows_50pct_overlap,calibration,2411,True,False,False
Subject20|rest|Subject20_1.edf|30.000|34.000,Subject20,rest,0,Subject20_1.edf,30.0,34.0,182.0,False,4.0,2.0,4s_windows_50pct_overlap,calibration,2412,True,False,False
Subject20|rest|Subject20_1.edf|32.000|36.000,Subject20,rest,0,Subject20_1.edf,32.0,36.0,182.0,False,4.0,2.0,4s_windows_50pct_overlap,calibration,2413,True,False,False
Subject20|rest|Subject20_1.edf|34.000|38.000,Subject20,rest,0,Subject20_1.edf,34.0,38.0,182.0,False,4.0,2.0,4s_windows_50pct_overlap,calibration,2414,True,False,False
Subject20|rest|Subject20_1.edf|36.000|40.000,Subject20,rest,0,Subject20_1.edf,36.0,40.0,182.0,False,4.0,2.0,4s_windows_50pct_overlap,calibration,2415,True,False,False
Subject20|rest|Subject20_1.edf|38.000|42.000,Subject20,rest,0,Subject20_1.edf,38.0,42.0,182.0,False,4.0,2.0,4s_windows_50pct_overlap,calibration,2416,True,False,False
Subject20|rest|Subject20_1.edf|40.000|44.000,Subject20,rest,0,Subject20_1.edf,40.0,44.0,182.0,False,4.0,2.0,4s_windows_50pct_overlap,calibration,2417,True,False,False
Subject20|rest|Subject20_1.edf|42.000|46.000,Subject20,rest,0,Subject20_1.edf,42.0,46.0,182.0,False,4.0,2.0,4s_windows_50pct_overlap,calibration,2418,True,False,False
Subject20|rest|Subject20_1.edf|44.000|48.000,Subject20,rest,0,Subject20_1.edf,44.0,48.0,182.0,False,4.0,2.0,4s_windows_50pct_overlap,calibration,2419,True,False,False
Subject20|rest|Subject20_1.edf|46.000|50.000,Subject20,rest,0,Subject20_1.edf,46.0,50.0,182.0,False,4.0,2.0,4s_windows_50pct_overlap,calibration,2420,True,False,False
Subject20|rest|Subject20_1.edf|48.000|52.000,Subject20,rest,0,Subject20_1.edf,48.0,52.0,182.0,False,4.0,2.0,4s_windows_50pct_overlap,calibration,2421,True,False,False
Subject20|rest|Subject20_1.edf|50.000|54.000,Subject20,rest,0,Subject20_1.edf,50.0,54.0,182.0,False,4.0,2.0,4s_windows_50pct_overlap,calibration,2422,True,False,False
Subject20|rest|Subject20_1.edf|52.000|56.000,Subject20,rest,0,Subject20_1.edf,52.0,56.0,182.0,False,4.0,2.0,4s_windows_50pct_overlap,calibration,2423,True,False,False
Subject20|rest|Subject20_1.edf|54.000|58.000,Subject20,rest,0,Subject20_1.edf,54.0,58.0,182.0,False,4.0,2.0,4s_windows_50pct_overlap,calibration,2424,True,False,False
Subject20|rest|Subject20_1.edf|56.000|60.000,Subject20,rest,0,Subject20_1.edf,56.0,60.0,182.0,False,4.0,2.0,4s_windows_50pct_overlap,calibration,2425,True,False,False
Subject20|rest|Subject20_1.edf|58.000|62.000,Subject20,rest,0,Subject20_1.edf,58.0,62.0,182.0,False,4.0,2.0,4s_windows_50pct_overlap,calibration,2426,True,False,False
Subject20|rest|Subject20_1.edf|60.000|64.000,Subject20,rest,0,Subject20_1.edf,60.0,64.0,182.0,False,4.0,2.0,4s_windows_50pct_overlap,scored_rest,2427,False,True,False
Subject20|rest|Subject20_1.edf|62.000|66.000,Subject20,rest,0,Subject20_1.edf,62.0,66.0,182.0,False,4.0,2.0,4s_windows_50pct_overlap,scored_rest,2428,False,True,False
Subject20|rest|Subject20_1.edf|64.000|68.000,Subject20,rest,0,Subject20_1.edf,64.0,68.0,182.0,False,4.0,2.0,4s_windows_50pct_overlap,scored_rest,2429,False,True,False
Subject20|rest|Subject20_1.edf|66.000|70.000,Subject20,rest,0,Subject20_1.edf,66.0,70.0,182.0,False,4.0,2.0,4s_windows_50pct_overlap,scored_rest,2430,False,True,False
Subject20|rest|Subject20_1.edf|68.000|72.000,Subject20,rest,0,Subject20_1.edf,68.0,72.0,182.0,False,4.0,2.0,4s_windows_50pct_overlap,scored_rest,2431,False,True,False
Subject20|rest|Subject20_1.edf|70.000|74.000,Subject20,rest,0,Subject20_1.edf,70.0,74.0,182.0,False,4.0,2.0,4s_windows_50pct_overlap,scored_rest,2432,False,True,False
Subject20|rest|Subject20_1.edf|72.000|76.000,Subject20,rest,0,Subject20_1.edf,72.0,76.0,182.0,False,4.0,2.0,4s_windows_50pct_overlap,scored_rest,2433,False,True,False
Subject20|rest|Subject20_1.edf|74.000|78.000,Subject20,rest,0,Subject20_1.edf,74.0,78.0,182.0,False,4.0,2.0,4s_windows_50pct_overlap,scored_rest,2434,False,True,False
Subject20|rest|Subject20_1.edf|76.000|80.000,Subject20,rest,0,Subject20_1.edf,76.0,80.0,182.0,False,4.0,2.0,4s_windows_50pct_overlap,scored_rest,2435,False,True,False
Subject20|rest|Subject20_1.edf|78.000|82.000,Subject20,rest,0,Subject20_1.edf,78.0,82.0,182.0,False,4.0,2.0,4s_windows_50pct_overlap,scored_rest,2436,False,True,False
Subject20|rest|Subject20_1.edf|80.000|84.000,Subject20,rest,0,Subject20_1.edf,80.0,84.0,182.0,False,4.0,2.0,4s_windows_50pct_overlap,scored_rest,2437,False,True,False
Subject20|rest|Subject20_1.edf|82.000|86.000,Subject20,rest,0,Subject20_1.edf,82.0,86.0,182.0,False,4.0,2.0,4s_windows_50pct_overlap,scored_rest,2438,False,True,False
Subject20|rest|Subject20_1.edf|84.000|88.000,Subject20,rest,0,Subject20_1.edf,84.0,88.0,182.0,False,4.0,2.0,4s_windows_50pct_overlap,scored_rest,2439,False,True,False
Subject20|rest|Subject20_1.edf|86.000|90.000,Subject20,rest,0,Subject20_1.edf,86.0,90.0,182.0,False,4.0,2.0,4s_windows_50pct_overlap,scored_rest,2440,False,True,False
Subject20|rest|Subject20_1.edf|88.000|92.000,Subject20,rest,0,Subject20_1.edf,88.0,92.0,182.0,False,4.0,2.0,4s_windows_50pct_overlap,scored_rest,2441,False,True,False
Subject20|rest|Subject20_1.edf|90.000|94.000,Subject20,rest,0,Subject20_1.edf,90.0,94.0,182.0,False,4.0,2.0,4s_windows_50pct_overlap,scored_rest,2442,False,True,False
Subject20|rest|Subject20_1.edf|92.000|96.000,Subject20,rest,0,Subject20_1.edf,92.0,96.0,182.0,False,4.0,2.0,4s_windows_50pct_overlap,scored_rest,2443,False,True,False
Subject20|rest|Subject20_1.edf|94.000|98.000,Subject20,rest,0,Subject20_1.edf,94.0,98.0,182.0,False,4.0,2.0,4s_windows_50pct_overlap,scored_rest,2444,False,True,False
Subject20|rest|Subject20_1.edf|96.000|100.000,Subject20,rest,0,Subject20_1.edf,96.0,100.0,182.0,False,4.0,2.0,4s_windows_50pct_overlap,scored_rest,2445,False,True,False
Subject20|rest|Subject20_1.edf|98.000|102.000,Subject20,rest,0,Subject20_1.edf,98.0,102.0,182.0,False,4.0,2.0,4s_windows_50pct_overlap,scored_rest,2446,False,True,False
Subject20|rest|Subject20_1.edf|100.000|104.000,Subject20,rest,0,Subject20_1.edf,100.0,104.0,182.0,False,4.0,2.0,4s_windows_50pct_overlap,scored_rest,2447,False,True,False
Subject20|rest|Subject20_1.edf|102.000|106.000,Subject20,rest,0,Subject20_1.edf,102.0,106.0,182.0,False,4.0,2.0,4s_windows_50pct_overlap,scored_rest,2448,False,True,False
Subject20|rest|Subject20_1.edf|104.000|108.000,Subject20,rest,0,Subject20_1.edf,104.0,108.0,182.0,False,4.0,2.0,4s_windows_50pct_overlap,scored_rest,2449,False,True,False
Subject20|rest|Subject20_1.edf|106.000|110.000,Subject20,rest,0,Subject20_1.edf,106.0,110.0,182.0,False,4.0,2.0,4s_windows_50pct_overlap,scored_rest,2450,False,True,False
Subject20|rest|Subject20_1.edf|108.000|112.000,Subject20,rest,0,Subject20_1.edf,108.0,112.0,182.0,False,4.0,2.0,4s_windows_50pct_overlap,scored_rest,2451,False,True,False
Subject20|rest|Subject20_1.edf|110.000|114.000,Subject20,rest,0,Subject20_1.edf,110.0,114.0,182.0,False,4.0,2.0,4s_windows_50pct_overlap,scored_rest,2452,False,True,False
Subject20|rest|Subject20_1.edf|112.000|116.000,Subject20,rest,0,Subject20_1.edf,112.0,116.0,182.0,False,4.0,2.0,4s_windows_50pct_overlap,scored_rest,2453,False,True,False
Subject20|rest|Subject20_1.edf|114.000|118.000,Subject20,rest,0,Subject20_1.edf,114.0,118.0,182.0,False,4.0,2.0,4s_windows_50pct_overlap,scored_rest,2454,False,True,False
Subject20|rest|Subject20_1.edf|116.000|120.000,Subject20,rest,0,Subject20_1.edf,116.0,120.0,182.0,False,4.0,2.0,4s_windows_50pct_overlap,scored_rest,2455,False,True,False
Subject20|rest|Subject20_1.edf|118.000|122.000,Subject20,rest,0,Subject20_1.edf,118.0,122.0,182.0,False,4.0,2.0,4s_windows_50pct_overlap,scored_rest,2456,False,True,False
Subject20|rest|Subject20_1.edf|120.000|124.000,Subject20,rest,0,Subject20_1.edf,120.0,124.0,182.0,False,4.0,2.0,4s_windows_50pct_overlap,scored_rest,2457,False,True,False
Subject20|rest|Subject20_1.edf|122.000|126.000,Subject20,rest,0,Subject20_1.edf,122.0,126.0,182.0,False,4.0,2.0,4s_windows_50pct_overlap,scored_rest,2458,False,True,False
Subject20|rest|Subject20_1.edf|124.000|128.000,Subject20,rest,0,Subject20_1.edf,124.0,128.0,182.0,False,4.0,2.0,4s_windows_50pct_overlap,scored_rest,2459,False,True,False
Subject20|rest|Subject20_1.edf|126.000|130.000,Subject20,rest,0,Subject20_1.edf,126.0,130.0,182.0,False,4.0,2.0,4s_windows_50pct_overlap,scored_rest,2460,False,True,False
Subject20|rest|Subject20_1.edf|128.000|132.000,Subject20,rest,0,Subject20_1.edf,128.0,132.0,182.0,False,4.0,2.0,4s_windows_50pct_overlap,scored_rest,2461,False,True,False
Subject20|rest|Subject20_1.edf|130.000|134.000,Subject20,rest,0,Subject20_1.edf,130.0,134.0,182.0,False,4.0,2.0,4s_windows_50pct_overlap,scored_rest,2462,False,True,False
Subject20|rest|Subject20_1.edf|132.000|136.000,Subject20,rest,0,Subject20_1.edf,132.0,136.0,182.0,False,4.0,2.0,4s_windows_50pct_overlap,scored_rest,2463,False,True,False
Subject20|rest|Subject20_1.edf|134.000|138.000,Subject20,rest,0,Subject20_1.edf,134.0,138.0,182.0,False,4.0,2.0,4s_windows_50pct_overlap,scored_rest,2464,False,True,False
Subject20|rest|Subject20_1.edf|136.000|140.000,Subject20,rest,0,Subject20_1.edf,136.0,140.0,182.0,False,4.0,2.0,4s_windows_50pct_overlap,scored_rest,2465,False,True,False
Subject20|rest|Subject20_1.edf|138.000|142.000,Subject20,rest,0,Subject20_1.edf,138.0,142.0,182.0,False,4.0,2.0,4s_windows_50pct_overlap,scored_rest,2466,False,True,False
Subject20|rest|Subject20_1.edf|140.000|144.000,Subject20,rest,0,Subject20_1.edf,140.0,144.0,182.0,False,4.0,2.0,4s_windows_50pct_overlap,scored_rest,2467,False,True,False
Subject20|rest|Subject20_1.edf|142.000|146.000,Subject20,rest,0,Subject20_1.edf,142.0,146.0,182.0,False,4.0,2.0,4s_windows_50pct_overlap,scored_rest,2468,False,True,False
Subject20|rest|Subject20_1.edf|144.000|148.000,Subject20,rest,0,Subject20_1.edf,144.0,148.0,182.0,False,4.0,2.0,4s_windows_50pct_overlap,scored_rest,2469,False,True,False
Subject20|rest|Subject20_1.edf|146.000|150.000,Subject20,rest,0,Subject20_1.edf,146.0,150.0,182.0,False,4.0,2.0,4s_windows_50pct_overlap,scored_rest,2470,False,True,False
Subject20|rest|Subject20_1.edf|148.000|152.000,Subject20,rest,0,Subject20_1.edf,148.0,152.0,182.0,False,4.0,2.0,4s_windows_50pct_overlap,scored_rest,2471,False,True,False
Subject20|rest|Subject20_1.edf|150.000|154.000,Subject20,rest,0,Subject20_1.edf,150.0,154.0,182.0,False,4.0,2.0,4s_windows_50pct_overlap,scored_rest,2472,False,True,False
Subject20|rest|Subject20_1.edf|152.000|156.000,Subject20,rest,0,Subject20_1.edf,152.0,156.0,182.0,False,4.0,2.0,4s_windows_50pct_overlap,scored_rest,2473,False,True,False
Subject20|rest|Subject20_1.edf|154.000|158.000,Subject20,rest,0,Subject20_1.edf,154.0,158.0,182.0,False,4.0,2.0,4s_windows_50pct_overlap,scored_rest,2474,False,True,False
Subject20|rest|Subject20_1.edf|156.000|160.000,Subject20,rest,0,Subject20_1.edf,156.0,160.0,182.0,False,4.0,2.0,4s_windows_50pct_overlap,scored_rest,2475,False,True,False
Subject20|rest|Subject20_1.edf|158.000|162.000,Subject20,rest,0,Subject20_1.edf,158.0,162.0,182.0,False,4.0,2.0,4s_windows_50pct_overlap,scored_rest,2476,False,True,False
Subject20|rest|Subject20_1.edf|160.000|164.000,Subject20,rest,0,Subject20_1.edf,160.0,164.0,182.0,False,4.0,2.0,4s_windows_50pct_overlap,scored_rest,2477,False,True,False
Subject20|rest|Subject20_1.edf|162.000|166.000,Subject20,rest,0,Subject20_1.edf,162.0,166.0,182.0,False,4.0,2.0,4s_windows_50pct_overlap,scored_rest,2478,False,True,False
Subject20|rest|Subject20_1.edf|164.000|168.000,Subject20,rest,0,Subject20_1.edf,164.0,168.0,182.0,False,4.0,2.0,4s_windows_50pct_overlap,scored_rest,2479,False,True,False
Subject20|rest|Subject20_1.edf|166.000|170.000,Subject20,rest,0,Subject20_1.edf,166.0,170.0,182.0,False,4.0,2.0,4s_windows_50pct_overlap,scored_rest,2480,False,True,False
Subject20|rest|Subject20_1.edf|168.000|172.000,Subject20,rest,0,Subject20_1.edf,168.0,172.0,182.0,False,4.0,2.0,4s_windows_50pct_overlap,scored_rest,2481,False,True,False
Subject20|rest|Subject20_1.edf|170.000|174.000,Subject20,rest,0,Subject20_1.edf,170.0,174.0,182.0,False,4.0,2.0,4s_windows_50pct_overlap,scored_rest,2482,False,True,False
Subject20|rest|Subject20_1.edf|172.000|176.000,Subject20,rest,0,Subject20_1.edf,172.0,176.0,182.0,False,4.0,2.0,4s_windows_50pct_overlap,scored_rest,2483,False,True,False
Subject20|rest|Subject20_1.edf|174.000|178.000,Subject20,rest,0,Subject20_1.edf,174.0,178.0,182.0,False,4.0,2.0,4s_windows_50pct_overlap,scored_rest,2484,False,True,False
Subject20|rest|Subject20_1.edf|176.000|180.000,Subject20,rest,0,Subject20_1.edf,176.0,180.0,182.0,False,4.0,2.0,4s_windows_50pct_overlap,scored_rest,2485,False,True,False
Subject20|rest|Subject20_1.edf|178.000|182.000,Subject20,rest,0,Subject20_1.edf,178.0,182.0,182.0,False,4.0,2.0,4s_windows_50pct_overlap,scored_rest,2486,False,True,False
Subject20|arithmetic|Subject20_2.edf|0.000|4.000,Subject20,arithmetic,1,Subject20_2.edf,0.0,4.0,62.0,False,4.0,2.0,4s_windows_50pct_overlap,scored_task,2487,False,True,False
Subject20|arithmetic|Subject20_2.edf|2.000|6.000,Subject20,arithmetic,1,Subject20_2.edf,2.0,6.0,62.0,False,4.0,2.0,4s_windows_50pct_overlap,scored_task,2488,False,True,False
Subject20|arithmetic|Subject20_2.edf|4.000|8.000,Subject20,arithmetic,1,Subject20_2.edf,4.0,8.0,62.0,False,4.0,2.0,4s_windows_50pct_overlap,scored_task,2489,False,True,False
Subject20|arithmetic|Subject20_2.edf|6.000|10.000,Subject20,arithmetic,1,Subject20_2.edf,6.0,10.0,62.0,False,4.0,2.0,4s_windows_50pct_overlap,scored_task,2490,False,True,False
Subject20|arithmetic|Subject20_2.edf|8.000|12.000,Subject20,arithmetic,1,Subject20_2.edf,8.0,12.0,62.0,False,4.0,2.0,4s_windows_50pct_overlap,scored_task,2491,False,True,False
Subject20|arithmetic|Subject20_2.edf|10.000|14.000,Subject20,arithmetic,1,Subject20_2.edf,10.0,14.0,62.0,False,4.0,2.0,4s_windows_50pct_overlap,scored_task,2492,False,True,False
Subject20|arithmetic|Subject20_2.edf|12.000|16.000,Subject20,arithmetic,1,Subject20_2.edf,12.0,16.0,62.0,False,4.0,2.0,4s_windows_50pct_overlap,scored_task,2493,False,True,False
Subject20|arithmetic|Subject20_2.edf|14.000|18.000,Subject20,arithmetic,1,Subject20_2.edf,14.0,18.0,62.0,False,4.0,2.0,4s_windows_50pct_overlap,scored_task,2494,False,True,False
Subject20|arithmetic|Subject20_2.edf|16.000|20.000,Subject20,arithmetic,1,Subject20_2.edf,16.0,20.0,62.0,False,4.0,2.0,4s_windows_50pct_overlap,scored_task,2495,False,True,False
Subject20|arithmetic|Subject20_2.edf|18.000|22.000,Subject20,arithmetic,1,Subject20_2.edf,18.0,22.0,62.0,False,4.0,2.0,4s_windows_50pct_overlap,scored_task,2496,False,True,False
Subject20|arithmetic|Subject20_2.edf|20.000|24.000,Subject20,arithmetic,1,Subject20_2.edf,20.0,24.0,62.0,False,4.0,2.0,4s_windows_50pct_overlap,scored_task,2497,False,True,False
Subject20|arithmetic|Subject20_2.edf|22.000|26.000,Subject20,arithmetic,1,Subject20_2.edf,22.0,26.0,62.0,False,4.0,2.0,4s_windows_50pct_overlap,scored_task,2498,False,True,False
Subject20|arithmetic|Subject20_2.edf|24.000|28.000,Subject20,arithmetic,1,Subject20_2.edf,24.0,28.0,62.0,False,4.0,2.0,4s_windows_50pct_overlap,scored_task,2499,False,True,False
Subject20|arithmetic|Subject20_2.edf|26.000|30.000,Subject20,arithmetic,1,Subject20_2.edf,26.0,30.0,62.0,False,4.0,2.0,4s_windows_50pct_overlap,scored_task,2500,False,True,False
Subject20|arithmetic|Subject20_2.edf|28.000|32.000,Subject20,arithmetic,1,Subject20_2.edf,28.0,32.0,62.0,False,4.0,2.0,4s_windows_50pct_overlap,scored_task,2501,False,True,False
Subject20|arithmetic|Subject20_2.edf|30.000|34.000,Subject20,arithmetic,1,Subject20_2.edf,30.0,34.0,62.0,False,4.0,2.0,4s_windows_50pct_overlap,scored_task,2502,False,True,False
Subject20|arithmetic|Subject20_2.edf|32.000|36.000,Subject20,arithmetic,1,Subject20_2.edf,32.0,36.0,62.0,False,4.0,2.0,4s_windows_50pct_overlap,scored_task,2503,False,True,False
Subject20|arithmetic|Subject20_2.edf|34.000|38.000,Subject20,arithmetic,1,Subject20_2.edf,34.0,38.0,62.0,False,4.0,2.0,4s_windows_50pct_overlap,scored_task,2504,False,True,False
Subject20|arithmetic|Subject20_2.edf|36.000|40.000,Subject20,arithmetic,1,Subject20_2.edf,36.0,40.0,62.0,False,4.0,2.0,4s_windows_50pct_overlap,scored_task,2505,False,True,False
Subject20|arithmetic|Subject20_2.edf|38.000|42.000,Subject20,arithmetic,1,Subject20_2.edf,38.0,42.0,62.0,False,4.0,2.0,4s_windows_50pct_overlap,scored_task,2506,False,True,False
Subject20|arithmetic|Subject20_2.edf|40.000|44.000,Subject20,arithmetic,1,Subject20_2.edf,40.0,44.0,62.0,False,4.0,2.0,4s_windows_50pct_overlap,scored_task,2507,False,True,False
Subject20|arithmetic|Subject20_2.edf|42.000|46.000,Subject20,arithmetic,1,Subject20_2.edf,42.0,46.0,62.0,False,4.0,2.0,4s_windows_50pct_overlap,scored_task,2508,False,True,False
Subject20|arithmetic|Subject20_2.edf|44.000|48.000,Subject20,arithmetic,1,Subject20_2.edf,44.0,48.0,62.0,False,4.0,2.0,4s_windows_50pct_overlap,scored_task,2509,False,True,False
Subject20|arithmetic|Subject20_2.edf|46.000|50.000,Subject20,arithmetic,1,Subject20_2.edf,46.0,50.0,62.0,False,4.0,2.0,4s_windows_50pct_overlap,scored_task,2510,False,True,False
Subject20|arithmetic|Subject20_2.edf|48.000|52.000,Subject20,arithmetic,1,Subject20_2.edf,48.0,52.0,62.0,False,4.0,2.0,4s_windows_50pct_overlap,scored_task,2511,False,True,False
Subject20|arithmetic|Subject20_2.edf|50.000|54.000,Subject20,arithmetic,1,Subject20_2.edf,50.0,54.0,62.0,False,4.0,2.0,4s_windows_50pct_overlap,scored_task,2512,False,True,False
Subject20|arithmetic|Subject20_2.edf|52.000|56.000,Subject20,arithmetic,1,Subject20_2.edf,52.0,56.0,62.0,False,4.0,2.0,4s_windows_50pct_overlap,scored_task,2513,False,True,False
Subject20|arithmetic|Subject20_2.edf|54.000|58.000,Subject20,arithmetic,1,Subject20_2.edf,54.0,58.0,62.0,False,4.0,2.0,4s_windows_50pct_overlap,scored_task,2514,False,True,False
Subject20|arithmetic|Subject20_2.edf|56.000|60.000,Subject20,arithmetic,1,Subject20_2.edf,56.0,60.0,62.0,False,4.0,2.0,4s_windows_50pct_overlap,scored_task,2515,False,True,False
Subject20|arithmetic|Subject20_2.edf|58.000|62.000,Subject20,arithmetic,1,Subject20_2.edf,58.0,62.0,62.0,False,4.0,2.0,4s_windows_50pct_overlap,scored_task,2516,False,True,False
Subject21|rest|Subject21_1.edf|0.000|4.000,Subject21,rest,0,Subject21_1.edf,0.0,4.0,182.0,False,4.0,2.0,4s_windows_50pct_overlap,calibration,2517,True,False,False
Subject21|rest|Subject21_1.edf|2.000|6.000,Subject21,rest,0,Subject21_1.edf,2.0,6.0,182.0,False,4.0,2.0,4s_windows_50pct_overlap,calibration,2518,True,False,False
Subject21|rest|Subject21_1.edf|4.000|8.000,Subject21,rest,0,Subject21_1.edf,4.0,8.0,182.0,False,4.0,2.0,4s_windows_50pct_overlap,calibration,2519,True,False,False
Subject21|rest|Subject21_1.edf|6.000|10.000,Subject21,rest,0,Subject21_1.edf,6.0,10.0,182.0,False,4.0,2.0,4s_windows_50pct_overlap,calibration,2520,True,False,False
Subject21|rest|Subject21_1.edf|8.000|12.000,Subject21,rest,0,Subject21_1.edf,8.0,12.0,182.0,False,4.0,2.0,4s_windows_50pct_overlap,calibration,2521,True,False,False
Subject21|rest|Subject21_1.edf|10.000|14.000,Subject21,rest,0,Subject21_1.edf,10.0,14.0,182.0,False,4.0,2.0,4s_windows_50pct_overlap,calibration,2522,True,False,False
Subject21|rest|Subject21_1.edf|12.000|16.000,Subject21,rest,0,Subject21_1.edf,12.0,16.0,182.0,False,4.0,2.0,4s_windows_50pct_overlap,calibration,2523,True,False,False
Subject21|rest|Subject21_1.edf|14.000|18.000,Subject21,rest,0,Subject21_1.edf,14.0,18.0,182.0,False,4.0,2.0,4s_windows_50pct_overlap,calibration,2524,True,False,False
Subject21|rest|Subject21_1.edf|16.000|20.000,Subject21,rest,0,Subject21_1.edf,16.0,20.0,182.0,False,4.0,2.0,4s_windows_50pct_overlap,calibration,2525,True,False,False
Subject21|rest|Subject21_1.edf|18.000|22.000,Subject21,rest,0,Subject21_1.edf,18.0,22.0,182.0,False,4.0,2.0,4s_windows_50pct_overlap,calibration,2526,True,False,False
Subject21|rest|Subject21_1.edf|20.000|24.000,Subject21,rest,0,Subject21_1.edf,20.0,24.0,182.0,False,4.0,2.0,4s_windows_50pct_overlap,calibration,2527,True,False,False
Subject21|rest|Subject21_1.edf|22.000|26.000,Subject21,rest,0,Subject21_1.edf,22.0,26.0,182.0,False,4.0,2.0,4s_windows_50pct_overlap,calibration,2528,True,False,False
Subject21|rest|Subject21_1.edf|24.000|28.000,Subject21,rest,0,Subject21_1.edf,24.0,28.0,182.0,False,4.0,2.0,4s_windows_50pct_overlap,calibration,2529,True,False,False
Subject21|rest|Subject21_1.edf|26.000|30.000,Subject21,rest,0,Subject21_1.edf,26.0,30.0,182.0,False,4.0,2.0,4s_windows_50pct_overlap,calibration,2530,True,False,False
Subject21|rest|Subject21_1.edf|28.000|32.000,Subject21,rest,0,Subject21_1.edf,28.0,32.0,182.0,False,4.0,2.0,4s_windows_50pct_overlap,calibration,2531,True,False,False
Subject21|rest|Subject21_1.edf|30.000|34.000,Subject21,rest,0,Subject21_1.edf,30.0,34.0,182.0,False,4.0,2.0,4s_windows_50pct_overlap,calibration,2532,True,False,False
Subject21|rest|Subject21_1.edf|32.000|36.000,Subject21,rest,0,Subject21_1.edf,32.0,36.0,182.0,False,4.0,2.0,4s_windows_50pct_overlap,calibration,2533,True,False,False
Subject21|rest|Subject21_1.edf|34.000|38.000,Subject21,rest,0,Subject21_1.edf,34.0,38.0,182.0,False,4.0,2.0,4s_windows_50pct_overlap,calibration,2534,True,False,False
Subject21|rest|Subject21_1.edf|36.000|40.000,Subject21,rest,0,Subject21_1.edf,36.0,40.0,182.0,False,4.0,2.0,4s_windows_50pct_overlap,calibration,2535,True,False,False
Subject21|rest|Subject21_1.edf|38.000|42.000,Subject21,rest,0,Subject21_1.edf,38.0,42.0,182.0,False,4.0,2.0,4s_windows_50pct_overlap,calibration,2536,True,False,False
Subject21|rest|Subject21_1.edf|40.000|44.000,Subject21,rest,0,Subject21_1.edf,40.0,44.0,182.0,False,4.0,2.0,4s_windows_50pct_overlap,calibration,2537,True,False,False
Subject21|rest|Subject21_1.edf|42.000|46.000,Subject21,rest,0,Subject21_1.edf,42.0,46.0,182.0,False,4.0,2.0,4s_windows_50pct_overlap,calibration,2538,True,False,False
Subject21|rest|Subject21_1.edf|44.000|48.000,Subject21,rest,0,Subject21_1.edf,44.0,48.0,182.0,False,4.0,2.0,4s_windows_50pct_overlap,calibration,2539,True,False,False
Subject21|rest|Subject21_1.edf|46.000|50.000,Subject21,rest,0,Subject21_1.edf,46.0,50.0,182.0,False,4.0,2.0,4s_windows_50pct_overlap,calibration,2540,True,False,False
Subject21|rest|Subject21_1.edf|48.000|52.000,Subject21,rest,0,Subject21_1.edf,48.0,52.0,182.0,False,4.0,2.0,4s_windows_50pct_overlap,calibration,2541,True,False,False
Subject21|rest|Subject21_1.edf|50.000|54.000,Subject21,rest,0,Subject21_1.edf,50.0,54.0,182.0,False,4.0,2.0,4s_windows_50pct_overlap,calibration,2542,True,False,False
Subject21|rest|Subject21_1.edf|52.000|56.000,Subject21,rest,0,Subject21_1.edf,52.0,56.0,182.0,False,4.0,2.0,4s_windows_50pct_overlap,calibration,2543,True,False,False
Subject21|rest|Subject21_1.edf|54.000|58.000,Subject21,rest,0,Subject21_1.edf,54.0,58.0,182.0,False,4.0,2.0,4s_windows_50pct_overlap,calibration,2544,True,False,False
Subject21|rest|Subject21_1.edf|56.000|60.000,Subject21,rest,0,Subject21_1.edf,56.0,60.0,182.0,False,4.0,2.0,4s_windows_50pct_overlap,calibration,2545,True,False,False
Subject21|rest|Subject21_1.edf|58.000|62.000,Subject21,rest,0,Subject21_1.edf,58.0,62.0,182.0,False,4.0,2.0,4s_windows_50pct_overlap,calibration,2546,True,False,False
Subject21|rest|Subject21_1.edf|60.000|64.000,Subject21,rest,0,Subject21_1.edf,60.0,64.0,182.0,False,4.0,2.0,4s_windows_50pct_overlap,scored_rest,2547,False,True,False
Subject21|rest|Subject21_1.edf|62.000|66.000,Subject21,rest,0,Subject21_1.edf,62.0,66.0,182.0,False,4.0,2.0,4s_windows_50pct_overlap,scored_rest,2548,False,True,False
Subject21|rest|Subject21_1.edf|64.000|68.000,Subject21,rest,0,Subject21_1.edf,64.0,68.0,182.0,False,4.0,2.0,4s_windows_50pct_overlap,scored_rest,2549,False,True,False
Subject21|rest|Subject21_1.edf|66.000|70.000,Subject21,rest,0,Subject21_1.edf,66.0,70.0,182.0,False,4.0,2.0,4s_windows_50pct_overlap,scored_rest,2550,False,True,False
Subject21|rest|Subject21_1.edf|68.000|72.000,Subject21,rest,0,Subject21_1.edf,68.0,72.0,182.0,False,4.0,2.0,4s_windows_50pct_overlap,scored_rest,2551,False,True,False
Subject21|rest|Subject21_1.edf|70.000|74.000,Subject21,rest,0,Subject21_1.edf,70.0,74.0,182.0,False,4.0,2.0,4s_windows_50pct_overlap,scored_rest,2552,False,True,False
Subject21|rest|Subject21_1.edf|72.000|76.000,Subject21,rest,0,Subject21_1.edf,72.0,76.0,182.0,False,4.0,2.0,4s_windows_50pct_overlap,scored_rest,2553,False,True,False
Subject21|rest|Subject21_1.edf|74.000|78.000,Subject21,rest,0,Subject21_1.edf,74.0,78.0,182.0,False,4.0,2.0,4s_windows_50pct_overlap,scored_rest,2554,False,True,False
Subject21|rest|Subject21_1.edf|76.000|80.000,Subject21,rest,0,Subject21_1.edf,76.0,80.0,182.0,False,4.0,2.0,4s_windows_50pct_overlap,scored_rest,2555,False,True,False
Subject21|rest|Subject21_1.edf|78.000|82.000,Subject21,rest,0,Subject21_1.edf,78.0,82.0,182.0,False,4.0,2.0,4s_windows_50pct_overlap,scored_rest,2556,False,True,False
Subject21|rest|Subject21_1.edf|80.000|84.000,Subject21,rest,0,Subject21_1.edf,80.0,84.0,182.0,False,4.0,2.0,4s_windows_50pct_overlap,scored_rest,2557,False,True,False
Subject21|rest|Subject21_1.edf|82.000|86.000,Subject21,rest,0,Subject21_1.edf,82.0,86.0,182.0,False,4.0,2.0,4s_windows_50pct_overlap,scored_rest,2558,False,True,False
Subject21|rest|Subject21_1.edf|84.000|88.000,Subject21,rest,0,Subject21_1.edf,84.0,88.0,182.0,False,4.0,2.0,4s_windows_50pct_overlap,scored_rest,2559,False,True,False
Subject21|rest|Subject21_1.edf|86.000|90.000,Subject21,rest,0,Subject21_1.edf,86.0,90.0,182.0,False,4.0,2.0,4s_windows_50pct_overlap,scored_rest,2560,False,True,False
Subject21|rest|Subject21_1.edf|88.000|92.000,Subject21,rest,0,Subject21_1.edf,88.0,92.0,182.0,False,4.0,2.0,4s_windows_50pct_overlap,scored_rest,2561,False,True,False
Subject21|rest|Subject21_1.edf|90.000|94.000,Subject21,rest,0,Subject21_1.edf,90.0,94.0,182.0,False,4.0,2.0,4s_windows_50pct_overlap,scored_rest,2562,False,True,False
Subject21|rest|Subject21_1.edf|92.000|96.000,Subject21,rest,0,Subject21_1.edf,92.0,96.0,182.0,False,4.0,2.0,4s_windows_50pct_overlap,scored_rest,2563,False,True,False
Subject21|rest|Subject21_1.edf|94.000|98.000,Subject21,rest,0,Subject21_1.edf,94.0,98.0,182.0,False,4.0,2.0,4s_windows_50pct_overlap,scored_rest,2564,False,True,False
Subject21|rest|Subject21_1.edf|96.000|100.000,Subject21,rest,0,Subject21_1.edf,96.0,100.0,182.0,False,4.0,2.0,4s_windows_50pct_overlap,scored_rest,2565,False,True,False
Subject21|rest|Subject21_1.edf|98.000|102.000,Subject21,rest,0,Subject21_1.edf,98.0,102.0,182.0,False,4.0,2.0,4s_windows_50pct_overlap,scored_rest,2566,False,True,False
Subject21|rest|Subject21_1.edf|100.000|104.000,Subject21,rest,0,Subject21_1.edf,100.0,104.0,182.0,False,4.0,2.0,4s_windows_50pct_overlap,scored_rest,2567,False,True,False
Subject21|rest|Subject21_1.edf|102.000|106.000,Subject21,rest,0,Subject21_1.edf,102.0,106.0,182.0,False,4.0,2.0,4s_windows_50pct_overlap,scored_rest,2568,False,True,False
Subject21|rest|Subject21_1.edf|104.000|108.000,Subject21,rest,0,Subject21_1.edf,104.0,108.0,182.0,False,4.0,2.0,4s_windows_50pct_overlap,scored_rest,2569,False,True,False
Subject21|rest|Subject21_1.edf|106.000|110.000,Subject21,rest,0,Subject21_1.edf,106.0,110.0,182.0,False,4.0,2.0,4s_windows_50pct_overlap,scored_rest,2570,False,True,False
Subject21|rest|Subject21_1.edf|108.000|112.000,Subject21,rest,0,Subject21_1.edf,108.0,112.0,182.0,False,4.0,2.0,4s_windows_50pct_overlap,scored_rest,2571,False,True,False
Subject21|rest|Subject21_1.edf|110.000|114.000,Subject21,rest,0,Subject21_1.edf,110.0,114.0,182.0,False,4.0,2.0,4s_windows_50pct_overlap,scored_rest,2572,False,True,False
Subject21|rest|Subject21_1.edf|112.000|116.000,Subject21,rest,0,Subject21_1.edf,112.0,116.0,182.0,False,4.0,2.0,4s_windows_50pct_overlap,scored_rest,2573,False,True,False
Subject21|rest|Subject21_1.edf|114.000|118.000,Subject21,rest,0,Subject21_1.edf,114.0,118.0,182.0,False,4.0,2.0,4s_windows_50pct_overlap,scored_rest,2574,False,True,False
Subject21|rest|Subject21_1.edf|116.000|120.000,Subject21,rest,0,Subject21_1.edf,116.0,120.0,182.0,False,4.0,2.0,4s_windows_50pct_overlap,scored_rest,2575,False,True,False
Subject21|rest|Subject21_1.edf|118.000|122.000,Subject21,rest,0,Subject21_1.edf,118.0,122.0,182.0,False,4.0,2.0,4s_windows_50pct_overlap,scored_rest,2576,False,True,False
Subject21|rest|Subject21_1.edf|120.000|124.000,Subject21,rest,0,Subject21_1.edf,120.0,124.0,182.0,False,4.0,2.0,4s_windows_50pct_overlap,scored_rest,2577,False,True,False
Subject21|rest|Subject21_1.edf|122.000|126.000,Subject21,rest,0,Subject21_1.edf,122.0,126.0,182.0,False,4.0,2.0,4s_windows_50pct_overlap,scored_rest,2578,False,True,False
Subject21|rest|Subject21_1.edf|124.000|128.000,Subject21,rest,0,Subject21_1.edf,124.0,128.0,182.0,False,4.0,2.0,4s_windows_50pct_overlap,scored_rest,2579,False,True,False
Subject21|rest|Subject21_1.edf|126.000|130.000,Subject21,rest,0,Subject21_1.edf,126.0,130.0,182.0,False,4.0,2.0,4s_windows_50pct_overlap,scored_rest,2580,False,True,False
Subject21|rest|Subject21_1.edf|128.000|132.000,Subject21,rest,0,Subject21_1.edf,128.0,132.0,182.0,False,4.0,2.0,4s_windows_50pct_overlap,scored_rest,2581,False,True,False
Subject21|rest|Subject21_1.edf|130.000|134.000,Subject21,rest,0,Subject21_1.edf,130.0,134.0,182.0,False,4.0,2.0,4s_windows_50pct_overlap,scored_rest,2582,False,True,False
Subject21|rest|Subject21_1.edf|132.000|136.000,Subject21,rest,0,Subject21_1.edf,132.0,136.0,182.0,False,4.0,2.0,4s_windows_50pct_overlap,scored_rest,2583,False,True,False
Subject21|rest|Subject21_1.edf|134.000|138.000,Subject21,rest,0,Subject21_1.edf,134.0,138.0,182.0,False,4.0,2.0,4s_windows_50pct_overlap,scored_rest,2584,False,True,False
Subject21|rest|Subject21_1.edf|136.000|140.000,Subject21,rest,0,Subject21_1.edf,136.0,140.0,182.0,False,4.0,2.0,4s_windows_50pct_overlap,scored_rest,2585,False,True,False
Subject21|rest|Subject21_1.edf|138.000|142.000,Subject21,rest,0,Subject21_1.edf,138.0,142.0,182.0,False,4.0,2.0,4s_windows_50pct_overlap,scored_rest,2586,False,True,False
Subject21|rest|Subject21_1.edf|140.000|144.000,Subject21,rest,0,Subject21_1.edf,140.0,144.0,182.0,False,4.0,2.0,4s_windows_50pct_overlap,scored_rest,2587,False,True,False
Subject21|rest|Subject21_1.edf|142.000|146.000,Subject21,rest,0,Subject21_1.edf,142.0,146.0,182.0,False,4.0,2.0,4s_windows_50pct_overlap,scored_rest,2588,False,True,False
Subject21|rest|Subject21_1.edf|144.000|148.000,Subject21,rest,0,Subject21_1.edf,144.0,148.0,182.0,False,4.0,2.0,4s_windows_50pct_overlap,scored_rest,2589,False,True,False
Subject21|rest|Subject21_1.edf|146.000|150.000,Subject21,rest,0,Subject21_1.edf,146.0,150.0,182.0,False,4.0,2.0,4s_windows_50pct_overlap,scored_rest,2590,False,True,False
Subject21|rest|Subject21_1.edf|148.000|152.000,Subject21,rest,0,Subject21_1.edf,148.0,152.0,182.0,False,4.0,2.0,4s_windows_50pct_overlap,scored_rest,2591,False,True,False
Subject21|rest|Subject21_1.edf|150.000|154.000,Subject21,rest,0,Subject21_1.edf,150.0,154.0,182.0,False,4.0,2.0,4s_windows_50pct_overlap,scored_rest,2592,False,True,False
Subject21|rest|Subject21_1.edf|152.000|156.000,Subject21,rest,0,Subject21_1.edf,152.0,156.0,182.0,False,4.0,2.0,4s_windows_50pct_overlap,scored_rest,2593,False,True,False
Subject21|rest|Subject21_1.edf|154.000|158.000,Subject21,rest,0,Subject21_1.edf,154.0,158.0,182.0,False,4.0,2.0,4s_windows_50pct_overlap,scored_rest,2594,False,True,False
Subject21|rest|Subject21_1.edf|156.000|160.000,Subject21,rest,0,Subject21_1.edf,156.0,160.0,182.0,False,4.0,2.0,4s_windows_50pct_overlap,scored_rest,2595,False,True,False
Subject21|rest|Subject21_1.edf|158.000|162.000,Subject21,rest,0,Subject21_1.edf,158.0,162.0,182.0,False,4.0,2.0,4s_windows_50pct_overlap,scored_rest,2596,False,True,False
Subject21|rest|Subject21_1.edf|160.000|164.000,Subject21,rest,0,Subject21_1.edf,160.0,164.0,182.0,False,4.0,2.0,4s_windows_50pct_overlap,scored_rest,2597,False,True,False
Subject21|rest|Subject21_1.edf|162.000|166.000,Subject21,rest,0,Subject21_1.edf,162.0,166.0,182.0,False,4.0,2.0,4s_windows_50pct_overlap,scored_rest,2598,False,True,False
Subject21|rest|Subject21_1.edf|164.000|168.000,Subject21,rest,0,Subject21_1.edf,164.0,168.0,182.0,False,4.0,2.0,4s_windows_50pct_overlap,scored_rest,2599,False,True,False
Subject21|rest|Subject21_1.edf|166.000|170.000,Subject21,rest,0,Subject21_1.edf,166.0,170.0,182.0,False,4.0,2.0,4s_windows_50pct_overlap,scored_rest,2600,False,True,False
Subject21|rest|Subject21_1.edf|168.000|172.000,Subject21,rest,0,Subject21_1.edf,168.0,172.0,182.0,False,4.0,2.0,4s_windows_50pct_overlap,scored_rest,2601,False,True,False
Subject21|rest|Subject21_1.edf|170.000|174.000,Subject21,rest,0,Subject21_1.edf,170.0,174.0,182.0,False,4.0,2.0,4s_windows_50pct_overlap,scored_rest,2602,False,True,False
Subject21|rest|Subject21_1.edf|172.000|176.000,Subject21,rest,0,Subject21_1.edf,172.0,176.0,182.0,False,4.0,2.0,4s_windows_50pct_overlap,scored_rest,2603,False,True,False
Subject21|rest|Subject21_1.edf|174.000|178.000,Subject21,rest,0,Subject21_1.edf,174.0,178.0,182.0,False,4.0,2.0,4s_windows_50pct_overlap,scored_rest,2604,False,True,False
Subject21|rest|Subject21_1.edf|176.000|180.000,Subject21,rest,0,Subject21_1.edf,176.0,180.0,182.0,False,4.0,2.0,4s_windows_50pct_overlap,scored_rest,2605,False,True,False
Subject21|rest|Subject21_1.edf|178.000|182.000,Subject21,rest,0,Subject21_1.edf,178.0,182.0,182.0,False,4.0,2.0,4s_windows_50pct_overlap,scored_rest,2606,False,True,False
Subject21|arithmetic|Subject21_2.edf|0.000|4.000,Subject21,arithmetic,1,Subject21_2.edf,0.0,4.0,62.0,False,4.0,2.0,4s_windows_50pct_overlap,scored_task,2607,False,True,False
Subject21|arithmetic|Subject21_2.edf|2.000|6.000,Subject21,arithmetic,1,Subject21_2.edf,2.0,6.0,62.0,False,4.0,2.0,4s_windows_50pct_overlap,scored_task,2608,False,True,False
Subject21|arithmetic|Subject21_2.edf|4.000|8.000,Subject21,arithmetic,1,Subject21_2.edf,4.0,8.0,62.0,False,4.0,2.0,4s_windows_50pct_overlap,scored_task,2609,False,True,False
Subject21|arithmetic|Subject21_2.edf|6.000|10.000,Subject21,arithmetic,1,Subject21_2.edf,6.0,10.0,62.0,False,4.0,2.0,4s_windows_50pct_overlap,scored_task,2610,False,True,False
Subject21|arithmetic|Subject21_2.edf|8.000|12.000,Subject21,arithmetic,1,Subject21_2.edf,8.0,12.0,62.0,False,4.0,2.0,4s_windows_50pct_overlap,scored_task,2611,False,True,False
Subject21|arithmetic|Subject21_2.edf|10.000|14.000,Subject21,arithmetic,1,Subject21_2.edf,10.0,14.0,62.0,False,4.0,2.0,4s_windows_50pct_overlap,scored_task,2612,False,True,False
Subject21|arithmetic|Subject21_2.edf|12.000|16.000,Subject21,arithmetic,1,Subject21_2.edf,12.0,16.0,62.0,False,4.0,2.0,4s_windows_50pct_overlap,scored_task,2613,False,True,False
Subject21|arithmetic|Subject21_2.edf|14.000|18.000,Subject21,arithmetic,1,Subject21_2.edf,14.0,18.0,62.0,False,4.0,2.0,4s_windows_50pct_overlap,scored_task,2614,False,True,False
Subject21|arithmetic|Subject21_2.edf|16.000|20.000,Subject21,arithmetic,1,Subject21_2.edf,16.0,20.0,62.0,False,4.0,2.0,4s_windows_50pct_overlap,scored_task,2615,False,True,False
Subject21|arithmetic|Subject21_2.edf|18.000|22.000,Subject21,arithmetic,1,Subject21_2.edf,18.0,22.0,62.0,False,4.0,2.0,4s_windows_50pct_overlap,scored_task,2616,False,True,False
Subject21|arithmetic|Subject21_2.edf|20.000|24.000,Subject21,arithmetic,1,Subject21_2.edf,20.0,24.0,62.0,False,4.0,2.0,4s_windows_50pct_overlap,scored_task,2617,False,True,False
Subject21|arithmetic|Subject21_2.edf|22.000|26.000,Subject21,arithmetic,1,Subject21_2.edf,22.0,26.0,62.0,False,4.0,2.0,4s_windows_50pct_overlap,scored_task,2618,False,True,False
Subject21|arithmetic|Subject21_2.edf|24.000|28.000,Subject21,arithmetic,1,Subject21_2.edf,24.0,28.0,62.0,False,4.0,2.0,4s_windows_50pct_overlap,scored_task,2619,False,True,False
Subject21|arithmetic|Subject21_2.edf|26.000|30.000,Subject21,arithmetic,1,Subject21_2.edf,26.0,30.0,62.0,False,4.0,2.0,4s_windows_50pct_overlap,scored_task,2620,False,True,False
Subject21|arithmetic|Subject21_2.edf|28.000|32.000,Subject21,arithmetic,1,Subject21_2.edf,28.0,32.0,62.0,False,4.0,2.0,4s_windows_50pct_overlap,scored_task,2621,False,True,False
Subject21|arithmetic|Subject21_2.edf|30.000|34.000,Subject21,arithmetic,1,Subject21_2.edf,30.0,34.0,62.0,False,4.0,2.0,4s_windows_50pct_overlap,scored_task,2622,False,True,False
Subject21|arithmetic|Subject21_2.edf|32.000|36.000,Subject21,arithmetic,1,Subject21_2.edf,32.0,36.0,62.0,False,4.0,2.0,4s_windows_50pct_overlap,scored_task,2623,False,True,False
Subject21|arithmetic|Subject21_2.edf|34.000|38.000,Subject21,arithmetic,1,Subject21_2.edf,34.0,38.0,62.0,False,4.0,2.0,4s_windows_50pct_overlap,scored_task,2624,False,True,False
Subject21|arithmetic|Subject21_2.edf|36.000|40.000,Subject21,arithmetic,1,Subject21_2.edf,36.0,40.0,62.0,False,4.0,2.0,4s_windows_50pct_overlap,scored_task,2625,False,True,False
Subject21|arithmetic|Subject21_2.edf|38.000|42.000,Subject21,arithmetic,1,Subject21_2.edf,38.0,42.0,62.0,False,4.0,2.0,4s_windows_50pct_overlap,scored_task,2626,False,True,False
Subject21|arithmetic|Subject21_2.edf|40.000|44.000,Subject21,arithmetic,1,Subject21_2.edf,40.0,44.0,62.0,False,4.0,2.0,4s_windows_50pct_overlap,scored_task,2627,False,True,False
Subject21|arithmetic|Subject21_2.edf|42.000|46.000,Subject21,arithmetic,1,Subject21_2.edf,42.0,46.0,62.0,False,4.0,2.0,4s_windows_50pct_overlap,scored_task,2628,False,True,False
Subject21|arithmetic|Subject21_2.edf|44.000|48.000,Subject21,arithmetic,1,Subject21_2.edf,44.0,48.0,62.0,False,4.0,2.0,4s_windows_50pct_overlap,scored_task,2629,False,True,False
Subject21|arithmetic|Subject21_2.edf|46.000|50.000,Subject21,arithmetic,1,Subject21_2.edf,46.0,50.0,62.0,False,4.0,2.0,4s_windows_50pct_overlap,scored_task,2630,False,True,False
Subject21|arithmetic|Subject21_2.edf|48.000|52.000,Subject21,arithmetic,1,Subject21_2.edf,48.0,52.0,62.0,False,4.0,2.0,4s_windows_50pct_overlap,scored_task,2631,False,True,False
Subject21|arithmetic|Subject21_2.edf|50.000|54.000,Subject21,arithmetic,1,Subject21_2.edf,50.0,54.0,62.0,False,4.0,2.0,4s_windows_50pct_overlap,scored_task,2632,False,True,False
Subject21|arithmetic|Subject21_2.edf|52.000|56.000,Subject21,arithmetic,1,Subject21_2.edf,52.0,56.0,62.0,False,4.0,2.0,4s_windows_50pct_overlap,scored_task,2633,False,True,False
Subject21|arithmetic|Subject21_2.edf|54.000|58.000,Subject21,arithmetic,1,Subject21_2.edf,54.0,58.0,62.0,False,4.0,2.0,4s_windows_50pct_overlap,scored_task,2634,False,True,False
Subject21|arithmetic|Subject21_2.edf|56.000|60.000,Subject21,arithmetic,1,Subject21_2.edf,56.0,60.0,62.0,False,4.0,2.0,4s_windows_50pct_overlap,scored_task,2635,False,True,False
Subject21|arithmetic|Subject21_2.edf|58.000|62.000,Subject21,arithmetic,1,Subject21_2.edf,58.0,62.0,62.0,False,4.0,2.0,4s_windows_50pct_overlap,scored_task,2636,False,True,False
Subject22|rest|Subject22_1.edf|0.000|4.000,Subject22,rest,0,Subject22_1.edf,0.0,4.0,182.0,False,4.0,2.0,4s_windows_50pct_overlap,calibration,2637,True,False,False
Subject22|rest|Subject22_1.edf|2.000|6.000,Subject22,rest,0,Subject22_1.edf,2.0,6.0,182.0,False,4.0,2.0,4s_windows_50pct_overlap,calibration,2638,True,False,False
Subject22|rest|Subject22_1.edf|4.000|8.000,Subject22,rest,0,Subject22_1.edf,4.0,8.0,182.0,False,4.0,2.0,4s_windows_50pct_overlap,calibration,2639,True,False,False
Subject22|rest|Subject22_1.edf|6.000|10.000,Subject22,rest,0,Subject22_1.edf,6.0,10.0,182.0,False,4.0,2.0,4s_windows_50pct_overlap,calibration,2640,True,False,False
Subject22|rest|Subject22_1.edf|8.000|12.000,Subject22,rest,0,Subject22_1.edf,8.0,12.0,182.0,False,4.0,2.0,4s_windows_50pct_overlap,calibration,2641,True,False,False
Subject22|rest|Subject22_1.edf|10.000|14.000,Subject22,rest,0,Subject22_1.edf,10.0,14.0,182.0,False,4.0,2.0,4s_windows_50pct_overlap,calibration,2642,True,False,False
Subject22|rest|Subject22_1.edf|12.000|16.000,Subject22,rest,0,Subject22_1.edf,12.0,16.0,182.0,False,4.0,2.0,4s_windows_50pct_overlap,calibration,2643,True,False,False
Subject22|rest|Subject22_1.edf|14.000|18.000,Subject22,rest,0,Subject22_1.edf,14.0,18.0,182.0,False,4.0,2.0,4s_windows_50pct_overlap,calibration,2644,True,False,False
Subject22|rest|Subject22_1.edf|16.000|20.000,Subject22,rest,0,Subject22_1.edf,16.0,20.0,182.0,False,4.0,2.0,4s_windows_50pct_overlap,calibration,2645,True,False,False
Subject22|rest|Subject22_1.edf|18.000|22.000,Subject22,rest,0,Subject22_1.edf,18.0,22.0,182.0,False,4.0,2.0,4s_windows_50pct_overlap,calibration,2646,True,False,False
Subject22|rest|Subject22_1.edf|20.000|24.000,Subject22,rest,0,Subject22_1.edf,20.0,24.0,182.0,False,4.0,2.0,4s_windows_50pct_overlap,calibration,2647,True,False,False
Subject22|rest|Subject22_1.edf|22.000|26.000,Subject22,rest,0,Subject22_1.edf,22.0,26.0,182.0,False,4.0,2.0,4s_windows_50pct_overlap,calibration,2648,True,False,False
Subject22|rest|Subject22_1.edf|24.000|28.000,Subject22,rest,0,Subject22_1.edf,24.0,28.0,182.0,False,4.0,2.0,4s_windows_50pct_overlap,calibration,2649,True,False,False
Subject22|rest|Subject22_1.edf|26.000|30.000,Subject22,rest,0,Subject22_1.edf,26.0,30.0,182.0,False,4.0,2.0,4s_windows_50pct_overlap,calibration,2650,True,False,False
Subject22|rest|Subject22_1.edf|28.000|32.000,Subject22,rest,0,Subject22_1.edf,28.0,32.0,182.0,False,4.0,2.0,4s_windows_50pct_overlap,calibration,2651,True,False,False
Subject22|rest|Subject22_1.edf|30.000|34.000,Subject22,rest,0,Subject22_1.edf,30.0,34.0,182.0,False,4.0,2.0,4s_windows_50pct_overlap,calibration,2652,True,False,False
Subject22|rest|Subject22_1.edf|32.000|36.000,Subject22,rest,0,Subject22_1.edf,32.0,36.0,182.0,False,4.0,2.0,4s_windows_50pct_overlap,calibration,2653,True,False,False
Subject22|rest|Subject22_1.edf|34.000|38.000,Subject22,rest,0,Subject22_1.edf,34.0,38.0,182.0,False,4.0,2.0,4s_windows_50pct_overlap,calibration,2654,True,False,False
Subject22|rest|Subject22_1.edf|36.000|40.000,Subject22,rest,0,Subject22_1.edf,36.0,40.0,182.0,False,4.0,2.0,4s_windows_50pct_overlap,calibration,2655,True,False,False
Subject22|rest|Subject22_1.edf|38.000|42.000,Subject22,rest,0,Subject22_1.edf,38.0,42.0,182.0,False,4.0,2.0,4s_windows_50pct_overlap,calibration,2656,True,False,False
Subject22|rest|Subject22_1.edf|40.000|44.000,Subject22,rest,0,Subject22_1.edf,40.0,44.0,182.0,False,4.0,2.0,4s_windows_50pct_overlap,calibration,2657,True,False,False
Subject22|rest|Subject22_1.edf|42.000|46.000,Subject22,rest,0,Subject22_1.edf,42.0,46.0,182.0,False,4.0,2.0,4s_windows_50pct_overlap,calibration,2658,True,False,False
Subject22|rest|Subject22_1.edf|44.000|48.000,Subject22,rest,0,Subject22_1.edf,44.0,48.0,182.0,False,4.0,2.0,4s_windows_50pct_overlap,calibration,2659,True,False,False
Subject22|rest|Subject22_1.edf|46.000|50.000,Subject22,rest,0,Subject22_1.edf,46.0,50.0,182.0,False,4.0,2.0,4s_windows_50pct_overlap,calibration,2660,True,False,False
Subject22|rest|Subject22_1.edf|48.000|52.000,Subject22,rest,0,Subject22_1.edf,48.0,52.0,182.0,False,4.0,2.0,4s_windows_50pct_overlap,calibration,2661,True,False,False
Subject22|rest|Subject22_1.edf|50.000|54.000,Subject22,rest,0,Subject22_1.edf,50.0,54.0,182.0,False,4.0,2.0,4s_windows_50pct_overlap,calibration,2662,True,False,False
Subject22|rest|Subject22_1.edf|52.000|56.000,Subject22,rest,0,Subject22_1.edf,52.0,56.0,182.0,False,4.0,2.0,4s_windows_50pct_overlap,calibration,2663,True,False,False
Subject22|rest|Subject22_1.edf|54.000|58.000,Subject22,rest,0,Subject22_1.edf,54.0,58.0,182.0,False,4.0,2.0,4s_windows_50pct_overlap,calibration,2664,True,False,False
Subject22|rest|Subject22_1.edf|56.000|60.000,Subject22,rest,0,Subject22_1.edf,56.0,60.0,182.0,False,4.0,2.0,4s_windows_50pct_overlap,calibration,2665,True,False,False
Subject22|rest|Subject22_1.edf|58.000|62.000,Subject22,rest,0,Subject22_1.edf,58.0,62.0,182.0,False,4.0,2.0,4s_windows_50pct_overlap,calibration,2666,True,False,False
Subject22|rest|Subject22_1.edf|60.000|64.000,Subject22,rest,0,Subject22_1.edf,60.0,64.0,182.0,False,4.0,2.0,4s_windows_50pct_overlap,scored_rest,2667,False,True,False
Subject22|rest|Subject22_1.edf|62.000|66.000,Subject22,rest,0,Subject22_1.edf,62.0,66.0,182.0,False,4.0,2.0,4s_windows_50pct_overlap,scored_rest,2668,False,True,False
Subject22|rest|Subject22_1.edf|64.000|68.000,Subject22,rest,0,Subject22_1.edf,64.0,68.0,182.0,False,4.0,2.0,4s_windows_50pct_overlap,scored_rest,2669,False,True,False
Subject22|rest|Subject22_1.edf|66.000|70.000,Subject22,rest,0,Subject22_1.edf,66.0,70.0,182.0,False,4.0,2.0,4s_windows_50pct_overlap,scored_rest,2670,False,True,False
Subject22|rest|Subject22_1.edf|68.000|72.000,Subject22,rest,0,Subject22_1.edf,68.0,72.0,182.0,False,4.0,2.0,4s_windows_50pct_overlap,scored_rest,2671,False,True,False
Subject22|rest|Subject22_1.edf|70.000|74.000,Subject22,rest,0,Subject22_1.edf,70.0,74.0,182.0,False,4.0,2.0,4s_windows_50pct_overlap,scored_rest,2672,False,True,False
Subject22|rest|Subject22_1.edf|72.000|76.000,Subject22,rest,0,Subject22_1.edf,72.0,76.0,182.0,False,4.0,2.0,4s_windows_50pct_overlap,scored_rest,2673,False,True,False
Subject22|rest|Subject22_1.edf|74.000|78.000,Subject22,rest,0,Subject22_1.edf,74.0,78.0,182.0,False,4.0,2.0,4s_windows_50pct_overlap,scored_rest,2674,False,True,False
Subject22|rest|Subject22_1.edf|76.000|80.000,Subject22,rest,0,Subject22_1.edf,76.0,80.0,182.0,False,4.0,2.0,4s_windows_50pct_overlap,scored_rest,2675,False,True,False
Subject22|rest|Subject22_1.edf|78.000|82.000,Subject22,rest,0,Subject22_1.edf,78.0,82.0,182.0,False,4.0,2.0,4s_windows_50pct_overlap,scored_rest,2676,False,True,False
Subject22|rest|Subject22_1.edf|80.000|84.000,Subject22,rest,0,Subject22_1.edf,80.0,84.0,182.0,False,4.0,2.0,4s_windows_50pct_overlap,scored_rest,2677,False,True,False
Subject22|rest|Subject22_1.edf|82.000|86.000,Subject22,rest,0,Subject22_1.edf,82.0,86.0,182.0,False,4.0,2.0,4s_windows_50pct_overlap,scored_rest,2678,False,True,False
Subject22|rest|Subject22_1.edf|84.000|88.000,Subject22,rest,0,Subject22_1.edf,84.0,88.0,182.0,False,4.0,2.0,4s_windows_50pct_overlap,scored_rest,2679,False,True,False
Subject22|rest|Subject22_1.edf|86.000|90.000,Subject22,rest,0,Subject22_1.edf,86.0,90.0,182.0,False,4.0,2.0,4s_windows_50pct_overlap,scored_rest,2680,False,True,False
Subject22|rest|Subject22_1.edf|88.000|92.000,Subject22,rest,0,Subject22_1.edf,88.0,92.0,182.0,False,4.0,2.0,4s_windows_50pct_overlap,scored_rest,2681,False,True,False
Subject22|rest|Subject22_1.edf|90.000|94.000,Subject22,rest,0,Subject22_1.edf,90.0,94.0,182.0,False,4.0,2.0,4s_windows_50pct_overlap,scored_rest,2682,False,True,False
Subject22|rest|Subject22_1.edf|92.000|96.000,Subject22,rest,0,Subject22_1.edf,92.0,96.0,182.0,False,4.0,2.0,4s_windows_50pct_overlap,scored_rest,2683,False,True,False
Subject22|rest|Subject22_1.edf|94.000|98.000,Subject22,rest,0,Subject22_1.edf,94.0,98.0,182.0,False,4.0,2.0,4s_windows_50pct_overlap,scored_rest,2684,False,True,False
Subject22|rest|Subject22_1.edf|96.000|100.000,Subject22,rest,0,Subject22_1.edf,96.0,100.0,182.0,False,4.0,2.0,4s_windows_50pct_overlap,scored_rest,2685,False,True,False
Subject22|rest|Subject22_1.edf|98.000|102.000,Subject22,rest,0,Subject22_1.edf,98.0,102.0,182.0,False,4.0,2.0,4s_windows_50pct_overlap,scored_rest,2686,False,True,False
Subject22|rest|Subject22_1.edf|100.000|104.000,Subject22,rest,0,Subject22_1.edf,100.0,104.0,182.0,False,4.0,2.0,4s_windows_50pct_overlap,scored_rest,2687,False,True,False
Subject22|rest|Subject22_1.edf|102.000|106.000,Subject22,rest,0,Subject22_1.edf,102.0,106.0,182.0,False,4.0,2.0,4s_windows_50pct_overlap,scored_rest,2688,False,True,False
Subject22|rest|Subject22_1.edf|104.000|108.000,Subject22,rest,0,Subject22_1.edf,104.0,108.0,182.0,False,4.0,2.0,4s_windows_50pct_overlap,scored_rest,2689,False,True,False
Subject22|rest|Subject22_1.edf|106.000|110.000,Subject22,rest,0,Subject22_1.edf,106.0,110.0,182.0,False,4.0,2.0,4s_windows_50pct_overlap,scored_rest,2690,False,True,False
Subject22|rest|Subject22_1.edf|108.000|112.000,Subject22,rest,0,Subject22_1.edf,108.0,112.0,182.0,False,4.0,2.0,4s_windows_50pct_overlap,scored_rest,2691,False,True,False
Subject22|rest|Subject22_1.edf|110.000|114.000,Subject22,rest,0,Subject22_1.edf,110.0,114.0,182.0,False,4.0,2.0,4s_windows_50pct_overlap,scored_rest,2692,False,True,False
Subject22|rest|Subject22_1.edf|112.000|116.000,Subject22,rest,0,Subject22_1.edf,112.0,116.0,182.0,False,4.0,2.0,4s_windows_50pct_overlap,scored_rest,2693,False,True,False
Subject22|rest|Subject22_1.edf|114.000|118.000,Subject22,rest,0,Subject22_1.edf,114.0,118.0,182.0,False,4.0,2.0,4s_windows_50pct_overlap,scored_rest,2694,False,True,False
Subject22|rest|Subject22_1.edf|116.000|120.000,Subject22,rest,0,Subject22_1.edf,116.0,120.0,182.0,False,4.0,2.0,4s_windows_50pct_overlap,scored_rest,2695,False,True,False
Subject22|rest|Subject22_1.edf|118.000|122.000,Subject22,rest,0,Subject22_1.edf,118.0,122.0,182.0,False,4.0,2.0,4s_windows_50pct_overlap,scored_rest,2696,False,True,False
Subject22|rest|Subject22_1.edf|120.000|124.000,Subject22,rest,0,Subject22_1.edf,120.0,124.0,182.0,False,4.0,2.0,4s_windows_50pct_overlap,scored_rest,2697,False,True,False
Subject22|rest|Subject22_1.edf|122.000|126.000,Subject22,rest,0,Subject22_1.edf,122.0,126.0,182.0,False,4.0,2.0,4s_windows_50pct_overlap,scored_rest,2698,False,True,False
Subject22|rest|Subject22_1.edf|124.000|128.000,Subject22,rest,0,Subject22_1.edf,124.0,128.0,182.0,False,4.0,2.0,4s_windows_50pct_overlap,scored_rest,2699,False,True,False
Subject22|rest|Subject22_1.edf|126.000|130.000,Subject22,rest,0,Subject22_1.edf,126.0,130.0,182.0,False,4.0,2.0,4s_windows_50pct_overlap,scored_rest,2700,False,True,False
Subject22|rest|Subject22_1.edf|128.000|132.000,Subject22,rest,0,Subject22_1.edf,128.0,132.0,182.0,False,4.0,2.0,4s_windows_50pct_overlap,scored_rest,2701,False,True,False
Subject22|rest|Subject22_1.edf|130.000|134.000,Subject22,rest,0,Subject22_1.edf,130.0,134.0,182.0,False,4.0,2.0,4s_windows_50pct_overlap,scored_rest,2702,False,True,False
Subject22|rest|Subject22_1.edf|132.000|136.000,Subject22,rest,0,Subject22_1.edf,132.0,136.0,182.0,False,4.0,2.0,4s_windows_50pct_overlap,scored_rest,2703,False,True,False
Subject22|rest|Subject22_1.edf|134.000|138.000,Subject22,rest,0,Subject22_1.edf,134.0,138.0,182.0,False,4.0,2.0,4s_windows_50pct_overlap,scored_rest,2704,False,True,False
Subject22|rest|Subject22_1.edf|136.000|140.000,Subject22,rest,0,Subject22_1.edf,136.0,140.0,182.0,False,4.0,2.0,4s_windows_50pct_overlap,scored_rest,2705,False,True,False
Subject22|rest|Subject22_1.edf|138.000|142.000,Subject22,rest,0,Subject22_1.edf,138.0,142.0,182.0,False,4.0,2.0,4s_windows_50pct_overlap,scored_rest,2706,False,True,False
Subject22|rest|Subject22_1.edf|140.000|144.000,Subject22,rest,0,Subject22_1.edf,140.0,144.0,182.0,False,4.0,2.0,4s_windows_50pct_overlap,scored_rest,2707,False,True,False
Subject22|rest|Subject22_1.edf|142.000|146.000,Subject22,rest,0,Subject22_1.edf,142.0,146.0,182.0,False,4.0,2.0,4s_windows_50pct_overlap,scored_rest,2708,False,True,False
Subject22|rest|Subject22_1.edf|144.000|148.000,Subject22,rest,0,Subject22_1.edf,144.0,148.0,182.0,False,4.0,2.0,4s_windows_50pct_overlap,scored_rest,2709,False,True,False
Subject22|rest|Subject22_1.edf|146.000|150.000,Subject22,rest,0,Subject22_1.edf,146.0,150.0,182.0,False,4.0,2.0,4s_windows_50pct_overlap,scored_rest,2710,False,True,False
Subject22|rest|Subject22_1.edf|148.000|152.000,Subject22,rest,0,Subject22_1.edf,148.0,152.0,182.0,False,4.0,2.0,4s_windows_50pct_overlap,scored_rest,2711,False,True,False
Subject22|rest|Subject22_1.edf|150.000|154.000,Subject22,rest,0,Subject22_1.edf,150.0,154.0,182.0,False,4.0,2.0,4s_windows_50pct_overlap,scored_rest,2712,False,True,False
Subject22|rest|Subject22_1.edf|152.000|156.000,Subject22,rest,0,Subject22_1.edf,152.0,156.0,182.0,False,4.0,2.0,4s_windows_50pct_overlap,scored_rest,2713,False,True,False
Subject22|rest|Subject22_1.edf|154.000|158.000,Subject22,rest,0,Subject22_1.edf,154.0,158.0,182.0,False,4.0,2.0,4s_windows_50pct_overlap,scored_rest,2714,False,True,False
Subject22|rest|Subject22_1.edf|156.000|160.000,Subject22,rest,0,Subject22_1.edf,156.0,160.0,182.0,False,4.0,2.0,4s_windows_50pct_overlap,scored_rest,2715,False,True,False
Subject22|rest|Subject22_1.edf|158.000|162.000,Subject22,rest,0,Subject22_1.edf,158.0,162.0,182.0,False,4.0,2.0,4s_windows_50pct_overlap,scored_rest,2716,False,True,False
Subject22|rest|Subject22_1.edf|160.000|164.000,Subject22,rest,0,Subject22_1.edf,160.0,164.0,182.0,False,4.0,2.0,4s_windows_50pct_overlap,scored_rest,2717,False,True,False
Subject22|rest|Subject22_1.edf|162.000|166.000,Subject22,rest,0,Subject22_1.edf,162.0,166.0,182.0,False,4.0,2.0,4s_windows_50pct_overlap,scored_rest,2718,False,True,False
Subject22|rest|Subject22_1.edf|164.000|168.000,Subject22,rest,0,Subject22_1.edf,164.0,168.0,182.0,False,4.0,2.0,4s_windows_50pct_overlap,scored_rest,2719,False,True,False
Subject22|rest|Subject22_1.edf|166.000|170.000,Subject22,rest,0,Subject22_1.edf,166.0,170.0,182.0,False,4.0,2.0,4s_windows_50pct_overlap,scored_rest,2720,False,True,False
Subject22|rest|Subject22_1.edf|168.000|172.000,Subject22,rest,0,Subject22_1.edf,168.0,172.0,182.0,False,4.0,2.0,4s_windows_50pct_overlap,scored_rest,2721,False,True,False
Subject22|rest|Subject22_1.edf|170.000|174.000,Subject22,rest,0,Subject22_1.edf,170.0,174.0,182.0,False,4.0,2.0,4s_windows_50pct_overlap,scored_rest,2722,False,True,False
Subject22|rest|Subject22_1.edf|172.000|176.000,Subject22,rest,0,Subject22_1.edf,172.0,176.0,182.0,False,4.0,2.0,4s_windows_50pct_overlap,scored_rest,2723,False,True,False
Subject22|rest|Subject22_1.edf|174.000|178.000,Subject22,rest,0,Subject22_1.edf,174.0,178.0,182.0,False,4.0,2.0,4s_windows_50pct_overlap,scored_rest,2724,False,True,False
Subject22|rest|Subject22_1.edf|176.000|180.000,Subject22,rest,0,Subject22_1.edf,176.0,180.0,182.0,False,4.0,2.0,4s_windows_50pct_overlap,scored_rest,2725,False,True,False
Subject22|rest|Subject22_1.edf|178.000|182.000,Subject22,rest,0,Subject22_1.edf,178.0,182.0,182.0,False,4.0,2.0,4s_windows_50pct_overlap,scored_rest,2726,False,True,False
Subject22|arithmetic|Subject22_2.edf|0.000|4.000,Subject22,arithmetic,1,Subject22_2.edf,0.0,4.0,62.0,False,4.0,2.0,4s_windows_50pct_overlap,scored_task,2727,False,True,False
Subject22|arithmetic|Subject22_2.edf|2.000|6.000,Subject22,arithmetic,1,Subject22_2.edf,2.0,6.0,62.0,False,4.0,2.0,4s_windows_50pct_overlap,scored_task,2728,False,True,False
Subject22|arithmetic|Subject22_2.edf|4.000|8.000,Subject22,arithmetic,1,Subject22_2.edf,4.0,8.0,62.0,False,4.0,2.0,4s_windows_50pct_overlap,scored_task,2729,False,True,False
Subject22|arithmetic|Subject22_2.edf|6.000|10.000,Subject22,arithmetic,1,Subject22_2.edf,6.0,10.0,62.0,False,4.0,2.0,4s_windows_50pct_overlap,scored_task,2730,False,True,False
Subject22|arithmetic|Subject22_2.edf|8.000|12.000,Subject22,arithmetic,1,Subject22_2.edf,8.0,12.0,62.0,False,4.0,2.0,4s_windows_50pct_overlap,scored_task,2731,False,True,False
Subject22|arithmetic|Subject22_2.edf|10.000|14.000,Subject22,arithmetic,1,Subject22_2.edf,10.0,14.0,62.0,False,4.0,2.0,4s_windows_50pct_overlap,scored_task,2732,False,True,False
Subject22|arithmetic|Subject22_2.edf|12.000|16.000,Subject22,arithmetic,1,Subject22_2.edf,12.0,16.0,62.0,False,4.0,2.0,4s_windows_50pct_overlap,scored_task,2733,False,True,False
Subject22|arithmetic|Subject22_2.edf|14.000|18.000,Subject22,arithmetic,1,Subject22_2.edf,14.0,18.0,62.0,False,4.0,2.0,4s_windows_50pct_overlap,scored_task,2734,False,True,False
Subject22|arithmetic|Subject22_2.edf|16.000|20.000,Subject22,arithmetic,1,Subject22_2.edf,16.0,20.0,62.0,False,4.0,2.0,4s_windows_50pct_overlap,scored_task,2735,False,True,False
Subject22|arithmetic|Subject22_2.edf|18.000|22.000,Subject22,arithmetic,1,Subject22_2.edf,18.0,22.0,62.0,False,4.0,2.0,4s_windows_50pct_overlap,scored_task,2736,False,True,False
Subject22|arithmetic|Subject22_2.edf|20.000|24.000,Subject22,arithmetic,1,Subject22_2.edf,20.0,24.0,62.0,False,4.0,2.0,4s_windows_50pct_overlap,scored_task,2737,False,True,False
Subject22|arithmetic|Subject22_2.edf|22.000|26.000,Subject22,arithmetic,1,Subject22_2.edf,22.0,26.0,62.0,False,4.0,2.0,4s_windows_50pct_overlap,scored_task,2738,False,True,False
Subject22|arithmetic|Subject22_2.edf|24.000|28.000,Subject22,arithmetic,1,Subject22_2.edf,24.0,28.0,62.0,False,4.0,2.0,4s_windows_50pct_overlap,scored_task,2739,False,True,False
Subject22|arithmetic|Subject22_2.edf|26.000|30.000,Subject22,arithmetic,1,Subject22_2.edf,26.0,30.0,62.0,False,4.0,2.0,4s_windows_50pct_overlap,scored_task,2740,False,True,False
Subject22|arithmetic|Subject22_2.edf|28.000|32.000,Subject22,arithmetic,1,Subject22_2.edf,28.0,32.0,62.0,False,4.0,2.0,4s_windows_50pct_overlap,scored_task,2741,False,True,False
Subject22|arithmetic|Subject22_2.edf|30.000|34.000,Subject22,arithmetic,1,Subject22_2.edf,30.0,34.0,62.0,False,4.0,2.0,4s_windows_50pct_overlap,scored_task,2742,False,True,False
Subject22|arithmetic|Subject22_2.edf|32.000|36.000,Subject22,arithmetic,1,Subject22_2.edf,32.0,36.0,62.0,False,4.0,2.0,4s_windows_50pct_overlap,scored_task,2743,False,True,False
Subject22|arithmetic|Subject22_2.edf|34.000|38.000,Subject22,arithmetic,1,Subject22_2.edf,34.0,38.0,62.0,False,4.0,2.0,4s_windows_50pct_overlap,scored_task,2744,False,True,False
Subject22|arithmetic|Subject22_2.edf|36.000|40.000,Subject22,arithmetic,1,Subject22_2.edf,36.0,40.0,62.0,False,4.0,2.0,4s_windows_50pct_overlap,scored_task,2745,False,True,False
Subject22|arithmetic|Subject22_2.edf|38.000|42.000,Subject22,arithmetic,1,Subject22_2.edf,38.0,42.0,62.0,False,4.0,2.0,4s_windows_50pct_overlap,scored_task,2746,False,True,False
Subject22|arithmetic|Subject22_2.edf|40.000|44.000,Subject22,arithmetic,1,Subject22_2.edf,40.0,44.0,62.0,False,4.0,2.0,4s_windows_50pct_overlap,scored_task,2747,False,True,False
Subject22|arithmetic|Subject22_2.edf|42.000|46.000,Subject22,arithmetic,1,Subject22_2.edf,42.0,46.0,62.0,False,4.0,2.0,4s_windows_50pct_overlap,scored_task,2748,False,True,False
Subject22|arithmetic|Subject22_2.edf|44.000|48.000,Subject22,arithmetic,1,Subject22_2.edf,44.0,48.0,62.0,False,4.0,2.0,4s_windows_50pct_overlap,scored_task,2749,False,True,False
Subject22|arithmetic|Subject22_2.edf|46.000|50.000,Subject22,arithmetic,1,Subject22_2.edf,46.0,50.0,62.0,False,4.0,2.0,4s_windows_50pct_overlap,scored_task,2750,False,True,False
Subject22|arithmetic|Subject22_2.edf|48.000|52.000,Subject22,arithmetic,1,Subject22_2.edf,48.0,52.0,62.0,False,4.0,2.0,4s_windows_50pct_overlap,scored_task,2751,False,True,False
Subject22|arithmetic|Subject22_2.edf|50.000|54.000,Subject22,arithmetic,1,Subject22_2.edf,50.0,54.0,62.0,False,4.0,2.0,4s_windows_50pct_overlap,scored_task,2752,False,True,False
Subject22|arithmetic|Subject22_2.edf|52.000|56.000,Subject22,arithmetic,1,Subject22_2.edf,52.0,56.0,62.0,False,4.0,2.0,4s_windows_50pct_overlap,scored_task,2753,False,True,False
Subject22|arithmetic|Subject22_2.edf|54.000|58.000,Subject22,arithmetic,1,Subject22_2.edf,54.0,58.0,62.0,False,4.0,2.0,4s_windows_50pct_overlap,scored_task,2754,False,True,False
Subject22|arithmetic|Subject22_2.edf|56.000|60.000,Subject22,arithmetic,1,Subject22_2.edf,56.0,60.0,62.0,False,4.0,2.0,4s_windows_50pct_overlap,scored_task,2755,False,True,False
Subject22|arithmetic|Subject22_2.edf|58.000|62.000,Subject22,arithmetic,1,Subject22_2.edf,58.0,62.0,62.0,False,4.0,2.0,4s_windows_50pct_overlap,scored_task,2756,False,True,False
Subject23|rest|Subject23_1.edf|0.000|4.000,Subject23,rest,0,Subject23_1.edf,0.0,4.0,182.0,False,4.0,2.0,4s_windows_50pct_overlap,calibration,2757,True,False,False
Subject23|rest|Subject23_1.edf|2.000|6.000,Subject23,rest,0,Subject23_1.edf,2.0,6.0,182.0,False,4.0,2.0,4s_windows_50pct_overlap,calibration,2758,True,False,False
Subject23|rest|Subject23_1.edf|4.000|8.000,Subject23,rest,0,Subject23_1.edf,4.0,8.0,182.0,False,4.0,2.0,4s_windows_50pct_overlap,calibration,2759,True,False,False
Subject23|rest|Subject23_1.edf|6.000|10.000,Subject23,rest,0,Subject23_1.edf,6.0,10.0,182.0,False,4.0,2.0,4s_windows_50pct_overlap,calibration,2760,True,False,False
Subject23|rest|Subject23_1.edf|8.000|12.000,Subject23,rest,0,Subject23_1.edf,8.0,12.0,182.0,False,4.0,2.0,4s_windows_50pct_overlap,calibration,2761,True,False,False
Subject23|rest|Subject23_1.edf|10.000|14.000,Subject23,rest,0,Subject23_1.edf,10.0,14.0,182.0,False,4.0,2.0,4s_windows_50pct_overlap,calibration,2762,True,False,False
Subject23|rest|Subject23_1.edf|12.000|16.000,Subject23,rest,0,Subject23_1.edf,12.0,16.0,182.0,False,4.0,2.0,4s_windows_50pct_overlap,calibration,2763,True,False,False
Subject23|rest|Subject23_1.edf|14.000|18.000,Subject23,rest,0,Subject23_1.edf,14.0,18.0,182.0,False,4.0,2.0,4s_windows_50pct_overlap,calibration,2764,True,False,False
Subject23|rest|Subject23_1.edf|16.000|20.000,Subject23,rest,0,Subject23_1.edf,16.0,20.0,182.0,False,4.0,2.0,4s_windows_50pct_overlap,calibration,2765,True,False,False
Subject23|rest|Subject23_1.edf|18.000|22.000,Subject23,rest,0,Subject23_1.edf,18.0,22.0,182.0,False,4.0,2.0,4s_windows_50pct_overlap,calibration,2766,True,False,False
Subject23|rest|Subject23_1.edf|20.000|24.000,Subject23,rest,0,Subject23_1.edf,20.0,24.0,182.0,False,4.0,2.0,4s_windows_50pct_overlap,calibration,2767,True,False,False
Subject23|rest|Subject23_1.edf|22.000|26.000,Subject23,rest,0,Subject23_1.edf,22.0,26.0,182.0,False,4.0,2.0,4s_windows_50pct_overlap,calibration,2768,True,False,False
Subject23|rest|Subject23_1.edf|24.000|28.000,Subject23,rest,0,Subject23_1.edf,24.0,28.0,182.0,False,4.0,2.0,4s_windows_50pct_overlap,calibration,2769,True,False,False
Subject23|rest|Subject23_1.edf|26.000|30.000,Subject23,rest,0,Subject23_1.edf,26.0,30.0,182.0,False,4.0,2.0,4s_windows_50pct_overlap,calibration,2770,True,False,False
Subject23|rest|Subject23_1.edf|28.000|32.000,Subject23,rest,0,Subject23_1.edf,28.0,32.0,182.0,False,4.0,2.0,4s_windows_50pct_overlap,calibration,2771,True,False,False
Subject23|rest|Subject23_1.edf|30.000|34.000,Subject23,rest,0,Subject23_1.edf,30.0,34.0,182.0,False,4.0,2.0,4s_windows_50pct_overlap,calibration,2772,True,False,False
Subject23|rest|Subject23_1.edf|32.000|36.000,Subject23,rest,0,Subject23_1.edf,32.0,36.0,182.0,False,4.0,2.0,4s_windows_50pct_overlap,calibration,2773,True,False,False
Subject23|rest|Subject23_1.edf|34.000|38.000,Subject23,rest,0,Subject23_1.edf,34.0,38.0,182.0,False,4.0,2.0,4s_windows_50pct_overlap,calibration,2774,True,False,False
Subject23|rest|Subject23_1.edf|36.000|40.000,Subject23,rest,0,Subject23_1.edf,36.0,40.0,182.0,False,4.0,2.0,4s_windows_50pct_overlap,calibration,2775,True,False,False
Subject23|rest|Subject23_1.edf|38.000|42.000,Subject23,rest,0,Subject23_1.edf,38.0,42.0,182.0,False,4.0,2.0,4s_windows_50pct_overlap,calibration,2776,True,False,False
Subject23|rest|Subject23_1.edf|40.000|44.000,Subject23,rest,0,Subject23_1.edf,40.0,44.0,182.0,False,4.0,2.0,4s_windows_50pct_overlap,calibration,2777,True,False,False
Subject23|rest|Subject23_1.edf|42.000|46.000,Subject23,rest,0,Subject23_1.edf,42.0,46.0,182.0,False,4.0,2.0,4s_windows_50pct_overlap,calibration,2778,True,False,False
Subject23|rest|Subject23_1.edf|44.000|48.000,Subject23,rest,0,Subject23_1.edf,44.0,48.0,182.0,False,4.0,2.0,4s_windows_50pct_overlap,calibration,2779,True,False,False
Subject23|rest|Subject23_1.edf|46.000|50.000,Subject23,rest,0,Subject23_1.edf,46.0,50.0,182.0,False,4.0,2.0,4s_windows_50pct_overlap,calibration,2780,True,False,False
Subject23|rest|Subject23_1.edf|48.000|52.000,Subject23,rest,0,Subject23_1.edf,48.0,52.0,182.0,False,4.0,2.0,4s_windows_50pct_overlap,calibration,2781,True,False,False
Subject23|rest|Subject23_1.edf|50.000|54.000,Subject23,rest,0,Subject23_1.edf,50.0,54.0,182.0,False,4.0,2.0,4s_windows_50pct_overlap,calibration,2782,True,False,False
Subject23|rest|Subject23_1.edf|52.000|56.000,Subject23,rest,0,Subject23_1.edf,52.0,56.0,182.0,False,4.0,2.0,4s_windows_50pct_overlap,calibration,2783,True,False,False
Subject23|rest|Subject23_1.edf|54.000|58.000,Subject23,rest,0,Subject23_1.edf,54.0,58.0,182.0,False,4.0,2.0,4s_windows_50pct_overlap,calibration,2784,True,False,False
Subject23|rest|Subject23_1.edf|56.000|60.000,Subject23,rest,0,Subject23_1.edf,56.0,60.0,182.0,False,4.0,2.0,4s_windows_50pct_overlap,calibration,2785,True,False,False
Subject23|rest|Subject23_1.edf|58.000|62.000,Subject23,rest,0,Subject23_1.edf,58.0,62.0,182.0,False,4.0,2.0,4s_windows_50pct_overlap,calibration,2786,True,False,False
Subject23|rest|Subject23_1.edf|60.000|64.000,Subject23,rest,0,Subject23_1.edf,60.0,64.0,182.0,False,4.0,2.0,4s_windows_50pct_overlap,scored_rest,2787,False,True,False
Subject23|rest|Subject23_1.edf|62.000|66.000,Subject23,rest,0,Subject23_1.edf,62.0,66.0,182.0,False,4.0,2.0,4s_windows_50pct_overlap,scored_rest,2788,False,True,False
Subject23|rest|Subject23_1.edf|64.000|68.000,Subject23,rest,0,Subject23_1.edf,64.0,68.0,182.0,False,4.0,2.0,4s_windows_50pct_overlap,scored_rest,2789,False,True,False
Subject23|rest|Subject23_1.edf|66.000|70.000,Subject23,rest,0,Subject23_1.edf,66.0,70.0,182.0,False,4.0,2.0,4s_windows_50pct_overlap,scored_rest,2790,False,True,False
Subject23|rest|Subject23_1.edf|68.000|72.000,Subject23,rest,0,Subject23_1.edf,68.0,72.0,182.0,False,4.0,2.0,4s_windows_50pct_overlap,scored_rest,2791,False,True,False
Subject23|rest|Subject23_1.edf|70.000|74.000,Subject23,rest,0,Subject23_1.edf,70.0,74.0,182.0,False,4.0,2.0,4s_windows_50pct_overlap,scored_rest,2792,False,True,False
Subject23|rest|Subject23_1.edf|72.000|76.000,Subject23,rest,0,Subject23_1.edf,72.0,76.0,182.0,False,4.0,2.0,4s_windows_50pct_overlap,scored_rest,2793,False,True,False
Subject23|rest|Subject23_1.edf|74.000|78.000,Subject23,rest,0,Subject23_1.edf,74.0,78.0,182.0,False,4.0,2.0,4s_windows_50pct_overlap,scored_rest,2794,False,True,False
Subject23|rest|Subject23_1.edf|76.000|80.000,Subject23,rest,0,Subject23_1.edf,76.0,80.0,182.0,False,4.0,2.0,4s_windows_50pct_overlap,scored_rest,2795,False,True,False
Subject23|rest|Subject23_1.edf|78.000|82.000,Subject23,rest,0,Subject23_1.edf,78.0,82.0,182.0,False,4.0,2.0,4s_windows_50pct_overlap,scored_rest,2796,False,True,False
Subject23|rest|Subject23_1.edf|80.000|84.000,Subject23,rest,0,Subject23_1.edf,80.0,84.0,182.0,False,4.0,2.0,4s_windows_50pct_overlap,scored_rest,2797,False,True,False
Subject23|rest|Subject23_1.edf|82.000|86.000,Subject23,rest,0,Subject23_1.edf,82.0,86.0,182.0,False,4.0,2.0,4s_windows_50pct_overlap,scored_rest,2798,False,True,False
Subject23|rest|Subject23_1.edf|84.000|88.000,Subject23,rest,0,Subject23_1.edf,84.0,88.0,182.0,False,4.0,2.0,4s_windows_50pct_overlap,scored_rest,2799,False,True,False
Subject23|rest|Subject23_1.edf|86.000|90.000,Subject23,rest,0,Subject23_1.edf,86.0,90.0,182.0,False,4.0,2.0,4s_windows_50pct_overlap,scored_rest,2800,False,True,False
Subject23|rest|Subject23_1.edf|88.000|92.000,Subject23,rest,0,Subject23_1.edf,88.0,92.0,182.0,False,4.0,2.0,4s_windows_50pct_overlap,scored_rest,2801,False,True,False
Subject23|rest|Subject23_1.edf|90.000|94.000,Subject23,rest,0,Subject23_1.edf,90.0,94.0,182.0,False,4.0,2.0,4s_windows_50pct_overlap,scored_rest,2802,False,True,False
Subject23|rest|Subject23_1.edf|92.000|96.000,Subject23,rest,0,Subject23_1.edf,92.0,96.0,182.0,False,4.0,2.0,4s_windows_50pct_overlap,scored_rest,2803,False,True,False
Subject23|rest|Subject23_1.edf|94.000|98.000,Subject23,rest,0,Subject23_1.edf,94.0,98.0,182.0,False,4.0,2.0,4s_windows_50pct_overlap,scored_rest,2804,False,True,False
Subject23|rest|Subject23_1.edf|96.000|100.000,Subject23,rest,0,Subject23_1.edf,96.0,100.0,182.0,False,4.0,2.0,4s_windows_50pct_overlap,scored_rest,2805,False,True,False
Subject23|rest|Subject23_1.edf|98.000|102.000,Subject23,rest,0,Subject23_1.edf,98.0,102.0,182.0,False,4.0,2.0,4s_windows_50pct_overlap,scored_rest,2806,False,True,False
Subject23|rest|Subject23_1.edf|100.000|104.000,Subject23,rest,0,Subject23_1.edf,100.0,104.0,182.0,False,4.0,2.0,4s_windows_50pct_overlap,scored_rest,2807,False,True,False
Subject23|rest|Subject23_1.edf|102.000|106.000,Subject23,rest,0,Subject23_1.edf,102.0,106.0,182.0,False,4.0,2.0,4s_windows_50pct_overlap,scored_rest,2808,False,True,False
Subject23|rest|Subject23_1.edf|104.000|108.000,Subject23,rest,0,Subject23_1.edf,104.0,108.0,182.0,False,4.0,2.0,4s_windows_50pct_overlap,scored_rest,2809,False,True,False
Subject23|rest|Subject23_1.edf|106.000|110.000,Subject23,rest,0,Subject23_1.edf,106.0,110.0,182.0,False,4.0,2.0,4s_windows_50pct_overlap,scored_rest,2810,False,True,False
Subject23|rest|Subject23_1.edf|108.000|112.000,Subject23,rest,0,Subject23_1.edf,108.0,112.0,182.0,False,4.0,2.0,4s_windows_50pct_overlap,scored_rest,2811,False,True,False
Subject23|rest|Subject23_1.edf|110.000|114.000,Subject23,rest,0,Subject23_1.edf,110.0,114.0,182.0,False,4.0,2.0,4s_windows_50pct_overlap,scored_rest,2812,False,True,False
Subject23|rest|Subject23_1.edf|112.000|116.000,Subject23,rest,0,Subject23_1.edf,112.0,116.0,182.0,False,4.0,2.0,4s_windows_50pct_overlap,scored_rest,2813,False,True,False
Subject23|rest|Subject23_1.edf|114.000|118.000,Subject23,rest,0,Subject23_1.edf,114.0,118.0,182.0,False,4.0,2.0,4s_windows_50pct_overlap,scored_rest,2814,False,True,False
Subject23|rest|Subject23_1.edf|116.000|120.000,Subject23,rest,0,Subject23_1.edf,116.0,120.0,182.0,False,4.0,2.0,4s_windows_50pct_overlap,scored_rest,2815,False,True,False
Subject23|rest|Subject23_1.edf|118.000|122.000,Subject23,rest,0,Subject23_1.edf,118.0,122.0,182.0,False,4.0,2.0,4s_windows_50pct_overlap,scored_rest,2816,False,True,False
Subject23|rest|Subject23_1.edf|120.000|124.000,Subject23,rest,0,Subject23_1.edf,120.0,124.0,182.0,False,4.0,2.0,4s_windows_50pct_overlap,scored_rest,2817,False,True,False
Subject23|rest|Subject23_1.edf|122.000|126.000,Subject23,rest,0,Subject23_1.edf,122.0,126.0,182.0,False,4.0,2.0,4s_windows_50pct_overlap,scored_rest,2818,False,True,False
Subject23|rest|Subject23_1.edf|124.000|128.000,Subject23,rest,0,Subject23_1.edf,124.0,128.0,182.0,False,4.0,2.0,4s_windows_50pct_overlap,scored_rest,2819,False,True,False
Subject23|rest|Subject23_1.edf|126.000|130.000,Subject23,rest,0,Subject23_1.edf,126.0,130.0,182.0,False,4.0,2.0,4s_windows_50pct_overlap,scored_rest,2820,False,True,False
Subject23|rest|Subject23_1.edf|128.000|132.000,Subject23,rest,0,Subject23_1.edf,128.0,132.0,182.0,False,4.0,2.0,4s_windows_50pct_overlap,scored_rest,2821,False,True,False
Subject23|rest|Subject23_1.edf|130.000|134.000,Subject23,rest,0,Subject23_1.edf,130.0,134.0,182.0,False,4.0,2.0,4s_windows_50pct_overlap,scored_rest,2822,False,True,False
Subject23|rest|Subject23_1.edf|132.000|136.000,Subject23,rest,0,Subject23_1.edf,132.0,136.0,182.0,False,4.0,2.0,4s_windows_50pct_overlap,scored_rest,2823,False,True,False
Subject23|rest|Subject23_1.edf|134.000|138.000,Subject23,rest,0,Subject23_1.edf,134.0,138.0,182.0,False,4.0,2.0,4s_windows_50pct_overlap,scored_rest,2824,False,True,False
Subject23|rest|Subject23_1.edf|136.000|140.000,Subject23,rest,0,Subject23_1.edf,136.0,140.0,182.0,False,4.0,2.0,4s_windows_50pct_overlap,scored_rest,2825,False,True,False
Subject23|rest|Subject23_1.edf|138.000|142.000,Subject23,rest,0,Subject23_1.edf,138.0,142.0,182.0,False,4.0,2.0,4s_windows_50pct_overlap,scored_rest,2826,False,True,False
Subject23|rest|Subject23_1.edf|140.000|144.000,Subject23,rest,0,Subject23_1.edf,140.0,144.0,182.0,False,4.0,2.0,4s_windows_50pct_overlap,scored_rest,2827,False,True,False
Subject23|rest|Subject23_1.edf|142.000|146.000,Subject23,rest,0,Subject23_1.edf,142.0,146.0,182.0,False,4.0,2.0,4s_windows_50pct_overlap,scored_rest,2828,False,True,False
Subject23|rest|Subject23_1.edf|144.000|148.000,Subject23,rest,0,Subject23_1.edf,144.0,148.0,182.0,False,4.0,2.0,4s_windows_50pct_overlap,scored_rest,2829,False,True,False
Subject23|rest|Subject23_1.edf|146.000|150.000,Subject23,rest,0,Subject23_1.edf,146.0,150.0,182.0,False,4.0,2.0,4s_windows_50pct_overlap,scored_rest,2830,False,True,False
Subject23|rest|Subject23_1.edf|148.000|152.000,Subject23,rest,0,Subject23_1.edf,148.0,152.0,182.0,False,4.0,2.0,4s_windows_50pct_overlap,scored_rest,2831,False,True,False
Subject23|rest|Subject23_1.edf|150.000|154.000,Subject23,rest,0,Subject23_1.edf,150.0,154.0,182.0,False,4.0,2.0,4s_windows_50pct_overlap,scored_rest,2832,False,True,False
Subject23|rest|Subject23_1.edf|152.000|156.000,Subject23,rest,0,Subject23_1.edf,152.0,156.0,182.0,False,4.0,2.0,4s_windows_50pct_overlap,scored_rest,2833,False,True,False
Subject23|rest|Subject23_1.edf|154.000|158.000,Subject23,rest,0,Subject23_1.edf,154.0,158.0,182.0,False,4.0,2.0,4s_windows_50pct_overlap,scored_rest,2834,False,True,False
Subject23|rest|Subject23_1.edf|156.000|160.000,Subject23,rest,0,Subject23_1.edf,156.0,160.0,182.0,False,4.0,2.0,4s_windows_50pct_overlap,scored_rest,2835,False,True,False
Subject23|rest|Subject23_1.edf|158.000|162.000,Subject23,rest,0,Subject23_1.edf,158.0,162.0,182.0,False,4.0,2.0,4s_windows_50pct_overlap,scored_rest,2836,False,True,False
Subject23|rest|Subject23_1.edf|160.000|164.000,Subject23,rest,0,Subject23_1.edf,160.0,164.0,182.0,False,4.0,2.0,4s_windows_50pct_overlap,scored_rest,2837,False,True,False
Subject23|rest|Subject23_1.edf|162.000|166.000,Subject23,rest,0,Subject23_1.edf,162.0,166.0,182.0,False,4.0,2.0,4s_windows_50pct_overlap,scored_rest,2838,False,True,False
Subject23|rest|Subject23_1.edf|164.000|168.000,Subject23,rest,0,Subject23_1.edf,164.0,168.0,182.0,False,4.0,2.0,4s_windows_50pct_overlap,scored_rest,2839,False,True,False
Subject23|rest|Subject23_1.edf|166.000|170.000,Subject23,rest,0,Subject23_1.edf,166.0,170.0,182.0,False,4.0,2.0,4s_windows_50pct_overlap,scored_rest,2840,False,True,False
Subject23|rest|Subject23_1.edf|168.000|172.000,Subject23,rest,0,Subject23_1.edf,168.0,172.0,182.0,False,4.0,2.0,4s_windows_50pct_overlap,scored_rest,2841,False,True,False
Subject23|rest|Subject23_1.edf|170.000|174.000,Subject23,rest,0,Subject23_1.edf,170.0,174.0,182.0,False,4.0,2.0,4s_windows_50pct_overlap,scored_rest,2842,False,True,False
Subject23|rest|Subject23_1.edf|172.000|176.000,Subject23,rest,0,Subject23_1.edf,172.0,176.0,182.0,False,4.0,2.0,4s_windows_50pct_overlap,scored_rest,2843,False,True,False
Subject23|rest|Subject23_1.edf|174.000|178.000,Subject23,rest,0,Subject23_1.edf,174.0,178.0,182.0,False,4.0,2.0,4s_windows_50pct_overlap,scored_rest,2844,False,True,False
Subject23|rest|Subject23_1.edf|176.000|180.000,Subject23,rest,0,Subject23_1.edf,176.0,180.0,182.0,False,4.0,2.0,4s_windows_50pct_overlap,scored_rest,2845,False,True,False
Subject23|rest|Subject23_1.edf|178.000|182.000,Subject23,rest,0,Subject23_1.edf,178.0,182.0,182.0,False,4.0,2.0,4s_windows_50pct_overlap,scored_rest,2846,False,True,False
Subject23|arithmetic|Subject23_2.edf|0.000|4.000,Subject23,arithmetic,1,Subject23_2.edf,0.0,4.0,62.0,False,4.0,2.0,4s_windows_50pct_overlap,scored_task,2847,False,True,False
Subject23|arithmetic|Subject23_2.edf|2.000|6.000,Subject23,arithmetic,1,Subject23_2.edf,2.0,6.0,62.0,False,4.0,2.0,4s_windows_50pct_overlap,scored_task,2848,False,True,False
Subject23|arithmetic|Subject23_2.edf|4.000|8.000,Subject23,arithmetic,1,Subject23_2.edf,4.0,8.0,62.0,False,4.0,2.0,4s_windows_50pct_overlap,scored_task,2849,False,True,False
Subject23|arithmetic|Subject23_2.edf|6.000|10.000,Subject23,arithmetic,1,Subject23_2.edf,6.0,10.0,62.0,False,4.0,2.0,4s_windows_50pct_overlap,scored_task,2850,False,True,False
Subject23|arithmetic|Subject23_2.edf|8.000|12.000,Subject23,arithmetic,1,Subject23_2.edf,8.0,12.0,62.0,False,4.0,2.0,4s_windows_50pct_overlap,scored_task,2851,False,True,False
Subject23|arithmetic|Subject23_2.edf|10.000|14.000,Subject23,arithmetic,1,Subject23_2.edf,10.0,14.0,62.0,False,4.0,2.0,4s_windows_50pct_overlap,scored_task,2852,False,True,False
Subject23|arithmetic|Subject23_2.edf|12.000|16.000,Subject23,arithmetic,1,Subject23_2.edf,12.0,16.0,62.0,False,4.0,2.0,4s_windows_50pct_overlap,scored_task,2853,False,True,False
Subject23|arithmetic|Subject23_2.edf|14.000|18.000,Subject23,arithmetic,1,Subject23_2.edf,14.0,18.0,62.0,False,4.0,2.0,4s_windows_50pct_overlap,scored_task,2854,False,True,False
Subject23|arithmetic|Subject23_2.edf|16.000|20.000,Subject23,arithmetic,1,Subject23_2.edf,16.0,20.0,62.0,False,4.0,2.0,4s_windows_50pct_overlap,scored_task,2855,False,True,False
Subject23|arithmetic|Subject23_2.edf|18.000|22.000,Subject23,arithmetic,1,Subject23_2.edf,18.0,22.0,62.0,False,4.0,2.0,4s_windows_50pct_overlap,scored_task,2856,False,True,False
Subject23|arithmetic|Subject23_2.edf|20.000|24.000,Subject23,arithmetic,1,Subject23_2.edf,20.0,24.0,62.0,False,4.0,2.0,4s_windows_50pct_overlap,scored_task,2857,False,True,False
Subject23|arithmetic|Subject23_2.edf|22.000|26.000,Subject23,arithmetic,1,Subject23_2.edf,22.0,26.0,62.0,False,4.0,2.0,4s_windows_50pct_overlap,scored_task,2858,False,True,False
Subject23|arithmetic|Subject23_2.edf|24.000|28.000,Subject23,arithmetic,1,Subject23_2.edf,24.0,28.0,62.0,False,4.0,2.0,4s_windows_50pct_overlap,scored_task,2859,False,True,False
Subject23|arithmetic|Subject23_2.edf|26.000|30.000,Subject23,arithmetic,1,Subject23_2.edf,26.0,30.0,62.0,False,4.0,2.0,4s_windows_50pct_overlap,scored_task,2860,False,True,False
Subject23|arithmetic|Subject23_2.edf|28.000|32.000,Subject23,arithmetic,1,Subject23_2.edf,28.0,32.0,62.0,False,4.0,2.0,4s_windows_50pct_overlap,scored_task,2861,False,True,False
Subject23|arithmetic|Subject23_2.edf|30.000|34.000,Subject23,arithmetic,1,Subject23_2.edf,30.0,34.0,62.0,False,4.0,2.0,4s_windows_50pct_overlap,scored_task,2862,False,True,False
Subject23|arithmetic|Subject23_2.edf|32.000|36.000,Subject23,arithmetic,1,Subject23_2.edf,32.0,36.0,62.0,False,4.0,2.0,4s_windows_50pct_overlap,scored_task,2863,False,True,False
Subject23|arithmetic|Subject23_2.edf|34.000|38.000,Subject23,arithmetic,1,Subject23_2.edf,34.0,38.0,62.0,False,4.0,2.0,4s_windows_50pct_overlap,scored_task,2864,False,True,False
Subject23|arithmetic|Subject23_2.edf|36.000|40.000,Subject23,arithmetic,1,Subject23_2.edf,36.0,40.0,62.0,False,4.0,2.0,4s_windows_50pct_overlap,scored_task,2865,False,True,False
Subject23|arithmetic|Subject23_2.edf|38.000|42.000,Subject23,arithmetic,1,Subject23_2.edf,38.0,42.0,62.0,False,4.0,2.0,4s_windows_50pct_overlap,scored_task,2866,False,True,False
Subject23|arithmetic|Subject23_2.edf|40.000|44.000,Subject23,arithmetic,1,Subject23_2.edf,40.0,44.0,62.0,False,4.0,2.0,4s_windows_50pct_overlap,scored_task,2867,False,True,False
Subject23|arithmetic|Subject23_2.edf|42.000|46.000,Subject23,arithmetic,1,Subject23_2.edf,42.0,46.0,62.0,False,4.0,2.0,4s_windows_50pct_overlap,scored_task,2868,False,True,False
Subject23|arithmetic|Subject23_2.edf|44.000|48.000,Subject23,arithmetic,1,Subject23_2.edf,44.0,48.0,62.0,False,4.0,2.0,4s_windows_50pct_overlap,scored_task,2869,False,True,False
Subject23|arithmetic|Subject23_2.edf|46.000|50.000,Subject23,arithmetic,1,Subject23_2.edf,46.0,50.0,62.0,False,4.0,2.0,4s_windows_50pct_overlap,scored_task,2870,False,True,False
Subject23|arithmetic|Subject23_2.edf|48.000|52.000,Subject23,arithmetic,1,Subject23_2.edf,48.0,52.0,62.0,False,4.0,2.0,4s_windows_50pct_overlap,scored_task,2871,False,True,False
Subject23|arithmetic|Subject23_2.edf|50.000|54.000,Subject23,arithmetic,1,Subject23_2.edf,50.0,54.0,62.0,False,4.0,2.0,4s_windows_50pct_overlap,scored_task,2872,False,True,False
Subject23|arithmetic|Subject23_2.edf|52.000|56.000,Subject23,arithmetic,1,Subject23_2.edf,52.0,56.0,62.0,False,4.0,2.0,4s_windows_50pct_overlap,scored_task,2873,False,True,False
Subject23|arithmetic|Subject23_2.edf|54.000|58.000,Subject23,arithmetic,1,Subject23_2.edf,54.0,58.0,62.0,False,4.0,2.0,4s_windows_50pct_overlap,scored_task,2874,False,True,False
Subject23|arithmetic|Subject23_2.edf|56.000|60.000,Subject23,arithmetic,1,Subject23_2.edf,56.0,60.0,62.0,False,4.0,2.0,4s_windows_50pct_overlap,scored_task,2875,False,True,False
Subject23|arithmetic|Subject23_2.edf|58.000|62.000,Subject23,arithmetic,1,Subject23_2.edf,58.0,62.0,62.0,False,4.0,2.0,4s_windows_50pct_overlap,scored_task,2876,False,True,False
Subject24|rest|Subject24_1.edf|0.000|4.000,Subject24,rest,0,Subject24_1.edf,0.0,4.0,182.0,False,4.0,2.0,4s_windows_50pct_overlap,calibration,2877,True,False,False
Subject24|rest|Subject24_1.edf|2.000|6.000,Subject24,rest,0,Subject24_1.edf,2.0,6.0,182.0,False,4.0,2.0,4s_windows_50pct_overlap,calibration,2878,True,False,False
Subject24|rest|Subject24_1.edf|4.000|8.000,Subject24,rest,0,Subject24_1.edf,4.0,8.0,182.0,False,4.0,2.0,4s_windows_50pct_overlap,calibration,2879,True,False,False
Subject24|rest|Subject24_1.edf|6.000|10.000,Subject24,rest,0,Subject24_1.edf,6.0,10.0,182.0,False,4.0,2.0,4s_windows_50pct_overlap,calibration,2880,True,False,False
Subject24|rest|Subject24_1.edf|8.000|12.000,Subject24,rest,0,Subject24_1.edf,8.0,12.0,182.0,False,4.0,2.0,4s_windows_50pct_overlap,calibration,2881,True,False,False
Subject24|rest|Subject24_1.edf|10.000|14.000,Subject24,rest,0,Subject24_1.edf,10.0,14.0,182.0,False,4.0,2.0,4s_windows_50pct_overlap,calibration,2882,True,False,False
Subject24|rest|Subject24_1.edf|12.000|16.000,Subject24,rest,0,Subject24_1.edf,12.0,16.0,182.0,False,4.0,2.0,4s_windows_50pct_overlap,calibration,2883,True,False,False
Subject24|rest|Subject24_1.edf|14.000|18.000,Subject24,rest,0,Subject24_1.edf,14.0,18.0,182.0,False,4.0,2.0,4s_windows_50pct_overlap,calibration,2884,True,False,False
Subject24|rest|Subject24_1.edf|16.000|20.000,Subject24,rest,0,Subject24_1.edf,16.0,20.0,182.0,False,4.0,2.0,4s_windows_50pct_overlap,calibration,2885,True,False,False
Subject24|rest|Subject24_1.edf|18.000|22.000,Subject24,rest,0,Subject24_1.edf,18.0,22.0,182.0,False,4.0,2.0,4s_windows_50pct_overlap,calibration,2886,True,False,False
Subject24|rest|Subject24_1.edf|20.000|24.000,Subject24,rest,0,Subject24_1.edf,20.0,24.0,182.0,False,4.0,2.0,4s_windows_50pct_overlap,calibration,2887,True,False,False
Subject24|rest|Subject24_1.edf|22.000|26.000,Subject24,rest,0,Subject24_1.edf,22.0,26.0,182.0,False,4.0,2.0,4s_windows_50pct_overlap,calibration,2888,True,False,False
Subject24|rest|Subject24_1.edf|24.000|28.000,Subject24,rest,0,Subject24_1.edf,24.0,28.0,182.0,False,4.0,2.0,4s_windows_50pct_overlap,calibration,2889,True,False,False
Subject24|rest|Subject24_1.edf|26.000|30.000,Subject24,rest,0,Subject24_1.edf,26.0,30.0,182.0,False,4.0,2.0,4s_windows_50pct_overlap,calibration,2890,True,False,False
Subject24|rest|Subject24_1.edf|28.000|32.000,Subject24,rest,0,Subject24_1.edf,28.0,32.0,182.0,False,4.0,2.0,4s_windows_50pct_overlap,calibration,2891,True,False,False
Subject24|rest|Subject24_1.edf|30.000|34.000,Subject24,rest,0,Subject24_1.edf,30.0,34.0,182.0,False,4.0,2.0,4s_windows_50pct_overlap,calibration,2892,True,False,False
Subject24|rest|Subject24_1.edf|32.000|36.000,Subject24,rest,0,Subject24_1.edf,32.0,36.0,182.0,False,4.0,2.0,4s_windows_50pct_overlap,calibration,2893,True,False,False
Subject24|rest|Subject24_1.edf|34.000|38.000,Subject24,rest,0,Subject24_1.edf,34.0,38.0,182.0,False,4.0,2.0,4s_windows_50pct_overlap,calibration,2894,True,False,False
Subject24|rest|Subject24_1.edf|36.000|40.000,Subject24,rest,0,Subject24_1.edf,36.0,40.0,182.0,False,4.0,2.0,4s_windows_50pct_overlap,calibration,2895,True,False,False
Subject24|rest|Subject24_1.edf|38.000|42.000,Subject24,rest,0,Subject24_1.edf,38.0,42.0,182.0,False,4.0,2.0,4s_windows_50pct_overlap,calibration,2896,True,False,False
Subject24|rest|Subject24_1.edf|40.000|44.000,Subject24,rest,0,Subject24_1.edf,40.0,44.0,182.0,False,4.0,2.0,4s_windows_50pct_overlap,calibration,2897,True,False,False
Subject24|rest|Subject24_1.edf|42.000|46.000,Subject24,rest,0,Subject24_1.edf,42.0,46.0,182.0,False,4.0,2.0,4s_windows_50pct_overlap,calibration,2898,True,False,False
Subject24|rest|Subject24_1.edf|44.000|48.000,Subject24,rest,0,Subject24_1.edf,44.0,48.0,182.0,False,4.0,2.0,4s_windows_50pct_overlap,calibration,2899,True,False,False
Subject24|rest|Subject24_1.edf|46.000|50.000,Subject24,rest,0,Subject24_1.edf,46.0,50.0,182.0,False,4.0,2.0,4s_windows_50pct_overlap,calibration,2900,True,False,False
Subject24|rest|Subject24_1.edf|48.000|52.000,Subject24,rest,0,Subject24_1.edf,48.0,52.0,182.0,False,4.0,2.0,4s_windows_50pct_overlap,calibration,2901,True,False,False
Subject24|rest|Subject24_1.edf|50.000|54.000,Subject24,rest,0,Subject24_1.edf,50.0,54.0,182.0,False,4.0,2.0,4s_windows_50pct_overlap,calibration,2902,True,False,False
Subject24|rest|Subject24_1.edf|52.000|56.000,Subject24,rest,0,Subject24_1.edf,52.0,56.0,182.0,False,4.0,2.0,4s_windows_50pct_overlap,calibration,2903,True,False,False
Subject24|rest|Subject24_1.edf|54.000|58.000,Subject24,rest,0,Subject24_1.edf,54.0,58.0,182.0,False,4.0,2.0,4s_windows_50pct_overlap,calibration,2904,True,False,False
Subject24|rest|Subject24_1.edf|56.000|60.000,Subject24,rest,0,Subject24_1.edf,56.0,60.0,182.0,False,4.0,2.0,4s_windows_50pct_overlap,calibration,2905,True,False,False
Subject24|rest|Subject24_1.edf|58.000|62.000,Subject24,rest,0,Subject24_1.edf,58.0,62.0,182.0,False,4.0,2.0,4s_windows_50pct_overlap,calibration,2906,True,False,False
Subject24|rest|Subject24_1.edf|60.000|64.000,Subject24,rest,0,Subject24_1.edf,60.0,64.0,182.0,False,4.0,2.0,4s_windows_50pct_overlap,scored_rest,2907,False,True,False
Subject24|rest|Subject24_1.edf|62.000|66.000,Subject24,rest,0,Subject24_1.edf,62.0,66.0,182.0,False,4.0,2.0,4s_windows_50pct_overlap,scored_rest,2908,False,True,False
Subject24|rest|Subject24_1.edf|64.000|68.000,Subject24,rest,0,Subject24_1.edf,64.0,68.0,182.0,False,4.0,2.0,4s_windows_50pct_overlap,scored_rest,2909,False,True,False
Subject24|rest|Subject24_1.edf|66.000|70.000,Subject24,rest,0,Subject24_1.edf,66.0,70.0,182.0,False,4.0,2.0,4s_windows_50pct_overlap,scored_rest,2910,False,True,False
Subject24|rest|Subject24_1.edf|68.000|72.000,Subject24,rest,0,Subject24_1.edf,68.0,72.0,182.0,False,4.0,2.0,4s_windows_50pct_overlap,scored_rest,2911,False,True,False
Subject24|rest|Subject24_1.edf|70.000|74.000,Subject24,rest,0,Subject24_1.edf,70.0,74.0,182.0,False,4.0,2.0,4s_windows_50pct_overlap,scored_rest,2912,False,True,False
Subject24|rest|Subject24_1.edf|72.000|76.000,Subject24,rest,0,Subject24_1.edf,72.0,76.0,182.0,False,4.0,2.0,4s_windows_50pct_overlap,scored_rest,2913,False,True,False
Subject24|rest|Subject24_1.edf|74.000|78.000,Subject24,rest,0,Subject24_1.edf,74.0,78.0,182.0,False,4.0,2.0,4s_windows_50pct_overlap,scored_rest,2914,False,True,False
Subject24|rest|Subject24_1.edf|76.000|80.000,Subject24,rest,0,Subject24_1.edf,76.0,80.0,182.0,False,4.0,2.0,4s_windows_50pct_overlap,scored_rest,2915,False,True,False
Subject24|rest|Subject24_1.edf|78.000|82.000,Subject24,rest,0,Subject24_1.edf,78.0,82.0,182.0,False,4.0,2.0,4s_windows_50pct_overlap,scored_rest,2916,False,True,False
Subject24|rest|Subject24_1.edf|80.000|84.000,Subject24,rest,0,Subject24_1.edf,80.0,84.0,182.0,False,4.0,2.0,4s_windows_50pct_overlap,scored_rest,2917,False,True,False
Subject24|rest|Subject24_1.edf|82.000|86.000,Subject24,rest,0,Subject24_1.edf,82.0,86.0,182.0,False,4.0,2.0,4s_windows_50pct_overlap,scored_rest,2918,False,True,False
Subject24|rest|Subject24_1.edf|84.000|88.000,Subject24,rest,0,Subject24_1.edf,84.0,88.0,182.0,False,4.0,2.0,4s_windows_50pct_overlap,scored_rest,2919,False,True,False
Subject24|rest|Subject24_1.edf|86.000|90.000,Subject24,rest,0,Subject24_1.edf,86.0,90.0,182.0,False,4.0,2.0,4s_windows_50pct_overlap,scored_rest,2920,False,True,False
Subject24|rest|Subject24_1.edf|88.000|92.000,Subject24,rest,0,Subject24_1.edf,88.0,92.0,182.0,False,4.0,2.0,4s_windows_50pct_overlap,scored_rest,2921,False,True,False
Subject24|rest|Subject24_1.edf|90.000|94.000,Subject24,rest,0,Subject24_1.edf,90.0,94.0,182.0,False,4.0,2.0,4s_windows_50pct_overlap,scored_rest,2922,False,True,False
Subject24|rest|Subject24_1.edf|92.000|96.000,Subject24,rest,0,Subject24_1.edf,92.0,96.0,182.0,False,4.0,2.0,4s_windows_50pct_overlap,scored_rest,2923,False,True,False
Subject24|rest|Subject24_1.edf|94.000|98.000,Subject24,rest,0,Subject24_1.edf,94.0,98.0,182.0,False,4.0,2.0,4s_windows_50pct_overlap,scored_rest,2924,False,True,False
Subject24|rest|Subject24_1.edf|96.000|100.000,Subject24,rest,0,Subject24_1.edf,96.0,100.0,182.0,False,4.0,2.0,4s_windows_50pct_overlap,scored_rest,2925,False,True,False
Subject24|rest|Subject24_1.edf|98.000|102.000,Subject24,rest,0,Subject24_1.edf,98.0,102.0,182.0,False,4.0,2.0,4s_windows_50pct_overlap,scored_rest,2926,False,True,False
Subject24|rest|Subject24_1.edf|100.000|104.000,Subject24,rest,0,Subject24_1.edf,100.0,104.0,182.0,False,4.0,2.0,4s_windows_50pct_overlap,scored_rest,2927,False,True,False
Subject24|rest|Subject24_1.edf|102.000|106.000,Subject24,rest,0,Subject24_1.edf,102.0,106.0,182.0,False,4.0,2.0,4s_windows_50pct_overlap,scored_rest,2928,False,True,False
Subject24|rest|Subject24_1.edf|104.000|108.000,Subject24,rest,0,Subject24_1.edf,104.0,108.0,182.0,False,4.0,2.0,4s_windows_50pct_overlap,scored_rest,2929,False,True,False
Subject24|rest|Subject24_1.edf|106.000|110.000,Subject24,rest,0,Subject24_1.edf,106.0,110.0,182.0,False,4.0,2.0,4s_windows_50pct_overlap,scored_rest,2930,False,True,False
Subject24|rest|Subject24_1.edf|108.000|112.000,Subject24,rest,0,Subject24_1.edf,108.0,112.0,182.0,False,4.0,2.0,4s_windows_50pct_overlap,scored_rest,2931,False,True,False
Subject24|rest|Subject24_1.edf|110.000|114.000,Subject24,rest,0,Subject24_1.edf,110.0,114.0,182.0,False,4.0,2.0,4s_windows_50pct_overlap,scored_rest,2932,False,True,False
Subject24|rest|Subject24_1.edf|112.000|116.000,Subject24,rest,0,Subject24_1.edf,112.0,116.0,182.0,False,4.0,2.0,4s_windows_50pct_overlap,scored_rest,2933,False,True,False
Subject24|rest|Subject24_1.edf|114.000|118.000,Subject24,rest,0,Subject24_1.edf,114.0,118.0,182.0,False,4.0,2.0,4s_windows_50pct_overlap,scored_rest,2934,False,True,False
Subject24|rest|Subject24_1.edf|116.000|120.000,Subject24,rest,0,Subject24_1.edf,116.0,120.0,182.0,False,4.0,2.0,4s_windows_50pct_overlap,scored_rest,2935,False,True,False
Subject24|rest|Subject24_1.edf|118.000|122.000,Subject24,rest,0,Subject24_1.edf,118.0,122.0,182.0,False,4.0,2.0,4s_windows_50pct_overlap,scored_rest,2936,False,True,False
Subject24|rest|Subject24_1.edf|120.000|124.000,Subject24,rest,0,Subject24_1.edf,120.0,124.0,182.0,False,4.0,2.0,4s_windows_50pct_overlap,scored_rest,2937,False,True,False
Subject24|rest|Subject24_1.edf|122.000|126.000,Subject24,rest,0,Subject24_1.edf,122.0,126.0,182.0,False,4.0,2.0,4s_windows_50pct_overlap,scored_rest,2938,False,True,False
Subject24|rest|Subject24_1.edf|124.000|128.000,Subject24,rest,0,Subject24_1.edf,124.0,128.0,182.0,False,4.0,2.0,4s_windows_50pct_overlap,scored_rest,2939,False,True,False
Subject24|rest|Subject24_1.edf|126.000|130.000,Subject24,rest,0,Subject24_1.edf,126.0,130.0,182.0,False,4.0,2.0,4s_windows_50pct_overlap,scored_rest,2940,False,True,False
Subject24|rest|Subject24_1.edf|128.000|132.000,Subject24,rest,0,Subject24_1.edf,128.0,132.0,182.0,False,4.0,2.0,4s_windows_50pct_overlap,scored_rest,2941,False,True,False
Subject24|rest|Subject24_1.edf|130.000|134.000,Subject24,rest,0,Subject24_1.edf,130.0,134.0,182.0,False,4.0,2.0,4s_windows_50pct_overlap,scored_rest,2942,False,True,False
Subject24|rest|Subject24_1.edf|132.000|136.000,Subject24,rest,0,Subject24_1.edf,132.0,136.0,182.0,False,4.0,2.0,4s_windows_50pct_overlap,scored_rest,2943,False,True,False
Subject24|rest|Subject24_1.edf|134.000|138.000,Subject24,rest,0,Subject24_1.edf,134.0,138.0,182.0,False,4.0,2.0,4s_windows_50pct_overlap,scored_rest,2944,False,True,False
Subject24|rest|Subject24_1.edf|136.000|140.000,Subject24,rest,0,Subject24_1.edf,136.0,140.0,182.0,False,4.0,2.0,4s_windows_50pct_overlap,scored_rest,2945,False,True,False
Subject24|rest|Subject24_1.edf|138.000|142.000,Subject24,rest,0,Subject24_1.edf,138.0,142.0,182.0,False,4.0,2.0,4s_windows_50pct_overlap,scored_rest,2946,False,True,False
Subject24|rest|Subject24_1.edf|140.000|144.000,Subject24,rest,0,Subject24_1.edf,140.0,144.0,182.0,False,4.0,2.0,4s_windows_50pct_overlap,scored_rest,2947,False,True,False
Subject24|rest|Subject24_1.edf|142.000|146.000,Subject24,rest,0,Subject24_1.edf,142.0,146.0,182.0,False,4.0,2.0,4s_windows_50pct_overlap,scored_rest,2948,False,True,False
Subject24|rest|Subject24_1.edf|144.000|148.000,Subject24,rest,0,Subject24_1.edf,144.0,148.0,182.0,False,4.0,2.0,4s_windows_50pct_overlap,scored_rest,2949,False,True,False
Subject24|rest|Subject24_1.edf|146.000|150.000,Subject24,rest,0,Subject24_1.edf,146.0,150.0,182.0,False,4.0,2.0,4s_windows_50pct_overlap,scored_rest,2950,False,True,False
Subject24|rest|Subject24_1.edf|148.000|152.000,Subject24,rest,0,Subject24_1.edf,148.0,152.0,182.0,False,4.0,2.0,4s_windows_50pct_overlap,scored_rest,2951,False,True,False
Subject24|rest|Subject24_1.edf|150.000|154.000,Subject24,rest,0,Subject24_1.edf,150.0,154.0,182.0,False,4.0,2.0,4s_windows_50pct_overlap,scored_rest,2952,False,True,False
Subject24|rest|Subject24_1.edf|152.000|156.000,Subject24,rest,0,Subject24_1.edf,152.0,156.0,182.0,False,4.0,2.0,4s_windows_50pct_overlap,scored_rest,2953,False,True,False
Subject24|rest|Subject24_1.edf|154.000|158.000,Subject24,rest,0,Subject24_1.edf,154.0,158.0,182.0,False,4.0,2.0,4s_windows_50pct_overlap,scored_rest,2954,False,True,False
Subject24|rest|Subject24_1.edf|156.000|160.000,Subject24,rest,0,Subject24_1.edf,156.0,160.0,182.0,False,4.0,2.0,4s_windows_50pct_overlap,scored_rest,2955,False,True,False
Subject24|rest|Subject24_1.edf|158.000|162.000,Subject24,rest,0,Subject24_1.edf,158.0,162.0,182.0,False,4.0,2.0,4s_windows_50pct_overlap,scored_rest,2956,False,True,False
Subject24|rest|Subject24_1.edf|160.000|164.000,Subject24,rest,0,Subject24_1.edf,160.0,164.0,182.0,False,4.0,2.0,4s_windows_50pct_overlap,scored_rest,2957,False,True,False
Subject24|rest|Subject24_1.edf|162.000|166.000,Subject24,rest,0,Subject24_1.edf,162.0,166.0,182.0,False,4.0,2.0,4s_windows_50pct_overlap,scored_rest,2958,False,True,False
Subject24|rest|Subject24_1.edf|164.000|168.000,Subject24,rest,0,Subject24_1.edf,164.0,168.0,182.0,False,4.0,2.0,4s_windows_50pct_overlap,scored_rest,2959,False,True,False
Subject24|rest|Subject24_1.edf|166.000|170.000,Subject24,rest,0,Subject24_1.edf,166.0,170.0,182.0,False,4.0,2.0,4s_windows_50pct_overlap,scored_rest,2960,False,True,False
Subject24|rest|Subject24_1.edf|168.000|172.000,Subject24,rest,0,Subject24_1.edf,168.0,172.0,182.0,False,4.0,2.0,4s_windows_50pct_overlap,scored_rest,2961,False,True,False
Subject24|rest|Subject24_1.edf|170.000|174.000,Subject24,rest,0,Subject24_1.edf,170.0,174.0,182.0,False,4.0,2.0,4s_windows_50pct_overlap,scored_rest,2962,False,True,False
Subject24|rest|Subject24_1.edf|172.000|176.000,Subject24,rest,0,Subject24_1.edf,172.0,176.0,182.0,False,4.0,2.0,4s_windows_50pct_overlap,scored_rest,2963,False,True,False
Subject24|rest|Subject24_1.edf|174.000|178.000,Subject24,rest,0,Subject24_1.edf,174.0,178.0,182.0,False,4.0,2.0,4s_windows_50pct_overlap,scored_rest,2964,False,True,False
Subject24|rest|Subject24_1.edf|176.000|180.000,Subject24,rest,0,Subject24_1.edf,176.0,180.0,182.0,False,4.0,2.0,4s_windows_50pct_overlap,scored_rest,2965,False,True,False
Subject24|rest|Subject24_1.edf|178.000|182.000,Subject24,rest,0,Subject24_1.edf,178.0,182.0,182.0,False,4.0,2.0,4s_windows_50pct_overlap,scored_rest,2966,False,True,False
Subject24|arithmetic|Subject24_2.edf|0.000|4.000,Subject24,arithmetic,1,Subject24_2.edf,0.0,4.0,62.0,False,4.0,2.0,4s_windows_50pct_overlap,scored_task,2967,False,True,False
Subject24|arithmetic|Subject24_2.edf|2.000|6.000,Subject24,arithmetic,1,Subject24_2.edf,2.0,6.0,62.0,False,4.0,2.0,4s_windows_50pct_overlap,scored_task,2968,False,True,False
Subject24|arithmetic|Subject24_2.edf|4.000|8.000,Subject24,arithmetic,1,Subject24_2.edf,4.0,8.0,62.0,False,4.0,2.0,4s_windows_50pct_overlap,scored_task,2969,False,True,False
Subject24|arithmetic|Subject24_2.edf|6.000|10.000,Subject24,arithmetic,1,Subject24_2.edf,6.0,10.0,62.0,False,4.0,2.0,4s_windows_50pct_overlap,scored_task,2970,False,True,False
Subject24|arithmetic|Subject24_2.edf|8.000|12.000,Subject24,arithmetic,1,Subject24_2.edf,8.0,12.0,62.0,False,4.0,2.0,4s_windows_50pct_overlap,scored_task,2971,False,True,False
Subject24|arithmetic|Subject24_2.edf|10.000|14.000,Subject24,arithmetic,1,Subject24_2.edf,10.0,14.0,62.0,False,4.0,2.0,4s_windows_50pct_overlap,scored_task,2972,False,True,False
Subject24|arithmetic|Subject24_2.edf|12.000|16.000,Subject24,arithmetic,1,Subject24_2.edf,12.0,16.0,62.0,False,4.0,2.0,4s_windows_50pct_overlap,scored_task,2973,False,True,False
Subject24|arithmetic|Subject24_2.edf|14.000|18.000,Subject24,arithmetic,1,Subject24_2.edf,14.0,18.0,62.0,False,4.0,2.0,4s_windows_50pct_overlap,scored_task,2974,False,True,False
Subject24|arithmetic|Subject24_2.edf|16.000|20.000,Subject24,arithmetic,1,Subject24_2.edf,16.0,20.0,62.0,False,4.0,2.0,4s_windows_50pct_overlap,scored_task,2975,False,True,False
Subject24|arithmetic|Subject24_2.edf|18.000|22.000,Subject24,arithmetic,1,Subject24_2.edf,18.0,22.0,62.0,False,4.0,2.0,4s_windows_50pct_overlap,scored_task,2976,False,True,False
Subject24|arithmetic|Subject24_2.edf|20.000|24.000,Subject24,arithmetic,1,Subject24_2.edf,20.0,24.0,62.0,False,4.0,2.0,4s_windows_50pct_overlap,scored_task,2977,False,True,False
Subject24|arithmetic|Subject24_2.edf|22.000|26.000,Subject24,arithmetic,1,Subject24_2.edf,22.0,26.0,62.0,False,4.0,2.0,4s_windows_50pct_overlap,scored_task,2978,False,True,False
Subject24|arithmetic|Subject24_2.edf|24.000|28.000,Subject24,arithmetic,1,Subject24_2.edf,24.0,28.0,62.0,False,4.0,2.0,4s_windows_50pct_overlap,scored_task,2979,False,True,False
Subject24|arithmetic|Subject24_2.edf|26.000|30.000,Subject24,arithmetic,1,Subject24_2.edf,26.0,30.0,62.0,False,4.0,2.0,4s_windows_50pct_overlap,scored_task,2980,False,True,False
Subject24|arithmetic|Subject24_2.edf|28.000|32.000,Subject24,arithmetic,1,Subject24_2.edf,28.0,32.0,62.0,False,4.0,2.0,4s_windows_50pct_overlap,scored_task,2981,False,True,False
Subject24|arithmetic|Subject24_2.edf|30.000|34.000,Subject24,arithmetic,1,Subject24_2.edf,30.0,34.0,62.0,False,4.0,2.0,4s_windows_50pct_overlap,scored_task,2982,False,True,False
Subject24|arithmetic|Subject24_2.edf|32.000|36.000,Subject24,arithmetic,1,Subject24_2.edf,32.0,36.0,62.0,False,4.0,2.0,4s_windows_50pct_overlap,scored_task,2983,False,True,False
Subject24|arithmetic|Subject24_2.edf|34.000|38.000,Subject24,arithmetic,1,Subject24_2.edf,34.0,38.0,62.0,False,4.0,2.0,4s_windows_50pct_overlap,scored_task,2984,False,True,False
Subject24|arithmetic|Subject24_2.edf|36.000|40.000,Subject24,arithmetic,1,Subject24_2.edf,36.0,40.0,62.0,False,4.0,2.0,4s_windows_50pct_overlap,scored_task,2985,False,True,False
Subject24|arithmetic|Subject24_2.edf|38.000|42.000,Subject24,arithmetic,1,Subject24_2.edf,38.0,42.0,62.0,False,4.0,2.0,4s_windows_50pct_overlap,scored_task,2986,False,True,False
Subject24|arithmetic|Subject24_2.edf|40.000|44.000,Subject24,arithmetic,1,Subject24_2.edf,40.0,44.0,62.0,False,4.0,2.0,4s_windows_50pct_overlap,scored_task,2987,False,True,False
Subject24|arithmetic|Subject24_2.edf|42.000|46.000,Subject24,arithmetic,1,Subject24_2.edf,42.0,46.0,62.0,False,4.0,2.0,4s_windows_50pct_overlap,scored_task,2988,False,True,False
Subject24|arithmetic|Subject24_2.edf|44.000|48.000,Subject24,arithmetic,1,Subject24_2.edf,44.0,48.0,62.0,False,4.0,2.0,4s_windows_50pct_overlap,scored_task,2989,False,True,False
Subject24|arithmetic|Subject24_2.edf|46.000|50.000,Subject24,arithmetic,1,Subject24_2.edf,46.0,50.0,62.0,False,4.0,2.0,4s_windows_50pct_overlap,scored_task,2990,False,True,False
Subject24|arithmetic|Subject24_2.edf|48.000|52.000,Subject24,arithmetic,1,Subject24_2.edf,48.0,52.0,62.0,False,4.0,2.0,4s_windows_50pct_overlap,scored_task,2991,False,True,False
Subject24|arithmetic|Subject24_2.edf|50.000|54.000,Subject24,arithmetic,1,Subject24_2.edf,50.0,54.0,62.0,False,4.0,2.0,4s_windows_50pct_overlap,scored_task,2992,False,True,False
Subject24|arithmetic|Subject24_2.edf|52.000|56.000,Subject24,arithmetic,1,Subject24_2.edf,52.0,56.0,62.0,False,4.0,2.0,4s_windows_50pct_overlap,scored_task,2993,False,True,False
Subject24|arithmetic|Subject24_2.edf|54.000|58.000,Subject24,arithmetic,1,Subject24_2.edf,54.0,58.0,62.0,False,4.0,2.0,4s_windows_50pct_overlap,scored_task,2994,False,True,False
Subject24|arithmetic|Subject24_2.edf|56.000|60.000,Subject24,arithmetic,1,Subject24_2.edf,56.0,60.0,62.0,False,4.0,2.0,4s_windows_50pct_overlap,scored_task,2995,False,True,False
Subject24|arithmetic|Subject24_2.edf|58.000|62.000,Subject24,arithmetic,1,Subject24_2.edf,58.0,62.0,62.0,False,4.0,2.0,4s_windows_50pct_overlap,scored_task,2996,False,True,False
Subject25|rest|Subject25_1.edf|0.000|4.000,Subject25,rest,0,Subject25_1.edf,0.0,4.0,182.0,False,4.0,2.0,4s_windows_50pct_overlap,calibration,2997,True,False,False
Subject25|rest|Subject25_1.edf|2.000|6.000,Subject25,rest,0,Subject25_1.edf,2.0,6.0,182.0,False,4.0,2.0,4s_windows_50pct_overlap,calibration,2998,True,False,False
Subject25|rest|Subject25_1.edf|4.000|8.000,Subject25,rest,0,Subject25_1.edf,4.0,8.0,182.0,False,4.0,2.0,4s_windows_50pct_overlap,calibration,2999,True,False,False
Subject25|rest|Subject25_1.edf|6.000|10.000,Subject25,rest,0,Subject25_1.edf,6.0,10.0,182.0,False,4.0,2.0,4s_windows_50pct_overlap,calibration,3000,True,False,False
Subject25|rest|Subject25_1.edf|8.000|12.000,Subject25,rest,0,Subject25_1.edf,8.0,12.0,182.0,False,4.0,2.0,4s_windows_50pct_overlap,calibration,3001,True,False,False
Subject25|rest|Subject25_1.edf|10.000|14.000,Subject25,rest,0,Subject25_1.edf,10.0,14.0,182.0,False,4.0,2.0,4s_windows_50pct_overlap,calibration,3002,True,False,False
Subject25|rest|Subject25_1.edf|12.000|16.000,Subject25,rest,0,Subject25_1.edf,12.0,16.0,182.0,False,4.0,2.0,4s_windows_50pct_overlap,calibration,3003,True,False,False
Subject25|rest|Subject25_1.edf|14.000|18.000,Subject25,rest,0,Subject25_1.edf,14.0,18.0,182.0,False,4.0,2.0,4s_windows_50pct_overlap,calibration,3004,True,False,False
Subject25|rest|Subject25_1.edf|16.000|20.000,Subject25,rest,0,Subject25_1.edf,16.0,20.0,182.0,False,4.0,2.0,4s_windows_50pct_overlap,calibration,3005,True,False,False
Subject25|rest|Subject25_1.edf|18.000|22.000,Subject25,rest,0,Subject25_1.edf,18.0,22.0,182.0,False,4.0,2.0,4s_windows_50pct_overlap,calibration,3006,True,False,False
Subject25|rest|Subject25_1.edf|20.000|24.000,Subject25,rest,0,Subject25_1.edf,20.0,24.0,182.0,False,4.0,2.0,4s_windows_50pct_overlap,calibration,3007,True,False,False
Subject25|rest|Subject25_1.edf|22.000|26.000,Subject25,rest,0,Subject25_1.edf,22.0,26.0,182.0,False,4.0,2.0,4s_windows_50pct_overlap,calibration,3008,True,False,False
Subject25|rest|Subject25_1.edf|24.000|28.000,Subject25,rest,0,Subject25_1.edf,24.0,28.0,182.0,False,4.0,2.0,4s_windows_50pct_overlap,calibration,3009,True,False,False
Subject25|rest|Subject25_1.edf|26.000|30.000,Subject25,rest,0,Subject25_1.edf,26.0,30.0,182.0,False,4.0,2.0,4s_windows_50pct_overlap,calibration,3010,True,False,False
Subject25|rest|Subject25_1.edf|28.000|32.000,Subject25,rest,0,Subject25_1.edf,28.0,32.0,182.0,False,4.0,2.0,4s_windows_50pct_overlap,calibration,3011,True,False,False
Subject25|rest|Subject25_1.edf|30.000|34.000,Subject25,rest,0,Subject25_1.edf,30.0,34.0,182.0,False,4.0,2.0,4s_windows_50pct_overlap,calibration,3012,True,False,False
Subject25|rest|Subject25_1.edf|32.000|36.000,Subject25,rest,0,Subject25_1.edf,32.0,36.0,182.0,False,4.0,2.0,4s_windows_50pct_overlap,calibration,3013,True,False,False
Subject25|rest|Subject25_1.edf|34.000|38.000,Subject25,rest,0,Subject25_1.edf,34.0,38.0,182.0,False,4.0,2.0,4s_windows_50pct_overlap,calibration,3014,True,False,False
Subject25|rest|Subject25_1.edf|36.000|40.000,Subject25,rest,0,Subject25_1.edf,36.0,40.0,182.0,False,4.0,2.0,4s_windows_50pct_overlap,calibration,3015,True,False,False
Subject25|rest|Subject25_1.edf|38.000|42.000,Subject25,rest,0,Subject25_1.edf,38.0,42.0,182.0,False,4.0,2.0,4s_windows_50pct_overlap,calibration,3016,True,False,False
Subject25|rest|Subject25_1.edf|40.000|44.000,Subject25,rest,0,Subject25_1.edf,40.0,44.0,182.0,False,4.0,2.0,4s_windows_50pct_overlap,calibration,3017,True,False,False
Subject25|rest|Subject25_1.edf|42.000|46.000,Subject25,rest,0,Subject25_1.edf,42.0,46.0,182.0,False,4.0,2.0,4s_windows_50pct_overlap,calibration,3018,True,False,False
Subject25|rest|Subject25_1.edf|44.000|48.000,Subject25,rest,0,Subject25_1.edf,44.0,48.0,182.0,False,4.0,2.0,4s_windows_50pct_overlap,calibration,3019,True,False,False
Subject25|rest|Subject25_1.edf|46.000|50.000,Subject25,rest,0,Subject25_1.edf,46.0,50.0,182.0,False,4.0,2.0,4s_windows_50pct_overlap,calibration,3020,True,False,False
Subject25|rest|Subject25_1.edf|48.000|52.000,Subject25,rest,0,Subject25_1.edf,48.0,52.0,182.0,False,4.0,2.0,4s_windows_50pct_overlap,calibration,3021,True,False,False
Subject25|rest|Subject25_1.edf|50.000|54.000,Subject25,rest,0,Subject25_1.edf,50.0,54.0,182.0,False,4.0,2.0,4s_windows_50pct_overlap,calibration,3022,True,False,False
Subject25|rest|Subject25_1.edf|52.000|56.000,Subject25,rest,0,Subject25_1.edf,52.0,56.0,182.0,False,4.0,2.0,4s_windows_50pct_overlap,calibration,3023,True,False,False
Subject25|rest|Subject25_1.edf|54.000|58.000,Subject25,rest,0,Subject25_1.edf,54.0,58.0,182.0,False,4.0,2.0,4s_windows_50pct_overlap,calibration,3024,True,False,False
Subject25|rest|Subject25_1.edf|56.000|60.000,Subject25,rest,0,Subject25_1.edf,56.0,60.0,182.0,False,4.0,2.0,4s_windows_50pct_overlap,calibration,3025,True,False,False
Subject25|rest|Subject25_1.edf|58.000|62.000,Subject25,rest,0,Subject25_1.edf,58.0,62.0,182.0,False,4.0,2.0,4s_windows_50pct_overlap,calibration,3026,True,False,False
Subject25|rest|Subject25_1.edf|60.000|64.000,Subject25,rest,0,Subject25_1.edf,60.0,64.0,182.0,False,4.0,2.0,4s_windows_50pct_overlap,scored_rest,3027,False,True,False
Subject25|rest|Subject25_1.edf|62.000|66.000,Subject25,rest,0,Subject25_1.edf,62.0,66.0,182.0,False,4.0,2.0,4s_windows_50pct_overlap,scored_rest,3028,False,True,False
Subject25|rest|Subject25_1.edf|64.000|68.000,Subject25,rest,0,Subject25_1.edf,64.0,68.0,182.0,False,4.0,2.0,4s_windows_50pct_overlap,scored_rest,3029,False,True,False
Subject25|rest|Subject25_1.edf|66.000|70.000,Subject25,rest,0,Subject25_1.edf,66.0,70.0,182.0,False,4.0,2.0,4s_windows_50pct_overlap,scored_rest,3030,False,True,False
Subject25|rest|Subject25_1.edf|68.000|72.000,Subject25,rest,0,Subject25_1.edf,68.0,72.0,182.0,False,4.0,2.0,4s_windows_50pct_overlap,scored_rest,3031,False,True,False
Subject25|rest|Subject25_1.edf|70.000|74.000,Subject25,rest,0,Subject25_1.edf,70.0,74.0,182.0,False,4.0,2.0,4s_windows_50pct_overlap,scored_rest,3032,False,True,False
Subject25|rest|Subject25_1.edf|72.000|76.000,Subject25,rest,0,Subject25_1.edf,72.0,76.0,182.0,False,4.0,2.0,4s_windows_50pct_overlap,scored_rest,3033,False,True,False
Subject25|rest|Subject25_1.edf|74.000|78.000,Subject25,rest,0,Subject25_1.edf,74.0,78.0,182.0,False,4.0,2.0,4s_windows_50pct_overlap,scored_rest,3034,False,True,False
Subject25|rest|Subject25_1.edf|76.000|80.000,Subject25,rest,0,Subject25_1.edf,76.0,80.0,182.0,False,4.0,2.0,4s_windows_50pct_overlap,scored_rest,3035,False,True,False
Subject25|rest|Subject25_1.edf|78.000|82.000,Subject25,rest,0,Subject25_1.edf,78.0,82.0,182.0,False,4.0,2.0,4s_windows_50pct_overlap,scored_rest,3036,False,True,False
Subject25|rest|Subject25_1.edf|80.000|84.000,Subject25,rest,0,Subject25_1.edf,80.0,84.0,182.0,False,4.0,2.0,4s_windows_50pct_overlap,scored_rest,3037,False,True,False
Subject25|rest|Subject25_1.edf|82.000|86.000,Subject25,rest,0,Subject25_1.edf,82.0,86.0,182.0,False,4.0,2.0,4s_windows_50pct_overlap,scored_rest,3038,False,True,False
Subject25|rest|Subject25_1.edf|84.000|88.000,Subject25,rest,0,Subject25_1.edf,84.0,88.0,182.0,False,4.0,2.0,4s_windows_50pct_overlap,scored_rest,3039,False,True,False
Subject25|rest|Subject25_1.edf|86.000|90.000,Subject25,rest,0,Subject25_1.edf,86.0,90.0,182.0,False,4.0,2.0,4s_windows_50pct_overlap,scored_rest,3040,False,True,False
Subject25|rest|Subject25_1.edf|88.000|92.000,Subject25,rest,0,Subject25_1.edf,88.0,92.0,182.0,False,4.0,2.0,4s_windows_50pct_overlap,scored_rest,3041,False,True,False
Subject25|rest|Subject25_1.edf|90.000|94.000,Subject25,rest,0,Subject25_1.edf,90.0,94.0,182.0,False,4.0,2.0,4s_windows_50pct_overlap,scored_rest,3042,False,True,False
Subject25|rest|Subject25_1.edf|92.000|96.000,Subject25,rest,0,Subject25_1.edf,92.0,96.0,182.0,False,4.0,2.0,4s_windows_50pct_overlap,scored_rest,3043,False,True,False
Subject25|rest|Subject25_1.edf|94.000|98.000,Subject25,rest,0,Subject25_1.edf,94.0,98.0,182.0,False,4.0,2.0,4s_windows_50pct_overlap,scored_rest,3044,False,True,False
Subject25|rest|Subject25_1.edf|96.000|100.000,Subject25,rest,0,Subject25_1.edf,96.0,100.0,182.0,False,4.0,2.0,4s_windows_50pct_overlap,scored_rest,3045,False,True,False
Subject25|rest|Subject25_1.edf|98.000|102.000,Subject25,rest,0,Subject25_1.edf,98.0,102.0,182.0,False,4.0,2.0,4s_windows_50pct_overlap,scored_rest,3046,False,True,False
Subject25|rest|Subject25_1.edf|100.000|104.000,Subject25,rest,0,Subject25_1.edf,100.0,104.0,182.0,False,4.0,2.0,4s_windows_50pct_overlap,scored_rest,3047,False,True,False
Subject25|rest|Subject25_1.edf|102.000|106.000,Subject25,rest,0,Subject25_1.edf,102.0,106.0,182.0,False,4.0,2.0,4s_windows_50pct_overlap,scored_rest,3048,False,True,False
Subject25|rest|Subject25_1.edf|104.000|108.000,Subject25,rest,0,Subject25_1.edf,104.0,108.0,182.0,False,4.0,2.0,4s_windows_50pct_overlap,scored_rest,3049,False,True,False
Subject25|rest|Subject25_1.edf|106.000|110.000,Subject25,rest,0,Subject25_1.edf,106.0,110.0,182.0,False,4.0,2.0,4s_windows_50pct_overlap,scored_rest,3050,False,True,False
Subject25|rest|Subject25_1.edf|108.000|112.000,Subject25,rest,0,Subject25_1.edf,108.0,112.0,182.0,False,4.0,2.0,4s_windows_50pct_overlap,scored_rest,3051,False,True,False
Subject25|rest|Subject25_1.edf|110.000|114.000,Subject25,rest,0,Subject25_1.edf,110.0,114.0,182.0,False,4.0,2.0,4s_windows_50pct_overlap,scored_rest,3052,False,True,False
Subject25|rest|Subject25_1.edf|112.000|116.000,Subject25,rest,0,Subject25_1.edf,112.0,116.0,182.0,False,4.0,2.0,4s_windows_50pct_overlap,scored_rest,3053,False,True,False
Subject25|rest|Subject25_1.edf|114.000|118.000,Subject25,rest,0,Subject25_1.edf,114.0,118.0,182.0,False,4.0,2.0,4s_windows_50pct_overlap,scored_rest,3054,False,True,False
Subject25|rest|Subject25_1.edf|116.000|120.000,Subject25,rest,0,Subject25_1.edf,116.0,120.0,182.0,False,4.0,2.0,4s_windows_50pct_overlap,scored_rest,3055,False,True,False
Subject25|rest|Subject25_1.edf|118.000|122.000,Subject25,rest,0,Subject25_1.edf,118.0,122.0,182.0,False,4.0,2.0,4s_windows_50pct_overlap,scored_rest,3056,False,True,False
Subject25|rest|Subject25_1.edf|120.000|124.000,Subject25,rest,0,Subject25_1.edf,120.0,124.0,182.0,False,4.0,2.0,4s_windows_50pct_overlap,scored_rest,3057,False,True,False
Subject25|rest|Subject25_1.edf|122.000|126.000,Subject25,rest,0,Subject25_1.edf,122.0,126.0,182.0,False,4.0,2.0,4s_windows_50pct_overlap,scored_rest,3058,False,True,False
Subject25|rest|Subject25_1.edf|124.000|128.000,Subject25,rest,0,Subject25_1.edf,124.0,128.0,182.0,False,4.0,2.0,4s_windows_50pct_overlap,scored_rest,3059,False,True,False
Subject25|rest|Subject25_1.edf|126.000|130.000,Subject25,rest,0,Subject25_1.edf,126.0,130.0,182.0,False,4.0,2.0,4s_windows_50pct_overlap,scored_rest,3060,False,True,False
Subject25|rest|Subject25_1.edf|128.000|132.000,Subject25,rest,0,Subject25_1.edf,128.0,132.0,182.0,False,4.0,2.0,4s_windows_50pct_overlap,scored_rest,3061,False,True,False
Subject25|rest|Subject25_1.edf|130.000|134.000,Subject25,rest,0,Subject25_1.edf,130.0,134.0,182.0,False,4.0,2.0,4s_windows_50pct_overlap,scored_rest,3062,False,True,False
Subject25|rest|Subject25_1.edf|132.000|136.000,Subject25,rest,0,Subject25_1.edf,132.0,136.0,182.0,False,4.0,2.0,4s_windows_50pct_overlap,scored_rest,3063,False,True,False
Subject25|rest|Subject25_1.edf|134.000|138.000,Subject25,rest,0,Subject25_1.edf,134.0,138.0,182.0,False,4.0,2.0,4s_windows_50pct_overlap,scored_rest,3064,False,True,False
Subject25|rest|Subject25_1.edf|136.000|140.000,Subject25,rest,0,Subject25_1.edf,136.0,140.0,182.0,False,4.0,2.0,4s_windows_50pct_overlap,scored_rest,3065,False,True,False
Subject25|rest|Subject25_1.edf|138.000|142.000,Subject25,rest,0,Subject25_1.edf,138.0,142.0,182.0,False,4.0,2.0,4s_windows_50pct_overlap,scored_rest,3066,False,True,False
Subject25|rest|Subject25_1.edf|140.000|144.000,Subject25,rest,0,Subject25_1.edf,140.0,144.0,182.0,False,4.0,2.0,4s_windows_50pct_overlap,scored_rest,3067,False,True,False
Subject25|rest|Subject25_1.edf|142.000|146.000,Subject25,rest,0,Subject25_1.edf,142.0,146.0,182.0,False,4.0,2.0,4s_windows_50pct_overlap,scored_rest,3068,False,True,False
Subject25|rest|Subject25_1.edf|144.000|148.000,Subject25,rest,0,Subject25_1.edf,144.0,148.0,182.0,False,4.0,2.0,4s_windows_50pct_overlap,scored_rest,3069,False,True,False
Subject25|rest|Subject25_1.edf|146.000|150.000,Subject25,rest,0,Subject25_1.edf,146.0,150.0,182.0,False,4.0,2.0,4s_windows_50pct_overlap,scored_rest,3070,False,True,False
Subject25|rest|Subject25_1.edf|148.000|152.000,Subject25,rest,0,Subject25_1.edf,148.0,152.0,182.0,False,4.0,2.0,4s_windows_50pct_overlap,scored_rest,3071,False,True,False
Subject25|rest|Subject25_1.edf|150.000|154.000,Subject25,rest,0,Subject25_1.edf,150.0,154.0,182.0,False,4.0,2.0,4s_windows_50pct_overlap,scored_rest,3072,False,True,False
Subject25|rest|Subject25_1.edf|152.000|156.000,Subject25,rest,0,Subject25_1.edf,152.0,156.0,182.0,False,4.0,2.0,4s_windows_50pct_overlap,scored_rest,3073,False,True,False
Subject25|rest|Subject25_1.edf|154.000|158.000,Subject25,rest,0,Subject25_1.edf,154.0,158.0,182.0,False,4.0,2.0,4s_windows_50pct_overlap,scored_rest,3074,False,True,False
Subject25|rest|Subject25_1.edf|156.000|160.000,Subject25,rest,0,Subject25_1.edf,156.0,160.0,182.0,False,4.0,2.0,4s_windows_50pct_overlap,scored_rest,3075,False,True,False
Subject25|rest|Subject25_1.edf|158.000|162.000,Subject25,rest,0,Subject25_1.edf,158.0,162.0,182.0,False,4.0,2.0,4s_windows_50pct_overlap,scored_rest,3076,False,True,False
Subject25|rest|Subject25_1.edf|160.000|164.000,Subject25,rest,0,Subject25_1.edf,160.0,164.0,182.0,False,4.0,2.0,4s_windows_50pct_overlap,scored_rest,3077,False,True,False
Subject25|rest|Subject25_1.edf|162.000|166.000,Subject25,rest,0,Subject25_1.edf,162.0,166.0,182.0,False,4.0,2.0,4s_windows_50pct_overlap,scored_rest,3078,False,True,False
Subject25|rest|Subject25_1.edf|164.000|168.000,Subject25,rest,0,Subject25_1.edf,164.0,168.0,182.0,False,4.0,2.0,4s_windows_50pct_overlap,scored_rest,3079,False,True,False
Subject25|rest|Subject25_1.edf|166.000|170.000,Subject25,rest,0,Subject25_1.edf,166.0,170.0,182.0,False,4.0,2.0,4s_windows_50pct_overlap,scored_rest,3080,False,True,False
Subject25|rest|Subject25_1.edf|168.000|172.000,Subject25,rest,0,Subject25_1.edf,168.0,172.0,182.0,False,4.0,2.0,4s_windows_50pct_overlap,scored_rest,3081,False,True,False
Subject25|rest|Subject25_1.edf|170.000|174.000,Subject25,rest,0,Subject25_1.edf,170.0,174.0,182.0,False,4.0,2.0,4s_windows_50pct_overlap,scored_rest,3082,False,True,False
Subject25|rest|Subject25_1.edf|172.000|176.000,Subject25,rest,0,Subject25_1.edf,172.0,176.0,182.0,False,4.0,2.0,4s_windows_50pct_overlap,scored_rest,3083,False,True,False
Subject25|rest|Subject25_1.edf|174.000|178.000,Subject25,rest,0,Subject25_1.edf,174.0,178.0,182.0,False,4.0,2.0,4s_windows_50pct_overlap,scored_rest,3084,False,True,False
Subject25|rest|Subject25_1.edf|176.000|180.000,Subject25,rest,0,Subject25_1.edf,176.0,180.0,182.0,False,4.0,2.0,4s_windows_50pct_overlap,scored_rest,3085,False,True,False
Subject25|rest|Subject25_1.edf|178.000|182.000,Subject25,rest,0,Subject25_1.edf,178.0,182.0,182.0,False,4.0,2.0,4s_windows_50pct_overlap,scored_rest,3086,False,True,False
Subject25|arithmetic|Subject25_2.edf|0.000|4.000,Subject25,arithmetic,1,Subject25_2.edf,0.0,4.0,62.0,False,4.0,2.0,4s_windows_50pct_overlap,scored_task,3087,False,True,False
Subject25|arithmetic|Subject25_2.edf|2.000|6.000,Subject25,arithmetic,1,Subject25_2.edf,2.0,6.0,62.0,False,4.0,2.0,4s_windows_50pct_overlap,scored_task,3088,False,True,False
Subject25|arithmetic|Subject25_2.edf|4.000|8.000,Subject25,arithmetic,1,Subject25_2.edf,4.0,8.0,62.0,False,4.0,2.0,4s_windows_50pct_overlap,scored_task,3089,False,True,False
Subject25|arithmetic|Subject25_2.edf|6.000|10.000,Subject25,arithmetic,1,Subject25_2.edf,6.0,10.0,62.0,False,4.0,2.0,4s_windows_50pct_overlap,scored_task,3090,False,True,False
Subject25|arithmetic|Subject25_2.edf|8.000|12.000,Subject25,arithmetic,1,Subject25_2.edf,8.0,12.0,62.0,False,4.0,2.0,4s_windows_50pct_overlap,scored_task,3091,False,True,False
Subject25|arithmetic|Subject25_2.edf|10.000|14.000,Subject25,arithmetic,1,Subject25_2.edf,10.0,14.0,62.0,False,4.0,2.0,4s_windows_50pct_overlap,scored_task,3092,False,True,False
Subject25|arithmetic|Subject25_2.edf|12.000|16.000,Subject25,arithmetic,1,Subject25_2.edf,12.0,16.0,62.0,False,4.0,2.0,4s_windows_50pct_overlap,scored_task,3093,False,True,False
Subject25|arithmetic|Subject25_2.edf|14.000|18.000,Subject25,arithmetic,1,Subject25_2.edf,14.0,18.0,62.0,False,4.0,2.0,4s_windows_50pct_overlap,scored_task,3094,False,True,False
Subject25|arithmetic|Subject25_2.edf|16.000|20.000,Subject25,arithmetic,1,Subject25_2.edf,16.0,20.0,62.0,False,4.0,2.0,4s_windows_50pct_overlap,scored_task,3095,False,True,False
Subject25|arithmetic|Subject25_2.edf|18.000|22.000,Subject25,arithmetic,1,Subject25_2.edf,18.0,22.0,62.0,False,4.0,2.0,4s_windows_50pct_overlap,scored_task,3096,False,True,False
Subject25|arithmetic|Subject25_2.edf|20.000|24.000,Subject25,arithmetic,1,Subject25_2.edf,20.0,24.0,62.0,False,4.0,2.0,4s_windows_50pct_overlap,scored_task,3097,False,True,False
Subject25|arithmetic|Subject25_2.edf|22.000|26.000,Subject25,arithmetic,1,Subject25_2.edf,22.0,26.0,62.0,False,4.0,2.0,4s_windows_50pct_overlap,scored_task,3098,False,True,False
Subject25|arithmetic|Subject25_2.edf|24.000|28.000,Subject25,arithmetic,1,Subject25_2.edf,24.0,28.0,62.0,False,4.0,2.0,4s_windows_50pct_overlap,scored_task,3099,False,True,False
Subject25|arithmetic|Subject25_2.edf|26.000|30.000,Subject25,arithmetic,1,Subject25_2.edf,26.0,30.0,62.0,False,4.0,2.0,4s_windows_50pct_overlap,scored_task,3100,False,True,False
Subject25|arithmetic|Subject25_2.edf|28.000|32.000,Subject25,arithmetic,1,Subject25_2.edf,28.0,32.0,62.0,False,4.0,2.0,4s_windows_50pct_overlap,scored_task,3101,False,True,False
Subject25|arithmetic|Subject25_2.edf|30.000|34.000,Subject25,arithmetic,1,Subject25_2.edf,30.0,34.0,62.0,False,4.0,2.0,4s_windows_50pct_overlap,scored_task,3102,False,True,False
Subject25|arithmetic|Subject25_2.edf|32.000|36.000,Subject25,arithmetic,1,Subject25_2.edf,32.0,36.0,62.0,False,4.0,2.0,4s_windows_50pct_overlap,scored_task,3103,False,True,False
Subject25|arithmetic|Subject25_2.edf|34.000|38.000,Subject25,arithmetic,1,Subject25_2.edf,34.0,38.0,62.0,False,4.0,2.0,4s_windows_50pct_overlap,scored_task,3104,False,True,False
Subject25|arithmetic|Subject25_2.edf|36.000|40.000,Subject25,arithmetic,1,Subject25_2.edf,36.0,40.0,62.0,False,4.0,2.0,4s_windows_50pct_overlap,scored_task,3105,False,True,False
Subject25|arithmetic|Subject25_2.edf|38.000|42.000,Subject25,arithmetic,1,Subject25_2.edf,38.0,42.0,62.0,False,4.0,2.0,4s_windows_50pct_overlap,scored_task,3106,False,True,False
Subject25|arithmetic|Subject25_2.edf|40.000|44.000,Subject25,arithmetic,1,Subject25_2.edf,40.0,44.0,62.0,False,4.0,2.0,4s_windows_50pct_overlap,scored_task,3107,False,True,False
Subject25|arithmetic|Subject25_2.edf|42.000|46.000,Subject25,arithmetic,1,Subject25_2.edf,42.0,46.0,62.0,False,4.0,2.0,4s_windows_50pct_overlap,scored_task,3108,False,True,False
Subject25|arithmetic|Subject25_2.edf|44.000|48.000,Subject25,arithmetic,1,Subject25_2.edf,44.0,48.0,62.0,False,4.0,2.0,4s_windows_50pct_overlap,scored_task,3109,False,True,False
Subject25|arithmetic|Subject25_2.edf|46.000|50.000,Subject25,arithmetic,1,Subject25_2.edf,46.0,50.0,62.0,False,4.0,2.0,4s_windows_50pct_overlap,scored_task,3110,False,True,False
Subject25|arithmetic|Subject25_2.edf|48.000|52.000,Subject25,arithmetic,1,Subject25_2.edf,48.0,52.0,62.0,False,4.0,2.0,4s_windows_50pct_overlap,scored_task,3111,False,True,False
Subject25|arithmetic|Subject25_2.edf|50.000|54.000,Subject25,arithmetic,1,Subject25_2.edf,50.0,54.0,62.0,False,4.0,2.0,4s_windows_50pct_overlap,scored_task,3112,False,True,False
Subject25|arithmetic|Subject25_2.edf|52.000|56.000,Subject25,arithmetic,1,Subject25_2.edf,52.0,56.0,62.0,False,4.0,2.0,4s_windows_50pct_overlap,scored_task,3113,False,True,False
Subject25|arithmetic|Subject25_2.edf|54.000|58.000,Subject25,arithmetic,1,Subject25_2.edf,54.0,58.0,62.0,False,4.0,2.0,4s_windows_50pct_overlap,scored_task,3114,False,True,False
Subject25|arithmetic|Subject25_2.edf|56.000|60.000,Subject25,arithmetic,1,Subject25_2.edf,56.0,60.0,62.0,False,4.0,2.0,4s_windows_50pct_overlap,scored_task,3115,False,True,False
Subject25|arithmetic|Subject25_2.edf|58.000|62.000,Subject25,arithmetic,1,Subject25_2.edf,58.0,62.0,62.0,False,4.0,2.0,4s_windows_50pct_overlap,scored_task,3116,False,True,False
Subject26|rest|Subject26_1.edf|0.000|4.000,Subject26,rest,0,Subject26_1.edf,0.0,4.0,182.0,False,4.0,2.0,4s_windows_50pct_overlap,calibration,3117,True,False,False
Subject26|rest|Subject26_1.edf|2.000|6.000,Subject26,rest,0,Subject26_1.edf,2.0,6.0,182.0,False,4.0,2.0,4s_windows_50pct_overlap,calibration,3118,True,False,False
Subject26|rest|Subject26_1.edf|4.000|8.000,Subject26,rest,0,Subject26_1.edf,4.0,8.0,182.0,False,4.0,2.0,4s_windows_50pct_overlap,calibration,3119,True,False,False
Subject26|rest|Subject26_1.edf|6.000|10.000,Subject26,rest,0,Subject26_1.edf,6.0,10.0,182.0,False,4.0,2.0,4s_windows_50pct_overlap,calibration,3120,True,False,False
Subject26|rest|Subject26_1.edf|8.000|12.000,Subject26,rest,0,Subject26_1.edf,8.0,12.0,182.0,False,4.0,2.0,4s_windows_50pct_overlap,calibration,3121,True,False,False
Subject26|rest|Subject26_1.edf|10.000|14.000,Subject26,rest,0,Subject26_1.edf,10.0,14.0,182.0,False,4.0,2.0,4s_windows_50pct_overlap,calibration,3122,True,False,False
Subject26|rest|Subject26_1.edf|12.000|16.000,Subject26,rest,0,Subject26_1.edf,12.0,16.0,182.0,False,4.0,2.0,4s_windows_50pct_overlap,calibration,3123,True,False,False
Subject26|rest|Subject26_1.edf|14.000|18.000,Subject26,rest,0,Subject26_1.edf,14.0,18.0,182.0,False,4.0,2.0,4s_windows_50pct_overlap,calibration,3124,True,False,False
Subject26|rest|Subject26_1.edf|16.000|20.000,Subject26,rest,0,Subject26_1.edf,16.0,20.0,182.0,False,4.0,2.0,4s_windows_50pct_overlap,calibration,3125,True,False,False
Subject26|rest|Subject26_1.edf|18.000|22.000,Subject26,rest,0,Subject26_1.edf,18.0,22.0,182.0,False,4.0,2.0,4s_windows_50pct_overlap,calibration,3126,True,False,False
Subject26|rest|Subject26_1.edf|20.000|24.000,Subject26,rest,0,Subject26_1.edf,20.0,24.0,182.0,False,4.0,2.0,4s_windows_50pct_overlap,calibration,3127,True,False,False
Subject26|rest|Subject26_1.edf|22.000|26.000,Subject26,rest,0,Subject26_1.edf,22.0,26.0,182.0,False,4.0,2.0,4s_windows_50pct_overlap,calibration,3128,True,False,False
Subject26|rest|Subject26_1.edf|24.000|28.000,Subject26,rest,0,Subject26_1.edf,24.0,28.0,182.0,False,4.0,2.0,4s_windows_50pct_overlap,calibration,3129,True,False,False
Subject26|rest|Subject26_1.edf|26.000|30.000,Subject26,rest,0,Subject26_1.edf,26.0,30.0,182.0,False,4.0,2.0,4s_windows_50pct_overlap,calibration,3130,True,False,False
Subject26|rest|Subject26_1.edf|28.000|32.000,Subject26,rest,0,Subject26_1.edf,28.0,32.0,182.0,False,4.0,2.0,4s_windows_50pct_overlap,calibration,3131,True,False,False
Subject26|rest|Subject26_1.edf|30.000|34.000,Subject26,rest,0,Subject26_1.edf,30.0,34.0,182.0,False,4.0,2.0,4s_windows_50pct_overlap,calibration,3132,True,False,False
Subject26|rest|Subject26_1.edf|32.000|36.000,Subject26,rest,0,Subject26_1.edf,32.0,36.0,182.0,False,4.0,2.0,4s_windows_50pct_overlap,calibration,3133,True,False,False
Subject26|rest|Subject26_1.edf|34.000|38.000,Subject26,rest,0,Subject26_1.edf,34.0,38.0,182.0,False,4.0,2.0,4s_windows_50pct_overlap,calibration,3134,True,False,False
Subject26|rest|Subject26_1.edf|36.000|40.000,Subject26,rest,0,Subject26_1.edf,36.0,40.0,182.0,False,4.0,2.0,4s_windows_50pct_overlap,calibration,3135,True,False,False
Subject26|rest|Subject26_1.edf|38.000|42.000,Subject26,rest,0,Subject26_1.edf,38.0,42.0,182.0,False,4.0,2.0,4s_windows_50pct_overlap,calibration,3136,True,False,False
Subject26|rest|Subject26_1.edf|40.000|44.000,Subject26,rest,0,Subject26_1.edf,40.0,44.0,182.0,False,4.0,2.0,4s_windows_50pct_overlap,calibration,3137,True,False,False
Subject26|rest|Subject26_1.edf|42.000|46.000,Subject26,rest,0,Subject26_1.edf,42.0,46.0,182.0,False,4.0,2.0,4s_windows_50pct_overlap,calibration,3138,True,False,False
Subject26|rest|Subject26_1.edf|44.000|48.000,Subject26,rest,0,Subject26_1.edf,44.0,48.0,182.0,False,4.0,2.0,4s_windows_50pct_overlap,calibration,3139,True,False,False
Subject26|rest|Subject26_1.edf|46.000|50.000,Subject26,rest,0,Subject26_1.edf,46.0,50.0,182.0,False,4.0,2.0,4s_windows_50pct_overlap,calibration,3140,True,False,False
Subject26|rest|Subject26_1.edf|48.000|52.000,Subject26,rest,0,Subject26_1.edf,48.0,52.0,182.0,False,4.0,2.0,4s_windows_50pct_overlap,calibration,3141,True,False,False
Subject26|rest|Subject26_1.edf|50.000|54.000,Subject26,rest,0,Subject26_1.edf,50.0,54.0,182.0,False,4.0,2.0,4s_windows_50pct_overlap,calibration,3142,True,False,False
Subject26|rest|Subject26_1.edf|52.000|56.000,Subject26,rest,0,Subject26_1.edf,52.0,56.0,182.0,False,4.0,2.0,4s_windows_50pct_overlap,calibration,3143,True,False,False
Subject26|rest|Subject26_1.edf|54.000|58.000,Subject26,rest,0,Subject26_1.edf,54.0,58.0,182.0,False,4.0,2.0,4s_windows_50pct_overlap,calibration,3144,True,False,False
Subject26|rest|Subject26_1.edf|56.000|60.000,Subject26,rest,0,Subject26_1.edf,56.0,60.0,182.0,False,4.0,2.0,4s_windows_50pct_overlap,calibration,3145,True,False,False
Subject26|rest|Subject26_1.edf|58.000|62.000,Subject26,rest,0,Subject26_1.edf,58.0,62.0,182.0,False,4.0,2.0,4s_windows_50pct_overlap,calibration,3146,True,False,False
Subject26|rest|Subject26_1.edf|60.000|64.000,Subject26,rest,0,Subject26_1.edf,60.0,64.0,182.0,False,4.0,2.0,4s_windows_50pct_overlap,scored_rest,3147,False,True,False
Subject26|rest|Subject26_1.edf|62.000|66.000,Subject26,rest,0,Subject26_1.edf,62.0,66.0,182.0,False,4.0,2.0,4s_windows_50pct_overlap,scored_rest,3148,False,True,False
Subject26|rest|Subject26_1.edf|64.000|68.000,Subject26,rest,0,Subject26_1.edf,64.0,68.0,182.0,False,4.0,2.0,4s_windows_50pct_overlap,scored_rest,3149,False,True,False
Subject26|rest|Subject26_1.edf|66.000|70.000,Subject26,rest,0,Subject26_1.edf,66.0,70.0,182.0,False,4.0,2.0,4s_windows_50pct_overlap,scored_rest,3150,False,True,False
Subject26|rest|Subject26_1.edf|68.000|72.000,Subject26,rest,0,Subject26_1.edf,68.0,72.0,182.0,False,4.0,2.0,4s_windows_50pct_overlap,scored_rest,3151,False,True,False
Subject26|rest|Subject26_1.edf|70.000|74.000,Subject26,rest,0,Subject26_1.edf,70.0,74.0,182.0,False,4.0,2.0,4s_windows_50pct_overlap,scored_rest,3152,False,True,False
Subject26|rest|Subject26_1.edf|72.000|76.000,Subject26,rest,0,Subject26_1.edf,72.0,76.0,182.0,False,4.0,2.0,4s_windows_50pct_overlap,scored_rest,3153,False,True,False
Subject26|rest|Subject26_1.edf|74.000|78.000,Subject26,rest,0,Subject26_1.edf,74.0,78.0,182.0,False,4.0,2.0,4s_windows_50pct_overlap,scored_rest,3154,False,True,False
Subject26|rest|Subject26_1.edf|76.000|80.000,Subject26,rest,0,Subject26_1.edf,76.0,80.0,182.0,False,4.0,2.0,4s_windows_50pct_overlap,scored_rest,3155,False,True,False
Subject26|rest|Subject26_1.edf|78.000|82.000,Subject26,rest,0,Subject26_1.edf,78.0,82.0,182.0,False,4.0,2.0,4s_windows_50pct_overlap,scored_rest,3156,False,True,False
Subject26|rest|Subject26_1.edf|80.000|84.000,Subject26,rest,0,Subject26_1.edf,80.0,84.0,182.0,False,4.0,2.0,4s_windows_50pct_overlap,scored_rest,3157,False,True,False
Subject26|rest|Subject26_1.edf|82.000|86.000,Subject26,rest,0,Subject26_1.edf,82.0,86.0,182.0,False,4.0,2.0,4s_windows_50pct_overlap,scored_rest,3158,False,True,False
Subject26|rest|Subject26_1.edf|84.000|88.000,Subject26,rest,0,Subject26_1.edf,84.0,88.0,182.0,False,4.0,2.0,4s_windows_50pct_overlap,scored_rest,3159,False,True,False
Subject26|rest|Subject26_1.edf|86.000|90.000,Subject26,rest,0,Subject26_1.edf,86.0,90.0,182.0,False,4.0,2.0,4s_windows_50pct_overlap,scored_rest,3160,False,True,False
Subject26|rest|Subject26_1.edf|88.000|92.000,Subject26,rest,0,Subject26_1.edf,88.0,92.0,182.0,False,4.0,2.0,4s_windows_50pct_overlap,scored_rest,3161,False,True,False
Subject26|rest|Subject26_1.edf|90.000|94.000,Subject26,rest,0,Subject26_1.edf,90.0,94.0,182.0,False,4.0,2.0,4s_windows_50pct_overlap,scored_rest,3162,False,True,False
Subject26|rest|Subject26_1.edf|92.000|96.000,Subject26,rest,0,Subject26_1.edf,92.0,96.0,182.0,False,4.0,2.0,4s_windows_50pct_overlap,scored_rest,3163,False,True,False
Subject26|rest|Subject26_1.edf|94.000|98.000,Subject26,rest,0,Subject26_1.edf,94.0,98.0,182.0,False,4.0,2.0,4s_windows_50pct_overlap,scored_rest,3164,False,True,False
Subject26|rest|Subject26_1.edf|96.000|100.000,Subject26,rest,0,Subject26_1.edf,96.0,100.0,182.0,False,4.0,2.0,4s_windows_50pct_overlap,scored_rest,3165,False,True,False
Subject26|rest|Subject26_1.edf|98.000|102.000,Subject26,rest,0,Subject26_1.edf,98.0,102.0,182.0,False,4.0,2.0,4s_windows_50pct_overlap,scored_rest,3166,False,True,False
Subject26|rest|Subject26_1.edf|100.000|104.000,Subject26,rest,0,Subject26_1.edf,100.0,104.0,182.0,False,4.0,2.0,4s_windows_50pct_overlap,scored_rest,3167,False,True,False
Subject26|rest|Subject26_1.edf|102.000|106.000,Subject26,rest,0,Subject26_1.edf,102.0,106.0,182.0,False,4.0,2.0,4s_windows_50pct_overlap,scored_rest,3168,False,True,False
Subject26|rest|Subject26_1.edf|104.000|108.000,Subject26,rest,0,Subject26_1.edf,104.0,108.0,182.0,False,4.0,2.0,4s_windows_50pct_overlap,scored_rest,3169,False,True,False
Subject26|rest|Subject26_1.edf|106.000|110.000,Subject26,rest,0,Subject26_1.edf,106.0,110.0,182.0,False,4.0,2.0,4s_windows_50pct_overlap,scored_rest,3170,False,True,False
Subject26|rest|Subject26_1.edf|108.000|112.000,Subject26,rest,0,Subject26_1.edf,108.0,112.0,182.0,False,4.0,2.0,4s_windows_50pct_overlap,scored_rest,3171,False,True,False
Subject26|rest|Subject26_1.edf|110.000|114.000,Subject26,rest,0,Subject26_1.edf,110.0,114.0,182.0,False,4.0,2.0,4s_windows_50pct_overlap,scored_rest,3172,False,True,False
Subject26|rest|Subject26_1.edf|112.000|116.000,Subject26,rest,0,Subject26_1.edf,112.0,116.0,182.0,False,4.0,2.0,4s_windows_50pct_overlap,scored_rest,3173,False,True,False
Subject26|rest|Subject26_1.edf|114.000|118.000,Subject26,rest,0,Subject26_1.edf,114.0,118.0,182.0,False,4.0,2.0,4s_windows_50pct_overlap,scored_rest,3174,False,True,False
Subject26|rest|Subject26_1.edf|116.000|120.000,Subject26,rest,0,Subject26_1.edf,116.0,120.0,182.0,False,4.0,2.0,4s_windows_50pct_overlap,scored_rest,3175,False,True,False
Subject26|rest|Subject26_1.edf|118.000|122.000,Subject26,rest,0,Subject26_1.edf,118.0,122.0,182.0,False,4.0,2.0,4s_windows_50pct_overlap,scored_rest,3176,False,True,False
Subject26|rest|Subject26_1.edf|120.000|124.000,Subject26,rest,0,Subject26_1.edf,120.0,124.0,182.0,False,4.0,2.0,4s_windows_50pct_overlap,scored_rest,3177,False,True,False
Subject26|rest|Subject26_1.edf|122.000|126.000,Subject26,rest,0,Subject26_1.edf,122.0,126.0,182.0,False,4.0,2.0,4s_windows_50pct_overlap,scored_rest,3178,False,True,False
Subject26|rest|Subject26_1.edf|124.000|128.000,Subject26,rest,0,Subject26_1.edf,124.0,128.0,182.0,False,4.0,2.0,4s_windows_50pct_overlap,scored_rest,3179,False,True,False
Subject26|rest|Subject26_1.edf|126.000|130.000,Subject26,rest,0,Subject26_1.edf,126.0,130.0,182.0,False,4.0,2.0,4s_windows_50pct_overlap,scored_rest,3180,False,True,False
Subject26|rest|Subject26_1.edf|128.000|132.000,Subject26,rest,0,Subject26_1.edf,128.0,132.0,182.0,False,4.0,2.0,4s_windows_50pct_overlap,scored_rest,3181,False,True,False
Subject26|rest|Subject26_1.edf|130.000|134.000,Subject26,rest,0,Subject26_1.edf,130.0,134.0,182.0,False,4.0,2.0,4s_windows_50pct_overlap,scored_rest,3182,False,True,False
Subject26|rest|Subject26_1.edf|132.000|136.000,Subject26,rest,0,Subject26_1.edf,132.0,136.0,182.0,False,4.0,2.0,4s_windows_50pct_overlap,scored_rest,3183,False,True,False
Subject26|rest|Subject26_1.edf|134.000|138.000,Subject26,rest,0,Subject26_1.edf,134.0,138.0,182.0,False,4.0,2.0,4s_windows_50pct_overlap,scored_rest,3184,False,True,False
Subject26|rest|Subject26_1.edf|136.000|140.000,Subject26,rest,0,Subject26_1.edf,136.0,140.0,182.0,False,4.0,2.0,4s_windows_50pct_overlap,scored_rest,3185,False,True,False
Subject26|rest|Subject26_1.edf|138.000|142.000,Subject26,rest,0,Subject26_1.edf,138.0,142.0,182.0,False,4.0,2.0,4s_windows_50pct_overlap,scored_rest,3186,False,True,False
Subject26|rest|Subject26_1.edf|140.000|144.000,Subject26,rest,0,Subject26_1.edf,140.0,144.0,182.0,False,4.0,2.0,4s_windows_50pct_overlap,scored_rest,3187,False,True,False
Subject26|rest|Subject26_1.edf|142.000|146.000,Subject26,rest,0,Subject26_1.edf,142.0,146.0,182.0,False,4.0,2.0,4s_windows_50pct_overlap,scored_rest,3188,False,True,False
Subject26|rest|Subject26_1.edf|144.000|148.000,Subject26,rest,0,Subject26_1.edf,144.0,148.0,182.0,False,4.0,2.0,4s_windows_50pct_overlap,scored_rest,3189,False,True,False
Subject26|rest|Subject26_1.edf|146.000|150.000,Subject26,rest,0,Subject26_1.edf,146.0,150.0,182.0,False,4.0,2.0,4s_windows_50pct_overlap,scored_rest,3190,False,True,False
Subject26|rest|Subject26_1.edf|148.000|152.000,Subject26,rest,0,Subject26_1.edf,148.0,152.0,182.0,False,4.0,2.0,4s_windows_50pct_overlap,scored_rest,3191,False,True,False
Subject26|rest|Subject26_1.edf|150.000|154.000,Subject26,rest,0,Subject26_1.edf,150.0,154.0,182.0,False,4.0,2.0,4s_windows_50pct_overlap,scored_rest,3192,False,True,False
Subject26|rest|Subject26_1.edf|152.000|156.000,Subject26,rest,0,Subject26_1.edf,152.0,156.0,182.0,False,4.0,2.0,4s_windows_50pct_overlap,scored_rest,3193,False,True,False
Subject26|rest|Subject26_1.edf|154.000|158.000,Subject26,rest,0,Subject26_1.edf,154.0,158.0,182.0,False,4.0,2.0,4s_windows_50pct_overlap,scored_rest,3194,False,True,False
Subject26|rest|Subject26_1.edf|156.000|160.000,Subject26,rest,0,Subject26_1.edf,156.0,160.0,182.0,False,4.0,2.0,4s_windows_50pct_overlap,scored_rest,3195,False,True,False
Subject26|rest|Subject26_1.edf|158.000|162.000,Subject26,rest,0,Subject26_1.edf,158.0,162.0,182.0,False,4.0,2.0,4s_windows_50pct_overlap,scored_rest,3196,False,True,False
Subject26|rest|Subject26_1.edf|160.000|164.000,Subject26,rest,0,Subject26_1.edf,160.0,164.0,182.0,False,4.0,2.0,4s_windows_50pct_overlap,scored_rest,3197,False,True,False
Subject26|rest|Subject26_1.edf|162.000|166.000,Subject26,rest,0,Subject26_1.edf,162.0,166.0,182.0,False,4.0,2.0,4s_windows_50pct_overlap,scored_rest,3198,False,True,False
Subject26|rest|Subject26_1.edf|164.000|168.000,Subject26,rest,0,Subject26_1.edf,164.0,168.0,182.0,False,4.0,2.0,4s_windows_50pct_overlap,scored_rest,3199,False,True,False
Subject26|rest|Subject26_1.edf|166.000|170.000,Subject26,rest,0,Subject26_1.edf,166.0,170.0,182.0,False,4.0,2.0,4s_windows_50pct_overlap,scored_rest,3200,False,True,False
Subject26|rest|Subject26_1.edf|168.000|172.000,Subject26,rest,0,Subject26_1.edf,168.0,172.0,182.0,False,4.0,2.0,4s_windows_50pct_overlap,scored_rest,3201,False,True,False
Subject26|rest|Subject26_1.edf|170.000|174.000,Subject26,rest,0,Subject26_1.edf,170.0,174.0,182.0,False,4.0,2.0,4s_windows_50pct_overlap,scored_rest,3202,False,True,False
Subject26|rest|Subject26_1.edf|172.000|176.000,Subject26,rest,0,Subject26_1.edf,172.0,176.0,182.0,False,4.0,2.0,4s_windows_50pct_overlap,scored_rest,3203,False,True,False
Subject26|rest|Subject26_1.edf|174.000|178.000,Subject26,rest,0,Subject26_1.edf,174.0,178.0,182.0,False,4.0,2.0,4s_windows_50pct_overlap,scored_rest,3204,False,True,False
Subject26|rest|Subject26_1.edf|176.000|180.000,Subject26,rest,0,Subject26_1.edf,176.0,180.0,182.0,False,4.0,2.0,4s_windows_50pct_overlap,scored_rest,3205,False,True,False
Subject26|rest|Subject26_1.edf|178.000|182.000,Subject26,rest,0,Subject26_1.edf,178.0,182.0,182.0,False,4.0,2.0,4s_windows_50pct_overlap,scored_rest,3206,False,True,False
Subject26|arithmetic|Subject26_2.edf|0.000|4.000,Subject26,arithmetic,1,Subject26_2.edf,0.0,4.0,62.0,False,4.0,2.0,4s_windows_50pct_overlap,scored_task,3207,False,True,False
Subject26|arithmetic|Subject26_2.edf|2.000|6.000,Subject26,arithmetic,1,Subject26_2.edf,2.0,6.0,62.0,False,4.0,2.0,4s_windows_50pct_overlap,scored_task,3208,False,True,False
Subject26|arithmetic|Subject26_2.edf|4.000|8.000,Subject26,arithmetic,1,Subject26_2.edf,4.0,8.0,62.0,False,4.0,2.0,4s_windows_50pct_overlap,scored_task,3209,False,True,False
Subject26|arithmetic|Subject26_2.edf|6.000|10.000,Subject26,arithmetic,1,Subject26_2.edf,6.0,10.0,62.0,False,4.0,2.0,4s_windows_50pct_overlap,scored_task,3210,False,True,False
Subject26|arithmetic|Subject26_2.edf|8.000|12.000,Subject26,arithmetic,1,Subject26_2.edf,8.0,12.0,62.0,False,4.0,2.0,4s_windows_50pct_overlap,scored_task,3211,False,True,False
Subject26|arithmetic|Subject26_2.edf|10.000|14.000,Subject26,arithmetic,1,Subject26_2.edf,10.0,14.0,62.0,False,4.0,2.0,4s_windows_50pct_overlap,scored_task,3212,False,True,False
Subject26|arithmetic|Subject26_2.edf|12.000|16.000,Subject26,arithmetic,1,Subject26_2.edf,12.0,16.0,62.0,False,4.0,2.0,4s_windows_50pct_overlap,scored_task,3213,False,True,False
Subject26|arithmetic|Subject26_2.edf|14.000|18.000,Subject26,arithmetic,1,Subject26_2.edf,14.0,18.0,62.0,False,4.0,2.0,4s_windows_50pct_overlap,scored_task,3214,False,True,False
Subject26|arithmetic|Subject26_2.edf|16.000|20.000,Subject26,arithmetic,1,Subject26_2.edf,16.0,20.0,62.0,False,4.0,2.0,4s_windows_50pct_overlap,scored_task,3215,False,True,False
Subject26|arithmetic|Subject26_2.edf|18.000|22.000,Subject26,arithmetic,1,Subject26_2.edf,18.0,22.0,62.0,False,4.0,2.0,4s_windows_50pct_overlap,scored_task,3216,False,True,False
Subject26|arithmetic|Subject26_2.edf|20.000|24.000,Subject26,arithmetic,1,Subject26_2.edf,20.0,24.0,62.0,False,4.0,2.0,4s_windows_50pct_overlap,scored_task,3217,False,True,False
Subject26|arithmetic|Subject26_2.edf|22.000|26.000,Subject26,arithmetic,1,Subject26_2.edf,22.0,26.0,62.0,False,4.0,2.0,4s_windows_50pct_overlap,scored_task,3218,False,True,False
Subject26|arithmetic|Subject26_2.edf|24.000|28.000,Subject26,arithmetic,1,Subject26_2.edf,24.0,28.0,62.0,False,4.0,2.0,4s_windows_50pct_overlap,scored_task,3219,False,True,False
Subject26|arithmetic|Subject26_2.edf|26.000|30.000,Subject26,arithmetic,1,Subject26_2.edf,26.0,30.0,62.0,False,4.0,2.0,4s_windows_50pct_overlap,scored_task,3220,False,True,False
Subject26|arithmetic|Subject26_2.edf|28.000|32.000,Subject26,arithmetic,1,Subject26_2.edf,28.0,32.0,62.0,False,4.0,2.0,4s_windows_50pct_overlap,scored_task,3221,False,True,False
Subject26|arithmetic|Subject26_2.edf|30.000|34.000,Subject26,arithmetic,1,Subject26_2.edf,30.0,34.0,62.0,False,4.0,2.0,4s_windows_50pct_overlap,scored_task,3222,False,True,False
Subject26|arithmetic|Subject26_2.edf|32.000|36.000,Subject26,arithmetic,1,Subject26_2.edf,32.0,36.0,62.0,False,4.0,2.0,4s_windows_50pct_overlap,scored_task,3223,False,True,False
Subject26|arithmetic|Subject26_2.edf|34.000|38.000,Subject26,arithmetic,1,Subject26_2.edf,34.0,38.0,62.0,False,4.0,2.0,4s_windows_50pct_overlap,scored_task,3224,False,True,False
Subject26|arithmetic|Subject26_2.edf|36.000|40.000,Subject26,arithmetic,1,Subject26_2.edf,36.0,40.0,62.0,False,4.0,2.0,4s_windows_50pct_overlap,scored_task,3225,False,True,False
Subject26|arithmetic|Subject26_2.edf|38.000|42.000,Subject26,arithmetic,1,Subject26_2.edf,38.0,42.0,62.0,False,4.0,2.0,4s_windows_50pct_overlap,scored_task,3226,False,True,False
Subject26|arithmetic|Subject26_2.edf|40.000|44.000,Subject26,arithmetic,1,Subject26_2.edf,40.0,44.0,62.0,False,4.0,2.0,4s_windows_50pct_overlap,scored_task,3227,False,True,False
Subject26|arithmetic|Subject26_2.edf|42.000|46.000,Subject26,arithmetic,1,Subject26_2.edf,42.0,46.0,62.0,False,4.0,2.0,4s_windows_50pct_overlap,scored_task,3228,False,True,False
Subject26|arithmetic|Subject26_2.edf|44.000|48.000,Subject26,arithmetic,1,Subject26_2.edf,44.0,48.0,62.0,False,4.0,2.0,4s_windows_50pct_overlap,scored_task,3229,False,True,False
Subject26|arithmetic|Subject26_2.edf|46.000|50.000,Subject26,arithmetic,1,Subject26_2.edf,46.0,50.0,62.0,False,4.0,2.0,4s_windows_50pct_overlap,scored_task,3230,False,True,False
Subject26|arithmetic|Subject26_2.edf|48.000|52.000,Subject26,arithmetic,1,Subject26_2.edf,48.0,52.0,62.0,False,4.0,2.0,4s_windows_50pct_overlap,scored_task,3231,False,True,False
Subject26|arithmetic|Subject26_2.edf|50.000|54.000,Subject26,arithmetic,1,Subject26_2.edf,50.0,54.0,62.0,False,4.0,2.0,4s_windows_50pct_overlap,scored_task,3232,False,True,False
Subject26|arithmetic|Subject26_2.edf|52.000|56.000,Subject26,arithmetic,1,Subject26_2.edf,52.0,56.0,62.0,False,4.0,2.0,4s_windows_50pct_overlap,scored_task,3233,False,True,False
Subject26|arithmetic|Subject26_2.edf|54.000|58.000,Subject26,arithmetic,1,Subject26_2.edf,54.0,58.0,62.0,False,4.0,2.0,4s_windows_50pct_overlap,scored_task,3234,False,True,False
Subject26|arithmetic|Subject26_2.edf|56.000|60.000,Subject26,arithmetic,1,Subject26_2.edf,56.0,60.0,62.0,False,4.0,2.0,4s_windows_50pct_overlap,scored_task,3235,False,True,False
Subject26|arithmetic|Subject26_2.edf|58.000|62.000,Subject26,arithmetic,1,Subject26_2.edf,58.0,62.0,62.0,False,4.0,2.0,4s_windows_50pct_overlap,scored_task,3236,False,True,False
Subject27|rest|Subject27_1.edf|0.000|4.000,Subject27,rest,0,Subject27_1.edf,0.0,4.0,182.0,False,4.0,2.0,4s_windows_50pct_overlap,calibration,3237,True,False,False
Subject27|rest|Subject27_1.edf|2.000|6.000,Subject27,rest,0,Subject27_1.edf,2.0,6.0,182.0,False,4.0,2.0,4s_windows_50pct_overlap,calibration,3238,True,False,False
Subject27|rest|Subject27_1.edf|4.000|8.000,Subject27,rest,0,Subject27_1.edf,4.0,8.0,182.0,False,4.0,2.0,4s_windows_50pct_overlap,calibration,3239,True,False,False
Subject27|rest|Subject27_1.edf|6.000|10.000,Subject27,rest,0,Subject27_1.edf,6.0,10.0,182.0,False,4.0,2.0,4s_windows_50pct_overlap,calibration,3240,True,False,False
Subject27|rest|Subject27_1.edf|8.000|12.000,Subject27,rest,0,Subject27_1.edf,8.0,12.0,182.0,False,4.0,2.0,4s_windows_50pct_overlap,calibration,3241,True,False,False
Subject27|rest|Subject27_1.edf|10.000|14.000,Subject27,rest,0,Subject27_1.edf,10.0,14.0,182.0,False,4.0,2.0,4s_windows_50pct_overlap,calibration,3242,True,False,False
Subject27|rest|Subject27_1.edf|12.000|16.000,Subject27,rest,0,Subject27_1.edf,12.0,16.0,182.0,False,4.0,2.0,4s_windows_50pct_overlap,calibration,3243,True,False,False
Subject27|rest|Subject27_1.edf|14.000|18.000,Subject27,rest,0,Subject27_1.edf,14.0,18.0,182.0,False,4.0,2.0,4s_windows_50pct_overlap,calibration,3244,True,False,False
Subject27|rest|Subject27_1.edf|16.000|20.000,Subject27,rest,0,Subject27_1.edf,16.0,20.0,182.0,False,4.0,2.0,4s_windows_50pct_overlap,calibration,3245,True,False,False
Subject27|rest|Subject27_1.edf|18.000|22.000,Subject27,rest,0,Subject27_1.edf,18.0,22.0,182.0,False,4.0,2.0,4s_windows_50pct_overlap,calibration,3246,True,False,False
Subject27|rest|Subject27_1.edf|20.000|24.000,Subject27,rest,0,Subject27_1.edf,20.0,24.0,182.0,False,4.0,2.0,4s_windows_50pct_overlap,calibration,3247,True,False,False
Subject27|rest|Subject27_1.edf|22.000|26.000,Subject27,rest,0,Subject27_1.edf,22.0,26.0,182.0,False,4.0,2.0,4s_windows_50pct_overlap,calibration,3248,True,False,False
Subject27|rest|Subject27_1.edf|24.000|28.000,Subject27,rest,0,Subject27_1.edf,24.0,28.0,182.0,False,4.0,2.0,4s_windows_50pct_overlap,calibration,3249,True,False,False
Subject27|rest|Subject27_1.edf|26.000|30.000,Subject27,rest,0,Subject27_1.edf,26.0,30.0,182.0,False,4.0,2.0,4s_windows_50pct_overlap,calibration,3250,True,False,False
Subject27|rest|Subject27_1.edf|28.000|32.000,Subject27,rest,0,Subject27_1.edf,28.0,32.0,182.0,False,4.0,2.0,4s_windows_50pct_overlap,calibration,3251,True,False,False
Subject27|rest|Subject27_1.edf|30.000|34.000,Subject27,rest,0,Subject27_1.edf,30.0,34.0,182.0,False,4.0,2.0,4s_windows_50pct_overlap,calibration,3252,True,False,False
Subject27|rest|Subject27_1.edf|32.000|36.000,Subject27,rest,0,Subject27_1.edf,32.0,36.0,182.0,False,4.0,2.0,4s_windows_50pct_overlap,calibration,3253,True,False,False
Subject27|rest|Subject27_1.edf|34.000|38.000,Subject27,rest,0,Subject27_1.edf,34.0,38.0,182.0,False,4.0,2.0,4s_windows_50pct_overlap,calibration,3254,True,False,False
Subject27|rest|Subject27_1.edf|36.000|40.000,Subject27,rest,0,Subject27_1.edf,36.0,40.0,182.0,False,4.0,2.0,4s_windows_50pct_overlap,calibration,3255,True,False,False
Subject27|rest|Subject27_1.edf|38.000|42.000,Subject27,rest,0,Subject27_1.edf,38.0,42.0,182.0,False,4.0,2.0,4s_windows_50pct_overlap,calibration,3256,True,False,False
Subject27|rest|Subject27_1.edf|40.000|44.000,Subject27,rest,0,Subject27_1.edf,40.0,44.0,182.0,False,4.0,2.0,4s_windows_50pct_overlap,calibration,3257,True,False,False
Subject27|rest|Subject27_1.edf|42.000|46.000,Subject27,rest,0,Subject27_1.edf,42.0,46.0,182.0,False,4.0,2.0,4s_windows_50pct_overlap,calibration,3258,True,False,False
Subject27|rest|Subject27_1.edf|44.000|48.000,Subject27,rest,0,Subject27_1.edf,44.0,48.0,182.0,False,4.0,2.0,4s_windows_50pct_overlap,calibration,3259,True,False,False
Subject27|rest|Subject27_1.edf|46.000|50.000,Subject27,rest,0,Subject27_1.edf,46.0,50.0,182.0,False,4.0,2.0,4s_windows_50pct_overlap,calibration,3260,True,False,False
Subject27|rest|Subject27_1.edf|48.000|52.000,Subject27,rest,0,Subject27_1.edf,48.0,52.0,182.0,False,4.0,2.0,4s_windows_50pct_overlap,calibration,3261,True,False,False
Subject27|rest|Subject27_1.edf|50.000|54.000,Subject27,rest,0,Subject27_1.edf,50.0,54.0,182.0,False,4.0,2.0,4s_windows_50pct_overlap,calibration,3262,True,False,False
Subject27|rest|Subject27_1.edf|52.000|56.000,Subject27,rest,0,Subject27_1.edf,52.0,56.0,182.0,False,4.0,2.0,4s_windows_50pct_overlap,calibration,3263,True,False,False
Subject27|rest|Subject27_1.edf|54.000|58.000,Subject27,rest,0,Subject27_1.edf,54.0,58.0,182.0,False,4.0,2.0,4s_windows_50pct_overlap,calibration,3264,True,False,False
Subject27|rest|Subject27_1.edf|56.000|60.000,Subject27,rest,0,Subject27_1.edf,56.0,60.0,182.0,False,4.0,2.0,4s_windows_50pct_overlap,calibration,3265,True,False,False
Subject27|rest|Subject27_1.edf|58.000|62.000,Subject27,rest,0,Subject27_1.edf,58.0,62.0,182.0,False,4.0,2.0,4s_windows_50pct_overlap,calibration,3266,True,False,False
Subject27|rest|Subject27_1.edf|60.000|64.000,Subject27,rest,0,Subject27_1.edf,60.0,64.0,182.0,False,4.0,2.0,4s_windows_50pct_overlap,scored_rest,3267,False,True,False
Subject27|rest|Subject27_1.edf|62.000|66.000,Subject27,rest,0,Subject27_1.edf,62.0,66.0,182.0,False,4.0,2.0,4s_windows_50pct_overlap,scored_rest,3268,False,True,False
Subject27|rest|Subject27_1.edf|64.000|68.000,Subject27,rest,0,Subject27_1.edf,64.0,68.0,182.0,False,4.0,2.0,4s_windows_50pct_overlap,scored_rest,3269,False,True,False
Subject27|rest|Subject27_1.edf|66.000|70.000,Subject27,rest,0,Subject27_1.edf,66.0,70.0,182.0,False,4.0,2.0,4s_windows_50pct_overlap,scored_rest,3270,False,True,False
Subject27|rest|Subject27_1.edf|68.000|72.000,Subject27,rest,0,Subject27_1.edf,68.0,72.0,182.0,False,4.0,2.0,4s_windows_50pct_overlap,scored_rest,3271,False,True,False
Subject27|rest|Subject27_1.edf|70.000|74.000,Subject27,rest,0,Subject27_1.edf,70.0,74.0,182.0,False,4.0,2.0,4s_windows_50pct_overlap,scored_rest,3272,False,True,False
Subject27|rest|Subject27_1.edf|72.000|76.000,Subject27,rest,0,Subject27_1.edf,72.0,76.0,182.0,False,4.0,2.0,4s_windows_50pct_overlap,scored_rest,3273,False,True,False
Subject27|rest|Subject27_1.edf|74.000|78.000,Subject27,rest,0,Subject27_1.edf,74.0,78.0,182.0,False,4.0,2.0,4s_windows_50pct_overlap,scored_rest,3274,False,True,False
Subject27|rest|Subject27_1.edf|76.000|80.000,Subject27,rest,0,Subject27_1.edf,76.0,80.0,182.0,False,4.0,2.0,4s_windows_50pct_overlap,scored_rest,3275,False,True,False
Subject27|rest|Subject27_1.edf|78.000|82.000,Subject27,rest,0,Subject27_1.edf,78.0,82.0,182.0,False,4.0,2.0,4s_windows_50pct_overlap,scored_rest,3276,False,True,False
Subject27|rest|Subject27_1.edf|80.000|84.000,Subject27,rest,0,Subject27_1.edf,80.0,84.0,182.0,False,4.0,2.0,4s_windows_50pct_overlap,scored_rest,3277,False,True,False
Subject27|rest|Subject27_1.edf|82.000|86.000,Subject27,rest,0,Subject27_1.edf,82.0,86.0,182.0,False,4.0,2.0,4s_windows_50pct_overlap,scored_rest,3278,False,True,False
Subject27|rest|Subject27_1.edf|84.000|88.000,Subject27,rest,0,Subject27_1.edf,84.0,88.0,182.0,False,4.0,2.0,4s_windows_50pct_overlap,scored_rest,3279,False,True,False
Subject27|rest|Subject27_1.edf|86.000|90.000,Subject27,rest,0,Subject27_1.edf,86.0,90.0,182.0,False,4.0,2.0,4s_windows_50pct_overlap,scored_rest,3280,False,True,False
Subject27|rest|Subject27_1.edf|88.000|92.000,Subject27,rest,0,Subject27_1.edf,88.0,92.0,182.0,False,4.0,2.0,4s_windows_50pct_overlap,scored_rest,3281,False,True,False
Subject27|rest|Subject27_1.edf|90.000|94.000,Subject27,rest,0,Subject27_1.edf,90.0,94.0,182.0,False,4.0,2.0,4s_windows_50pct_overlap,scored_rest,3282,False,True,False
Subject27|rest|Subject27_1.edf|92.000|96.000,Subject27,rest,0,Subject27_1.edf,92.0,96.0,182.0,False,4.0,2.0,4s_windows_50pct_overlap,scored_rest,3283,False,True,False
Subject27|rest|Subject27_1.edf|94.000|98.000,Subject27,rest,0,Subject27_1.edf,94.0,98.0,182.0,False,4.0,2.0,4s_windows_50pct_overlap,scored_rest,3284,False,True,False
Subject27|rest|Subject27_1.edf|96.000|100.000,Subject27,rest,0,Subject27_1.edf,96.0,100.0,182.0,False,4.0,2.0,4s_windows_50pct_overlap,scored_rest,3285,False,True,False
Subject27|rest|Subject27_1.edf|98.000|102.000,Subject27,rest,0,Subject27_1.edf,98.0,102.0,182.0,False,4.0,2.0,4s_windows_50pct_overlap,scored_rest,3286,False,True,False
Subject27|rest|Subject27_1.edf|100.000|104.000,Subject27,rest,0,Subject27_1.edf,100.0,104.0,182.0,False,4.0,2.0,4s_windows_50pct_overlap,scored_rest,3287,False,True,False
Subject27|rest|Subject27_1.edf|102.000|106.000,Subject27,rest,0,Subject27_1.edf,102.0,106.0,182.0,False,4.0,2.0,4s_windows_50pct_overlap,scored_rest,3288,False,True,False
Subject27|rest|Subject27_1.edf|104.000|108.000,Subject27,rest,0,Subject27_1.edf,104.0,108.0,182.0,False,4.0,2.0,4s_windows_50pct_overlap,scored_rest,3289,False,True,False
Subject27|rest|Subject27_1.edf|106.000|110.000,Subject27,rest,0,Subject27_1.edf,106.0,110.0,182.0,False,4.0,2.0,4s_windows_50pct_overlap,scored_rest,3290,False,True,False
Subject27|rest|Subject27_1.edf|108.000|112.000,Subject27,rest,0,Subject27_1.edf,108.0,112.0,182.0,False,4.0,2.0,4s_windows_50pct_overlap,scored_rest,3291,False,True,False
Subject27|rest|Subject27_1.edf|110.000|114.000,Subject27,rest,0,Subject27_1.edf,110.0,114.0,182.0,False,4.0,2.0,4s_windows_50pct_overlap,scored_rest,3292,False,True,False
Subject27|rest|Subject27_1.edf|112.000|116.000,Subject27,rest,0,Subject27_1.edf,112.0,116.0,182.0,False,4.0,2.0,4s_windows_50pct_overlap,scored_rest,3293,False,True,False
Subject27|rest|Subject27_1.edf|114.000|118.000,Subject27,rest,0,Subject27_1.edf,114.0,118.0,182.0,False,4.0,2.0,4s_windows_50pct_overlap,scored_rest,3294,False,True,False
Subject27|rest|Subject27_1.edf|116.000|120.000,Subject27,rest,0,Subject27_1.edf,116.0,120.0,182.0,False,4.0,2.0,4s_windows_50pct_overlap,scored_rest,3295,False,True,False
Subject27|rest|Subject27_1.edf|118.000|122.000,Subject27,rest,0,Subject27_1.edf,118.0,122.0,182.0,False,4.0,2.0,4s_windows_50pct_overlap,scored_rest,3296,False,True,False
Subject27|rest|Subject27_1.edf|120.000|124.000,Subject27,rest,0,Subject27_1.edf,120.0,124.0,182.0,False,4.0,2.0,4s_windows_50pct_overlap,scored_rest,3297,False,True,False
Subject27|rest|Subject27_1.edf|122.000|126.000,Subject27,rest,0,Subject27_1.edf,122.0,126.0,182.0,False,4.0,2.0,4s_windows_50pct_overlap,scored_rest,3298,False,True,False
Subject27|rest|Subject27_1.edf|124.000|128.000,Subject27,rest,0,Subject27_1.edf,124.0,128.0,182.0,False,4.0,2.0,4s_windows_50pct_overlap,scored_rest,3299,False,True,False
Subject27|rest|Subject27_1.edf|126.000|130.000,Subject27,rest,0,Subject27_1.edf,126.0,130.0,182.0,False,4.0,2.0,4s_windows_50pct_overlap,scored_rest,3300,False,True,False
Subject27|rest|Subject27_1.edf|128.000|132.000,Subject27,rest,0,Subject27_1.edf,128.0,132.0,182.0,False,4.0,2.0,4s_windows_50pct_overlap,scored_rest,3301,False,True,False
Subject27|rest|Subject27_1.edf|130.000|134.000,Subject27,rest,0,Subject27_1.edf,130.0,134.0,182.0,False,4.0,2.0,4s_windows_50pct_overlap,scored_rest,3302,False,True,False
Subject27|rest|Subject27_1.edf|132.000|136.000,Subject27,rest,0,Subject27_1.edf,132.0,136.0,182.0,False,4.0,2.0,4s_windows_50pct_overlap,scored_rest,3303,False,True,False
Subject27|rest|Subject27_1.edf|134.000|138.000,Subject27,rest,0,Subject27_1.edf,134.0,138.0,182.0,False,4.0,2.0,4s_windows_50pct_overlap,scored_rest,3304,False,True,False
Subject27|rest|Subject27_1.edf|136.000|140.000,Subject27,rest,0,Subject27_1.edf,136.0,140.0,182.0,False,4.0,2.0,4s_windows_50pct_overlap,scored_rest,3305,False,True,False
Subject27|rest|Subject27_1.edf|138.000|142.000,Subject27,rest,0,Subject27_1.edf,138.0,142.0,182.0,False,4.0,2.0,4s_windows_50pct_overlap,scored_rest,3306,False,True,False
Subject27|rest|Subject27_1.edf|140.000|144.000,Subject27,rest,0,Subject27_1.edf,140.0,144.0,182.0,False,4.0,2.0,4s_windows_50pct_overlap,scored_rest,3307,False,True,False
Subject27|rest|Subject27_1.edf|142.000|146.000,Subject27,rest,0,Subject27_1.edf,142.0,146.0,182.0,False,4.0,2.0,4s_windows_50pct_overlap,scored_rest,3308,False,True,False
Subject27|rest|Subject27_1.edf|144.000|148.000,Subject27,rest,0,Subject27_1.edf,144.0,148.0,182.0,False,4.0,2.0,4s_windows_50pct_overlap,scored_rest,3309,False,True,False
Subject27|rest|Subject27_1.edf|146.000|150.000,Subject27,rest,0,Subject27_1.edf,146.0,150.0,182.0,False,4.0,2.0,4s_windows_50pct_overlap,scored_rest,3310,False,True,False
Subject27|rest|Subject27_1.edf|148.000|152.000,Subject27,rest,0,Subject27_1.edf,148.0,152.0,182.0,False,4.0,2.0,4s_windows_50pct_overlap,scored_rest,3311,False,True,False
Subject27|rest|Subject27_1.edf|150.000|154.000,Subject27,rest,0,Subject27_1.edf,150.0,154.0,182.0,False,4.0,2.0,4s_windows_50pct_overlap,scored_rest,3312,False,True,False
Subject27|rest|Subject27_1.edf|152.000|156.000,Subject27,rest,0,Subject27_1.edf,152.0,156.0,182.0,False,4.0,2.0,4s_windows_50pct_overlap,scored_rest,3313,False,True,False
Subject27|rest|Subject27_1.edf|154.000|158.000,Subject27,rest,0,Subject27_1.edf,154.0,158.0,182.0,False,4.0,2.0,4s_windows_50pct_overlap,scored_rest,3314,False,True,False
Subject27|rest|Subject27_1.edf|156.000|160.000,Subject27,rest,0,Subject27_1.edf,156.0,160.0,182.0,False,4.0,2.0,4s_windows_50pct_overlap,scored_rest,3315,False,True,False
Subject27|rest|Subject27_1.edf|158.000|162.000,Subject27,rest,0,Subject27_1.edf,158.0,162.0,182.0,False,4.0,2.0,4s_windows_50pct_overlap,scored_rest,3316,False,True,False
Subject27|rest|Subject27_1.edf|160.000|164.000,Subject27,rest,0,Subject27_1.edf,160.0,164.0,182.0,False,4.0,2.0,4s_windows_50pct_overlap,scored_rest,3317,False,True,False
Subject27|rest|Subject27_1.edf|162.000|166.000,Subject27,rest,0,Subject27_1.edf,162.0,166.0,182.0,False,4.0,2.0,4s_windows_50pct_overlap,scored_rest,3318,False,True,False
Subject27|rest|Subject27_1.edf|164.000|168.000,Subject27,rest,0,Subject27_1.edf,164.0,168.0,182.0,False,4.0,2.0,4s_windows_50pct_overlap,scored_rest,3319,False,True,False
Subject27|rest|Subject27_1.edf|166.000|170.000,Subject27,rest,0,Subject27_1.edf,166.0,170.0,182.0,False,4.0,2.0,4s_windows_50pct_overlap,scored_rest,3320,False,True,False
Subject27|rest|Subject27_1.edf|168.000|172.000,Subject27,rest,0,Subject27_1.edf,168.0,172.0,182.0,False,4.0,2.0,4s_windows_50pct_overlap,scored_rest,3321,False,True,False
Subject27|rest|Subject27_1.edf|170.000|174.000,Subject27,rest,0,Subject27_1.edf,170.0,174.0,182.0,False,4.0,2.0,4s_windows_50pct_overlap,scored_rest,3322,False,True,False
Subject27|rest|Subject27_1.edf|172.000|176.000,Subject27,rest,0,Subject27_1.edf,172.0,176.0,182.0,False,4.0,2.0,4s_windows_50pct_overlap,scored_rest,3323,False,True,False
Subject27|rest|Subject27_1.edf|174.000|178.000,Subject27,rest,0,Subject27_1.edf,174.0,178.0,182.0,False,4.0,2.0,4s_windows_50pct_overlap,scored_rest,3324,False,True,False
Subject27|rest|Subject27_1.edf|176.000|180.000,Subject27,rest,0,Subject27_1.edf,176.0,180.0,182.0,False,4.0,2.0,4s_windows_50pct_overlap,scored_rest,3325,False,True,False
Subject27|rest|Subject27_1.edf|178.000|182.000,Subject27,rest,0,Subject27_1.edf,178.0,182.0,182.0,False,4.0,2.0,4s_windows_50pct_overlap,scored_rest,3326,False,True,False
Subject27|arithmetic|Subject27_2.edf|0.000|4.000,Subject27,arithmetic,1,Subject27_2.edf,0.0,4.0,62.0,False,4.0,2.0,4s_windows_50pct_overlap,scored_task,3327,False,True,False
Subject27|arithmetic|Subject27_2.edf|2.000|6.000,Subject27,arithmetic,1,Subject27_2.edf,2.0,6.0,62.0,False,4.0,2.0,4s_windows_50pct_overlap,scored_task,3328,False,True,False
Subject27|arithmetic|Subject27_2.edf|4.000|8.000,Subject27,arithmetic,1,Subject27_2.edf,4.0,8.0,62.0,False,4.0,2.0,4s_windows_50pct_overlap,scored_task,3329,False,True,False
Subject27|arithmetic|Subject27_2.edf|6.000|10.000,Subject27,arithmetic,1,Subject27_2.edf,6.0,10.0,62.0,False,4.0,2.0,4s_windows_50pct_overlap,scored_task,3330,False,True,False
Subject27|arithmetic|Subject27_2.edf|8.000|12.000,Subject27,arithmetic,1,Subject27_2.edf,8.0,12.0,62.0,False,4.0,2.0,4s_windows_50pct_overlap,scored_task,3331,False,True,False
Subject27|arithmetic|Subject27_2.edf|10.000|14.000,Subject27,arithmetic,1,Subject27_2.edf,10.0,14.0,62.0,False,4.0,2.0,4s_windows_50pct_overlap,scored_task,3332,False,True,False
Subject27|arithmetic|Subject27_2.edf|12.000|16.000,Subject27,arithmetic,1,Subject27_2.edf,12.0,16.0,62.0,False,4.0,2.0,4s_windows_50pct_overlap,scored_task,3333,False,True,False
Subject27|arithmetic|Subject27_2.edf|14.000|18.000,Subject27,arithmetic,1,Subject27_2.edf,14.0,18.0,62.0,False,4.0,2.0,4s_windows_50pct_overlap,scored_task,3334,False,True,False
Subject27|arithmetic|Subject27_2.edf|16.000|20.000,Subject27,arithmetic,1,Subject27_2.edf,16.0,20.0,62.0,False,4.0,2.0,4s_windows_50pct_overlap,scored_task,3335,False,True,False
Subject27|arithmetic|Subject27_2.edf|18.000|22.000,Subject27,arithmetic,1,Subject27_2.edf,18.0,22.0,62.0,False,4.0,2.0,4s_windows_50pct_overlap,scored_task,3336,False,True,False
Subject27|arithmetic|Subject27_2.edf|20.000|24.000,Subject27,arithmetic,1,Subject27_2.edf,20.0,24.0,62.0,False,4.0,2.0,4s_windows_50pct_overlap,scored_task,3337,False,True,False
Subject27|arithmetic|Subject27_2.edf|22.000|26.000,Subject27,arithmetic,1,Subject27_2.edf,22.0,26.0,62.0,False,4.0,2.0,4s_windows_50pct_overlap,scored_task,3338,False,True,False
Subject27|arithmetic|Subject27_2.edf|24.000|28.000,Subject27,arithmetic,1,Subject27_2.edf,24.0,28.0,62.0,False,4.0,2.0,4s_windows_50pct_overlap,scored_task,3339,False,True,False
Subject27|arithmetic|Subject27_2.edf|26.000|30.000,Subject27,arithmetic,1,Subject27_2.edf,26.0,30.0,62.0,False,4.0,2.0,4s_windows_50pct_overlap,scored_task,3340,False,True,False
Subject27|arithmetic|Subject27_2.edf|28.000|32.000,Subject27,arithmetic,1,Subject27_2.edf,28.0,32.0,62.0,False,4.0,2.0,4s_windows_50pct_overlap,scored_task,3341,False,True,False
Subject27|arithmetic|Subject27_2.edf|30.000|34.000,Subject27,arithmetic,1,Subject27_2.edf,30.0,34.0,62.0,False,4.0,2.0,4s_windows_50pct_overlap,scored_task,3342,False,True,False
Subject27|arithmetic|Subject27_2.edf|32.000|36.000,Subject27,arithmetic,1,Subject27_2.edf,32.0,36.0,62.0,False,4.0,2.0,4s_windows_50pct_overlap,scored_task,3343,False,True,False
Subject27|arithmetic|Subject27_2.edf|34.000|38.000,Subject27,arithmetic,1,Subject27_2.edf,34.0,38.0,62.0,False,4.0,2.0,4s_windows_50pct_overlap,scored_task,3344,False,True,False
Subject27|arithmetic|Subject27_2.edf|36.000|40.000,Subject27,arithmetic,1,Subject27_2.edf,36.0,40.0,62.0,False,4.0,2.0,4s_windows_50pct_overlap,scored_task,3345,False,True,False
Subject27|arithmetic|Subject27_2.edf|38.000|42.000,Subject27,arithmetic,1,Subject27_2.edf,38.0,42.0,62.0,False,4.0,2.0,4s_windows_50pct_overlap,scored_task,3346,False,True,False
Subject27|arithmetic|Subject27_2.edf|40.000|44.000,Subject27,arithmetic,1,Subject27_2.edf,40.0,44.0,62.0,False,4.0,2.0,4s_windows_50pct_overlap,scored_task,3347,False,True,False
Subject27|arithmetic|Subject27_2.edf|42.000|46.000,Subject27,arithmetic,1,Subject27_2.edf,42.0,46.0,62.0,False,4.0,2.0,4s_windows_50pct_overlap,scored_task,3348,False,True,False
Subject27|arithmetic|Subject27_2.edf|44.000|48.000,Subject27,arithmetic,1,Subject27_2.edf,44.0,48.0,62.0,False,4.0,2.0,4s_windows_50pct_overlap,scored_task,3349,False,True,False
Subject27|arithmetic|Subject27_2.edf|46.000|50.000,Subject27,arithmetic,1,Subject27_2.edf,46.0,50.0,62.0,False,4.0,2.0,4s_windows_50pct_overlap,scored_task,3350,False,True,False
Subject27|arithmetic|Subject27_2.edf|48.000|52.000,Subject27,arithmetic,1,Subject27_2.edf,48.0,52.0,62.0,False,4.0,2.0,4s_windows_50pct_overlap,scored_task,3351,False,True,False
Subject27|arithmetic|Subject27_2.edf|50.000|54.000,Subject27,arithmetic,1,Subject27_2.edf,50.0,54.0,62.0,False,4.0,2.0,4s_windows_50pct_overlap,scored_task,3352,False,True,False
Subject27|arithmetic|Subject27_2.edf|52.000|56.000,Subject27,arithmetic,1,Subject27_2.edf,52.0,56.0,62.0,False,4.0,2.0,4s_windows_50pct_overlap,scored_task,3353,False,True,False
Subject27|arithmetic|Subject27_2.edf|54.000|58.000,Subject27,arithmetic,1,Subject27_2.edf,54.0,58.0,62.0,False,4.0,2.0,4s_windows_50pct_overlap,scored_task,3354,False,True,False
Subject27|arithmetic|Subject27_2.edf|56.000|60.000,Subject27,arithmetic,1,Subject27_2.edf,56.0,60.0,62.0,False,4.0,2.0,4s_windows_50pct_overlap,scored_task,3355,False,True,False
Subject27|arithmetic|Subject27_2.edf|58.000|62.000,Subject27,arithmetic,1,Subject27_2.edf,58.0,62.0,62.0,False,4.0,2.0,4s_windows_50pct_overlap,scored_task,3356,False,True,False
Subject28|rest|Subject28_1.edf|0.000|4.000,Subject28,rest,0,Subject28_1.edf,0.0,4.0,182.0,False,4.0,2.0,4s_windows_50pct_overlap,calibration,3357,True,False,False
Subject28|rest|Subject28_1.edf|2.000|6.000,Subject28,rest,0,Subject28_1.edf,2.0,6.0,182.0,False,4.0,2.0,4s_windows_50pct_overlap,calibration,3358,True,False,False
Subject28|rest|Subject28_1.edf|4.000|8.000,Subject28,rest,0,Subject28_1.edf,4.0,8.0,182.0,False,4.0,2.0,4s_windows_50pct_overlap,calibration,3359,True,False,False
Subject28|rest|Subject28_1.edf|6.000|10.000,Subject28,rest,0,Subject28_1.edf,6.0,10.0,182.0,False,4.0,2.0,4s_windows_50pct_overlap,calibration,3360,True,False,False
Subject28|rest|Subject28_1.edf|8.000|12.000,Subject28,rest,0,Subject28_1.edf,8.0,12.0,182.0,False,4.0,2.0,4s_windows_50pct_overlap,calibration,3361,True,False,False
Subject28|rest|Subject28_1.edf|10.000|14.000,Subject28,rest,0,Subject28_1.edf,10.0,14.0,182.0,False,4.0,2.0,4s_windows_50pct_overlap,calibration,3362,True,False,False
Subject28|rest|Subject28_1.edf|12.000|16.000,Subject28,rest,0,Subject28_1.edf,12.0,16.0,182.0,False,4.0,2.0,4s_windows_50pct_overlap,calibration,3363,True,False,False
Subject28|rest|Subject28_1.edf|14.000|18.000,Subject28,rest,0,Subject28_1.edf,14.0,18.0,182.0,False,4.0,2.0,4s_windows_50pct_overlap,calibration,3364,True,False,False
Subject28|rest|Subject28_1.edf|16.000|20.000,Subject28,rest,0,Subject28_1.edf,16.0,20.0,182.0,False,4.0,2.0,4s_windows_50pct_overlap,calibration,3365,True,False,False
Subject28|rest|Subject28_1.edf|18.000|22.000,Subject28,rest,0,Subject28_1.edf,18.0,22.0,182.0,False,4.0,2.0,4s_windows_50pct_overlap,calibration,3366,True,False,False
Subject28|rest|Subject28_1.edf|20.000|24.000,Subject28,rest,0,Subject28_1.edf,20.0,24.0,182.0,False,4.0,2.0,4s_windows_50pct_overlap,calibration,3367,True,False,False
Subject28|rest|Subject28_1.edf|22.000|26.000,Subject28,rest,0,Subject28_1.edf,22.0,26.0,182.0,False,4.0,2.0,4s_windows_50pct_overlap,calibration,3368,True,False,False
Subject28|rest|Subject28_1.edf|24.000|28.000,Subject28,rest,0,Subject28_1.edf,24.0,28.0,182.0,False,4.0,2.0,4s_windows_50pct_overlap,calibration,3369,True,False,False
Subject28|rest|Subject28_1.edf|26.000|30.000,Subject28,rest,0,Subject28_1.edf,26.0,30.0,182.0,False,4.0,2.0,4s_windows_50pct_overlap,calibration,3370,True,False,False
Subject28|rest|Subject28_1.edf|28.000|32.000,Subject28,rest,0,Subject28_1.edf,28.0,32.0,182.0,False,4.0,2.0,4s_windows_50pct_overlap,calibration,3371,True,False,False
Subject28|rest|Subject28_1.edf|30.000|34.000,Subject28,rest,0,Subject28_1.edf,30.0,34.0,182.0,False,4.0,2.0,4s_windows_50pct_overlap,calibration,3372,True,False,False
Subject28|rest|Subject28_1.edf|32.000|36.000,Subject28,rest,0,Subject28_1.edf,32.0,36.0,182.0,False,4.0,2.0,4s_windows_50pct_overlap,calibration,3373,True,False,False
Subject28|rest|Subject28_1.edf|34.000|38.000,Subject28,rest,0,Subject28_1.edf,34.0,38.0,182.0,False,4.0,2.0,4s_windows_50pct_overlap,calibration,3374,True,False,False
Subject28|rest|Subject28_1.edf|36.000|40.000,Subject28,rest,0,Subject28_1.edf,36.0,40.0,182.0,False,4.0,2.0,4s_windows_50pct_overlap,calibration,3375,True,False,False
Subject28|rest|Subject28_1.edf|38.000|42.000,Subject28,rest,0,Subject28_1.edf,38.0,42.0,182.0,False,4.0,2.0,4s_windows_50pct_overlap,calibration,3376,True,False,False
Subject28|rest|Subject28_1.edf|40.000|44.000,Subject28,rest,0,Subject28_1.edf,40.0,44.0,182.0,False,4.0,2.0,4s_windows_50pct_overlap,calibration,3377,True,False,False
Subject28|rest|Subject28_1.edf|42.000|46.000,Subject28,rest,0,Subject28_1.edf,42.0,46.0,182.0,False,4.0,2.0,4s_windows_50pct_overlap,calibration,3378,True,False,False
Subject28|rest|Subject28_1.edf|44.000|48.000,Subject28,rest,0,Subject28_1.edf,44.0,48.0,182.0,False,4.0,2.0,4s_windows_50pct_overlap,calibration,3379,True,False,False
Subject28|rest|Subject28_1.edf|46.000|50.000,Subject28,rest,0,Subject28_1.edf,46.0,50.0,182.0,False,4.0,2.0,4s_windows_50pct_overlap,calibration,3380,True,False,False
Subject28|rest|Subject28_1.edf|48.000|52.000,Subject28,rest,0,Subject28_1.edf,48.0,52.0,182.0,False,4.0,2.0,4s_windows_50pct_overlap,calibration,3381,True,False,False
Subject28|rest|Subject28_1.edf|50.000|54.000,Subject28,rest,0,Subject28_1.edf,50.0,54.0,182.0,False,4.0,2.0,4s_windows_50pct_overlap,calibration,3382,True,False,False
Subject28|rest|Subject28_1.edf|52.000|56.000,Subject28,rest,0,Subject28_1.edf,52.0,56.0,182.0,False,4.0,2.0,4s_windows_50pct_overlap,calibration,3383,True,False,False
Subject28|rest|Subject28_1.edf|54.000|58.000,Subject28,rest,0,Subject28_1.edf,54.0,58.0,182.0,False,4.0,2.0,4s_windows_50pct_overlap,calibration,3384,True,False,False
Subject28|rest|Subject28_1.edf|56.000|60.000,Subject28,rest,0,Subject28_1.edf,56.0,60.0,182.0,False,4.0,2.0,4s_windows_50pct_overlap,calibration,3385,True,False,False
Subject28|rest|Subject28_1.edf|58.000|62.000,Subject28,rest,0,Subject28_1.edf,58.0,62.0,182.0,False,4.0,2.0,4s_windows_50pct_overlap,calibration,3386,True,False,False
Subject28|rest|Subject28_1.edf|60.000|64.000,Subject28,rest,0,Subject28_1.edf,60.0,64.0,182.0,False,4.0,2.0,4s_windows_50pct_overlap,scored_rest,3387,False,True,False
Subject28|rest|Subject28_1.edf|62.000|66.000,Subject28,rest,0,Subject28_1.edf,62.0,66.0,182.0,False,4.0,2.0,4s_windows_50pct_overlap,scored_rest,3388,False,True,False
Subject28|rest|Subject28_1.edf|64.000|68.000,Subject28,rest,0,Subject28_1.edf,64.0,68.0,182.0,False,4.0,2.0,4s_windows_50pct_overlap,scored_rest,3389,False,True,False
Subject28|rest|Subject28_1.edf|66.000|70.000,Subject28,rest,0,Subject28_1.edf,66.0,70.0,182.0,False,4.0,2.0,4s_windows_50pct_overlap,scored_rest,3390,False,True,False
Subject28|rest|Subject28_1.edf|68.000|72.000,Subject28,rest,0,Subject28_1.edf,68.0,72.0,182.0,False,4.0,2.0,4s_windows_50pct_overlap,scored_rest,3391,False,True,False
Subject28|rest|Subject28_1.edf|70.000|74.000,Subject28,rest,0,Subject28_1.edf,70.0,74.0,182.0,False,4.0,2.0,4s_windows_50pct_overlap,scored_rest,3392,False,True,False
Subject28|rest|Subject28_1.edf|72.000|76.000,Subject28,rest,0,Subject28_1.edf,72.0,76.0,182.0,False,4.0,2.0,4s_windows_50pct_overlap,scored_rest,3393,False,True,False
Subject28|rest|Subject28_1.edf|74.000|78.000,Subject28,rest,0,Subject28_1.edf,74.0,78.0,182.0,False,4.0,2.0,4s_windows_50pct_overlap,scored_rest,3394,False,True,False
Subject28|rest|Subject28_1.edf|76.000|80.000,Subject28,rest,0,Subject28_1.edf,76.0,80.0,182.0,False,4.0,2.0,4s_windows_50pct_overlap,scored_rest,3395,False,True,False
Subject28|rest|Subject28_1.edf|78.000|82.000,Subject28,rest,0,Subject28_1.edf,78.0,82.0,182.0,False,4.0,2.0,4s_windows_50pct_overlap,scored_rest,3396,False,True,False
Subject28|rest|Subject28_1.edf|80.000|84.000,Subject28,rest,0,Subject28_1.edf,80.0,84.0,182.0,False,4.0,2.0,4s_windows_50pct_overlap,scored_rest,3397,False,True,False
Subject28|rest|Subject28_1.edf|82.000|86.000,Subject28,rest,0,Subject28_1.edf,82.0,86.0,182.0,False,4.0,2.0,4s_windows_50pct_overlap,scored_rest,3398,False,True,False
Subject28|rest|Subject28_1.edf|84.000|88.000,Subject28,rest,0,Subject28_1.edf,84.0,88.0,182.0,False,4.0,2.0,4s_windows_50pct_overlap,scored_rest,3399,False,True,False
Subject28|rest|Subject28_1.edf|86.000|90.000,Subject28,rest,0,Subject28_1.edf,86.0,90.0,182.0,False,4.0,2.0,4s_windows_50pct_overlap,scored_rest,3400,False,True,False
Subject28|rest|Subject28_1.edf|88.000|92.000,Subject28,rest,0,Subject28_1.edf,88.0,92.0,182.0,False,4.0,2.0,4s_windows_50pct_overlap,scored_rest,3401,False,True,False
Subject28|rest|Subject28_1.edf|90.000|94.000,Subject28,rest,0,Subject28_1.edf,90.0,94.0,182.0,False,4.0,2.0,4s_windows_50pct_overlap,scored_rest,3402,False,True,False
Subject28|rest|Subject28_1.edf|92.000|96.000,Subject28,rest,0,Subject28_1.edf,92.0,96.0,182.0,False,4.0,2.0,4s_windows_50pct_overlap,scored_rest,3403,False,True,False
Subject28|rest|Subject28_1.edf|94.000|98.000,Subject28,rest,0,Subject28_1.edf,94.0,98.0,182.0,False,4.0,2.0,4s_windows_50pct_overlap,scored_rest,3404,False,True,False
Subject28|rest|Subject28_1.edf|96.000|100.000,Subject28,rest,0,Subject28_1.edf,96.0,100.0,182.0,False,4.0,2.0,4s_windows_50pct_overlap,scored_rest,3405,False,True,False
Subject28|rest|Subject28_1.edf|98.000|102.000,Subject28,rest,0,Subject28_1.edf,98.0,102.0,182.0,False,4.0,2.0,4s_windows_50pct_overlap,scored_rest,3406,False,True,False
Subject28|rest|Subject28_1.edf|100.000|104.000,Subject28,rest,0,Subject28_1.edf,100.0,104.0,182.0,False,4.0,2.0,4s_windows_50pct_overlap,scored_rest,3407,False,True,False
Subject28|rest|Subject28_1.edf|102.000|106.000,Subject28,rest,0,Subject28_1.edf,102.0,106.0,182.0,False,4.0,2.0,4s_windows_50pct_overlap,scored_rest,3408,False,True,False
Subject28|rest|Subject28_1.edf|104.000|108.000,Subject28,rest,0,Subject28_1.edf,104.0,108.0,182.0,False,4.0,2.0,4s_windows_50pct_overlap,scored_rest,3409,False,True,False
Subject28|rest|Subject28_1.edf|106.000|110.000,Subject28,rest,0,Subject28_1.edf,106.0,110.0,182.0,False,4.0,2.0,4s_windows_50pct_overlap,scored_rest,3410,False,True,False
Subject28|rest|Subject28_1.edf|108.000|112.000,Subject28,rest,0,Subject28_1.edf,108.0,112.0,182.0,False,4.0,2.0,4s_windows_50pct_overlap,scored_rest,3411,False,True,False
Subject28|rest|Subject28_1.edf|110.000|114.000,Subject28,rest,0,Subject28_1.edf,110.0,114.0,182.0,False,4.0,2.0,4s_windows_50pct_overlap,scored_rest,3412,False,True,False
Subject28|rest|Subject28_1.edf|112.000|116.000,Subject28,rest,0,Subject28_1.edf,112.0,116.0,182.0,False,4.0,2.0,4s_windows_50pct_overlap,scored_rest,3413,False,True,False
Subject28|rest|Subject28_1.edf|114.000|118.000,Subject28,rest,0,Subject28_1.edf,114.0,118.0,182.0,False,4.0,2.0,4s_windows_50pct_overlap,scored_rest,3414,False,True,False
Subject28|rest|Subject28_1.edf|116.000|120.000,Subject28,rest,0,Subject28_1.edf,116.0,120.0,182.0,False,4.0,2.0,4s_windows_50pct_overlap,scored_rest,3415,False,True,False
Subject28|rest|Subject28_1.edf|118.000|122.000,Subject28,rest,0,Subject28_1.edf,118.0,122.0,182.0,False,4.0,2.0,4s_windows_50pct_overlap,scored_rest,3416,False,True,False
Subject28|rest|Subject28_1.edf|120.000|124.000,Subject28,rest,0,Subject28_1.edf,120.0,124.0,182.0,False,4.0,2.0,4s_windows_50pct_overlap,scored_rest,3417,False,True,False
Subject28|rest|Subject28_1.edf|122.000|126.000,Subject28,rest,0,Subject28_1.edf,122.0,126.0,182.0,False,4.0,2.0,4s_windows_50pct_overlap,scored_rest,3418,False,True,False
Subject28|rest|Subject28_1.edf|124.000|128.000,Subject28,rest,0,Subject28_1.edf,124.0,128.0,182.0,False,4.0,2.0,4s_windows_50pct_overlap,scored_rest,3419,False,True,False
Subject28|rest|Subject28_1.edf|126.000|130.000,Subject28,rest,0,Subject28_1.edf,126.0,130.0,182.0,False,4.0,2.0,4s_windows_50pct_overlap,scored_rest,3420,False,True,False
Subject28|rest|Subject28_1.edf|128.000|132.000,Subject28,rest,0,Subject28_1.edf,128.0,132.0,182.0,False,4.0,2.0,4s_windows_50pct_overlap,scored_rest,3421,False,True,False
Subject28|rest|Subject28_1.edf|130.000|134.000,Subject28,rest,0,Subject28_1.edf,130.0,134.0,182.0,False,4.0,2.0,4s_windows_50pct_overlap,scored_rest,3422,False,True,False
Subject28|rest|Subject28_1.edf|132.000|136.000,Subject28,rest,0,Subject28_1.edf,132.0,136.0,182.0,False,4.0,2.0,4s_windows_50pct_overlap,scored_rest,3423,False,True,False
Subject28|rest|Subject28_1.edf|134.000|138.000,Subject28,rest,0,Subject28_1.edf,134.0,138.0,182.0,False,4.0,2.0,4s_windows_50pct_overlap,scored_rest,3424,False,True,False
Subject28|rest|Subject28_1.edf|136.000|140.000,Subject28,rest,0,Subject28_1.edf,136.0,140.0,182.0,False,4.0,2.0,4s_windows_50pct_overlap,scored_rest,3425,False,True,False
Subject28|rest|Subject28_1.edf|138.000|142.000,Subject28,rest,0,Subject28_1.edf,138.0,142.0,182.0,False,4.0,2.0,4s_windows_50pct_overlap,scored_rest,3426,False,True,False
Subject28|rest|Subject28_1.edf|140.000|144.000,Subject28,rest,0,Subject28_1.edf,140.0,144.0,182.0,False,4.0,2.0,4s_windows_50pct_overlap,scored_rest,3427,False,True,False
Subject28|rest|Subject28_1.edf|142.000|146.000,Subject28,rest,0,Subject28_1.edf,142.0,146.0,182.0,False,4.0,2.0,4s_windows_50pct_overlap,scored_rest,3428,False,True,False
Subject28|rest|Subject28_1.edf|144.000|148.000,Subject28,rest,0,Subject28_1.edf,144.0,148.0,182.0,False,4.0,2.0,4s_windows_50pct_overlap,scored_rest,3429,False,True,False
Subject28|rest|Subject28_1.edf|146.000|150.000,Subject28,rest,0,Subject28_1.edf,146.0,150.0,182.0,False,4.0,2.0,4s_windows_50pct_overlap,scored_rest,3430,False,True,False
Subject28|rest|Subject28_1.edf|148.000|152.000,Subject28,rest,0,Subject28_1.edf,148.0,152.0,182.0,False,4.0,2.0,4s_windows_50pct_overlap,scored_rest,3431,False,True,False
Subject28|rest|Subject28_1.edf|150.000|154.000,Subject28,rest,0,Subject28_1.edf,150.0,154.0,182.0,False,4.0,2.0,4s_windows_50pct_overlap,scored_rest,3432,False,True,False
Subject28|rest|Subject28_1.edf|152.000|156.000,Subject28,rest,0,Subject28_1.edf,152.0,156.0,182.0,False,4.0,2.0,4s_windows_50pct_overlap,scored_rest,3433,False,True,False
Subject28|rest|Subject28_1.edf|154.000|158.000,Subject28,rest,0,Subject28_1.edf,154.0,158.0,182.0,False,4.0,2.0,4s_windows_50pct_overlap,scored_rest,3434,False,True,False
Subject28|rest|Subject28_1.edf|156.000|160.000,Subject28,rest,0,Subject28_1.edf,156.0,160.0,182.0,False,4.0,2.0,4s_windows_50pct_overlap,scored_rest,3435,False,True,False
Subject28|rest|Subject28_1.edf|158.000|162.000,Subject28,rest,0,Subject28_1.edf,158.0,162.0,182.0,False,4.0,2.0,4s_windows_50pct_overlap,scored_rest,3436,False,True,False
Subject28|rest|Subject28_1.edf|160.000|164.000,Subject28,rest,0,Subject28_1.edf,160.0,164.0,182.0,False,4.0,2.0,4s_windows_50pct_overlap,scored_rest,3437,False,True,False
Subject28|rest|Subject28_1.edf|162.000|166.000,Subject28,rest,0,Subject28_1.edf,162.0,166.0,182.0,False,4.0,2.0,4s_windows_50pct_overlap,scored_rest,3438,False,True,False
Subject28|rest|Subject28_1.edf|164.000|168.000,Subject28,rest,0,Subject28_1.edf,164.0,168.0,182.0,False,4.0,2.0,4s_windows_50pct_overlap,scored_rest,3439,False,True,False
Subject28|rest|Subject28_1.edf|166.000|170.000,Subject28,rest,0,Subject28_1.edf,166.0,170.0,182.0,False,4.0,2.0,4s_windows_50pct_overlap,scored_rest,3440,False,True,False
Subject28|rest|Subject28_1.edf|168.000|172.000,Subject28,rest,0,Subject28_1.edf,168.0,172.0,182.0,False,4.0,2.0,4s_windows_50pct_overlap,scored_rest,3441,False,True,False
Subject28|rest|Subject28_1.edf|170.000|174.000,Subject28,rest,0,Subject28_1.edf,170.0,174.0,182.0,False,4.0,2.0,4s_windows_50pct_overlap,scored_rest,3442,False,True,False
Subject28|rest|Subject28_1.edf|172.000|176.000,Subject28,rest,0,Subject28_1.edf,172.0,176.0,182.0,False,4.0,2.0,4s_windows_50pct_overlap,scored_rest,3443,False,True,False
Subject28|rest|Subject28_1.edf|174.000|178.000,Subject28,rest,0,Subject28_1.edf,174.0,178.0,182.0,False,4.0,2.0,4s_windows_50pct_overlap,scored_rest,3444,False,True,False
Subject28|rest|Subject28_1.edf|176.000|180.000,Subject28,rest,0,Subject28_1.edf,176.0,180.0,182.0,False,4.0,2.0,4s_windows_50pct_overlap,scored_rest,3445,False,True,False
Subject28|rest|Subject28_1.edf|178.000|182.000,Subject28,rest,0,Subject28_1.edf,178.0,182.0,182.0,False,4.0,2.0,4s_windows_50pct_overlap,scored_rest,3446,False,True,False
Subject28|arithmetic|Subject28_2.edf|0.000|4.000,Subject28,arithmetic,1,Subject28_2.edf,0.0,4.0,62.0,False,4.0,2.0,4s_windows_50pct_overlap,scored_task,3447,False,True,False
Subject28|arithmetic|Subject28_2.edf|2.000|6.000,Subject28,arithmetic,1,Subject28_2.edf,2.0,6.0,62.0,False,4.0,2.0,4s_windows_50pct_overlap,scored_task,3448,False,True,False
Subject28|arithmetic|Subject28_2.edf|4.000|8.000,Subject28,arithmetic,1,Subject28_2.edf,4.0,8.0,62.0,False,4.0,2.0,4s_windows_50pct_overlap,scored_task,3449,False,True,False
Subject28|arithmetic|Subject28_2.edf|6.000|10.000,Subject28,arithmetic,1,Subject28_2.edf,6.0,10.0,62.0,False,4.0,2.0,4s_windows_50pct_overlap,scored_task,3450,False,True,False
Subject28|arithmetic|Subject28_2.edf|8.000|12.000,Subject28,arithmetic,1,Subject28_2.edf,8.0,12.0,62.0,False,4.0,2.0,4s_windows_50pct_overlap,scored_task,3451,False,True,False
Subject28|arithmetic|Subject28_2.edf|10.000|14.000,Subject28,arithmetic,1,Subject28_2.edf,10.0,14.0,62.0,False,4.0,2.0,4s_windows_50pct_overlap,scored_task,3452,False,True,False
Subject28|arithmetic|Subject28_2.edf|12.000|16.000,Subject28,arithmetic,1,Subject28_2.edf,12.0,16.0,62.0,False,4.0,2.0,4s_windows_50pct_overlap,scored_task,3453,False,True,False
Subject28|arithmetic|Subject28_2.edf|14.000|18.000,Subject28,arithmetic,1,Subject28_2.edf,14.0,18.0,62.0,False,4.0,2.0,4s_windows_50pct_overlap,scored_task,3454,False,True,False
Subject28|arithmetic|Subject28_2.edf|16.000|20.000,Subject28,arithmetic,1,Subject28_2.edf,16.0,20.0,62.0,False,4.0,2.0,4s_windows_50pct_overlap,scored_task,3455,False,True,False
Subject28|arithmetic|Subject28_2.edf|18.000|22.000,Subject28,arithmetic,1,Subject28_2.edf,18.0,22.0,62.0,False,4.0,2.0,4s_windows_50pct_overlap,scored_task,3456,False,True,False
Subject28|arithmetic|Subject28_2.edf|20.000|24.000,Subject28,arithmetic,1,Subject28_2.edf,20.0,24.0,62.0,False,4.0,2.0,4s_windows_50pct_overlap,scored_task,3457,False,True,False
Subject28|arithmetic|Subject28_2.edf|22.000|26.000,Subject28,arithmetic,1,Subject28_2.edf,22.0,26.0,62.0,False,4.0,2.0,4s_windows_50pct_overlap,scored_task,3458,False,True,False
Subject28|arithmetic|Subject28_2.edf|24.000|28.000,Subject28,arithmetic,1,Subject28_2.edf,24.0,28.0,62.0,False,4.0,2.0,4s_windows_50pct_overlap,scored_task,3459,False,True,False
Subject28|arithmetic|Subject28_2.edf|26.000|30.000,Subject28,arithmetic,1,Subject28_2.edf,26.0,30.0,62.0,False,4.0,2.0,4s_windows_50pct_overlap,scored_task,3460,False,True,False
Subject28|arithmetic|Subject28_2.edf|28.000|32.000,Subject28,arithmetic,1,Subject28_2.edf,28.0,32.0,62.0,False,4.0,2.0,4s_windows_50pct_overlap,scored_task,3461,False,True,False
Subject28|arithmetic|Subject28_2.edf|30.000|34.000,Subject28,arithmetic,1,Subject28_2.edf,30.0,34.0,62.0,False,4.0,2.0,4s_windows_50pct_overlap,scored_task,3462,False,True,False
Subject28|arithmetic|Subject28_2.edf|32.000|36.000,Subject28,arithmetic,1,Subject28_2.edf,32.0,36.0,62.0,False,4.0,2.0,4s_windows_50pct_overlap,scored_task,3463,False,True,False
Subject28|arithmetic|Subject28_2.edf|34.000|38.000,Subject28,arithmetic,1,Subject28_2.edf,34.0,38.0,62.0,False,4.0,2.0,4s_windows_50pct_overlap,scored_task,3464,False,True,False
Subject28|arithmetic|Subject28_2.edf|36.000|40.000,Subject28,arithmetic,1,Subject28_2.edf,36.0,40.0,62.0,False,4.0,2.0,4s_windows_50pct_overlap,scored_task,3465,False,True,False
Subject28|arithmetic|Subject28_2.edf|38.000|42.000,Subject28,arithmetic,1,Subject28_2.edf,38.0,42.0,62.0,False,4.0,2.0,4s_windows_50pct_overlap,scored_task,3466,False,True,False
Subject28|arithmetic|Subject28_2.edf|40.000|44.000,Subject28,arithmetic,1,Subject28_2.edf,40.0,44.0,62.0,False,4.0,2.0,4s_windows_50pct_overlap,scored_task,3467,False,True,False
Subject28|arithmetic|Subject28_2.edf|42.000|46.000,Subject28,arithmetic,1,Subject28_2.edf,42.0,46.0,62.0,False,4.0,2.0,4s_windows_50pct_overlap,scored_task,3468,False,True,False
Subject28|arithmetic|Subject28_2.edf|44.000|48.000,Subject28,arithmetic,1,Subject28_2.edf,44.0,48.0,62.0,False,4.0,2.0,4s_windows_50pct_overlap,scored_task,3469,False,True,False
Subject28|arithmetic|Subject28_2.edf|46.000|50.000,Subject28,arithmetic,1,Subject28_2.edf,46.0,50.0,62.0,False,4.0,2.0,4s_windows_50pct_overlap,scored_task,3470,False,True,False
Subject28|arithmetic|Subject28_2.edf|48.000|52.000,Subject28,arithmetic,1,Subject28_2.edf,48.0,52.0,62.0,False,4.0,2.0,4s_windows_50pct_overlap,scored_task,3471,False,True,False
Subject28|arithmetic|Subject28_2.edf|50.000|54.000,Subject28,arithmetic,1,Subject28_2.edf,50.0,54.0,62.0,False,4.0,2.0,4s_windows_50pct_overlap,scored_task,3472,False,True,False
Subject28|arithmetic|Subject28_2.edf|52.000|56.000,Subject28,arithmetic,1,Subject28_2.edf,52.0,56.0,62.0,False,4.0,2.0,4s_windows_50pct_overlap,scored_task,3473,False,True,False
Subject28|arithmetic|Subject28_2.edf|54.000|58.000,Subject28,arithmetic,1,Subject28_2.edf,54.0,58.0,62.0,False,4.0,2.0,4s_windows_50pct_overlap,scored_task,3474,False,True,False
Subject28|arithmetic|Subject28_2.edf|56.000|60.000,Subject28,arithmetic,1,Subject28_2.edf,56.0,60.0,62.0,False,4.0,2.0,4s_windows_50pct_overlap,scored_task,3475,False,True,False
Subject28|arithmetic|Subject28_2.edf|58.000|62.000,Subject28,arithmetic,1,Subject28_2.edf,58.0,62.0,62.0,False,4.0,2.0,4s_windows_50pct_overlap,scored_task,3476,False,True,False
Subject29|rest|Subject29_1.edf|0.000|4.000,Subject29,rest,0,Subject29_1.edf,0.0,4.0,182.0,False,4.0,2.0,4s_windows_50pct_overlap,calibration,3477,True,False,False
Subject29|rest|Subject29_1.edf|2.000|6.000,Subject29,rest,0,Subject29_1.edf,2.0,6.0,182.0,False,4.0,2.0,4s_windows_50pct_overlap,calibration,3478,True,False,False
Subject29|rest|Subject29_1.edf|4.000|8.000,Subject29,rest,0,Subject29_1.edf,4.0,8.0,182.0,False,4.0,2.0,4s_windows_50pct_overlap,calibration,3479,True,False,False
Subject29|rest|Subject29_1.edf|6.000|10.000,Subject29,rest,0,Subject29_1.edf,6.0,10.0,182.0,False,4.0,2.0,4s_windows_50pct_overlap,calibration,3480,True,False,False
Subject29|rest|Subject29_1.edf|8.000|12.000,Subject29,rest,0,Subject29_1.edf,8.0,12.0,182.0,False,4.0,2.0,4s_windows_50pct_overlap,calibration,3481,True,False,False
Subject29|rest|Subject29_1.edf|10.000|14.000,Subject29,rest,0,Subject29_1.edf,10.0,14.0,182.0,False,4.0,2.0,4s_windows_50pct_overlap,calibration,3482,True,False,False
Subject29|rest|Subject29_1.edf|12.000|16.000,Subject29,rest,0,Subject29_1.edf,12.0,16.0,182.0,False,4.0,2.0,4s_windows_50pct_overlap,calibration,3483,True,False,False
Subject29|rest|Subject29_1.edf|14.000|18.000,Subject29,rest,0,Subject29_1.edf,14.0,18.0,182.0,False,4.0,2.0,4s_windows_50pct_overlap,calibration,3484,True,False,False
Subject29|rest|Subject29_1.edf|16.000|20.000,Subject29,rest,0,Subject29_1.edf,16.0,20.0,182.0,False,4.0,2.0,4s_windows_50pct_overlap,calibration,3485,True,False,False
Subject29|rest|Subject29_1.edf|18.000|22.000,Subject29,rest,0,Subject29_1.edf,18.0,22.0,182.0,False,4.0,2.0,4s_windows_50pct_overlap,calibration,3486,True,False,False
Subject29|rest|Subject29_1.edf|20.000|24.000,Subject29,rest,0,Subject29_1.edf,20.0,24.0,182.0,False,4.0,2.0,4s_windows_50pct_overlap,calibration,3487,True,False,False
Subject29|rest|Subject29_1.edf|22.000|26.000,Subject29,rest,0,Subject29_1.edf,22.0,26.0,182.0,False,4.0,2.0,4s_windows_50pct_overlap,calibration,3488,True,False,False
Subject29|rest|Subject29_1.edf|24.000|28.000,Subject29,rest,0,Subject29_1.edf,24.0,28.0,182.0,False,4.0,2.0,4s_windows_50pct_overlap,calibration,3489,True,False,False
Subject29|rest|Subject29_1.edf|26.000|30.000,Subject29,rest,0,Subject29_1.edf,26.0,30.0,182.0,False,4.0,2.0,4s_windows_50pct_overlap,calibration,3490,True,False,False
Subject29|rest|Subject29_1.edf|28.000|32.000,Subject29,rest,0,Subject29_1.edf,28.0,32.0,182.0,False,4.0,2.0,4s_windows_50pct_overlap,calibration,3491,True,False,False
Subject29|rest|Subject29_1.edf|30.000|34.000,Subject29,rest,0,Subject29_1.edf,30.0,34.0,182.0,False,4.0,2.0,4s_windows_50pct_overlap,calibration,3492,True,False,False
Subject29|rest|Subject29_1.edf|32.000|36.000,Subject29,rest,0,Subject29_1.edf,32.0,36.0,182.0,False,4.0,2.0,4s_windows_50pct_overlap,calibration,3493,True,False,False
Subject29|rest|Subject29_1.edf|34.000|38.000,Subject29,rest,0,Subject29_1.edf,34.0,38.0,182.0,False,4.0,2.0,4s_windows_50pct_overlap,calibration,3494,True,False,False
Subject29|rest|Subject29_1.edf|36.000|40.000,Subject29,rest,0,Subject29_1.edf,36.0,40.0,182.0,False,4.0,2.0,4s_windows_50pct_overlap,calibration,3495,True,False,False
Subject29|rest|Subject29_1.edf|38.000|42.000,Subject29,rest,0,Subject29_1.edf,38.0,42.0,182.0,False,4.0,2.0,4s_windows_50pct_overlap,calibration,3496,True,False,False
Subject29|rest|Subject29_1.edf|40.000|44.000,Subject29,rest,0,Subject29_1.edf,40.0,44.0,182.0,False,4.0,2.0,4s_windows_50pct_overlap,calibration,3497,True,False,False
Subject29|rest|Subject29_1.edf|42.000|46.000,Subject29,rest,0,Subject29_1.edf,42.0,46.0,182.0,False,4.0,2.0,4s_windows_50pct_overlap,calibration,3498,True,False,False
Subject29|rest|Subject29_1.edf|44.000|48.000,Subject29,rest,0,Subject29_1.edf,44.0,48.0,182.0,False,4.0,2.0,4s_windows_50pct_overlap,calibration,3499,True,False,False
Subject29|rest|Subject29_1.edf|46.000|50.000,Subject29,rest,0,Subject29_1.edf,46.0,50.0,182.0,False,4.0,2.0,4s_windows_50pct_overlap,calibration,3500,True,False,False
Subject29|rest|Subject29_1.edf|48.000|52.000,Subject29,rest,0,Subject29_1.edf,48.0,52.0,182.0,False,4.0,2.0,4s_windows_50pct_overlap,calibration,3501,True,False,False
Subject29|rest|Subject29_1.edf|50.000|54.000,Subject29,rest,0,Subject29_1.edf,50.0,54.0,182.0,False,4.0,2.0,4s_windows_50pct_overlap,calibration,3502,True,False,False
Subject29|rest|Subject29_1.edf|52.000|56.000,Subject29,rest,0,Subject29_1.edf,52.0,56.0,182.0,False,4.0,2.0,4s_windows_50pct_overlap,calibration,3503,True,False,False
Subject29|rest|Subject29_1.edf|54.000|58.000,Subject29,rest,0,Subject29_1.edf,54.0,58.0,182.0,False,4.0,2.0,4s_windows_50pct_overlap,calibration,3504,True,False,False
Subject29|rest|Subject29_1.edf|56.000|60.000,Subject29,rest,0,Subject29_1.edf,56.0,60.0,182.0,False,4.0,2.0,4s_windows_50pct_overlap,calibration,3505,True,False,False
Subject29|rest|Subject29_1.edf|58.000|62.000,Subject29,rest,0,Subject29_1.edf,58.0,62.0,182.0,False,4.0,2.0,4s_windows_50pct_overlap,calibration,3506,True,False,False
Subject29|rest|Subject29_1.edf|60.000|64.000,Subject29,rest,0,Subject29_1.edf,60.0,64.0,182.0,False,4.0,2.0,4s_windows_50pct_overlap,scored_rest,3507,False,True,False
Subject29|rest|Subject29_1.edf|62.000|66.000,Subject29,rest,0,Subject29_1.edf,62.0,66.0,182.0,False,4.0,2.0,4s_windows_50pct_overlap,scored_rest,3508,False,True,False
Subject29|rest|Subject29_1.edf|64.000|68.000,Subject29,rest,0,Subject29_1.edf,64.0,68.0,182.0,False,4.0,2.0,4s_windows_50pct_overlap,scored_rest,3509,False,True,False
Subject29|rest|Subject29_1.edf|66.000|70.000,Subject29,rest,0,Subject29_1.edf,66.0,70.0,182.0,False,4.0,2.0,4s_windows_50pct_overlap,scored_rest,3510,False,True,False
Subject29|rest|Subject29_1.edf|68.000|72.000,Subject29,rest,0,Subject29_1.edf,68.0,72.0,182.0,False,4.0,2.0,4s_windows_50pct_overlap,scored_rest,3511,False,True,False
Subject29|rest|Subject29_1.edf|70.000|74.000,Subject29,rest,0,Subject29_1.edf,70.0,74.0,182.0,False,4.0,2.0,4s_windows_50pct_overlap,scored_rest,3512,False,True,False
Subject29|rest|Subject29_1.edf|72.000|76.000,Subject29,rest,0,Subject29_1.edf,72.0,76.0,182.0,False,4.0,2.0,4s_windows_50pct_overlap,scored_rest,3513,False,True,False
Subject29|rest|Subject29_1.edf|74.000|78.000,Subject29,rest,0,Subject29_1.edf,74.0,78.0,182.0,False,4.0,2.0,4s_windows_50pct_overlap,scored_rest,3514,False,True,False
Subject29|rest|Subject29_1.edf|76.000|80.000,Subject29,rest,0,Subject29_1.edf,76.0,80.0,182.0,False,4.0,2.0,4s_windows_50pct_overlap,scored_rest,3515,False,True,False
Subject29|rest|Subject29_1.edf|78.000|82.000,Subject29,rest,0,Subject29_1.edf,78.0,82.0,182.0,False,4.0,2.0,4s_windows_50pct_overlap,scored_rest,3516,False,True,False
Subject29|rest|Subject29_1.edf|80.000|84.000,Subject29,rest,0,Subject29_1.edf,80.0,84.0,182.0,False,4.0,2.0,4s_windows_50pct_overlap,scored_rest,3517,False,True,False
Subject29|rest|Subject29_1.edf|82.000|86.000,Subject29,rest,0,Subject29_1.edf,82.0,86.0,182.0,False,4.0,2.0,4s_windows_50pct_overlap,scored_rest,3518,False,True,False
Subject29|rest|Subject29_1.edf|84.000|88.000,Subject29,rest,0,Subject29_1.edf,84.0,88.0,182.0,False,4.0,2.0,4s_windows_50pct_overlap,scored_rest,3519,False,True,False
Subject29|rest|Subject29_1.edf|86.000|90.000,Subject29,rest,0,Subject29_1.edf,86.0,90.0,182.0,False,4.0,2.0,4s_windows_50pct_overlap,scored_rest,3520,False,True,False
Subject29|rest|Subject29_1.edf|88.000|92.000,Subject29,rest,0,Subject29_1.edf,88.0,92.0,182.0,False,4.0,2.0,4s_windows_50pct_overlap,scored_rest,3521,False,True,False
Subject29|rest|Subject29_1.edf|90.000|94.000,Subject29,rest,0,Subject29_1.edf,90.0,94.0,182.0,False,4.0,2.0,4s_windows_50pct_overlap,scored_rest,3522,False,True,False
Subject29|rest|Subject29_1.edf|92.000|96.000,Subject29,rest,0,Subject29_1.edf,92.0,96.0,182.0,False,4.0,2.0,4s_windows_50pct_overlap,scored_rest,3523,False,True,False
Subject29|rest|Subject29_1.edf|94.000|98.000,Subject29,rest,0,Subject29_1.edf,94.0,98.0,182.0,False,4.0,2.0,4s_windows_50pct_overlap,scored_rest,3524,False,True,False
Subject29|rest|Subject29_1.edf|96.000|100.000,Subject29,rest,0,Subject29_1.edf,96.0,100.0,182.0,False,4.0,2.0,4s_windows_50pct_overlap,scored_rest,3525,False,True,False
Subject29|rest|Subject29_1.edf|98.000|102.000,Subject29,rest,0,Subject29_1.edf,98.0,102.0,182.0,False,4.0,2.0,4s_windows_50pct_overlap,scored_rest,3526,False,True,False
Subject29|rest|Subject29_1.edf|100.000|104.000,Subject29,rest,0,Subject29_1.edf,100.0,104.0,182.0,False,4.0,2.0,4s_windows_50pct_overlap,scored_rest,3527,False,True,False
Subject29|rest|Subject29_1.edf|102.000|106.000,Subject29,rest,0,Subject29_1.edf,102.0,106.0,182.0,False,4.0,2.0,4s_windows_50pct_overlap,scored_rest,3528,False,True,False
Subject29|rest|Subject29_1.edf|104.000|108.000,Subject29,rest,0,Subject29_1.edf,104.0,108.0,182.0,False,4.0,2.0,4s_windows_50pct_overlap,scored_rest,3529,False,True,False
Subject29|rest|Subject29_1.edf|106.000|110.000,Subject29,rest,0,Subject29_1.edf,106.0,110.0,182.0,False,4.0,2.0,4s_windows_50pct_overlap,scored_rest,3530,False,True,False
Subject29|rest|Subject29_1.edf|108.000|112.000,Subject29,rest,0,Subject29_1.edf,108.0,112.0,182.0,False,4.0,2.0,4s_windows_50pct_overlap,scored_rest,3531,False,True,False
Subject29|rest|Subject29_1.edf|110.000|114.000,Subject29,rest,0,Subject29_1.edf,110.0,114.0,182.0,False,4.0,2.0,4s_windows_50pct_overlap,scored_rest,3532,False,True,False
Subject29|rest|Subject29_1.edf|112.000|116.000,Subject29,rest,0,Subject29_1.edf,112.0,116.0,182.0,False,4.0,2.0,4s_windows_50pct_overlap,scored_rest,3533,False,True,False
Subject29|rest|Subject29_1.edf|114.000|118.000,Subject29,rest,0,Subject29_1.edf,114.0,118.0,182.0,False,4.0,2.0,4s_windows_50pct_overlap,scored_rest,3534,False,True,False
Subject29|rest|Subject29_1.edf|116.000|120.000,Subject29,rest,0,Subject29_1.edf,116.0,120.0,182.0,False,4.0,2.0,4s_windows_50pct_overlap,scored_rest,3535,False,True,False
Subject29|rest|Subject29_1.edf|118.000|122.000,Subject29,rest,0,Subject29_1.edf,118.0,122.0,182.0,False,4.0,2.0,4s_windows_50pct_overlap,scored_rest,3536,False,True,False
Subject29|rest|Subject29_1.edf|120.000|124.000,Subject29,rest,0,Subject29_1.edf,120.0,124.0,182.0,False,4.0,2.0,4s_windows_50pct_overlap,scored_rest,3537,False,True,False
Subject29|rest|Subject29_1.edf|122.000|126.000,Subject29,rest,0,Subject29_1.edf,122.0,126.0,182.0,False,4.0,2.0,4s_windows_50pct_overlap,scored_rest,3538,False,True,False
Subject29|rest|Subject29_1.edf|124.000|128.000,Subject29,rest,0,Subject29_1.edf,124.0,128.0,182.0,False,4.0,2.0,4s_windows_50pct_overlap,scored_rest,3539,False,True,False
Subject29|rest|Subject29_1.edf|126.000|130.000,Subject29,rest,0,Subject29_1.edf,126.0,130.0,182.0,False,4.0,2.0,4s_windows_50pct_overlap,scored_rest,3540,False,True,False
Subject29|rest|Subject29_1.edf|128.000|132.000,Subject29,rest,0,Subject29_1.edf,128.0,132.0,182.0,False,4.0,2.0,4s_windows_50pct_overlap,scored_rest,3541,False,True,False
Subject29|rest|Subject29_1.edf|130.000|134.000,Subject29,rest,0,Subject29_1.edf,130.0,134.0,182.0,False,4.0,2.0,4s_windows_50pct_overlap,scored_rest,3542,False,True,False
Subject29|rest|Subject29_1.edf|132.000|136.000,Subject29,rest,0,Subject29_1.edf,132.0,136.0,182.0,False,4.0,2.0,4s_windows_50pct_overlap,scored_rest,3543,False,True,False
Subject29|rest|Subject29_1.edf|134.000|138.000,Subject29,rest,0,Subject29_1.edf,134.0,138.0,182.0,False,4.0,2.0,4s_windows_50pct_overlap,scored_rest,3544,False,True,False
Subject29|rest|Subject29_1.edf|136.000|140.000,Subject29,rest,0,Subject29_1.edf,136.0,140.0,182.0,False,4.0,2.0,4s_windows_50pct_overlap,scored_rest,3545,False,True,False
Subject29|rest|Subject29_1.edf|138.000|142.000,Subject29,rest,0,Subject29_1.edf,138.0,142.0,182.0,False,4.0,2.0,4s_windows_50pct_overlap,scored_rest,3546,False,True,False
Subject29|rest|Subject29_1.edf|140.000|144.000,Subject29,rest,0,Subject29_1.edf,140.0,144.0,182.0,False,4.0,2.0,4s_windows_50pct_overlap,scored_rest,3547,False,True,False
Subject29|rest|Subject29_1.edf|142.000|146.000,Subject29,rest,0,Subject29_1.edf,142.0,146.0,182.0,False,4.0,2.0,4s_windows_50pct_overlap,scored_rest,3548,False,True,False
Subject29|rest|Subject29_1.edf|144.000|148.000,Subject29,rest,0,Subject29_1.edf,144.0,148.0,182.0,False,4.0,2.0,4s_windows_50pct_overlap,scored_rest,3549,False,True,False
Subject29|rest|Subject29_1.edf|146.000|150.000,Subject29,rest,0,Subject29_1.edf,146.0,150.0,182.0,False,4.0,2.0,4s_windows_50pct_overlap,scored_rest,3550,False,True,False
Subject29|rest|Subject29_1.edf|148.000|152.000,Subject29,rest,0,Subject29_1.edf,148.0,152.0,182.0,False,4.0,2.0,4s_windows_50pct_overlap,scored_rest,3551,False,True,False
Subject29|rest|Subject29_1.edf|150.000|154.000,Subject29,rest,0,Subject29_1.edf,150.0,154.0,182.0,False,4.0,2.0,4s_windows_50pct_overlap,scored_rest,3552,False,True,False
Subject29|rest|Subject29_1.edf|152.000|156.000,Subject29,rest,0,Subject29_1.edf,152.0,156.0,182.0,False,4.0,2.0,4s_windows_50pct_overlap,scored_rest,3553,False,True,False
Subject29|rest|Subject29_1.edf|154.000|158.000,Subject29,rest,0,Subject29_1.edf,154.0,158.0,182.0,False,4.0,2.0,4s_windows_50pct_overlap,scored_rest,3554,False,True,False
Subject29|rest|Subject29_1.edf|156.000|160.000,Subject29,rest,0,Subject29_1.edf,156.0,160.0,182.0,False,4.0,2.0,4s_windows_50pct_overlap,scored_rest,3555,False,True,False
Subject29|rest|Subject29_1.edf|158.000|162.000,Subject29,rest,0,Subject29_1.edf,158.0,162.0,182.0,False,4.0,2.0,4s_windows_50pct_overlap,scored_rest,3556,False,True,False
Subject29|rest|Subject29_1.edf|160.000|164.000,Subject29,rest,0,Subject29_1.edf,160.0,164.0,182.0,False,4.0,2.0,4s_windows_50pct_overlap,scored_rest,3557,False,True,False
Subject29|rest|Subject29_1.edf|162.000|166.000,Subject29,rest,0,Subject29_1.edf,162.0,166.0,182.0,False,4.0,2.0,4s_windows_50pct_overlap,scored_rest,3558,False,True,False
Subject29|rest|Subject29_1.edf|164.000|168.000,Subject29,rest,0,Subject29_1.edf,164.0,168.0,182.0,False,4.0,2.0,4s_windows_50pct_overlap,scored_rest,3559,False,True,False
Subject29|rest|Subject29_1.edf|166.000|170.000,Subject29,rest,0,Subject29_1.edf,166.0,170.0,182.0,False,4.0,2.0,4s_windows_50pct_overlap,scored_rest,3560,False,True,False
Subject29|rest|Subject29_1.edf|168.000|172.000,Subject29,rest,0,Subject29_1.edf,168.0,172.0,182.0,False,4.0,2.0,4s_windows_50pct_overlap,scored_rest,3561,False,True,False
Subject29|rest|Subject29_1.edf|170.000|174.000,Subject29,rest,0,Subject29_1.edf,170.0,174.0,182.0,False,4.0,2.0,4s_windows_50pct_overlap,scored_rest,3562,False,True,False
Subject29|rest|Subject29_1.edf|172.000|176.000,Subject29,rest,0,Subject29_1.edf,172.0,176.0,182.0,False,4.0,2.0,4s_windows_50pct_overlap,scored_rest,3563,False,True,False
Subject29|rest|Subject29_1.edf|174.000|178.000,Subject29,rest,0,Subject29_1.edf,174.0,178.0,182.0,False,4.0,2.0,4s_windows_50pct_overlap,scored_rest,3564,False,True,False
Subject29|rest|Subject29_1.edf|176.000|180.000,Subject29,rest,0,Subject29_1.edf,176.0,180.0,182.0,False,4.0,2.0,4s_windows_50pct_overlap,scored_rest,3565,False,True,False
Subject29|rest|Subject29_1.edf|178.000|182.000,Subject29,rest,0,Subject29_1.edf,178.0,182.0,182.0,False,4.0,2.0,4s_windows_50pct_overlap,scored_rest,3566,False,True,False
Subject29|arithmetic|Subject29_2.edf|0.000|4.000,Subject29,arithmetic,1,Subject29_2.edf,0.0,4.0,62.0,False,4.0,2.0,4s_windows_50pct_overlap,scored_task,3567,False,True,False
Subject29|arithmetic|Subject29_2.edf|2.000|6.000,Subject29,arithmetic,1,Subject29_2.edf,2.0,6.0,62.0,False,4.0,2.0,4s_windows_50pct_overlap,scored_task,3568,False,True,False
Subject29|arithmetic|Subject29_2.edf|4.000|8.000,Subject29,arithmetic,1,Subject29_2.edf,4.0,8.0,62.0,False,4.0,2.0,4s_windows_50pct_overlap,scored_task,3569,False,True,False
Subject29|arithmetic|Subject29_2.edf|6.000|10.000,Subject29,arithmetic,1,Subject29_2.edf,6.0,10.0,62.0,False,4.0,2.0,4s_windows_50pct_overlap,scored_task,3570,False,True,False
Subject29|arithmetic|Subject29_2.edf|8.000|12.000,Subject29,arithmetic,1,Subject29_2.edf,8.0,12.0,62.0,False,4.0,2.0,4s_windows_50pct_overlap,scored_task,3571,False,True,False
Subject29|arithmetic|Subject29_2.edf|10.000|14.000,Subject29,arithmetic,1,Subject29_2.edf,10.0,14.0,62.0,False,4.0,2.0,4s_windows_50pct_overlap,scored_task,3572,False,True,False
Subject29|arithmetic|Subject29_2.edf|12.000|16.000,Subject29,arithmetic,1,Subject29_2.edf,12.0,16.0,62.0,False,4.0,2.0,4s_windows_50pct_overlap,scored_task,3573,False,True,False
Subject29|arithmetic|Subject29_2.edf|14.000|18.000,Subject29,arithmetic,1,Subject29_2.edf,14.0,18.0,62.0,False,4.0,2.0,4s_windows_50pct_overlap,scored_task,3574,False,True,False
Subject29|arithmetic|Subject29_2.edf|16.000|20.000,Subject29,arithmetic,1,Subject29_2.edf,16.0,20.0,62.0,False,4.0,2.0,4s_windows_50pct_overlap,scored_task,3575,False,True,False
Subject29|arithmetic|Subject29_2.edf|18.000|22.000,Subject29,arithmetic,1,Subject29_2.edf,18.0,22.0,62.0,False,4.0,2.0,4s_windows_50pct_overlap,scored_task,3576,False,True,False
Subject29|arithmetic|Subject29_2.edf|20.000|24.000,Subject29,arithmetic,1,Subject29_2.edf,20.0,24.0,62.0,False,4.0,2.0,4s_windows_50pct_overlap,scored_task,3577,False,True,False
Subject29|arithmetic|Subject29_2.edf|22.000|26.000,Subject29,arithmetic,1,Subject29_2.edf,22.0,26.0,62.0,False,4.0,2.0,4s_windows_50pct_overlap,scored_task,3578,False,True,False
Subject29|arithmetic|Subject29_2.edf|24.000|28.000,Subject29,arithmetic,1,Subject29_2.edf,24.0,28.0,62.0,False,4.0,2.0,4s_windows_50pct_overlap,scored_task,3579,False,True,False
Subject29|arithmetic|Subject29_2.edf|26.000|30.000,Subject29,arithmetic,1,Subject29_2.edf,26.0,30.0,62.0,False,4.0,2.0,4s_windows_50pct_overlap,scored_task,3580,False,True,False
Subject29|arithmetic|Subject29_2.edf|28.000|32.000,Subject29,arithmetic,1,Subject29_2.edf,28.0,32.0,62.0,False,4.0,2.0,4s_windows_50pct_overlap,scored_task,3581,False,True,False
Subject29|arithmetic|Subject29_2.edf|30.000|34.000,Subject29,arithmetic,1,Subject29_2.edf,30.0,34.0,62.0,False,4.0,2.0,4s_windows_50pct_overlap,scored_task,3582,False,True,False
Subject29|arithmetic|Subject29_2.edf|32.000|36.000,Subject29,arithmetic,1,Subject29_2.edf,32.0,36.0,62.0,False,4.0,2.0,4s_windows_50pct_overlap,scored_task,3583,False,True,False
Subject29|arithmetic|Subject29_2.edf|34.000|38.000,Subject29,arithmetic,1,Subject29_2.edf,34.0,38.0,62.0,False,4.0,2.0,4s_windows_50pct_overlap,scored_task,3584,False,True,False
Subject29|arithmetic|Subject29_2.edf|36.000|40.000,Subject29,arithmetic,1,Subject29_2.edf,36.0,40.0,62.0,False,4.0,2.0,4s_windows_50pct_overlap,scored_task,3585,False,True,False
Subject29|arithmetic|Subject29_2.edf|38.000|42.000,Subject29,arithmetic,1,Subject29_2.edf,38.0,42.0,62.0,False,4.0,2.0,4s_windows_50pct_overlap,scored_task,3586,False,True,False
Subject29|arithmetic|Subject29_2.edf|40.000|44.000,Subject29,arithmetic,1,Subject29_2.edf,40.0,44.0,62.0,False,4.0,2.0,4s_windows_50pct_overlap,scored_task,3587,False,True,False
Subject29|arithmetic|Subject29_2.edf|42.000|46.000,Subject29,arithmetic,1,Subject29_2.edf,42.0,46.0,62.0,False,4.0,2.0,4s_windows_50pct_overlap,scored_task,3588,False,True,False
Subject29|arithmetic|Subject29_2.edf|44.000|48.000,Subject29,arithmetic,1,Subject29_2.edf,44.0,48.0,62.0,False,4.0,2.0,4s_windows_50pct_overlap,scored_task,3589,False,True,False
Subject29|arithmetic|Subject29_2.edf|46.000|50.000,Subject29,arithmetic,1,Subject29_2.edf,46.0,50.0,62.0,False,4.0,2.0,4s_windows_50pct_overlap,scored_task,3590,False,True,False
Subject29|arithmetic|Subject29_2.edf|48.000|52.000,Subject29,arithmetic,1,Subject29_2.edf,48.0,52.0,62.0,False,4.0,2.0,4s_windows_50pct_overlap,scored_task,3591,False,True,False
Subject29|arithmetic|Subject29_2.edf|50.000|54.000,Subject29,arithmetic,1,Subject29_2.edf,50.0,54.0,62.0,False,4.0,2.0,4s_windows_50pct_overlap,scored_task,3592,False,True,False
Subject29|arithmetic|Subject29_2.edf|52.000|56.000,Subject29,arithmetic,1,Subject29_2.edf,52.0,56.0,62.0,False,4.0,2.0,4s_windows_50pct_overlap,scored_task,3593,False,True,False
Subject29|arithmetic|Subject29_2.edf|54.000|58.000,Subject29,arithmetic,1,Subject29_2.edf,54.0,58.0,62.0,False,4.0,2.0,4s_windows_50pct_overlap,scored_task,3594,False,True,False
Subject29|arithmetic|Subject29_2.edf|56.000|60.000,Subject29,arithmetic,1,Subject29_2.edf,56.0,60.0,62.0,False,4.0,2.0,4s_windows_50pct_overlap,scored_task,3595,False,True,False
Subject29|arithmetic|Subject29_2.edf|58.000|62.000,Subject29,arithmetic,1,Subject29_2.edf,58.0,62.0,62.0,False,4.0,2.0,4s_windows_50pct_overlap,scored_task,3596,False,True,False
Subject30|rest|Subject30_1.edf|0.000|4.000,Subject30,rest,0,Subject30_1.edf,0.0,4.0,182.0,False,4.0,2.0,4s_windows_50pct_overlap,calibration,3597,True,False,False
Subject30|rest|Subject30_1.edf|2.000|6.000,Subject30,rest,0,Subject30_1.edf,2.0,6.0,182.0,False,4.0,2.0,4s_windows_50pct_overlap,calibration,3598,True,False,False
Subject30|rest|Subject30_1.edf|4.000|8.000,Subject30,rest,0,Subject30_1.edf,4.0,8.0,182.0,False,4.0,2.0,4s_windows_50pct_overlap,calibration,3599,True,False,False
Subject30|rest|Subject30_1.edf|6.000|10.000,Subject30,rest,0,Subject30_1.edf,6.0,10.0,182.0,False,4.0,2.0,4s_windows_50pct_overlap,calibration,3600,True,False,False
Subject30|rest|Subject30_1.edf|8.000|12.000,Subject30,rest,0,Subject30_1.edf,8.0,12.0,182.0,False,4.0,2.0,4s_windows_50pct_overlap,calibration,3601,True,False,False
Subject30|rest|Subject30_1.edf|10.000|14.000,Subject30,rest,0,Subject30_1.edf,10.0,14.0,182.0,False,4.0,2.0,4s_windows_50pct_overlap,calibration,3602,True,False,False
Subject30|rest|Subject30_1.edf|12.000|16.000,Subject30,rest,0,Subject30_1.edf,12.0,16.0,182.0,False,4.0,2.0,4s_windows_50pct_overlap,calibration,3603,True,False,False
Subject30|rest|Subject30_1.edf|14.000|18.000,Subject30,rest,0,Subject30_1.edf,14.0,18.0,182.0,False,4.0,2.0,4s_windows_50pct_overlap,calibration,3604,True,False,False
Subject30|rest|Subject30_1.edf|16.000|20.000,Subject30,rest,0,Subject30_1.edf,16.0,20.0,182.0,False,4.0,2.0,4s_windows_50pct_overlap,calibration,3605,True,False,False
Subject30|rest|Subject30_1.edf|18.000|22.000,Subject30,rest,0,Subject30_1.edf,18.0,22.0,182.0,False,4.0,2.0,4s_windows_50pct_overlap,calibration,3606,True,False,False
Subject30|rest|Subject30_1.edf|20.000|24.000,Subject30,rest,0,Subject30_1.edf,20.0,24.0,182.0,False,4.0,2.0,4s_windows_50pct_overlap,calibration,3607,True,False,False
Subject30|rest|Subject30_1.edf|22.000|26.000,Subject30,rest,0,Subject30_1.edf,22.0,26.0,182.0,False,4.0,2.0,4s_windows_50pct_overlap,calibration,3608,True,False,False
Subject30|rest|Subject30_1.edf|24.000|28.000,Subject30,rest,0,Subject30_1.edf,24.0,28.0,182.0,False,4.0,2.0,4s_windows_50pct_overlap,calibration,3609,True,False,False
Subject30|rest|Subject30_1.edf|26.000|30.000,Subject30,rest,0,Subject30_1.edf,26.0,30.0,182.0,False,4.0,2.0,4s_windows_50pct_overlap,calibration,3610,True,False,False
Subject30|rest|Subject30_1.edf|28.000|32.000,Subject30,rest,0,Subject30_1.edf,28.0,32.0,182.0,False,4.0,2.0,4s_windows_50pct_overlap,calibration,3611,True,False,False
Subject30|rest|Subject30_1.edf|30.000|34.000,Subject30,rest,0,Subject30_1.edf,30.0,34.0,182.0,False,4.0,2.0,4s_windows_50pct_overlap,calibration,3612,True,False,False
Subject30|rest|Subject30_1.edf|32.000|36.000,Subject30,rest,0,Subject30_1.edf,32.0,36.0,182.0,False,4.0,2.0,4s_windows_50pct_overlap,calibration,3613,True,False,False
Subject30|rest|Subject30_1.edf|34.000|38.000,Subject30,rest,0,Subject30_1.edf,34.0,38.0,182.0,False,4.0,2.0,4s_windows_50pct_overlap,calibration,3614,True,False,False
Subject30|rest|Subject30_1.edf|36.000|40.000,Subject30,rest,0,Subject30_1.edf,36.0,40.0,182.0,False,4.0,2.0,4s_windows_50pct_overlap,calibration,3615,True,False,False
Subject30|rest|Subject30_1.edf|38.000|42.000,Subject30,rest,0,Subject30_1.edf,38.0,42.0,182.0,False,4.0,2.0,4s_windows_50pct_overlap,calibration,3616,True,False,False
Subject30|rest|Subject30_1.edf|40.000|44.000,Subject30,rest,0,Subject30_1.edf,40.0,44.0,182.0,False,4.0,2.0,4s_windows_50pct_overlap,calibration,3617,True,False,False
Subject30|rest|Subject30_1.edf|42.000|46.000,Subject30,rest,0,Subject30_1.edf,42.0,46.0,182.0,False,4.0,2.0,4s_windows_50pct_overlap,calibration,3618,True,False,False
Subject30|rest|Subject30_1.edf|44.000|48.000,Subject30,rest,0,Subject30_1.edf,44.0,48.0,182.0,False,4.0,2.0,4s_windows_50pct_overlap,calibration,3619,True,False,False
Subject30|rest|Subject30_1.edf|46.000|50.000,Subject30,rest,0,Subject30_1.edf,46.0,50.0,182.0,False,4.0,2.0,4s_windows_50pct_overlap,calibration,3620,True,False,False
Subject30|rest|Subject30_1.edf|48.000|52.000,Subject30,rest,0,Subject30_1.edf,48.0,52.0,182.0,False,4.0,2.0,4s_windows_50pct_overlap,calibration,3621,True,False,False
Subject30|rest|Subject30_1.edf|50.000|54.000,Subject30,rest,0,Subject30_1.edf,50.0,54.0,182.0,False,4.0,2.0,4s_windows_50pct_overlap,calibration,3622,True,False,False
Subject30|rest|Subject30_1.edf|52.000|56.000,Subject30,rest,0,Subject30_1.edf,52.0,56.0,182.0,False,4.0,2.0,4s_windows_50pct_overlap,calibration,3623,True,False,False
Subject30|rest|Subject30_1.edf|54.000|58.000,Subject30,rest,0,Subject30_1.edf,54.0,58.0,182.0,False,4.0,2.0,4s_windows_50pct_overlap,calibration,3624,True,False,False
Subject30|rest|Subject30_1.edf|56.000|60.000,Subject30,rest,0,Subject30_1.edf,56.0,60.0,182.0,False,4.0,2.0,4s_windows_50pct_overlap,calibration,3625,True,False,False
Subject30|rest|Subject30_1.edf|58.000|62.000,Subject30,rest,0,Subject30_1.edf,58.0,62.0,182.0,False,4.0,2.0,4s_windows_50pct_overlap,calibration,3626,True,False,False
Subject30|rest|Subject30_1.edf|60.000|64.000,Subject30,rest,0,Subject30_1.edf,60.0,64.0,182.0,False,4.0,2.0,4s_windows_50pct_overlap,scored_rest,3627,False,True,False
Subject30|rest|Subject30_1.edf|62.000|66.000,Subject30,rest,0,Subject30_1.edf,62.0,66.0,182.0,False,4.0,2.0,4s_windows_50pct_overlap,scored_rest,3628,False,True,False
Subject30|rest|Subject30_1.edf|64.000|68.000,Subject30,rest,0,Subject30_1.edf,64.0,68.0,182.0,False,4.0,2.0,4s_windows_50pct_overlap,scored_rest,3629,False,True,False
Subject30|rest|Subject30_1.edf|66.000|70.000,Subject30,rest,0,Subject30_1.edf,66.0,70.0,182.0,False,4.0,2.0,4s_windows_50pct_overlap,scored_rest,3630,False,True,False
Subject30|rest|Subject30_1.edf|68.000|72.000,Subject30,rest,0,Subject30_1.edf,68.0,72.0,182.0,False,4.0,2.0,4s_windows_50pct_overlap,scored_rest,3631,False,True,False
Subject30|rest|Subject30_1.edf|70.000|74.000,Subject30,rest,0,Subject30_1.edf,70.0,74.0,182.0,False,4.0,2.0,4s_windows_50pct_overlap,scored_rest,3632,False,True,False
Subject30|rest|Subject30_1.edf|72.000|76.000,Subject30,rest,0,Subject30_1.edf,72.0,76.0,182.0,False,4.0,2.0,4s_windows_50pct_overlap,scored_rest,3633,False,True,False
Subject30|rest|Subject30_1.edf|74.000|78.000,Subject30,rest,0,Subject30_1.edf,74.0,78.0,182.0,False,4.0,2.0,4s_windows_50pct_overlap,scored_rest,3634,False,True,False
Subject30|rest|Subject30_1.edf|76.000|80.000,Subject30,rest,0,Subject30_1.edf,76.0,80.0,182.0,False,4.0,2.0,4s_windows_50pct_overlap,scored_rest,3635,False,True,False
Subject30|rest|Subject30_1.edf|78.000|82.000,Subject30,rest,0,Subject30_1.edf,78.0,82.0,182.0,False,4.0,2.0,4s_windows_50pct_overlap,scored_rest,3636,False,True,False
Subject30|rest|Subject30_1.edf|80.000|84.000,Subject30,rest,0,Subject30_1.edf,80.0,84.0,182.0,False,4.0,2.0,4s_windows_50pct_overlap,scored_rest,3637,False,True,False
Subject30|rest|Subject30_1.edf|82.000|86.000,Subject30,rest,0,Subject30_1.edf,82.0,86.0,182.0,False,4.0,2.0,4s_windows_50pct_overlap,scored_rest,3638,False,True,False
Subject30|rest|Subject30_1.edf|84.000|88.000,Subject30,rest,0,Subject30_1.edf,84.0,88.0,182.0,False,4.0,2.0,4s_windows_50pct_overlap,scored_rest,3639,False,True,False
Subject30|rest|Subject30_1.edf|86.000|90.000,Subject30,rest,0,Subject30_1.edf,86.0,90.0,182.0,False,4.0,2.0,4s_windows_50pct_overlap,scored_rest,3640,False,True,False
Subject30|rest|Subject30_1.edf|88.000|92.000,Subject30,rest,0,Subject30_1.edf,88.0,92.0,182.0,False,4.0,2.0,4s_windows_50pct_overlap,scored_rest,3641,False,True,False
Subject30|rest|Subject30_1.edf|90.000|94.000,Subject30,rest,0,Subject30_1.edf,90.0,94.0,182.0,False,4.0,2.0,4s_windows_50pct_overlap,scored_rest,3642,False,True,False
Subject30|rest|Subject30_1.edf|92.000|96.000,Subject30,rest,0,Subject30_1.edf,92.0,96.0,182.0,False,4.0,2.0,4s_windows_50pct_overlap,scored_rest,3643,False,True,False
Subject30|rest|Subject30_1.edf|94.000|98.000,Subject30,rest,0,Subject30_1.edf,94.0,98.0,182.0,False,4.0,2.0,4s_windows_50pct_overlap,scored_rest,3644,False,True,False
Subject30|rest|Subject30_1.edf|96.000|100.000,Subject30,rest,0,Subject30_1.edf,96.0,100.0,182.0,False,4.0,2.0,4s_windows_50pct_overlap,scored_rest,3645,False,True,False
Subject30|rest|Subject30_1.edf|98.000|102.000,Subject30,rest,0,Subject30_1.edf,98.0,102.0,182.0,False,4.0,2.0,4s_windows_50pct_overlap,scored_rest,3646,False,True,False
Subject30|rest|Subject30_1.edf|100.000|104.000,Subject30,rest,0,Subject30_1.edf,100.0,104.0,182.0,False,4.0,2.0,4s_windows_50pct_overlap,scored_rest,3647,False,True,False
Subject30|rest|Subject30_1.edf|102.000|106.000,Subject30,rest,0,Subject30_1.edf,102.0,106.0,182.0,False,4.0,2.0,4s_windows_50pct_overlap,scored_rest,3648,False,True,False
Subject30|rest|Subject30_1.edf|104.000|108.000,Subject30,rest,0,Subject30_1.edf,104.0,108.0,182.0,False,4.0,2.0,4s_windows_50pct_overlap,scored_rest,3649,False,True,False
Subject30|rest|Subject30_1.edf|106.000|110.000,Subject30,rest,0,Subject30_1.edf,106.0,110.0,182.0,False,4.0,2.0,4s_windows_50pct_overlap,scored_rest,3650,False,True,False
Subject30|rest|Subject30_1.edf|108.000|112.000,Subject30,rest,0,Subject30_1.edf,108.0,112.0,182.0,False,4.0,2.0,4s_windows_50pct_overlap,scored_rest,3651,False,True,False
Subject30|rest|Subject30_1.edf|110.000|114.000,Subject30,rest,0,Subject30_1.edf,110.0,114.0,182.0,False,4.0,2.0,4s_windows_50pct_overlap,scored_rest,3652,False,True,False
Subject30|rest|Subject30_1.edf|112.000|116.000,Subject30,rest,0,Subject30_1.edf,112.0,116.0,182.0,False,4.0,2.0,4s_windows_50pct_overlap,scored_rest,3653,False,True,False
Subject30|rest|Subject30_1.edf|114.000|118.000,Subject30,rest,0,Subject30_1.edf,114.0,118.0,182.0,False,4.0,2.0,4s_windows_50pct_overlap,scored_rest,3654,False,True,False
Subject30|rest|Subject30_1.edf|116.000|120.000,Subject30,rest,0,Subject30_1.edf,116.0,120.0,182.0,False,4.0,2.0,4s_windows_50pct_overlap,scored_rest,3655,False,True,False
Subject30|rest|Subject30_1.edf|118.000|122.000,Subject30,rest,0,Subject30_1.edf,118.0,122.0,182.0,False,4.0,2.0,4s_windows_50pct_overlap,scored_rest,3656,False,True,False
Subject30|rest|Subject30_1.edf|120.000|124.000,Subject30,rest,0,Subject30_1.edf,120.0,124.0,182.0,False,4.0,2.0,4s_windows_50pct_overlap,scored_rest,3657,False,True,False
Subject30|rest|Subject30_1.edf|122.000|126.000,Subject30,rest,0,Subject30_1.edf,122.0,126.0,182.0,False,4.0,2.0,4s_windows_50pct_overlap,scored_rest,3658,False,True,False
Subject30|rest|Subject30_1.edf|124.000|128.000,Subject30,rest,0,Subject30_1.edf,124.0,128.0,182.0,False,4.0,2.0,4s_windows_50pct_overlap,scored_rest,3659,False,True,False
Subject30|rest|Subject30_1.edf|126.000|130.000,Subject30,rest,0,Subject30_1.edf,126.0,130.0,182.0,False,4.0,2.0,4s_windows_50pct_overlap,scored_rest,3660,False,True,False
Subject30|rest|Subject30_1.edf|128.000|132.000,Subject30,rest,0,Subject30_1.edf,128.0,132.0,182.0,False,4.0,2.0,4s_windows_50pct_overlap,scored_rest,3661,False,True,False
Subject30|rest|Subject30_1.edf|130.000|134.000,Subject30,rest,0,Subject30_1.edf,130.0,134.0,182.0,False,4.0,2.0,4s_windows_50pct_overlap,scored_rest,3662,False,True,False
Subject30|rest|Subject30_1.edf|132.000|136.000,Subject30,rest,0,Subject30_1.edf,132.0,136.0,182.0,False,4.0,2.0,4s_windows_50pct_overlap,scored_rest,3663,False,True,False
Subject30|rest|Subject30_1.edf|134.000|138.000,Subject30,rest,0,Subject30_1.edf,134.0,138.0,182.0,False,4.0,2.0,4s_windows_50pct_overlap,scored_rest,3664,False,True,False
Subject30|rest|Subject30_1.edf|136.000|140.000,Subject30,rest,0,Subject30_1.edf,136.0,140.0,182.0,False,4.0,2.0,4s_windows_50pct_overlap,scored_rest,3665,False,True,False
Subject30|rest|Subject30_1.edf|138.000|142.000,Subject30,rest,0,Subject30_1.edf,138.0,142.0,182.0,False,4.0,2.0,4s_windows_50pct_overlap,scored_rest,3666,False,True,False
Subject30|rest|Subject30_1.edf|140.000|144.000,Subject30,rest,0,Subject30_1.edf,140.0,144.0,182.0,False,4.0,2.0,4s_windows_50pct_overlap,scored_rest,3667,False,True,False
Subject30|rest|Subject30_1.edf|142.000|146.000,Subject30,rest,0,Subject30_1.edf,142.0,146.0,182.0,False,4.0,2.0,4s_windows_50pct_overlap,scored_rest,3668,False,True,False
Subject30|rest|Subject30_1.edf|144.000|148.000,Subject30,rest,0,Subject30_1.edf,144.0,148.0,182.0,False,4.0,2.0,4s_windows_50pct_overlap,scored_rest,3669,False,True,False
Subject30|rest|Subject30_1.edf|146.000|150.000,Subject30,rest,0,Subject30_1.edf,146.0,150.0,182.0,False,4.0,2.0,4s_windows_50pct_overlap,scored_rest,3670,False,True,False
Subject30|rest|Subject30_1.edf|148.000|152.000,Subject30,rest,0,Subject30_1.edf,148.0,152.0,182.0,False,4.0,2.0,4s_windows_50pct_overlap,scored_rest,3671,False,True,False
Subject30|rest|Subject30_1.edf|150.000|154.000,Subject30,rest,0,Subject30_1.edf,150.0,154.0,182.0,False,4.0,2.0,4s_windows_50pct_overlap,scored_rest,3672,False,True,False
Subject30|rest|Subject30_1.edf|152.000|156.000,Subject30,rest,0,Subject30_1.edf,152.0,156.0,182.0,False,4.0,2.0,4s_windows_50pct_overlap,scored_rest,3673,False,True,False
Subject30|rest|Subject30_1.edf|154.000|158.000,Subject30,rest,0,Subject30_1.edf,154.0,158.0,182.0,False,4.0,2.0,4s_windows_50pct_overlap,scored_rest,3674,False,True,False
Subject30|rest|Subject30_1.edf|156.000|160.000,Subject30,rest,0,Subject30_1.edf,156.0,160.0,182.0,False,4.0,2.0,4s_windows_50pct_overlap,scored_rest,3675,False,True,False
Subject30|rest|Subject30_1.edf|158.000|162.000,Subject30,rest,0,Subject30_1.edf,158.0,162.0,182.0,False,4.0,2.0,4s_windows_50pct_overlap,scored_rest,3676,False,True,False
Subject30|rest|Subject30_1.edf|160.000|164.000,Subject30,rest,0,Subject30_1.edf,160.0,164.0,182.0,False,4.0,2.0,4s_windows_50pct_overlap,scored_rest,3677,False,True,False
Subject30|rest|Subject30_1.edf|162.000|166.000,Subject30,rest,0,Subject30_1.edf,162.0,166.0,182.0,False,4.0,2.0,4s_windows_50pct_overlap,scored_rest,3678,False,True,False
Subject30|rest|Subject30_1.edf|164.000|168.000,Subject30,rest,0,Subject30_1.edf,164.0,168.0,182.0,False,4.0,2.0,4s_windows_50pct_overlap,scored_rest,3679,False,True,False
Subject30|rest|Subject30_1.edf|166.000|170.000,Subject30,rest,0,Subject30_1.edf,166.0,170.0,182.0,False,4.0,2.0,4s_windows_50pct_overlap,scored_rest,3680,False,True,False
Subject30|rest|Subject30_1.edf|168.000|172.000,Subject30,rest,0,Subject30_1.edf,168.0,172.0,182.0,False,4.0,2.0,4s_windows_50pct_overlap,scored_rest,3681,False,True,False
Subject30|rest|Subject30_1.edf|170.000|174.000,Subject30,rest,0,Subject30_1.edf,170.0,174.0,182.0,False,4.0,2.0,4s_windows_50pct_overlap,scored_rest,3682,False,True,False
Subject30|rest|Subject30_1.edf|172.000|176.000,Subject30,rest,0,Subject30_1.edf,172.0,176.0,182.0,False,4.0,2.0,4s_windows_50pct_overlap,scored_rest,3683,False,True,False
Subject30|rest|Subject30_1.edf|174.000|178.000,Subject30,rest,0,Subject30_1.edf,174.0,178.0,182.0,False,4.0,2.0,4s_windows_50pct_overlap,scored_rest,3684,False,True,False
Subject30|rest|Subject30_1.edf|176.000|180.000,Subject30,rest,0,Subject30_1.edf,176.0,180.0,182.0,False,4.0,2.0,4s_windows_50pct_overlap,scored_rest,3685,False,True,False
Subject30|rest|Subject30_1.edf|178.000|182.000,Subject30,rest,0,Subject30_1.edf,178.0,182.0,182.0,False,4.0,2.0,4s_windows_50pct_overlap,scored_rest,3686,False,True,False
Subject30|arithmetic|Subject30_2.edf|0.000|4.000,Subject30,arithmetic,1,Subject30_2.edf,0.0,4.0,62.0,False,4.0,2.0,4s_windows_50pct_overlap,scored_task,3687,False,True,False
Subject30|arithmetic|Subject30_2.edf|2.000|6.000,Subject30,arithmetic,1,Subject30_2.edf,2.0,6.0,62.0,False,4.0,2.0,4s_windows_50pct_overlap,scored_task,3688,False,True,False
Subject30|arithmetic|Subject30_2.edf|4.000|8.000,Subject30,arithmetic,1,Subject30_2.edf,4.0,8.0,62.0,False,4.0,2.0,4s_windows_50pct_overlap,scored_task,3689,False,True,False
Subject30|arithmetic|Subject30_2.edf|6.000|10.000,Subject30,arithmetic,1,Subject30_2.edf,6.0,10.0,62.0,False,4.0,2.0,4s_windows_50pct_overlap,scored_task,3690,False,True,False
Subject30|arithmetic|Subject30_2.edf|8.000|12.000,Subject30,arithmetic,1,Subject30_2.edf,8.0,12.0,62.0,False,4.0,2.0,4s_windows_50pct_overlap,scored_task,3691,False,True,False
Subject30|arithmetic|Subject30_2.edf|10.000|14.000,Subject30,arithmetic,1,Subject30_2.edf,10.0,14.0,62.0,False,4.0,2.0,4s_windows_50pct_overlap,scored_task,3692,False,True,False
Subject30|arithmetic|Subject30_2.edf|12.000|16.000,Subject30,arithmetic,1,Subject30_2.edf,12.0,16.0,62.0,False,4.0,2.0,4s_windows_50pct_overlap,scored_task,3693,False,True,False
Subject30|arithmetic|Subject30_2.edf|14.000|18.000,Subject30,arithmetic,1,Subject30_2.edf,14.0,18.0,62.0,False,4.0,2.0,4s_windows_50pct_overlap,scored_task,3694,False,True,False
Subject30|arithmetic|Subject30_2.edf|16.000|20.000,Subject30,arithmetic,1,Subject30_2.edf,16.0,20.0,62.0,False,4.0,2.0,4s_windows_50pct_overlap,scored_task,3695,False,True,False
Subject30|arithmetic|Subject30_2.edf|18.000|22.000,Subject30,arithmetic,1,Subject30_2.edf,18.0,22.0,62.0,False,4.0,2.0,4s_windows_50pct_overlap,scored_task,3696,False,True,False
Subject30|arithmetic|Subject30_2.edf|20.000|24.000,Subject30,arithmetic,1,Subject30_2.edf,20.0,24.0,62.0,False,4.0,2.0,4s_windows_50pct_overlap,scored_task,3697,False,True,False
Subject30|arithmetic|Subject30_2.edf|22.000|26.000,Subject30,arithmetic,1,Subject30_2.edf,22.0,26.0,62.0,False,4.0,2.0,4s_windows_50pct_overlap,scored_task,3698,False,True,False
Subject30|arithmetic|Subject30_2.edf|24.000|28.000,Subject30,arithmetic,1,Subject30_2.edf,24.0,28.0,62.0,False,4.0,2.0,4s_windows_50pct_overlap,scored_task,3699,False,True,False
Subject30|arithmetic|Subject30_2.edf|26.000|30.000,Subject30,arithmetic,1,Subject30_2.edf,26.0,30.0,62.0,False,4.0,2.0,4s_windows_50pct_overlap,scored_task,3700,False,True,False
Subject30|arithmetic|Subject30_2.edf|28.000|32.000,Subject30,arithmetic,1,Subject30_2.edf,28.0,32.0,62.0,False,4.0,2.0,4s_windows_50pct_overlap,scored_task,3701,False,True,False
Subject30|arithmetic|Subject30_2.edf|30.000|34.000,Subject30,arithmetic,1,Subject30_2.edf,30.0,34.0,62.0,False,4.0,2.0,4s_windows_50pct_overlap,scored_task,3702,False,True,False
Subject30|arithmetic|Subject30_2.edf|32.000|36.000,Subject30,arithmetic,1,Subject30_2.edf,32.0,36.0,62.0,False,4.0,2.0,4s_windows_50pct_overlap,scored_task,3703,False,True,False
Subject30|arithmetic|Subject30_2.edf|34.000|38.000,Subject30,arithmetic,1,Subject30_2.edf,34.0,38.0,62.0,False,4.0,2.0,4s_windows_50pct_overlap,scored_task,3704,False,True,False
Subject30|arithmetic|Subject30_2.edf|36.000|40.000,Subject30,arithmetic,1,Subject30_2.edf,36.0,40.0,62.0,False,4.0,2.0,4s_windows_50pct_overlap,scored_task,3705,False,True,False
Subject30|arithmetic|Subject30_2.edf|38.000|42.000,Subject30,arithmetic,1,Subject30_2.edf,38.0,42.0,62.0,False,4.0,2.0,4s_windows_50pct_overlap,scored_task,3706,False,True,False
Subject30|arithmetic|Subject30_2.edf|40.000|44.000,Subject30,arithmetic,1,Subject30_2.edf,40.0,44.0,62.0,False,4.0,2.0,4s_windows_50pct_overlap,scored_task,3707,False,True,False
Subject30|arithmetic|Subject30_2.edf|42.000|46.000,Subject30,arithmetic,1,Subject30_2.edf,42.0,46.0,62.0,False,4.0,2.0,4s_windows_50pct_overlap,scored_task,3708,False,True,False
Subject30|arithmetic|Subject30_2.edf|44.000|48.000,Subject30,arithmetic,1,Subject30_2.edf,44.0,48.0,62.0,False,4.0,2.0,4s_windows_50pct_overlap,scored_task,3709,False,True,False
Subject30|arithmetic|Subject30_2.edf|46.000|50.000,Subject30,arithmetic,1,Subject30_2.edf,46.0,50.0,62.0,False,4.0,2.0,4s_windows_50pct_overlap,scored_task,3710,False,True,False
Subject30|arithmetic|Subject30_2.edf|48.000|52.000,Subject30,arithmetic,1,Subject30_2.edf,48.0,52.0,62.0,False,4.0,2.0,4s_windows_50pct_overlap,scored_task,3711,False,True,False
Subject30|arithmetic|Subject30_2.edf|50.000|54.000,Subject30,arithmetic,1,Subject30_2.edf,50.0,54.0,62.0,False,4.0,2.0,4s_windows_50pct_overlap,scored_task,3712,False,True,False
Subject30|arithmetic|Subject30_2.edf|52.000|56.000,Subject30,arithmetic,1,Subject30_2.edf,52.0,56.0,62.0,False,4.0,2.0,4s_windows_50pct_overlap,scored_task,3713,False,True,False
Subject30|arithmetic|Subject30_2.edf|54.000|58.000,Subject30,arithmetic,1,Subject30_2.edf,54.0,58.0,62.0,False,4.0,2.0,4s_windows_50pct_overlap,scored_task,3714,False,True,False
Subject30|arithmetic|Subject30_2.edf|56.000|60.000,Subject30,arithmetic,1,Subject30_2.edf,56.0,60.0,62.0,False,4.0,2.0,4s_windows_50pct_overlap,scored_task,3715,False,True,False
Subject30|arithmetic|Subject30_2.edf|58.000|62.000,Subject30,arithmetic,1,Subject30_2.edf,58.0,62.0,62.0,False,4.0,2.0,4s_windows_50pct_overlap,scored_task,3716,False,True,False
Subject31|rest|Subject31_1.edf|0.000|4.000,Subject31,rest,0,Subject31_1.edf,0.0,4.0,80.0,False,4.0,2.0,4s_windows_50pct_overlap,calibration,3717,True,False,False
Subject31|rest|Subject31_1.edf|2.000|6.000,Subject31,rest,0,Subject31_1.edf,2.0,6.0,80.0,False,4.0,2.0,4s_windows_50pct_overlap,calibration,3718,True,False,False
Subject31|rest|Subject31_1.edf|4.000|8.000,Subject31,rest,0,Subject31_1.edf,4.0,8.0,80.0,False,4.0,2.0,4s_windows_50pct_overlap,calibration,3719,True,False,False
Subject31|rest|Subject31_1.edf|6.000|10.000,Subject31,rest,0,Subject31_1.edf,6.0,10.0,80.0,False,4.0,2.0,4s_windows_50pct_overlap,calibration,3720,True,False,False
Subject31|rest|Subject31_1.edf|8.000|12.000,Subject31,rest,0,Subject31_1.edf,8.0,12.0,80.0,False,4.0,2.0,4s_windows_50pct_overlap,calibration,3721,True,False,False
Subject31|rest|Subject31_1.edf|10.000|14.000,Subject31,rest,0,Subject31_1.edf,10.0,14.0,80.0,False,4.0,2.0,4s_windows_50pct_overlap,calibration,3722,True,False,False
Subject31|rest|Subject31_1.edf|12.000|16.000,Subject31,rest,0,Subject31_1.edf,12.0,16.0,80.0,False,4.0,2.0,4s_windows_50pct_overlap,calibration,3723,True,False,False
Subject31|rest|Subject31_1.edf|14.000|18.000,Subject31,rest,0,Subject31_1.edf,14.0,18.0,80.0,False,4.0,2.0,4s_windows_50pct_overlap,calibration,3724,True,False,False
Subject31|rest|Subject31_1.edf|16.000|20.000,Subject31,rest,0,Subject31_1.edf,16.0,20.0,80.0,False,4.0,2.0,4s_windows_50pct_overlap,calibration,3725,True,False,False
Subject31|rest|Subject31_1.edf|18.000|22.000,Subject31,rest,0,Subject31_1.edf,18.0,22.0,80.0,False,4.0,2.0,4s_windows_50pct_overlap,calibration,3726,True,False,False
Subject31|rest|Subject31_1.edf|20.000|24.000,Subject31,rest,0,Subject31_1.edf,20.0,24.0,80.0,False,4.0,2.0,4s_windows_50pct_overlap,calibration,3727,True,False,False
Subject31|rest|Subject31_1.edf|22.000|26.000,Subject31,rest,0,Subject31_1.edf,22.0,26.0,80.0,False,4.0,2.0,4s_windows_50pct_overlap,calibration,3728,True,False,False
Subject31|rest|Subject31_1.edf|24.000|28.000,Subject31,rest,0,Subject31_1.edf,24.0,28.0,80.0,False,4.0,2.0,4s_windows_50pct_overlap,calibration,3729,True,False,False
Subject31|rest|Subject31_1.edf|26.000|30.000,Subject31,rest,0,Subject31_1.edf,26.0,30.0,80.0,False,4.0,2.0,4s_windows_50pct_overlap,calibration,3730,True,False,False
Subject31|rest|Subject31_1.edf|28.000|32.000,Subject31,rest,0,Subject31_1.edf,28.0,32.0,80.0,False,4.0,2.0,4s_windows_50pct_overlap,calibration,3731,True,False,False
Subject31|rest|Subject31_1.edf|30.000|34.000,Subject31,rest,0,Subject31_1.edf,30.0,34.0,80.0,False,4.0,2.0,4s_windows_50pct_overlap,calibration,3732,True,False,False
Subject31|rest|Subject31_1.edf|32.000|36.000,Subject31,rest,0,Subject31_1.edf,32.0,36.0,80.0,False,4.0,2.0,4s_windows_50pct_overlap,calibration,3733,True,False,False
Subject31|rest|Subject31_1.edf|34.000|38.000,Subject31,rest,0,Subject31_1.edf,34.0,38.0,80.0,False,4.0,2.0,4s_windows_50pct_overlap,calibration,3734,True,False,False
Subject31|rest|Subject31_1.edf|36.000|40.000,Subject31,rest,0,Subject31_1.edf,36.0,40.0,80.0,False,4.0,2.0,4s_windows_50pct_overlap,calibration,3735,True,False,False
Subject31|rest|Subject31_1.edf|38.000|42.000,Subject31,rest,0,Subject31_1.edf,38.0,42.0,80.0,False,4.0,2.0,4s_windows_50pct_overlap,calibration,3736,True,False,False
Subject31|rest|Subject31_1.edf|40.000|44.000,Subject31,rest,0,Subject31_1.edf,40.0,44.0,80.0,False,4.0,2.0,4s_windows_50pct_overlap,calibration,3737,True,False,False
Subject31|rest|Subject31_1.edf|42.000|46.000,Subject31,rest,0,Subject31_1.edf,42.0,46.0,80.0,False,4.0,2.0,4s_windows_50pct_overlap,calibration,3738,True,False,False
Subject31|rest|Subject31_1.edf|44.000|48.000,Subject31,rest,0,Subject31_1.edf,44.0,48.0,80.0,False,4.0,2.0,4s_windows_50pct_overlap,calibration,3739,True,False,False
Subject31|rest|Subject31_1.edf|46.000|50.000,Subject31,rest,0,Subject31_1.edf,46.0,50.0,80.0,False,4.0,2.0,4s_windows_50pct_overlap,calibration,3740,True,False,False
Subject31|rest|Subject31_1.edf|48.000|52.000,Subject31,rest,0,Subject31_1.edf,48.0,52.0,80.0,False,4.0,2.0,4s_windows_50pct_overlap,calibration,3741,True,False,False
Subject31|rest|Subject31_1.edf|50.000|54.000,Subject31,rest,0,Subject31_1.edf,50.0,54.0,80.0,False,4.0,2.0,4s_windows_50pct_overlap,calibration,3742,True,False,False
Subject31|rest|Subject31_1.edf|52.000|56.000,Subject31,rest,0,Subject31_1.edf,52.0,56.0,80.0,False,4.0,2.0,4s_windows_50pct_overlap,calibration,3743,True,False,False
Subject31|rest|Subject31_1.edf|54.000|58.000,Subject31,rest,0,Subject31_1.edf,54.0,58.0,80.0,False,4.0,2.0,4s_windows_50pct_overlap,calibration,3744,True,False,False
Subject31|rest|Subject31_1.edf|56.000|60.000,Subject31,rest,0,Subject31_1.edf,56.0,60.0,80.0,False,4.0,2.0,4s_windows_50pct_overlap,calibration,3745,True,False,False
Subject31|rest|Subject31_1.edf|58.000|62.000,Subject31,rest,0,Subject31_1.edf,58.0,62.0,80.0,False,4.0,2.0,4s_windows_50pct_overlap,calibration,3746,True,False,False
Subject31|rest|Subject31_1.edf|60.000|64.000,Subject31,rest,0,Subject31_1.edf,60.0,64.0,80.0,False,4.0,2.0,4s_windows_50pct_overlap,scored_rest,3747,False,True,False
Subject31|rest|Subject31_1.edf|62.000|66.000,Subject31,rest,0,Subject31_1.edf,62.0,66.0,80.0,False,4.0,2.0,4s_windows_50pct_overlap,scored_rest,3748,False,True,False
Subject31|rest|Subject31_1.edf|64.000|68.000,Subject31,rest,0,Subject31_1.edf,64.0,68.0,80.0,False,4.0,2.0,4s_windows_50pct_overlap,scored_rest,3749,False,True,False
Subject31|rest|Subject31_1.edf|66.000|70.000,Subject31,rest,0,Subject31_1.edf,66.0,70.0,80.0,False,4.0,2.0,4s_windows_50pct_overlap,scored_rest,3750,False,True,False
Subject31|rest|Subject31_1.edf|68.000|72.000,Subject31,rest,0,Subject31_1.edf,68.0,72.0,80.0,False,4.0,2.0,4s_windows_50pct_overlap,scored_rest,3751,False,True,False
Subject31|rest|Subject31_1.edf|70.000|74.000,Subject31,rest,0,Subject31_1.edf,70.0,74.0,80.0,False,4.0,2.0,4s_windows_50pct_overlap,scored_rest,3752,False,True,False
Subject31|rest|Subject31_1.edf|72.000|76.000,Subject31,rest,0,Subject31_1.edf,72.0,76.0,80.0,False,4.0,2.0,4s_windows_50pct_overlap,scored_rest,3753,False,True,False
Subject31|rest|Subject31_1.edf|74.000|78.000,Subject31,rest,0,Subject31_1.edf,74.0,78.0,80.0,False,4.0,2.0,4s_windows_50pct_overlap,scored_rest,3754,False,True,False
Subject31|rest|Subject31_1.edf|76.000|80.000,Subject31,rest,0,Subject31_1.edf,76.0,80.0,80.0,False,4.0,2.0,4s_windows_50pct_overlap,scored_rest,3755,False,True,False
Subject31|arithmetic|Subject31_2.edf|0.000|4.000,Subject31,arithmetic,1,Subject31_2.edf,0.0,4.0,62.0,False,4.0,2.0,4s_windows_50pct_overlap,scored_task,3756,False,True,False
Subject31|arithmetic|Subject31_2.edf|2.000|6.000,Subject31,arithmetic,1,Subject31_2.edf,2.0,6.0,62.0,False,4.0,2.0,4s_windows_50pct_overlap,scored_task,3757,False,True,False
Subject31|arithmetic|Subject31_2.edf|4.000|8.000,Subject31,arithmetic,1,Subject31_2.edf,4.0,8.0,62.0,False,4.0,2.0,4s_windows_50pct_overlap,scored_task,3758,False,True,False
Subject31|arithmetic|Subject31_2.edf|6.000|10.000,Subject31,arithmetic,1,Subject31_2.edf,6.0,10.0,62.0,False,4.0,2.0,4s_windows_50pct_overlap,scored_task,3759,False,True,False
Subject31|arithmetic|Subject31_2.edf|8.000|12.000,Subject31,arithmetic,1,Subject31_2.edf,8.0,12.0,62.0,False,4.0,2.0,4s_windows_50pct_overlap,scored_task,3760,False,True,False
Subject31|arithmetic|Subject31_2.edf|10.000|14.000,Subject31,arithmetic,1,Subject31_2.edf,10.0,14.0,62.0,False,4.0,2.0,4s_windows_50pct_overlap,scored_task,3761,False,True,False
Subject31|arithmetic|Subject31_2.edf|12.000|16.000,Subject31,arithmetic,1,Subject31_2.edf,12.0,16.0,62.0,False,4.0,2.0,4s_windows_50pct_overlap,scored_task,3762,False,True,False
Subject31|arithmetic|Subject31_2.edf|14.000|18.000,Subject31,arithmetic,1,Subject31_2.edf,14.0,18.0,62.0,False,4.0,2.0,4s_windows_50pct_overlap,scored_task,3763,False,True,False
Subject31|arithmetic|Subject31_2.edf|16.000|20.000,Subject31,arithmetic,1,Subject31_2.edf,16.0,20.0,62.0,False,4.0,2.0,4s_windows_50pct_overlap,scored_task,3764,False,True,False
Subject31|arithmetic|Subject31_2.edf|18.000|22.000,Subject31,arithmetic,1,Subject31_2.edf,18.0,22.0,62.0,False,4.0,2.0,4s_windows_50pct_overlap,scored_task,3765,False,True,False
Subject31|arithmetic|Subject31_2.edf|20.000|24.000,Subject31,arithmetic,1,Subject31_2.edf,20.0,24.0,62.0,False,4.0,2.0,4s_windows_50pct_overlap,scored_task,3766,False,True,False
Subject31|arithmetic|Subject31_2.edf|22.000|26.000,Subject31,arithmetic,1,Subject31_2.edf,22.0,26.0,62.0,False,4.0,2.0,4s_windows_50pct_overlap,scored_task,3767,False,True,False
Subject31|arithmetic|Subject31_2.edf|24.000|28.000,Subject31,arithmetic,1,Subject31_2.edf,24.0,28.0,62.0,False,4.0,2.0,4s_windows_50pct_overlap,scored_task,3768,False,True,False
Subject31|arithmetic|Subject31_2.edf|26.000|30.000,Subject31,arithmetic,1,Subject31_2.edf,26.0,30.0,62.0,False,4.0,2.0,4s_windows_50pct_overlap,scored_task,3769,False,True,False
Subject31|arithmetic|Subject31_2.edf|28.000|32.000,Subject31,arithmetic,1,Subject31_2.edf,28.0,32.0,62.0,False,4.0,2.0,4s_windows_50pct_overlap,scored_task,3770,False,True,False
Subject31|arithmetic|Subject31_2.edf|30.000|34.000,Subject31,arithmetic,1,Subject31_2.edf,30.0,34.0,62.0,False,4.0,2.0,4s_windows_50pct_overlap,scored_task,3771,False,True,False
Subject31|arithmetic|Subject31_2.edf|32.000|36.000,Subject31,arithmetic,1,Subject31_2.edf,32.0,36.0,62.0,False,4.0,2.0,4s_windows_50pct_overlap,scored_task,3772,False,True,False
Subject31|arithmetic|Subject31_2.edf|34.000|38.000,Subject31,arithmetic,1,Subject31_2.edf,34.0,38.0,62.0,False,4.0,2.0,4s_windows_50pct_overlap,scored_task,3773,False,True,False
Subject31|arithmetic|Subject31_2.edf|36.000|40.000,Subject31,arithmetic,1,Subject31_2.edf,36.0,40.0,62.0,False,4.0,2.0,4s_windows_50pct_overlap,scored_task,3774,False,True,False
Subject31|arithmetic|Subject31_2.edf|38.000|42.000,Subject31,arithmetic,1,Subject31_2.edf,38.0,42.0,62.0,False,4.0,2.0,4s_windows_50pct_overlap,scored_task,3775,False,True,False
Subject31|arithmetic|Subject31_2.edf|40.000|44.000,Subject31,arithmetic,1,Subject31_2.edf,40.0,44.0,62.0,False,4.0,2.0,4s_windows_50pct_overlap,scored_task,3776,False,True,False
Subject31|arithmetic|Subject31_2.edf|42.000|46.000,Subject31,arithmetic,1,Subject31_2.edf,42.0,46.0,62.0,False,4.0,2.0,4s_windows_50pct_overlap,scored_task,3777,False,True,False
Subject31|arithmetic|Subject31_2.edf|44.000|48.000,Subject31,arithmetic,1,Subject31_2.edf,44.0,48.0,62.0,False,4.0,2.0,4s_windows_50pct_overlap,scored_task,3778,False,True,False
Subject31|arithmetic|Subject31_2.edf|46.000|50.000,Subject31,arithmetic,1,Subject31_2.edf,46.0,50.0,62.0,False,4.0,2.0,4s_windows_50pct_overlap,scored_task,3779,False,True,False
Subject31|arithmetic|Subject31_2.edf|48.000|52.000,Subject31,arithmetic,1,Subject31_2.edf,48.0,52.0,62.0,False,4.0,2.0,4s_windows_50pct_overlap,scored_task,3780,False,True,False
Subject31|arithmetic|Subject31_2.edf|50.000|54.000,Subject31,arithmetic,1,Subject31_2.edf,50.0,54.0,62.0,False,4.0,2.0,4s_windows_50pct_overlap,scored_task,3781,False,True,False
Subject31|arithmetic|Subject31_2.edf|52.000|56.000,Subject31,arithmetic,1,Subject31_2.edf,52.0,56.0,62.0,False,4.0,2.0,4s_windows_50pct_overlap,scored_task,3782,False,True,False
Subject31|arithmetic|Subject31_2.edf|54.000|58.000,Subject31,arithmetic,1,Subject31_2.edf,54.0,58.0,62.0,False,4.0,2.0,4s_windows_50pct_overlap,scored_task,3783,False,True,False
Subject31|arithmetic|Subject31_2.edf|56.000|60.000,Subject31,arithmetic,1,Subject31_2.edf,56.0,60.0,62.0,False,4.0,2.0,4s_windows_50pct_overlap,scored_task,3784,False,True,False
Subject31|arithmetic|Subject31_2.edf|58.000|62.000,Subject31,arithmetic,1,Subject31_2.edf,58.0,62.0,62.0,False,4.0,2.0,4s_windows_50pct_overlap,scored_task,3785,False,True,False
Subject32|rest|Subject32_1.edf|0.000|4.000,Subject32,rest,0,Subject32_1.edf,0.0,4.0,182.0,False,4.0,2.0,4s_windows_50pct_overlap,calibration,3786,True,False,False
Subject32|rest|Subject32_1.edf|2.000|6.000,Subject32,rest,0,Subject32_1.edf,2.0,6.0,182.0,False,4.0,2.0,4s_windows_50pct_overlap,calibration,3787,True,False,False
Subject32|rest|Subject32_1.edf|4.000|8.000,Subject32,rest,0,Subject32_1.edf,4.0,8.0,182.0,False,4.0,2.0,4s_windows_50pct_overlap,calibration,3788,True,False,False
Subject32|rest|Subject32_1.edf|6.000|10.000,Subject32,rest,0,Subject32_1.edf,6.0,10.0,182.0,False,4.0,2.0,4s_windows_50pct_overlap,calibration,3789,True,False,False
Subject32|rest|Subject32_1.edf|8.000|12.000,Subject32,rest,0,Subject32_1.edf,8.0,12.0,182.0,False,4.0,2.0,4s_windows_50pct_overlap,calibration,3790,True,False,False
Subject32|rest|Subject32_1.edf|10.000|14.000,Subject32,rest,0,Subject32_1.edf,10.0,14.0,182.0,False,4.0,2.0,4s_windows_50pct_overlap,calibration,3791,True,False,False
Subject32|rest|Subject32_1.edf|12.000|16.000,Subject32,rest,0,Subject32_1.edf,12.0,16.0,182.0,False,4.0,2.0,4s_windows_50pct_overlap,calibration,3792,True,False,False
Subject32|rest|Subject32_1.edf|14.000|18.000,Subject32,rest,0,Subject32_1.edf,14.0,18.0,182.0,False,4.0,2.0,4s_windows_50pct_overlap,calibration,3793,True,False,False
Subject32|rest|Subject32_1.edf|16.000|20.000,Subject32,rest,0,Subject32_1.edf,16.0,20.0,182.0,False,4.0,2.0,4s_windows_50pct_overlap,calibration,3794,True,False,False
Subject32|rest|Subject32_1.edf|18.000|22.000,Subject32,rest,0,Subject32_1.edf,18.0,22.0,182.0,False,4.0,2.0,4s_windows_50pct_overlap,calibration,3795,True,False,False
Subject32|rest|Subject32_1.edf|20.000|24.000,Subject32,rest,0,Subject32_1.edf,20.0,24.0,182.0,False,4.0,2.0,4s_windows_50pct_overlap,calibration,3796,True,False,False
Subject32|rest|Subject32_1.edf|22.000|26.000,Subject32,rest,0,Subject32_1.edf,22.0,26.0,182.0,False,4.0,2.0,4s_windows_50pct_overlap,calibration,3797,True,False,False
Subject32|rest|Subject32_1.edf|24.000|28.000,Subject32,rest,0,Subject32_1.edf,24.0,28.0,182.0,False,4.0,2.0,4s_windows_50pct_overlap,calibration,3798,True,False,False
Subject32|rest|Subject32_1.edf|26.000|30.000,Subject32,rest,0,Subject32_1.edf,26.0,30.0,182.0,False,4.0,2.0,4s_windows_50pct_overlap,calibration,3799,True,False,False
Subject32|rest|Subject32_1.edf|28.000|32.000,Subject32,rest,0,Subject32_1.edf,28.0,32.0,182.0,False,4.0,2.0,4s_windows_50pct_overlap,calibration,3800,True,False,False
Subject32|rest|Subject32_1.edf|30.000|34.000,Subject32,rest,0,Subject32_1.edf,30.0,34.0,182.0,False,4.0,2.0,4s_windows_50pct_overlap,calibration,3801,True,False,False
Subject32|rest|Subject32_1.edf|32.000|36.000,Subject32,rest,0,Subject32_1.edf,32.0,36.0,182.0,False,4.0,2.0,4s_windows_50pct_overlap,calibration,3802,True,False,False
Subject32|rest|Subject32_1.edf|34.000|38.000,Subject32,rest,0,Subject32_1.edf,34.0,38.0,182.0,False,4.0,2.0,4s_windows_50pct_overlap,calibration,3803,True,False,False
Subject32|rest|Subject32_1.edf|36.000|40.000,Subject32,rest,0,Subject32_1.edf,36.0,40.0,182.0,False,4.0,2.0,4s_windows_50pct_overlap,calibration,3804,True,False,False
Subject32|rest|Subject32_1.edf|38.000|42.000,Subject32,rest,0,Subject32_1.edf,38.0,42.0,182.0,False,4.0,2.0,4s_windows_50pct_overlap,calibration,3805,True,False,False
Subject32|rest|Subject32_1.edf|40.000|44.000,Subject32,rest,0,Subject32_1.edf,40.0,44.0,182.0,False,4.0,2.0,4s_windows_50pct_overlap,calibration,3806,True,False,False
Subject32|rest|Subject32_1.edf|42.000|46.000,Subject32,rest,0,Subject32_1.edf,42.0,46.0,182.0,False,4.0,2.0,4s_windows_50pct_overlap,calibration,3807,True,False,False
Subject32|rest|Subject32_1.edf|44.000|48.000,Subject32,rest,0,Subject32_1.edf,44.0,48.0,182.0,False,4.0,2.0,4s_windows_50pct_overlap,calibration,3808,True,False,False
Subject32|rest|Subject32_1.edf|46.000|50.000,Subject32,rest,0,Subject32_1.edf,46.0,50.0,182.0,False,4.0,2.0,4s_windows_50pct_overlap,calibration,3809,True,False,False
Subject32|rest|Subject32_1.edf|48.000|52.000,Subject32,rest,0,Subject32_1.edf,48.0,52.0,182.0,False,4.0,2.0,4s_windows_50pct_overlap,calibration,3810,True,False,False
Subject32|rest|Subject32_1.edf|50.000|54.000,Subject32,rest,0,Subject32_1.edf,50.0,54.0,182.0,False,4.0,2.0,4s_windows_50pct_overlap,calibration,3811,True,False,False
Subject32|rest|Subject32_1.edf|52.000|56.000,Subject32,rest,0,Subject32_1.edf,52.0,56.0,182.0,False,4.0,2.0,4s_windows_50pct_overlap,calibration,3812,True,False,False
Subject32|rest|Subject32_1.edf|54.000|58.000,Subject32,rest,0,Subject32_1.edf,54.0,58.0,182.0,False,4.0,2.0,4s_windows_50pct_overlap,calibration,3813,True,False,False
Subject32|rest|Subject32_1.edf|56.000|60.000,Subject32,rest,0,Subject32_1.edf,56.0,60.0,182.0,False,4.0,2.0,4s_windows_50pct_overlap,calibration,3814,True,False,False
Subject32|rest|Subject32_1.edf|58.000|62.000,Subject32,rest,0,Subject32_1.edf,58.0,62.0,182.0,False,4.0,2.0,4s_windows_50pct_overlap,calibration,3815,True,False,False
Subject32|rest|Subject32_1.edf|60.000|64.000,Subject32,rest,0,Subject32_1.edf,60.0,64.0,182.0,False,4.0,2.0,4s_windows_50pct_overlap,scored_rest,3816,False,True,False
Subject32|rest|Subject32_1.edf|62.000|66.000,Subject32,rest,0,Subject32_1.edf,62.0,66.0,182.0,False,4.0,2.0,4s_windows_50pct_overlap,scored_rest,3817,False,True,False
Subject32|rest|Subject32_1.edf|64.000|68.000,Subject32,rest,0,Subject32_1.edf,64.0,68.0,182.0,False,4.0,2.0,4s_windows_50pct_overlap,scored_rest,3818,False,True,False
Subject32|rest|Subject32_1.edf|66.000|70.000,Subject32,rest,0,Subject32_1.edf,66.0,70.0,182.0,False,4.0,2.0,4s_windows_50pct_overlap,scored_rest,3819,False,True,False
Subject32|rest|Subject32_1.edf|68.000|72.000,Subject32,rest,0,Subject32_1.edf,68.0,72.0,182.0,False,4.0,2.0,4s_windows_50pct_overlap,scored_rest,3820,False,True,False
Subject32|rest|Subject32_1.edf|70.000|74.000,Subject32,rest,0,Subject32_1.edf,70.0,74.0,182.0,False,4.0,2.0,4s_windows_50pct_overlap,scored_rest,3821,False,True,False
Subject32|rest|Subject32_1.edf|72.000|76.000,Subject32,rest,0,Subject32_1.edf,72.0,76.0,182.0,False,4.0,2.0,4s_windows_50pct_overlap,scored_rest,3822,False,True,False
Subject32|rest|Subject32_1.edf|74.000|78.000,Subject32,rest,0,Subject32_1.edf,74.0,78.0,182.0,False,4.0,2.0,4s_windows_50pct_overlap,scored_rest,3823,False,True,False
Subject32|rest|Subject32_1.edf|76.000|80.000,Subject32,rest,0,Subject32_1.edf,76.0,80.0,182.0,False,4.0,2.0,4s_windows_50pct_overlap,scored_rest,3824,False,True,False
Subject32|rest|Subject32_1.edf|78.000|82.000,Subject32,rest,0,Subject32_1.edf,78.0,82.0,182.0,False,4.0,2.0,4s_windows_50pct_overlap,scored_rest,3825,False,True,False
Subject32|rest|Subject32_1.edf|80.000|84.000,Subject32,rest,0,Subject32_1.edf,80.0,84.0,182.0,False,4.0,2.0,4s_windows_50pct_overlap,scored_rest,3826,False,True,False
Subject32|rest|Subject32_1.edf|82.000|86.000,Subject32,rest,0,Subject32_1.edf,82.0,86.0,182.0,False,4.0,2.0,4s_windows_50pct_overlap,scored_rest,3827,False,True,False
Subject32|rest|Subject32_1.edf|84.000|88.000,Subject32,rest,0,Subject32_1.edf,84.0,88.0,182.0,False,4.0,2.0,4s_windows_50pct_overlap,scored_rest,3828,False,True,False
Subject32|rest|Subject32_1.edf|86.000|90.000,Subject32,rest,0,Subject32_1.edf,86.0,90.0,182.0,False,4.0,2.0,4s_windows_50pct_overlap,scored_rest,3829,False,True,False
Subject32|rest|Subject32_1.edf|88.000|92.000,Subject32,rest,0,Subject32_1.edf,88.0,92.0,182.0,False,4.0,2.0,4s_windows_50pct_overlap,scored_rest,3830,False,True,False
Subject32|rest|Subject32_1.edf|90.000|94.000,Subject32,rest,0,Subject32_1.edf,90.0,94.0,182.0,False,4.0,2.0,4s_windows_50pct_overlap,scored_rest,3831,False,True,False
Subject32|rest|Subject32_1.edf|92.000|96.000,Subject32,rest,0,Subject32_1.edf,92.0,96.0,182.0,False,4.0,2.0,4s_windows_50pct_overlap,scored_rest,3832,False,True,False
Subject32|rest|Subject32_1.edf|94.000|98.000,Subject32,rest,0,Subject32_1.edf,94.0,98.0,182.0,False,4.0,2.0,4s_windows_50pct_overlap,scored_rest,3833,False,True,False
Subject32|rest|Subject32_1.edf|96.000|100.000,Subject32,rest,0,Subject32_1.edf,96.0,100.0,182.0,False,4.0,2.0,4s_windows_50pct_overlap,scored_rest,3834,False,True,False
Subject32|rest|Subject32_1.edf|98.000|102.000,Subject32,rest,0,Subject32_1.edf,98.0,102.0,182.0,False,4.0,2.0,4s_windows_50pct_overlap,scored_rest,3835,False,True,False
Subject32|rest|Subject32_1.edf|100.000|104.000,Subject32,rest,0,Subject32_1.edf,100.0,104.0,182.0,False,4.0,2.0,4s_windows_50pct_overlap,scored_rest,3836,False,True,False
Subject32|rest|Subject32_1.edf|102.000|106.000,Subject32,rest,0,Subject32_1.edf,102.0,106.0,182.0,False,4.0,2.0,4s_windows_50pct_overlap,scored_rest,3837,False,True,False
Subject32|rest|Subject32_1.edf|104.000|108.000,Subject32,rest,0,Subject32_1.edf,104.0,108.0,182.0,False,4.0,2.0,4s_windows_50pct_overlap,scored_rest,3838,False,True,False
Subject32|rest|Subject32_1.edf|106.000|110.000,Subject32,rest,0,Subject32_1.edf,106.0,110.0,182.0,False,4.0,2.0,4s_windows_50pct_overlap,scored_rest,3839,False,True,False
Subject32|rest|Subject32_1.edf|108.000|112.000,Subject32,rest,0,Subject32_1.edf,108.0,112.0,182.0,False,4.0,2.0,4s_windows_50pct_overlap,scored_rest,3840,False,True,False
Subject32|rest|Subject32_1.edf|110.000|114.000,Subject32,rest,0,Subject32_1.edf,110.0,114.0,182.0,False,4.0,2.0,4s_windows_50pct_overlap,scored_rest,3841,False,True,False
Subject32|rest|Subject32_1.edf|112.000|116.000,Subject32,rest,0,Subject32_1.edf,112.0,116.0,182.0,False,4.0,2.0,4s_windows_50pct_overlap,scored_rest,3842,False,True,False
Subject32|rest|Subject32_1.edf|114.000|118.000,Subject32,rest,0,Subject32_1.edf,114.0,118.0,182.0,False,4.0,2.0,4s_windows_50pct_overlap,scored_rest,3843,False,True,False
Subject32|rest|Subject32_1.edf|116.000|120.000,Subject32,rest,0,Subject32_1.edf,116.0,120.0,182.0,False,4.0,2.0,4s_windows_50pct_overlap,scored_rest,3844,False,True,False
Subject32|rest|Subject32_1.edf|118.000|122.000,Subject32,rest,0,Subject32_1.edf,118.0,122.0,182.0,False,4.0,2.0,4s_windows_50pct_overlap,scored_rest,3845,False,True,False
Subject32|rest|Subject32_1.edf|120.000|124.000,Subject32,rest,0,Subject32_1.edf,120.0,124.0,182.0,False,4.0,2.0,4s_windows_50pct_overlap,scored_rest,3846,False,True,False
Subject32|rest|Subject32_1.edf|122.000|126.000,Subject32,rest,0,Subject32_1.edf,122.0,126.0,182.0,False,4.0,2.0,4s_windows_50pct_overlap,scored_rest,3847,False,True,False
Subject32|rest|Subject32_1.edf|124.000|128.000,Subject32,rest,0,Subject32_1.edf,124.0,128.0,182.0,False,4.0,2.0,4s_windows_50pct_overlap,scored_rest,3848,False,True,False
Subject32|rest|Subject32_1.edf|126.000|130.000,Subject32,rest,0,Subject32_1.edf,126.0,130.0,182.0,False,4.0,2.0,4s_windows_50pct_overlap,scored_rest,3849,False,True,False
Subject32|rest|Subject32_1.edf|128.000|132.000,Subject32,rest,0,Subject32_1.edf,128.0,132.0,182.0,False,4.0,2.0,4s_windows_50pct_overlap,scored_rest,3850,False,True,False
Subject32|rest|Subject32_1.edf|130.000|134.000,Subject32,rest,0,Subject32_1.edf,130.0,134.0,182.0,False,4.0,2.0,4s_windows_50pct_overlap,scored_rest,3851,False,True,False
Subject32|rest|Subject32_1.edf|132.000|136.000,Subject32,rest,0,Subject32_1.edf,132.0,136.0,182.0,False,4.0,2.0,4s_windows_50pct_overlap,scored_rest,3852,False,True,False
Subject32|rest|Subject32_1.edf|134.000|138.000,Subject32,rest,0,Subject32_1.edf,134.0,138.0,182.0,False,4.0,2.0,4s_windows_50pct_overlap,scored_rest,3853,False,True,False
Subject32|rest|Subject32_1.edf|136.000|140.000,Subject32,rest,0,Subject32_1.edf,136.0,140.0,182.0,False,4.0,2.0,4s_windows_50pct_overlap,scored_rest,3854,False,True,False
Subject32|rest|Subject32_1.edf|138.000|142.000,Subject32,rest,0,Subject32_1.edf,138.0,142.0,182.0,False,4.0,2.0,4s_windows_50pct_overlap,scored_rest,3855,False,True,False
Subject32|rest|Subject32_1.edf|140.000|144.000,Subject32,rest,0,Subject32_1.edf,140.0,144.0,182.0,False,4.0,2.0,4s_windows_50pct_overlap,scored_rest,3856,False,True,False
Subject32|rest|Subject32_1.edf|142.000|146.000,Subject32,rest,0,Subject32_1.edf,142.0,146.0,182.0,False,4.0,2.0,4s_windows_50pct_overlap,scored_rest,3857,False,True,False
Subject32|rest|Subject32_1.edf|144.000|148.000,Subject32,rest,0,Subject32_1.edf,144.0,148.0,182.0,False,4.0,2.0,4s_windows_50pct_overlap,scored_rest,3858,False,True,False
Subject32|rest|Subject32_1.edf|146.000|150.000,Subject32,rest,0,Subject32_1.edf,146.0,150.0,182.0,False,4.0,2.0,4s_windows_50pct_overlap,scored_rest,3859,False,True,False
Subject32|rest|Subject32_1.edf|148.000|152.000,Subject32,rest,0,Subject32_1.edf,148.0,152.0,182.0,False,4.0,2.0,4s_windows_50pct_overlap,scored_rest,3860,False,True,False
Subject32|rest|Subject32_1.edf|150.000|154.000,Subject32,rest,0,Subject32_1.edf,150.0,154.0,182.0,False,4.0,2.0,4s_windows_50pct_overlap,scored_rest,3861,False,True,False
Subject32|rest|Subject32_1.edf|152.000|156.000,Subject32,rest,0,Subject32_1.edf,152.0,156.0,182.0,False,4.0,2.0,4s_windows_50pct_overlap,scored_rest,3862,False,True,False
Subject32|rest|Subject32_1.edf|154.000|158.000,Subject32,rest,0,Subject32_1.edf,154.0,158.0,182.0,False,4.0,2.0,4s_windows_50pct_overlap,scored_rest,3863,False,True,False
Subject32|rest|Subject32_1.edf|156.000|160.000,Subject32,rest,0,Subject32_1.edf,156.0,160.0,182.0,False,4.0,2.0,4s_windows_50pct_overlap,scored_rest,3864,False,True,False
Subject32|rest|Subject32_1.edf|158.000|162.000,Subject32,rest,0,Subject32_1.edf,158.0,162.0,182.0,False,4.0,2.0,4s_windows_50pct_overlap,scored_rest,3865,False,True,False
Subject32|rest|Subject32_1.edf|160.000|164.000,Subject32,rest,0,Subject32_1.edf,160.0,164.0,182.0,False,4.0,2.0,4s_windows_50pct_overlap,scored_rest,3866,False,True,False
Subject32|rest|Subject32_1.edf|162.000|166.000,Subject32,rest,0,Subject32_1.edf,162.0,166.0,182.0,False,4.0,2.0,4s_windows_50pct_overlap,scored_rest,3867,False,True,False
Subject32|rest|Subject32_1.edf|164.000|168.000,Subject32,rest,0,Subject32_1.edf,164.0,168.0,182.0,False,4.0,2.0,4s_windows_50pct_overlap,scored_rest,3868,False,True,False
Subject32|rest|Subject32_1.edf|166.000|170.000,Subject32,rest,0,Subject32_1.edf,166.0,170.0,182.0,False,4.0,2.0,4s_windows_50pct_overlap,scored_rest,3869,False,True,False
Subject32|rest|Subject32_1.edf|168.000|172.000,Subject32,rest,0,Subject32_1.edf,168.0,172.0,182.0,False,4.0,2.0,4s_windows_50pct_overlap,scored_rest,3870,False,True,False
Subject32|rest|Subject32_1.edf|170.000|174.000,Subject32,rest,0,Subject32_1.edf,170.0,174.0,182.0,False,4.0,2.0,4s_windows_50pct_overlap,scored_rest,3871,False,True,False
Subject32|rest|Subject32_1.edf|172.000|176.000,Subject32,rest,0,Subject32_1.edf,172.0,176.0,182.0,False,4.0,2.0,4s_windows_50pct_overlap,scored_rest,3872,False,True,False
Subject32|rest|Subject32_1.edf|174.000|178.000,Subject32,rest,0,Subject32_1.edf,174.0,178.0,182.0,False,4.0,2.0,4s_windows_50pct_overlap,scored_rest,3873,False,True,False
Subject32|rest|Subject32_1.edf|176.000|180.000,Subject32,rest,0,Subject32_1.edf,176.0,180.0,182.0,False,4.0,2.0,4s_windows_50pct_overlap,scored_rest,3874,False,True,False
Subject32|rest|Subject32_1.edf|178.000|182.000,Subject32,rest,0,Subject32_1.edf,178.0,182.0,182.0,False,4.0,2.0,4s_windows_50pct_overlap,scored_rest,3875,False,True,False
Subject32|arithmetic|Subject32_2.edf|0.000|4.000,Subject32,arithmetic,1,Subject32_2.edf,0.0,4.0,62.0,False,4.0,2.0,4s_windows_50pct_overlap,scored_task,3876,False,True,False
Subject32|arithmetic|Subject32_2.edf|2.000|6.000,Subject32,arithmetic,1,Subject32_2.edf,2.0,6.0,62.0,False,4.0,2.0,4s_windows_50pct_overlap,scored_task,3877,False,True,False
Subject32|arithmetic|Subject32_2.edf|4.000|8.000,Subject32,arithmetic,1,Subject32_2.edf,4.0,8.0,62.0,False,4.0,2.0,4s_windows_50pct_overlap,scored_task,3878,False,True,False
Subject32|arithmetic|Subject32_2.edf|6.000|10.000,Subject32,arithmetic,1,Subject32_2.edf,6.0,10.0,62.0,False,4.0,2.0,4s_windows_50pct_overlap,scored_task,3879,False,True,False
Subject32|arithmetic|Subject32_2.edf|8.000|12.000,Subject32,arithmetic,1,Subject32_2.edf,8.0,12.0,62.0,False,4.0,2.0,4s_windows_50pct_overlap,scored_task,3880,False,True,False
Subject32|arithmetic|Subject32_2.edf|10.000|14.000,Subject32,arithmetic,1,Subject32_2.edf,10.0,14.0,62.0,False,4.0,2.0,4s_windows_50pct_overlap,scored_task,3881,False,True,False
Subject32|arithmetic|Subject32_2.edf|12.000|16.000,Subject32,arithmetic,1,Subject32_2.edf,12.0,16.0,62.0,False,4.0,2.0,4s_windows_50pct_overlap,scored_task,3882,False,True,False
Subject32|arithmetic|Subject32_2.edf|14.000|18.000,Subject32,arithmetic,1,Subject32_2.edf,14.0,18.0,62.0,False,4.0,2.0,4s_windows_50pct_overlap,scored_task,3883,False,True,False
Subject32|arithmetic|Subject32_2.edf|16.000|20.000,Subject32,arithmetic,1,Subject32_2.edf,16.0,20.0,62.0,False,4.0,2.0,4s_windows_50pct_overlap,scored_task,3884,False,True,False
Subject32|arithmetic|Subject32_2.edf|18.000|22.000,Subject32,arithmetic,1,Subject32_2.edf,18.0,22.0,62.0,False,4.0,2.0,4s_windows_50pct_overlap,scored_task,3885,False,True,False
Subject32|arithmetic|Subject32_2.edf|20.000|24.000,Subject32,arithmetic,1,Subject32_2.edf,20.0,24.0,62.0,False,4.0,2.0,4s_windows_50pct_overlap,scored_task,3886,False,True,False
Subject32|arithmetic|Subject32_2.edf|22.000|26.000,Subject32,arithmetic,1,Subject32_2.edf,22.0,26.0,62.0,False,4.0,2.0,4s_windows_50pct_overlap,scored_task,3887,False,True,False
Subject32|arithmetic|Subject32_2.edf|24.000|28.000,Subject32,arithmetic,1,Subject32_2.edf,24.0,28.0,62.0,False,4.0,2.0,4s_windows_50pct_overlap,scored_task,3888,False,True,False
Subject32|arithmetic|Subject32_2.edf|26.000|30.000,Subject32,arithmetic,1,Subject32_2.edf,26.0,30.0,62.0,False,4.0,2.0,4s_windows_50pct_overlap,scored_task,3889,False,True,False
Subject32|arithmetic|Subject32_2.edf|28.000|32.000,Subject32,arithmetic,1,Subject32_2.edf,28.0,32.0,62.0,False,4.0,2.0,4s_windows_50pct_overlap,scored_task,3890,False,True,False
Subject32|arithmetic|Subject32_2.edf|30.000|34.000,Subject32,arithmetic,1,Subject32_2.edf,30.0,34.0,62.0,False,4.0,2.0,4s_windows_50pct_overlap,scored_task,3891,False,True,False
Subject32|arithmetic|Subject32_2.edf|32.000|36.000,Subject32,arithmetic,1,Subject32_2.edf,32.0,36.0,62.0,False,4.0,2.0,4s_windows_50pct_overlap,scored_task,3892,False,True,False
Subject32|arithmetic|Subject32_2.edf|34.000|38.000,Subject32,arithmetic,1,Subject32_2.edf,34.0,38.0,62.0,False,4.0,2.0,4s_windows_50pct_overlap,scored_task,3893,False,True,False
Subject32|arithmetic|Subject32_2.edf|36.000|40.000,Subject32,arithmetic,1,Subject32_2.edf,36.0,40.0,62.0,False,4.0,2.0,4s_windows_50pct_overlap,scored_task,3894,False,True,False
Subject32|arithmetic|Subject32_2.edf|38.000|42.000,Subject32,arithmetic,1,Subject32_2.edf,38.0,42.0,62.0,False,4.0,2.0,4s_windows_50pct_overlap,scored_task,3895,False,True,False
Subject32|arithmetic|Subject32_2.edf|40.000|44.000,Subject32,arithmetic,1,Subject32_2.edf,40.0,44.0,62.0,False,4.0,2.0,4s_windows_50pct_overlap,scored_task,3896,False,True,False
Subject32|arithmetic|Subject32_2.edf|42.000|46.000,Subject32,arithmetic,1,Subject32_2.edf,42.0,46.0,62.0,False,4.0,2.0,4s_windows_50pct_overlap,scored_task,3897,False,True,False
Subject32|arithmetic|Subject32_2.edf|44.000|48.000,Subject32,arithmetic,1,Subject32_2.edf,44.0,48.0,62.0,False,4.0,2.0,4s_windows_50pct_overlap,scored_task,3898,False,True,False
Subject32|arithmetic|Subject32_2.edf|46.000|50.000,Subject32,arithmetic,1,Subject32_2.edf,46.0,50.0,62.0,False,4.0,2.0,4s_windows_50pct_overlap,scored_task,3899,False,True,False
Subject32|arithmetic|Subject32_2.edf|48.000|52.000,Subject32,arithmetic,1,Subject32_2.edf,48.0,52.0,62.0,False,4.0,2.0,4s_windows_50pct_overlap,scored_task,3900,False,True,False
Subject32|arithmetic|Subject32_2.edf|50.000|54.000,Subject32,arithmetic,1,Subject32_2.edf,50.0,54.0,62.0,False,4.0,2.0,4s_windows_50pct_overlap,scored_task,3901,False,True,False
Subject32|arithmetic|Subject32_2.edf|52.000|56.000,Subject32,arithmetic,1,Subject32_2.edf,52.0,56.0,62.0,False,4.0,2.0,4s_windows_50pct_overlap,scored_task,3902,False,True,False
Subject32|arithmetic|Subject32_2.edf|54.000|58.000,Subject32,arithmetic,1,Subject32_2.edf,54.0,58.0,62.0,False,4.0,2.0,4s_windows_50pct_overlap,scored_task,3903,False,True,False
Subject32|arithmetic|Subject32_2.edf|56.000|60.000,Subject32,arithmetic,1,Subject32_2.edf,56.0,60.0,62.0,False,4.0,2.0,4s_windows_50pct_overlap,scored_task,3904,False,True,False
Subject32|arithmetic|Subject32_2.edf|58.000|62.000,Subject32,arithmetic,1,Subject32_2.edf,58.0,62.0,62.0,False,4.0,2.0,4s_windows_50pct_overlap,scored_task,3905,False,True,False
Subject33|rest|Subject33_1.edf|0.000|4.000,Subject33,rest,0,Subject33_1.edf,0.0,4.0,182.0,False,4.0,2.0,4s_windows_50pct_overlap,calibration,3906,True,False,False
Subject33|rest|Subject33_1.edf|2.000|6.000,Subject33,rest,0,Subject33_1.edf,2.0,6.0,182.0,False,4.0,2.0,4s_windows_50pct_overlap,calibration,3907,True,False,False
Subject33|rest|Subject33_1.edf|4.000|8.000,Subject33,rest,0,Subject33_1.edf,4.0,8.0,182.0,False,4.0,2.0,4s_windows_50pct_overlap,calibration,3908,True,False,False
Subject33|rest|Subject33_1.edf|6.000|10.000,Subject33,rest,0,Subject33_1.edf,6.0,10.0,182.0,False,4.0,2.0,4s_windows_50pct_overlap,calibration,3909,True,False,False
Subject33|rest|Subject33_1.edf|8.000|12.000,Subject33,rest,0,Subject33_1.edf,8.0,12.0,182.0,False,4.0,2.0,4s_windows_50pct_overlap,calibration,3910,True,False,False
Subject33|rest|Subject33_1.edf|10.000|14.000,Subject33,rest,0,Subject33_1.edf,10.0,14.0,182.0,False,4.0,2.0,4s_windows_50pct_overlap,calibration,3911,True,False,False
Subject33|rest|Subject33_1.edf|12.000|16.000,Subject33,rest,0,Subject33_1.edf,12.0,16.0,182.0,False,4.0,2.0,4s_windows_50pct_overlap,calibration,3912,True,False,False
Subject33|rest|Subject33_1.edf|14.000|18.000,Subject33,rest,0,Subject33_1.edf,14.0,18.0,182.0,False,4.0,2.0,4s_windows_50pct_overlap,calibration,3913,True,False,False
Subject33|rest|Subject33_1.edf|16.000|20.000,Subject33,rest,0,Subject33_1.edf,16.0,20.0,182.0,False,4.0,2.0,4s_windows_50pct_overlap,calibration,3914,True,False,False
Subject33|rest|Subject33_1.edf|18.000|22.000,Subject33,rest,0,Subject33_1.edf,18.0,22.0,182.0,False,4.0,2.0,4s_windows_50pct_overlap,calibration,3915,True,False,False
Subject33|rest|Subject33_1.edf|20.000|24.000,Subject33,rest,0,Subject33_1.edf,20.0,24.0,182.0,False,4.0,2.0,4s_windows_50pct_overlap,calibration,3916,True,False,False
Subject33|rest|Subject33_1.edf|22.000|26.000,Subject33,rest,0,Subject33_1.edf,22.0,26.0,182.0,False,4.0,2.0,4s_windows_50pct_overlap,calibration,3917,True,False,False
Subject33|rest|Subject33_1.edf|24.000|28.000,Subject33,rest,0,Subject33_1.edf,24.0,28.0,182.0,False,4.0,2.0,4s_windows_50pct_overlap,calibration,3918,True,False,False
Subject33|rest|Subject33_1.edf|26.000|30.000,Subject33,rest,0,Subject33_1.edf,26.0,30.0,182.0,False,4.0,2.0,4s_windows_50pct_overlap,calibration,3919,True,False,False
Subject33|rest|Subject33_1.edf|28.000|32.000,Subject33,rest,0,Subject33_1.edf,28.0,32.0,182.0,False,4.0,2.0,4s_windows_50pct_overlap,calibration,3920,True,False,False
Subject33|rest|Subject33_1.edf|30.000|34.000,Subject33,rest,0,Subject33_1.edf,30.0,34.0,182.0,False,4.0,2.0,4s_windows_50pct_overlap,calibration,3921,True,False,False
Subject33|rest|Subject33_1.edf|32.000|36.000,Subject33,rest,0,Subject33_1.edf,32.0,36.0,182.0,False,4.0,2.0,4s_windows_50pct_overlap,calibration,3922,True,False,False
Subject33|rest|Subject33_1.edf|34.000|38.000,Subject33,rest,0,Subject33_1.edf,34.0,38.0,182.0,False,4.0,2.0,4s_windows_50pct_overlap,calibration,3923,True,False,False
Subject33|rest|Subject33_1.edf|36.000|40.000,Subject33,rest,0,Subject33_1.edf,36.0,40.0,182.0,False,4.0,2.0,4s_windows_50pct_overlap,calibration,3924,True,False,False
Subject33|rest|Subject33_1.edf|38.000|42.000,Subject33,rest,0,Subject33_1.edf,38.0,42.0,182.0,False,4.0,2.0,4s_windows_50pct_overlap,calibration,3925,True,False,False
Subject33|rest|Subject33_1.edf|40.000|44.000,Subject33,rest,0,Subject33_1.edf,40.0,44.0,182.0,False,4.0,2.0,4s_windows_50pct_overlap,calibration,3926,True,False,False
Subject33|rest|Subject33_1.edf|42.000|46.000,Subject33,rest,0,Subject33_1.edf,42.0,46.0,182.0,False,4.0,2.0,4s_windows_50pct_overlap,calibration,3927,True,False,False
Subject33|rest|Subject33_1.edf|44.000|48.000,Subject33,rest,0,Subject33_1.edf,44.0,48.0,182.0,False,4.0,2.0,4s_windows_50pct_overlap,calibration,3928,True,False,False
Subject33|rest|Subject33_1.edf|46.000|50.000,Subject33,rest,0,Subject33_1.edf,46.0,50.0,182.0,False,4.0,2.0,4s_windows_50pct_overlap,calibration,3929,True,False,False
Subject33|rest|Subject33_1.edf|48.000|52.000,Subject33,rest,0,Subject33_1.edf,48.0,52.0,182.0,False,4.0,2.0,4s_windows_50pct_overlap,calibration,3930,True,False,False
Subject33|rest|Subject33_1.edf|50.000|54.000,Subject33,rest,0,Subject33_1.edf,50.0,54.0,182.0,False,4.0,2.0,4s_windows_50pct_overlap,calibration,3931,True,False,False
Subject33|rest|Subject33_1.edf|52.000|56.000,Subject33,rest,0,Subject33_1.edf,52.0,56.0,182.0,False,4.0,2.0,4s_windows_50pct_overlap,calibration,3932,True,False,False
Subject33|rest|Subject33_1.edf|54.000|58.000,Subject33,rest,0,Subject33_1.edf,54.0,58.0,182.0,False,4.0,2.0,4s_windows_50pct_overlap,calibration,3933,True,False,False
Subject33|rest|Subject33_1.edf|56.000|60.000,Subject33,rest,0,Subject33_1.edf,56.0,60.0,182.0,False,4.0,2.0,4s_windows_50pct_overlap,calibration,3934,True,False,False
Subject33|rest|Subject33_1.edf|58.000|62.000,Subject33,rest,0,Subject33_1.edf,58.0,62.0,182.0,False,4.0,2.0,4s_windows_50pct_overlap,calibration,3935,True,False,False
Subject33|rest|Subject33_1.edf|60.000|64.000,Subject33,rest,0,Subject33_1.edf,60.0,64.0,182.0,False,4.0,2.0,4s_windows_50pct_overlap,scored_rest,3936,False,True,False
Subject33|rest|Subject33_1.edf|62.000|66.000,Subject33,rest,0,Subject33_1.edf,62.0,66.0,182.0,False,4.0,2.0,4s_windows_50pct_overlap,scored_rest,3937,False,True,False
Subject33|rest|Subject33_1.edf|64.000|68.000,Subject33,rest,0,Subject33_1.edf,64.0,68.0,182.0,False,4.0,2.0,4s_windows_50pct_overlap,scored_rest,3938,False,True,False
Subject33|rest|Subject33_1.edf|66.000|70.000,Subject33,rest,0,Subject33_1.edf,66.0,70.0,182.0,False,4.0,2.0,4s_windows_50pct_overlap,scored_rest,3939,False,True,False
Subject33|rest|Subject33_1.edf|68.000|72.000,Subject33,rest,0,Subject33_1.edf,68.0,72.0,182.0,False,4.0,2.0,4s_windows_50pct_overlap,scored_rest,3940,False,True,False
Subject33|rest|Subject33_1.edf|70.000|74.000,Subject33,rest,0,Subject33_1.edf,70.0,74.0,182.0,False,4.0,2.0,4s_windows_50pct_overlap,scored_rest,3941,False,True,False
Subject33|rest|Subject33_1.edf|72.000|76.000,Subject33,rest,0,Subject33_1.edf,72.0,76.0,182.0,False,4.0,2.0,4s_windows_50pct_overlap,scored_rest,3942,False,True,False
Subject33|rest|Subject33_1.edf|74.000|78.000,Subject33,rest,0,Subject33_1.edf,74.0,78.0,182.0,False,4.0,2.0,4s_windows_50pct_overlap,scored_rest,3943,False,True,False
Subject33|rest|Subject33_1.edf|76.000|80.000,Subject33,rest,0,Subject33_1.edf,76.0,80.0,182.0,False,4.0,2.0,4s_windows_50pct_overlap,scored_rest,3944,False,True,False
Subject33|rest|Subject33_1.edf|78.000|82.000,Subject33,rest,0,Subject33_1.edf,78.0,82.0,182.0,False,4.0,2.0,4s_windows_50pct_overlap,scored_rest,3945,False,True,False
Subject33|rest|Subject33_1.edf|80.000|84.000,Subject33,rest,0,Subject33_1.edf,80.0,84.0,182.0,False,4.0,2.0,4s_windows_50pct_overlap,scored_rest,3946,False,True,False
Subject33|rest|Subject33_1.edf|82.000|86.000,Subject33,rest,0,Subject33_1.edf,82.0,86.0,182.0,False,4.0,2.0,4s_windows_50pct_overlap,scored_rest,3947,False,True,False
Subject33|rest|Subject33_1.edf|84.000|88.000,Subject33,rest,0,Subject33_1.edf,84.0,88.0,182.0,False,4.0,2.0,4s_windows_50pct_overlap,scored_rest,3948,False,True,False
Subject33|rest|Subject33_1.edf|86.000|90.000,Subject33,rest,0,Subject33_1.edf,86.0,90.0,182.0,False,4.0,2.0,4s_windows_50pct_overlap,scored_rest,3949,False,True,False
Subject33|rest|Subject33_1.edf|88.000|92.000,Subject33,rest,0,Subject33_1.edf,88.0,92.0,182.0,False,4.0,2.0,4s_windows_50pct_overlap,scored_rest,3950,False,True,False
Subject33|rest|Subject33_1.edf|90.000|94.000,Subject33,rest,0,Subject33_1.edf,90.0,94.0,182.0,False,4.0,2.0,4s_windows_50pct_overlap,scored_rest,3951,False,True,False
Subject33|rest|Subject33_1.edf|92.000|96.000,Subject33,rest,0,Subject33_1.edf,92.0,96.0,182.0,False,4.0,2.0,4s_windows_50pct_overlap,scored_rest,3952,False,True,False
Subject33|rest|Subject33_1.edf|94.000|98.000,Subject33,rest,0,Subject33_1.edf,94.0,98.0,182.0,False,4.0,2.0,4s_windows_50pct_overlap,scored_rest,3953,False,True,False
Subject33|rest|Subject33_1.edf|96.000|100.000,Subject33,rest,0,Subject33_1.edf,96.0,100.0,182.0,False,4.0,2.0,4s_windows_50pct_overlap,scored_rest,3954,False,True,False
Subject33|rest|Subject33_1.edf|98.000|102.000,Subject33,rest,0,Subject33_1.edf,98.0,102.0,182.0,False,4.0,2.0,4s_windows_50pct_overlap,scored_rest,3955,False,True,False
Subject33|rest|Subject33_1.edf|100.000|104.000,Subject33,rest,0,Subject33_1.edf,100.0,104.0,182.0,False,4.0,2.0,4s_windows_50pct_overlap,scored_rest,3956,False,True,False
Subject33|rest|Subject33_1.edf|102.000|106.000,Subject33,rest,0,Subject33_1.edf,102.0,106.0,182.0,False,4.0,2.0,4s_windows_50pct_overlap,scored_rest,3957,False,True,False
Subject33|rest|Subject33_1.edf|104.000|108.000,Subject33,rest,0,Subject33_1.edf,104.0,108.0,182.0,False,4.0,2.0,4s_windows_50pct_overlap,scored_rest,3958,False,True,False
Subject33|rest|Subject33_1.edf|106.000|110.000,Subject33,rest,0,Subject33_1.edf,106.0,110.0,182.0,False,4.0,2.0,4s_windows_50pct_overlap,scored_rest,3959,False,True,False
Subject33|rest|Subject33_1.edf|108.000|112.000,Subject33,rest,0,Subject33_1.edf,108.0,112.0,182.0,False,4.0,2.0,4s_windows_50pct_overlap,scored_rest,3960,False,True,False
Subject33|rest|Subject33_1.edf|110.000|114.000,Subject33,rest,0,Subject33_1.edf,110.0,114.0,182.0,False,4.0,2.0,4s_windows_50pct_overlap,scored_rest,3961,False,True,False
Subject33|rest|Subject33_1.edf|112.000|116.000,Subject33,rest,0,Subject33_1.edf,112.0,116.0,182.0,False,4.0,2.0,4s_windows_50pct_overlap,scored_rest,3962,False,True,False
Subject33|rest|Subject33_1.edf|114.000|118.000,Subject33,rest,0,Subject33_1.edf,114.0,118.0,182.0,False,4.0,2.0,4s_windows_50pct_overlap,scored_rest,3963,False,True,False
Subject33|rest|Subject33_1.edf|116.000|120.000,Subject33,rest,0,Subject33_1.edf,116.0,120.0,182.0,False,4.0,2.0,4s_windows_50pct_overlap,scored_rest,3964,False,True,False
Subject33|rest|Subject33_1.edf|118.000|122.000,Subject33,rest,0,Subject33_1.edf,118.0,122.0,182.0,False,4.0,2.0,4s_windows_50pct_overlap,scored_rest,3965,False,True,False
Subject33|rest|Subject33_1.edf|120.000|124.000,Subject33,rest,0,Subject33_1.edf,120.0,124.0,182.0,False,4.0,2.0,4s_windows_50pct_overlap,scored_rest,3966,False,True,False
Subject33|rest|Subject33_1.edf|122.000|126.000,Subject33,rest,0,Subject33_1.edf,122.0,126.0,182.0,False,4.0,2.0,4s_windows_50pct_overlap,scored_rest,3967,False,True,False
Subject33|rest|Subject33_1.edf|124.000|128.000,Subject33,rest,0,Subject33_1.edf,124.0,128.0,182.0,False,4.0,2.0,4s_windows_50pct_overlap,scored_rest,3968,False,True,False
Subject33|rest|Subject33_1.edf|126.000|130.000,Subject33,rest,0,Subject33_1.edf,126.0,130.0,182.0,False,4.0,2.0,4s_windows_50pct_overlap,scored_rest,3969,False,True,False
Subject33|rest|Subject33_1.edf|128.000|132.000,Subject33,rest,0,Subject33_1.edf,128.0,132.0,182.0,False,4.0,2.0,4s_windows_50pct_overlap,scored_rest,3970,False,True,False
Subject33|rest|Subject33_1.edf|130.000|134.000,Subject33,rest,0,Subject33_1.edf,130.0,134.0,182.0,False,4.0,2.0,4s_windows_50pct_overlap,scored_rest,3971,False,True,False
Subject33|rest|Subject33_1.edf|132.000|136.000,Subject33,rest,0,Subject33_1.edf,132.0,136.0,182.0,False,4.0,2.0,4s_windows_50pct_overlap,scored_rest,3972,False,True,False
Subject33|rest|Subject33_1.edf|134.000|138.000,Subject33,rest,0,Subject33_1.edf,134.0,138.0,182.0,False,4.0,2.0,4s_windows_50pct_overlap,scored_rest,3973,False,True,False
Subject33|rest|Subject33_1.edf|136.000|140.000,Subject33,rest,0,Subject33_1.edf,136.0,140.0,182.0,False,4.0,2.0,4s_windows_50pct_overlap,scored_rest,3974,False,True,False
Subject33|rest|Subject33_1.edf|138.000|142.000,Subject33,rest,0,Subject33_1.edf,138.0,142.0,182.0,False,4.0,2.0,4s_windows_50pct_overlap,scored_rest,3975,False,True,False
Subject33|rest|Subject33_1.edf|140.000|144.000,Subject33,rest,0,Subject33_1.edf,140.0,144.0,182.0,False,4.0,2.0,4s_windows_50pct_overlap,scored_rest,3976,False,True,False
Subject33|rest|Subject33_1.edf|142.000|146.000,Subject33,rest,0,Subject33_1.edf,142.0,146.0,182.0,False,4.0,2.0,4s_windows_50pct_overlap,scored_rest,3977,False,True,False
Subject33|rest|Subject33_1.edf|144.000|148.000,Subject33,rest,0,Subject33_1.edf,144.0,148.0,182.0,False,4.0,2.0,4s_windows_50pct_overlap,scored_rest,3978,False,True,False
Subject33|rest|Subject33_1.edf|146.000|150.000,Subject33,rest,0,Subject33_1.edf,146.0,150.0,182.0,False,4.0,2.0,4s_windows_50pct_overlap,scored_rest,3979,False,True,False
Subject33|rest|Subject33_1.edf|148.000|152.000,Subject33,rest,0,Subject33_1.edf,148.0,152.0,182.0,False,4.0,2.0,4s_windows_50pct_overlap,scored_rest,3980,False,True,False
Subject33|rest|Subject33_1.edf|150.000|154.000,Subject33,rest,0,Subject33_1.edf,150.0,154.0,182.0,False,4.0,2.0,4s_windows_50pct_overlap,scored_rest,3981,False,True,False
Subject33|rest|Subject33_1.edf|152.000|156.000,Subject33,rest,0,Subject33_1.edf,152.0,156.0,182.0,False,4.0,2.0,4s_windows_50pct_overlap,scored_rest,3982,False,True,False
Subject33|rest|Subject33_1.edf|154.000|158.000,Subject33,rest,0,Subject33_1.edf,154.0,158.0,182.0,False,4.0,2.0,4s_windows_50pct_overlap,scored_rest,3983,False,True,False
Subject33|rest|Subject33_1.edf|156.000|160.000,Subject33,rest,0,Subject33_1.edf,156.0,160.0,182.0,False,4.0,2.0,4s_windows_50pct_overlap,scored_rest,3984,False,True,False
Subject33|rest|Subject33_1.edf|158.000|162.000,Subject33,rest,0,Subject33_1.edf,158.0,162.0,182.0,False,4.0,2.0,4s_windows_50pct_overlap,scored_rest,3985,False,True,False
Subject33|rest|Subject33_1.edf|160.000|164.000,Subject33,rest,0,Subject33_1.edf,160.0,164.0,182.0,False,4.0,2.0,4s_windows_50pct_overlap,scored_rest,3986,False,True,False
Subject33|rest|Subject33_1.edf|162.000|166.000,Subject33,rest,0,Subject33_1.edf,162.0,166.0,182.0,False,4.0,2.0,4s_windows_50pct_overlap,scored_rest,3987,False,True,False
Subject33|rest|Subject33_1.edf|164.000|168.000,Subject33,rest,0,Subject33_1.edf,164.0,168.0,182.0,False,4.0,2.0,4s_windows_50pct_overlap,scored_rest,3988,False,True,False
Subject33|rest|Subject33_1.edf|166.000|170.000,Subject33,rest,0,Subject33_1.edf,166.0,170.0,182.0,False,4.0,2.0,4s_windows_50pct_overlap,scored_rest,3989,False,True,False
Subject33|rest|Subject33_1.edf|168.000|172.000,Subject33,rest,0,Subject33_1.edf,168.0,172.0,182.0,False,4.0,2.0,4s_windows_50pct_overlap,scored_rest,3990,False,True,False
Subject33|rest|Subject33_1.edf|170.000|174.000,Subject33,rest,0,Subject33_1.edf,170.0,174.0,182.0,False,4.0,2.0,4s_windows_50pct_overlap,scored_rest,3991,False,True,False
Subject33|rest|Subject33_1.edf|172.000|176.000,Subject33,rest,0,Subject33_1.edf,172.0,176.0,182.0,False,4.0,2.0,4s_windows_50pct_overlap,scored_rest,3992,False,True,False
Subject33|rest|Subject33_1.edf|174.000|178.000,Subject33,rest,0,Subject33_1.edf,174.0,178.0,182.0,False,4.0,2.0,4s_windows_50pct_overlap,scored_rest,3993,False,True,False
Subject33|rest|Subject33_1.edf|176.000|180.000,Subject33,rest,0,Subject33_1.edf,176.0,180.0,182.0,False,4.0,2.0,4s_windows_50pct_overlap,scored_rest,3994,False,True,False
Subject33|rest|Subject33_1.edf|178.000|182.000,Subject33,rest,0,Subject33_1.edf,178.0,182.0,182.0,False,4.0,2.0,4s_windows_50pct_overlap,scored_rest,3995,False,True,False
Subject33|arithmetic|Subject33_2.edf|0.000|4.000,Subject33,arithmetic,1,Subject33_2.edf,0.0,4.0,62.0,False,4.0,2.0,4s_windows_50pct_overlap,scored_task,3996,False,True,False
Subject33|arithmetic|Subject33_2.edf|2.000|6.000,Subject33,arithmetic,1,Subject33_2.edf,2.0,6.0,62.0,False,4.0,2.0,4s_windows_50pct_overlap,scored_task,3997,False,True,False
Subject33|arithmetic|Subject33_2.edf|4.000|8.000,Subject33,arithmetic,1,Subject33_2.edf,4.0,8.0,62.0,False,4.0,2.0,4s_windows_50pct_overlap,scored_task,3998,False,True,False
Subject33|arithmetic|Subject33_2.edf|6.000|10.000,Subject33,arithmetic,1,Subject33_2.edf,6.0,10.0,62.0,False,4.0,2.0,4s_windows_50pct_overlap,scored_task,3999,False,True,False
Subject33|arithmetic|Subject33_2.edf|8.000|12.000,Subject33,arithmetic,1,Subject33_2.edf,8.0,12.0,62.0,False,4.0,2.0,4s_windows_50pct_overlap,scored_task,4000,False,True,False
Subject33|arithmetic|Subject33_2.edf|10.000|14.000,Subject33,arithmetic,1,Subject33_2.edf,10.0,14.0,62.0,False,4.0,2.0,4s_windows_50pct_overlap,scored_task,4001,False,True,False
Subject33|arithmetic|Subject33_2.edf|12.000|16.000,Subject33,arithmetic,1,Subject33_2.edf,12.0,16.0,62.0,False,4.0,2.0,4s_windows_50pct_overlap,scored_task,4002,False,True,False
Subject33|arithmetic|Subject33_2.edf|14.000|18.000,Subject33,arithmetic,1,Subject33_2.edf,14.0,18.0,62.0,False,4.0,2.0,4s_windows_50pct_overlap,scored_task,4003,False,True,False
Subject33|arithmetic|Subject33_2.edf|16.000|20.000,Subject33,arithmetic,1,Subject33_2.edf,16.0,20.0,62.0,False,4.0,2.0,4s_windows_50pct_overlap,scored_task,4004,False,True,False
Subject33|arithmetic|Subject33_2.edf|18.000|22.000,Subject33,arithmetic,1,Subject33_2.edf,18.0,22.0,62.0,False,4.0,2.0,4s_windows_50pct_overlap,scored_task,4005,False,True,False
Subject33|arithmetic|Subject33_2.edf|20.000|24.000,Subject33,arithmetic,1,Subject33_2.edf,20.0,24.0,62.0,False,4.0,2.0,4s_windows_50pct_overlap,scored_task,4006,False,True,False
Subject33|arithmetic|Subject33_2.edf|22.000|26.000,Subject33,arithmetic,1,Subject33_2.edf,22.0,26.0,62.0,False,4.0,2.0,4s_windows_50pct_overlap,scored_task,4007,False,True,False
Subject33|arithmetic|Subject33_2.edf|24.000|28.000,Subject33,arithmetic,1,Subject33_2.edf,24.0,28.0,62.0,False,4.0,2.0,4s_windows_50pct_overlap,scored_task,4008,False,True,False
Subject33|arithmetic|Subject33_2.edf|26.000|30.000,Subject33,arithmetic,1,Subject33_2.edf,26.0,30.0,62.0,False,4.0,2.0,4s_windows_50pct_overlap,scored_task,4009,False,True,False
Subject33|arithmetic|Subject33_2.edf|28.000|32.000,Subject33,arithmetic,1,Subject33_2.edf,28.0,32.0,62.0,False,4.0,2.0,4s_windows_50pct_overlap,scored_task,4010,False,True,False
Subject33|arithmetic|Subject33_2.edf|30.000|34.000,Subject33,arithmetic,1,Subject33_2.edf,30.0,34.0,62.0,False,4.0,2.0,4s_windows_50pct_overlap,scored_task,4011,False,True,False
Subject33|arithmetic|Subject33_2.edf|32.000|36.000,Subject33,arithmetic,1,Subject33_2.edf,32.0,36.0,62.0,False,4.0,2.0,4s_windows_50pct_overlap,scored_task,4012,False,True,False
Subject33|arithmetic|Subject33_2.edf|34.000|38.000,Subject33,arithmetic,1,Subject33_2.edf,34.0,38.0,62.0,False,4.0,2.0,4s_windows_50pct_overlap,scored_task,4013,False,True,False
Subject33|arithmetic|Subject33_2.edf|36.000|40.000,Subject33,arithmetic,1,Subject33_2.edf,36.0,40.0,62.0,False,4.0,2.0,4s_windows_50pct_overlap,scored_task,4014,False,True,False
Subject33|arithmetic|Subject33_2.edf|38.000|42.000,Subject33,arithmetic,1,Subject33_2.edf,38.0,42.0,62.0,False,4.0,2.0,4s_windows_50pct_overlap,scored_task,4015,False,True,False
Subject33|arithmetic|Subject33_2.edf|40.000|44.000,Subject33,arithmetic,1,Subject33_2.edf,40.0,44.0,62.0,False,4.0,2.0,4s_windows_50pct_overlap,scored_task,4016,False,True,False
Subject33|arithmetic|Subject33_2.edf|42.000|46.000,Subject33,arithmetic,1,Subject33_2.edf,42.0,46.0,62.0,False,4.0,2.0,4s_windows_50pct_overlap,scored_task,4017,False,True,False
Subject33|arithmetic|Subject33_2.edf|44.000|48.000,Subject33,arithmetic,1,Subject33_2.edf,44.0,48.0,62.0,False,4.0,2.0,4s_windows_50pct_overlap,scored_task,4018,False,True,False
Subject33|arithmetic|Subject33_2.edf|46.000|50.000,Subject33,arithmetic,1,Subject33_2.edf,46.0,50.0,62.0,False,4.0,2.0,4s_windows_50pct_overlap,scored_task,4019,False,True,False
Subject33|arithmetic|Subject33_2.edf|48.000|52.000,Subject33,arithmetic,1,Subject33_2.edf,48.0,52.0,62.0,False,4.0,2.0,4s_windows_50pct_overlap,scored_task,4020,False,True,False
Subject33|arithmetic|Subject33_2.edf|50.000|54.000,Subject33,arithmetic,1,Subject33_2.edf,50.0,54.0,62.0,False,4.0,2.0,4s_windows_50pct_overlap,scored_task,4021,False,True,False
Subject33|arithmetic|Subject33_2.edf|52.000|56.000,Subject33,arithmetic,1,Subject33_2.edf,52.0,56.0,62.0,False,4.0,2.0,4s_windows_50pct_overlap,scored_task,4022,False,True,False
Subject33|arithmetic|Subject33_2.edf|54.000|58.000,Subject33,arithmetic,1,Subject33_2.edf,54.0,58.0,62.0,False,4.0,2.0,4s_windows_50pct_overlap,scored_task,4023,False,True,False
Subject33|arithmetic|Subject33_2.edf|56.000|60.000,Subject33,arithmetic,1,Subject33_2.edf,56.0,60.0,62.0,False,4.0,2.0,4s_windows_50pct_overlap,scored_task,4024,False,True,False
Subject33|arithmetic|Subject33_2.edf|58.000|62.000,Subject33,arithmetic,1,Subject33_2.edf,58.0,62.0,62.0,False,4.0,2.0,4s_windows_50pct_overlap,scored_task,4025,False,True,False
Subject34|rest|Subject34_1.edf|0.000|4.000,Subject34,rest,0,Subject34_1.edf,0.0,4.0,182.0,False,4.0,2.0,4s_windows_50pct_overlap,calibration,4026,True,False,False
Subject34|rest|Subject34_1.edf|2.000|6.000,Subject34,rest,0,Subject34_1.edf,2.0,6.0,182.0,False,4.0,2.0,4s_windows_50pct_overlap,calibration,4027,True,False,False
Subject34|rest|Subject34_1.edf|4.000|8.000,Subject34,rest,0,Subject34_1.edf,4.0,8.0,182.0,False,4.0,2.0,4s_windows_50pct_overlap,calibration,4028,True,False,False
Subject34|rest|Subject34_1.edf|6.000|10.000,Subject34,rest,0,Subject34_1.edf,6.0,10.0,182.0,False,4.0,2.0,4s_windows_50pct_overlap,calibration,4029,True,False,False
Subject34|rest|Subject34_1.edf|8.000|12.000,Subject34,rest,0,Subject34_1.edf,8.0,12.0,182.0,False,4.0,2.0,4s_windows_50pct_overlap,calibration,4030,True,False,False
Subject34|rest|Subject34_1.edf|10.000|14.000,Subject34,rest,0,Subject34_1.edf,10.0,14.0,182.0,False,4.0,2.0,4s_windows_50pct_overlap,calibration,4031,True,False,False
Subject34|rest|Subject34_1.edf|12.000|16.000,Subject34,rest,0,Subject34_1.edf,12.0,16.0,182.0,False,4.0,2.0,4s_windows_50pct_overlap,calibration,4032,True,False,False
Subject34|rest|Subject34_1.edf|14.000|18.000,Subject34,rest,0,Subject34_1.edf,14.0,18.0,182.0,False,4.0,2.0,4s_windows_50pct_overlap,calibration,4033,True,False,False
Subject34|rest|Subject34_1.edf|16.000|20.000,Subject34,rest,0,Subject34_1.edf,16.0,20.0,182.0,False,4.0,2.0,4s_windows_50pct_overlap,calibration,4034,True,False,False
Subject34|rest|Subject34_1.edf|18.000|22.000,Subject34,rest,0,Subject34_1.edf,18.0,22.0,182.0,False,4.0,2.0,4s_windows_50pct_overlap,calibration,4035,True,False,False
Subject34|rest|Subject34_1.edf|20.000|24.000,Subject34,rest,0,Subject34_1.edf,20.0,24.0,182.0,False,4.0,2.0,4s_windows_50pct_overlap,calibration,4036,True,False,False
Subject34|rest|Subject34_1.edf|22.000|26.000,Subject34,rest,0,Subject34_1.edf,22.0,26.0,182.0,False,4.0,2.0,4s_windows_50pct_overlap,calibration,4037,True,False,False
Subject34|rest|Subject34_1.edf|24.000|28.000,Subject34,rest,0,Subject34_1.edf,24.0,28.0,182.0,False,4.0,2.0,4s_windows_50pct_overlap,calibration,4038,True,False,False
Subject34|rest|Subject34_1.edf|26.000|30.000,Subject34,rest,0,Subject34_1.edf,26.0,30.0,182.0,False,4.0,2.0,4s_windows_50pct_overlap,calibration,4039,True,False,False
Subject34|rest|Subject34_1.edf|28.000|32.000,Subject34,rest,0,Subject34_1.edf,28.0,32.0,182.0,False,4.0,2.0,4s_windows_50pct_overlap,calibration,4040,True,False,False
Subject34|rest|Subject34_1.edf|30.000|34.000,Subject34,rest,0,Subject34_1.edf,30.0,34.0,182.0,False,4.0,2.0,4s_windows_50pct_overlap,calibration,4041,True,False,False
Subject34|rest|Subject34_1.edf|32.000|36.000,Subject34,rest,0,Subject34_1.edf,32.0,36.0,182.0,False,4.0,2.0,4s_windows_50pct_overlap,calibration,4042,True,False,False
Subject34|rest|Subject34_1.edf|34.000|38.000,Subject34,rest,0,Subject34_1.edf,34.0,38.0,182.0,False,4.0,2.0,4s_windows_50pct_overlap,calibration,4043,True,False,False
Subject34|rest|Subject34_1.edf|36.000|40.000,Subject34,rest,0,Subject34_1.edf,36.0,40.0,182.0,False,4.0,2.0,4s_windows_50pct_overlap,calibration,4044,True,False,False
Subject34|rest|Subject34_1.edf|38.000|42.000,Subject34,rest,0,Subject34_1.edf,38.0,42.0,182.0,False,4.0,2.0,4s_windows_50pct_overlap,calibration,4045,True,False,False
Subject34|rest|Subject34_1.edf|40.000|44.000,Subject34,rest,0,Subject34_1.edf,40.0,44.0,182.0,False,4.0,2.0,4s_windows_50pct_overlap,calibration,4046,True,False,False
Subject34|rest|Subject34_1.edf|42.000|46.000,Subject34,rest,0,Subject34_1.edf,42.0,46.0,182.0,False,4.0,2.0,4s_windows_50pct_overlap,calibration,4047,True,False,False
Subject34|rest|Subject34_1.edf|44.000|48.000,Subject34,rest,0,Subject34_1.edf,44.0,48.0,182.0,False,4.0,2.0,4s_windows_50pct_overlap,calibration,4048,True,False,False
Subject34|rest|Subject34_1.edf|46.000|50.000,Subject34,rest,0,Subject34_1.edf,46.0,50.0,182.0,False,4.0,2.0,4s_windows_50pct_overlap,calibration,4049,True,False,False
Subject34|rest|Subject34_1.edf|48.000|52.000,Subject34,rest,0,Subject34_1.edf,48.0,52.0,182.0,False,4.0,2.0,4s_windows_50pct_overlap,calibration,4050,True,False,False
Subject34|rest|Subject34_1.edf|50.000|54.000,Subject34,rest,0,Subject34_1.edf,50.0,54.0,182.0,False,4.0,2.0,4s_windows_50pct_overlap,calibration,4051,True,False,False
Subject34|rest|Subject34_1.edf|52.000|56.000,Subject34,rest,0,Subject34_1.edf,52.0,56.0,182.0,False,4.0,2.0,4s_windows_50pct_overlap,calibration,4052,True,False,False
Subject34|rest|Subject34_1.edf|54.000|58.000,Subject34,rest,0,Subject34_1.edf,54.0,58.0,182.0,False,4.0,2.0,4s_windows_50pct_overlap,calibration,4053,True,False,False
Subject34|rest|Subject34_1.edf|56.000|60.000,Subject34,rest,0,Subject34_1.edf,56.0,60.0,182.0,False,4.0,2.0,4s_windows_50pct_overlap,calibration,4054,True,False,False
Subject34|rest|Subject34_1.edf|58.000|62.000,Subject34,rest,0,Subject34_1.edf,58.0,62.0,182.0,False,4.0,2.0,4s_windows_50pct_overlap,calibration,4055,True,False,False
Subject34|rest|Subject34_1.edf|60.000|64.000,Subject34,rest,0,Subject34_1.edf,60.0,64.0,182.0,False,4.0,2.0,4s_windows_50pct_overlap,scored_rest,4056,False,True,False
Subject34|rest|Subject34_1.edf|62.000|66.000,Subject34,rest,0,Subject34_1.edf,62.0,66.0,182.0,False,4.0,2.0,4s_windows_50pct_overlap,scored_rest,4057,False,True,False
Subject34|rest|Subject34_1.edf|64.000|68.000,Subject34,rest,0,Subject34_1.edf,64.0,68.0,182.0,False,4.0,2.0,4s_windows_50pct_overlap,scored_rest,4058,False,True,False
Subject34|rest|Subject34_1.edf|66.000|70.000,Subject34,rest,0,Subject34_1.edf,66.0,70.0,182.0,False,4.0,2.0,4s_windows_50pct_overlap,scored_rest,4059,False,True,False
Subject34|rest|Subject34_1.edf|68.000|72.000,Subject34,rest,0,Subject34_1.edf,68.0,72.0,182.0,False,4.0,2.0,4s_windows_50pct_overlap,scored_rest,4060,False,True,False
Subject34|rest|Subject34_1.edf|70.000|74.000,Subject34,rest,0,Subject34_1.edf,70.0,74.0,182.0,False,4.0,2.0,4s_windows_50pct_overlap,scored_rest,4061,False,True,False
Subject34|rest|Subject34_1.edf|72.000|76.000,Subject34,rest,0,Subject34_1.edf,72.0,76.0,182.0,False,4.0,2.0,4s_windows_50pct_overlap,scored_rest,4062,False,True,False
Subject34|rest|Subject34_1.edf|74.000|78.000,Subject34,rest,0,Subject34_1.edf,74.0,78.0,182.0,False,4.0,2.0,4s_windows_50pct_overlap,scored_rest,4063,False,True,False
Subject34|rest|Subject34_1.edf|76.000|80.000,Subject34,rest,0,Subject34_1.edf,76.0,80.0,182.0,False,4.0,2.0,4s_windows_50pct_overlap,scored_rest,4064,False,True,False
Subject34|rest|Subject34_1.edf|78.000|82.000,Subject34,rest,0,Subject34_1.edf,78.0,82.0,182.0,False,4.0,2.0,4s_windows_50pct_overlap,scored_rest,4065,False,True,False
Subject34|rest|Subject34_1.edf|80.000|84.000,Subject34,rest,0,Subject34_1.edf,80.0,84.0,182.0,False,4.0,2.0,4s_windows_50pct_overlap,scored_rest,4066,False,True,False
Subject34|rest|Subject34_1.edf|82.000|86.000,Subject34,rest,0,Subject34_1.edf,82.0,86.0,182.0,False,4.0,2.0,4s_windows_50pct_overlap,scored_rest,4067,False,True,False
Subject34|rest|Subject34_1.edf|84.000|88.000,Subject34,rest,0,Subject34_1.edf,84.0,88.0,182.0,False,4.0,2.0,4s_windows_50pct_overlap,scored_rest,4068,False,True,False
Subject34|rest|Subject34_1.edf|86.000|90.000,Subject34,rest,0,Subject34_1.edf,86.0,90.0,182.0,False,4.0,2.0,4s_windows_50pct_overlap,scored_rest,4069,False,True,False
Subject34|rest|Subject34_1.edf|88.000|92.000,Subject34,rest,0,Subject34_1.edf,88.0,92.0,182.0,False,4.0,2.0,4s_windows_50pct_overlap,scored_rest,4070,False,True,False
Subject34|rest|Subject34_1.edf|90.000|94.000,Subject34,rest,0,Subject34_1.edf,90.0,94.0,182.0,False,4.0,2.0,4s_windows_50pct_overlap,scored_rest,4071,False,True,False
Subject34|rest|Subject34_1.edf|92.000|96.000,Subject34,rest,0,Subject34_1.edf,92.0,96.0,182.0,False,4.0,2.0,4s_windows_50pct_overlap,scored_rest,4072,False,True,False
Subject34|rest|Subject34_1.edf|94.000|98.000,Subject34,rest,0,Subject34_1.edf,94.0,98.0,182.0,False,4.0,2.0,4s_windows_50pct_overlap,scored_rest,4073,False,True,False
Subject34|rest|Subject34_1.edf|96.000|100.000,Subject34,rest,0,Subject34_1.edf,96.0,100.0,182.0,False,4.0,2.0,4s_windows_50pct_overlap,scored_rest,4074,False,True,False
Subject34|rest|Subject34_1.edf|98.000|102.000,Subject34,rest,0,Subject34_1.edf,98.0,102.0,182.0,False,4.0,2.0,4s_windows_50pct_overlap,scored_rest,4075,False,True,False
Subject34|rest|Subject34_1.edf|100.000|104.000,Subject34,rest,0,Subject34_1.edf,100.0,104.0,182.0,False,4.0,2.0,4s_windows_50pct_overlap,scored_rest,4076,False,True,False
Subject34|rest|Subject34_1.edf|102.000|106.000,Subject34,rest,0,Subject34_1.edf,102.0,106.0,182.0,False,4.0,2.0,4s_windows_50pct_overlap,scored_rest,4077,False,True,False
Subject34|rest|Subject34_1.edf|104.000|108.000,Subject34,rest,0,Subject34_1.edf,104.0,108.0,182.0,False,4.0,2.0,4s_windows_50pct_overlap,scored_rest,4078,False,True,False
Subject34|rest|Subject34_1.edf|106.000|110.000,Subject34,rest,0,Subject34_1.edf,106.0,110.0,182.0,False,4.0,2.0,4s_windows_50pct_overlap,scored_rest,4079,False,True,False
Subject34|rest|Subject34_1.edf|108.000|112.000,Subject34,rest,0,Subject34_1.edf,108.0,112.0,182.0,False,4.0,2.0,4s_windows_50pct_overlap,scored_rest,4080,False,True,False
Subject34|rest|Subject34_1.edf|110.000|114.000,Subject34,rest,0,Subject34_1.edf,110.0,114.0,182.0,False,4.0,2.0,4s_windows_50pct_overlap,scored_rest,4081,False,True,False
Subject34|rest|Subject34_1.edf|112.000|116.000,Subject34,rest,0,Subject34_1.edf,112.0,116.0,182.0,False,4.0,2.0,4s_windows_50pct_overlap,scored_rest,4082,False,True,False
Subject34|rest|Subject34_1.edf|114.000|118.000,Subject34,rest,0,Subject34_1.edf,114.0,118.0,182.0,False,4.0,2.0,4s_windows_50pct_overlap,scored_rest,4083,False,True,False
Subject34|rest|Subject34_1.edf|116.000|120.000,Subject34,rest,0,Subject34_1.edf,116.0,120.0,182.0,False,4.0,2.0,4s_windows_50pct_overlap,scored_rest,4084,False,True,False
Subject34|rest|Subject34_1.edf|118.000|122.000,Subject34,rest,0,Subject34_1.edf,118.0,122.0,182.0,False,4.0,2.0,4s_windows_50pct_overlap,scored_rest,4085,False,True,False
Subject34|rest|Subject34_1.edf|120.000|124.000,Subject34,rest,0,Subject34_1.edf,120.0,124.0,182.0,False,4.0,2.0,4s_windows_50pct_overlap,scored_rest,4086,False,True,False
Subject34|rest|Subject34_1.edf|122.000|126.000,Subject34,rest,0,Subject34_1.edf,122.0,126.0,182.0,False,4.0,2.0,4s_windows_50pct_overlap,scored_rest,4087,False,True,False
Subject34|rest|Subject34_1.edf|124.000|128.000,Subject34,rest,0,Subject34_1.edf,124.0,128.0,182.0,False,4.0,2.0,4s_windows_50pct_overlap,scored_rest,4088,False,True,False
Subject34|rest|Subject34_1.edf|126.000|130.000,Subject34,rest,0,Subject34_1.edf,126.0,130.0,182.0,False,4.0,2.0,4s_windows_50pct_overlap,scored_rest,4089,False,True,False
Subject34|rest|Subject34_1.edf|128.000|132.000,Subject34,rest,0,Subject34_1.edf,128.0,132.0,182.0,False,4.0,2.0,4s_windows_50pct_overlap,scored_rest,4090,False,True,False
Subject34|rest|Subject34_1.edf|130.000|134.000,Subject34,rest,0,Subject34_1.edf,130.0,134.0,182.0,False,4.0,2.0,4s_windows_50pct_overlap,scored_rest,4091,False,True,False
Subject34|rest|Subject34_1.edf|132.000|136.000,Subject34,rest,0,Subject34_1.edf,132.0,136.0,182.0,False,4.0,2.0,4s_windows_50pct_overlap,scored_rest,4092,False,True,False
Subject34|rest|Subject34_1.edf|134.000|138.000,Subject34,rest,0,Subject34_1.edf,134.0,138.0,182.0,False,4.0,2.0,4s_windows_50pct_overlap,scored_rest,4093,False,True,False
Subject34|rest|Subject34_1.edf|136.000|140.000,Subject34,rest,0,Subject34_1.edf,136.0,140.0,182.0,False,4.0,2.0,4s_windows_50pct_overlap,scored_rest,4094,False,True,False
Subject34|rest|Subject34_1.edf|138.000|142.000,Subject34,rest,0,Subject34_1.edf,138.0,142.0,182.0,False,4.0,2.0,4s_windows_50pct_overlap,scored_rest,4095,False,True,False
Subject34|rest|Subject34_1.edf|140.000|144.000,Subject34,rest,0,Subject34_1.edf,140.0,144.0,182.0,False,4.0,2.0,4s_windows_50pct_overlap,scored_rest,4096,False,True,False
Subject34|rest|Subject34_1.edf|142.000|146.000,Subject34,rest,0,Subject34_1.edf,142.0,146.0,182.0,False,4.0,2.0,4s_windows_50pct_overlap,scored_rest,4097,False,True,False
Subject34|rest|Subject34_1.edf|144.000|148.000,Subject34,rest,0,Subject34_1.edf,144.0,148.0,182.0,False,4.0,2.0,4s_windows_50pct_overlap,scored_rest,4098,False,True,False
Subject34|rest|Subject34_1.edf|146.000|150.000,Subject34,rest,0,Subject34_1.edf,146.0,150.0,182.0,False,4.0,2.0,4s_windows_50pct_overlap,scored_rest,4099,False,True,False
Subject34|rest|Subject34_1.edf|148.000|152.000,Subject34,rest,0,Subject34_1.edf,148.0,152.0,182.0,False,4.0,2.0,4s_windows_50pct_overlap,scored_rest,4100,False,True,False
Subject34|rest|Subject34_1.edf|150.000|154.000,Subject34,rest,0,Subject34_1.edf,150.0,154.0,182.0,False,4.0,2.0,4s_windows_50pct_overlap,scored_rest,4101,False,True,False
Subject34|rest|Subject34_1.edf|152.000|156.000,Subject34,rest,0,Subject34_1.edf,152.0,156.0,182.0,False,4.0,2.0,4s_windows_50pct_overlap,scored_rest,4102,False,True,False
Subject34|rest|Subject34_1.edf|154.000|158.000,Subject34,rest,0,Subject34_1.edf,154.0,158.0,182.0,False,4.0,2.0,4s_windows_50pct_overlap,scored_rest,4103,False,True,False
Subject34|rest|Subject34_1.edf|156.000|160.000,Subject34,rest,0,Subject34_1.edf,156.0,160.0,182.0,False,4.0,2.0,4s_windows_50pct_overlap,scored_rest,4104,False,True,False
Subject34|rest|Subject34_1.edf|158.000|162.000,Subject34,rest,0,Subject34_1.edf,158.0,162.0,182.0,False,4.0,2.0,4s_windows_50pct_overlap,scored_rest,4105,False,True,False
Subject34|rest|Subject34_1.edf|160.000|164.000,Subject34,rest,0,Subject34_1.edf,160.0,164.0,182.0,False,4.0,2.0,4s_windows_50pct_overlap,scored_rest,4106,False,True,False
Subject34|rest|Subject34_1.edf|162.000|166.000,Subject34,rest,0,Subject34_1.edf,162.0,166.0,182.0,False,4.0,2.0,4s_windows_50pct_overlap,scored_rest,4107,False,True,False
Subject34|rest|Subject34_1.edf|164.000|168.000,Subject34,rest,0,Subject34_1.edf,164.0,168.0,182.0,False,4.0,2.0,4s_windows_50pct_overlap,scored_rest,4108,False,True,False
Subject34|rest|Subject34_1.edf|166.000|170.000,Subject34,rest,0,Subject34_1.edf,166.0,170.0,182.0,False,4.0,2.0,4s_windows_50pct_overlap,scored_rest,4109,False,True,False
Subject34|rest|Subject34_1.edf|168.000|172.000,Subject34,rest,0,Subject34_1.edf,168.0,172.0,182.0,False,4.0,2.0,4s_windows_50pct_overlap,scored_rest,4110,False,True,False
Subject34|rest|Subject34_1.edf|170.000|174.000,Subject34,rest,0,Subject34_1.edf,170.0,174.0,182.0,False,4.0,2.0,4s_windows_50pct_overlap,scored_rest,4111,False,True,False
Subject34|rest|Subject34_1.edf|172.000|176.000,Subject34,rest,0,Subject34_1.edf,172.0,176.0,182.0,False,4.0,2.0,4s_windows_50pct_overlap,scored_rest,4112,False,True,False
Subject34|rest|Subject34_1.edf|174.000|178.000,Subject34,rest,0,Subject34_1.edf,174.0,178.0,182.0,False,4.0,2.0,4s_windows_50pct_overlap,scored_rest,4113,False,True,False
Subject34|rest|Subject34_1.edf|176.000|180.000,Subject34,rest,0,Subject34_1.edf,176.0,180.0,182.0,False,4.0,2.0,4s_windows_50pct_overlap,scored_rest,4114,False,True,False
Subject34|rest|Subject34_1.edf|178.000|182.000,Subject34,rest,0,Subject34_1.edf,178.0,182.0,182.0,False,4.0,2.0,4s_windows_50pct_overlap,scored_rest,4115,False,True,False
Subject34|arithmetic|Subject34_2.edf|0.000|4.000,Subject34,arithmetic,1,Subject34_2.edf,0.0,4.0,62.0,False,4.0,2.0,4s_windows_50pct_overlap,scored_task,4116,False,True,False
Subject34|arithmetic|Subject34_2.edf|2.000|6.000,Subject34,arithmetic,1,Subject34_2.edf,2.0,6.0,62.0,False,4.0,2.0,4s_windows_50pct_overlap,scored_task,4117,False,True,False
Subject34|arithmetic|Subject34_2.edf|4.000|8.000,Subject34,arithmetic,1,Subject34_2.edf,4.0,8.0,62.0,False,4.0,2.0,4s_windows_50pct_overlap,scored_task,4118,False,True,False
Subject34|arithmetic|Subject34_2.edf|6.000|10.000,Subject34,arithmetic,1,Subject34_2.edf,6.0,10.0,62.0,False,4.0,2.0,4s_windows_50pct_overlap,scored_task,4119,False,True,False
Subject34|arithmetic|Subject34_2.edf|8.000|12.000,Subject34,arithmetic,1,Subject34_2.edf,8.0,12.0,62.0,False,4.0,2.0,4s_windows_50pct_overlap,scored_task,4120,False,True,False
Subject34|arithmetic|Subject34_2.edf|10.000|14.000,Subject34,arithmetic,1,Subject34_2.edf,10.0,14.0,62.0,False,4.0,2.0,4s_windows_50pct_overlap,scored_task,4121,False,True,False
Subject34|arithmetic|Subject34_2.edf|12.000|16.000,Subject34,arithmetic,1,Subject34_2.edf,12.0,16.0,62.0,False,4.0,2.0,4s_windows_50pct_overlap,scored_task,4122,False,True,False
Subject34|arithmetic|Subject34_2.edf|14.000|18.000,Subject34,arithmetic,1,Subject34_2.edf,14.0,18.0,62.0,False,4.0,2.0,4s_windows_50pct_overlap,scored_task,4123,False,True,False
Subject34|arithmetic|Subject34_2.edf|16.000|20.000,Subject34,arithmetic,1,Subject34_2.edf,16.0,20.0,62.0,False,4.0,2.0,4s_windows_50pct_overlap,scored_task,4124,False,True,False
Subject34|arithmetic|Subject34_2.edf|18.000|22.000,Subject34,arithmetic,1,Subject34_2.edf,18.0,22.0,62.0,False,4.0,2.0,4s_windows_50pct_overlap,scored_task,4125,False,True,False
Subject34|arithmetic|Subject34_2.edf|20.000|24.000,Subject34,arithmetic,1,Subject34_2.edf,20.0,24.0,62.0,False,4.0,2.0,4s_windows_50pct_overlap,scored_task,4126,False,True,False
Subject34|arithmetic|Subject34_2.edf|22.000|26.000,Subject34,arithmetic,1,Subject34_2.edf,22.0,26.0,62.0,False,4.0,2.0,4s_windows_50pct_overlap,scored_task,4127,False,True,False
Subject34|arithmetic|Subject34_2.edf|24.000|28.000,Subject34,arithmetic,1,Subject34_2.edf,24.0,28.0,62.0,False,4.0,2.0,4s_windows_50pct_overlap,scored_task,4128,False,True,False
Subject34|arithmetic|Subject34_2.edf|26.000|30.000,Subject34,arithmetic,1,Subject34_2.edf,26.0,30.0,62.0,False,4.0,2.0,4s_windows_50pct_overlap,scored_task,4129,False,True,False
Subject34|arithmetic|Subject34_2.edf|28.000|32.000,Subject34,arithmetic,1,Subject34_2.edf,28.0,32.0,62.0,False,4.0,2.0,4s_windows_50pct_overlap,scored_task,4130,False,True,False
Subject34|arithmetic|Subject34_2.edf|30.000|34.000,Subject34,arithmetic,1,Subject34_2.edf,30.0,34.0,62.0,False,4.0,2.0,4s_windows_50pct_overlap,scored_task,4131,False,True,False
Subject34|arithmetic|Subject34_2.edf|32.000|36.000,Subject34,arithmetic,1,Subject34_2.edf,32.0,36.0,62.0,False,4.0,2.0,4s_windows_50pct_overlap,scored_task,4132,False,True,False
Subject34|arithmetic|Subject34_2.edf|34.000|38.000,Subject34,arithmetic,1,Subject34_2.edf,34.0,38.0,62.0,False,4.0,2.0,4s_windows_50pct_overlap,scored_task,4133,False,True,False
Subject34|arithmetic|Subject34_2.edf|36.000|40.000,Subject34,arithmetic,1,Subject34_2.edf,36.0,40.0,62.0,False,4.0,2.0,4s_windows_50pct_overlap,scored_task,4134,False,True,False
Subject34|arithmetic|Subject34_2.edf|38.000|42.000,Subject34,arithmetic,1,Subject34_2.edf,38.0,42.0,62.0,False,4.0,2.0,4s_windows_50pct_overlap,scored_task,4135,False,True,False
Subject34|arithmetic|Subject34_2.edf|40.000|44.000,Subject34,arithmetic,1,Subject34_2.edf,40.0,44.0,62.0,False,4.0,2.0,4s_windows_50pct_overlap,scored_task,4136,False,True,False
Subject34|arithmetic|Subject34_2.edf|42.000|46.000,Subject34,arithmetic,1,Subject34_2.edf,42.0,46.0,62.0,False,4.0,2.0,4s_windows_50pct_overlap,scored_task,4137,False,True,False
Subject34|arithmetic|Subject34_2.edf|44.000|48.000,Subject34,arithmetic,1,Subject34_2.edf,44.0,48.0,62.0,False,4.0,2.0,4s_windows_50pct_overlap,scored_task,4138,False,True,False
Subject34|arithmetic|Subject34_2.edf|46.000|50.000,Subject34,arithmetic,1,Subject34_2.edf,46.0,50.0,62.0,False,4.0,2.0,4s_windows_50pct_overlap,scored_task,4139,False,True,False
Subject34|arithmetic|Subject34_2.edf|48.000|52.000,Subject34,arithmetic,1,Subject34_2.edf,48.0,52.0,62.0,False,4.0,2.0,4s_windows_50pct_overlap,scored_task,4140,False,True,False
Subject34|arithmetic|Subject34_2.edf|50.000|54.000,Subject34,arithmetic,1,Subject34_2.edf,50.0,54.0,62.0,False,4.0,2.0,4s_windows_50pct_overlap,scored_task,4141,False,True,False
Subject34|arithmetic|Subject34_2.edf|52.000|56.000,Subject34,arithmetic,1,Subject34_2.edf,52.0,56.0,62.0,False,4.0,2.0,4s_windows_50pct_overlap,scored_task,4142,False,True,False
Subject34|arithmetic|Subject34_2.edf|54.000|58.000,Subject34,arithmetic,1,Subject34_2.edf,54.0,58.0,62.0,False,4.0,2.0,4s_windows_50pct_overlap,scored_task,4143,False,True,False
Subject34|arithmetic|Subject34_2.edf|56.000|60.000,Subject34,arithmetic,1,Subject34_2.edf,56.0,60.0,62.0,False,4.0,2.0,4s_windows_50pct_overlap,scored_task,4144,False,True,False
Subject34|arithmetic|Subject34_2.edf|58.000|62.000,Subject34,arithmetic,1,Subject34_2.edf,58.0,62.0,62.0,False,4.0,2.0,4s_windows_50pct_overlap,scored_task,4145,False,True,False
Subject35|rest|Subject35_1.edf|0.000|4.000,Subject35,rest,0,Subject35_1.edf,0.0,4.0,182.0,False,4.0,2.0,4s_windows_50pct_overlap,calibration,4146,True,False,False
Subject35|rest|Subject35_1.edf|2.000|6.000,Subject35,rest,0,Subject35_1.edf,2.0,6.0,182.0,False,4.0,2.0,4s_windows_50pct_overlap,calibration,4147,True,False,False
Subject35|rest|Subject35_1.edf|4.000|8.000,Subject35,rest,0,Subject35_1.edf,4.0,8.0,182.0,False,4.0,2.0,4s_windows_50pct_overlap,calibration,4148,True,False,False
Subject35|rest|Subject35_1.edf|6.000|10.000,Subject35,rest,0,Subject35_1.edf,6.0,10.0,182.0,False,4.0,2.0,4s_windows_50pct_overlap,calibration,4149,True,False,False
Subject35|rest|Subject35_1.edf|8.000|12.000,Subject35,rest,0,Subject35_1.edf,8.0,12.0,182.0,False,4.0,2.0,4s_windows_50pct_overlap,calibration,4150,True,False,False
Subject35|rest|Subject35_1.edf|10.000|14.000,Subject35,rest,0,Subject35_1.edf,10.0,14.0,182.0,False,4.0,2.0,4s_windows_50pct_overlap,calibration,4151,True,False,False
Subject35|rest|Subject35_1.edf|12.000|16.000,Subject35,rest,0,Subject35_1.edf,12.0,16.0,182.0,False,4.0,2.0,4s_windows_50pct_overlap,calibration,4152,True,False,False
Subject35|rest|Subject35_1.edf|14.000|18.000,Subject35,rest,0,Subject35_1.edf,14.0,18.0,182.0,False,4.0,2.0,4s_windows_50pct_overlap,calibration,4153,True,False,False
Subject35|rest|Subject35_1.edf|16.000|20.000,Subject35,rest,0,Subject35_1.edf,16.0,20.0,182.0,False,4.0,2.0,4s_windows_50pct_overlap,calibration,4154,True,False,False
Subject35|rest|Subject35_1.edf|18.000|22.000,Subject35,rest,0,Subject35_1.edf,18.0,22.0,182.0,False,4.0,2.0,4s_windows_50pct_overlap,calibration,4155,True,False,False
Subject35|rest|Subject35_1.edf|20.000|24.000,Subject35,rest,0,Subject35_1.edf,20.0,24.0,182.0,False,4.0,2.0,4s_windows_50pct_overlap,calibration,4156,True,False,False
Subject35|rest|Subject35_1.edf|22.000|26.000,Subject35,rest,0,Subject35_1.edf,22.0,26.0,182.0,False,4.0,2.0,4s_windows_50pct_overlap,calibration,4157,True,False,False
Subject35|rest|Subject35_1.edf|24.000|28.000,Subject35,rest,0,Subject35_1.edf,24.0,28.0,182.0,False,4.0,2.0,4s_windows_50pct_overlap,calibration,4158,True,False,False
Subject35|rest|Subject35_1.edf|26.000|30.000,Subject35,rest,0,Subject35_1.edf,26.0,30.0,182.0,False,4.0,2.0,4s_windows_50pct_overlap,calibration,4159,True,False,False
Subject35|rest|Subject35_1.edf|28.000|32.000,Subject35,rest,0,Subject35_1.edf,28.0,32.0,182.0,False,4.0,2.0,4s_windows_50pct_overlap,calibration,4160,True,False,False
Subject35|rest|Subject35_1.edf|30.000|34.000,Subject35,rest,0,Subject35_1.edf,30.0,34.0,182.0,False,4.0,2.0,4s_windows_50pct_overlap,calibration,4161,True,False,False
Subject35|rest|Subject35_1.edf|32.000|36.000,Subject35,rest,0,Subject35_1.edf,32.0,36.0,182.0,False,4.0,2.0,4s_windows_50pct_overlap,calibration,4162,True,False,False
Subject35|rest|Subject35_1.edf|34.000|38.000,Subject35,rest,0,Subject35_1.edf,34.0,38.0,182.0,False,4.0,2.0,4s_windows_50pct_overlap,calibration,4163,True,False,False
Subject35|rest|Subject35_1.edf|36.000|40.000,Subject35,rest,0,Subject35_1.edf,36.0,40.0,182.0,False,4.0,2.0,4s_windows_50pct_overlap,calibration,4164,True,False,False
Subject35|rest|Subject35_1.edf|38.000|42.000,Subject35,rest,0,Subject35_1.edf,38.0,42.0,182.0,False,4.0,2.0,4s_windows_50pct_overlap,calibration,4165,True,False,False
Subject35|rest|Subject35_1.edf|40.000|44.000,Subject35,rest,0,Subject35_1.edf,40.0,44.0,182.0,False,4.0,2.0,4s_windows_50pct_overlap,calibration,4166,True,False,False
Subject35|rest|Subject35_1.edf|42.000|46.000,Subject35,rest,0,Subject35_1.edf,42.0,46.0,182.0,False,4.0,2.0,4s_windows_50pct_overlap,calibration,4167,True,False,False
Subject35|rest|Subject35_1.edf|44.000|48.000,Subject35,rest,0,Subject35_1.edf,44.0,48.0,182.0,False,4.0,2.0,4s_windows_50pct_overlap,calibration,4168,True,False,False
Subject35|rest|Subject35_1.edf|46.000|50.000,Subject35,rest,0,Subject35_1.edf,46.0,50.0,182.0,False,4.0,2.0,4s_windows_50pct_overlap,calibration,4169,True,False,False
Subject35|rest|Subject35_1.edf|48.000|52.000,Subject35,rest,0,Subject35_1.edf,48.0,52.0,182.0,False,4.0,2.0,4s_windows_50pct_overlap,calibration,4170,True,False,False
Subject35|rest|Subject35_1.edf|50.000|54.000,Subject35,rest,0,Subject35_1.edf,50.0,54.0,182.0,False,4.0,2.0,4s_windows_50pct_overlap,calibration,4171,True,False,False
Subject35|rest|Subject35_1.edf|52.000|56.000,Subject35,rest,0,Subject35_1.edf,52.0,56.0,182.0,False,4.0,2.0,4s_windows_50pct_overlap,calibration,4172,True,False,False
Subject35|rest|Subject35_1.edf|54.000|58.000,Subject35,rest,0,Subject35_1.edf,54.0,58.0,182.0,False,4.0,2.0,4s_windows_50pct_overlap,calibration,4173,True,False,False
Subject35|rest|Subject35_1.edf|56.000|60.000,Subject35,rest,0,Subject35_1.edf,56.0,60.0,182.0,False,4.0,2.0,4s_windows_50pct_overlap,calibration,4174,True,False,False
Subject35|rest|Subject35_1.edf|58.000|62.000,Subject35,rest,0,Subject35_1.edf,58.0,62.0,182.0,False,4.0,2.0,4s_windows_50pct_overlap,calibration,4175,True,False,False
Subject35|rest|Subject35_1.edf|60.000|64.000,Subject35,rest,0,Subject35_1.edf,60.0,64.0,182.0,False,4.0,2.0,4s_windows_50pct_overlap,scored_rest,4176,False,True,False
Subject35|rest|Subject35_1.edf|62.000|66.000,Subject35,rest,0,Subject35_1.edf,62.0,66.0,182.0,False,4.0,2.0,4s_windows_50pct_overlap,scored_rest,4177,False,True,False
Subject35|rest|Subject35_1.edf|64.000|68.000,Subject35,rest,0,Subject35_1.edf,64.0,68.0,182.0,False,4.0,2.0,4s_windows_50pct_overlap,scored_rest,4178,False,True,False
Subject35|rest|Subject35_1.edf|66.000|70.000,Subject35,rest,0,Subject35_1.edf,66.0,70.0,182.0,False,4.0,2.0,4s_windows_50pct_overlap,scored_rest,4179,False,True,False
Subject35|rest|Subject35_1.edf|68.000|72.000,Subject35,rest,0,Subject35_1.edf,68.0,72.0,182.0,False,4.0,2.0,4s_windows_50pct_overlap,scored_rest,4180,False,True,False
Subject35|rest|Subject35_1.edf|70.000|74.000,Subject35,rest,0,Subject35_1.edf,70.0,74.0,182.0,False,4.0,2.0,4s_windows_50pct_overlap,scored_rest,4181,False,True,False
Subject35|rest|Subject35_1.edf|72.000|76.000,Subject35,rest,0,Subject35_1.edf,72.0,76.0,182.0,False,4.0,2.0,4s_windows_50pct_overlap,scored_rest,4182,False,True,False
Subject35|rest|Subject35_1.edf|74.000|78.000,Subject35,rest,0,Subject35_1.edf,74.0,78.0,182.0,False,4.0,2.0,4s_windows_50pct_overlap,scored_rest,4183,False,True,False
Subject35|rest|Subject35_1.edf|76.000|80.000,Subject35,rest,0,Subject35_1.edf,76.0,80.0,182.0,False,4.0,2.0,4s_windows_50pct_overlap,scored_rest,4184,False,True,False
Subject35|rest|Subject35_1.edf|78.000|82.000,Subject35,rest,0,Subject35_1.edf,78.0,82.0,182.0,False,4.0,2.0,4s_windows_50pct_overlap,scored_rest,4185,False,True,False
Subject35|rest|Subject35_1.edf|80.000|84.000,Subject35,rest,0,Subject35_1.edf,80.0,84.0,182.0,False,4.0,2.0,4s_windows_50pct_overlap,scored_rest,4186,False,True,False
Subject35|rest|Subject35_1.edf|82.000|86.000,Subject35,rest,0,Subject35_1.edf,82.0,86.0,182.0,False,4.0,2.0,4s_windows_50pct_overlap,scored_rest,4187,False,True,False
Subject35|rest|Subject35_1.edf|84.000|88.000,Subject35,rest,0,Subject35_1.edf,84.0,88.0,182.0,False,4.0,2.0,4s_windows_50pct_overlap,scored_rest,4188,False,True,False
Subject35|rest|Subject35_1.edf|86.000|90.000,Subject35,rest,0,Subject35_1.edf,86.0,90.0,182.0,False,4.0,2.0,4s_windows_50pct_overlap,scored_rest,4189,False,True,False
Subject35|rest|Subject35_1.edf|88.000|92.000,Subject35,rest,0,Subject35_1.edf,88.0,92.0,182.0,False,4.0,2.0,4s_windows_50pct_overlap,scored_rest,4190,False,True,False
Subject35|rest|Subject35_1.edf|90.000|94.000,Subject35,rest,0,Subject35_1.edf,90.0,94.0,182.0,False,4.0,2.0,4s_windows_50pct_overlap,scored_rest,4191,False,True,False
Subject35|rest|Subject35_1.edf|92.000|96.000,Subject35,rest,0,Subject35_1.edf,92.0,96.0,182.0,False,4.0,2.0,4s_windows_50pct_overlap,scored_rest,4192,False,True,False
Subject35|rest|Subject35_1.edf|94.000|98.000,Subject35,rest,0,Subject35_1.edf,94.0,98.0,182.0,False,4.0,2.0,4s_windows_50pct_overlap,scored_rest,4193,False,True,False
Subject35|rest|Subject35_1.edf|96.000|100.000,Subject35,rest,0,Subject35_1.edf,96.0,100.0,182.0,False,4.0,2.0,4s_windows_50pct_overlap,scored_rest,4194,False,True,False
Subject35|rest|Subject35_1.edf|98.000|102.000,Subject35,rest,0,Subject35_1.edf,98.0,102.0,182.0,False,4.0,2.0,4s_windows_50pct_overlap,scored_rest,4195,False,True,False
Subject35|rest|Subject35_1.edf|100.000|104.000,Subject35,rest,0,Subject35_1.edf,100.0,104.0,182.0,False,4.0,2.0,4s_windows_50pct_overlap,scored_rest,4196,False,True,False
Subject35|rest|Subject35_1.edf|102.000|106.000,Subject35,rest,0,Subject35_1.edf,102.0,106.0,182.0,False,4.0,2.0,4s_windows_50pct_overlap,scored_rest,4197,False,True,False
Subject35|rest|Subject35_1.edf|104.000|108.000,Subject35,rest,0,Subject35_1.edf,104.0,108.0,182.0,False,4.0,2.0,4s_windows_50pct_overlap,scored_rest,4198,False,True,False
Subject35|rest|Subject35_1.edf|106.000|110.000,Subject35,rest,0,Subject35_1.edf,106.0,110.0,182.0,False,4.0,2.0,4s_windows_50pct_overlap,scored_rest,4199,False,True,False
Subject35|rest|Subject35_1.edf|108.000|112.000,Subject35,rest,0,Subject35_1.edf,108.0,112.0,182.0,False,4.0,2.0,4s_windows_50pct_overlap,scored_rest,4200,False,True,False
Subject35|rest|Subject35_1.edf|110.000|114.000,Subject35,rest,0,Subject35_1.edf,110.0,114.0,182.0,False,4.0,2.0,4s_windows_50pct_overlap,scored_rest,4201,False,True,False
Subject35|rest|Subject35_1.edf|112.000|116.000,Subject35,rest,0,Subject35_1.edf,112.0,116.0,182.0,False,4.0,2.0,4s_windows_50pct_overlap,scored_rest,4202,False,True,False
Subject35|rest|Subject35_1.edf|114.000|118.000,Subject35,rest,0,Subject35_1.edf,114.0,118.0,182.0,False,4.0,2.0,4s_windows_50pct_overlap,scored_rest,4203,False,True,False
Subject35|rest|Subject35_1.edf|116.000|120.000,Subject35,rest,0,Subject35_1.edf,116.0,120.0,182.0,False,4.0,2.0,4s_windows_50pct_overlap,scored_rest,4204,False,True,False
Subject35|rest|Subject35_1.edf|118.000|122.000,Subject35,rest,0,Subject35_1.edf,118.0,122.0,182.0,False,4.0,2.0,4s_windows_50pct_overlap,scored_rest,4205,False,True,False
Subject35|rest|Subject35_1.edf|120.000|124.000,Subject35,rest,0,Subject35_1.edf,120.0,124.0,182.0,False,4.0,2.0,4s_windows_50pct_overlap,scored_rest,4206,False,True,False
Subject35|rest|Subject35_1.edf|122.000|126.000,Subject35,rest,0,Subject35_1.edf,122.0,126.0,182.0,False,4.0,2.0,4s_windows_50pct_overlap,scored_rest,4207,False,True,False
Subject35|rest|Subject35_1.edf|124.000|128.000,Subject35,rest,0,Subject35_1.edf,124.0,128.0,182.0,False,4.0,2.0,4s_windows_50pct_overlap,scored_rest,4208,False,True,False
Subject35|rest|Subject35_1.edf|126.000|130.000,Subject35,rest,0,Subject35_1.edf,126.0,130.0,182.0,False,4.0,2.0,4s_windows_50pct_overlap,scored_rest,4209,False,True,False
Subject35|rest|Subject35_1.edf|128.000|132.000,Subject35,rest,0,Subject35_1.edf,128.0,132.0,182.0,False,4.0,2.0,4s_windows_50pct_overlap,scored_rest,4210,False,True,False
Subject35|rest|Subject35_1.edf|130.000|134.000,Subject35,rest,0,Subject35_1.edf,130.0,134.0,182.0,False,4.0,2.0,4s_windows_50pct_overlap,scored_rest,4211,False,True,False
Subject35|rest|Subject35_1.edf|132.000|136.000,Subject35,rest,0,Subject35_1.edf,132.0,136.0,182.0,False,4.0,2.0,4s_windows_50pct_overlap,scored_rest,4212,False,True,False
Subject35|rest|Subject35_1.edf|134.000|138.000,Subject35,rest,0,Subject35_1.edf,134.0,138.0,182.0,False,4.0,2.0,4s_windows_50pct_overlap,scored_rest,4213,False,True,False
Subject35|rest|Subject35_1.edf|136.000|140.000,Subject35,rest,0,Subject35_1.edf,136.0,140.0,182.0,False,4.0,2.0,4s_windows_50pct_overlap,scored_rest,4214,False,True,False
Subject35|rest|Subject35_1.edf|138.000|142.000,Subject35,rest,0,Subject35_1.edf,138.0,142.0,182.0,False,4.0,2.0,4s_windows_50pct_overlap,scored_rest,4215,False,True,False
Subject35|rest|Subject35_1.edf|140.000|144.000,Subject35,rest,0,Subject35_1.edf,140.0,144.0,182.0,False,4.0,2.0,4s_windows_50pct_overlap,scored_rest,4216,False,True,False
Subject35|rest|Subject35_1.edf|142.000|146.000,Subject35,rest,0,Subject35_1.edf,142.0,146.0,182.0,False,4.0,2.0,4s_windows_50pct_overlap,scored_rest,4217,False,True,False
Subject35|rest|Subject35_1.edf|144.000|148.000,Subject35,rest,0,Subject35_1.edf,144.0,148.0,182.0,False,4.0,2.0,4s_windows_50pct_overlap,scored_rest,4218,False,True,False
Subject35|rest|Subject35_1.edf|146.000|150.000,Subject35,rest,0,Subject35_1.edf,146.0,150.0,182.0,False,4.0,2.0,4s_windows_50pct_overlap,scored_rest,4219,False,True,False
Subject35|rest|Subject35_1.edf|148.000|152.000,Subject35,rest,0,Subject35_1.edf,148.0,152.0,182.0,False,4.0,2.0,4s_windows_50pct_overlap,scored_rest,4220,False,True,False
Subject35|rest|Subject35_1.edf|150.000|154.000,Subject35,rest,0,Subject35_1.edf,150.0,154.0,182.0,False,4.0,2.0,4s_windows_50pct_overlap,scored_rest,4221,False,True,False
Subject35|rest|Subject35_1.edf|152.000|156.000,Subject35,rest,0,Subject35_1.edf,152.0,156.0,182.0,False,4.0,2.0,4s_windows_50pct_overlap,scored_rest,4222,False,True,False
Subject35|rest|Subject35_1.edf|154.000|158.000,Subject35,rest,0,Subject35_1.edf,154.0,158.0,182.0,False,4.0,2.0,4s_windows_50pct_overlap,scored_rest,4223,False,True,False
Subject35|rest|Subject35_1.edf|156.000|160.000,Subject35,rest,0,Subject35_1.edf,156.0,160.0,182.0,False,4.0,2.0,4s_windows_50pct_overlap,scored_rest,4224,False,True,False
Subject35|rest|Subject35_1.edf|158.000|162.000,Subject35,rest,0,Subject35_1.edf,158.0,162.0,182.0,False,4.0,2.0,4s_windows_50pct_overlap,scored_rest,4225,False,True,False
Subject35|rest|Subject35_1.edf|160.000|164.000,Subject35,rest,0,Subject35_1.edf,160.0,164.0,182.0,False,4.0,2.0,4s_windows_50pct_overlap,scored_rest,4226,False,True,False
Subject35|rest|Subject35_1.edf|162.000|166.000,Subject35,rest,0,Subject35_1.edf,162.0,166.0,182.0,False,4.0,2.0,4s_windows_50pct_overlap,scored_rest,4227,False,True,False
Subject35|rest|Subject35_1.edf|164.000|168.000,Subject35,rest,0,Subject35_1.edf,164.0,168.0,182.0,False,4.0,2.0,4s_windows_50pct_overlap,scored_rest,4228,False,True,False
Subject35|rest|Subject35_1.edf|166.000|170.000,Subject35,rest,0,Subject35_1.edf,166.0,170.0,182.0,False,4.0,2.0,4s_windows_50pct_overlap,scored_rest,4229,False,True,False
Subject35|rest|Subject35_1.edf|168.000|172.000,Subject35,rest,0,Subject35_1.edf,168.0,172.0,182.0,False,4.0,2.0,4s_windows_50pct_overlap,scored_rest,4230,False,True,False
Subject35|rest|Subject35_1.edf|170.000|174.000,Subject35,rest,0,Subject35_1.edf,170.0,174.0,182.0,False,4.0,2.0,4s_windows_50pct_overlap,scored_rest,4231,False,True,False
Subject35|rest|Subject35_1.edf|172.000|176.000,Subject35,rest,0,Subject35_1.edf,172.0,176.0,182.0,False,4.0,2.0,4s_windows_50pct_overlap,scored_rest,4232,False,True,False
Subject35|rest|Subject35_1.edf|174.000|178.000,Subject35,rest,0,Subject35_1.edf,174.0,178.0,182.0,False,4.0,2.0,4s_windows_50pct_overlap,scored_rest,4233,False,True,False
Subject35|rest|Subject35_1.edf|176.000|180.000,Subject35,rest,0,Subject35_1.edf,176.0,180.0,182.0,False,4.0,2.0,4s_windows_50pct_overlap,scored_rest,4234,False,True,False
Subject35|rest|Subject35_1.edf|178.000|182.000,Subject35,rest,0,Subject35_1.edf,178.0,182.0,182.0,False,4.0,2.0,4s_windows_50pct_overlap,scored_rest,4235,False,True,False
Subject35|arithmetic|Subject35_2.edf|0.000|4.000,Subject35,arithmetic,1,Subject35_2.edf,0.0,4.0,62.0,False,4.0,2.0,4s_windows_50pct_overlap,scored_task,4236,False,True,False
Subject35|arithmetic|Subject35_2.edf|2.000|6.000,Subject35,arithmetic,1,Subject35_2.edf,2.0,6.0,62.0,False,4.0,2.0,4s_windows_50pct_overlap,scored_task,4237,False,True,False
Subject35|arithmetic|Subject35_2.edf|4.000|8.000,Subject35,arithmetic,1,Subject35_2.edf,4.0,8.0,62.0,False,4.0,2.0,4s_windows_50pct_overlap,scored_task,4238,False,True,False
Subject35|arithmetic|Subject35_2.edf|6.000|10.000,Subject35,arithmetic,1,Subject35_2.edf,6.0,10.0,62.0,False,4.0,2.0,4s_windows_50pct_overlap,scored_task,4239,False,True,False
Subject35|arithmetic|Subject35_2.edf|8.000|12.000,Subject35,arithmetic,1,Subject35_2.edf,8.0,12.0,62.0,False,4.0,2.0,4s_windows_50pct_overlap,scored_task,4240,False,True,False
Subject35|arithmetic|Subject35_2.edf|10.000|14.000,Subject35,arithmetic,1,Subject35_2.edf,10.0,14.0,62.0,False,4.0,2.0,4s_windows_50pct_overlap,scored_task,4241,False,True,False
Subject35|arithmetic|Subject35_2.edf|12.000|16.000,Subject35,arithmetic,1,Subject35_2.edf,12.0,16.0,62.0,False,4.0,2.0,4s_windows_50pct_overlap,scored_task,4242,False,True,False
Subject35|arithmetic|Subject35_2.edf|14.000|18.000,Subject35,arithmetic,1,Subject35_2.edf,14.0,18.0,62.0,False,4.0,2.0,4s_windows_50pct_overlap,scored_task,4243,False,True,False
Subject35|arithmetic|Subject35_2.edf|16.000|20.000,Subject35,arithmetic,1,Subject35_2.edf,16.0,20.0,62.0,False,4.0,2.0,4s_windows_50pct_overlap,scored_task,4244,False,True,False
Subject35|arithmetic|Subject35_2.edf|18.000|22.000,Subject35,arithmetic,1,Subject35_2.edf,18.0,22.0,62.0,False,4.0,2.0,4s_windows_50pct_overlap,scored_task,4245,False,True,False
Subject35|arithmetic|Subject35_2.edf|20.000|24.000,Subject35,arithmetic,1,Subject35_2.edf,20.0,24.0,62.0,False,4.0,2.0,4s_windows_50pct_overlap,scored_task,4246,False,True,False
Subject35|arithmetic|Subject35_2.edf|22.000|26.000,Subject35,arithmetic,1,Subject35_2.edf,22.0,26.0,62.0,False,4.0,2.0,4s_windows_50pct_overlap,scored_task,4247,False,True,False
Subject35|arithmetic|Subject35_2.edf|24.000|28.000,Subject35,arithmetic,1,Subject35_2.edf,24.0,28.0,62.0,False,4.0,2.0,4s_windows_50pct_overlap,scored_task,4248,False,True,False
Subject35|arithmetic|Subject35_2.edf|26.000|30.000,Subject35,arithmetic,1,Subject35_2.edf,26.0,30.0,62.0,False,4.0,2.0,4s_windows_50pct_overlap,scored_task,4249,False,True,False
Subject35|arithmetic|Subject35_2.edf|28.000|32.000,Subject35,arithmetic,1,Subject35_2.edf,28.0,32.0,62.0,False,4.0,2.0,4s_windows_50pct_overlap,scored_task,4250,False,True,False
Subject35|arithmetic|Subject35_2.edf|30.000|34.000,Subject35,arithmetic,1,Subject35_2.edf,30.0,34.0,62.0,False,4.0,2.0,4s_windows_50pct_overlap,scored_task,4251,False,True,False
Subject35|arithmetic|Subject35_2.edf|32.000|36.000,Subject35,arithmetic,1,Subject35_2.edf,32.0,36.0,62.0,False,4.0,2.0,4s_windows_50pct_overlap,scored_task,4252,False,True,False
Subject35|arithmetic|Subject35_2.edf|34.000|38.000,Subject35,arithmetic,1,Subject35_2.edf,34.0,38.0,62.0,False,4.0,2.0,4s_windows_50pct_overlap,scored_task,4253,False,True,False
Subject35|arithmetic|Subject35_2.edf|36.000|40.000,Subject35,arithmetic,1,Subject35_2.edf,36.0,40.0,62.0,False,4.0,2.0,4s_windows_50pct_overlap,scored_task,4254,False,True,False
Subject35|arithmetic|Subject35_2.edf|38.000|42.000,Subject35,arithmetic,1,Subject35_2.edf,38.0,42.0,62.0,False,4.0,2.0,4s_windows_50pct_overlap,scored_task,4255,False,True,False
Subject35|arithmetic|Subject35_2.edf|40.000|44.000,Subject35,arithmetic,1,Subject35_2.edf,40.0,44.0,62.0,False,4.0,2.0,4s_windows_50pct_overlap,scored_task,4256,False,True,False
Subject35|arithmetic|Subject35_2.edf|42.000|46.000,Subject35,arithmetic,1,Subject35_2.edf,42.0,46.0,62.0,False,4.0,2.0,4s_windows_50pct_overlap,scored_task,4257,False,True,False
Subject35|arithmetic|Subject35_2.edf|44.000|48.000,Subject35,arithmetic,1,Subject35_2.edf,44.0,48.0,62.0,False,4.0,2.0,4s_windows_50pct_overlap,scored_task,4258,False,True,False
Subject35|arithmetic|Subject35_2.edf|46.000|50.000,Subject35,arithmetic,1,Subject35_2.edf,46.0,50.0,62.0,False,4.0,2.0,4s_windows_50pct_overlap,scored_task,4259,False,True,False
Subject35|arithmetic|Subject35_2.edf|48.000|52.000,Subject35,arithmetic,1,Subject35_2.edf,48.0,52.0,62.0,False,4.0,2.0,4s_windows_50pct_overlap,scored_task,4260,False,True,False
Subject35|arithmetic|Subject35_2.edf|50.000|54.000,Subject35,arithmetic,1,Subject35_2.edf,50.0,54.0,62.0,False,4.0,2.0,4s_windows_50pct_overlap,scored_task,4261,False,True,False
Subject35|arithmetic|Subject35_2.edf|52.000|56.000,Subject35,arithmetic,1,Subject35_2.edf,52.0,56.0,62.0,False,4.0,2.0,4s_windows_50pct_overlap,scored_task,4262,False,True,False
Subject35|arithmetic|Subject35_2.edf|54.000|58.000,Subject35,arithmetic,1,Subject35_2.edf,54.0,58.0,62.0,False,4.0,2.0,4s_windows_50pct_overlap,scored_task,4263,False,True,False
Subject35|arithmetic|Subject35_2.edf|56.000|60.000,Subject35,arithmetic,1,Subject35_2.edf,56.0,60.0,62.0,False,4.0,2.0,4s_windows_50pct_overlap,scored_task,4264,False,True,False
Subject35|arithmetic|Subject35_2.edf|58.000|62.000,Subject35,arithmetic,1,Subject35_2.edf,58.0,62.0,62.0,False,4.0,2.0,4s_windows_50pct_overlap,scored_task,4265,False,True,False
