n,TP,FP,FN,TN,accuracy,sensitivity,specificity,f1,roc_auc,pr_auc,brier,ece,subject_id,feature_set,model
120,22,0,8,90,0.9333333333333333,0.7333333333333333,1.0,0.8461538461538461,0.9948148148148148,0.9838308654877992,0.06276190160219691,0.07282428166154215,Subject00,full_812_feature_table,logistic_regression
120,18,8,12,82,0.8333333333333334,0.6,0.9111111111111111,0.6428571428571429,0.8259259259259257,0.7092223832257172,0.14192831070614903,0.1324448217842086,Subject01,full_812_feature_table,logistic_regression
120,30,88,0,2,0.26666666666666666,1.0,0.022222222222222223,0.40540540540540543,0.6796296296296296,0.360223105484118,0.7320302033896494,0.7326920395303952,Subject02,full_812_feature_table,logistic_regression
120,20,0,10,90,0.9166666666666666,0.6666666666666666,1.0,0.8,1.0,0.9999999999999999,0.07124598081719882,0.08711657323476822,Subject03,full_812_feature_table,logistic_regression
114,12,1,18,83,0.8333333333333334,0.4,0.9880952380952381,0.5581395348837209,0.9634920634920635,0.8888861859459221,0.15685715232476,0.17413633802744172,Subject04,full_812_feature_table,logistic_regression
120,25,57,5,33,0.48333333333333334,0.8333333333333334,0.36666666666666664,0.44642857142857145,0.7092592592592593,0.4657688856893485,0.42691111667224807,0.43344616265865177,Subject05,full_812_feature_table,logistic_regression
120,20,7,10,83,0.8583333333333333,0.6666666666666666,0.9222222222222223,0.7017543859649122,0.9081481481481481,0.7361714620849198,0.11725386750243881,0.09893237774545538,Subject06,full_812_feature_table,logistic_regression
120,30,34,0,56,0.7166666666666667,1.0,0.6222222222222222,0.6382978723404256,0.9388888888888889,0.8201594498498186,0.23073569280104225,0.27041911643743033,Subject07,full_812_feature_table,logistic_regression
120,13,60,17,30,0.35833333333333334,0.43333333333333335,0.3333333333333333,0.2524271844660194,0.3396296296296296,0.19277299790925972,0.5178684922650156,0.5131914055614634,Subject08,full_812_feature_table,logistic_regression
120,14,11,16,79,0.775,0.4666666666666667,0.8777777777777778,0.509090909090909,0.8340740740740741,0.5728336063805644,0.18623906698235296,0.18464037017963486,Subject09,full_812_feature_table,logistic_regression
123,10,1,20,92,0.8292682926829268,0.3333333333333333,0.989247311827957,0.4878048780487805,0.853763440860215,0.7204657282110976,0.15873797476793472,0.1634014938143943,Subject10,full_812_feature_table,logistic_regression
120,30,83,0,7,0.30833333333333335,1.0,0.07777777777777778,0.4195804195804196,0.767037037037037,0.47968632768329555,0.6712192758151517,0.6848855369145562,Subject11,full_812_feature_table,logistic_regression
120,29,44,1,46,0.625,0.9666666666666667,0.5111111111111111,0.5631067961165048,0.762962962962963,0.3879694240871937,0.33331439978309985,0.3572325234047118,Subject12,full_812_feature_table,logistic_regression
120,26,64,4,26,0.43333333333333335,0.8666666666666667,0.28888888888888886,0.43333333333333335,0.6051851851851853,0.30697698342156465,0.48979226201105536,0.5097728023425416,Subject13,full_812_feature_table,logistic_regression
120,22,29,8,61,0.6916666666666667,0.7333333333333333,0.6777777777777778,0.5432098765432098,0.7681481481481481,0.5305339215455703,0.26002701120521987,0.28222535764515366,Subject14,full_812_feature_table,logistic_regression
120,3,0,27,90,0.775,0.1,1.0,0.18181818181818182,0.9522222222222222,0.8805885184680957,0.22231330242931407,0.2256582906357963,Subject15,full_812_feature_table,logistic_regression
120,30,86,0,4,0.2833333333333333,1.0,0.044444444444444446,0.410958904109589,0.8162962962962963,0.6873789849693488,0.6589490964344499,0.6836180331755756,Subject16,full_812_feature_table,logistic_regression
120,15,11,15,79,0.7833333333333333,0.5,0.8777777777777778,0.5357142857142857,0.76,0.5369474454520657,0.19920155461746167,0.21173971825906626,Subject17,full_812_feature_table,logistic_regression
120,22,1,8,89,0.925,0.7333333333333333,0.9888888888888889,0.8301886792452831,0.9448148148148148,0.9048639258837834,0.06654341922925407,0.07286418476862422,Subject18,full_812_feature_table,logistic_regression
120,30,5,0,85,0.9583333333333334,1.0,0.9444444444444444,0.9230769230769231,0.9985185185185186,0.9958585858585858,0.0370564879319322,0.042840878169769336,Subject19,full_812_feature_table,logistic_regression
120,12,4,18,86,0.8166666666666667,0.4,0.9555555555555556,0.5217391304347826,0.851851851851852,0.6639527628288032,0.16144286290697588,0.15137118257654059,Subject20,full_812_feature_table,logistic_regression
120,16,14,14,76,0.7666666666666667,0.5333333333333333,0.8444444444444444,0.5333333333333333,0.8622222222222222,0.6049584506246029,0.16331774581422934,0.1513302149416681,Subject21,full_812_feature_table,logistic_regression
120,29,0,1,90,0.9916666666666667,0.9666666666666667,1.0,0.9830508474576272,1.0,0.9999999999999999,0.0035268161912688,0.011286066009085358,Subject22,full_812_feature_table,logistic_regression
120,27,10,3,80,0.8916666666666667,0.9,0.8888888888888888,0.8059701492537313,0.9592592592592593,0.9415604621278381,0.0785002829142091,0.09877351166214426,Subject23,full_812_feature_table,logistic_regression
120,9,0,21,90,0.825,0.3,1.0,0.46153846153846156,0.9325925925925926,0.8423790731585814,0.15567289167185253,0.17352191149532847,Subject24,full_812_feature_table,logistic_regression
120,30,41,0,49,0.6583333333333333,1.0,0.5444444444444444,0.594059405940594,0.9218518518518518,0.7548547393314383,0.2966418668173124,0.34429103967958874,Subject25,full_812_feature_table,logistic_regression
120,25,3,5,87,0.9333333333333333,0.8333333333333334,0.9666666666666667,0.8620689655172413,0.9314814814814815,0.9078846851966892,0.0625070062159902,0.06502458934373728,Subject26,full_812_feature_table,logistic_regression
120,28,28,2,62,0.75,0.9333333333333333,0.6888888888888889,0.6511627906976745,0.9022222222222223,0.800918165790686,0.20131304008151718,0.22169073675134182,Subject27,full_812_feature_table,logistic_regression
120,30,1,0,89,0.9916666666666667,1.0,0.9888888888888889,0.9836065573770492,1.0,0.9999999999999999,0.008242422577685132,0.010816216326403321,Subject28,full_812_feature_table,logistic_regression
120,0,0,30,90,0.75,0.0,1.0,0.0,0.9407407407407408,0.7892696881475565,0.24999760882766087,0.24999844810668967,Subject29,full_812_feature_table,logistic_regression
120,2,0,28,90,0.7666666666666667,0.06666666666666667,1.0,0.125,0.8911111111111111,0.7539142935112254,0.23211433450547686,0.2333952881372008,Subject30,full_812_feature_table,logistic_regression
69,9,10,21,29,0.5507246376811594,0.3,0.7435897435897436,0.3673469387755102,0.3888888888888889,0.44630633935852115,0.4324105286601721,0.4433371116881855,Subject31,full_812_feature_table,logistic_regression
120,3,4,27,86,0.7416666666666667,0.1,0.9555555555555556,0.16216216216216217,0.7533333333333333,0.44464357242810915,0.2321456025585735,0.2326940565488016,Subject32,full_812_feature_table,logistic_regression
120,20,34,10,56,0.6333333333333333,0.6666666666666666,0.6222222222222222,0.47619047619047616,0.6818518518518518,0.36028764838991634,0.29875330475942113,0.2893388179777564,Subject33,full_812_feature_table,logistic_regression
120,4,3,26,87,0.7583333333333333,0.13333333333333333,0.9666666666666667,0.21621621621621623,0.82,0.49692888886935,0.22577546540851218,0.22437615214026765,Subject34,full_812_feature_table,logistic_regression
120,17,57,13,33,0.4166666666666667,0.5666666666666667,0.36666666666666664,0.3269230769230769,0.5492592592592592,0.38085629357383377,0.49721225386554385,0.5066201293525363,Subject35,full_812_feature_table,logistic_regression
120,24,1,6,89,0.9416666666666667,0.8,0.9888888888888889,0.8727272727272727,0.9914814814814815,0.9735328337587263,0.03917254385092706,0.04559386748153162,Subject00,full_812_feature_table,svm_rbf
120,9,3,21,87,0.8,0.3,0.9666666666666667,0.42857142857142855,0.8742592592592593,0.6990490097075563,0.157335418372648,0.15065776624871888,Subject01,full_812_feature_table,svm_rbf
120,30,66,0,24,0.45,1.0,0.26666666666666666,0.47619047619047616,0.8914814814814814,0.8002539922316912,0.37112386593732133,0.4699806146403911,Subject02,full_812_feature_table,svm_rbf
120,10,0,20,90,0.8333333333333334,0.3333333333333333,1.0,0.5,0.9844444444444445,0.9496729396956791,0.13997172640266006,0.1623077855526979,Subject03,full_812_feature_table,svm_rbf
114,2,0,28,84,0.7543859649122807,0.06666666666666667,1.0,0.125,0.8313492063492064,0.7450066981723922,0.19830727309527055,0.21308609544910817,Subject04,full_812_feature_table,svm_rbf
120,28,37,2,53,0.675,0.9333333333333333,0.5888888888888889,0.5894736842105263,0.8748148148148148,0.6911035143664381,0.2517583544906585,0.30301090384568335,Subject05,full_812_feature_table,svm_rbf
120,5,1,25,89,0.7833333333333333,0.16666666666666666,0.9888888888888889,0.2777777777777778,0.9559259259259258,0.8365544014636163,0.1451140356166055,0.16126926513271544,Subject06,full_812_feature_table,svm_rbf
120,25,29,5,61,0.7166666666666667,0.8333333333333334,0.6777777777777778,0.5952380952380952,0.8155555555555556,0.5628568609943674,0.23323745449356934,0.2158357836951117,Subject07,full_812_feature_table,svm_rbf
120,26,40,4,50,0.6333333333333333,0.8666666666666667,0.5555555555555556,0.5416666666666666,0.8062962962962963,0.5193533468703637,0.26319592092146277,0.30838484567436875,Subject08,full_812_feature_table,svm_rbf
120,8,4,22,86,0.7833333333333333,0.26666666666666666,0.9555555555555556,0.38095238095238093,0.837037037037037,0.617066991094929,0.15657732840873537,0.14320967666105897,Subject09,full_812_feature_table,svm_rbf
123,5,0,25,93,0.7967479674796748,0.16666666666666666,1.0,0.2857142857142857,0.7795698924731184,0.6794355552977248,0.16470546388378254,0.17709843902084418,Subject10,full_812_feature_table,svm_rbf
120,30,59,0,31,0.5083333333333333,1.0,0.34444444444444444,0.5042016806722689,0.7537037037037037,0.43193218102733627,0.45344760534593326,0.4975817180538613,Subject11,full_812_feature_table,svm_rbf
120,20,34,10,56,0.6333333333333333,0.6666666666666666,0.6222222222222222,0.47619047619047616,0.6974074074074074,0.39704182502203317,0.28725052650177585,0.26804114790105654,Subject12,full_812_feature_table,svm_rbf
120,30,71,0,19,0.4083333333333333,1.0,0.2111111111111111,0.4580152671755725,0.9244444444444445,0.8518893998739313,0.4389696753095331,0.5292378768268567,Subject13,full_812_feature_table,svm_rbf
120,22,41,8,49,0.5916666666666667,0.7333333333333333,0.5444444444444444,0.4731182795698925,0.7788888888888889,0.6883680401848071,0.3223937211998763,0.3553654287370902,Subject14,full_812_feature_table,svm_rbf
120,8,0,22,90,0.8166666666666667,0.26666666666666666,1.0,0.42105263157894735,0.9466666666666667,0.8759470115259784,0.16569389255653005,0.18204386726880487,Subject15,full_812_feature_table,svm_rbf
120,21,47,9,43,0.5333333333333333,0.7,0.4777777777777778,0.42857142857142855,0.6203703703703703,0.3377995730560894,0.3881976132447767,0.4081300991406159,Subject16,full_812_feature_table,svm_rbf
120,16,9,14,81,0.8083333333333333,0.5333333333333333,0.9,0.5818181818181818,0.855925925925926,0.6728412533498305,0.14165307460932178,0.11420479366914449,Subject17,full_812_feature_table,svm_rbf
120,17,0,13,90,0.8916666666666667,0.5666666666666667,1.0,0.723404255319149,0.9929629629629629,0.9794896126546108,0.07925501212320377,0.11334689208077062,Subject18,full_812_feature_table,svm_rbf
120,27,2,3,88,0.9583333333333334,0.9,0.9777777777777777,0.9152542372881356,0.9937037037037038,0.9802172291241629,0.02662704436123885,0.04173592528900634,Subject19,full_812_feature_table,svm_rbf
120,17,6,13,84,0.8416666666666667,0.5666666666666667,0.9333333333333333,0.6415094339622641,0.9088888888888889,0.8188233762158397,0.09790420408947638,0.07947404725035187,Subject20,full_812_feature_table,svm_rbf
120,4,7,26,83,0.725,0.13333333333333333,0.9222222222222223,0.1951219512195122,0.8592592592592593,0.5310505559346392,0.19667192672039235,0.19921605785088936,Subject21,full_812_feature_table,svm_rbf
120,30,0,0,90,1.0,1.0,1.0,1.0,1.0,0.9999999999999999,0.0017618801374808797,0.012866079942706674,Subject22,full_812_feature_table,svm_rbf
120,23,3,7,87,0.9166666666666666,0.7666666666666667,0.9666666666666667,0.8214285714285714,0.9577777777777777,0.9296877548381179,0.05658694931069856,0.043038333539511926,Subject23,full_812_feature_table,svm_rbf
120,7,1,23,89,0.8,0.23333333333333334,0.9888888888888889,0.3684210526315789,0.9566666666666668,0.8610832774924169,0.14518364633650327,0.15822546567900533,Subject24,full_812_feature_table,svm_rbf
120,25,53,5,37,0.5166666666666667,0.8333333333333334,0.4111111111111111,0.46296296296296297,0.8392592592592593,0.7774960996363567,0.38999146162697235,0.44163557563891825,Subject25,full_812_feature_table,svm_rbf
120,24,1,6,89,0.9416666666666667,0.8,0.9888888888888889,0.8727272727272727,0.9748148148148149,0.9499777578283259,0.04542217796626908,0.04579612984286179,Subject26,full_812_feature_table,svm_rbf
120,26,55,4,35,0.5083333333333333,0.8666666666666667,0.3888888888888889,0.46846846846846846,0.71,0.4954362720109674,0.3842291620474537,0.40431965595124264,Subject27,full_812_feature_table,svm_rbf
120,30,1,0,89,0.9916666666666667,1.0,0.9888888888888889,0.9836065573770492,1.0,0.9999999999999999,0.005113555403046821,0.02072267922116553,Subject28,full_812_feature_table,svm_rbf
120,0,0,30,90,0.75,0.0,1.0,0.0,0.9870370370370369,0.9337092741781654,0.22774536279083754,0.23666145857823925,Subject29,full_812_feature_table,svm_rbf
120,8,0,22,90,0.8166666666666667,0.26666666666666666,1.0,0.42105263157894735,0.9562962962962962,0.9183544584279909,0.1356610267053345,0.1624541949958483,Subject30,full_812_feature_table,svm_rbf
69,7,5,23,34,0.5942028985507246,0.23333333333333334,0.8717948717948718,0.3333333333333333,0.6025641025641025,0.5654277546363937,0.3412624778681948,0.3364830289146447,Subject31,full_812_feature_table,svm_rbf
120,13,23,17,67,0.6666666666666666,0.43333333333333335,0.7444444444444445,0.3939393939393939,0.6814814814814815,0.35046576262765133,0.2361919780703356,0.1960572881539158,Subject32,full_812_feature_table,svm_rbf
120,18,9,12,81,0.825,0.6,0.9,0.631578947368421,0.8618518518518519,0.664035984640805,0.12489509556480799,0.08166331094550418,Subject33,full_812_feature_table,svm_rbf
120,7,6,23,84,0.7583333333333333,0.23333333333333334,0.9333333333333333,0.32558139534883723,0.8785185185185186,0.5758626833602868,0.18551562228857188,0.20138488194994222,Subject34,full_812_feature_table,svm_rbf
120,10,53,20,37,0.39166666666666666,0.3333333333333333,0.4111111111111111,0.21505376344086022,0.35296296296296303,0.20010002168373842,0.42730384757276135,0.4754111945700343,Subject35,full_812_feature_table,svm_rbf
120,5,0,25,90,0.7916666666666666,0.16666666666666666,1.0,0.2857142857142857,0.9707407407407408,0.9260640308898695,0.11908333333333333,0.15444444444444447,Subject00,full_812_feature_table,random_forest
120,1,0,29,90,0.7583333333333333,0.03333333333333333,1.0,0.06451612903225806,0.8866666666666667,0.738854035623567,0.1451261574074074,0.15416666666666667,Subject01,full_812_feature_table,random_forest
120,6,21,24,69,0.625,0.2,0.7666666666666667,0.21052631578947367,0.5066666666666666,0.2599862179105662,0.2278570601851852,0.18979166666666672,Subject02,full_812_feature_table,random_forest
120,0,0,30,90,0.75,0.0,1.0,0.0,0.8790740740740742,0.6436034746681862,0.16233333333333333,0.13416666666666668,Subject03,full_812_feature_table,random_forest
114,0,0,30,84,0.7368421052631579,0.0,1.0,0.0,0.7119047619047619,0.5068048912201996,0.1839711257309942,0.08399122807017541,Subject04,full_812_feature_table,random_forest
120,12,1,18,89,0.8416666666666667,0.4,0.9888888888888889,0.5581395348837209,0.8796296296296295,0.7407234532412889,0.14047395833333334,0.15395833333333336,Subject05,full_812_feature_table,random_forest
120,0,0,30,90,0.75,0.0,1.0,0.0,0.8655555555555556,0.6403476513114791,0.15509027777777776,0.12291666666666667,Subject06,full_812_feature_table,random_forest
120,5,14,25,76,0.675,0.16666666666666666,0.8444444444444444,0.20408163265306123,0.7437037037037036,0.4083963547258555,0.17592303240740742,0.176875,Subject07,full_812_feature_table,random_forest
120,2,0,28,90,0.7666666666666667,0.06666666666666667,1.0,0.125,0.9398148148148149,0.8130388130388131,0.13560069444444442,0.18027777777777776,Subject08,full_812_feature_table,random_forest
120,0,0,30,90,0.75,0.0,1.0,0.0,0.8842592592592593,0.6382313606532772,0.15424421296296298,0.17152777777777772,Subject09,full_812_feature_table,random_forest
123,4,0,26,93,0.7886178861788617,0.13333333333333333,1.0,0.23529411764705882,0.6369175627240143,0.484788635423826,0.1699774164408311,0.10081300813008129,Subject10,full_812_feature_table,random_forest
120,15,42,15,48,0.525,0.5,0.5333333333333333,0.3448275862068966,0.5298148148148148,0.27599339480615875,0.2691886574074074,0.26666666666666666,Subject11,full_812_feature_table,random_forest
120,0,25,30,65,0.5416666666666666,0.0,0.7222222222222222,0.0,0.28555555555555556,0.17803907878400363,0.2582841435185185,0.2528472222222223,Subject12,full_812_feature_table,random_forest
120,29,26,1,64,0.775,0.9666666666666667,0.7111111111111111,0.6823529411764706,0.9644444444444444,0.9220419113897376,0.2050341435185185,0.37520833333333337,Subject13,full_812_feature_table,random_forest
120,17,41,13,49,0.55,0.5666666666666667,0.5444444444444444,0.38636363636363635,0.5901851851851851,0.5586635967973916,0.24585590277777775,0.28312500000000007,Subject14,full_812_feature_table,random_forest
120,0,0,30,90,0.75,0.0,1.0,0.0,0.8529629629629629,0.6992971680508183,0.16956944444444444,0.11694444444444445,Subject15,full_812_feature_table,random_forest
120,0,21,30,69,0.575,0.0,0.7666666666666667,0.0,0.4861111111111111,0.23144591260052566,0.22760416666666666,0.16125,Subject16,full_812_feature_table,random_forest
120,15,10,15,80,0.7916666666666666,0.5,0.8888888888888888,0.5454545454545454,0.7951851851851852,0.4953840904983449,0.17160763888888889,0.15194444444444444,Subject17,full_812_feature_table,random_forest
120,0,0,30,90,0.75,0.0,1.0,0.0,0.9453703703703704,0.816947781190571,0.1456892361111111,0.19201388888888887,Subject18,full_812_feature_table,random_forest
120,0,0,30,90,0.75,0.0,1.0,0.0,0.9548148148148149,0.8452282514597864,0.1298611111111111,0.20166666666666666,Subject19,full_812_feature_table,random_forest
120,4,0,26,90,0.7833333333333333,0.13333333333333333,1.0,0.23529411764705882,0.9618518518518517,0.9185243781580993,0.133984375,0.2667361111111111,Subject20,full_812_feature_table,random_forest
120,12,5,18,85,0.8083333333333333,0.4,0.9444444444444444,0.5106382978723404,0.8098148148148149,0.64965340176214,0.1516359953703704,0.10631944444444445,Subject21,full_812_feature_table,random_forest
120,15,0,15,90,0.875,0.5,1.0,0.6666666666666666,0.9981481481481481,0.9933487654320987,0.07370543981481482,0.18562499999999998,Subject22,full_812_feature_table,random_forest
120,3,0,27,90,0.775,0.1,1.0,0.18181818181818182,0.9442592592592592,0.9311232836232836,0.12334548611111111,0.18868055555555557,Subject23,full_812_feature_table,random_forest
120,2,1,28,89,0.7583333333333333,0.06666666666666667,0.9888888888888889,0.12121212121212122,0.8548148148148148,0.6120710809382806,0.14828877314814815,0.12145833333333333,Subject24,full_812_feature_table,random_forest
120,1,0,29,90,0.7583333333333333,0.03333333333333333,1.0,0.06451612903225806,0.7968518518518518,0.6121476051847196,0.16427662037037036,0.1322222222222222,Subject25,full_812_feature_table,random_forest
120,5,0,25,90,0.7916666666666666,0.16666666666666666,1.0,0.2857142857142857,0.9561111111111111,0.8937534952584804,0.11636689814814814,0.1922222222222222,Subject26,full_812_feature_table,random_forest
120,11,5,19,85,0.8,0.36666666666666664,0.9444444444444444,0.4782608695652174,0.8294444444444445,0.5996712453114654,0.16452256944444443,0.1484027777777778,Subject27,full_812_feature_table,random_forest
120,13,0,17,90,0.8583333333333333,0.43333333333333335,1.0,0.6046511627906976,1.0,0.9999999999999999,0.08002835648148147,0.21437499999999995,Subject28,full_812_feature_table,random_forest
120,0,0,30,90,0.75,0.0,1.0,0.0,0.9512962962962964,0.8021995809566479,0.1601087962962963,0.19833333333333336,Subject29,full_812_feature_table,random_forest
120,4,0,26,90,0.7833333333333333,0.13333333333333333,1.0,0.23529411764705882,0.9566666666666667,0.9021598831075873,0.12727256944444446,0.23131944444444444,Subject30,full_812_feature_table,random_forest
69,0,0,30,39,0.5652173913043478,0.0,1.0,0.0,0.2940170940170941,0.32829026331584465,0.31066324476650564,0.27258454106280194,Subject31,full_812_feature_table,random_forest
120,2,3,28,87,0.7416666666666667,0.06666666666666667,0.9666666666666667,0.11428571428571428,0.8533333333333334,0.5710848564089641,0.15244444444444447,0.14236111111111113,Subject32,full_812_feature_table,random_forest
120,0,0,30,90,0.75,0.0,1.0,0.0,0.8564814814814815,0.6135088428168827,0.15757870370370372,0.1415277777777778,Subject33,full_812_feature_table,random_forest
120,8,0,22,90,0.8166666666666667,0.26666666666666666,1.0,0.42105263157894735,0.9085185185185185,0.7679237723953686,0.13053240740740743,0.1701388888888889,Subject34,full_812_feature_table,random_forest
120,6,0,24,90,0.8,0.2,1.0,0.3333333333333333,0.706851851851852,0.5439600812390801,0.18293518518518517,0.1636111111111111,Subject35,full_812_feature_table,random_forest
120,24,0,6,90,0.95,0.8,1.0,0.8888888888888888,0.9996296296296296,0.9989247311827956,0.03427498033117293,0.09342777103083258,Subject00,full_812_feature_table,gradient_boosting
120,11,6,19,84,0.7916666666666666,0.36666666666666664,0.9333333333333333,0.46808510638297873,0.8892592592592593,0.6160495795751542,0.12865722544602942,0.11764259472212121,Subject01,full_812_feature_table,gradient_boosting
120,30,90,0,0,0.25,1.0,0.0,0.4,0.3055555555555556,0.1794631490025158,0.5719419263282093,0.598294027638634,Subject02,full_812_feature_table,gradient_boosting
120,2,3,28,87,0.7416666666666667,0.06666666666666667,0.9666666666666667,0.11428571428571428,0.8955555555555555,0.6052550741463089,0.17268965287770868,0.15396496089704997,Subject03,full_812_feature_table,gradient_boosting
114,0,0,30,84,0.7368421052631579,0.0,1.0,0.0,0.734920634920635,0.4358682248355319,0.2235008325570606,0.2113595981707199,Subject04,full_812_feature_table,gradient_boosting
120,16,12,14,78,0.7833333333333333,0.5333333333333333,0.8666666666666667,0.5517241379310345,0.8122222222222223,0.6669481813711248,0.15811635861637843,0.14967585959991303,Subject05,full_812_feature_table,gradient_boosting
120,4,0,26,90,0.7833333333333333,0.13333333333333333,1.0,0.23529411764705882,0.771111111111111,0.6855180206905199,0.15147724319155412,0.13309334924051153,Subject06,full_812_feature_table,gradient_boosting
120,24,28,6,62,0.7166666666666667,0.8,0.6888888888888889,0.5853658536585366,0.7855555555555556,0.5045776779408635,0.19175446446973182,0.19198886655730274,Subject07,full_812_feature_table,gradient_boosting
120,8,1,22,89,0.8083333333333333,0.26666666666666666,0.9888888888888889,0.41025641025641024,0.9592592592592593,0.8264559415923816,0.10778812655284672,0.15090578887507733,Subject08,full_812_feature_table,gradient_boosting
120,2,1,28,89,0.7583333333333333,0.06666666666666667,0.9888888888888889,0.12121212121212122,0.9088888888888889,0.7157665080774528,0.14484693324349365,0.13648625229236822,Subject09,full_812_feature_table,gradient_boosting
123,1,0,29,93,0.7642276422764228,0.03333333333333333,1.0,0.06451612903225806,0.543010752688172,0.3450799773378382,0.19797623560305905,0.14089713052840547,Subject10,full_812_feature_table,gradient_boosting
120,29,64,1,26,0.4583333333333333,0.9666666666666667,0.28888888888888886,0.4715447154471545,0.7133333333333334,0.3825214513351597,0.35018945373521254,0.4214087454325814,Subject11,full_812_feature_table,gradient_boosting
120,5,20,25,70,0.625,0.16666666666666666,0.7777777777777778,0.18181818181818182,0.5122222222222222,0.24227163284374464,0.24972942327773834,0.18225497505226695,Subject12,full_812_feature_table,gradient_boosting
120,28,87,2,3,0.25833333333333336,0.9333333333333333,0.03333333333333333,0.38620689655172413,0.35,0.19480642339644022,0.4478531712621396,0.4780431818900541,Subject13,full_812_feature_table,gradient_boosting
120,18,43,12,47,0.5416666666666666,0.6,0.5222222222222223,0.3956043956043956,0.6340740740740741,0.4213485264505814,0.254787502457897,0.26243687444612007,Subject14,full_812_feature_table,gradient_boosting
120,0,0,30,90,0.75,0.0,1.0,0.0,0.8788888888888888,0.6617884956228359,0.19056799455570914,0.16774353484422758,Subject15,full_812_feature_table,gradient_boosting
120,27,42,3,48,0.625,0.9,0.5333333333333333,0.5454545454545454,0.8303703703703704,0.6602479793794226,0.23537765752131312,0.3016830877554597,Subject16,full_812_feature_table,gradient_boosting
120,20,5,10,85,0.875,0.6666666666666666,0.9444444444444444,0.7272727272727273,0.9570370370370369,0.8935622523491626,0.08174797380558729,0.10351167186209512,Subject17,full_812_feature_table,gradient_boosting
120,15,0,15,90,0.875,0.5,1.0,0.6666666666666666,0.9955555555555556,0.98751695453521,0.07454790975951453,0.13911425861141008,Subject18,full_812_feature_table,gradient_boosting
120,5,0,25,90,0.7916666666666666,0.16666666666666666,1.0,0.2857142857142857,0.9725925925925926,0.9071164003362215,0.11928883660905412,0.1791850108028601,Subject19,full_812_feature_table,gradient_boosting
120,26,0,4,90,0.9666666666666667,0.8666666666666667,1.0,0.9285714285714286,0.9962962962962962,0.9907219197418835,0.051144295111814085,0.16827419442641905,Subject20,full_812_feature_table,gradient_boosting
120,7,2,23,88,0.7916666666666666,0.23333333333333334,0.9777777777777777,0.358974358974359,0.8974074074074074,0.7575186672998242,0.13131120982697195,0.11007130125905604,Subject21,full_812_feature_table,gradient_boosting
120,27,2,3,88,0.9583333333333334,0.9,0.9777777777777777,0.9152542372881356,0.9966666666666667,0.990618890518084,0.025638080867875557,0.09284809748646895,Subject22,full_812_feature_table,gradient_boosting
120,4,0,26,90,0.7833333333333333,0.13333333333333333,1.0,0.23529411764705882,0.8951851851851852,0.8192590780973106,0.15264735330341683,0.13240326341352013,Subject23,full_812_feature_table,gradient_boosting
120,9,1,21,89,0.8166666666666667,0.3,0.9888888888888889,0.45,0.8729629629629629,0.7113055166026101,0.13378653593573547,0.11190763847922644,Subject24,full_812_feature_table,gradient_boosting
120,30,88,0,2,0.26666666666666666,1.0,0.022222222222222223,0.40540540540540543,0.6881481481481482,0.37091570399335194,0.6267267795061767,0.670880305801196,Subject25,full_812_feature_table,gradient_boosting
120,9,1,21,89,0.8166666666666667,0.3,0.9888888888888889,0.45,0.9507407407407407,0.8515208136782585,0.11842400739508847,0.14538275508359724,Subject26,full_812_feature_table,gradient_boosting
120,28,62,2,28,0.4666666666666667,0.9333333333333333,0.3111111111111111,0.4666666666666667,0.6496296296296296,0.3398454755500062,0.36589829175720756,0.4269198972383106,Subject27,full_812_feature_table,gradient_boosting
120,23,0,7,90,0.9416666666666667,0.7666666666666667,1.0,0.8679245283018868,1.0,0.9999999999999999,0.04413773355770975,0.11606040335214694,Subject28,full_812_feature_table,gradient_boosting
120,0,0,30,90,0.75,0.0,1.0,0.0,0.9922222222222223,0.9842000370782351,0.1629881584853046,0.20182018758505385,Subject29,full_812_feature_table,gradient_boosting
120,0,0,30,90,0.75,0.0,1.0,0.0,0.788888888888889,0.6086952701495745,0.16694503923452014,0.08988411298531115,Subject30,full_812_feature_table,gradient_boosting
69,2,9,28,30,0.463768115942029,0.06666666666666667,0.7692307692307693,0.0975609756097561,0.32136752136752134,0.36580790390503026,0.3719247135046757,0.3340477263402955,Subject31,full_812_feature_table,gradient_boosting
120,4,1,26,89,0.775,0.13333333333333333,0.9888888888888889,0.22857142857142856,0.9714814814814815,0.8413639425254912,0.12216280075855417,0.17616239111036333,Subject32,full_812_feature_table,gradient_boosting
120,5,1,25,89,0.7833333333333333,0.16666666666666666,0.9888888888888889,0.2777777777777778,0.8140740740740742,0.6338345584326677,0.14842263976676495,0.08355189880889591,Subject33,full_812_feature_table,gradient_boosting
120,7,1,23,89,0.8,0.23333333333333334,0.9888888888888889,0.3684210526315789,0.9714814814814815,0.8974471667627464,0.11987464931341392,0.16858077963036863,Subject34,full_812_feature_table,gradient_boosting
120,21,2,9,88,0.9083333333333333,0.7,0.9777777777777777,0.7924528301886793,0.9277777777777778,0.8558496979026318,0.10395773868800105,0.19479118266279388,Subject35,full_812_feature_table,gradient_boosting
120,20,0,10,90,0.9166666666666666,0.6666666666666666,1.0,0.8,1.0,0.9999999999999999,0.05604368561387596,0.13427754975079248,Subject00,full_812_feature_table,xgboost
120,7,5,23,85,0.7666666666666667,0.23333333333333334,0.9444444444444444,0.3333333333333333,0.8855555555555557,0.5895319225961908,0.13481010073239,0.16821223641745747,Subject01,full_812_feature_table,xgboost
120,29,90,1,0,0.24166666666666667,0.9666666666666667,0.0,0.38926174496644295,0.3114814814814815,0.18046767611342263,0.5043075539706917,0.5480612797041734,Subject02,full_812_feature_table,xgboost
120,2,2,28,88,0.75,0.06666666666666667,0.9777777777777777,0.11764705882352941,0.9196296296296296,0.6801232003482274,0.16473790718442968,0.18859060751274231,Subject03,full_812_feature_table,xgboost
114,0,0,30,84,0.7368421052631579,0.0,1.0,0.0,0.8420634920634921,0.6398714141576456,0.19845595715480085,0.17368395185392155,Subject04,full_812_feature_table,xgboost
120,23,13,7,77,0.8333333333333334,0.7666666666666667,0.8555555555555555,0.696969696969697,0.8611111111111112,0.7191460634970521,0.16363711755765067,0.20029725705583895,Subject05,full_812_feature_table,xgboost
120,3,0,27,90,0.775,0.1,1.0,0.18181818181818182,0.8644444444444445,0.7961933836720829,0.1376299930827699,0.08859879747033118,Subject06,full_812_feature_table,xgboost
120,19,29,11,61,0.6666666666666666,0.6333333333333333,0.6777777777777778,0.48717948717948717,0.737037037037037,0.48584771971127055,0.20644853055307344,0.19708424679314096,Subject07,full_812_feature_table,xgboost
120,12,3,18,87,0.825,0.4,0.9666666666666667,0.5333333333333333,0.902962962962963,0.7257265055397719,0.12469855231649905,0.1362187775783241,Subject08,full_812_feature_table,xgboost
120,1,0,29,90,0.7583333333333333,0.03333333333333333,1.0,0.06451612903225806,0.9155555555555556,0.7133448512748441,0.1534060511222496,0.16008914729269844,Subject09,full_812_feature_table,xgboost
123,1,0,29,93,0.7642276422764228,0.03333333333333333,1.0,0.06451612903225806,0.6537634408602151,0.4797077117693996,0.1777825767455506,0.0926996256277813,Subject10,full_812_feature_table,xgboost
120,29,46,1,44,0.6083333333333333,0.9666666666666667,0.4888888888888889,0.5523809523809524,0.722962962962963,0.39018989439491414,0.2668360289473068,0.3168330652018388,Subject11,full_812_feature_table,xgboost
120,4,30,26,60,0.5333333333333333,0.13333333333333333,0.6666666666666666,0.125,0.4262962962962963,0.20973248446744577,0.2660170311660943,0.21411202857270836,Subject12,full_812_feature_table,xgboost
120,30,85,0,5,0.2916666666666667,1.0,0.05555555555555555,0.41379310344827586,0.5892592592592593,0.34999856662015594,0.3454664845303081,0.40462408810853956,Subject13,full_812_feature_table,xgboost
120,20,66,10,24,0.36666666666666664,0.6666666666666666,0.26666666666666666,0.3448275862068966,0.45851851851851855,0.2735726224277862,0.32738172039288427,0.3701555931319793,Subject14,full_812_feature_table,xgboost
120,0,0,30,90,0.75,0.0,1.0,0.0,0.7825925925925927,0.6634525881066804,0.17538597196716985,0.1241496121510863,Subject15,full_812_feature_table,xgboost
120,23,49,7,41,0.5333333333333333,0.7666666666666667,0.45555555555555555,0.45098039215686275,0.5818518518518518,0.27594208062335257,0.2965581148674544,0.3082323939849933,Subject16,full_812_feature_table,xgboost
120,18,7,12,83,0.8416666666666667,0.6,0.9222222222222223,0.6545454545454545,0.8992592592592592,0.6866136932584007,0.12088647365548563,0.1251503147184849,Subject17,full_812_feature_table,xgboost
120,1,0,29,90,0.7583333333333333,0.03333333333333333,1.0,0.06451612903225806,0.9966666666666667,0.9901107996003196,0.10795150783668402,0.18462494675380486,Subject18,full_812_feature_table,xgboost
120,8,0,22,90,0.8166666666666667,0.26666666666666666,1.0,0.42105263157894735,0.9548148148148148,0.8512862778068453,0.1044231397115248,0.1503517687320709,Subject19,full_812_feature_table,xgboost
120,25,2,5,88,0.9416666666666667,0.8333333333333334,0.9777777777777777,0.8771929824561403,0.9825925925925927,0.9567464916173295,0.08231774140068522,0.18475659883891543,Subject20,full_812_feature_table,xgboost
120,6,1,24,89,0.7916666666666666,0.2,0.9888888888888889,0.32432432432432434,0.8292592592592594,0.6653793785916782,0.1415287161049691,0.07958959070965649,Subject21,full_812_feature_table,xgboost
120,26,1,4,89,0.9583333333333334,0.8666666666666667,0.9888888888888889,0.9122807017543859,0.997037037037037,0.9912446899562213,0.036128829515081985,0.10686752190813423,Subject22,full_812_feature_table,xgboost
120,3,0,27,90,0.775,0.1,1.0,0.18181818181818182,0.8977777777777778,0.8406794649740662,0.13415970057107657,0.11405925508588552,Subject23,full_812_feature_table,xgboost
120,12,3,18,87,0.825,0.4,0.9666666666666667,0.5333333333333333,0.9196296296296296,0.7377610971714806,0.12368114465051416,0.12495723382259409,Subject24,full_812_feature_table,xgboost
120,30,72,0,18,0.4,1.0,0.2,0.45454545454545453,0.7240740740740741,0.4320925239910909,0.34808275691696006,0.4251667922983567,Subject25,full_812_feature_table,xgboost
120,9,0,21,90,0.825,0.3,1.0,0.46153846153846156,0.9477777777777777,0.8760486127956413,0.11299062391389378,0.13542953487485648,Subject26,full_812_feature_table,xgboost
120,25,37,5,53,0.65,0.8333333333333334,0.5888888888888889,0.5434782608695652,0.7914814814814815,0.548407806671805,0.21176321987991292,0.24445212992529072,Subject27,full_812_feature_table,xgboost
120,25,0,5,90,0.9583333333333334,0.8333333333333334,1.0,0.9090909090909091,1.0,0.9999999999999999,0.03571009833856546,0.11201798657421023,Subject28,full_812_feature_table,xgboost
120,0,0,30,90,0.75,0.0,1.0,0.0,0.9866666666666667,0.9580418023387774,0.16062770936349935,0.19025313252738363,Subject29,full_812_feature_table,xgboost
120,2,0,28,90,0.7666666666666667,0.06666666666666667,1.0,0.125,0.8081481481481481,0.7521180295295917,0.1520994770881939,0.11492484975606204,Subject30,full_812_feature_table,xgboost
69,1,4,29,35,0.5217391304347826,0.03333333333333333,0.8974358974358975,0.05714285714285714,0.2658119658119658,0.329009915828974,0.35960984337042234,0.345648774796206,Subject31,full_812_feature_table,xgboost
120,5,2,25,88,0.775,0.16666666666666666,0.9777777777777777,0.2702702702702703,0.9644444444444444,0.8161154760925524,0.13128555208219614,0.21292946090300877,Subject32,full_812_feature_table,xgboost
120,3,1,27,89,0.7666666666666667,0.1,0.9888888888888889,0.17647058823529413,0.7925925925925926,0.5903472259781479,0.15643260324581507,0.05795802601302663,Subject33,full_812_feature_table,xgboost
120,6,1,24,89,0.7916666666666666,0.2,0.9888888888888889,0.32432432432432434,0.9492592592592592,0.8332664559723617,0.12675165443040828,0.1479190201498568,Subject34,full_812_feature_table,xgboost
120,14,5,16,85,0.825,0.4666666666666667,0.9444444444444444,0.5714285714285714,0.7603703703703705,0.6508133289257849,0.16568150721125988,0.1639886943002542,Subject35,full_812_feature_table,xgboost
120,23,1,7,89,0.9333333333333333,0.7666666666666667,0.9888888888888889,0.8518518518518519,0.9614814814814814,0.9187159164479457,0.0666592226393659,0.08837414440698677,Subject00,spectral_absolute_bandpower_only,logistic_regression
120,19,5,11,85,0.8666666666666667,0.6333333333333333,0.9444444444444444,0.7037037037037037,0.7707407407407407,0.634596877124484,0.12304602574633643,0.0997306272724577,Subject01,spectral_absolute_bandpower_only,logistic_regression
120,30,90,0,0,0.25,1.0,0.0,0.4,0.6470370370370371,0.3258935076912105,0.7499867989002399,0.7499930503407043,Subject02,spectral_absolute_bandpower_only,logistic_regression
120,11,0,19,90,0.8416666666666667,0.36666666666666664,1.0,0.5365853658536586,1.0,0.9999999999999999,0.0924869992099676,0.13672156255686435,Subject03,spectral_absolute_bandpower_only,logistic_regression
114,10,1,20,83,0.8157894736842105,0.3333333333333333,0.9880952380952381,0.4878048780487805,0.8424603174603175,0.705377139658051,0.1590522874811014,0.15406235572371602,Subject04,spectral_absolute_bandpower_only,logistic_regression
120,30,77,0,13,0.35833333333333334,1.0,0.14444444444444443,0.43795620437956206,0.6333333333333334,0.3189659605951458,0.5231373862387764,0.5802822254263427,Subject05,spectral_absolute_bandpower_only,logistic_regression
120,17,22,13,68,0.7083333333333334,0.5666666666666667,0.7555555555555555,0.4927536231884058,0.7118518518518518,0.41620173222779355,0.19308168537237105,0.1488767659560619,Subject06,spectral_absolute_bandpower_only,logistic_regression
120,22,18,8,72,0.7833333333333333,0.7333333333333333,0.8,0.6285714285714286,0.8548148148148148,0.6865611939832431,0.14491789227021099,0.11205504403187194,Subject07,spectral_absolute_bandpower_only,logistic_regression
120,26,86,4,4,0.25,0.8666666666666667,0.044444444444444446,0.36619718309859156,0.2214814814814815,0.1638744023728038,0.5698054851139406,0.5627818632479314,Subject08,spectral_absolute_bandpower_only,logistic_regression
120,8,1,22,89,0.8083333333333333,0.26666666666666666,0.9888888888888889,0.41025641025641024,0.9237037037037037,0.8122407401065588,0.11528224344883749,0.12189306859418825,Subject09,spectral_absolute_bandpower_only,logistic_regression
123,8,1,22,92,0.8130081300813008,0.26666666666666666,0.989247311827957,0.41025641025641024,0.8573476702508961,0.7507118689396669,0.12797357416834307,0.12135297114200118,Subject10,spectral_absolute_bandpower_only,logistic_regression
120,30,73,0,17,0.39166666666666666,1.0,0.18888888888888888,0.45112781954887216,0.8362962962962963,0.552406010293808,0.4343574171881952,0.5173826648365805,Subject11,spectral_absolute_bandpower_only,logistic_regression
120,7,17,23,73,0.6666666666666666,0.23333333333333334,0.8111111111111111,0.25925925925925924,0.6248148148148148,0.3088746515020462,0.29720980844645534,0.2981259344192303,Subject12,spectral_absolute_bandpower_only,logistic_regression
120,30,85,0,5,0.2916666666666667,1.0,0.05555555555555555,0.41379310344827586,0.9162962962962963,0.8358606633942004,0.42649889560347426,0.5348161866197552,Subject13,spectral_absolute_bandpower_only,logistic_regression
120,22,47,8,43,0.5416666666666666,0.7333333333333333,0.4777777777777778,0.4444444444444444,0.6888888888888889,0.5406663810999721,0.32277599890834124,0.3239056001547117,Subject14,spectral_absolute_bandpower_only,logistic_regression
120,22,3,8,87,0.9083333333333333,0.7333333333333333,0.9666666666666667,0.8,0.9496296296296296,0.8989596140080012,0.07405596675161866,0.08994982821709058,Subject15,spectral_absolute_bandpower_only,logistic_regression
120,15,16,15,74,0.7416666666666667,0.5,0.8222222222222222,0.4918032786885246,0.7718518518518519,0.6233054244312732,0.16727635115656067,0.1069296277439603,Subject16,spectral_absolute_bandpower_only,logistic_regression
120,25,49,5,41,0.55,0.8333333333333334,0.45555555555555555,0.4807692307692308,0.7570370370370371,0.6449941999628608,0.3222602423304535,0.39893130800511367,Subject17,spectral_absolute_bandpower_only,logistic_regression
120,17,0,13,90,0.8916666666666667,0.5666666666666667,1.0,0.723404255319149,0.952962962962963,0.9183067811493659,0.08412928712575972,0.08221569289416866,Subject18,spectral_absolute_bandpower_only,logistic_regression
120,30,8,0,82,0.9333333333333333,1.0,0.9111111111111111,0.8823529411764706,0.9888888888888889,0.9637406984974533,0.05841911595834051,0.08763972411749205,Subject19,spectral_absolute_bandpower_only,logistic_regression
120,2,1,28,89,0.7583333333333333,0.06666666666666667,0.9888888888888889,0.12121212121212122,0.33481481481481484,0.23469353414957628,0.24097279260867668,0.24137944535924014,Subject20,spectral_absolute_bandpower_only,logistic_regression
120,27,31,3,59,0.7166666666666667,0.9,0.6555555555555556,0.6136363636363636,0.7914814814814815,0.46389311932629707,0.22588992393525223,0.2306627115899113,Subject21,spectral_absolute_bandpower_only,logistic_regression
120,9,0,21,90,0.825,0.3,1.0,0.46153846153846156,0.9992592592592593,0.9978136200716845,0.1220680561509688,0.15246101954975735,Subject22,spectral_absolute_bandpower_only,logistic_regression
120,21,7,9,83,0.8666666666666667,0.7,0.9222222222222223,0.7241379310344828,0.9011111111111111,0.7856997836586568,0.09784767639372752,0.05566300716692609,Subject23,spectral_absolute_bandpower_only,logistic_regression
120,29,35,1,55,0.7,0.9666666666666667,0.6111111111111112,0.6170212765957447,0.8711111111111111,0.6003184750035303,0.20748778618393443,0.2788929448877284,Subject24,spectral_absolute_bandpower_only,logistic_regression
120,28,38,2,52,0.6666666666666666,0.9333333333333333,0.5777777777777777,0.5833333333333334,0.8296296296296297,0.6191066508774195,0.27446059689633345,0.2890161923454692,Subject25,spectral_absolute_bandpower_only,logistic_regression
120,11,2,19,88,0.825,0.36666666666666664,0.9777777777777777,0.5116279069767442,0.9062962962962964,0.8163025770789373,0.11064087356841697,0.12275467411052696,Subject26,spectral_absolute_bandpower_only,logistic_regression
120,28,31,2,59,0.725,0.9333333333333333,0.6555555555555556,0.6292134831460674,0.9018518518518519,0.768063254630018,0.1992114032498293,0.2933603603292845,Subject27,spectral_absolute_bandpower_only,logistic_regression
120,30,3,0,87,0.975,1.0,0.9666666666666667,0.9523809523809523,0.9996296296296296,0.9989247311827956,0.017374747379921607,0.048213990852092235,Subject28,spectral_absolute_bandpower_only,logistic_regression
120,19,0,11,90,0.9083333333333333,0.6333333333333333,1.0,0.7755102040816326,0.9785185185185185,0.9528673891492483,0.07015920555743628,0.09522380753928512,Subject29,spectral_absolute_bandpower_only,logistic_regression
120,7,0,23,90,0.8083333333333333,0.23333333333333334,1.0,0.3783783783783784,0.8822222222222222,0.7960333742925614,0.14208582328526406,0.14290100898523894,Subject30,spectral_absolute_bandpower_only,logistic_regression
69,12,3,18,36,0.6956521739130435,0.4,0.9230769230769231,0.5333333333333333,0.7341880341880342,0.7132277123235419,0.20851076192161141,0.12184242344794625,Subject31,spectral_absolute_bandpower_only,logistic_regression
120,5,4,25,86,0.7583333333333333,0.16666666666666666,0.9555555555555556,0.2564102564102564,0.7937037037037037,0.5522542720948318,0.19520784657043747,0.18297596609897188,Subject32,spectral_absolute_bandpower_only,logistic_regression
120,29,58,1,32,0.5083333333333333,0.9666666666666667,0.35555555555555557,0.49572649572649574,0.7959259259259259,0.5131414944281472,0.3029773195800067,0.369066367247264,Subject33,spectral_absolute_bandpower_only,logistic_regression
120,18,27,12,63,0.675,0.6,0.7,0.48,0.7096296296296297,0.37716738238664516,0.24326044343464936,0.20740552825989717,Subject34,spectral_absolute_bandpower_only,logistic_regression
120,24,79,6,11,0.2916666666666667,0.8,0.12222222222222222,0.3609022556390977,0.4270370370370371,0.24868670855429864,0.49709579278968924,0.5183821696453661,Subject35,spectral_absolute_bandpower_only,logistic_regression
120,4,0,26,90,0.7833333333333333,0.13333333333333333,1.0,0.23529411764705882,0.9662962962962963,0.9294225489300421,0.185871881829891,0.2051765889868363,Subject00,spectral_absolute_bandpower_only,svm_rbf
120,12,1,18,89,0.8416666666666667,0.4,0.9888888888888889,0.5581395348837209,0.9662962962962963,0.8862724772790189,0.1308387430950343,0.13558679435580093,Subject01,spectral_absolute_bandpower_only,svm_rbf
120,17,15,13,75,0.7666666666666667,0.5666666666666667,0.8333333333333334,0.5483870967741935,0.8081481481481482,0.6208752992043101,0.14685647334343457,0.07102388263117941,Subject02,spectral_absolute_bandpower_only,svm_rbf
120,4,0,26,90,0.7833333333333333,0.13333333333333333,1.0,0.23529411764705882,0.9348148148148148,0.7797128418456636,0.21145826558293207,0.21895512130165848,Subject03,spectral_absolute_bandpower_only,svm_rbf
114,1,0,29,84,0.7456140350877193,0.03333333333333333,1.0,0.06451612903225806,0.5988095238095238,0.38334282117322144,0.23962234577519342,0.22496658360266278,Subject04,spectral_absolute_bandpower_only,svm_rbf
120,27,31,3,59,0.7166666666666667,0.9,0.6555555555555556,0.6136363636363636,0.882962962962963,0.7748127553898401,0.16492661700193556,0.17105356583809123,Subject05,spectral_absolute_bandpower_only,svm_rbf
120,3,5,27,85,0.7333333333333333,0.1,0.9444444444444444,0.15789473684210525,0.627037037037037,0.3425930944564983,0.22710628031835636,0.20357295997328376,Subject06,spectral_absolute_bandpower_only,svm_rbf
120,19,20,11,70,0.7416666666666667,0.6333333333333333,0.7777777777777778,0.5507246376811594,0.8603703703703703,0.676178619969421,0.14865026382779828,0.12523273534244303,Subject07,spectral_absolute_bandpower_only,svm_rbf
120,28,81,2,9,0.30833333333333335,0.9333333333333333,0.1,0.4028776978417266,0.2925925925925926,0.17749086906378223,0.5708127120332241,0.5860985005581303,Subject08,spectral_absolute_bandpower_only,svm_rbf
120,1,5,29,85,0.7166666666666667,0.03333333333333333,0.9444444444444444,0.05555555555555555,0.5474074074074073,0.27256252844494433,0.24308348964719215,0.23337753107866524,Subject09,spectral_absolute_bandpower_only,svm_rbf
123,14,1,16,92,0.8617886178861789,0.4666666666666667,0.989247311827957,0.6222222222222222,0.8487455197132616,0.7816156709192512,0.15268880492441386,0.17275119507318706,Subject10,spectral_absolute_bandpower_only,svm_rbf
120,30,84,0,6,0.3,1.0,0.06666666666666667,0.4166666666666667,0.6711111111111111,0.3704124815286898,0.6537378719374035,0.6703594026193035,Subject11,spectral_absolute_bandpower_only,svm_rbf
120,6,23,24,67,0.6083333333333333,0.2,0.7444444444444445,0.2033898305084746,0.41648148148148145,0.2309732019492769,0.2929708712725994,0.2737211045288763,Subject12,spectral_absolute_bandpower_only,svm_rbf
120,30,90,0,0,0.25,1.0,0.0,0.4,0.3881481481481482,0.20439041755709847,0.7319691089309299,0.7378272502919939,Subject13,spectral_absolute_bandpower_only,svm_rbf
120,22,73,8,17,0.325,0.7333333333333333,0.18888888888888888,0.352,0.5181481481481481,0.27608604876506276,0.4838269694006684,0.5103860767415178,Subject14,spectral_absolute_bandpower_only,svm_rbf
120,12,1,18,89,0.8416666666666667,0.4,0.9888888888888889,0.5581395348837209,0.857037037037037,0.7498255735349375,0.14954787920836352,0.160077692002152,Subject15,spectral_absolute_bandpower_only,svm_rbf
120,18,17,12,73,0.7583333333333333,0.6,0.8111111111111111,0.5538461538461539,0.782962962962963,0.5312631818965026,0.17074910024991125,0.14797616935425423,Subject16,spectral_absolute_bandpower_only,svm_rbf
120,26,57,4,33,0.49166666666666664,0.8666666666666667,0.36666666666666664,0.46017699115044247,0.7648148148148148,0.6685534076846733,0.32391491494449576,0.3364837650457442,Subject17,spectral_absolute_bandpower_only,svm_rbf
120,0,0,30,90,0.75,0.0,1.0,0.0,0.865925925925926,0.6355635948642955,0.24917674257138953,0.2493137013276728,Subject18,spectral_absolute_bandpower_only,svm_rbf
120,30,5,0,85,0.9583333333333334,1.0,0.9444444444444444,0.9230769230769231,0.9792592592592593,0.9286045635763592,0.04085429086464866,0.052428353736504396,Subject19,spectral_absolute_bandpower_only,svm_rbf
120,1,0,29,90,0.7583333333333333,0.03333333333333333,1.0,0.06451612903225806,0.9329629629629631,0.7195889914852736,0.23575646670059053,0.23867536170970946,Subject20,spectral_absolute_bandpower_only,svm_rbf
120,17,27,13,63,0.6666666666666666,0.5666666666666667,0.7,0.4594594594594595,0.6966666666666668,0.42419287156462604,0.2496650261735302,0.21684189025299416,Subject21,spectral_absolute_bandpower_only,svm_rbf
120,10,0,20,90,0.8333333333333334,0.3333333333333333,1.0,0.5,0.874074074074074,0.7593852697305219,0.17191625349151576,0.18721288585002563,Subject22,spectral_absolute_bandpower_only,svm_rbf
120,22,2,8,88,0.9166666666666666,0.7333333333333333,0.9777777777777777,0.8148148148148148,0.9151851851851852,0.8779181409278786,0.07560159544615339,0.0749166255544613,Subject23,spectral_absolute_bandpower_only,svm_rbf
120,24,19,6,71,0.7916666666666666,0.8,0.7888888888888889,0.6575342465753424,0.8692592592592593,0.6816264897308342,0.12927156204204873,0.0924421077832314,Subject24,spectral_absolute_bandpower_only,svm_rbf
120,25,34,5,56,0.675,0.8333333333333334,0.6222222222222222,0.5617977528089888,0.8103703703703705,0.709984909595838,0.19792001008778143,0.2140445461746418,Subject25,spectral_absolute_bandpower_only,svm_rbf
120,22,2,8,88,0.9166666666666666,0.7333333333333333,0.9777777777777777,0.8148148148148148,0.9459259259259258,0.7955317719340131,0.10277290632603552,0.13072883452429132,Subject26,spectral_absolute_bandpower_only,svm_rbf
120,27,38,3,52,0.6583333333333333,0.9,0.5777777777777777,0.5684210526315789,0.9122222222222223,0.8247295879525336,0.17317131641977593,0.2286245211240877,Subject27,spectral_absolute_bandpower_only,svm_rbf
120,30,2,0,88,0.9833333333333333,1.0,0.9777777777777777,0.967741935483871,0.9996296296296296,0.9989247311827956,0.007896759044630806,0.02227216130576754,Subject28,spectral_absolute_bandpower_only,svm_rbf
120,1,0,29,90,0.7583333333333333,0.03333333333333333,1.0,0.06451612903225806,0.9603703703703704,0.9258543318902293,0.20843952420676753,0.22402645164172508,Subject29,spectral_absolute_bandpower_only,svm_rbf
120,3,0,27,90,0.775,0.1,1.0,0.18181818181818182,0.955925925925926,0.8924145872821649,0.21580069557810028,0.22862741133953057,Subject30,spectral_absolute_bandpower_only,svm_rbf
69,13,2,17,37,0.7246376811594203,0.43333333333333335,0.9487179487179487,0.5777777777777777,0.8324786324786324,0.7918088425837443,0.2480037951401601,0.2621885386320507,Subject31,spectral_absolute_bandpower_only,svm_rbf
120,0,2,30,88,0.7333333333333333,0.0,0.9777777777777777,0.0,0.8222222222222222,0.496214144885051,0.240877762155505,0.24863030290032476,Subject32,spectral_absolute_bandpower_only,svm_rbf
120,26,61,4,29,0.4583333333333333,0.8666666666666667,0.32222222222222224,0.4444444444444444,0.6107407407407408,0.30709043858856355,0.35771400864593456,0.37903083893847844,Subject33,spectral_absolute_bandpower_only,svm_rbf
120,1,11,29,79,0.6666666666666666,0.03333333333333333,0.8777777777777778,0.047619047619047616,0.6033333333333333,0.28077326372370404,0.2607882191529202,0.2661335700584728,Subject34,spectral_absolute_bandpower_only,svm_rbf
120,15,85,15,5,0.16666666666666666,0.5,0.05555555555555555,0.23076923076923078,0.11333333333333334,0.1492667442748386,0.7376077352636242,0.7573154650862174,Subject35,spectral_absolute_bandpower_only,svm_rbf
120,6,0,24,90,0.8,0.2,1.0,0.3333333333333333,0.9992592592592592,0.9969696969696968,0.09900520833333332,0.21340277777777777,Subject00,spectral_absolute_bandpower_only,random_forest
120,13,1,17,89,0.85,0.43333333333333335,0.9888888888888889,0.5909090909090909,0.9803703703703703,0.9303775375875117,0.09516550925925925,0.17680555555555552,Subject01,spectral_absolute_bandpower_only,random_forest
120,2,20,28,70,0.6,0.06666666666666667,0.7777777777777778,0.07692307692307693,0.4824074074074074,0.22708349060592434,0.23131655092592593,0.18381944444444442,Subject02,spectral_absolute_bandpower_only,random_forest
120,0,0,30,90,0.75,0.0,1.0,0.0,0.9731481481481482,0.9312909098866511,0.1351440972222222,0.1829861111111111,Subject03,spectral_absolute_bandpower_only,random_forest
114,0,0,30,84,0.7368421052631579,0.0,1.0,0.0,0.42321428571428577,0.2293674845288152,0.21951206140350876,0.1465643274853801,Subject04,spectral_absolute_bandpower_only,random_forest
120,5,0,25,90,0.7916666666666666,0.16666666666666666,1.0,0.2857142857142857,0.9277777777777778,0.7952953090313113,0.13823900462962962,0.176875,Subject05,spectral_absolute_bandpower_only,random_forest
120,0,0,30,90,0.75,0.0,1.0,0.0,0.9209259259259259,0.6899520232316401,0.1481898148148148,0.20569444444444449,Subject06,spectral_absolute_bandpower_only,random_forest
120,1,8,29,82,0.6916666666666667,0.03333333333333333,0.9111111111111111,0.05128205128205128,0.6801851851851851,0.32877500176272023,0.1759369212962963,0.10618055555555554,Subject07,spectral_absolute_bandpower_only,random_forest
120,1,0,29,90,0.7583333333333333,0.03333333333333333,1.0,0.06451612903225806,0.7498148148148148,0.44477487136188115,0.1785422453703704,0.11118055555555555,Subject08,spectral_absolute_bandpower_only,random_forest
120,0,0,30,90,0.75,0.0,1.0,0.0,0.8637037037037038,0.6523112473945808,0.16496643518518522,0.17388888888888895,Subject09,spectral_absolute_bandpower_only,random_forest
123,0,0,30,93,0.7560975609756098,0.0,1.0,0.0,0.6238351254480288,0.48822400144231665,0.17510670731707317,0.12621951219512195,Subject10,spectral_absolute_bandpower_only,random_forest
120,23,55,7,35,0.48333333333333334,0.7666666666666667,0.3888888888888889,0.42592592592592593,0.5457407407407406,0.26556885714171397,0.26465914351851855,0.27715277777777764,Subject11,spectral_absolute_bandpower_only,random_forest
120,6,13,24,77,0.6916666666666667,0.2,0.8555555555555555,0.24489795918367346,0.5979629629629629,0.29791675250012195,0.20489351851851853,0.13249999999999998,Subject12,spectral_absolute_bandpower_only,random_forest
120,29,76,1,14,0.35833333333333334,0.9666666666666667,0.15555555555555556,0.42962962962962964,0.8312962962962963,0.6330070497498316,0.2685225694444444,0.33604166666666674,Subject13,spectral_absolute_bandpower_only,random_forest
120,7,0,23,90,0.8083333333333333,0.23333333333333334,1.0,0.3783783783783784,0.8468518518518519,0.7499846577222863,0.1620596064814815,0.20534722222222224,Subject14,spectral_absolute_bandpower_only,random_forest
120,0,0,30,90,0.75,0.0,1.0,0.0,0.8083333333333333,0.6573518023535414,0.18136458333333333,0.14541666666666667,Subject15,spectral_absolute_bandpower_only,random_forest
120,2,14,28,76,0.65,0.06666666666666667,0.8444444444444444,0.08695652173913043,0.5311111111111111,0.25369463373848883,0.21403472222222222,0.12180555555555557,Subject16,spectral_absolute_bandpower_only,random_forest
120,29,48,1,42,0.5916666666666667,0.9666666666666667,0.4666666666666667,0.5420560747663551,0.9518518518518518,0.8950995731410477,0.21605729166666665,0.34312499999999996,Subject17,spectral_absolute_bandpower_only,random_forest
120,0,0,30,90,0.75,0.0,1.0,0.0,0.9070370370370371,0.6630806523340598,0.16532233796296297,0.16784722222222223,Subject18,spectral_absolute_bandpower_only,random_forest
120,3,0,27,90,0.775,0.1,1.0,0.18181818181818182,0.9792592592592593,0.9266514033049511,0.10504976851851851,0.20416666666666666,Subject19,spectral_absolute_bandpower_only,random_forest
120,15,0,15,90,0.875,0.5,1.0,0.6666666666666666,0.9779629629629629,0.9684287749590661,0.10986805555555555,0.26013888888888886,Subject20,spectral_absolute_bandpower_only,random_forest
120,2,1,28,89,0.7583333333333333,0.06666666666666667,0.9888888888888889,0.12121212121212122,0.7272222222222222,0.4947946616663811,0.16660821759259256,0.11104166666666668,Subject21,spectral_absolute_bandpower_only,random_forest
120,14,0,16,90,0.8666666666666667,0.4666666666666667,1.0,0.6363636363636364,0.987037037037037,0.9564461442793708,0.0856556712962963,0.18145833333333333,Subject22,spectral_absolute_bandpower_only,random_forest
120,2,0,28,90,0.7666666666666667,0.06666666666666667,1.0,0.125,0.9288888888888888,0.8862003424608363,0.1347210648148148,0.15624999999999997,Subject23,spectral_absolute_bandpower_only,random_forest
120,0,1,30,89,0.7416666666666667,0.0,0.9888888888888889,0.0,0.8051851851851852,0.4644615098407527,0.1598871527777778,0.15673611111111113,Subject24,spectral_absolute_bandpower_only,random_forest
120,1,2,29,88,0.7416666666666667,0.03333333333333333,0.9777777777777777,0.06060606060606061,0.7612962962962962,0.5124477098055732,0.1763292824074074,0.1579861111111111,Subject25,spectral_absolute_bandpower_only,random_forest
120,4,0,26,90,0.7833333333333333,0.13333333333333333,1.0,0.23529411764705882,0.962962962962963,0.8919454458044768,0.11923090277777776,0.21076388888888886,Subject26,spectral_absolute_bandpower_only,random_forest
120,15,7,15,83,0.8166666666666667,0.5,0.9222222222222223,0.5769230769230769,0.9185185185185185,0.6827307464627719,0.14049999999999999,0.1830555555555556,Subject27,spectral_absolute_bandpower_only,random_forest
120,24,0,6,90,0.95,0.8,1.0,0.8888888888888888,1.0,1.0,0.059993634259259264,0.18798611111111113,Subject28,spectral_absolute_bandpower_only,random_forest
120,0,0,30,90,0.75,0.0,1.0,0.0,0.9701851851851853,0.8655300903398293,0.11972453703703705,0.18875000000000003,Subject29,spectral_absolute_bandpower_only,random_forest
120,0,0,30,90,0.75,0.0,1.0,0.0,0.8985185185185185,0.7778546198644237,0.15164409722222225,0.1620138888888889,Subject30,spectral_absolute_bandpower_only,random_forest
69,3,0,27,39,0.6086956521739131,0.1,1.0,0.18181818181818182,0.7653846153846154,0.7196453380426573,0.22256239935587757,0.16956521739130434,Subject31,spectral_absolute_bandpower_only,random_forest
120,2,1,28,89,0.7583333333333333,0.06666666666666667,0.9888888888888889,0.12121212121212122,0.8918518518518519,0.6473550990858166,0.1445445601851852,0.1346527777777778,Subject32,spectral_absolute_bandpower_only,random_forest
120,4,0,26,90,0.7833333333333333,0.13333333333333333,1.0,0.23529411764705882,0.8840740740740741,0.73628351085963,0.14658622685185188,0.1390972222222222,Subject33,spectral_absolute_bandpower_only,random_forest
120,4,1,26,89,0.775,0.13333333333333333,0.9888888888888889,0.22857142857142856,0.7977777777777778,0.5390031549581058,0.15553356481481478,0.06611111111111109,Subject34,spectral_absolute_bandpower_only,random_forest
120,6,59,24,31,0.30833333333333335,0.2,0.34444444444444444,0.12631578947368421,0.25166666666666665,0.1742638460611152,0.2947673611111111,0.3027777777777777,Subject35,spectral_absolute_bandpower_only,random_forest
120,26,0,4,90,0.9666666666666667,0.8666666666666667,1.0,0.9285714285714286,0.967037037037037,0.9750700280112043,0.03539583820645666,0.09811248016747831,Subject00,spectral_absolute_bandpower_only,gradient_boosting
120,23,3,7,87,0.9166666666666666,0.7666666666666667,0.9666666666666667,0.8214285714285714,0.9744444444444444,0.9360513871114464,0.0679927631986105,0.12133573949227196,Subject01,spectral_absolute_bandpower_only,gradient_boosting
120,23,85,7,5,0.23333333333333334,0.7666666666666667,0.05555555555555555,0.3333333333333333,0.15259259259259259,0.15488024165292025,0.4980569309461484,0.5146441480437075,Subject02,spectral_absolute_bandpower_only,gradient_boosting
120,0,6,30,84,0.7,0.0,0.9333333333333333,0.0,0.654074074074074,0.3328183178378448,0.22327292833264412,0.19463377294320613,Subject03,spectral_absolute_bandpower_only,gradient_boosting
114,0,0,30,84,0.7368421052631579,0.0,1.0,0.0,0.4373015873015873,0.23435935080540973,0.23577789655522755,0.1978331366309889,Subject04,spectral_absolute_bandpower_only,gradient_boosting
120,13,2,17,88,0.8416666666666667,0.43333333333333335,0.9777777777777777,0.5777777777777777,0.9118518518518519,0.7976089387691039,0.11243973280188278,0.1099890628286095,Subject05,spectral_absolute_bandpower_only,gradient_boosting
120,2,0,28,90,0.7666666666666667,0.06666666666666667,1.0,0.125,0.91,0.8418517690011316,0.14408467266378272,0.1329591946925395,Subject06,spectral_absolute_bandpower_only,gradient_boosting
120,7,12,23,78,0.7083333333333334,0.23333333333333334,0.8666666666666667,0.2857142857142857,0.6862962962962963,0.3903023044424589,0.18990013913125597,0.09948767088889188,Subject07,spectral_absolute_bandpower_only,gradient_boosting
120,24,15,6,75,0.825,0.8,0.8333333333333334,0.6956521739130435,0.8422222222222222,0.5653756303266486,0.1577149261195159,0.17609449973575006,Subject08,spectral_absolute_bandpower_only,gradient_boosting
120,2,5,28,85,0.725,0.06666666666666667,0.9444444444444444,0.10810810810810811,0.587037037037037,0.33692048260562807,0.1946250680123414,0.09602594052580068,Subject09,spectral_absolute_bandpower_only,gradient_boosting
123,1,2,29,91,0.7479674796747967,0.03333333333333333,0.978494623655914,0.06060606060606061,0.43548387096774194,0.22218236089950427,0.21239174184342025,0.14751373755085057,Subject10,spectral_absolute_bandpower_only,gradient_boosting
120,30,61,0,29,0.49166666666666664,1.0,0.32222222222222224,0.49586776859504134,0.7392592592592593,0.3923321512191328,0.351782128403278,0.43715952378285794,Subject11,spectral_absolute_bandpower_only,gradient_boosting
120,8,42,22,48,0.4666666666666667,0.26666666666666666,0.5333333333333333,0.2,0.45444444444444443,0.21770233231102787,0.2952694599615455,0.24313023695729202,Subject12,spectral_absolute_bandpower_only,gradient_boosting
120,30,75,0,15,0.375,1.0,0.16666666666666666,0.4444444444444444,0.9448148148148149,0.8505591777530671,0.30429225139187704,0.4325923719993387,Subject13,spectral_absolute_bandpower_only,gradient_boosting
120,15,35,15,55,0.5833333333333334,0.5,0.6111111111111112,0.375,0.6270370370370371,0.45895493136394927,0.2285344757689711,0.21732182704280384,Subject14,spectral_absolute_bandpower_only,gradient_boosting
120,0,0,30,90,0.75,0.0,1.0,0.0,0.8096296296296296,0.6487675758297385,0.2098139720648406,0.1956994519602605,Subject15,spectral_absolute_bandpower_only,gradient_boosting
120,2,26,28,64,0.55,0.06666666666666667,0.7111111111111111,0.06896551724137931,0.4085185185185185,0.20509092107464427,0.28061661545499267,0.2550316853525219,Subject16,spectral_absolute_bandpower_only,gradient_boosting
120,30,63,0,27,0.475,1.0,0.3,0.4878048780487805,0.9174074074074074,0.7569321123507338,0.3219586951680576,0.4361215335271472,Subject17,spectral_absolute_bandpower_only,gradient_boosting
120,0,0,30,90,0.75,0.0,1.0,0.0,0.6918518518518518,0.37953221559054573,0.20829913221808233,0.16939933934479096,Subject18,spectral_absolute_bandpower_only,gradient_boosting
120,12,2,18,88,0.8333333333333334,0.4,0.9777777777777777,0.5454545454545454,0.9648148148148148,0.8804606693189301,0.0905743791756884,0.12609970575226817,Subject19,spectral_absolute_bandpower_only,gradient_boosting
120,23,1,7,89,0.9333333333333333,0.7666666666666667,0.9888888888888889,0.8518518518518519,0.9866666666666667,0.9749259652145879,0.05386132337908955,0.13136081119589355,Subject20,spectral_absolute_bandpower_only,gradient_boosting
120,2,1,28,89,0.7583333333333333,0.06666666666666667,0.9888888888888889,0.12121212121212122,0.5988888888888889,0.4790153826028828,0.17897905922233068,0.10270427722416026,Subject21,spectral_absolute_bandpower_only,gradient_boosting
120,19,0,11,90,0.9083333333333333,0.6333333333333333,1.0,0.7755102040816326,0.9940740740740741,0.9816319231755446,0.06672122187661704,0.12398557675921133,Subject22,spectral_absolute_bandpower_only,gradient_boosting
120,9,0,21,90,0.825,0.3,1.0,0.46153846153846156,0.8388888888888889,0.7891094070287153,0.12762977468374911,0.11710969899703098,Subject23,spectral_absolute_bandpower_only,gradient_boosting
120,5,2,25,88,0.775,0.16666666666666666,0.9777777777777777,0.2702702702702703,0.8914814814814815,0.681024991315439,0.14456887033462423,0.1392329233788351,Subject24,spectral_absolute_bandpower_only,gradient_boosting
120,28,7,2,83,0.925,0.9333333333333333,0.9222222222222223,0.8615384615384616,0.9433333333333334,0.878484387870206,0.12471929103960026,0.24570863423584252,Subject25,spectral_absolute_bandpower_only,gradient_boosting
120,10,0,20,90,0.8333333333333334,0.3333333333333333,1.0,0.5,0.9696296296296296,0.9215517329895443,0.09242932387979055,0.14571297959396365,Subject26,spectral_absolute_bandpower_only,gradient_boosting
120,28,13,2,77,0.875,0.9333333333333333,0.8555555555555555,0.7887323943661971,0.9625925925925926,0.8911957361844304,0.11596841171671901,0.18804736470185596,Subject27,spectral_absolute_bandpower_only,gradient_boosting
120,30,0,0,90,1.0,1.0,1.0,1.0,1.0,0.9999999999999999,0.007085012381831989,0.047926374544063434,Subject28,spectral_absolute_bandpower_only,gradient_boosting
120,15,0,15,90,0.875,0.5,1.0,0.6666666666666666,0.9725925925925926,0.9608735967932553,0.0760951266633761,0.15726745034915995,Subject29,spectral_absolute_bandpower_only,gradient_boosting
120,3,0,27,90,0.775,0.1,1.0,0.18181818181818182,0.9751851851851852,0.9613797895572762,0.13210360344124333,0.16113226277412446,Subject30,spectral_absolute_bandpower_only,gradient_boosting
69,17,5,13,34,0.7391304347826086,0.5666666666666667,0.8717948717948718,0.6538461538461539,0.7752136752136752,0.7795077684413532,0.19272779472359422,0.14321170262065916,Subject31,spectral_absolute_bandpower_only,gradient_boosting
120,19,1,11,89,0.9,0.6333333333333333,0.9888888888888889,0.76,0.9777777777777777,0.9179366528470805,0.07339549014508533,0.14111103269765088,Subject32,spectral_absolute_bandpower_only,gradient_boosting
120,4,6,26,84,0.7333333333333333,0.13333333333333333,0.9333333333333333,0.2,0.5866666666666667,0.39198826807150233,0.19348550517349128,0.13301136414062392,Subject33,spectral_absolute_bandpower_only,gradient_boosting
120,4,0,26,90,0.7833333333333333,0.13333333333333333,1.0,0.23529411764705882,0.9077777777777778,0.7350564206490422,0.16003490040369928,0.14472879480021944,Subject34,spectral_absolute_bandpower_only,gradient_boosting
120,24,13,6,77,0.8416666666666667,0.8,0.8555555555555555,0.7164179104477612,0.8974074074074074,0.7621604487268456,0.14761864755627124,0.17866856279333326,Subject35,spectral_absolute_bandpower_only,gradient_boosting
120,21,0,9,90,0.925,0.7,1.0,0.8235294117647058,0.9688888888888889,0.975438596491228,0.05488544096264444,0.12404284455503026,Subject00,spectral_absolute_bandpower_only,xgboost
120,22,1,8,89,0.925,0.7333333333333333,0.9888888888888889,0.8301886792452831,0.9774074074074074,0.9531030266352847,0.06826670863730167,0.1344000376140078,Subject01,spectral_absolute_bandpower_only,xgboost
120,23,83,7,7,0.25,0.7666666666666667,0.07777777777777778,0.3382352941176471,0.17962962962962964,0.158983599276159,0.4313954363376379,0.4514512253304322,Subject02,spectral_absolute_bandpower_only,xgboost
120,0,4,30,86,0.7166666666666667,0.0,0.9555555555555556,0.0,0.7318518518518519,0.3907979637472284,0.20067840653850805,0.1518145800568163,Subject03,spectral_absolute_bandpower_only,xgboost
114,0,0,30,84,0.7368421052631579,0.0,1.0,0.0,0.38095238095238093,0.20879965950401796,0.23693604628804948,0.20060650171025804,Subject04,spectral_absolute_bandpower_only,xgboost
120,13,1,17,89,0.85,0.43333333333333335,0.9888888888888889,0.5909090909090909,0.9581481481481482,0.8909907917335125,0.1036445556700063,0.17855740698675315,Subject05,spectral_absolute_bandpower_only,xgboost
120,0,0,30,90,0.75,0.0,1.0,0.0,0.8881481481481481,0.779991919273487,0.15378219382348846,0.14346844761942826,Subject06,spectral_absolute_bandpower_only,xgboost
120,8,13,22,77,0.7083333333333334,0.26666666666666666,0.8555555555555555,0.3137254901960784,0.6588888888888889,0.3361180740821541,0.19370968939827407,0.0994612998639544,Subject07,spectral_absolute_bandpower_only,xgboost
120,18,14,12,76,0.7833333333333333,0.6,0.8444444444444444,0.5806451612903226,0.8511111111111112,0.6820389012761241,0.15111944316428835,0.15485710098097724,Subject08,spectral_absolute_bandpower_only,xgboost
120,0,1,30,89,0.7416666666666667,0.0,0.9888888888888889,0.0,0.6759259259259259,0.4410249436970515,0.17689769818810136,0.05739458911120891,Subject09,spectral_absolute_bandpower_only,xgboost
123,0,0,30,93,0.7560975609756098,0.0,1.0,0.0,0.4258064516129032,0.2513803502068515,0.20054635473704036,0.11181516051898158,Subject10,spectral_absolute_bandpower_only,xgboost
120,30,72,0,18,0.4,1.0,0.2,0.45454545454545453,0.6696296296296296,0.3452079123950197,0.3388706700900652,0.4025616622219483,Subject11,spectral_absolute_bandpower_only,xgboost
120,13,44,17,46,0.49166666666666664,0.43333333333333335,0.5111111111111111,0.2988505747126437,0.4777777777777778,0.2258051292693172,0.2738576079824667,0.2377622924745083,Subject12,spectral_absolute_bandpower_only,xgboost
120,30,70,0,20,0.4166666666666667,1.0,0.2222222222222222,0.46153846153846156,0.9055555555555556,0.6993693268066213,0.2661150119008427,0.3650974112252394,Subject13,spectral_absolute_bandpower_only,xgboost
120,19,53,11,37,0.4666666666666667,0.6333333333333333,0.4111111111111111,0.37254901960784315,0.5737037037037037,0.37114113506529495,0.26970898590564585,0.28616240036984286,Subject14,spectral_absolute_bandpower_only,xgboost
120,0,0,30,90,0.75,0.0,1.0,0.0,0.6955555555555555,0.4496711312288662,0.20814458079140155,0.17627424458041785,Subject15,spectral_absolute_bandpower_only,xgboost
120,1,29,29,61,0.5166666666666667,0.03333333333333333,0.6777777777777778,0.03333333333333333,0.3959259259259259,0.2010914368439617,0.283382313919442,0.2686305684658388,Subject16,spectral_absolute_bandpower_only,xgboost
120,30,52,0,38,0.5666666666666667,1.0,0.4222222222222222,0.5357142857142857,0.9640740740740741,0.9158486882439851,0.23466376930677463,0.36518900717298186,Subject17,spectral_absolute_bandpower_only,xgboost
120,0,0,30,90,0.75,0.0,1.0,0.0,0.8611111111111112,0.6216031337471353,0.19746781627900054,0.1654373795725405,Subject18,spectral_absolute_bandpower_only,xgboost
120,8,1,22,89,0.8083333333333333,0.26666666666666666,0.9888888888888889,0.41025641025641024,0.945925925925926,0.8181928209208047,0.11698895700644445,0.1478110973102351,Subject19,spectral_absolute_bandpower_only,xgboost
120,20,0,10,90,0.9166666666666666,0.6666666666666666,1.0,0.8,0.9774074074074074,0.9675054809547929,0.07127314789477411,0.1512438755016774,Subject20,spectral_absolute_bandpower_only,xgboost
120,5,4,25,86,0.7583333333333333,0.16666666666666666,0.9555555555555556,0.2564102564102564,0.5496296296296296,0.39970487157373313,0.19252763998971886,0.13650263951470454,Subject21,spectral_absolute_bandpower_only,xgboost
120,18,0,12,90,0.9,0.6,1.0,0.75,0.9940740740740741,0.9812251460446294,0.07777613502379234,0.1471088181094577,Subject22,spectral_absolute_bandpower_only,xgboost
120,5,0,25,90,0.7916666666666666,0.16666666666666666,1.0,0.2857142857142857,0.8570370370370372,0.8216083281738533,0.13379690717125117,0.11892678372872373,Subject23,spectral_absolute_bandpower_only,xgboost
120,3,2,27,88,0.7583333333333333,0.1,0.9777777777777777,0.17142857142857143,0.85,0.6104518817814402,0.15464283683354157,0.10681447610259055,Subject24,spectral_absolute_bandpower_only,xgboost
120,9,3,21,87,0.8,0.3,0.9666666666666667,0.42857142857142855,0.9196296296296296,0.7442158480496738,0.12857380832609513,0.16322004748508337,Subject25,spectral_absolute_bandpower_only,xgboost
120,8,0,22,90,0.8166666666666667,0.26666666666666666,1.0,0.42105263157894735,0.9592592592592593,0.8823267642798478,0.1075676472322734,0.13886609637799363,Subject26,spectral_absolute_bandpower_only,xgboost
120,30,19,0,71,0.8416666666666667,1.0,0.7888888888888889,0.759493670886076,0.9866666666666667,0.9596600379090636,0.13527888992792178,0.2733262215430538,Subject27,spectral_absolute_bandpower_only,xgboost
120,29,0,1,90,0.9916666666666667,0.9666666666666667,1.0,0.9830508474576272,1.0,0.9999999999999999,0.00980725577466275,0.0681791476594905,Subject28,spectral_absolute_bandpower_only,xgboost
120,15,0,15,90,0.875,0.5,1.0,0.6666666666666666,0.9692592592592594,0.937854942404536,0.08165424097515588,0.1616973091537754,Subject29,spectral_absolute_bandpower_only,xgboost
120,1,0,29,90,0.7583333333333333,0.03333333333333333,1.0,0.06451612903225806,0.9544444444444445,0.911057397559901,0.14014603375868354,0.1573390858868758,Subject30,spectral_absolute_bandpower_only,xgboost
69,15,9,15,30,0.6521739130434783,0.5,0.7692307692307693,0.5555555555555556,0.7111111111111111,0.6987980247895985,0.2135736555770957,0.11556206146876016,Subject31,spectral_absolute_bandpower_only,xgboost
120,12,1,18,89,0.8416666666666667,0.4,0.9888888888888889,0.5581395348837209,0.9825925925925926,0.8966693804206305,0.09033319542514784,0.17852753745391964,Subject32,spectral_absolute_bandpower_only,xgboost
120,4,4,26,86,0.75,0.13333333333333333,0.9555555555555556,0.21052631578947367,0.644074074074074,0.3683070145397036,0.18452226998174065,0.09277132029334706,Subject33,spectral_absolute_bandpower_only,xgboost
120,3,1,27,89,0.7666666666666667,0.1,0.9888888888888889,0.17647058823529413,0.8525925925925926,0.6362302204267329,0.15431439781817335,0.13448035729428132,Subject34,spectral_absolute_bandpower_only,xgboost
120,27,26,3,64,0.7583333333333333,0.9,0.7111111111111111,0.6506024096385542,0.902962962962963,0.7916765019067802,0.17136679225653187,0.2538403739531835,Subject35,spectral_absolute_bandpower_only,xgboost
120,24,1,6,89,0.9416666666666667,0.8,0.9888888888888889,0.8727272727272727,0.9762962962962963,0.9588965371048705,0.04194276357386679,0.056375286801224764,Subject00,relative_bandpower_only,logistic_regression
120,17,45,13,45,0.5166666666666667,0.5666666666666667,0.5,0.3695652173913043,0.5418518518518519,0.27536170326724463,0.3423434393257313,0.34490122813221286,Subject01,relative_bandpower_only,logistic_regression
120,27,64,3,26,0.44166666666666665,0.9,0.28888888888888886,0.4462809917355372,0.5792592592592593,0.3177555220466297,0.49387614763506343,0.5109318395694851,Subject02,relative_bandpower_only,logistic_regression
120,2,1,28,89,0.7583333333333333,0.06666666666666667,0.9888888888888889,0.12121212121212122,0.8174074074074075,0.5745019857573648,0.19421077119414207,0.19894806737863044,Subject03,relative_bandpower_only,logistic_regression
114,3,2,27,82,0.7456140350877193,0.1,0.9761904761904762,0.17142857142857143,0.605952380952381,0.4387094752106374,0.19884624925582356,0.14642150244299534,Subject04,relative_bandpower_only,logistic_regression
120,23,16,7,74,0.8083333333333333,0.7666666666666667,0.8222222222222222,0.6666666666666666,0.8885185185185185,0.7982875157744933,0.13682858267658451,0.16954851489657022,Subject05,relative_bandpower_only,logistic_regression
120,27,15,3,75,0.85,0.9,0.8333333333333334,0.75,0.952962962962963,0.9178852770062614,0.10577474485955915,0.16701660857732697,Subject06,relative_bandpower_only,logistic_regression
120,18,25,12,65,0.6916666666666667,0.6,0.7222222222222222,0.4931506849315068,0.7644444444444445,0.5021497794255071,0.1969939395019257,0.1250825195928529,Subject07,relative_bandpower_only,logistic_regression
120,17,28,13,62,0.6583333333333333,0.5666666666666667,0.6888888888888889,0.4533333333333333,0.6625925925925926,0.3442577367052156,0.22484959971244772,0.18409946138135766,Subject08,relative_bandpower_only,logistic_regression
120,20,69,10,21,0.3416666666666667,0.6666666666666666,0.23333333333333334,0.33613445378151263,0.4696296296296296,0.2555414062468982,0.4172490723234715,0.4693211449947325,Subject09,relative_bandpower_only,logistic_regression
123,18,5,12,88,0.8617886178861789,0.6,0.946236559139785,0.6792452830188679,0.8824372759856631,0.7612730686010336,0.10448291821799381,0.08351048276869714,Subject10,relative_bandpower_only,logistic_regression
120,30,80,0,10,0.3333333333333333,1.0,0.1111111111111111,0.42857142857142855,0.9181481481481482,0.7283673003169508,0.5336422188235967,0.6125404377037176,Subject11,relative_bandpower_only,logistic_regression
120,5,20,25,70,0.625,0.16666666666666666,0.7777777777777778,0.18181818181818182,0.6433333333333333,0.3089255656292026,0.285346586420636,0.25703852352084006,Subject12,relative_bandpower_only,logistic_regression
120,21,11,9,79,0.8333333333333334,0.7,0.8777777777777778,0.6774193548387096,0.8918518518518519,0.7349439926974506,0.11705009029014425,0.09544433312855005,Subject13,relative_bandpower_only,logistic_regression
120,29,66,1,24,0.44166666666666665,0.9666666666666667,0.26666666666666666,0.464,0.7325925925925927,0.40346148116390673,0.393325202727659,0.46817141615246405,Subject14,relative_bandpower_only,logistic_regression
120,7,1,23,89,0.8,0.23333333333333334,0.9888888888888889,0.3684210526315789,0.7174074074074074,0.5833989618437354,0.16732928977154324,0.15003345232102505,Subject15,relative_bandpower_only,logistic_regression
120,26,62,4,28,0.45,0.8666666666666667,0.3111111111111111,0.4406779661016949,0.7233333333333334,0.5916858230803754,0.39539141306404724,0.45500855846779353,Subject16,relative_bandpower_only,logistic_regression
120,29,74,1,16,0.375,0.9666666666666667,0.17777777777777778,0.43609022556390975,0.6833333333333333,0.4041613467236637,0.5182880027007737,0.5653808647903124,Subject17,relative_bandpower_only,logistic_regression
120,7,3,23,87,0.7833333333333333,0.23333333333333334,0.9666666666666667,0.35,0.705925925925926,0.5148327333126633,0.16753441046200848,0.09815025733720192,Subject18,relative_bandpower_only,logistic_regression
120,29,10,1,80,0.9083333333333333,0.9666666666666667,0.8888888888888888,0.8405797101449275,0.9922222222222222,0.9811627306749258,0.07538149438060682,0.12271531838797517,Subject19,relative_bandpower_only,logistic_regression
120,23,29,7,61,0.7,0.7666666666666667,0.6777777777777778,0.5609756097560976,0.8314814814814815,0.6805581438343752,0.19418609338719547,0.19292408838983416,Subject20,relative_bandpower_only,logistic_regression
120,3,18,27,72,0.625,0.1,0.8,0.11764705882352941,0.42629629629629634,0.24901188355699835,0.272982938838631,0.243266345888848,Subject21,relative_bandpower_only,logistic_regression
120,26,2,4,88,0.95,0.8666666666666667,0.9777777777777777,0.896551724137931,0.9955555555555555,0.9863949680519017,0.030115726839331114,0.057966440772760974,Subject22,relative_bandpower_only,logistic_regression
120,24,33,6,57,0.675,0.8,0.6333333333333333,0.5517241379310345,0.7848148148148149,0.5656659929236894,0.21240363825776495,0.2340028219168481,Subject23,relative_bandpower_only,logistic_regression
120,24,25,6,65,0.7416666666666667,0.8,0.7222222222222222,0.6075949367088608,0.8381481481481481,0.6616650658754367,0.1875116219601495,0.21463719817104002,Subject24,relative_bandpower_only,logistic_regression
120,30,72,0,18,0.4,1.0,0.2,0.45454545454545453,0.6911111111111111,0.4163424734187887,0.4431276087212811,0.5158730350418245,Subject25,relative_bandpower_only,logistic_regression
120,2,0,28,90,0.7666666666666667,0.06666666666666667,1.0,0.125,0.9170370370370371,0.7927094775623418,0.1553870377001757,0.1608201955458361,Subject26,relative_bandpower_only,logistic_regression
120,30,41,0,49,0.6583333333333333,1.0,0.5444444444444444,0.594059405940594,0.9085185185185185,0.7395429812428056,0.22426202893481542,0.306577431251558,Subject27,relative_bandpower_only,logistic_regression
120,18,3,12,87,0.875,0.6,0.9666666666666667,0.7058823529411765,0.9055555555555556,0.810790094269001,0.10258946619683515,0.08158097576847838,Subject28,relative_bandpower_only,logistic_regression
120,6,1,24,89,0.7916666666666666,0.2,0.9888888888888889,0.32432432432432434,0.8170370370370371,0.6535553113927367,0.15622201084854867,0.13463633856124116,Subject29,relative_bandpower_only,logistic_regression
120,28,3,2,87,0.9583333333333334,0.9333333333333333,0.9666666666666667,0.9180327868852459,0.9866666666666667,0.9675578533699839,0.041032306639689924,0.07325738485044671,Subject30,relative_bandpower_only,logistic_regression
69,15,6,15,33,0.6956521739130435,0.5,0.8461538461538461,0.5882352941176471,0.664957264957265,0.7244734637096674,0.23290993008362842,0.21062756810836142,Subject31,relative_bandpower_only,logistic_regression
120,18,21,12,69,0.725,0.6,0.7666666666666667,0.5217391304347826,0.7522222222222222,0.44012088122339665,0.18849453697857463,0.1253255612035966,Subject32,relative_bandpower_only,logistic_regression
120,29,34,1,56,0.7083333333333334,0.9666666666666667,0.6222222222222222,0.6236559139784946,0.9344444444444444,0.8994570836053937,0.18397630314803656,0.2907100519973291,Subject33,relative_bandpower_only,logistic_regression
120,10,2,20,88,0.8166666666666667,0.3333333333333333,0.9777777777777777,0.47619047619047616,0.8881481481481481,0.7316211962173991,0.14248736326149872,0.15001118545801376,Subject34,relative_bandpower_only,logistic_regression
120,10,73,20,17,0.225,0.3333333333333333,0.18888888888888888,0.17699115044247787,0.22518518518518518,0.17823617952799378,0.5358178084742706,0.585582688069122,Subject35,relative_bandpower_only,logistic_regression
120,15,0,15,90,0.875,0.5,1.0,0.6666666666666666,0.9648148148148148,0.9157394435781654,0.11981331617214223,0.13062968600177371,Subject00,relative_bandpower_only,svm_rbf
120,6,22,24,68,0.6166666666666667,0.2,0.7555555555555555,0.20689655172413793,0.5244444444444444,0.3049930901187583,0.26964258050931583,0.2805237639945057,Subject01,relative_bandpower_only,svm_rbf
120,6,7,24,83,0.7416666666666667,0.2,0.9222222222222223,0.27906976744186046,0.7844444444444444,0.4526815396850512,0.1765350907056026,0.138200764922609,Subject02,relative_bandpower_only,svm_rbf
120,1,1,29,89,0.75,0.03333333333333333,0.9888888888888889,0.0625,0.8444444444444444,0.5590728547973236,0.24249045371526232,0.24487619405495842,Subject03,relative_bandpower_only,svm_rbf
114,10,7,20,77,0.7631578947368421,0.3333333333333333,0.9166666666666666,0.425531914893617,0.7238095238095238,0.5261731926703463,0.1884422917108762,0.1641013779669035,Subject04,relative_bandpower_only,svm_rbf
120,27,27,3,63,0.75,0.9,0.7,0.6428571428571429,0.8622222222222222,0.6924915301432131,0.1548632792948437,0.14557554819730473,Subject05,relative_bandpower_only,svm_rbf
120,16,2,14,88,0.8666666666666667,0.5333333333333333,0.9777777777777777,0.6666666666666666,0.9640740740740741,0.907648121732069,0.12100715586902235,0.1406108751946724,Subject06,relative_bandpower_only,svm_rbf
120,29,42,1,48,0.6416666666666667,0.9666666666666667,0.5333333333333333,0.5742574257425742,0.8844444444444445,0.7995185043559683,0.20558626248442088,0.251840770244064,Subject07,relative_bandpower_only,svm_rbf
120,11,15,19,75,0.7166666666666667,0.36666666666666664,0.8333333333333334,0.39285714285714285,0.6796296296296296,0.38889282752378074,0.2086477047393294,0.15744262202945367,Subject08,relative_bandpower_only,svm_rbf
120,22,50,8,40,0.5166666666666667,0.7333333333333333,0.4444444444444444,0.43137254901960786,0.5881481481481481,0.290412958596616,0.36240177562835907,0.3484268851328844,Subject09,relative_bandpower_only,svm_rbf
123,20,9,10,84,0.8455284552845529,0.6666666666666666,0.9032258064516129,0.6779661016949152,0.8347670250896057,0.7164285056104405,0.12468510164650103,0.11022151539988662,Subject10,relative_bandpower_only,svm_rbf
120,27,90,3,0,0.225,0.9,0.0,0.3673469387755102,0.17703703703703702,0.15911562968586063,0.7081639742107643,0.6933528592328294,Subject11,relative_bandpower_only,svm_rbf
120,17,24,13,66,0.6916666666666667,0.5666666666666667,0.7333333333333333,0.4788732394366197,0.6644444444444445,0.3330302901851965,0.2355178382323394,0.21270494116524175,Subject12,relative_bandpower_only,svm_rbf
120,8,48,22,42,0.4166666666666667,0.26666666666666666,0.4666666666666667,0.18604651162790697,0.34518518518518515,0.188071034651154,0.4142620897226455,0.4324020039996297,Subject13,relative_bandpower_only,svm_rbf
120,22,48,8,42,0.5333333333333333,0.7333333333333333,0.4666666666666667,0.44,0.6292592592592593,0.3507261682938172,0.351793307948628,0.34983124940503874,Subject14,relative_bandpower_only,svm_rbf
120,9,0,21,90,0.825,0.3,1.0,0.46153846153846156,0.8974074074074074,0.8000495468459293,0.16520770766198264,0.1804764415683821,Subject15,relative_bandpower_only,svm_rbf
120,14,44,16,46,0.5,0.4666666666666667,0.5111111111111111,0.3181818181818182,0.5140740740740741,0.23816508392261362,0.3598715591698518,0.31394146910845955,Subject16,relative_bandpower_only,svm_rbf
120,23,49,7,41,0.5333333333333333,0.7666666666666667,0.45555555555555555,0.45098039215686275,0.7651851851851853,0.5442123702362542,0.2709718429958456,0.309119024797635,Subject17,relative_bandpower_only,svm_rbf
120,1,3,29,87,0.7333333333333333,0.03333333333333333,0.9666666666666667,0.058823529411764705,0.857037037037037,0.5780224647635156,0.2172785093393621,0.22578471542140754,Subject18,relative_bandpower_only,svm_rbf
120,15,7,15,83,0.8166666666666667,0.5,0.9222222222222223,0.5769230769230769,0.9185185185185186,0.6569629064694268,0.1302113363174603,0.13800335955862658,Subject19,relative_bandpower_only,svm_rbf
120,19,9,11,81,0.8333333333333334,0.6333333333333333,0.9,0.6551724137931034,0.7914814814814815,0.6993520361464989,0.12948613382847973,0.06916096895541105,Subject20,relative_bandpower_only,svm_rbf
120,9,3,21,87,0.8,0.3,0.9666666666666667,0.42857142857142855,0.7537037037037037,0.6071745475819457,0.17243471418629544,0.15766026037012204,Subject21,relative_bandpower_only,svm_rbf
120,30,0,0,90,1.0,1.0,1.0,1.0,1.0,0.9999999999999999,0.005191063415731554,0.027429307447740962,Subject22,relative_bandpower_only,svm_rbf
120,29,34,1,56,0.7083333333333334,0.9666666666666667,0.6222222222222222,0.6236559139784946,0.9040740740740741,0.8143226359116246,0.20308196596044936,0.23792787613500882,Subject23,relative_bandpower_only,svm_rbf
120,9,2,21,88,0.8083333333333333,0.3,0.9777777777777777,0.43902439024390244,0.8048148148148149,0.6057549066012906,0.1775205189103233,0.17790988209801015,Subject24,relative_bandpower_only,svm_rbf
120,21,41,9,49,0.5833333333333334,0.7,0.5444444444444444,0.45652173913043476,0.7227777777777777,0.48618228526564183,0.22446170685751793,0.1967413606693803,Subject25,relative_bandpower_only,svm_rbf
120,12,2,18,88,0.8333333333333334,0.4,0.9777777777777777,0.5454545454545454,0.907037037037037,0.817052641567836,0.15752925864571157,0.1691232476799873,Subject26,relative_bandpower_only,svm_rbf
120,29,29,1,61,0.75,0.9666666666666667,0.6777777777777778,0.6590909090909091,0.9103703703703703,0.7771615145871829,0.1356286239104067,0.15264204858746142,Subject27,relative_bandpower_only,svm_rbf
120,3,1,27,89,0.7666666666666667,0.1,0.9888888888888889,0.17647058823529413,0.8896296296296298,0.6837751040273767,0.20755531257624077,0.22009726668040647,Subject28,relative_bandpower_only,svm_rbf
120,1,0,29,90,0.7583333333333333,0.03333333333333333,1.0,0.06451612903225806,0.8722222222222222,0.7232396273635241,0.2341814573171296,0.2379119162398173,Subject29,relative_bandpower_only,svm_rbf
120,20,3,10,87,0.8916666666666667,0.6666666666666666,0.9666666666666667,0.7547169811320755,0.9262962962962963,0.8771087555094663,0.08481416343430391,0.06927772482134889,Subject30,relative_bandpower_only,svm_rbf
69,5,5,25,34,0.5652173913043478,0.16666666666666666,0.8717948717948718,0.25,0.5837606837606838,0.5161713612806458,0.36790689819318967,0.3627321369908917,Subject31,relative_bandpower_only,svm_rbf
120,6,3,24,87,0.775,0.2,0.9666666666666667,0.3076923076923077,0.7929629629629629,0.5217965259177433,0.1862162985750314,0.17332720706471433,Subject32,relative_bandpower_only,svm_rbf
120,27,17,3,73,0.8333333333333334,0.9,0.8111111111111111,0.7297297297297297,0.8868518518518518,0.6959829936036604,0.11558583827020902,0.1012856908863424,Subject33,relative_bandpower_only,svm_rbf
120,1,0,29,90,0.7583333333333333,0.03333333333333333,1.0,0.06451612903225806,0.9037037037037037,0.779502319400861,0.21783599235477125,0.22733395831315492,Subject34,relative_bandpower_only,svm_rbf
120,13,69,17,21,0.2833333333333333,0.43333333333333335,0.23333333333333334,0.23214285714285715,0.2248148148148148,0.1640863982256936,0.4713391036773228,0.47321781702782234,Subject35,relative_bandpower_only,svm_rbf
120,4,0,26,90,0.7833333333333333,0.13333333333333333,1.0,0.23529411764705882,0.9722222222222222,0.9196804505750886,0.12747800925925926,0.1548611111111111,Subject00,relative_bandpower_only,random_forest
120,3,2,27,88,0.7583333333333333,0.1,0.9777777777777777,0.17142857142857143,0.6087037037037037,0.3237974790849043,0.1857320601851852,0.06256944444444446,Subject01,relative_bandpower_only,random_forest
120,0,6,30,84,0.7,0.0,0.9333333333333333,0.0,0.5548148148148149,0.2590251421875252,0.20328645833333336,0.13104166666666667,Subject02,relative_bandpower_only,random_forest
120,0,1,30,89,0.7416666666666667,0.0,0.9888888888888889,0.0,0.9255555555555556,0.7020988641206393,0.15809085648148147,0.17854166666666665,Subject03,relative_bandpower_only,random_forest
114,0,0,30,84,0.7368421052631579,0.0,1.0,0.0,0.528968253968254,0.2761532289370711,0.2127954434697856,0.1553362573099415,Subject04,relative_bandpower_only,random_forest
120,5,2,25,88,0.775,0.16666666666666666,0.9777777777777777,0.2702702702702703,0.8725925925925926,0.6623357530350945,0.13925925925925928,0.15569444444444444,Subject05,relative_bandpower_only,random_forest
120,16,0,14,90,0.8833333333333333,0.5333333333333333,1.0,0.6956521739130435,0.9542592592592593,0.8990603454117054,0.11226215277777779,0.18201388888888892,Subject06,relative_bandpower_only,random_forest
120,9,0,21,90,0.825,0.3,1.0,0.46153846153846156,0.8727777777777778,0.7796851047163564,0.15393171296296296,0.16624999999999995,Subject07,relative_bandpower_only,random_forest
120,6,1,24,89,0.7916666666666666,0.2,0.9888888888888889,0.32432432432432434,0.9303703703703704,0.7974588213607168,0.12313310185185185,0.16152777777777777,Subject08,relative_bandpower_only,random_forest
120,7,11,23,79,0.7166666666666667,0.23333333333333334,0.8777777777777778,0.2916666666666667,0.7037037037037037,0.3666965135282986,0.17975752314814814,0.09215277777777775,Subject09,relative_bandpower_only,random_forest
123,4,3,26,90,0.7642276422764228,0.13333333333333333,0.967741935483871,0.21621621621621623,0.6094982078853046,0.40953355356568516,0.18207881662149955,0.07357723577235772,Subject10,relative_bandpower_only,random_forest
120,25,80,5,10,0.2916666666666667,0.8333333333333334,0.1111111111111111,0.37037037037037035,0.3038888888888889,0.18631354969842717,0.3900092592592593,0.3986111111111112,Subject11,relative_bandpower_only,random_forest
120,0,3,30,87,0.725,0.0,0.9666666666666667,0.0,0.28981481481481486,0.17929322620773228,0.22768807870370372,0.1928472222222222,Subject12,relative_bandpower_only,random_forest
120,2,11,28,79,0.675,0.06666666666666667,0.8777777777777778,0.09302325581395349,0.46129629629629626,0.2391671731405051,0.22208564814814818,0.14847222222222226,Subject13,relative_bandpower_only,random_forest
120,7,11,23,79,0.7166666666666667,0.23333333333333334,0.8777777777777778,0.2916666666666667,0.5742592592592592,0.3036316736541465,0.2030509259259259,0.12083333333333333,Subject14,relative_bandpower_only,random_forest
120,0,0,30,90,0.75,0.0,1.0,0.0,0.8766666666666667,0.6822636894782805,0.16559027777777777,0.1383333333333333,Subject15,relative_bandpower_only,random_forest
120,0,4,30,86,0.7166666666666667,0.0,0.9555555555555556,0.0,0.5948148148148148,0.2881999983457474,0.19548206018518519,0.1003472222222222,Subject16,relative_bandpower_only,random_forest
120,13,14,17,76,0.7416666666666667,0.43333333333333335,0.8444444444444444,0.45614035087719296,0.7894444444444445,0.4650029278903885,0.17593055555555556,0.13597222222222227,Subject17,relative_bandpower_only,random_forest
120,2,0,28,90,0.7666666666666667,0.06666666666666667,1.0,0.125,0.9135185185185186,0.8270660720463471,0.13160300925925925,0.14916666666666667,Subject18,relative_bandpower_only,random_forest
120,0,0,30,90,0.75,0.0,1.0,0.0,0.6601851851851852,0.44155819079234016,0.1776707175925926,0.05465277777777777,Subject19,relative_bandpower_only,random_forest
120,1,0,29,90,0.7583333333333333,0.03333333333333333,1.0,0.06451612903225806,0.8542592592592593,0.740996526441967,0.15421932870370372,0.17243055555555553,Subject20,relative_bandpower_only,random_forest
120,1,0,29,90,0.7583333333333333,0.03333333333333333,1.0,0.06451612903225806,0.8074074074074075,0.6285893251809012,0.1550474537037037,0.10861111111111112,Subject21,relative_bandpower_only,random_forest
120,18,0,12,90,0.9,0.6,1.0,0.75,0.9975925925925926,0.992191659653191,0.07433564814814815,0.18930555555555556,Subject22,relative_bandpower_only,random_forest
120,3,0,27,90,0.775,0.1,1.0,0.18181818181818182,0.8503703703703703,0.772170709964179,0.14055613425925928,0.14590277777777777,Subject23,relative_bandpower_only,random_forest
120,3,0,27,90,0.775,0.1,1.0,0.18181818181818182,0.8711111111111112,0.718353567247633,0.14377141203703706,0.12118055555555557,Subject24,relative_bandpower_only,random_forest
120,3,4,27,86,0.7416666666666667,0.1,0.9555555555555556,0.16216216216216217,0.5740740740740741,0.319681185106039,0.18953530092592594,0.0654861111111111,Subject25,relative_bandpower_only,random_forest
120,1,1,29,89,0.75,0.03333333333333333,0.9888888888888889,0.0625,0.9298148148148148,0.7785700218290302,0.1251550925925926,0.1448611111111111,Subject26,relative_bandpower_only,random_forest
120,16,8,14,82,0.8166666666666667,0.5333333333333333,0.9111111111111111,0.5925925925925926,0.8875925925925926,0.7182458086527559,0.13639062500000002,0.13034722222222223,Subject27,relative_bandpower_only,random_forest
120,0,0,30,90,0.75,0.0,1.0,0.0,0.9087037037037037,0.7728554419410085,0.15722280092592594,0.14951388888888895,Subject28,relative_bandpower_only,random_forest
120,0,0,30,90,0.75,0.0,1.0,0.0,0.8214814814814815,0.5263899560223495,0.19837210648148149,0.17076388888888888,Subject29,relative_bandpower_only,random_forest
120,18,0,12,90,0.9,0.6,1.0,0.75,0.951851851851852,0.9294176641205183,0.12082581018518519,0.22770833333333335,Subject30,relative_bandpower_only,random_forest
69,0,1,30,38,0.5507246376811594,0.0,0.9743589743589743,0.0,0.5307692307692307,0.44807550009914765,0.2991374798711756,0.27475845410628014,Subject31,relative_bandpower_only,random_forest
120,0,0,30,90,0.75,0.0,1.0,0.0,0.865925925925926,0.5909878374116446,0.1521753472222222,0.1354861111111111,Subject32,relative_bandpower_only,random_forest
120,1,0,29,90,0.7583333333333333,0.03333333333333333,1.0,0.06451612903225806,0.9716666666666667,0.887854245028158,0.1113605324074074,0.18104166666666668,Subject33,relative_bandpower_only,random_forest
120,1,0,29,90,0.7583333333333333,0.03333333333333333,1.0,0.06451612903225806,0.927962962962963,0.8568353122631553,0.13991203703703706,0.15513888888888888,Subject34,relative_bandpower_only,random_forest
120,3,14,27,76,0.6583333333333333,0.1,0.8444444444444444,0.1276595744680851,0.37351851851851847,0.20715588042767547,0.23037731481481483,0.2025,Subject35,relative_bandpower_only,random_forest
120,28,0,2,90,0.9833333333333333,0.9333333333333333,1.0,0.9655172413793104,0.9840740740740741,0.9803652968036529,0.020059078120981507,0.06201421503999586,Subject00,relative_bandpower_only,gradient_boosting
120,9,5,21,85,0.7833333333333333,0.3,0.9444444444444444,0.4090909090909091,0.6981481481481482,0.42687934364624097,0.17605482263878358,0.09494495341308608,Subject01,relative_bandpower_only,gradient_boosting
120,24,75,6,15,0.325,0.8,0.16666666666666666,0.37209302325581395,0.38518518518518513,0.20314438639215968,0.37069443288772613,0.3846693002117808,Subject02,relative_bandpower_only,gradient_boosting
120,0,2,30,88,0.7333333333333333,0.0,0.9777777777777777,0.0,0.8400000000000001,0.6125983035629651,0.1725893745772567,0.1628447914407159,Subject03,relative_bandpower_only,gradient_boosting
114,0,1,30,83,0.7280701754385965,0.0,0.9880952380952381,0.0,0.7527777777777778,0.5363211113204982,0.20656284119484555,0.18847890360270703,Subject04,relative_bandpower_only,gradient_boosting
120,8,3,22,87,0.7916666666666666,0.26666666666666666,0.9666666666666667,0.3902439024390244,0.802962962962963,0.6151984723636885,0.14584717273238418,0.06709652288304058,Subject05,relative_bandpower_only,gradient_boosting
120,22,2,8,88,0.9166666666666666,0.7333333333333333,0.9777777777777777,0.8148148148148148,0.9514814814814815,0.8933989446858923,0.08448279555734534,0.10924470495295985,Subject06,relative_bandpower_only,gradient_boosting
120,24,8,6,82,0.8833333333333333,0.8,0.9111111111111111,0.7741935483870968,0.9437037037037037,0.8758915804981329,0.14406163990694126,0.24321592548727752,Subject07,relative_bandpower_only,gradient_boosting
120,9,1,21,89,0.8166666666666667,0.3,0.9888888888888889,0.45,0.9018518518518518,0.7831999890625065,0.12126618023342628,0.09324903674730058,Subject08,relative_bandpower_only,gradient_boosting
120,7,7,23,83,0.75,0.23333333333333334,0.9222222222222223,0.3181818181818182,0.6859259259259259,0.4640524950904028,0.172307098858304,0.07651744736901821,Subject09,relative_bandpower_only,gradient_boosting
123,6,15,24,78,0.6829268292682927,0.2,0.8387096774193549,0.23529411764705882,0.53584229390681,0.26613209684990546,0.21930285803245012,0.1459184188170478,Subject10,relative_bandpower_only,gradient_boosting
120,29,75,1,15,0.36666666666666664,0.9666666666666667,0.16666666666666666,0.43283582089552236,0.8451851851851852,0.6904255293009527,0.38736540099741545,0.4872353274068012,Subject11,relative_bandpower_only,gradient_boosting
120,0,12,30,78,0.65,0.0,0.8666666666666667,0.0,0.33925925925925926,0.18670544524382407,0.25114235818027175,0.23135202412156794,Subject12,relative_bandpower_only,gradient_boosting
120,16,16,14,74,0.75,0.5333333333333333,0.8222222222222222,0.5161290322580645,0.7155555555555556,0.5008720504701956,0.18166068384862258,0.13368207960938028,Subject13,relative_bandpower_only,gradient_boosting
120,10,14,20,76,0.7166666666666667,0.3333333333333333,0.8444444444444444,0.37037037037037035,0.6492592592592592,0.3765419821443403,0.19772155449681078,0.14843007201060193,Subject14,relative_bandpower_only,gradient_boosting
120,2,0,28,90,0.7666666666666667,0.06666666666666667,1.0,0.125,0.8314814814814815,0.6630637228963848,0.17388592063171665,0.1435172843647039,Subject15,relative_bandpower_only,gradient_boosting
120,23,29,7,61,0.7,0.7666666666666667,0.6777777777777778,0.5609756097560976,0.7866666666666666,0.47157322895068604,0.20162424942746038,0.21471419829379054,Subject16,relative_bandpower_only,gradient_boosting
120,26,33,4,57,0.6916666666666667,0.8666666666666667,0.6333333333333333,0.5842696629213483,0.8625925925925926,0.7064045011005479,0.19511317698307715,0.25798332395754087,Subject17,relative_bandpower_only,gradient_boosting
120,28,1,2,89,0.975,0.9333333333333333,0.9888888888888889,0.9491525423728814,0.9707407407407408,0.9726496163418739,0.047421501719223484,0.13496950676651628,Subject18,relative_bandpower_only,gradient_boosting
120,7,1,23,89,0.8,0.23333333333333334,0.9888888888888889,0.3684210526315789,0.8433333333333333,0.6769451162617481,0.1412550977649626,0.09915456492469706,Subject19,relative_bandpower_only,gradient_boosting
120,8,1,22,89,0.8083333333333333,0.26666666666666666,0.9888888888888889,0.41025641025641024,0.7362962962962962,0.6105273860021585,0.15369636282918547,0.0602956919004357,Subject20,relative_bandpower_only,gradient_boosting
120,4,4,26,86,0.75,0.13333333333333333,0.9555555555555556,0.21052631578947367,0.7925925925925925,0.5303411930972646,0.17739146000072825,0.1500773081748535,Subject21,relative_bandpower_only,gradient_boosting
120,29,3,1,87,0.9666666666666667,0.9666666666666667,0.9666666666666667,0.9354838709677419,0.9988888888888889,0.9969696969696968,0.01714819557931409,0.07180791095124003,Subject22,relative_bandpower_only,gradient_boosting
120,14,0,16,90,0.8666666666666667,0.4666666666666667,1.0,0.6363636363636364,0.8544444444444443,0.8076893270209713,0.1110037454640116,0.10158937331957262,Subject23,relative_bandpower_only,gradient_boosting
120,8,1,22,89,0.8083333333333333,0.26666666666666666,0.9888888888888889,0.41025641025641024,0.867037037037037,0.7457344934925755,0.12676903392647693,0.07306552590639626,Subject24,relative_bandpower_only,gradient_boosting
120,30,71,0,19,0.4083333333333333,1.0,0.2111111111111111,0.4580152671755725,0.7548148148148148,0.4216223272624545,0.4478823890691038,0.5304681277610279,Subject25,relative_bandpower_only,gradient_boosting
120,8,1,22,89,0.8083333333333333,0.26666666666666666,0.9888888888888889,0.41025641025641024,0.9562962962962963,0.905059914571214,0.10204437401183325,0.12784733547858762,Subject26,relative_bandpower_only,gradient_boosting
120,22,6,8,84,0.8833333333333333,0.7333333333333333,0.9333333333333333,0.7586206896551724,0.9125925925925926,0.8391425105071207,0.10174884117868137,0.11591740192291948,Subject27,relative_bandpower_only,gradient_boosting
120,1,0,29,90,0.7583333333333333,0.03333333333333333,1.0,0.06451612903225806,0.8433333333333334,0.6576538528494571,0.18240572333471203,0.16171659334867933,Subject28,relative_bandpower_only,gradient_boosting
120,0,0,30,90,0.75,0.0,1.0,0.0,0.9174074074074074,0.8087105956409106,0.18134961026916863,0.16693930354438924,Subject29,relative_bandpower_only,gradient_boosting
120,19,2,11,88,0.8916666666666667,0.6333333333333333,0.9777777777777777,0.7450980392156863,0.9311111111111111,0.8899910404766594,0.09471709065664238,0.14966705547785875,Subject30,relative_bandpower_only,gradient_boosting
69,0,3,30,36,0.5217391304347826,0.0,0.9230769230769231,0.0,0.3811965811965812,0.368488455856896,0.34159445660580295,0.29061228301404973,Subject31,relative_bandpower_only,gradient_boosting
120,3,1,27,89,0.7666666666666667,0.1,0.9888888888888889,0.17647058823529413,0.8685185185185185,0.6279498986848226,0.15867774989853778,0.13720143986075917,Subject32,relative_bandpower_only,gradient_boosting
120,17,0,13,90,0.8916666666666667,0.5666666666666667,1.0,0.723404255319149,0.9785185185185185,0.9670488385787663,0.09233431341075751,0.21661463839597053,Subject33,relative_bandpower_only,gradient_boosting
120,3,0,27,90,0.775,0.1,1.0,0.18181818181818182,0.904074074074074,0.8050110399227903,0.1413296099104152,0.11329322165182862,Subject34,relative_bandpower_only,gradient_boosting
120,4,2,26,88,0.7666666666666667,0.13333333333333333,0.9777777777777777,0.2222222222222222,0.46703703703703703,0.39959388766923093,0.1919206978418036,0.16531161546821702,Subject35,relative_bandpower_only,gradient_boosting
120,24,0,6,90,0.95,0.8,1.0,0.8888888888888888,0.9803703703703703,0.9787148594377509,0.03814146563943018,0.0996909082091103,Subject00,relative_bandpower_only,xgboost
120,7,5,23,85,0.7666666666666667,0.23333333333333334,0.9444444444444444,0.3333333333333333,0.6755555555555556,0.43277782650396857,0.17617798096088588,0.09922463633120063,Subject01,relative_bandpower_only,xgboost
120,15,36,15,54,0.575,0.5,0.6,0.37037037037037035,0.6192592592592593,0.3309082959673952,0.22843050648092056,0.21683747700105113,Subject02,relative_bandpower_only,xgboost
120,0,2,30,88,0.7333333333333333,0.0,0.9777777777777777,0.0,0.8825925925925926,0.6514757575001403,0.16169572412224428,0.15004187393933535,Subject03,relative_bandpower_only,xgboost
114,0,0,30,84,0.7368421052631579,0.0,1.0,0.0,0.6242063492063492,0.43997508486240205,0.21979430019011015,0.1923085873162276,Subject04,relative_bandpower_only,xgboost
120,7,2,23,88,0.7916666666666666,0.23333333333333334,0.9777777777777777,0.358974358974359,0.8159259259259258,0.6247480283080413,0.14550618140228452,0.1027547262609005,Subject05,relative_bandpower_only,xgboost
120,15,2,15,88,0.8583333333333333,0.5,0.9777777777777777,0.6382978723404256,0.9333333333333333,0.8374954535045898,0.10877002759384516,0.10795811470597981,Subject06,relative_bandpower_only,xgboost
120,22,3,8,87,0.9083333333333333,0.7333333333333333,0.9666666666666667,0.8,0.9537037037037037,0.9049384149457739,0.13655819100061473,0.25216286666691295,Subject07,relative_bandpower_only,xgboost
120,7,2,23,88,0.7916666666666666,0.23333333333333334,0.9777777777777777,0.358974358974359,0.8744444444444444,0.6745695719655875,0.13716582942193042,0.12824564877276623,Subject08,relative_bandpower_only,xgboost
120,9,8,21,82,0.7583333333333333,0.3,0.9111111111111111,0.3829787234042553,0.7537037037037037,0.5146833538331363,0.15962207598229344,0.08339041946455837,Subject09,relative_bandpower_only,xgboost
123,5,10,25,83,0.7154471544715447,0.16666666666666666,0.8924731182795699,0.2222222222222222,0.5666666666666667,0.29494166739000527,0.20132131189811056,0.07672579789428208,Subject10,relative_bandpower_only,xgboost
120,30,79,0,11,0.3416666666666667,1.0,0.12222222222222222,0.4316546762589928,0.687037037037037,0.4228496575060381,0.37947180337662406,0.4549551827212175,Subject11,relative_bandpower_only,xgboost
120,0,8,30,82,0.6833333333333333,0.0,0.9111111111111111,0.0,0.2677777777777778,0.17183478579888745,0.24958725944316462,0.25866472708682214,Subject12,relative_bandpower_only,xgboost
120,15,11,15,79,0.7833333333333333,0.5,0.8777777777777778,0.5357142857142857,0.7962962962962963,0.6464632054356823,0.15357467054678905,0.12262138593941926,Subject13,relative_bandpower_only,xgboost
120,9,15,21,75,0.7,0.3,0.8333333333333334,0.3333333333333333,0.5655555555555556,0.3147575417792229,0.21109884133985943,0.1420138521119952,Subject14,relative_bandpower_only,xgboost
120,3,0,27,90,0.775,0.1,1.0,0.18181818181818182,0.8407407407407407,0.6827110760643766,0.16443002711001012,0.11971546780938902,Subject15,relative_bandpower_only,xgboost
120,20,10,10,80,0.8333333333333334,0.6666666666666666,0.8888888888888888,0.6666666666666666,0.8625925925925926,0.6490285357553989,0.14645922086635899,0.1538799387713273,Subject16,relative_bandpower_only,xgboost
120,27,41,3,49,0.6333333333333333,0.9,0.5444444444444444,0.5510204081632653,0.8840740740740741,0.7464042315101305,0.19971483721878958,0.2797057442367077,Subject17,relative_bandpower_only,xgboost
120,26,1,4,89,0.9583333333333334,0.8666666666666667,0.9888888888888889,0.9122807017543859,0.9596296296296296,0.9403137062214896,0.07626723407097154,0.16970824785530567,Subject18,relative_bandpower_only,xgboost
120,2,0,28,90,0.7666666666666667,0.06666666666666667,1.0,0.125,0.8851851851851852,0.7120902662541835,0.14420660658592765,0.16360378886262575,Subject19,relative_bandpower_only,xgboost
120,2,0,28,90,0.7666666666666667,0.06666666666666667,1.0,0.125,0.6259259259259259,0.42300865130426546,0.1772345056489429,0.04673052532598375,Subject20,relative_bandpower_only,xgboost
120,4,2,26,88,0.7666666666666667,0.13333333333333333,0.9777777777777777,0.2222222222222222,0.8311111111111111,0.6127508080104458,0.15061412362866022,0.10141366417519748,Subject21,relative_bandpower_only,xgboost
120,29,2,1,88,0.975,0.9666666666666667,0.9777777777777777,0.9508196721311475,0.9985185185185186,0.9958585858585858,0.023180283841474466,0.09443608039679625,Subject22,relative_bandpower_only,xgboost
120,6,0,24,90,0.8,0.2,1.0,0.3333333333333333,0.8696296296296296,0.817555960425175,0.12447990501668225,0.10478823846206069,Subject23,relative_bandpower_only,xgboost
120,9,1,21,89,0.8166666666666667,0.3,0.9888888888888889,0.45,0.8451851851851852,0.7142963871889053,0.13228998169455725,0.09425416610514124,Subject24,relative_bandpower_only,xgboost
120,30,66,0,24,0.45,1.0,0.26666666666666666,0.47619047619047616,0.7803703703703704,0.4939271298774739,0.37037547247626273,0.45302095881973703,Subject25,relative_bandpower_only,xgboost
120,7,0,23,90,0.8083333333333333,0.23333333333333334,1.0,0.3783783783783784,0.9570370370370371,0.9211026865731252,0.10609218311722171,0.1656509711407125,Subject26,relative_bandpower_only,xgboost
120,22,13,8,77,0.825,0.7333333333333333,0.8555555555555555,0.676923076923077,0.8977777777777778,0.8066392013804591,0.11846161522728864,0.14862524308264258,Subject27,relative_bandpower_only,xgboost
120,1,0,29,90,0.7583333333333333,0.03333333333333333,1.0,0.06451612903225806,0.9262962962962963,0.8556995696697485,0.167294907899117,0.1525894707068801,Subject28,relative_bandpower_only,xgboost
120,0,0,30,90,0.75,0.0,1.0,0.0,0.962962962962963,0.9063804291405348,0.16558372382597666,0.18835888489459954,Subject29,relative_bandpower_only,xgboost
120,22,9,8,81,0.8583333333333333,0.7333333333333333,0.9,0.7213114754098361,0.8988888888888888,0.8266713693077964,0.12792926357990947,0.19109813083584112,Subject30,relative_bandpower_only,xgboost
69,1,2,29,37,0.5507246376811594,0.03333333333333333,0.9487179487179487,0.06060606060606061,0.49401709401709404,0.436600738804775,0.3198281858330662,0.2747098203694475,Subject31,relative_bandpower_only,xgboost
120,3,1,27,89,0.7666666666666667,0.1,0.9888888888888889,0.17647058823529413,0.8574074074074073,0.6436992084094277,0.15807318881139457,0.1274448546891411,Subject32,relative_bandpower_only,xgboost
120,12,0,18,90,0.85,0.4,1.0,0.5714285714285714,0.9692592592592593,0.9417204317523054,0.10390130490407487,0.18296181187033653,Subject33,relative_bandpower_only,xgboost
120,5,0,25,90,0.7916666666666666,0.16666666666666666,1.0,0.2857142857142857,0.9033333333333333,0.8339018618785875,0.12795644567562842,0.12049114364199341,Subject34,relative_bandpower_only,xgboost
120,4,4,26,86,0.75,0.13333333333333333,0.9555555555555556,0.21052631578947367,0.4937037037037037,0.3890591159473632,0.19520374543931224,0.14450118200232584,Subject35,relative_bandpower_only,xgboost
120,16,1,14,89,0.875,0.5333333333333333,0.9888888888888889,0.6808510638297872,0.9166666666666666,0.8518709135938157,0.11571321833734564,0.18680676078996167,Subject00,band_ratios_only,logistic_regression
120,25,53,5,37,0.5166666666666667,0.8333333333333334,0.4111111111111111,0.46296296296296297,0.6496296296296297,0.3726218010845644,0.3421886960003031,0.39116339304212683,Subject01,band_ratios_only,logistic_regression
120,22,39,8,51,0.6083333333333333,0.7333333333333333,0.5666666666666667,0.4835164835164835,0.72,0.4022192227931034,0.26121271091985276,0.2828644569523515,Subject02,band_ratios_only,logistic_regression
120,12,7,18,83,0.7916666666666666,0.4,0.9222222222222223,0.4897959183673469,0.8337037037037037,0.7080934247784757,0.1365361909077019,0.14781974368027634,Subject03,band_ratios_only,logistic_regression
114,19,30,11,54,0.6403508771929824,0.6333333333333333,0.6428571428571429,0.4810126582278481,0.6793650793650794,0.4576564761054463,0.22765241784964035,0.2087086404033813,Subject04,band_ratios_only,logistic_regression
120,22,23,8,67,0.7416666666666667,0.7333333333333333,0.7444444444444445,0.5866666666666667,0.8351851851851851,0.6579891136282212,0.18046280091864875,0.21379722277109794,Subject05,band_ratios_only,logistic_regression
120,28,45,2,45,0.6083333333333333,0.9333333333333333,0.5,0.5436893203883495,0.7966666666666666,0.48434115011861634,0.2672376275002049,0.33924226941882873,Subject06,band_ratios_only,logistic_regression
120,18,27,12,63,0.675,0.6,0.7,0.48,0.6988888888888888,0.511505489985709,0.21519774636988523,0.17355820337622654,Subject07,band_ratios_only,logistic_regression
120,23,11,7,79,0.85,0.7666666666666667,0.8777777777777778,0.71875,0.9059259259259258,0.7962457424066423,0.15348466604299366,0.2056656759130712,Subject08,band_ratios_only,logistic_regression
120,12,50,18,40,0.43333333333333335,0.4,0.4444444444444444,0.2608695652173913,0.447037037037037,0.23325356406379563,0.33038942874189203,0.312952621849102,Subject09,band_ratios_only,logistic_regression
123,22,29,8,64,0.6991869918699187,0.7333333333333333,0.6881720430107527,0.5432098765432098,0.7681003584229391,0.41703829422933253,0.2138327087757771,0.2258320960705742,Subject10,band_ratios_only,logistic_regression
120,19,59,11,31,0.4166666666666667,0.6333333333333333,0.34444444444444444,0.35185185185185186,0.4551851851851852,0.2520908944693759,0.38208224614288433,0.3788048476840057,Subject11,band_ratios_only,logistic_regression
120,0,23,30,67,0.5583333333333333,0.0,0.7444444444444445,0.0,0.1837037037037037,0.15978551759885817,0.3943058668388158,0.4476854997988503,Subject12,band_ratios_only,logistic_regression
120,26,44,4,46,0.6,0.8666666666666667,0.5111111111111111,0.52,0.731111111111111,0.4335426634730059,0.2593669511470284,0.29332669996159094,Subject13,band_ratios_only,logistic_regression
120,28,57,2,33,0.5083333333333333,0.9333333333333333,0.36666666666666664,0.48695652173913045,0.8581481481481481,0.6901507143087466,0.2754762653001385,0.3735682103733276,Subject14,band_ratios_only,logistic_regression
120,8,16,22,74,0.6833333333333333,0.26666666666666666,0.8222222222222222,0.2962962962962963,0.4718518518518518,0.3742410666216681,0.22240083565854593,0.20142669330569668,Subject15,band_ratios_only,logistic_regression
120,13,4,17,86,0.825,0.43333333333333335,0.9555555555555556,0.5531914893617021,0.6903703703703703,0.5884821263292432,0.15663439813045432,0.12511680431694613,Subject16,band_ratios_only,logistic_regression
120,11,0,19,90,0.8416666666666667,0.36666666666666664,1.0,0.5365853658536586,0.6670370370370371,0.6038482802173131,0.16025995281530037,0.14984054114357048,Subject17,band_ratios_only,logistic_regression
120,3,1,27,89,0.7666666666666667,0.1,0.9888888888888889,0.17647058823529413,0.5681481481481481,0.4096961484822689,0.18658387357071787,0.10566466509954564,Subject18,band_ratios_only,logistic_regression
120,9,6,21,84,0.775,0.3,0.9333333333333333,0.4,0.8685185185185185,0.5892490984898058,0.15640098549972342,0.23715609990592168,Subject19,band_ratios_only,logistic_regression
120,11,49,19,41,0.43333333333333335,0.36666666666666664,0.45555555555555555,0.24444444444444444,0.3055555555555556,0.18317476181097864,0.3770440484900519,0.4092936719658924,Subject20,band_ratios_only,logistic_regression
120,7,53,23,37,0.36666666666666664,0.23333333333333334,0.4111111111111111,0.15555555555555556,0.23888888888888887,0.16845561104377335,0.3962705445908044,0.44831902392473677,Subject21,band_ratios_only,logistic_regression
120,19,3,11,87,0.8833333333333333,0.6333333333333333,0.9666666666666667,0.7307692307692307,0.9488888888888889,0.8681468560740936,0.10414866546941608,0.1519990375454091,Subject22,band_ratios_only,logistic_regression
120,15,10,15,80,0.7916666666666666,0.5,0.8888888888888888,0.5454545454545454,0.8348148148148149,0.6453928553516575,0.1649026584949991,0.14777561682143694,Subject23,band_ratios_only,logistic_regression
120,11,10,19,80,0.7583333333333333,0.36666666666666664,0.8888888888888888,0.43137254901960786,0.6937037037037037,0.4020627854348759,0.18762521108990443,0.10201045869054,Subject24,band_ratios_only,logistic_regression
120,29,51,1,39,0.5666666666666667,0.9666666666666667,0.43333333333333335,0.5272727272727272,0.8185185185185185,0.5929368460335609,0.2503806869533372,0.3254269741144945,Subject25,band_ratios_only,logistic_regression
120,1,9,29,81,0.6833333333333333,0.03333333333333333,0.9,0.05,0.32999999999999996,0.19508998469921113,0.2472211885659985,0.20382917808783965,Subject26,band_ratios_only,logistic_regression
120,26,66,4,24,0.4166666666666667,0.8666666666666667,0.26666666666666666,0.4262295081967213,0.7525925925925926,0.5649296336935671,0.3454059836775799,0.44194086680836797,Subject27,band_ratios_only,logistic_regression
120,30,65,0,25,0.4583333333333333,1.0,0.2777777777777778,0.48,0.777037037037037,0.5285225078577143,0.33647018394938766,0.418662736034896,Subject28,band_ratios_only,logistic_regression
120,1,0,29,90,0.7583333333333333,0.03333333333333333,1.0,0.06451612903225806,0.7174074074074075,0.47764032527706624,0.17101164153337622,0.04653209777955544,Subject29,band_ratios_only,logistic_regression
120,10,2,20,88,0.8166666666666667,0.3333333333333333,0.9777777777777777,0.47619047619047616,0.8696296296296296,0.7511560751010666,0.1325684038006893,0.1271042491712789,Subject30,band_ratios_only,logistic_regression
69,11,2,19,37,0.6956521739130435,0.36666666666666664,0.9487179487179487,0.5116279069767442,0.764102564102564,0.7532806796894694,0.19834638875345525,0.11390692270022747,Subject31,band_ratios_only,logistic_regression
120,10,33,20,57,0.5583333333333333,0.3333333333333333,0.6333333333333333,0.273972602739726,0.5077777777777779,0.2986132678602572,0.24306411142465414,0.2065710969769878,Subject32,band_ratios_only,logistic_regression
120,12,3,18,87,0.825,0.4,0.9666666666666667,0.5333333333333333,0.8029629629629629,0.6924521926892547,0.1584738359491903,0.17600895548021667,Subject33,band_ratios_only,logistic_regression
120,12,9,18,81,0.775,0.4,0.9,0.47058823529411764,0.7762962962962964,0.5560403836382162,0.16650018554376195,0.1339908459609633,Subject34,band_ratios_only,logistic_regression
120,30,86,0,4,0.2833333333333333,1.0,0.044444444444444446,0.410958904109589,0.692962962962963,0.41571603873360535,0.4923212750127973,0.5655037780469683,Subject35,band_ratios_only,logistic_regression
120,5,2,25,88,0.775,0.16666666666666666,0.9777777777777777,0.2702702702702703,0.8581481481481481,0.6569356074559479,0.19944610868076573,0.21100052238804387,Subject00,band_ratios_only,svm_rbf
120,24,60,6,30,0.45,0.8,0.3333333333333333,0.42105263157894735,0.5444444444444445,0.2693030875628637,0.3402671814723458,0.32260231192097877,Subject01,band_ratios_only,svm_rbf
120,9,16,21,74,0.6916666666666667,0.3,0.8222222222222222,0.32727272727272727,0.635925925925926,0.34477301953966644,0.1939022125067691,0.10619436554823569,Subject02,band_ratios_only,svm_rbf
120,5,10,25,80,0.7083333333333334,0.16666666666666666,0.8888888888888888,0.2222222222222222,0.702962962962963,0.357607843252039,0.22191699023659345,0.20961034223880018,Subject03,band_ratios_only,svm_rbf
114,23,27,7,57,0.7017543859649122,0.7666666666666667,0.6785714285714286,0.575,0.7793650793650795,0.5751764220313176,0.16141266947087216,0.0873811698864974,Subject04,band_ratios_only,svm_rbf
120,23,16,7,74,0.8083333333333333,0.7666666666666667,0.8222222222222222,0.6666666666666666,0.8585185185185186,0.7349907933851676,0.12158235519508327,0.07301488201705131,Subject05,band_ratios_only,svm_rbf
120,26,50,4,40,0.55,0.8666666666666667,0.4444444444444444,0.49056603773584906,0.7081481481481482,0.40508637968741784,0.2334398719156054,0.21914576366710722,Subject06,band_ratios_only,svm_rbf
120,15,31,15,59,0.6166666666666667,0.5,0.6555555555555556,0.39473684210526316,0.6925925925925926,0.38842887795507924,0.21141977947964055,0.21046841809680916,Subject07,band_ratios_only,svm_rbf
120,18,5,12,85,0.8583333333333333,0.6,0.9444444444444444,0.6792452830188679,0.9496296296296296,0.8446815508457981,0.10311322370932399,0.10405401465364028,Subject08,band_ratios_only,svm_rbf
120,22,32,8,58,0.6666666666666666,0.7333333333333333,0.6444444444444445,0.5238095238095238,0.6874074074074074,0.38692152472545877,0.21554317080494348,0.17580050141488734,Subject09,band_ratios_only,svm_rbf
123,20,21,10,72,0.7479674796747967,0.6666666666666666,0.7741935483870968,0.5633802816901409,0.8017921146953405,0.7013446369574908,0.13182754663519208,0.12794759640319403,Subject10,band_ratios_only,svm_rbf
120,10,42,20,48,0.48333333333333334,0.3333333333333333,0.5333333333333333,0.24390243902439024,0.5059259259259259,0.2579281634257947,0.28433704635242746,0.27253752385967106,Subject11,band_ratios_only,svm_rbf
120,0,26,30,64,0.5333333333333333,0.0,0.7111111111111111,0.0,0.10555555555555554,0.148816364067017,0.3006203084730069,0.35922529371247336,Subject12,band_ratios_only,svm_rbf
120,14,51,16,39,0.44166666666666665,0.4666666666666667,0.43333333333333335,0.29473684210526313,0.4059259259259259,0.21268757274803524,0.29452938136243684,0.2561751708039031,Subject13,band_ratios_only,svm_rbf
120,14,78,16,12,0.21666666666666667,0.4666666666666667,0.13333333333333333,0.22950819672131148,0.25851851851851854,0.17507647728344158,0.4687570894540219,0.546359759507339,Subject14,band_ratios_only,svm_rbf
120,7,11,23,79,0.7166666666666667,0.23333333333333334,0.8777777777777778,0.2916666666666667,0.7670370370370371,0.49156872537320734,0.18794488303747853,0.17902006108358587,Subject15,band_ratios_only,svm_rbf
120,10,10,20,80,0.75,0.3333333333333333,0.8888888888888888,0.4,0.6992592592592592,0.491950121783847,0.18051899310042033,0.13283260698100205,Subject16,band_ratios_only,svm_rbf
120,21,39,9,51,0.6,0.7,0.5666666666666667,0.4666666666666667,0.6611111111111111,0.39533835236227244,0.1846793218306645,0.09307368753867747,Subject17,band_ratios_only,svm_rbf
120,4,0,26,90,0.7833333333333333,0.13333333333333333,1.0,0.23529411764705882,0.6737037037037037,0.4766266301019582,0.2124762981604376,0.20570624407256188,Subject18,band_ratios_only,svm_rbf
120,18,8,12,82,0.8333333333333334,0.6,0.9111111111111111,0.6428571428571429,0.9307407407407408,0.679917471159925,0.13272015281450802,0.14329465105089711,Subject19,band_ratios_only,svm_rbf
120,9,29,21,61,0.5833333333333334,0.3,0.6777777777777778,0.2647058823529412,0.4807407407407407,0.2399355288664913,0.24329162626694664,0.1668713309636976,Subject20,band_ratios_only,svm_rbf
120,15,42,15,48,0.525,0.5,0.5333333333333333,0.3448275862068966,0.49777777777777776,0.25240317001438883,0.30850293143734525,0.28000285680411474,Subject21,band_ratios_only,svm_rbf
120,21,6,9,84,0.875,0.7,0.9333333333333333,0.7368421052631579,0.9451851851851852,0.8430606946207863,0.10412649561962656,0.07659806059784231,Subject22,band_ratios_only,svm_rbf
120,23,7,7,83,0.8833333333333333,0.7666666666666667,0.9222222222222223,0.7666666666666667,0.9388888888888889,0.8470167156105681,0.09393050952017236,0.075968946606842,Subject23,band_ratios_only,svm_rbf
120,2,5,28,85,0.725,0.06666666666666667,0.9444444444444444,0.10810810810810811,0.5685185185185185,0.30450376144031255,0.23131990517381398,0.20202764100020926,Subject24,band_ratios_only,svm_rbf
120,28,30,2,60,0.7333333333333333,0.9333333333333333,0.6666666666666666,0.6363636363636364,0.8488888888888889,0.6831909897575652,0.16349250698251674,0.1333955463419747,Subject25,band_ratios_only,svm_rbf
120,5,26,25,64,0.575,0.16666666666666666,0.7111111111111111,0.16393442622950818,0.3544444444444444,0.1968601057948549,0.2811195088242109,0.26085879897878705,Subject26,band_ratios_only,svm_rbf
120,21,57,9,33,0.45,0.7,0.36666666666666664,0.3888888888888889,0.5877777777777777,0.3329533633504349,0.2973631888437035,0.30247099660388244,Subject27,band_ratios_only,svm_rbf
120,26,55,4,35,0.5083333333333333,0.8666666666666667,0.3888888888888889,0.46846846846846846,0.7570370370370371,0.517611695614077,0.24930496268866995,0.2773862535478618,Subject28,band_ratios_only,svm_rbf
120,0,0,30,90,0.75,0.0,1.0,0.0,0.5081481481481481,0.27321488875752203,0.24817123224161516,0.247186098958645,Subject29,band_ratios_only,svm_rbf
120,5,1,25,89,0.7833333333333333,0.16666666666666666,0.9888888888888889,0.2777777777777778,0.8166666666666668,0.6540426297436723,0.19052942139769305,0.19063327011164893,Subject30,band_ratios_only,svm_rbf
69,7,6,23,33,0.5797101449275363,0.23333333333333334,0.8461538461538461,0.32558139534883723,0.6888888888888889,0.6186047648580504,0.3398347278456851,0.3402181201150931,Subject31,band_ratios_only,svm_rbf
120,10,16,20,74,0.7,0.3333333333333333,0.8222222222222222,0.35714285714285715,0.597037037037037,0.3188663962538941,0.21016969961920443,0.1476174748377607,Subject32,band_ratios_only,svm_rbf
120,29,39,1,51,0.6666666666666666,0.9666666666666667,0.5666666666666667,0.5918367346938775,0.942962962962963,0.882422735389143,0.12051834622324638,0.18617041048614094,Subject33,band_ratios_only,svm_rbf
120,11,8,19,82,0.775,0.36666666666666664,0.9111111111111111,0.4489795918367347,0.87,0.657471471606938,0.15250339962278733,0.12744179571483014,Subject34,band_ratios_only,svm_rbf
120,27,89,3,1,0.23333333333333334,0.9,0.011111111111111112,0.3698630136986301,0.16777777777777778,0.1573234781555755,0.5413491360720397,0.5391343269153398,Subject35,band_ratios_only,svm_rbf
120,1,1,29,89,0.75,0.03333333333333333,0.9888888888888889,0.0625,0.7212962962962963,0.4973745921125241,0.17972858796296295,0.12534722222222225,Subject00,band_ratios_only,random_forest
120,16,28,14,62,0.65,0.5333333333333333,0.6888888888888889,0.43243243243243246,0.6916666666666667,0.40832172876709394,0.20669444444444446,0.18291666666666673,Subject01,band_ratios_only,random_forest
120,0,1,30,89,0.7416666666666667,0.0,0.9888888888888889,0.0,0.6418518518518519,0.323461493681765,0.1848119212962963,0.05881944444444443,Subject02,band_ratios_only,random_forest
120,0,0,30,90,0.75,0.0,1.0,0.0,0.8737037037037036,0.6844443478070302,0.16511747685185185,0.14854166666666666,Subject03,band_ratios_only,random_forest
114,18,8,12,76,0.8245614035087719,0.6,0.9047619047619048,0.6428571428571429,0.8490079365079366,0.6714018851695006,0.15296966374269008,0.1465643274853801,Subject04,band_ratios_only,random_forest
120,1,1,29,89,0.75,0.03333333333333333,0.9888888888888889,0.0625,0.8501851851851852,0.6444184522742378,0.14558159722222222,0.10187500000000002,Subject05,band_ratios_only,random_forest
120,3,16,27,74,0.6416666666666667,0.1,0.8222222222222222,0.12244897959183673,0.6074074074074073,0.2916215500364611,0.19800868055555554,0.10131944444444446,Subject06,band_ratios_only,random_forest
120,8,5,22,85,0.775,0.26666666666666666,0.9444444444444444,0.37209302325581395,0.7138888888888889,0.48427065172326444,0.16653587962962965,0.10652777777777774,Subject07,band_ratios_only,random_forest
120,2,0,28,90,0.7666666666666667,0.06666666666666667,1.0,0.125,0.957037037037037,0.8772626679055887,0.12009837962962963,0.15486111111111112,Subject08,band_ratios_only,random_forest
120,4,5,26,85,0.7416666666666667,0.13333333333333333,0.9444444444444444,0.20512820512820512,0.6235185185185186,0.3587282650385229,0.18661863425925926,0.06937499999999998,Subject09,band_ratios_only,random_forest
123,2,2,28,91,0.7560975609756098,0.06666666666666667,0.978494623655914,0.11764705882352941,0.7517921146953405,0.4720279191531158,0.16227698735320686,0.04762872628726286,Subject10,band_ratios_only,random_forest
120,9,15,21,75,0.7,0.3,0.8333333333333334,0.3333333333333333,0.6090740740740741,0.3046399227443459,0.1990503472222222,0.12618055555555552,Subject11,band_ratios_only,random_forest
120,0,0,30,90,0.75,0.0,1.0,0.0,0.1283333333333333,0.15340638158134293,0.24050810185185187,0.2638888888888889,Subject12,band_ratios_only,random_forest
120,2,9,28,81,0.6916666666666667,0.06666666666666667,0.9,0.0975609756097561,0.4698148148148149,0.25894480296667444,0.2170491898148148,0.16493055555555558,Subject13,band_ratios_only,random_forest
120,5,7,25,83,0.7333333333333333,0.16666666666666666,0.9222222222222223,0.23809523809523808,0.5787037037037037,0.30649473455509124,0.2037332175925926,0.12979166666666664,Subject14,band_ratios_only,random_forest
120,0,0,30,90,0.75,0.0,1.0,0.0,0.7501851851851852,0.5373819229865816,0.16383622685185184,0.06534722222222222,Subject15,band_ratios_only,random_forest
120,2,0,28,90,0.7666666666666667,0.06666666666666667,1.0,0.125,0.6398148148148148,0.42356079733510354,0.17587731481481483,0.031249999999999997,Subject16,band_ratios_only,random_forest
120,1,0,29,90,0.7583333333333333,0.03333333333333333,1.0,0.06451612903225806,0.5553703703703704,0.38406426516505476,0.184640625,0.06423611111111112,Subject17,band_ratios_only,random_forest
120,0,0,30,90,0.75,0.0,1.0,0.0,0.7275925925925927,0.5113208064071957,0.17179340277777777,0.07770833333333335,Subject18,band_ratios_only,random_forest
120,0,2,30,88,0.7333333333333333,0.0,0.9777777777777777,0.0,0.8988888888888888,0.634606009205641,0.15421354166666668,0.13881944444444444,Subject19,band_ratios_only,random_forest
120,0,0,30,90,0.75,0.0,1.0,0.0,0.7292592592592593,0.39641989623735696,0.16904166666666667,0.035694444444444494,Subject20,band_ratios_only,random_forest
120,0,10,30,80,0.6666666666666666,0.0,0.8888888888888888,0.0,0.5246296296296297,0.24750309797452075,0.20706192129629628,0.10229166666666666,Subject21,band_ratios_only,random_forest
120,1,0,29,90,0.7583333333333333,0.03333333333333333,1.0,0.06451612903225806,0.8214814814814815,0.6404564157864444,0.15594675925925927,0.08069444444444443,Subject22,band_ratios_only,random_forest
120,2,0,28,90,0.7666666666666667,0.06666666666666667,1.0,0.125,0.9024074074074074,0.7752168557683882,0.1475613425925926,0.11819444444444442,Subject23,band_ratios_only,random_forest
120,0,1,30,89,0.7416666666666667,0.0,0.9888888888888889,0.0,0.4444444444444444,0.22628472156601515,0.2071383101851852,0.10631944444444447,Subject24,band_ratios_only,random_forest
120,0,0,30,90,0.75,0.0,1.0,0.0,0.8679629629629629,0.690076907614147,0.1503697916666667,0.13368055555555552,Subject25,band_ratios_only,random_forest
120,0,0,30,90,0.75,0.0,1.0,0.0,0.43129629629629634,0.24475385495031585,0.2056128472222222,0.09854166666666671,Subject26,band_ratios_only,random_forest
120,13,15,17,75,0.7333333333333333,0.43333333333333335,0.8333333333333334,0.4482758620689655,0.7770370370370371,0.5030012140649625,0.16875983796296298,0.12256944444444444,Subject27,band_ratios_only,random_forest
120,7,5,23,85,0.7666666666666667,0.23333333333333334,0.9444444444444444,0.3333333333333333,0.7825925925925927,0.5045529774558398,0.15965104166666666,0.10576388888888887,Subject28,band_ratios_only,random_forest
120,0,0,30,90,0.75,0.0,1.0,0.0,0.6618518518518519,0.37601340690370166,0.2107945601851852,0.1765972222222222,Subject29,band_ratios_only,random_forest
120,0,0,30,90,0.75,0.0,1.0,0.0,0.832962962962963,0.6479953138367545,0.16619791666666667,0.10805555555555557,Subject30,band_ratios_only,random_forest
69,3,0,27,39,0.6086956521739131,0.1,1.0,0.18181818181818182,0.7264957264957266,0.6972207995526263,0.27056159420289855,0.24154589371980675,Subject31,band_ratios_only,random_forest
120,1,1,29,89,0.75,0.03333333333333333,0.9888888888888889,0.0625,0.6081481481481481,0.3224650908764406,0.18586689814814814,0.07708333333333332,Subject32,band_ratios_only,random_forest
120,15,16,15,74,0.7416666666666667,0.5,0.8222222222222222,0.4918032786885246,0.7329629629629629,0.622759919828332,0.19896469907407408,0.250625,Subject33,band_ratios_only,random_forest
120,0,0,30,90,0.75,0.0,1.0,0.0,0.8814814814814815,0.6612391443208466,0.15969386574074076,0.12534722222222222,Subject34,band_ratios_only,random_forest
120,13,66,17,24,0.30833333333333335,0.43333333333333335,0.26666666666666666,0.23853211009174313,0.2785185185185185,0.19454023525959632,0.323662037037037,0.3531944444444445,Subject35,band_ratios_only,random_forest
120,1,0,29,90,0.7583333333333333,0.03333333333333333,1.0,0.06451612903225806,0.8162962962962963,0.6100707208717863,0.16806423084161165,0.12164895952781754,Subject00,band_ratios_only,gradient_boosting
120,27,34,3,56,0.6916666666666667,0.9,0.6222222222222222,0.5934065934065934,0.8255555555555556,0.6122107792643738,0.20694524108969103,0.25769620382682185,Subject01,band_ratios_only,gradient_boosting
120,1,3,29,87,0.7333333333333333,0.03333333333333333,0.9666666666666667,0.058823529411764705,0.6188888888888888,0.32480841008878913,0.19365825138902265,0.09556105679974615,Subject02,band_ratios_only,gradient_boosting
120,0,0,30,90,0.75,0.0,1.0,0.0,0.8774074074074074,0.5978794658832701,0.1645435919968526,0.14279936354770678,Subject03,band_ratios_only,gradient_boosting
114,18,20,12,64,0.7192982456140351,0.6,0.7619047619047619,0.5294117647058824,0.7226190476190476,0.536626334684949,0.19085277925097538,0.14658942064726382,Subject04,band_ratios_only,gradient_boosting
120,8,0,22,90,0.8166666666666667,0.26666666666666666,1.0,0.42105263157894735,0.8985185185185185,0.7898456066193121,0.12532700105395908,0.09184527385699683,Subject05,band_ratios_only,gradient_boosting
120,8,12,22,78,0.7166666666666667,0.26666666666666666,0.8666666666666667,0.32,0.7211111111111111,0.3977626094095305,0.1799160946377409,0.09522031955867886,Subject06,band_ratios_only,gradient_boosting
120,21,12,9,78,0.825,0.7,0.8666666666666667,0.6666666666666666,0.8877777777777778,0.801795189017876,0.12860992956153158,0.15003606335474115,Subject07,band_ratios_only,gradient_boosting
120,13,2,17,88,0.8416666666666667,0.43333333333333335,0.9777777777777777,0.5777777777777777,0.9025925925925925,0.799896381791126,0.11739660166462831,0.10155552309853011,Subject08,band_ratios_only,gradient_boosting
120,2,7,28,83,0.7083333333333334,0.06666666666666667,0.9222222222222223,0.10256410256410256,0.6155555555555556,0.31120185818439317,0.19364501179438592,0.10894764744296857,Subject09,band_ratios_only,gradient_boosting
123,6,2,24,91,0.7886178861788617,0.2,0.978494623655914,0.3157894736842105,0.6974910394265234,0.5017920558474415,0.16189898845486866,0.08769044823338343,Subject10,band_ratios_only,gradient_boosting
120,9,13,21,77,0.7166666666666667,0.3,0.8555555555555555,0.34615384615384615,0.6462962962962963,0.3352570514489118,0.20150665261824094,0.16426332535588614,Subject11,band_ratios_only,gradient_boosting
120,0,3,30,87,0.725,0.0,0.9666666666666667,0.0,0.14481481481481484,0.15215041018714856,0.2566229768902821,0.2811916471677224,Subject12,band_ratios_only,gradient_boosting
120,3,21,27,69,0.6,0.1,0.7666666666666667,0.1111111111111111,0.322962962962963,0.18907864662323703,0.2645265335671164,0.23609681982653716,Subject13,band_ratios_only,gradient_boosting
120,15,23,15,67,0.6833333333333333,0.5,0.7444444444444445,0.4411764705882353,0.7133333333333334,0.49939279405936965,0.19918057652335974,0.18519947375734236,Subject14,band_ratios_only,gradient_boosting
120,3,0,27,90,0.775,0.1,1.0,0.18181818181818182,0.8111111111111111,0.6385964645940765,0.15666434883510721,0.08220302331589034,Subject15,band_ratios_only,gradient_boosting
120,1,0,29,90,0.7583333333333333,0.03333333333333333,1.0,0.06451612903225806,0.6844444444444444,0.4719910300483946,0.1752501799707963,0.08693677397044315,Subject16,band_ratios_only,gradient_boosting
120,3,1,27,89,0.7666666666666667,0.1,0.9888888888888889,0.17647058823529413,0.5955555555555555,0.39664835166198076,0.18397089919682266,0.08408938870199595,Subject17,band_ratios_only,gradient_boosting
120,1,0,29,90,0.7583333333333333,0.03333333333333333,1.0,0.06451612903225806,0.7385185185185186,0.5517244429890216,0.17838893361805244,0.12003212913043441,Subject18,band_ratios_only,gradient_boosting
120,0,3,30,87,0.725,0.0,0.9666666666666667,0.0,0.8074074074074074,0.47802773215136773,0.16937874636298075,0.14951102910030103,Subject19,band_ratios_only,gradient_boosting
120,13,16,17,74,0.725,0.43333333333333335,0.8222222222222222,0.4406779661016949,0.7351851851851852,0.5540274037898739,0.1711637218027627,0.10117295011700908,Subject20,band_ratios_only,gradient_boosting
120,1,16,29,74,0.625,0.03333333333333333,0.8222222222222222,0.0425531914893617,0.5244444444444444,0.24303879882603138,0.23261440216275833,0.20310557983148717,Subject21,band_ratios_only,gradient_boosting
120,2,2,28,88,0.75,0.06666666666666667,0.9777777777777777,0.11764705882352941,0.8603703703703702,0.6294492449917839,0.15624347507635375,0.16303112302845477,Subject22,band_ratios_only,gradient_boosting
120,6,0,24,90,0.8,0.2,1.0,0.3333333333333333,0.8603703703703703,0.7645201672529156,0.13067595893384074,0.11099436426326693,Subject23,band_ratios_only,gradient_boosting
120,0,2,30,88,0.7333333333333333,0.0,0.9777777777777777,0.0,0.5303703703703704,0.2683556435317283,0.20574828400612213,0.13680222445089013,Subject24,band_ratios_only,gradient_boosting
120,5,0,25,90,0.7916666666666666,0.16666666666666666,1.0,0.2857142857142857,0.9407407407407407,0.8649952107726572,0.12412288552777566,0.1348882297046197,Subject25,band_ratios_only,gradient_boosting
120,0,1,30,89,0.7416666666666667,0.0,0.9888888888888889,0.0,0.3688888888888889,0.2092776855157485,0.2145259315012907,0.14619385594098389,Subject26,band_ratios_only,gradient_boosting
120,16,17,14,73,0.7416666666666667,0.5333333333333333,0.8111111111111111,0.5079365079365079,0.7918518518518519,0.4510931600316833,0.17446129423536616,0.14024514400995947,Subject27,band_ratios_only,gradient_boosting
120,10,10,20,80,0.75,0.3333333333333333,0.8888888888888888,0.4,0.8203703703703704,0.6072851068510079,0.14523439861032533,0.13920842763142624,Subject28,band_ratios_only,gradient_boosting
120,0,0,30,90,0.75,0.0,1.0,0.0,0.5607407407407408,0.35849220153254147,0.21587519924272916,0.17843371576811615,Subject29,band_ratios_only,gradient_boosting
120,0,0,30,90,0.75,0.0,1.0,0.0,0.8025925925925925,0.6798491249319518,0.1653488587977682,0.10002822606709186,Subject30,band_ratios_only,gradient_boosting
69,5,0,25,39,0.6376811594202898,0.16666666666666666,1.0,0.2857142857142857,0.7196581196581197,0.7124251282743391,0.25416189653135035,0.22177771620172243,Subject31,band_ratios_only,gradient_boosting
120,0,1,30,89,0.7416666666666667,0.0,0.9888888888888889,0.0,0.638888888888889,0.3304246572343185,0.1883930441999541,0.08179751368843916,Subject32,band_ratios_only,gradient_boosting
120,18,56,12,34,0.43333333333333335,0.6,0.37777777777777777,0.34615384615384615,0.5451851851851852,0.37993344052090877,0.30986496920969714,0.34016757056019503,Subject33,band_ratios_only,gradient_boosting
120,1,0,29,90,0.7583333333333333,0.03333333333333333,1.0,0.06451612903225806,0.8429629629629629,0.6287208335684218,0.1590633958941257,0.11635441414195458,Subject34,band_ratios_only,gradient_boosting
120,16,82,14,8,0.2,0.5333333333333333,0.08888888888888889,0.25,0.1574074074074074,0.15813227718094386,0.49859615743290675,0.5588422450013761,Subject35,band_ratios_only,gradient_boosting
120,1,0,29,90,0.7583333333333333,0.03333333333333333,1.0,0.06451612903225806,0.8037037037037038,0.6230865841242703,0.16656718072830828,0.10639002847795685,Subject00,band_ratios_only,xgboost
120,23,21,7,69,0.7666666666666667,0.7666666666666667,0.7666666666666667,0.6216216216216216,0.8329629629629629,0.7156534460875403,0.17479305708991066,0.19678062976648414,Subject01,band_ratios_only,xgboost
120,0,3,30,87,0.725,0.0,0.9666666666666667,0.0,0.5507407407407408,0.26568678018226616,0.20371458874297702,0.10799634667734304,Subject02,band_ratios_only,xgboost
120,0,0,30,90,0.75,0.0,1.0,0.0,0.8744444444444444,0.6442214115924483,0.16450558415786387,0.15677575739100574,Subject03,band_ratios_only,xgboost
114,17,15,13,69,0.7543859649122807,0.5666666666666667,0.8214285714285714,0.5483870967741935,0.711111111111111,0.5144502293028049,0.18915216293479858,0.13510803316245995,Subject04,band_ratios_only,xgboost
120,4,0,26,90,0.7833333333333333,0.13333333333333333,1.0,0.23529411764705882,0.9133333333333333,0.8081805380734712,0.12802339402283136,0.11902322232102354,Subject05,band_ratios_only,xgboost
120,7,15,23,75,0.6833333333333333,0.23333333333333334,0.8333333333333334,0.2692307692307692,0.7185185185185186,0.3768317015967598,0.17929932342467303,0.12480860110372305,Subject06,band_ratios_only,xgboost
120,17,10,13,80,0.8083333333333333,0.5666666666666667,0.8888888888888888,0.5964912280701754,0.8433333333333334,0.6965484520839904,0.14812967312605796,0.12449715963254374,Subject07,band_ratios_only,xgboost
120,9,1,21,89,0.8166666666666667,0.3,0.9888888888888889,0.45,0.8974074074074074,0.7621276499407684,0.12542450327493668,0.10574674426267544,Subject08,band_ratios_only,xgboost
120,0,2,30,88,0.7333333333333333,0.0,0.9777777777777777,0.0,0.6677777777777778,0.3756233430143987,0.18026858388413736,0.05852003339678048,Subject09,band_ratios_only,xgboost
123,5,1,25,92,0.7886178861788617,0.16666666666666666,0.989247311827957,0.2777777777777778,0.721146953405018,0.5608547730509318,0.15774734321415804,0.062214408342431235,Subject10,band_ratios_only,xgboost
120,8,13,22,77,0.7083333333333334,0.26666666666666666,0.8555555555555555,0.3137254901960784,0.6492592592592592,0.32792813568970514,0.1955065423269458,0.1943024296934406,Subject11,band_ratios_only,xgboost
120,0,4,30,86,0.7166666666666667,0.0,0.9555555555555556,0.0,0.13666666666666663,0.15102869960795223,0.25421441073936957,0.266887161694467,Subject12,band_ratios_only,xgboost
120,3,16,27,74,0.6416666666666667,0.1,0.8222222222222222,0.12244897959183673,0.4262962962962963,0.230330929591495,0.2307989820307406,0.17315776571631433,Subject13,band_ratios_only,xgboost
120,17,21,13,69,0.7166666666666667,0.5666666666666667,0.7666666666666667,0.5,0.7374074074074074,0.5235283332329302,0.19421917899489313,0.17964483822385469,Subject14,band_ratios_only,xgboost
120,2,0,28,90,0.7666666666666667,0.06666666666666667,1.0,0.125,0.7855555555555556,0.6451466105780599,0.1566115416873517,0.07659070715308189,Subject15,band_ratios_only,xgboost
120,2,0,28,90,0.7666666666666667,0.06666666666666667,1.0,0.125,0.6681481481481482,0.4359008083721289,0.17324591808172934,0.020912910066545012,Subject16,band_ratios_only,xgboost
120,2,1,28,89,0.7583333333333333,0.06666666666666667,0.9888888888888889,0.12121212121212122,0.5344444444444445,0.34164966670055247,0.19446913364067844,0.0695398555447658,Subject17,band_ratios_only,xgboost
120,0,0,30,90,0.75,0.0,1.0,0.0,0.692962962962963,0.5397390605636376,0.17771300486591501,0.0924356937718888,Subject18,band_ratios_only,xgboost
120,1,2,29,88,0.7416666666666667,0.03333333333333333,0.9777777777777777,0.06060606060606061,0.8533333333333333,0.5302831176525147,0.16382743258080085,0.10608783314625421,Subject19,band_ratios_only,xgboost
120,11,12,19,78,0.7416666666666667,0.36666666666666664,0.8666666666666667,0.41509433962264153,0.6922222222222223,0.5043787915953032,0.17688632035283788,0.09635590215524038,Subject20,band_ratios_only,xgboost
120,0,13,30,77,0.6416666666666667,0.0,0.8555555555555555,0.0,0.572962962962963,0.26402259440334375,0.21546991982581865,0.12742313013101617,Subject21,band_ratios_only,xgboost
120,2,0,28,90,0.7666666666666667,0.06666666666666667,1.0,0.125,0.8366666666666667,0.6108717081231033,0.1625184041621442,0.1497701205623647,Subject22,band_ratios_only,xgboost
120,6,1,24,89,0.7916666666666666,0.2,0.9888888888888889,0.32432432432432434,0.8351851851851851,0.7289909214281615,0.1383095468944526,0.08813063635801276,Subject23,band_ratios_only,xgboost
120,0,0,30,90,0.75,0.0,1.0,0.0,0.5411111111111111,0.2831870420412463,0.19912038732534326,0.11294156533355512,Subject24,band_ratios_only,xgboost
120,2,0,28,90,0.7666666666666667,0.06666666666666667,1.0,0.125,0.9348148148148149,0.8560234518787712,0.14324209068325103,0.19216250097379087,Subject25,band_ratios_only,xgboost
120,0,0,30,90,0.75,0.0,1.0,0.0,0.4125925925925926,0.2483846162612524,0.20568873273384133,0.12552265975003438,Subject26,band_ratios_only,xgboost
120,17,18,13,72,0.7416666666666667,0.5666666666666667,0.8,0.5230769230769231,0.7781481481481483,0.4417034840107138,0.17179434539540464,0.12142205437024435,Subject27,band_ratios_only,xgboost
120,7,6,23,84,0.7583333333333333,0.23333333333333334,0.9333333333333333,0.32558139534883723,0.8240740740740741,0.604653642347734,0.14501064750911638,0.1478297259658575,Subject28,band_ratios_only,xgboost
120,0,0,30,90,0.75,0.0,1.0,0.0,0.6996296296296296,0.41895846361900296,0.20528997295608417,0.16233528296773633,Subject29,band_ratios_only,xgboost
120,0,0,30,90,0.75,0.0,1.0,0.0,0.8433333333333333,0.7136015004141506,0.16236744889927845,0.1035552899663647,Subject30,band_ratios_only,xgboost
69,4,0,26,39,0.6231884057971014,0.13333333333333333,1.0,0.23529411764705882,0.6743589743589744,0.6734600839701038,0.27419737281034723,0.25164915162368096,Subject31,band_ratios_only,xgboost
120,0,1,30,89,0.7416666666666667,0.0,0.9888888888888889,0.0,0.6200000000000001,0.35145639694267244,0.18631485294399164,0.07122894035031398,Subject32,band_ratios_only,xgboost
120,16,16,14,74,0.75,0.5333333333333333,0.8222222222222222,0.5161290322580645,0.7618518518518519,0.6189548696470234,0.1750632221655845,0.17886036907633143,Subject33,band_ratios_only,xgboost
120,0,0,30,90,0.75,0.0,1.0,0.0,0.8377777777777778,0.5854567067776354,0.15860829170610494,0.09945895380030075,Subject34,band_ratios_only,xgboost
120,15,79,15,11,0.21666666666666667,0.5,0.12222222222222222,0.24193548387096775,0.14555555555555555,0.15405698562322226,0.4281668866792648,0.4602005809545517,Subject35,band_ratios_only,xgboost
120,17,1,13,89,0.8833333333333333,0.5666666666666667,0.9888888888888889,0.7083333333333334,0.9555555555555555,0.8418744019775166,0.08319813690607494,0.09319470273652451,Subject00,time_domain_morphology_only,logistic_regression
120,22,4,8,86,0.9,0.7333333333333333,0.9555555555555556,0.7857142857142857,0.8340740740740742,0.7802030194631265,0.09948211665486968,0.09124681928184462,Subject01,time_domain_morphology_only,logistic_regression
120,28,65,2,25,0.44166666666666665,0.9333333333333333,0.2777777777777778,0.45528455284552843,0.6814814814814815,0.3856968322182771,0.398025215638917,0.44490101436068263,Subject02,time_domain_morphology_only,logistic_regression
120,11,2,19,88,0.825,0.36666666666666664,0.9777777777777777,0.5116279069767442,0.8511111111111112,0.6463728987643924,0.14927810192756477,0.14440480330029082,Subject03,time_domain_morphology_only,logistic_regression
114,12,2,18,82,0.8245614035087719,0.4,0.9761904761904762,0.5454545454545454,0.8960317460317461,0.7226244422650362,0.1283672865269558,0.11485271068048243,Subject04,time_domain_morphology_only,logistic_regression
120,21,33,9,57,0.65,0.7,0.6333333333333333,0.5,0.7092592592592593,0.3999477490770994,0.22819433608913567,0.19078929526689198,Subject05,time_domain_morphology_only,logistic_regression
120,30,35,0,55,0.7083333333333334,1.0,0.6111111111111112,0.631578947368421,0.9588888888888889,0.8624278443392116,0.20595913284190087,0.3237366481907292,Subject06,time_domain_morphology_only,logistic_regression
120,16,6,14,84,0.8333333333333334,0.5333333333333333,0.9333333333333333,0.6153846153846154,0.85,0.6690040821226473,0.13085458821679122,0.078496934526336,Subject07,time_domain_morphology_only,logistic_regression
120,26,85,4,5,0.25833333333333336,0.8666666666666667,0.05555555555555555,0.36879432624113473,0.4285185185185185,0.21238252842312402,0.5615457592802691,0.601640072109286,Subject08,time_domain_morphology_only,logistic_regression
120,1,0,29,90,0.7583333333333333,0.03333333333333333,1.0,0.06451612903225806,0.8685185185185185,0.6328875933732194,0.1811514399580416,0.1781208826128202,Subject09,time_domain_morphology_only,logistic_regression
123,25,42,5,51,0.6178861788617886,0.8333333333333334,0.5483870967741935,0.5154639175257731,0.7505376344086021,0.4630719103772372,0.2558969061137895,0.28938257898933967,Subject10,time_domain_morphology_only,logistic_regression
120,23,74,7,16,0.325,0.7666666666666667,0.17777777777777778,0.36220472440944884,0.45481481481481484,0.2843867759729566,0.5073365629968554,0.5238993070442924,Subject11,time_domain_morphology_only,logistic_regression
120,13,23,17,67,0.6666666666666666,0.43333333333333335,0.7444444444444445,0.3939393939393939,0.6940740740740741,0.41023709273841036,0.20137938490092241,0.1495063842452568,Subject12,time_domain_morphology_only,logistic_regression
120,30,90,0,0,0.25,1.0,0.0,0.4,0.25888888888888884,0.17265931786755062,0.7057262147414567,0.7094393150557372,Subject13,time_domain_morphology_only,logistic_regression
120,30,72,0,18,0.4,1.0,0.2,0.45454545454545453,0.8992592592592592,0.7486705548056827,0.4030739517798292,0.5129950118086289,Subject14,time_domain_morphology_only,logistic_regression
120,7,11,23,79,0.7166666666666667,0.23333333333333334,0.8777777777777778,0.2916666666666667,0.7155555555555555,0.37203528594105845,0.22902341709728372,0.1895377516081029,Subject15,time_domain_morphology_only,logistic_regression
120,22,29,8,61,0.6916666666666667,0.7333333333333333,0.6777777777777778,0.5432098765432098,0.7248148148148149,0.39150149770109455,0.22755300603742767,0.22862263216747883,Subject16,time_domain_morphology_only,logistic_regression
120,27,24,3,66,0.775,0.9,0.7333333333333333,0.6666666666666666,0.9055555555555557,0.7952584507986244,0.1714522594695999,0.23491239070718647,Subject17,time_domain_morphology_only,logistic_regression
120,7,5,23,85,0.7666666666666667,0.23333333333333334,0.9444444444444444,0.3333333333333333,0.7837037037037037,0.544530636036115,0.15192988074955763,0.08673998072824111,Subject18,time_domain_morphology_only,logistic_regression
120,17,6,13,84,0.8416666666666667,0.5666666666666667,0.9333333333333333,0.6415094339622641,0.8540740740740741,0.7108273325445128,0.11918704421889956,0.10867395125000566,Subject19,time_domain_morphology_only,logistic_regression
120,13,2,17,88,0.8416666666666667,0.43333333333333335,0.9777777777777777,0.5777777777777777,0.9496296296296296,0.7643865621319363,0.10878909809578967,0.14827506794956183,Subject20,time_domain_morphology_only,logistic_regression
120,30,54,0,36,0.55,1.0,0.4,0.5263157894736842,0.9492592592592592,0.8212209774090768,0.3013087572689497,0.4213996185735814,Subject21,time_domain_morphology_only,logistic_regression
120,27,0,3,90,0.975,0.9,1.0,0.9473684210526315,1.0,0.9999999999999999,0.01836526797000594,0.06960711314148972,Subject22,time_domain_morphology_only,logistic_regression
120,25,29,5,61,0.7166666666666667,0.8333333333333334,0.6777777777777778,0.5952380952380952,0.8603703703703703,0.7408820430283016,0.18125275192306176,0.22826066492160052,Subject23,time_domain_morphology_only,logistic_regression
120,12,2,18,88,0.8333333333333334,0.4,0.9777777777777777,0.5454545454545454,0.8822222222222224,0.7409929012578638,0.1144773307293915,0.0721545720212555,Subject24,time_domain_morphology_only,logistic_regression
120,26,39,4,51,0.6416666666666667,0.8666666666666667,0.5666666666666667,0.5473684210526316,0.7962962962962963,0.6266197323655331,0.23279060594147835,0.2635122147553563,Subject25,time_domain_morphology_only,logistic_regression
120,29,3,1,87,0.9666666666666667,0.9666666666666667,0.9666666666666667,0.9354838709677419,0.9937037037037038,0.9859429268049957,0.04053308218956042,0.11703781793544846,Subject26,time_domain_morphology_only,logistic_regression
120,29,86,1,4,0.275,0.9666666666666667,0.044444444444444446,0.4,0.4807407407407407,0.2597829716323775,0.6336830537541434,0.6582408253189191,Subject27,time_domain_morphology_only,logistic_regression
120,26,0,4,90,0.9666666666666667,0.8666666666666667,1.0,0.9285714285714286,0.9937037037037038,0.9855497207635242,0.028405208145219428,0.06203643850954197,Subject28,time_domain_morphology_only,logistic_regression
120,9,9,21,81,0.75,0.3,0.9,0.375,0.8618518518518519,0.5782566999923562,0.13824891879247045,0.10958650286395419,Subject29,time_domain_morphology_only,logistic_regression
120,22,2,8,88,0.9166666666666666,0.7333333333333333,0.9777777777777777,0.8148148148148148,0.9003703703703704,0.874537795850594,0.08136980839877879,0.08750575606227105,Subject30,time_domain_morphology_only,logistic_regression
69,13,6,17,33,0.6666666666666666,0.43333333333333335,0.8461538461538461,0.5306122448979592,0.7162393162393162,0.6696096153182076,0.2331982967313992,0.20035968391890407,Subject31,time_domain_morphology_only,logistic_regression
120,25,40,5,50,0.625,0.8333333333333334,0.5555555555555556,0.5263157894736842,0.7977777777777778,0.5083167150693253,0.24534102427149093,0.2981960374339171,Subject32,time_domain_morphology_only,logistic_regression
120,18,22,12,68,0.7166666666666667,0.6,0.7555555555555555,0.5142857142857142,0.7040740740740741,0.4664156506815831,0.20190825799708895,0.19386392110523126,Subject33,time_domain_morphology_only,logistic_regression
120,20,6,10,84,0.8666666666666667,0.6666666666666666,0.9333333333333333,0.7142857142857143,0.9451851851851852,0.83437964152086,0.0872668698637374,0.09196107983150655,Subject34,time_domain_morphology_only,logistic_regression
120,20,14,10,76,0.8,0.6666666666666666,0.8444444444444444,0.625,0.8288888888888889,0.7195818879543792,0.13719469037208568,0.0895248135292505,Subject35,time_domain_morphology_only,logistic_regression
120,14,1,16,89,0.8583333333333333,0.4666666666666667,0.9888888888888889,0.6222222222222222,0.938888888888889,0.8630531929632655,0.12882624187528113,0.14189613426521533,Subject00,time_domain_morphology_only,svm_rbf
120,17,1,13,89,0.8833333333333333,0.5666666666666667,0.9888888888888889,0.7083333333333334,0.9277777777777778,0.8362108674576303,0.11211491973122464,0.11803733809988272,Subject01,time_domain_morphology_only,svm_rbf
120,24,71,6,19,0.35833333333333334,0.8,0.2111111111111111,0.384,0.42962962962962964,0.22616021977585463,0.4475793472141628,0.42945515119729855,Subject02,time_domain_morphology_only,svm_rbf
120,5,1,25,89,0.7833333333333333,0.16666666666666666,0.9888888888888889,0.2777777777777778,0.8185185185185185,0.6198459915151358,0.1938811473133202,0.19836614205966557,Subject03,time_domain_morphology_only,svm_rbf
114,4,0,26,84,0.7719298245614035,0.13333333333333333,1.0,0.23529411764705882,0.6436507936507937,0.4917039082989476,0.21610706677473504,0.20689693276939125,Subject04,time_domain_morphology_only,svm_rbf
120,18,38,12,52,0.5833333333333334,0.6,0.5777777777777777,0.4186046511627907,0.5881481481481481,0.2885980612203984,0.26174598052718845,0.1963104575502136,Subject05,time_domain_morphology_only,svm_rbf
120,29,39,1,51,0.6666666666666666,0.9666666666666667,0.5666666666666667,0.5918367346938775,0.9396296296296296,0.8887967863162258,0.13856376217130842,0.19291349671405367,Subject06,time_domain_morphology_only,svm_rbf
120,14,7,16,83,0.8083333333333333,0.4666666666666667,0.9222222222222223,0.5490196078431373,0.7866666666666666,0.6180345582711675,0.1559697480386372,0.12955389800501932,Subject07,time_domain_morphology_only,svm_rbf
120,27,52,3,38,0.5416666666666666,0.9,0.4222222222222222,0.4954128440366973,0.745925925925926,0.5599694852104784,0.2400640623615607,0.24632208178796977,Subject08,time_domain_morphology_only,svm_rbf
120,2,0,28,90,0.7666666666666667,0.06666666666666667,1.0,0.125,0.7970370370370371,0.5530509241824948,0.2172279492016442,0.21643987244501633,Subject09,time_domain_morphology_only,svm_rbf
123,17,22,13,71,0.7154471544715447,0.5666666666666667,0.7634408602150538,0.4927536231884058,0.7358422939068101,0.6217642320208956,0.15611057636948517,0.12719936979307067,Subject10,time_domain_morphology_only,svm_rbf
120,25,76,5,14,0.325,0.8333333333333334,0.15555555555555556,0.3816793893129771,0.4288888888888889,0.28541474383693216,0.5758066666057305,0.5737130403535343,Subject11,time_domain_morphology_only,svm_rbf
120,4,11,26,79,0.6916666666666667,0.13333333333333333,0.8777777777777778,0.17777777777777778,0.5059259259259259,0.25581032241213547,0.23639940989886796,0.20027833983428187,Subject12,time_domain_morphology_only,svm_rbf
120,30,89,0,1,0.25833333333333336,1.0,0.011111111111111112,0.40268456375838924,0.20703703703703705,0.16348790602196844,0.7096955266643891,0.7054405734126317,Subject13,time_domain_morphology_only,svm_rbf
120,21,75,9,15,0.3,0.7,0.16666666666666666,0.3333333333333333,0.5255555555555556,0.3503062283456811,0.46240069878706874,0.5052279433539002,Subject14,time_domain_morphology_only,svm_rbf
120,0,0,30,90,0.75,0.0,1.0,0.0,0.6762962962962964,0.4152290956177938,0.2230470854197809,0.207061157336034,Subject15,time_domain_morphology_only,svm_rbf
120,12,40,18,50,0.5166666666666667,0.4,0.5555555555555556,0.2926829268292683,0.522962962962963,0.2517005346732851,0.2892322693073949,0.2708051249961963,Subject16,time_domain_morphology_only,svm_rbf
120,27,38,3,52,0.6583333333333333,0.9,0.5777777777777777,0.5684210526315789,0.8318518518518518,0.6511444957226663,0.19081749022317324,0.1782679466143573,Subject17,time_domain_morphology_only,svm_rbf
120,15,2,15,88,0.8583333333333333,0.5,0.9777777777777777,0.6382978723404256,0.8014814814814816,0.7191372840414767,0.15096622576573118,0.12619493866203008,Subject18,time_domain_morphology_only,svm_rbf
120,5,9,25,81,0.7166666666666667,0.16666666666666666,0.9,0.22727272727272727,0.7548148148148148,0.5069281875299305,0.1791068321963475,0.15229371112778098,Subject19,time_domain_morphology_only,svm_rbf
120,21,2,9,88,0.9083333333333333,0.7,0.9777777777777777,0.7924528301886793,0.9748148148148148,0.9287668339518409,0.084786024247285,0.09133989087511674,Subject20,time_domain_morphology_only,svm_rbf
120,27,63,3,27,0.45,0.9,0.3,0.45,0.6544444444444444,0.34787120668836996,0.3492475137878686,0.35189403814092635,Subject21,time_domain_morphology_only,svm_rbf
120,21,0,9,90,0.925,0.7,1.0,0.8235294117647058,0.981111111111111,0.953922590536189,0.08461664548873239,0.10702976122860347,Subject22,time_domain_morphology_only,svm_rbf
120,26,33,4,57,0.6916666666666667,0.8666666666666667,0.6333333333333333,0.5842696629213483,0.8544444444444445,0.7451473357104788,0.14211739404435556,0.1273061731761642,Subject23,time_domain_morphology_only,svm_rbf
120,15,8,15,82,0.8083333333333333,0.5,0.9111111111111111,0.5660377358490566,0.8488888888888888,0.6344821459478387,0.14205338252761573,0.09833040261860593,Subject24,time_domain_morphology_only,svm_rbf
120,12,6,18,84,0.8,0.4,0.9333333333333333,0.5,0.835925925925926,0.6739314554875848,0.1454850955615297,0.11187132294803877,Subject25,time_domain_morphology_only,svm_rbf
120,22,10,8,80,0.85,0.7333333333333333,0.8888888888888888,0.7096774193548387,0.9488888888888889,0.8528127444143635,0.08848335038121496,0.06674215611638219,Subject26,time_domain_morphology_only,svm_rbf
120,27,81,3,9,0.3,0.9,0.1,0.391304347826087,0.7407407407407408,0.6660208679878497,0.4258786205601756,0.49030466391645877,Subject27,time_domain_morphology_only,svm_rbf
120,30,2,0,88,0.9833333333333333,1.0,0.9777777777777777,0.967741935483871,1.0,0.9999999999999999,0.014891271097224266,0.049781346085805915,Subject28,time_domain_morphology_only,svm_rbf
120,0,3,30,87,0.725,0.0,0.9666666666666667,0.0,0.6266666666666667,0.29225736465321117,0.22919002762041357,0.20082121025078026,Subject29,time_domain_morphology_only,svm_rbf
120,19,10,11,80,0.825,0.6333333333333333,0.8888888888888888,0.6440677966101694,0.8948148148148148,0.8016916396418208,0.1041825834991763,0.07004182386851325,Subject30,time_domain_morphology_only,svm_rbf
69,14,11,16,28,0.6086956521739131,0.4666666666666667,0.717948717948718,0.509090909090909,0.6623931623931624,0.5789849414835833,0.28475370657986515,0.22939529716528198,Subject31,time_domain_morphology_only,svm_rbf
120,9,14,21,76,0.7083333333333334,0.3,0.8444444444444444,0.33962264150943394,0.6948148148148148,0.36044576802608624,0.21562458015956565,0.19033511697426142,Subject32,time_domain_morphology_only,svm_rbf
120,13,30,17,60,0.6083333333333333,0.43333333333333335,0.6666666666666666,0.3561643835616438,0.5577777777777778,0.326374256059759,0.229442785659875,0.1667824862211785,Subject33,time_domain_morphology_only,svm_rbf
120,22,6,8,84,0.8833333333333333,0.7333333333333333,0.9333333333333333,0.7586206896551724,0.9340740740740741,0.7855453974685067,0.11489816417862603,0.11900102710469704,Subject34,time_domain_morphology_only,svm_rbf
120,18,19,12,71,0.7416666666666667,0.6,0.7888888888888889,0.5373134328358209,0.7311111111111112,0.5335118761831323,0.16337896713603062,0.09340227817885051,Subject35,time_domain_morphology_only,svm_rbf
120,6,0,24,90,0.8,0.2,1.0,0.3333333333333333,0.8233333333333334,0.7273814667962257,0.14494097222222221,0.10138888888888888,Subject00,time_domain_morphology_only,random_forest
120,2,0,28,90,0.7666666666666667,0.06666666666666667,1.0,0.125,0.9270370370370371,0.7965148439209985,0.1349855324074074,0.13715277777777776,Subject01,time_domain_morphology_only,random_forest
120,0,52,30,38,0.31666666666666665,0.0,0.4222222222222222,0.0,0.04388888888888888,0.14584707804080832,0.3570769675925926,0.518263888888889,Subject02,time_domain_morphology_only,random_forest
120,1,0,29,90,0.7583333333333333,0.03333333333333333,1.0,0.06451612903225806,0.8,0.5418118597285331,0.16264756944444442,0.10604166666666666,Subject03,time_domain_morphology_only,random_forest
114,0,0,30,84,0.7368421052631579,0.0,1.0,0.0,0.6652777777777779,0.37728587890671594,0.19511086744639375,0.10964912280701754,Subject04,time_domain_morphology_only,random_forest
120,2,2,28,88,0.75,0.06666666666666667,0.9777777777777777,0.11764705882352941,0.5738888888888889,0.33254330297632745,0.19290567129629632,0.09076388888888891,Subject05,time_domain_morphology_only,random_forest
120,3,9,27,81,0.7,0.1,0.9,0.14285714285714285,0.4603703703703704,0.23877888506837622,0.21032812500000003,0.1442361111111111,Subject06,time_domain_morphology_only,random_forest
120,1,1,29,89,0.75,0.03333333333333333,0.9888888888888889,0.0625,0.7653703703703704,0.44708298145937514,0.16743692129629625,0.09631944444444446,Subject07,time_domain_morphology_only,random_forest
120,10,1,20,89,0.825,0.3333333333333333,0.9888888888888889,0.4878048780487805,0.934074074074074,0.8146609878176815,0.12476157407407408,0.16708333333333336,Subject08,time_domain_morphology_only,random_forest
120,1,0,29,90,0.7583333333333333,0.03333333333333333,1.0,0.06451612903225806,0.8577777777777779,0.7370455853168579,0.16803125,0.15208333333333335,Subject09,time_domain_morphology_only,random_forest
123,5,1,25,92,0.7886178861788617,0.16666666666666666,0.989247311827957,0.2777777777777778,0.5378136200716845,0.4683535761413366,0.18698622402890694,0.17235772357723575,Subject10,time_domain_morphology_only,random_forest
120,4,46,26,44,0.4,0.13333333333333333,0.4888888888888889,0.1,0.3087037037037037,0.18774838837068375,0.2929809027777778,0.27479166666666666,Subject11,time_domain_morphology_only,random_forest
120,0,2,30,88,0.7333333333333333,0.0,0.9777777777777777,0.0,0.2777777777777778,0.17860515039068853,0.2460277777777778,0.2720833333333333,Subject12,time_domain_morphology_only,random_forest
120,30,51,0,39,0.575,1.0,0.43333333333333335,0.5405405405405406,0.9161111111111112,0.8385665616115442,0.23845949074074077,0.3637500000000001,Subject13,time_domain_morphology_only,random_forest
120,18,59,12,31,0.4083333333333333,0.6,0.34444444444444444,0.3364485981308411,0.4707407407407407,0.286145697659938,0.29538888888888887,0.3038888888888889,Subject14,time_domain_morphology_only,random_forest
120,0,0,30,90,0.75,0.0,1.0,0.0,0.8001851851851852,0.43876560261683584,0.17107812500000003,0.12284722222222222,Subject15,time_domain_morphology_only,random_forest
120,0,25,30,65,0.5416666666666666,0.0,0.7222222222222222,0.0,0.33666666666666667,0.190116684943833,0.2823587962962963,0.31638888888888894,Subject16,time_domain_morphology_only,random_forest
120,26,9,4,81,0.8916666666666667,0.8666666666666667,0.9,0.8,0.9648148148148148,0.9094936616110746,0.0982650462962963,0.16375000000000003,Subject17,time_domain_morphology_only,random_forest
120,9,0,21,90,0.825,0.3,1.0,0.46153846153846156,0.9527777777777777,0.8832769822831622,0.11103645833333334,0.14854166666666668,Subject18,time_domain_morphology_only,random_forest
120,1,1,29,89,0.75,0.03333333333333333,0.9888888888888889,0.0625,0.860925925925926,0.5927105910794801,0.1591851851851852,0.1297222222222222,Subject19,time_domain_morphology_only,random_forest
120,17,0,13,90,0.8916666666666667,0.5666666666666667,1.0,0.723404255319149,0.99,0.9719042453076607,0.07385995370370371,0.13347222222222224,Subject20,time_domain_morphology_only,random_forest
120,22,40,8,50,0.6,0.7333333333333333,0.5555555555555556,0.4782608695652174,0.7364814814814814,0.594244341995683,0.21618402777777782,0.25013888888888886,Subject21,time_domain_morphology_only,random_forest
120,13,0,17,90,0.8583333333333333,0.43333333333333335,1.0,0.6046511627906976,0.9711111111111111,0.9501884861688783,0.09915856481481482,0.16652777777777777,Subject22,time_domain_morphology_only,random_forest
120,8,0,22,90,0.8166666666666667,0.26666666666666666,1.0,0.42105263157894735,0.8201851851851851,0.7028227102259704,0.1446527777777778,0.14152777777777775,Subject23,time_domain_morphology_only,random_forest
120,12,4,18,86,0.8166666666666667,0.4,0.9555555555555556,0.5217391304347826,0.7992592592592592,0.6534219608067982,0.14272627314814815,0.06520833333333331,Subject24,time_domain_morphology_only,random_forest
120,0,0,30,90,0.75,0.0,1.0,0.0,0.765,0.58892603397744,0.16616377314814815,0.07840277777777777,Subject25,time_domain_morphology_only,random_forest
120,9,5,21,85,0.7833333333333333,0.3,0.9444444444444444,0.4090909090909091,0.9183333333333334,0.6936066508243091,0.11500636574074075,0.13798611111111114,Subject26,time_domain_morphology_only,random_forest
120,0,3,30,87,0.725,0.0,0.9666666666666667,0.0,0.622037037037037,0.29280740406573413,0.19028703703703703,0.11194444444444447,Subject27,time_domain_morphology_only,random_forest
120,25,0,5,90,0.9583333333333334,0.8333333333333334,1.0,0.9090909090909091,0.9999999999999999,0.9999999999999999,0.04108333333333333,0.1506944444444444,Subject28,time_domain_morphology_only,random_forest
120,0,0,30,90,0.75,0.0,1.0,0.0,0.6377777777777778,0.3409111506668514,0.19153009259259257,0.10875,Subject29,time_domain_morphology_only,random_forest
120,9,9,21,81,0.75,0.3,0.9,0.375,0.841111111111111,0.530972450784344,0.14029224537037036,0.09243055555555557,Subject30,time_domain_morphology_only,random_forest
69,1,4,29,35,0.5217391304347826,0.03333333333333333,0.8974358974358975,0.05714285714285714,0.34786324786324785,0.37786276135226804,0.30555756843800314,0.27826086956521734,Subject31,time_domain_morphology_only,random_forest
120,0,0,30,90,0.75,0.0,1.0,0.0,0.6142592592592593,0.31054698059526226,0.19119733796296298,0.11479166666666671,Subject32,time_domain_morphology_only,random_forest
120,4,4,26,86,0.75,0.13333333333333333,0.9555555555555556,0.21052631578947367,0.5916666666666667,0.35170289725365994,0.18672743055555555,0.06409722222222222,Subject33,time_domain_morphology_only,random_forest
120,6,4,24,86,0.7666666666666667,0.2,0.9555555555555556,0.3,0.9075925925925926,0.6999141045942218,0.12821006944444444,0.1521527777777778,Subject34,time_domain_morphology_only,random_forest
120,11,0,19,90,0.8416666666666667,0.36666666666666664,1.0,0.5365853658536586,0.8920370370370372,0.8243696663305713,0.122203125,0.15020833333333333,Subject35,time_domain_morphology_only,random_forest
120,5,0,25,90,0.7916666666666666,0.16666666666666666,1.0,0.2857142857142857,0.9385185185185185,0.8500503137420058,0.13989261336675554,0.1355630380642288,Subject00,time_domain_morphology_only,gradient_boosting
120,11,1,19,89,0.8333333333333334,0.36666666666666664,0.9888888888888889,0.5238095238095238,0.9685185185185186,0.9128844002393041,0.1016075920567773,0.12250262725301385,Subject01,time_domain_morphology_only,gradient_boosting
120,5,81,25,9,0.11666666666666667,0.16666666666666666,0.1,0.08620689655172414,0.04555555555555557,0.14464679158559984,0.579507849493906,0.6749746506152159,Subject02,time_domain_morphology_only,gradient_boosting
120,7,1,23,89,0.8,0.23333333333333334,0.9888888888888889,0.3684210526315789,0.6370370370370371,0.5200455599590339,0.16790957563152709,0.09276278840997654,Subject03,time_domain_morphology_only,gradient_boosting
114,1,1,29,83,0.7368421052631579,0.03333333333333333,0.9880952380952381,0.0625,0.33095238095238094,0.25846811469088166,0.22693859983410428,0.17410561587002912,Subject04,time_domain_morphology_only,gradient_boosting
120,3,3,27,87,0.75,0.1,0.9666666666666667,0.16666666666666666,0.7025925925925927,0.4201579598174729,0.17246365963619162,0.040111321769295175,Subject05,time_domain_morphology_only,gradient_boosting
120,7,5,23,85,0.7666666666666667,0.23333333333333334,0.9444444444444444,0.3333333333333333,0.8218518518518518,0.5708980504035365,0.14972454558699688,0.07627953327043992,Subject06,time_domain_morphology_only,gradient_boosting
120,8,1,22,89,0.8083333333333333,0.26666666666666666,0.9888888888888889,0.41025641025641024,0.8807407407407407,0.7134510553757087,0.1271480348520831,0.0970539305358559,Subject07,time_domain_morphology_only,gradient_boosting
120,21,9,9,81,0.85,0.7,0.9,0.7,0.8748148148148148,0.7266871789405146,0.12952507583826758,0.13406174835305004,Subject08,time_domain_morphology_only,gradient_boosting
120,1,0,29,90,0.7583333333333333,0.03333333333333333,1.0,0.06451612903225806,0.8351851851851853,0.7472397536858755,0.19146791333836513,0.1897303913771765,Subject09,time_domain_morphology_only,gradient_boosting
123,9,34,21,59,0.5528455284552846,0.3,0.6344086021505376,0.2465753424657534,0.4243727598566308,0.20956564690281296,0.29969062349984216,0.2569865267305983,Subject10,time_domain_morphology_only,gradient_boosting
120,12,37,18,53,0.5416666666666666,0.4,0.5888888888888889,0.3037974683544304,0.45555555555555555,0.2300921614422091,0.3074740163293615,0.26177758030354575,Subject11,time_domain_morphology_only,gradient_boosting
120,0,1,30,89,0.7416666666666667,0.0,0.9888888888888889,0.0,0.4488888888888889,0.21604634677822032,0.2271012009911118,0.21444917850566073,Subject12,time_domain_morphology_only,gradient_boosting
120,30,67,0,23,0.44166666666666665,1.0,0.25555555555555554,0.47244094488188976,0.8885185185185185,0.621151013627181,0.30728158176500064,0.4177718555578747,Subject13,time_domain_morphology_only,gradient_boosting
120,28,66,2,24,0.43333333333333335,0.9333333333333333,0.26666666666666666,0.45161290322580644,0.7448148148148148,0.5154478881983846,0.32524307926834894,0.40345958625942596,Subject14,time_domain_morphology_only,gradient_boosting
120,0,0,30,90,0.75,0.0,1.0,0.0,0.6844444444444444,0.3783886976272862,0.18720960211956827,0.09797290428644444,Subject15,time_domain_morphology_only,gradient_boosting
120,0,12,30,78,0.65,0.0,0.8666666666666667,0.0,0.4855555555555555,0.2262092376312468,0.23970981862542223,0.23422119449636805,Subject16,time_domain_morphology_only,gradient_boosting
120,26,7,4,83,0.9083333333333333,0.8666666666666667,0.9222222222222223,0.8253968253968254,0.9692592592592593,0.909749037499189,0.0874624730047817,0.16232736987824598,Subject17,time_domain_morphology_only,gradient_boosting
120,20,6,10,84,0.8666666666666667,0.6666666666666666,0.9333333333333333,0.7142857142857143,0.9211111111111111,0.8087152675971824,0.11131660215793854,0.12131362765900759,Subject18,time_domain_morphology_only,gradient_boosting
120,1,0,29,90,0.7583333333333333,0.03333333333333333,1.0,0.06451612903225806,0.8588888888888888,0.5891360513286498,0.168941549111612,0.15800385679987408,Subject19,time_domain_morphology_only,gradient_boosting
120,21,0,9,90,0.925,0.7,1.0,0.8235294117647058,0.9907407407407407,0.9773866303278067,0.06911703525919995,0.11588087311566826,Subject20,time_domain_morphology_only,gradient_boosting
120,27,30,3,60,0.725,0.9,0.6666666666666666,0.6206896551724138,0.8851851851851852,0.7561396513653391,0.17550678485857432,0.23535673035062088,Subject21,time_domain_morphology_only,gradient_boosting
120,15,0,15,90,0.875,0.5,1.0,0.6666666666666666,0.9966666666666667,0.9914331572952262,0.0746390121260197,0.15043391761259184,Subject22,time_domain_morphology_only,gradient_boosting
120,12,7,18,83,0.7916666666666666,0.4,0.9222222222222223,0.4897959183673469,0.794074074074074,0.5910914472104649,0.1505025672332009,0.11795139329788673,Subject23,time_domain_morphology_only,gradient_boosting
120,17,5,13,85,0.85,0.5666666666666667,0.9444444444444444,0.6538461538461539,0.8544444444444445,0.6933258805251474,0.12201486348822803,0.07566580890803616,Subject24,time_domain_morphology_only,gradient_boosting
120,1,0,29,90,0.7583333333333333,0.03333333333333333,1.0,0.06451612903225806,0.857037037037037,0.6938344614492259,0.18194393769971515,0.16028578450127046,Subject25,time_domain_morphology_only,gradient_boosting
120,16,3,14,87,0.8583333333333333,0.5333333333333333,0.9666666666666667,0.6530612244897959,0.9522222222222222,0.8201975498664206,0.09515738770913475,0.1205634986529677,Subject26,time_domain_morphology_only,gradient_boosting
120,29,79,1,11,0.3333333333333333,0.9666666666666667,0.12222222222222222,0.42028985507246375,0.6574074074074074,0.48156761995981945,0.37781184434185683,0.455983395537478,Subject27,time_domain_morphology_only,gradient_boosting
120,25,0,5,90,0.9583333333333334,0.8333333333333334,1.0,0.9090909090909091,1.0,0.9999999999999999,0.03919417731256683,0.11979529176363585,Subject28,time_domain_morphology_only,gradient_boosting
120,0,0,30,90,0.75,0.0,1.0,0.0,0.8300000000000001,0.565292958057007,0.178164128087326,0.12923795045229197,Subject29,time_domain_morphology_only,gradient_boosting
120,21,18,9,72,0.775,0.7,0.8,0.6086956521739131,0.847037037037037,0.602667606235308,0.14896114164335864,0.14753646271395968,Subject30,time_domain_morphology_only,gradient_boosting
69,4,10,26,29,0.4782608695652174,0.13333333333333333,0.7435897435897436,0.18181818181818182,0.5008547008547009,0.43439464171250425,0.31204979218883616,0.28032672195318226,Subject31,time_domain_morphology_only,gradient_boosting
120,1,0,29,90,0.7583333333333333,0.03333333333333333,1.0,0.06451612903225806,0.8566666666666667,0.7501636683909368,0.15644550393637247,0.12693621405001435,Subject32,time_domain_morphology_only,gradient_boosting
120,9,7,21,83,0.7666666666666667,0.3,0.9222222222222223,0.391304347826087,0.7081481481481482,0.4655296625920932,0.17113637926888414,0.06405475513347282,Subject33,time_domain_morphology_only,gradient_boosting
120,8,1,22,89,0.8083333333333333,0.26666666666666666,0.9888888888888889,0.41025641025641024,0.892962962962963,0.7554996647492583,0.12812203465626157,0.11052001855449249,Subject34,time_domain_morphology_only,gradient_boosting
120,6,0,24,90,0.8,0.2,1.0,0.3333333333333333,0.8022222222222223,0.714675900491076,0.14496567093586937,0.09233125521489267,Subject35,time_domain_morphology_only,gradient_boosting
120,8,0,22,90,0.8166666666666667,0.26666666666666666,1.0,0.42105263157894735,0.9540740740740741,0.8840111582339023,0.14181594275674522,0.1361699027940631,Subject00,time_domain_morphology_only,xgboost
120,5,1,25,89,0.7833333333333333,0.16666666666666666,0.9888888888888889,0.2777777777777778,0.957037037037037,0.870676801176145,0.12073809685067527,0.13825860287373268,Subject01,time_domain_morphology_only,xgboost
120,5,75,25,15,0.16666666666666666,0.16666666666666666,0.16666666666666666,0.09090909090909091,0.07666666666666667,0.1469643919693809,0.46798884292095566,0.5291752450168133,Subject02,time_domain_morphology_only,xgboost
120,6,0,24,90,0.8,0.2,1.0,0.3333333333333333,0.6251851851851852,0.5222196384295612,0.1690620968325421,0.08646113201975823,Subject03,time_domain_morphology_only,xgboost
114,0,1,30,83,0.7280701754385965,0.0,0.9880952380952381,0.0,0.4138888888888889,0.23634688627954104,0.216778111016918,0.156008517206238,Subject04,time_domain_morphology_only,xgboost
120,3,5,27,85,0.7333333333333333,0.1,0.9444444444444444,0.15789473684210525,0.6366666666666666,0.3508195818288893,0.18466119910421533,0.06402204483747484,Subject05,time_domain_morphology_only,xgboost
120,2,1,28,89,0.7583333333333333,0.06666666666666667,0.9888888888888889,0.12121212121212122,0.6411111111111112,0.4128133763606122,0.17727865950543686,0.07284586050858098,Subject06,time_domain_morphology_only,xgboost
120,3,1,27,89,0.7666666666666667,0.1,0.9888888888888889,0.17647058823529413,0.855925925925926,0.6560291660761106,0.14358022379218965,0.09177342203135291,Subject07,time_domain_morphology_only,xgboost
120,11,15,19,75,0.7166666666666667,0.36666666666666664,0.8333333333333334,0.39285714285714285,0.7611111111111111,0.4546792830102194,0.1740331279478921,0.12155218751480182,Subject08,time_domain_morphology_only,xgboost
120,1,0,29,90,0.7583333333333333,0.03333333333333333,1.0,0.06451612903225806,0.8759259259259259,0.7838338125460635,0.18668760822196712,0.1813394624351834,Subject09,time_domain_morphology_only,xgboost
123,6,20,24,73,0.6422764227642277,0.2,0.7849462365591398,0.21428571428571427,0.4494623655913978,0.22163011768453728,0.24165460821101672,0.16831171830616348,Subject10,time_domain_morphology_only,xgboost
120,10,26,20,64,0.6166666666666667,0.3333333333333333,0.7111111111111111,0.30303030303030304,0.5451851851851852,0.3066928842648131,0.24832476419398838,0.17692189486697318,Subject11,time_domain_morphology_only,xgboost
120,0,5,30,85,0.7083333333333334,0.0,0.9444444444444444,0.0,0.37,0.19488256555733424,0.2434802733200714,0.2547455943344781,Subject12,time_domain_morphology_only,xgboost
120,30,60,0,30,0.5,1.0,0.3333333333333333,0.5,0.961851851851852,0.8586248507339679,0.2686600511519053,0.38921351271371046,Subject13,time_domain_morphology_only,xgboost
120,27,74,3,16,0.35833333333333334,0.9,0.17777777777777778,0.4122137404580153,0.7107407407407408,0.5003787255714304,0.31652578886426863,0.3834827995548646,Subject14,time_domain_morphology_only,xgboost
120,0,0,30,90,0.75,0.0,1.0,0.0,0.6337037037037037,0.332188185926908,0.19066044826575088,0.10656744629765551,Subject15,time_domain_morphology_only,xgboost
120,0,9,30,81,0.675,0.0,0.9,0.0,0.4248148148148148,0.2096656911623004,0.24554361288425863,0.2883911706817647,Subject16,time_domain_morphology_only,xgboost
120,28,6,2,84,0.9333333333333333,0.9333333333333333,0.9333333333333333,0.875,0.9740740740740741,0.9296160663307318,0.08884226098957243,0.1790312514950832,Subject17,time_domain_morphology_only,xgboost
120,7,0,23,90,0.8083333333333333,0.23333333333333334,1.0,0.3783783783783784,0.9414814814814815,0.856822634222703,0.11832100068485336,0.14713774013022582,Subject18,time_domain_morphology_only,xgboost
120,1,1,29,89,0.75,0.03333333333333333,0.9888888888888889,0.0625,0.8766666666666667,0.578879260766278,0.16116623723971568,0.18943237150087955,Subject19,time_domain_morphology_only,xgboost
120,20,0,10,90,0.9166666666666666,0.6666666666666666,1.0,0.8,0.9977777777777778,0.9938446969696969,0.06835166675546403,0.13228083866027493,Subject20,time_domain_morphology_only,xgboost
120,26,34,4,56,0.6833333333333333,0.8666666666666667,0.6222222222222222,0.5777777777777777,0.8529629629629629,0.7446363605104256,0.1937448130564034,0.2614596990558009,Subject21,time_domain_morphology_only,xgboost
120,15,0,15,90,0.875,0.5,1.0,0.6666666666666666,0.9977777777777778,0.9935186843807533,0.07555356508112385,0.14751265846813713,Subject22,time_domain_morphology_only,xgboost
120,7,0,23,90,0.8083333333333333,0.23333333333333334,1.0,0.3783783783783784,0.8492592592592593,0.7620933914448904,0.14095177775116569,0.14577724824969968,Subject23,time_domain_morphology_only,xgboost
120,16,6,14,84,0.8333333333333334,0.5333333333333333,0.9333333333333333,0.6153846153846154,0.8448148148148149,0.7012315686324162,0.1276349855435702,0.11013613065394263,Subject24,time_domain_morphology_only,xgboost
120,1,0,29,90,0.7583333333333333,0.03333333333333333,1.0,0.06451612903225806,0.822962962962963,0.687130365093138,0.1765981794241742,0.13611125713214278,Subject25,time_domain_morphology_only,xgboost
120,15,1,15,89,0.8666666666666667,0.5,0.9888888888888889,0.6521739130434783,0.9618518518518517,0.868251247864307,0.09503473087870914,0.15132474987767636,Subject26,time_domain_morphology_only,xgboost
120,27,67,3,23,0.4166666666666667,0.9,0.25555555555555554,0.43548387096774194,0.6411111111111112,0.34443458915033787,0.29805498279183157,0.34387521694103873,Subject27,time_domain_morphology_only,xgboost
120,25,0,5,90,0.9583333333333334,0.8333333333333334,1.0,0.9090909090909091,1.0,0.9999999999999999,0.03918837050059219,0.13592864378976321,Subject28,time_domain_morphology_only,xgboost
120,0,0,30,90,0.75,0.0,1.0,0.0,0.7625925925925926,0.4652603327772774,0.18183460562488094,0.12259577484801412,Subject29,time_domain_morphology_only,xgboost
120,19,16,11,74,0.775,0.6333333333333333,0.8222222222222222,0.5846153846153846,0.8833333333333333,0.7354972336061413,0.1263703516858014,0.15029564310486115,Subject30,time_domain_morphology_only,xgboost
69,2,10,28,29,0.4492753623188406,0.06666666666666667,0.7435897435897436,0.09523809523809523,0.382051282051282,0.3913018329667692,0.3221179687719095,0.2901929311346317,Subject31,time_domain_morphology_only,xgboost
120,0,0,30,90,0.75,0.0,1.0,0.0,0.8414814814814815,0.7534686325923516,0.16206467308584868,0.12133505459253985,Subject32,time_domain_morphology_only,xgboost
120,7,3,23,87,0.7833333333333333,0.23333333333333334,0.9666666666666667,0.35,0.7181481481481482,0.47799385339878486,0.1670691366153036,0.10544093946615857,Subject33,time_domain_morphology_only,xgboost
120,9,3,21,87,0.8,0.3,0.9666666666666667,0.42857142857142855,0.8822222222222222,0.7130898053029444,0.12945833096893702,0.09916369772205752,Subject34,time_domain_morphology_only,xgboost
120,6,1,24,89,0.7916666666666666,0.2,0.9888888888888889,0.32432432432432434,0.8307407407407408,0.7804542684861283,0.13817818626971803,0.11863966680442294,Subject35,time_domain_morphology_only,xgboost
120,8,0,22,90,0.8166666666666667,0.26666666666666666,1.0,0.42105263157894735,0.9274074074074073,0.8587407667531006,0.11755572976585742,0.13103086790564464,Subject00,hjorth_only,logistic_regression
120,28,13,2,77,0.875,0.9333333333333333,0.8555555555555555,0.7887323943661971,0.9551851851851851,0.8702043103135146,0.11137866352191886,0.17084780967405688,Subject01,hjorth_only,logistic_regression
120,30,90,0,0,0.25,1.0,0.0,0.4,0.6322222222222222,0.3088261602657635,0.7414543103810263,0.74514938474735,Subject02,hjorth_only,logistic_regression
120,6,0,24,90,0.8,0.2,1.0,0.3333333333333333,0.9829629629629629,0.9644668737060043,0.1345269480056673,0.1614930760957375,Subject03,hjorth_only,logistic_regression
114,0,1,30,83,0.7280701754385965,0.0,0.9880952380952381,0.0,0.8944444444444444,0.7136751769434719,0.24232130520969045,0.25545541218180984,Subject04,hjorth_only,logistic_regression
120,26,13,4,77,0.8583333333333333,0.8666666666666667,0.8555555555555555,0.7536231884057971,0.94,0.8560499562414523,0.1142490424502724,0.16642461221384333,Subject05,hjorth_only,logistic_regression
120,24,26,6,64,0.7333333333333333,0.8,0.7111111111111111,0.6,0.8318518518518518,0.7158081656411039,0.18536171398614557,0.21462488430576215,Subject06,hjorth_only,logistic_regression
120,20,12,10,78,0.8166666666666667,0.6666666666666666,0.8666666666666667,0.6451612903225806,0.865925925925926,0.7889348989542783,0.13211042467979406,0.11396166199228559,Subject07,hjorth_only,logistic_regression
120,26,45,4,45,0.5916666666666667,0.8666666666666667,0.5,0.5148514851485149,0.7344444444444445,0.407810879458285,0.25565255611242843,0.29217177549867457,Subject08,hjorth_only,logistic_regression
120,0,7,30,83,0.6916666666666667,0.0,0.9222222222222223,0.0,0.4192592592592593,0.21281489681829258,0.2602655433992365,0.2538659492908112,Subject09,hjorth_only,logistic_regression
123,15,20,15,73,0.7154471544715447,0.5,0.7849462365591398,0.46153846153846156,0.6623655913978495,0.3608765071091298,0.20950606622014206,0.1706429376959236,Subject10,hjorth_only,logistic_regression
120,30,79,0,11,0.3416666666666667,1.0,0.12222222222222222,0.4316546762589928,0.7392592592592593,0.41397909653471776,0.5140426963579882,0.5854425007982862,Subject11,hjorth_only,logistic_regression
120,28,59,2,31,0.49166666666666664,0.9333333333333333,0.34444444444444444,0.47863247863247865,0.6681481481481482,0.32846669861492694,0.4064309709628919,0.45028407544619065,Subject12,hjorth_only,logistic_regression
120,30,62,0,28,0.48333333333333334,1.0,0.3111111111111111,0.4918032786885246,0.6107407407407408,0.2818810823329097,0.3895887028173018,0.43552070431900697,Subject13,hjorth_only,logistic_regression
120,29,73,1,17,0.38333333333333336,0.9666666666666667,0.18888888888888888,0.4393939393939394,0.867037037037037,0.7793847501725994,0.39912158755321875,0.49444651648500026,Subject14,hjorth_only,logistic_regression
120,5,8,25,82,0.725,0.16666666666666666,0.9111111111111111,0.23255813953488372,0.8622222222222222,0.5217383201825702,0.21749507064813958,0.23714753654960904,Subject15,hjorth_only,logistic_regression
120,23,42,7,48,0.5916666666666667,0.7666666666666667,0.5333333333333333,0.4842105263157895,0.7674074074074075,0.6615672085910871,0.2804125411941737,0.34113242750551315,Subject16,hjorth_only,logistic_regression
120,30,77,0,13,0.35833333333333334,1.0,0.14444444444444443,0.43795620437956206,0.9155555555555555,0.8653983304607602,0.4485218735864145,0.5483910542746053,Subject17,hjorth_only,logistic_regression
120,29,3,1,87,0.9666666666666667,0.9666666666666667,0.9666666666666667,0.9354838709677419,0.9733333333333334,0.9696516998140512,0.056240424218058,0.14011035538454225,Subject18,hjorth_only,logistic_regression
120,30,11,0,79,0.9083333333333333,1.0,0.8777777777777778,0.8450704225352113,0.9977777777777778,0.9935186843807533,0.08061980774963479,0.1853153242137818,Subject19,hjorth_only,logistic_regression
120,1,2,29,88,0.7416666666666667,0.03333333333333333,0.9777777777777777,0.06060606060606061,0.5374074074074074,0.3556671485464934,0.24039672598334297,0.2398255392500523,Subject20,hjorth_only,logistic_regression
120,25,9,5,81,0.8833333333333333,0.8333333333333334,0.9,0.78125,0.9355555555555556,0.6966970377946432,0.10653452299315223,0.13934994696571024,Subject21,hjorth_only,logistic_regression
120,23,0,7,90,0.9416666666666667,0.7666666666666667,1.0,0.8679245283018868,0.9959259259259259,0.9877814673550677,0.042768642966817365,0.08952481905328169,Subject22,hjorth_only,logistic_regression
120,27,39,3,51,0.65,0.9,0.5666666666666667,0.5625,0.8414814814814815,0.7293493633506318,0.20952819958424404,0.2743841338741629,Subject23,hjorth_only,logistic_regression
120,24,29,6,61,0.7083333333333334,0.8,0.6777777777777778,0.5783132530120482,0.8481481481481482,0.665947333638085,0.18501115053228576,0.22300183318589573,Subject24,hjorth_only,logistic_regression
120,30,61,0,29,0.49166666666666664,1.0,0.32222222222222224,0.49586776859504134,0.7233333333333334,0.40418142043746524,0.45991711984348227,0.5180535259554829,Subject25,hjorth_only,logistic_regression
120,26,3,4,87,0.9416666666666667,0.8666666666666667,0.9666666666666667,0.8813559322033898,0.9796296296296296,0.952283971518805,0.057570533410400374,0.09022579491133344,Subject26,hjorth_only,logistic_regression
120,11,6,19,84,0.7916666666666666,0.36666666666666664,0.9333333333333333,0.46808510638297873,0.7696296296296297,0.5038399852004645,0.1572126142864464,0.06713255602068612,Subject27,hjorth_only,logistic_regression
120,22,0,8,90,0.9333333333333333,0.7333333333333333,1.0,0.8461538461538461,0.9922222222222222,0.9793625610187873,0.05855616003165435,0.10155931343706306,Subject28,hjorth_only,logistic_regression
120,3,0,27,90,0.775,0.1,1.0,0.18181818181818182,0.9622222222222223,0.893061710935722,0.13791317507690148,0.15050802315766845,Subject29,hjorth_only,logistic_regression
120,30,12,0,78,0.9,1.0,0.8666666666666667,0.8333333333333334,0.9948148148148148,0.9850754032578746,0.10618629660993036,0.23933314027396413,Subject30,hjorth_only,logistic_regression
69,9,1,21,38,0.6811594202898551,0.3,0.9743589743589743,0.45,0.7341880341880342,0.717339739806267,0.2585158486640124,0.24812459605556017,Subject31,hjorth_only,logistic_regression
120,19,35,11,55,0.6166666666666667,0.6333333333333333,0.6111111111111112,0.4523809523809524,0.66,0.40075228773653127,0.2468244215702263,0.24056350024091186,Subject32,hjorth_only,logistic_regression
120,27,68,3,22,0.4083333333333333,0.9,0.24444444444444444,0.432,0.7844444444444444,0.4994980404315613,0.2941555558331144,0.3779827901289743,Subject33,hjorth_only,logistic_regression
120,23,13,7,77,0.8333333333333334,0.7666666666666667,0.8555555555555555,0.696969696969697,0.8911111111111111,0.6826605197440269,0.12186384634751563,0.14809863353594613,Subject34,hjorth_only,logistic_regression
120,30,57,0,33,0.525,1.0,0.36666666666666664,0.5128205128205128,1.0,0.9999999999999999,0.2468283416836202,0.38906817613743505,Subject35,hjorth_only,logistic_regression
120,9,1,21,89,0.8166666666666667,0.3,0.9888888888888889,0.45,0.9648148148148148,0.89721998708134,0.14331537340536177,0.16829907292756785,Subject00,hjorth_only,svm_rbf
120,12,5,18,85,0.8083333333333333,0.4,0.9444444444444444,0.5106382978723404,0.8051851851851852,0.6517728272165789,0.14500789451655466,0.1352712835508722,Subject01,hjorth_only,svm_rbf
120,30,85,0,5,0.2916666666666667,1.0,0.05555555555555555,0.41379310344827586,0.7625925925925926,0.5023243187855805,0.6260379124018489,0.6652848852359565,Subject02,hjorth_only,svm_rbf
120,13,0,17,90,0.8583333333333333,0.43333333333333335,1.0,0.6046511627906976,0.9903703703703703,0.969154852640253,0.1489071115873359,0.17893514882399947,Subject03,hjorth_only,svm_rbf
114,0,4,30,80,0.7017543859649122,0.0,0.9523809523809523,0.0,0.3944444444444445,0.21774841019429098,0.26080695431888956,0.25218793256292776,Subject04,hjorth_only,svm_rbf
120,19,57,11,33,0.43333333333333335,0.6333333333333333,0.36666666666666664,0.3584905660377358,0.5944444444444446,0.3615789744787102,0.30665996024899905,0.3103930315348957,Subject05,hjorth_only,svm_rbf
120,21,4,9,86,0.8916666666666667,0.7,0.9555555555555556,0.7636363636363637,0.9283333333333333,0.8511297413673614,0.09215420860938761,0.06082519103667733,Subject06,hjorth_only,svm_rbf
120,20,23,10,67,0.725,0.6666666666666666,0.7444444444444445,0.547945205479452,0.8159259259259259,0.6114048620867343,0.15606508785700163,0.09024735918063392,Subject07,hjorth_only,svm_rbf
120,8,9,22,81,0.7416666666666667,0.26666666666666666,0.9,0.3404255319148936,0.6207407407407408,0.4147997917514827,0.19451285598648277,0.13392417407416427,Subject08,hjorth_only,svm_rbf
120,1,9,29,81,0.6833333333333333,0.03333333333333333,0.9,0.05,0.17666666666666667,0.15972512884393578,0.29001360889942857,0.30075909067251877,Subject09,hjorth_only,svm_rbf
123,12,3,18,90,0.8292682926829268,0.4,0.967741935483871,0.5333333333333333,0.6781362007168459,0.57976350435273,0.15911005518161356,0.1410481312982782,Subject10,hjorth_only,svm_rbf
120,25,86,5,4,0.24166666666666667,0.8333333333333334,0.044444444444444446,0.3546099290780142,0.2507407407407407,0.19895766769949708,0.6887671550126939,0.6850880335936469,Subject11,hjorth_only,svm_rbf
120,13,44,17,46,0.49166666666666664,0.43333333333333335,0.5111111111111111,0.2988505747126437,0.45333333333333337,0.21695834732403646,0.36947517466649504,0.3339678899688163,Subject12,hjorth_only,svm_rbf
120,29,38,1,52,0.675,0.9666666666666667,0.5777777777777777,0.5979381443298969,0.8051851851851852,0.46916224465110234,0.19395909361171246,0.19075351415694436,Subject13,hjorth_only,svm_rbf
120,22,72,8,18,0.3333333333333333,0.7333333333333333,0.2,0.3548387096774194,0.5081481481481481,0.2932428713086002,0.48800271399552353,0.5102662015357293,Subject14,hjorth_only,svm_rbf
120,13,4,17,86,0.825,0.43333333333333335,0.9555555555555556,0.5531914893617021,0.9433333333333334,0.8212698471989213,0.1297612280110188,0.14688112315135607,Subject15,hjorth_only,svm_rbf
120,23,39,7,51,0.6166666666666667,0.7666666666666667,0.5666666666666667,0.5,0.6677777777777778,0.3969193946144794,0.25850645564318464,0.2570498708362332,Subject16,hjorth_only,svm_rbf
120,29,65,1,25,0.45,0.9666666666666667,0.2777777777777778,0.46774193548387094,0.8574074074074075,0.7933530775461164,0.3338397121625298,0.3911118478945632,Subject17,hjorth_only,svm_rbf
120,1,1,29,89,0.75,0.03333333333333333,0.9888888888888889,0.0625,0.952962962962963,0.7621228996349751,0.2212940368190724,0.23747379476941932,Subject18,hjorth_only,svm_rbf
120,16,4,14,86,0.85,0.5333333333333333,0.9555555555555556,0.64,0.9318518518518518,0.6917628296671667,0.12639615495730747,0.16106524809446418,Subject19,hjorth_only,svm_rbf
120,0,0,30,90,0.75,0.0,1.0,0.0,0.5207407407407407,0.31403256300730054,0.24226592300408445,0.24288871140283136,Subject20,hjorth_only,svm_rbf
120,19,22,11,68,0.725,0.6333333333333333,0.7555555555555555,0.5352112676056338,0.7462962962962962,0.41416419546714756,0.2132232361931426,0.16826080751306965,Subject21,hjorth_only,svm_rbf
120,26,11,4,79,0.875,0.8666666666666667,0.8777777777777778,0.7761194029850746,0.9455555555555555,0.8968346029468663,0.0706651605707765,0.05927954616917875,Subject22,hjorth_only,svm_rbf
120,28,50,2,40,0.5666666666666667,0.9333333333333333,0.4444444444444444,0.5185185185185185,0.7848148148148149,0.5708295150770639,0.2748170660723528,0.3115238158888951,Subject23,hjorth_only,svm_rbf
120,14,0,16,90,0.8666666666666667,0.4666666666666667,1.0,0.6363636363636364,0.9559259259259261,0.9095807131973223,0.11191678334475401,0.12897016718678822,Subject24,hjorth_only,svm_rbf
120,16,51,14,39,0.4583333333333333,0.5333333333333333,0.43333333333333335,0.32989690721649484,0.6414814814814814,0.5216564581508133,0.2911224515459824,0.31630356615968225,Subject25,hjorth_only,svm_rbf
120,19,0,11,90,0.9083333333333333,0.6333333333333333,1.0,0.7755102040816326,0.9929629629629629,0.9818686809544764,0.08315566516655375,0.11079189263171972,Subject26,hjorth_only,svm_rbf
120,15,10,15,80,0.7916666666666666,0.5,0.8888888888888888,0.5454545454545454,0.7862962962962963,0.5464126805506315,0.16126743785131115,0.12277658996428283,Subject27,hjorth_only,svm_rbf
120,28,0,2,90,0.9833333333333333,0.9333333333333333,1.0,0.9655172413793104,0.9988888888888888,0.9968055555555555,0.020715206121324794,0.03268778316839513,Subject28,hjorth_only,svm_rbf
120,2,0,28,90,0.7666666666666667,0.06666666666666667,1.0,0.125,0.9444444444444445,0.8219326406989673,0.21046444212645538,0.22176461760644486,Subject29,hjorth_only,svm_rbf
120,27,37,3,53,0.6666666666666666,0.9,0.5888888888888889,0.574468085106383,0.8662962962962963,0.7289727581914361,0.18362252611049798,0.2102237933691895,Subject30,hjorth_only,svm_rbf
69,3,2,27,37,0.5797101449275363,0.1,0.9487179487179487,0.17142857142857143,0.41709401709401717,0.44524120462687194,0.3860079612335724,0.3679179215694972,Subject31,hjorth_only,svm_rbf
120,14,24,16,66,0.6666666666666666,0.4666666666666667,0.7333333333333333,0.4117647058823529,0.665925925925926,0.3214205786153913,0.2222819552625852,0.15678936426154208,Subject32,hjorth_only,svm_rbf
120,23,19,7,71,0.7833333333333333,0.7666666666666667,0.7888888888888889,0.6388888888888888,0.8418518518518519,0.5710144171807916,0.1412166575203668,0.1048427024900453,Subject33,hjorth_only,svm_rbf
120,25,15,5,75,0.8333333333333334,0.8333333333333334,0.8333333333333334,0.7142857142857143,0.9166666666666667,0.7155264527454351,0.1077441860861228,0.07380172213352248,Subject34,hjorth_only,svm_rbf
120,28,55,2,35,0.525,0.9333333333333333,0.3888888888888889,0.49557522123893805,0.8103703703703704,0.48053767402969944,0.22612907478735647,0.2621900758675285,Subject35,hjorth_only,svm_rbf
120,2,0,28,90,0.7666666666666667,0.06666666666666667,1.0,0.125,0.9383333333333334,0.8928483946853173,0.13933680555555555,0.1636111111111111,Subject00,hjorth_only,random_forest
120,1,0,29,90,0.7583333333333333,0.03333333333333333,1.0,0.06451612903225806,0.7694444444444444,0.4873540157538141,0.16880555555555557,0.11833333333333333,Subject01,hjorth_only,random_forest
120,14,20,16,70,0.7,0.4666666666666667,0.7777777777777778,0.4375,0.6312962962962962,0.42957289938286675,0.2189907407407408,0.22208333333333335,Subject02,hjorth_only,random_forest
120,0,0,30,90,0.75,0.0,1.0,0.0,0.8935185185185185,0.704343881364957,0.17086226851851852,0.14402777777777778,Subject03,hjorth_only,random_forest
114,0,0,30,84,0.7368421052631579,0.0,1.0,0.0,0.4023809523809524,0.22133668910562562,0.22456505847953218,0.17982456140350875,Subject04,hjorth_only,random_forest
120,13,1,17,89,0.85,0.43333333333333335,0.9888888888888889,0.5909090909090909,0.837037037037037,0.6736051985812164,0.15294907407407407,0.17555555555555552,Subject05,hjorth_only,random_forest
120,5,5,25,85,0.75,0.16666666666666666,0.9444444444444444,0.25,0.8505555555555555,0.5296653591164803,0.1542309027777778,0.11062500000000001,Subject06,hjorth_only,random_forest
120,5,0,25,90,0.7916666666666666,0.16666666666666666,1.0,0.2857142857142857,0.8590740740740741,0.683415797953144,0.15690393518518517,0.16319444444444445,Subject07,hjorth_only,random_forest
120,1,0,29,90,0.7583333333333333,0.03333333333333333,1.0,0.06451612903225806,0.8394444444444444,0.6127495870381957,0.14797048611111113,0.09756944444444444,Subject08,hjorth_only,random_forest
120,0,0,30,90,0.75,0.0,1.0,0.0,0.7453703703703705,0.39615177319287603,0.17935127314814814,0.1132638888888889,Subject09,hjorth_only,random_forest
123,8,5,22,88,0.7804878048780488,0.26666666666666666,0.946236559139785,0.37209302325581395,0.57168458781362,0.43078736872323836,0.1893721770551039,0.15243902439024395,Subject10,hjorth_only,random_forest
120,9,52,21,38,0.39166666666666666,0.3,0.4222222222222222,0.1978021978021978,0.31907407407407407,0.2143649653461182,0.31454745370370374,0.30513888888888885,Subject11,hjorth_only,random_forest
120,0,2,30,88,0.7333333333333333,0.0,0.9777777777777777,0.0,0.39555555555555555,0.2049000943179844,0.22101736111111112,0.2177777777777778,Subject12,hjorth_only,random_forest
120,16,11,14,79,0.7916666666666666,0.5333333333333333,0.8777777777777778,0.5614035087719298,0.85,0.684601054976442,0.18458912037037037,0.21319444444444446,Subject13,hjorth_only,random_forest
120,15,44,15,46,0.5083333333333333,0.5,0.5111111111111111,0.33707865168539325,0.46296296296296297,0.2706208389696741,0.2718940972222222,0.2902083333333333,Subject14,hjorth_only,random_forest
120,0,0,30,90,0.75,0.0,1.0,0.0,0.93,0.7741008533949711,0.15209953703703707,0.16333333333333333,Subject15,hjorth_only,random_forest
120,0,25,30,65,0.5416666666666666,0.0,0.7222222222222222,0.0,0.37648148148148153,0.19969186254307003,0.2552627314814815,0.26874999999999993,Subject16,hjorth_only,random_forest
120,22,19,8,71,0.775,0.7333333333333333,0.7888888888888889,0.6197183098591549,0.8211111111111111,0.5297453772034993,0.17572800925925927,0.20138888888888887,Subject17,hjorth_only,random_forest
120,2,0,28,90,0.7666666666666667,0.06666666666666667,1.0,0.125,0.9616666666666667,0.8802599854916843,0.13402777777777777,0.19763888888888892,Subject18,hjorth_only,random_forest
120,4,0,26,90,0.7833333333333333,0.13333333333333333,1.0,0.23529411764705882,0.9772222222222221,0.9191401602164951,0.11872743055555554,0.21770833333333334,Subject19,hjorth_only,random_forest
120,0,0,30,90,0.75,0.0,1.0,0.0,0.8544444444444445,0.7275949449297544,0.15557291666666667,0.1311111111111111,Subject20,hjorth_only,random_forest
120,7,6,23,84,0.7583333333333333,0.23333333333333334,0.9333333333333333,0.32558139534883723,0.775,0.5432067648588286,0.1572650462962963,0.056805555555555526,Subject21,hjorth_only,random_forest
120,15,0,15,90,0.875,0.5,1.0,0.6666666666666666,0.971111111111111,0.9366045079831473,0.10509722222222223,0.19597222222222224,Subject22,hjorth_only,random_forest
120,11,4,19,86,0.8083333333333333,0.36666666666666664,0.9555555555555556,0.4888888888888889,0.8600000000000001,0.7254502541035949,0.14055092592592594,0.1491666666666667,Subject23,hjorth_only,random_forest
120,5,0,25,90,0.7916666666666666,0.16666666666666666,1.0,0.2857142857142857,0.9001851851851852,0.7776145522257283,0.13208506944444445,0.12104166666666667,Subject24,hjorth_only,random_forest
120,0,0,30,90,0.75,0.0,1.0,0.0,0.6892592592592592,0.4941605106792845,0.1752847222222222,0.08166666666666667,Subject25,hjorth_only,random_forest
120,8,0,22,90,0.8166666666666667,0.26666666666666666,1.0,0.42105263157894735,0.9364814814814815,0.8363398672327187,0.11708796296296296,0.16666666666666666,Subject26,hjorth_only,random_forest
120,14,10,16,80,0.7833333333333333,0.4666666666666667,0.8888888888888888,0.5185185185185185,0.8031481481481482,0.5623908289272066,0.16814930555555557,0.14027777777777778,Subject27,hjorth_only,random_forest
120,3,0,27,90,0.775,0.1,1.0,0.18181818181818182,1.0,0.9999999999999999,0.10645659722222221,0.2032638888888889,Subject28,hjorth_only,random_forest
120,0,0,30,90,0.75,0.0,1.0,0.0,0.8544444444444445,0.6002650915996256,0.17748553240740741,0.14145833333333332,Subject29,hjorth_only,random_forest
120,24,1,6,89,0.9416666666666667,0.8,0.9888888888888889,0.8727272727272727,0.961111111111111,0.9290588737971343,0.10193113425925926,0.21256944444444445,Subject30,hjorth_only,random_forest
69,1,0,29,39,0.5797101449275363,0.03333333333333333,1.0,0.06451612903225806,0.317948717948718,0.3758907238502283,0.31767310789049924,0.271256038647343,Subject31,hjorth_only,random_forest
120,8,2,22,88,0.8,0.26666666666666666,0.9777777777777777,0.4,0.9311111111111111,0.7971205961710993,0.13415625000000003,0.17874999999999996,Subject32,hjorth_only,random_forest
120,4,1,26,89,0.775,0.13333333333333333,0.9888888888888889,0.22857142857142856,0.8146296296296296,0.5777040093823064,0.1554045138888889,0.08548611111111112,Subject33,hjorth_only,random_forest
120,5,0,25,90,0.7916666666666666,0.16666666666666666,1.0,0.2857142857142857,0.9596296296296296,0.9018277688943969,0.11649768518518518,0.1636111111111111,Subject34,hjorth_only,random_forest
120,3,3,27,87,0.75,0.1,0.9666666666666667,0.16666666666666666,0.807962962962963,0.5031135802543791,0.16117303240740738,0.10881944444444445,Subject35,hjorth_only,random_forest
120,8,0,22,90,0.8166666666666667,0.26666666666666666,1.0,0.42105263157894735,0.9944444444444445,0.9861187451387088,0.11997241626054708,0.13885029152404446,Subject00,hjorth_only,gradient_boosting
120,3,6,27,84,0.725,0.1,0.9333333333333333,0.15384615384615385,0.8329629629629629,0.5207163490859993,0.18683178820009957,0.1784465629632948,Subject01,hjorth_only,gradient_boosting
120,29,89,1,1,0.25,0.9666666666666667,0.011111111111111112,0.3918918918918919,0.3303703703703703,0.20744045372188066,0.5613641996017459,0.5916040295430909,Subject02,hjorth_only,gradient_boosting
120,3,0,27,90,0.775,0.1,1.0,0.18181818181818182,0.8770370370370371,0.6936733677837754,0.17279472033872523,0.14061877615392757,Subject03,hjorth_only,gradient_boosting
114,0,1,30,83,0.7280701754385965,0.0,0.9880952380952381,0.0,0.48253968253968255,0.24820652980145302,0.23723451809789733,0.1952206086762787,Subject04,hjorth_only,gradient_boosting
120,13,12,17,78,0.7583333333333333,0.43333333333333335,0.8666666666666667,0.4727272727272727,0.7255555555555555,0.5596456234006459,0.17197319142922857,0.11418345104073659,Subject05,hjorth_only,gradient_boosting
120,11,1,19,89,0.8333333333333334,0.36666666666666664,0.9888888888888889,0.5238095238095238,0.9318518518518518,0.8320638157981963,0.10953110243361985,0.11607484838126271,Subject06,hjorth_only,gradient_boosting
120,20,7,10,83,0.8583333333333333,0.6666666666666666,0.9222222222222223,0.7017543859649122,0.9014814814814814,0.7949755070381326,0.1183600083402179,0.1503863943421728,Subject07,hjorth_only,gradient_boosting
120,13,12,17,78,0.7583333333333333,0.43333333333333335,0.8666666666666667,0.4727272727272727,0.787037037037037,0.5061249106389568,0.15848203851655665,0.05570518123884986,Subject08,hjorth_only,gradient_boosting
120,1,4,29,86,0.725,0.03333333333333333,0.9555555555555556,0.05714285714285714,0.6311111111111111,0.32259230347858825,0.20377538866995096,0.14267868070357723,Subject09,hjorth_only,gradient_boosting
123,11,23,19,70,0.6585365853658537,0.36666666666666664,0.7526881720430108,0.34375,0.5229390681003584,0.34353867931381094,0.22606846602384484,0.20695006235320268,Subject10,hjorth_only,gradient_boosting
120,27,68,3,22,0.4083333333333333,0.9,0.24444444444444444,0.432,0.5148148148148148,0.2729302259057318,0.4169154796559372,0.44534284261286106,Subject11,hjorth_only,gradient_boosting
120,0,11,30,79,0.6583333333333333,0.0,0.8777777777777778,0.0,0.29703703703703704,0.1773907965538814,0.26491063292292244,0.26730575328739953,Subject12,hjorth_only,gradient_boosting
120,30,86,0,4,0.2833333333333333,1.0,0.044444444444444446,0.410958904109589,0.5148148148148148,0.25366569765109676,0.41643924827739714,0.4669064930883008,Subject13,hjorth_only,gradient_boosting
120,18,50,12,40,0.48333333333333334,0.6,0.4444444444444444,0.3673469387755102,0.5377777777777778,0.2641828702705291,0.30432012612000986,0.3031456958358989,Subject14,hjorth_only,gradient_boosting
120,1,1,29,89,0.75,0.03333333333333333,0.9888888888888889,0.0625,0.8500000000000001,0.5551473810461639,0.17702074758126105,0.14050386657134709,Subject15,hjorth_only,gradient_boosting
120,2,18,28,72,0.6166666666666667,0.06666666666666667,0.8,0.08,0.4311111111111111,0.21650593017377823,0.27158635243623974,0.24814042316568521,Subject16,hjorth_only,gradient_boosting
120,23,25,7,65,0.7333333333333333,0.7666666666666667,0.7222222222222222,0.5897435897435898,0.8655555555555555,0.6687511865414065,0.1700478061712166,0.1926698505283979,Subject17,hjorth_only,gradient_boosting
120,9,1,21,89,0.8166666666666667,0.3,0.9888888888888889,0.45,0.9344444444444444,0.8420071561534368,0.11635103440943463,0.12354916243408073,Subject18,hjorth_only,gradient_boosting
120,27,0,3,90,0.975,0.9,1.0,0.9473684210526315,0.9962962962962962,0.989890873015873,0.0452140867321303,0.1347800371001754,Subject19,hjorth_only,gradient_boosting
120,3,0,27,90,0.775,0.1,1.0,0.18181818181818182,0.7277777777777779,0.6331700262996491,0.15825430697896561,0.09198186784992333,Subject20,hjorth_only,gradient_boosting
120,15,5,15,85,0.8333333333333334,0.5,0.9444444444444444,0.6,0.8566666666666667,0.689187946680268,0.12126058705065554,0.08531446290022607,Subject21,hjorth_only,gradient_boosting
120,25,2,5,88,0.9416666666666667,0.8333333333333334,0.9777777777777777,0.8771929824561403,0.9892592592592593,0.9728942380592362,0.04781248009517061,0.11359178283778593,Subject22,hjorth_only,gradient_boosting
120,15,12,15,78,0.775,0.5,0.8666666666666667,0.5263157894736842,0.7870370370370371,0.6100587499329242,0.15511409574708887,0.10492840088115986,Subject23,hjorth_only,gradient_boosting
120,11,2,19,88,0.825,0.36666666666666664,0.9777777777777777,0.5116279069767442,0.9303703703703704,0.8130032369613986,0.111032406693953,0.09770801532760891,Subject24,hjorth_only,gradient_boosting
120,29,65,1,25,0.45,0.9666666666666667,0.2777777777777778,0.46774193548387094,0.7007407407407408,0.4437076510967307,0.40205476560757963,0.46742127557831803,Subject25,hjorth_only,gradient_boosting
120,16,2,14,88,0.8666666666666667,0.5333333333333333,0.9777777777777777,0.6666666666666666,0.9366666666666668,0.8739122493825144,0.08947483801908204,0.0697490984517668,Subject26,hjorth_only,gradient_boosting
120,15,29,15,61,0.6333333333333333,0.5,0.6777777777777778,0.40540540540540543,0.5907407407407408,0.3039075605121516,0.24009831730337608,0.18171228516541926,Subject27,hjorth_only,gradient_boosting
120,13,0,17,90,0.8583333333333333,0.43333333333333335,1.0,0.6046511627906976,1.0,0.9999999999999999,0.09118729992164773,0.15538834859126865,Subject28,hjorth_only,gradient_boosting
120,0,0,30,90,0.75,0.0,1.0,0.0,0.888888888888889,0.7227797320928989,0.1637175336490889,0.15567695589023386,Subject29,hjorth_only,gradient_boosting
120,26,15,4,75,0.8416666666666667,0.8666666666666667,0.8333333333333334,0.7323943661971831,0.9325925925925926,0.8881057860056389,0.12015549471091944,0.19868996224070512,Subject30,hjorth_only,gradient_boosting
69,5,5,25,34,0.5652173913043478,0.16666666666666666,0.8717948717948718,0.25,0.45641025641025645,0.46939443076129167,0.322427855184617,0.2978194965975304,Subject31,hjorth_only,gradient_boosting
120,16,2,14,88,0.8666666666666667,0.5333333333333333,0.9777777777777777,0.6666666666666666,0.9407407407407408,0.8737586386094438,0.0985506313654612,0.13442589145551462,Subject32,hjorth_only,gradient_boosting
120,8,19,22,71,0.6583333333333333,0.26666666666666666,0.7888888888888889,0.2807017543859649,0.6874074074074074,0.41265636065745015,0.2193153474835772,0.23278198566426211,Subject33,hjorth_only,gradient_boosting
120,7,0,23,90,0.8083333333333333,0.23333333333333334,1.0,0.3783783783783784,0.9062962962962963,0.789800958172582,0.13463372490758807,0.10580513340109733,Subject34,hjorth_only,gradient_boosting
120,21,1,9,89,0.9166666666666666,0.7,0.9888888888888889,0.8076923076923077,0.9492592592592592,0.896771215755801,0.09971582392293232,0.16711896385663666,Subject35,hjorth_only,gradient_boosting
120,7,0,23,90,0.8083333333333333,0.23333333333333334,1.0,0.3783783783783784,0.9662962962962963,0.9553477136021427,0.1190383059394901,0.1549270694299291,Subject00,hjorth_only,xgboost
120,2,6,28,84,0.7166666666666667,0.06666666666666667,0.9333333333333333,0.10526315789473684,0.764074074074074,0.44743641542237944,0.1817123944190143,0.13444573753513395,Subject01,hjorth_only,xgboost
120,27,76,3,14,0.3416666666666667,0.9,0.15555555555555556,0.40601503759398494,0.5792592592592593,0.4034115190625775,0.35858460222677274,0.4175427714983623,Subject02,hjorth_only,xgboost
120,2,0,28,90,0.7666666666666667,0.06666666666666667,1.0,0.125,0.8718518518518519,0.663649988310727,0.18006236715072096,0.1468222305489083,Subject03,hjorth_only,xgboost
114,0,0,30,84,0.7368421052631579,0.0,1.0,0.0,0.39047619047619053,0.21489773478811786,0.23156299439182318,0.19564989990178952,Subject04,hjorth_only,xgboost
120,13,8,17,82,0.7916666666666666,0.43333333333333335,0.9111111111111111,0.5098039215686274,0.7781481481481481,0.6306522881991071,0.15815309870979868,0.13419586233794692,Subject05,hjorth_only,xgboost
120,3,0,27,90,0.775,0.1,1.0,0.18181818181818182,0.865925925925926,0.6714254495201976,0.1395116013924391,0.1123083058434228,Subject06,hjorth_only,xgboost
120,21,8,9,82,0.8583333333333333,0.7,0.9111111111111111,0.711864406779661,0.9196296296296297,0.7970378740089372,0.11497980885815447,0.12159923287108541,Subject07,hjorth_only,xgboost
120,5,8,25,82,0.725,0.16666666666666666,0.9111111111111111,0.23255813953488372,0.7596296296296297,0.41365759395296436,0.16833211024995615,0.07649510453144708,Subject08,hjorth_only,xgboost
120,0,4,30,86,0.7166666666666667,0.0,0.9555555555555556,0.0,0.6351851851851852,0.31086134428168344,0.20965113824099194,0.16411123480647802,Subject09,hjorth_only,xgboost
123,8,19,22,74,0.6666666666666666,0.26666666666666666,0.7956989247311828,0.2807017543859649,0.47168458781362005,0.38882248559327504,0.22251661661173766,0.20970789833766657,Subject10,hjorth_only,xgboost
120,26,61,4,29,0.4583333333333333,0.8666666666666667,0.32222222222222224,0.4444444444444444,0.6737037037037037,0.37899230975080267,0.3135215465148756,0.365230182185769,Subject11,hjorth_only,xgboost
120,1,10,29,80,0.675,0.03333333333333333,0.8888888888888888,0.04878048780487805,0.2948148148148148,0.17953714152393074,0.2522535361581678,0.2533172516617924,Subject12,hjorth_only,xgboost
120,30,40,0,50,0.6666666666666666,1.0,0.5555555555555556,0.6,0.8837037037037037,0.5945039513497996,0.22787007402598436,0.29442755579948426,Subject13,hjorth_only,xgboost
120,14,44,16,46,0.5,0.4666666666666667,0.5111111111111111,0.3181818181818182,0.49629629629629635,0.276618268813404,0.28104104884791986,0.29006524110833803,Subject14,hjorth_only,xgboost
120,1,0,29,90,0.7583333333333333,0.03333333333333333,1.0,0.06451612903225806,0.8896296296296297,0.6673087715998712,0.17608346249567497,0.14148711248611412,Subject15,hjorth_only,xgboost
120,1,14,29,76,0.6416666666666667,0.03333333333333333,0.8444444444444444,0.044444444444444446,0.4829629629629629,0.23529058988213358,0.23580595601398316,0.17986206427837412,Subject16,hjorth_only,xgboost
120,26,18,4,72,0.8166666666666667,0.8666666666666667,0.8,0.7027027027027027,0.9148148148148149,0.7298889900925476,0.1322782255597043,0.1845634534644584,Subject17,hjorth_only,xgboost
120,0,0,30,90,0.75,0.0,1.0,0.0,0.9596296296296296,0.9200707756319184,0.15163651019997204,0.17657673715924224,Subject18,hjorth_only,xgboost
120,23,1,7,89,0.9333333333333333,0.7666666666666667,0.9888888888888889,0.8518518518518519,0.992962962962963,0.9768031999245411,0.06713156864830797,0.17877307978148263,Subject19,hjorth_only,xgboost
120,5,0,25,90,0.7916666666666666,0.16666666666666666,1.0,0.2857142857142857,0.8614814814814814,0.792373053204646,0.13807896663262975,0.08974699733468394,Subject20,hjorth_only,xgboost
120,14,4,16,86,0.8333333333333334,0.4666666666666667,0.9555555555555556,0.5833333333333334,0.8107407407407408,0.5877181063165546,0.14649639345244836,0.13620146663549043,Subject21,hjorth_only,xgboost
120,23,2,7,88,0.925,0.7666666666666667,0.9777777777777777,0.8363636363636363,0.9892592592592593,0.9658566900954315,0.060203882289180846,0.13320102679232754,Subject22,hjorth_only,xgboost
120,16,13,14,77,0.775,0.5333333333333333,0.8555555555555555,0.5423728813559322,0.7881481481481482,0.6444731839200788,0.16388848431862119,0.15102491825819017,Subject23,hjorth_only,xgboost
120,10,2,20,88,0.8166666666666667,0.3333333333333333,0.9777777777777777,0.47619047619047616,0.9396296296296296,0.8211550746182029,0.11422008925249158,0.11240545876013736,Subject24,hjorth_only,xgboost
120,26,56,4,34,0.5,0.8666666666666667,0.37777777777777777,0.4642857142857143,0.6455555555555555,0.32923799795925845,0.3113039170994959,0.34749813452363015,Subject25,hjorth_only,xgboost
120,15,1,15,89,0.8666666666666667,0.5,0.9888888888888889,0.6521739130434783,0.9485185185185184,0.8891407097263939,0.09003195020190131,0.10177550095443924,Subject26,hjorth_only,xgboost
120,14,29,16,61,0.625,0.4666666666666667,0.6777777777777778,0.3835616438356164,0.5751851851851851,0.30882000724938874,0.23506449307999827,0.173494243187209,Subject27,hjorth_only,xgboost
120,11,0,19,90,0.8416666666666667,0.36666666666666664,1.0,0.5365853658536586,1.0,0.9999999999999999,0.09118567953304678,0.16651461667691672,Subject28,hjorth_only,xgboost
120,0,0,30,90,0.75,0.0,1.0,0.0,0.9018518518518518,0.7165012503648867,0.16422525960187528,0.16031957467397057,Subject29,hjorth_only,xgboost
120,28,13,2,77,0.875,0.9333333333333333,0.8555555555555555,0.7887323943661971,0.9477777777777778,0.9372075883354619,0.11048625386836146,0.2590467997516195,Subject30,hjorth_only,xgboost
69,5,6,25,33,0.5507246376811594,0.16666666666666666,0.8461538461538461,0.24390243902439024,0.43504273504273505,0.4464138126587501,0.3176200289008225,0.26005165230320854,Subject31,hjorth_only,xgboost
120,12,1,18,89,0.8416666666666667,0.4,0.9888888888888889,0.5581395348837209,0.9066666666666667,0.8112814610213283,0.12130804450809649,0.12442639389385778,Subject32,hjorth_only,xgboost
120,7,5,23,85,0.7666666666666667,0.23333333333333334,0.9444444444444444,0.3333333333333333,0.7262962962962963,0.4573901570227448,0.17736900402017464,0.18287522140890367,Subject33,hjorth_only,xgboost
120,6,0,24,90,0.8,0.2,1.0,0.3333333333333333,0.9014814814814814,0.814831266160736,0.1352170118255584,0.12484440340970954,Subject34,hjorth_only,xgboost
120,12,5,18,85,0.8083333333333333,0.4,0.9444444444444444,0.5106382978723404,0.82,0.682536547169664,0.14664368400737338,0.12049113009124994,Subject35,hjorth_only,xgboost
120,20,25,10,65,0.7083333333333334,0.6666666666666666,0.7222222222222222,0.5333333333333333,0.7200000000000001,0.4581578645498192,0.2172645193174746,0.22302175300354726,Subject00,entropy_only,logistic_regression
120,5,24,25,66,0.5916666666666667,0.16666666666666666,0.7333333333333333,0.1694915254237288,0.36518518518518517,0.20068732688774904,0.2679291916607635,0.25746885992642493,Subject01,entropy_only,logistic_regression
120,5,26,25,64,0.575,0.16666666666666666,0.7111111111111111,0.16393442622950818,0.5018518518518518,0.24156960988156162,0.23317906567316918,0.1575142146860053,Subject02,entropy_only,logistic_regression
120,4,3,26,87,0.7583333333333333,0.13333333333333333,0.9666666666666667,0.21621621621621623,0.4381481481481481,0.3324699416703713,0.20906165594044807,0.1633258605761591,Subject03,entropy_only,logistic_regression
114,15,29,15,55,0.6140350877192983,0.5,0.6547619047619048,0.40540540540540543,0.5845238095238096,0.3089616683839763,0.23087103828573627,0.1880450685704656,Subject04,entropy_only,logistic_regression
120,17,54,13,36,0.44166666666666665,0.5666666666666667,0.4,0.33663366336633666,0.5077777777777778,0.3212636824029482,0.2798778833589345,0.29529100051057144,Subject05,entropy_only,logistic_regression
120,24,47,6,43,0.5583333333333333,0.8,0.4777777777777778,0.4752475247524752,0.6914814814814815,0.4408670719259159,0.25297812278280973,0.28301983677871173,Subject06,entropy_only,logistic_regression
120,17,19,13,71,0.7333333333333333,0.5666666666666667,0.7888888888888889,0.5151515151515151,0.6722222222222222,0.5019286570352655,0.20892900236302742,0.20154941632281292,Subject07,entropy_only,logistic_regression
120,23,43,7,47,0.5833333333333334,0.7666666666666667,0.5222222222222223,0.4791666666666667,0.6674074074074074,0.38303687968960076,0.25140348652759464,0.27400533565877233,Subject08,entropy_only,logistic_regression
120,4,49,26,41,0.375,0.13333333333333333,0.45555555555555555,0.0963855421686747,0.1774074074074074,0.16967180989666314,0.31599027030478505,0.4223643478013701,Subject09,entropy_only,logistic_regression
123,28,31,2,62,0.7317073170731707,0.9333333333333333,0.6666666666666666,0.6292134831460674,0.910752688172043,0.768871683693113,0.1912909783457522,0.27785371499005096,Subject10,entropy_only,logistic_regression
120,24,65,6,25,0.4083333333333333,0.8,0.2777777777777778,0.40336134453781514,0.5411111111111111,0.3128560901558506,0.3053088275262726,0.3254509379507461,Subject11,entropy_only,logistic_regression
120,3,42,27,48,0.425,0.1,0.5333333333333333,0.08,0.24481481481481482,0.16738416638467463,0.3161145724165349,0.311268983222593,Subject12,entropy_only,logistic_regression
120,26,33,4,57,0.6916666666666667,0.8666666666666667,0.6333333333333333,0.5842696629213483,0.7774074074074074,0.445024359288964,0.21329030936914978,0.23490011381222048,Subject13,entropy_only,logistic_regression
120,23,76,7,14,0.30833333333333335,0.7666666666666667,0.15555555555555556,0.35658914728682173,0.5737037037037036,0.380035399692525,0.3377072984840819,0.3825878347974473,Subject14,entropy_only,logistic_regression
120,3,1,27,89,0.7666666666666667,0.1,0.9888888888888889,0.17647058823529413,0.6911111111111111,0.458206555031859,0.17078135035527273,0.07024699753727394,Subject15,entropy_only,logistic_regression
120,9,32,21,58,0.5583333333333333,0.3,0.6444444444444445,0.2535211267605634,0.4311111111111111,0.21969039772340568,0.26414803643232726,0.23376579169441228,Subject16,entropy_only,logistic_regression
120,30,46,0,44,0.6166666666666667,1.0,0.4888888888888889,0.5660377358490566,0.8996296296296296,0.790982333038468,0.21736072455952965,0.32096500457129784,Subject17,entropy_only,logistic_regression
120,5,13,25,77,0.6833333333333333,0.16666666666666666,0.8555555555555555,0.20833333333333334,0.4903703703703703,0.2823560535573486,0.2171661125236728,0.14383560314902039,Subject18,entropy_only,logistic_regression
120,15,28,15,62,0.6416666666666667,0.5,0.6888888888888889,0.410958904109589,0.7755555555555556,0.5772555625675959,0.20353643474381097,0.23034776247664768,Subject19,entropy_only,logistic_regression
120,19,20,11,70,0.7416666666666667,0.6333333333333333,0.7777777777777778,0.5507246376811594,0.6944444444444445,0.4351181285858483,0.20725804081377017,0.2100662854696542,Subject20,entropy_only,logistic_regression
120,14,36,16,54,0.5666666666666667,0.4666666666666667,0.6,0.35,0.5555555555555556,0.26939525615582083,0.2509126872146297,0.2385864432582706,Subject21,entropy_only,logistic_regression
120,15,15,15,75,0.75,0.5,0.8333333333333334,0.5,0.6759259259259259,0.4663854945396757,0.2020716405395362,0.18075494532374556,Subject22,entropy_only,logistic_regression
120,17,47,13,43,0.5,0.5666666666666667,0.4777777777777778,0.3617021276595745,0.5422222222222223,0.40513756566273573,0.2620008117265346,0.286065639778079,Subject23,entropy_only,logistic_regression
120,24,48,6,42,0.55,0.8,0.4666666666666667,0.47058823529411764,0.682962962962963,0.39538778041110856,0.2744373393692135,0.3194574225524903,Subject24,entropy_only,logistic_regression
120,26,88,4,2,0.23333333333333334,0.8666666666666667,0.022222222222222223,0.3611111111111111,0.3422222222222222,0.19158673277589527,0.4666084724150185,0.5081388122652428,Subject25,entropy_only,logistic_regression
120,19,29,11,61,0.6666666666666666,0.6333333333333333,0.6777777777777778,0.48717948717948717,0.7166666666666668,0.5791727564962369,0.21428967388642867,0.24753335279328847,Subject26,entropy_only,logistic_regression
120,16,52,14,38,0.45,0.5333333333333333,0.4222222222222222,0.32653061224489793,0.49370370370370376,0.28333335026981543,0.2683765188714722,0.2710085344753098,Subject27,entropy_only,logistic_regression
120,19,28,11,62,0.675,0.6333333333333333,0.6888888888888889,0.4935064935064935,0.7255555555555556,0.49764662507624324,0.2197704836873461,0.23950100469577587,Subject28,entropy_only,logistic_regression
120,18,37,12,53,0.5916666666666667,0.6,0.5888888888888889,0.4235294117647059,0.6459259259259259,0.4681235495944539,0.23583316921300324,0.24676724943701708,Subject29,entropy_only,logistic_regression
120,28,44,2,46,0.6166666666666667,0.9333333333333333,0.5111111111111111,0.5490196078431373,0.8807407407407407,0.7892549349680871,0.2301918895527483,0.33446864486059324,Subject30,entropy_only,logistic_regression
69,13,19,17,20,0.4782608695652174,0.43333333333333335,0.5128205128205128,0.41935483870967744,0.4811965811965812,0.4279539187962194,0.2783865976147324,0.15024265808320547,Subject31,entropy_only,logistic_regression
120,23,59,7,31,0.45,0.7666666666666667,0.34444444444444444,0.4107142857142857,0.5474074074074073,0.27521640060986724,0.28683045673704904,0.3155364573905625,Subject32,entropy_only,logistic_regression
120,6,0,24,90,0.8,0.2,1.0,0.3333333333333333,0.8674074074074074,0.800780061610911,0.1552485479944315,0.22776837380326992,Subject33,entropy_only,logistic_regression
120,25,14,5,76,0.8416666666666667,0.8333333333333334,0.8444444444444444,0.7246376811594203,0.8862962962962964,0.7760624670961287,0.17190415139804788,0.22352154758769555,Subject34,entropy_only,logistic_regression
120,12,12,18,78,0.75,0.4,0.8666666666666667,0.4444444444444444,0.6877777777777778,0.4118704529869851,0.1925951226407872,0.1405171862591081,Subject35,entropy_only,logistic_regression
120,12,8,18,82,0.7833333333333333,0.4,0.9111111111111111,0.48,0.7355555555555555,0.5197119427931163,0.17083381658018293,0.10537081236240696,Subject00,entropy_only,svm_rbf
120,15,32,15,58,0.6083333333333333,0.5,0.6444444444444445,0.38961038961038963,0.5874074074074074,0.2935021799747015,0.2127099529664113,0.12302646198010665,Subject01,entropy_only,svm_rbf
120,14,32,16,58,0.6,0.4666666666666667,0.6444444444444445,0.3684210526315789,0.5748148148148148,0.281138969495917,0.2439057943806987,0.16691256142973213,Subject02,entropy_only,svm_rbf
120,8,7,22,83,0.7583333333333333,0.26666666666666666,0.9222222222222223,0.35555555555555557,0.7003703703703703,0.49083687494992595,0.17949746489334661,0.13288624809854133,Subject03,entropy_only,svm_rbf
114,10,23,20,61,0.6228070175438597,0.3333333333333333,0.7261904761904762,0.31746031746031744,0.5785714285714286,0.37828634710338543,0.2254335864685063,0.18944379791331611,Subject04,entropy_only,svm_rbf
120,17,62,13,28,0.375,0.5666666666666667,0.3111111111111111,0.3119266055045872,0.4274074074074074,0.23692189107816108,0.30361901575152866,0.29717389175799197,Subject05,entropy_only,svm_rbf
120,22,32,8,58,0.6666666666666666,0.7333333333333333,0.6444444444444445,0.5238095238095238,0.7811111111111111,0.6246252797553572,0.15475529384638592,0.09022484671492792,Subject06,entropy_only,svm_rbf
120,9,11,21,79,0.7333333333333333,0.3,0.8777777777777778,0.36,0.6040740740740741,0.4134634207193786,0.18748195514264776,0.1198340589059185,Subject07,entropy_only,svm_rbf
120,5,13,25,77,0.6833333333333333,0.16666666666666666,0.8555555555555555,0.20833333333333334,0.6418518518518519,0.3984573032192441,0.1981028159242692,0.1702702038115513,Subject08,entropy_only,svm_rbf
120,8,14,22,76,0.7,0.26666666666666666,0.8444444444444444,0.3076923076923077,0.5918518518518519,0.41853002724369004,0.18902298643610158,0.12939775349019356,Subject09,entropy_only,svm_rbf
123,21,33,9,60,0.6585365853658537,0.7,0.6451612903225806,0.5,0.7050179211469534,0.4440498136399044,0.17904659989181362,0.12869047990787383,Subject10,entropy_only,svm_rbf
120,17,50,13,40,0.475,0.5666666666666667,0.4444444444444444,0.35051546391752575,0.4488888888888889,0.22345528097147951,0.29357942870457665,0.2239675140611247,Subject11,entropy_only,svm_rbf
120,4,34,26,56,0.5,0.13333333333333333,0.6222222222222222,0.11764705882352941,0.45555555555555555,0.21872976338450123,0.2904547713309528,0.29652916222204134,Subject12,entropy_only,svm_rbf
120,13,23,17,67,0.6666666666666666,0.43333333333333335,0.7444444444444445,0.3939393939393939,0.6381481481481481,0.3284790415695217,0.19485708266865792,0.08003357860234826,Subject13,entropy_only,svm_rbf
120,21,63,9,27,0.4,0.7,0.3,0.3684210526315789,0.4925925925925926,0.2440420584893382,0.3293841532149294,0.30200132397584,Subject14,entropy_only,svm_rbf
120,19,10,11,80,0.825,0.6333333333333333,0.8888888888888888,0.6440677966101694,0.8877777777777778,0.7221223200282555,0.1262931923385802,0.07825736531407464,Subject15,entropy_only,svm_rbf
120,19,35,11,55,0.6166666666666667,0.6333333333333333,0.6111111111111112,0.4523809523809524,0.6337037037037038,0.3401829028068998,0.22248920459598154,0.18155029047339366,Subject16,entropy_only,svm_rbf
120,23,30,7,60,0.6916666666666667,0.7666666666666667,0.6666666666666666,0.5542168674698795,0.7870370370370371,0.5993497186377023,0.15223284207515791,0.10153677145691524,Subject17,entropy_only,svm_rbf
120,4,7,26,83,0.725,0.13333333333333333,0.9222222222222223,0.1951219512195122,0.5811111111111111,0.30179261772589616,0.21819893541124719,0.17692610028287384,Subject18,entropy_only,svm_rbf
120,16,42,14,48,0.5333333333333333,0.5333333333333333,0.5333333333333333,0.36363636363636365,0.5851851851851853,0.27589018994659503,0.2402577027555946,0.22610169750137363,Subject19,entropy_only,svm_rbf
120,12,8,18,82,0.7833333333333333,0.4,0.9111111111111111,0.48,0.7507407407407407,0.56943142690752,0.16109974612329017,0.09183800564186356,Subject20,entropy_only,svm_rbf
120,4,35,26,55,0.49166666666666664,0.13333333333333333,0.6111111111111112,0.11594202898550725,0.3255555555555556,0.18376366535439814,0.2916924751039102,0.28552179414757733,Subject21,entropy_only,svm_rbf
120,17,10,13,80,0.8083333333333333,0.5666666666666667,0.8888888888888888,0.5964912280701754,0.8418518518518519,0.6903918166743797,0.13212819008902266,0.0657554738397822,Subject22,entropy_only,svm_rbf
120,19,51,11,39,0.48333333333333334,0.6333333333333333,0.43333333333333335,0.38,0.5235185185185186,0.27676019273818736,0.25237570383696967,0.18911950194525756,Subject23,entropy_only,svm_rbf
120,21,11,9,79,0.8333333333333334,0.7,0.8777777777777778,0.6774193548387096,0.832962962962963,0.7039519175968565,0.12220875664311359,0.08693861436827895,Subject24,entropy_only,svm_rbf
120,25,62,5,28,0.44166666666666665,0.8333333333333334,0.3111111111111111,0.42735042735042733,0.48888888888888893,0.23096758898331726,0.3423357881496513,0.3158298132481006,Subject25,entropy_only,svm_rbf
120,18,2,12,88,0.8833333333333333,0.6,0.9777777777777777,0.72,0.8277777777777778,0.7581754460756989,0.12765825493443328,0.07571873372798849,Subject26,entropy_only,svm_rbf
120,18,41,12,49,0.5583333333333333,0.6,0.5444444444444444,0.4044943820224719,0.59,0.3537998886064083,0.21693195552337904,0.1440380698605993,Subject27,entropy_only,svm_rbf
120,20,38,10,52,0.6,0.6666666666666666,0.5777777777777777,0.45454545454545453,0.6903703703703703,0.4246394991508282,0.19151757637757616,0.11293648179468214,Subject28,entropy_only,svm_rbf
120,14,21,16,69,0.6916666666666667,0.4666666666666667,0.7666666666666667,0.4307692307692308,0.6514814814814814,0.4728879987329141,0.17804803502704913,0.10946315348139228,Subject29,entropy_only,svm_rbf
120,17,56,13,34,0.425,0.5666666666666667,0.37777777777777777,0.3300970873786408,0.48685185185185187,0.25428819336302194,0.2761157583933683,0.25307893939528586,Subject30,entropy_only,svm_rbf
69,4,18,26,21,0.36231884057971014,0.13333333333333333,0.5384615384615384,0.15384615384615385,0.25811965811965815,0.3195040221500464,0.4002509417547948,0.38827710550515104,Subject31,entropy_only,svm_rbf
120,12,24,18,66,0.65,0.4,0.7333333333333333,0.36363636363636365,0.6742592592592592,0.3738584128649117,0.18990442843866204,0.1099732848481104,Subject32,entropy_only,svm_rbf
120,5,2,25,88,0.775,0.16666666666666666,0.9777777777777777,0.2702702702702703,0.9203703703703704,0.7789345175347748,0.17707081370425742,0.18476353664866824,Subject33,entropy_only,svm_rbf
120,21,27,9,63,0.7,0.7,0.7,0.5384615384615384,0.7874074074074073,0.5478335149711583,0.1711382257811645,0.11918620416134203,Subject34,entropy_only,svm_rbf
120,14,19,16,71,0.7083333333333334,0.4666666666666667,0.7888888888888889,0.4444444444444444,0.6148148148148148,0.3593095165531587,0.19946114298448628,0.127212434664568,Subject35,entropy_only,svm_rbf
120,0,1,30,89,0.7416666666666667,0.0,0.9888888888888889,0.0,0.9118518518518518,0.6954707469067855,0.14157233796296298,0.13604166666666664,Subject00,entropy_only,random_forest
120,0,2,30,88,0.7333333333333333,0.0,0.9777777777777777,0.0,0.5257407407407407,0.2660185807290021,0.19720949074074073,0.08402777777777776,Subject01,entropy_only,random_forest
120,3,1,27,89,0.7666666666666667,0.1,0.9888888888888889,0.17647058823529413,0.6218518518518519,0.39261501285276273,0.18436458333333333,0.09555555555555556,Subject02,entropy_only,random_forest
120,1,0,29,90,0.7583333333333333,0.03333333333333333,1.0,0.06451612903225806,0.6890740740740741,0.47532102733540693,0.17263483796296297,0.06923611111111115,Subject03,entropy_only,random_forest
114,0,2,30,82,0.7192982456140351,0.0,0.9761904761904762,0.0,0.48174603174603176,0.28800007606317213,0.21008040935672515,0.11315789473684211,Subject04,entropy_only,random_forest
120,2,15,28,75,0.6416666666666667,0.06666666666666667,0.8333333333333334,0.0851063829787234,0.335,0.20091937723817307,0.24080266203703704,0.2134027777777778,Subject05,entropy_only,random_forest
120,3,4,27,86,0.7416666666666667,0.1,0.9555555555555556,0.16216216216216217,0.7175925925925926,0.512011073888167,0.16689525462962962,0.09229166666666667,Subject06,entropy_only,random_forest
120,1,0,29,90,0.7583333333333333,0.03333333333333333,1.0,0.06451612903225806,0.769074074074074,0.572917516915811,0.15707291666666665,0.05083333333333334,Subject07,entropy_only,random_forest
120,1,2,29,88,0.7416666666666667,0.03333333333333333,0.9777777777777777,0.06060606060606061,0.663888888888889,0.3499862264082221,0.18609895833333337,0.13465277777777776,Subject08,entropy_only,random_forest
120,0,0,30,90,0.75,0.0,1.0,0.0,0.4338888888888888,0.22092260372193673,0.2045908564814815,0.13631944444444447,Subject09,entropy_only,random_forest
123,8,19,22,74,0.6666666666666666,0.26666666666666666,0.7956989247311828,0.2807017543859649,0.6120071684587814,0.3166859818988931,0.19664634146341464,0.12560975609756103,Subject10,entropy_only,random_forest
120,0,5,30,85,0.7083333333333334,0.0,0.9444444444444444,0.0,0.42296296296296293,0.2129445072834765,0.21613368055555557,0.11534722222222223,Subject11,entropy_only,random_forest
120,0,11,30,79,0.6583333333333333,0.0,0.8777777777777778,0.0,0.4885185185185185,0.234022977428611,0.22077372685185184,0.16520833333333332,Subject12,entropy_only,random_forest
120,3,1,27,89,0.7666666666666667,0.1,0.9888888888888889,0.17647058823529413,0.7281481481481482,0.5516701651829948,0.16256944444444446,0.08638888888888893,Subject13,entropy_only,random_forest
120,4,13,26,77,0.675,0.13333333333333333,0.8555555555555555,0.1702127659574468,0.5270370370370371,0.283481828836303,0.21260300925925926,0.1327777777777778,Subject14,entropy_only,random_forest
120,0,0,30,90,0.75,0.0,1.0,0.0,0.9261111111111111,0.7875776561579835,0.13211631944444444,0.13756944444444447,Subject15,entropy_only,random_forest
120,1,1,29,89,0.75,0.03333333333333333,0.9888888888888889,0.0625,0.6270370370370371,0.3287742695335661,0.18363368055555554,0.08215277777777778,Subject16,entropy_only,random_forest
120,9,10,21,80,0.7416666666666667,0.3,0.8888888888888888,0.3673469387755102,0.7394444444444445,0.43583875857346566,0.1708680555555556,0.07749999999999999,Subject17,entropy_only,random_forest
120,0,0,30,90,0.75,0.0,1.0,0.0,0.6857407407407408,0.37358754204525874,0.1831585648148148,0.09583333333333337,Subject18,entropy_only,random_forest
120,1,15,29,75,0.6333333333333333,0.03333333333333333,0.8333333333333334,0.043478260869565216,0.5868518518518518,0.2704263104548933,0.20441203703703703,0.1576388888888889,Subject19,entropy_only,random_forest
120,2,2,28,88,0.75,0.06666666666666667,0.9777777777777777,0.11764705882352941,0.5475925925925925,0.3562065821396127,0.18303182870370371,0.0820138888888889,Subject20,entropy_only,random_forest
120,4,9,26,81,0.7083333333333334,0.13333333333333333,0.9,0.18604651162790697,0.5446296296296296,0.2722195282102937,0.20848437499999997,0.13118055555555558,Subject21,entropy_only,random_forest
120,3,0,27,90,0.775,0.1,1.0,0.18181818181818182,0.8507407407407407,0.6718429032451556,0.14568634259259258,0.10944444444444446,Subject22,entropy_only,random_forest
120,2,0,28,90,0.7666666666666667,0.06666666666666667,1.0,0.125,0.5062962962962964,0.3344355447172274,0.19298206018518518,0.10451388888888888,Subject23,entropy_only,random_forest
120,3,0,27,90,0.775,0.1,1.0,0.18181818181818182,0.8374074074074076,0.7125876500105525,0.14653587962962963,0.13694444444444442,Subject24,entropy_only,random_forest
120,12,28,18,62,0.6166666666666667,0.4,0.6888888888888889,0.34285714285714286,0.5677777777777777,0.2943549152378727,0.22666608796296298,0.16229166666666664,Subject25,entropy_only,random_forest
120,5,0,25,90,0.7916666666666666,0.16666666666666666,1.0,0.2857142857142857,0.8944444444444445,0.749691998724225,0.14135821759259262,0.13090277777777776,Subject26,entropy_only,random_forest
120,6,10,24,80,0.7166666666666667,0.2,0.8888888888888888,0.2608695652173913,0.6298148148148148,0.3506024806164798,0.1929346064814815,0.11395833333333333,Subject27,entropy_only,random_forest
120,5,4,25,86,0.7583333333333333,0.16666666666666666,0.9555555555555556,0.2564102564102564,0.7559259259259259,0.477784991112591,0.16282523148148145,0.055694444444444456,Subject28,entropy_only,random_forest
120,1,0,29,90,0.7583333333333333,0.03333333333333333,1.0,0.06451612903225806,0.6757407407407408,0.4627595853632403,0.17375925925925925,0.07694444444444443,Subject29,entropy_only,random_forest
120,2,2,28,88,0.75,0.06666666666666667,0.9777777777777777,0.11764705882352941,0.8244444444444444,0.5588813521883698,0.15095023148148148,0.08750000000000001,Subject30,entropy_only,random_forest
69,0,4,30,35,0.5072463768115942,0.0,0.8974358974358975,0.0,0.347008547008547,0.3542844085228668,0.3166908212560386,0.2169082125603865,Subject31,entropy_only,random_forest
120,0,0,30,90,0.75,0.0,1.0,0.0,0.5657407407407407,0.30954587836820985,0.19533101851851853,0.11374999999999998,Subject32,entropy_only,random_forest
120,0,0,30,90,0.75,0.0,1.0,0.0,0.7951851851851852,0.6208410945747055,0.17625983796296296,0.13340277777777776,Subject33,entropy_only,random_forest
120,1,1,29,89,0.75,0.03333333333333333,0.9888888888888889,0.0625,0.7972222222222222,0.4872114260346909,0.15475925925925924,0.13875,Subject34,entropy_only,random_forest
120,1,0,29,90,0.7583333333333333,0.03333333333333333,1.0,0.06451612903225806,0.6535185185185185,0.45846614464665714,0.1761527777777778,0.05874999999999998,Subject35,entropy_only,random_forest
120,3,1,27,89,0.7666666666666667,0.1,0.9888888888888889,0.17647058823529413,0.8925925925925926,0.7019734977724517,0.15456140968150972,0.15022775678703162,Subject00,entropy_only,gradient_boosting
120,4,6,26,84,0.7333333333333333,0.13333333333333333,0.9333333333333333,0.2,0.5418518518518518,0.30116840337565465,0.20000242897051437,0.12335582340038714,Subject01,entropy_only,gradient_boosting
120,11,32,19,58,0.575,0.36666666666666664,0.6444444444444445,0.3013698630136986,0.5077777777777778,0.3193877881008629,0.2534432586726325,0.24652022962543513,Subject02,entropy_only,gradient_boosting
120,2,0,28,90,0.7666666666666667,0.06666666666666667,1.0,0.125,0.6892592592592592,0.4736271460279513,0.17450918278498792,0.06900170118339058,Subject03,entropy_only,gradient_boosting
114,0,3,30,81,0.7105263157894737,0.0,0.9642857142857143,0.0,0.38333333333333336,0.23446411412598783,0.22690877490748407,0.19156573392888648,Subject04,entropy_only,gradient_boosting
120,6,36,24,54,0.5,0.2,0.6,0.16666666666666666,0.3933333333333333,0.261695882363261,0.2661833927657203,0.24729481344079945,Subject05,entropy_only,gradient_boosting
120,12,8,18,82,0.7833333333333333,0.4,0.9111111111111111,0.48,0.7418518518518519,0.5576383300287087,0.15926878900376576,0.10529179665998652,Subject06,entropy_only,gradient_boosting
120,4,0,26,90,0.7833333333333333,0.13333333333333333,1.0,0.23529411764705882,0.8233333333333334,0.6921635547443388,0.14429069725512175,0.11536231577821125,Subject07,entropy_only,gradient_boosting
120,1,3,29,87,0.7333333333333333,0.03333333333333333,0.9666666666666667,0.058823529411764705,0.5725925925925925,0.2896904437718178,0.20010713153514537,0.13639812135898538,Subject08,entropy_only,gradient_boosting
120,0,0,30,90,0.75,0.0,1.0,0.0,0.352962962962963,0.20364005224309356,0.2120726686414733,0.16093402281217237,Subject09,entropy_only,gradient_boosting
123,16,15,14,78,0.7642276422764228,0.5333333333333333,0.8387096774193549,0.5245901639344263,0.6960573476702508,0.5742921981174908,0.18093384986742575,0.15925108993772374,Subject10,entropy_only,gradient_boosting
120,4,15,26,75,0.6583333333333333,0.13333333333333333,0.8333333333333334,0.16326530612244897,0.5485185185185185,0.29813142682330596,0.21960346651746068,0.1960132189110324,Subject11,entropy_only,gradient_boosting
120,2,12,28,78,0.6666666666666666,0.06666666666666667,0.8666666666666667,0.09090909090909091,0.5633333333333334,0.26922340317785776,0.2169932620272698,0.14219596386510475,Subject12,entropy_only,gradient_boosting
120,4,6,26,84,0.7333333333333333,0.13333333333333333,0.9333333333333333,0.2,0.7818518518518518,0.4394898781832015,0.17144471416286494,0.10524965970820463,Subject13,entropy_only,gradient_boosting
120,12,15,18,75,0.725,0.4,0.8333333333333334,0.42105263157894735,0.6974074074074074,0.47088901509330583,0.18620921054852965,0.12470581431774429,Subject14,entropy_only,gradient_boosting
120,2,1,28,89,0.7583333333333333,0.06666666666666667,0.9888888888888889,0.12121212121212122,0.9081481481481481,0.7614565475789886,0.14147679130461147,0.16436450761926152,Subject15,entropy_only,gradient_boosting
120,0,2,30,88,0.7333333333333333,0.0,0.9777777777777777,0.0,0.5048148148148148,0.28951131831932103,0.19923164934824483,0.1360002154552915,Subject16,entropy_only,gradient_boosting
120,14,9,16,81,0.7916666666666666,0.4666666666666667,0.9,0.5283018867924528,0.7714814814814817,0.6133868290127567,0.1534068646866194,0.1008990649847906,Subject17,entropy_only,gradient_boosting
120,0,0,30,90,0.75,0.0,1.0,0.0,0.7133333333333334,0.4590291136094462,0.18547176736233217,0.11208747789283689,Subject18,entropy_only,gradient_boosting
120,23,23,7,67,0.75,0.7666666666666667,0.7444444444444445,0.6052631578947368,0.7925925925925926,0.5531318671869828,0.1761235022618461,0.16007676795897186,Subject19,entropy_only,gradient_boosting
120,5,2,25,88,0.775,0.16666666666666666,0.9777777777777777,0.2702702702702703,0.5988888888888888,0.44278920954081746,0.17839363602525882,0.10003123323751996,Subject20,entropy_only,gradient_boosting
120,3,7,27,83,0.7166666666666667,0.1,0.9222222222222223,0.15,0.5892592592592593,0.3387773642246247,0.19016237939406502,0.07676983021270538,Subject21,entropy_only,gradient_boosting
120,2,1,28,89,0.7583333333333333,0.06666666666666667,0.9888888888888889,0.12121212121212122,0.8103703703703703,0.5886548500242935,0.16009980358776327,0.11258049676959384,Subject22,entropy_only,gradient_boosting
120,1,0,29,90,0.7583333333333333,0.03333333333333333,1.0,0.06451612903225806,0.46259259259259256,0.3168452062737578,0.19463916654530916,0.12979084187805967,Subject23,entropy_only,gradient_boosting
120,15,3,15,87,0.85,0.5,0.9666666666666667,0.625,0.8722222222222221,0.7792217482423215,0.12361542855690286,0.11980765792602338,Subject24,entropy_only,gradient_boosting
120,17,43,13,47,0.5333333333333333,0.5666666666666667,0.5222222222222223,0.37777777777777777,0.5162962962962964,0.2502372119886825,0.30413812104505916,0.28894337850986934,Subject25,entropy_only,gradient_boosting
120,3,0,27,90,0.775,0.1,1.0,0.18181818181818182,0.8766666666666667,0.749187563070816,0.14174302172273945,0.14405938292430134,Subject26,entropy_only,gradient_boosting
120,18,33,12,57,0.625,0.6,0.6333333333333333,0.4444444444444444,0.6129629629629629,0.3525711842160919,0.22979563791739474,0.2010049111990809,Subject27,entropy_only,gradient_boosting
120,9,7,21,83,0.7666666666666667,0.3,0.9222222222222223,0.391304347826087,0.8,0.5334475788390034,0.15250219553364291,0.0779986478628896,Subject28,entropy_only,gradient_boosting
120,4,1,26,89,0.775,0.13333333333333333,0.9888888888888889,0.22857142857142856,0.7277777777777777,0.5572831406699755,0.1611464526888253,0.07420050600840089,Subject29,entropy_only,gradient_boosting
120,4,5,26,85,0.7416666666666667,0.13333333333333333,0.9444444444444444,0.20512820512820512,0.797037037037037,0.4782481857959084,0.15913492485843747,0.12129864566349392,Subject30,entropy_only,gradient_boosting
69,3,10,27,29,0.463768115942029,0.1,0.7435897435897436,0.13953488372093023,0.30427350427350425,0.3380623419137236,0.3634955478480056,0.344452253569977,Subject31,entropy_only,gradient_boosting
120,1,1,29,89,0.75,0.03333333333333333,0.9888888888888889,0.0625,0.4362962962962963,0.26166115917277966,0.2048781343808507,0.10520173970307357,Subject32,entropy_only,gradient_boosting
120,0,0,30,90,0.75,0.0,1.0,0.0,0.7585185185185185,0.5227685814931531,0.1867904505468105,0.13217227637016835,Subject33,entropy_only,gradient_boosting
120,5,0,25,90,0.7916666666666666,0.16666666666666666,1.0,0.2857142857142857,0.8114814814814815,0.6424879107916304,0.14863797324798614,0.07837855686517073,Subject34,entropy_only,gradient_boosting
120,6,3,24,87,0.775,0.2,0.9666666666666667,0.3076923076923077,0.5455555555555556,0.4491977962871408,0.182989668986198,0.108284265026806,Subject35,entropy_only,gradient_boosting
120,3,2,27,88,0.7583333333333333,0.1,0.9777777777777777,0.17142857142857143,0.8866666666666667,0.6854225641553557,0.1549233343245695,0.14793335665017365,Subject00,entropy_only,xgboost
120,3,6,27,84,0.725,0.1,0.9333333333333333,0.15384615384615385,0.611111111111111,0.3419592754511995,0.18767150191410836,0.09677779513100782,Subject01,entropy_only,xgboost
120,6,14,24,76,0.6833333333333333,0.2,0.8444444444444444,0.24,0.5062962962962962,0.26216725863830526,0.2190613053370304,0.1600590415298939,Subject02,entropy_only,xgboost
120,0,0,30,90,0.75,0.0,1.0,0.0,0.7507407407407408,0.5015197011104974,0.17782832139240662,0.07451843166102967,Subject03,entropy_only,xgboost
114,0,1,30,83,0.7280701754385965,0.0,0.9880952380952381,0.0,0.398015873015873,0.23095583445100326,0.21974129952660093,0.204312085386431,Subject04,entropy_only,xgboost
120,6,34,24,56,0.5166666666666667,0.2,0.6222222222222222,0.17142857142857143,0.40296296296296297,0.3037390122857591,0.2602861593009974,0.26403968160351116,Subject05,entropy_only,xgboost
120,7,6,23,84,0.7583333333333333,0.23333333333333334,0.9333333333333333,0.32558139534883723,0.6796296296296296,0.41752717180421706,0.1778571435735167,0.06525099830081066,Subject06,entropy_only,xgboost
120,3,0,27,90,0.775,0.1,1.0,0.18181818181818182,0.8240740740740741,0.6653980037717955,0.14777991032233206,0.08452097556243339,Subject07,entropy_only,xgboost
120,1,3,29,87,0.7333333333333333,0.03333333333333333,0.9666666666666667,0.058823529411764705,0.6029629629629629,0.3028699054776802,0.19468136316055298,0.1280467316508293,Subject08,entropy_only,xgboost
120,0,0,30,90,0.75,0.0,1.0,0.0,0.43333333333333324,0.24351259540620623,0.20277102288072132,0.11018966132154066,Subject09,entropy_only,xgboost
123,15,9,15,84,0.8048780487804879,0.5,0.9032258064516129,0.5555555555555556,0.7071684587813619,0.6037715043489039,0.17700652175595083,0.15686384715685034,Subject10,entropy_only,xgboost
120,2,12,28,78,0.6666666666666666,0.06666666666666667,0.8666666666666667,0.09090909090909091,0.4637037037037037,0.2368117150915081,0.22671110153671925,0.186685269450148,Subject11,entropy_only,xgboost
120,2,10,28,80,0.6833333333333333,0.06666666666666667,0.8888888888888888,0.09523809523809523,0.5555555555555556,0.2641555487395536,0.21368262497408813,0.12281259298324584,Subject12,entropy_only,xgboost
120,3,4,27,86,0.7416666666666667,0.1,0.9555555555555556,0.16216216216216217,0.8088888888888889,0.48208367001481645,0.1609897457933129,0.10866448121766249,Subject13,entropy_only,xgboost
120,9,18,21,72,0.675,0.3,0.8,0.3157894736842105,0.6274074074074074,0.3258937579838222,0.2048260753043628,0.12221592031419279,Subject14,entropy_only,xgboost
120,1,0,29,90,0.7583333333333333,0.03333333333333333,1.0,0.06451612903225806,0.9274074074074075,0.8541581290063387,0.13688358795640757,0.17294065573563178,Subject15,entropy_only,xgboost
120,1,2,29,88,0.7416666666666667,0.03333333333333333,0.9777777777777777,0.06060606060606061,0.5425925925925926,0.3476493453046159,0.19096585588608075,0.15140135182688633,Subject16,entropy_only,xgboost
120,14,3,16,87,0.8416666666666667,0.4666666666666667,0.9666666666666667,0.5957446808510638,0.7962962962962964,0.6589074992087331,0.14679524351972292,0.12245566931863629,Subject17,entropy_only,xgboost
120,1,0,29,90,0.7583333333333333,0.03333333333333333,1.0,0.06451612903225806,0.7611111111111112,0.5152287441338594,0.1739436696159963,0.10383807895705102,Subject18,entropy_only,xgboost
120,21,19,9,71,0.7666666666666667,0.7,0.7888888888888889,0.6,0.7951851851851852,0.48368651848667077,0.17182385605708414,0.13717269587020078,Subject19,entropy_only,xgboost
120,3,1,27,89,0.7666666666666667,0.1,0.9888888888888889,0.17647058823529413,0.5203703703703703,0.3827726897980577,0.1870062592630441,0.1566598868618409,Subject20,entropy_only,xgboost
120,5,8,25,82,0.725,0.16666666666666666,0.9111111111111111,0.23255813953488372,0.5881481481481481,0.3127589211363168,0.191086001718901,0.07570285058269899,Subject21,entropy_only,xgboost
120,1,1,29,89,0.75,0.03333333333333333,0.9888888888888889,0.0625,0.8288888888888889,0.5946784692898973,0.15805640842823135,0.11428197883069513,Subject22,entropy_only,xgboost
120,1,0,29,90,0.7583333333333333,0.03333333333333333,1.0,0.06451612903225806,0.47851851851851857,0.3070693016106266,0.19170800147292966,0.11461572082092364,Subject23,entropy_only,xgboost
120,12,2,18,88,0.8333333333333334,0.4,0.9777777777777777,0.5454545454545454,0.8685185185185186,0.7752045535890427,0.12987915005141099,0.11661111128826936,Subject24,entropy_only,xgboost
120,16,41,14,49,0.5416666666666666,0.5333333333333333,0.5444444444444444,0.367816091954023,0.522962962962963,0.2517442576307585,0.28006283205961074,0.24357988076905412,Subject25,entropy_only,xgboost
120,2,0,28,90,0.7666666666666667,0.06666666666666667,1.0,0.125,0.8296296296296296,0.6528080681008959,0.15544265296672258,0.14213568679988384,Subject26,entropy_only,xgboost
120,13,22,17,68,0.675,0.43333333333333335,0.7555555555555555,0.4,0.6377777777777779,0.3840302279696513,0.21089009075799653,0.16788511934379738,Subject27,entropy_only,xgboost
120,5,3,25,87,0.7666666666666667,0.16666666666666666,0.9666666666666667,0.2631578947368421,0.8092592592592591,0.5420367573283507,0.1515444889382058,0.0633155759423971,Subject28,entropy_only,xgboost
120,2,1,28,89,0.7583333333333333,0.06666666666666667,0.9888888888888889,0.12121212121212122,0.7240740740740741,0.5566122846884386,0.16252545939212315,0.09645089761664472,Subject29,entropy_only,xgboost
120,4,3,26,87,0.7583333333333333,0.13333333333333333,0.9666666666666667,0.21621621621621623,0.8622222222222222,0.6043556920049115,0.14338786227933006,0.16447687968611718,Subject30,entropy_only,xgboost
69,4,10,26,29,0.4782608695652174,0.13333333333333333,0.7435897435897436,0.18181818181818182,0.3418803418803419,0.3533337106991963,0.33825769432327535,0.2706225218548291,Subject31,entropy_only,xgboost
120,0,0,30,90,0.75,0.0,1.0,0.0,0.4792592592592592,0.25379374672285104,0.20288312737787362,0.11903093270957468,Subject32,entropy_only,xgboost
120,0,0,30,90,0.75,0.0,1.0,0.0,0.7622222222222222,0.569042524978134,0.18174953861474272,0.11342785923431316,Subject33,entropy_only,xgboost
120,5,0,25,90,0.7916666666666666,0.16666666666666666,1.0,0.2857142857142857,0.8285185185185187,0.6496516061937105,0.14543737648583502,0.07145894517501196,Subject34,entropy_only,xgboost
120,5,2,25,88,0.775,0.16666666666666666,0.9777777777777777,0.2702702702702703,0.6018518518518519,0.4819321392427231,0.17379788202093588,0.1222005125756065,Subject35,entropy_only,xgboost
120,19,2,11,88,0.8916666666666667,0.6333333333333333,0.9777777777777777,0.7450980392156863,0.9533333333333334,0.9033959581417947,0.0756749988003647,0.0563542791644109,Subject00,regional_hemispheric_summaries_only,logistic_regression
120,23,43,7,47,0.5833333333333334,0.7666666666666667,0.5222222222222223,0.4791666666666667,0.7422222222222222,0.4229337853363455,0.27760735483835375,0.31760338444983616,Subject01,regional_hemispheric_summaries_only,logistic_regression
120,23,26,7,64,0.725,0.7666666666666667,0.7111111111111111,0.5822784810126582,0.8362962962962963,0.5920216893342893,0.16874403049959402,0.17702496539197068,Subject02,regional_hemispheric_summaries_only,logistic_regression
120,1,2,29,88,0.7416666666666667,0.03333333333333333,0.9777777777777777,0.06060606060606061,0.7466666666666667,0.4353216775100261,0.1994047507196217,0.1770762653697988,Subject03,regional_hemispheric_summaries_only,logistic_regression
114,9,2,21,82,0.7982456140350878,0.3,0.9761904761904762,0.43902439024390244,0.7920634920634921,0.6168606551564987,0.15334985883078842,0.10304890381049649,Subject04,regional_hemispheric_summaries_only,logistic_regression
120,23,13,7,77,0.8333333333333334,0.7666666666666667,0.8555555555555555,0.696969696969697,0.9144444444444444,0.8136124075989956,0.12540614458089577,0.18320914346793835,Subject05,regional_hemispheric_summaries_only,logistic_regression
120,30,49,0,41,0.5916666666666667,1.0,0.45555555555555555,0.5504587155963303,0.9703703703703704,0.9241338092483335,0.23504342103327663,0.3648756528388305,Subject06,regional_hemispheric_summaries_only,logistic_regression
120,30,34,0,56,0.7166666666666667,1.0,0.6222222222222222,0.6382978723404256,0.9777777777777777,0.9380048652227265,0.16788753194894482,0.2616918425085814,Subject07,regional_hemispheric_summaries_only,logistic_regression
120,29,22,1,68,0.8083333333333333,0.9666666666666667,0.7555555555555555,0.7160493827160493,0.8988888888888888,0.6754760774698638,0.15520479068805612,0.19049418060550533,Subject08,regional_hemispheric_summaries_only,logistic_regression
120,14,50,16,40,0.45,0.4666666666666667,0.4444444444444444,0.2978723404255319,0.4614814814814815,0.2504932326518954,0.3234742299715515,0.3596866851086024,Subject09,regional_hemispheric_summaries_only,logistic_regression
123,17,7,13,86,0.8373983739837398,0.5666666666666667,0.9247311827956989,0.6296296296296297,0.8612903225806451,0.6959711156342173,0.13130815956608535,0.12244840157516498,Subject10,regional_hemispheric_summaries_only,logistic_regression
120,30,75,0,15,0.375,1.0,0.16666666666666666,0.4444444444444444,0.8637037037037036,0.5627043750596348,0.44558784900410087,0.5440241412009286,Subject11,regional_hemispheric_summaries_only,logistic_regression
120,15,39,15,51,0.55,0.5,0.5666666666666667,0.35714285714285715,0.5348148148148147,0.2575998469454305,0.30863983573274184,0.26887468748622767,Subject12,regional_hemispheric_summaries_only,logistic_regression
120,27,26,3,64,0.7583333333333333,0.9,0.7111111111111111,0.6506024096385542,0.8455555555555556,0.5624045376264217,0.18021452389269885,0.20630785272407795,Subject13,regional_hemispheric_summaries_only,logistic_regression
120,29,59,1,31,0.5,0.9666666666666667,0.34444444444444444,0.4915254237288136,0.8592592592592592,0.6538564885930978,0.30768704133584035,0.40852013111066177,Subject14,regional_hemispheric_summaries_only,logistic_regression
120,7,0,23,90,0.8083333333333333,0.23333333333333334,1.0,0.3783783783783784,0.8933333333333334,0.8006482684313875,0.13149094927245034,0.0966460373377464,Subject15,regional_hemispheric_summaries_only,logistic_regression
120,20,43,10,47,0.5583333333333333,0.6666666666666666,0.5222222222222223,0.43010752688172044,0.7277777777777777,0.6352787603390317,0.24806149032192426,0.2835604620129283,Subject16,regional_hemispheric_summaries_only,logistic_regression
120,30,42,0,48,0.65,1.0,0.5333333333333333,0.5882352941176471,0.9125925925925926,0.8164265757908706,0.22902361616875974,0.32543743853851737,Subject17,regional_hemispheric_summaries_only,logistic_regression
120,10,7,20,83,0.775,0.3333333333333333,0.9222222222222223,0.425531914893617,0.6925925925925926,0.5304841939558951,0.1679759398311442,0.08547557173674757,Subject18,regional_hemispheric_summaries_only,logistic_regression
120,30,6,0,84,0.95,1.0,0.9333333333333333,0.9090909090909091,0.9951851851851852,0.9830084175407763,0.0383878253691411,0.06920160362605447,Subject19,regional_hemispheric_summaries_only,logistic_regression
120,17,14,13,76,0.775,0.5666666666666667,0.8444444444444444,0.5573770491803278,0.7651851851851852,0.5601661030537779,0.16907429326422801,0.11167205006396681,Subject20,regional_hemispheric_summaries_only,logistic_regression
120,22,18,8,72,0.7833333333333333,0.7333333333333333,0.8,0.6285714285714286,0.8425925925925926,0.7226824019626485,0.16303211056925526,0.1969383478520801,Subject21,regional_hemispheric_summaries_only,logistic_regression
120,29,2,1,88,0.975,0.9666666666666667,0.9777777777777777,0.9508196721311475,0.9951851851851852,0.9853017495420164,0.036698417776897724,0.10474559875488702,Subject22,regional_hemispheric_summaries_only,logistic_regression
120,26,23,4,67,0.775,0.8666666666666667,0.7444444444444445,0.6582278481012658,0.86,0.7212931685320051,0.1538408494622187,0.1746194286963446,Subject23,regional_hemispheric_summaries_only,logistic_regression
120,24,8,6,82,0.8833333333333333,0.8,0.9111111111111111,0.7741935483870968,0.9148148148148149,0.8098937243511475,0.10626091901251619,0.11795459754278811,Subject24,regional_hemispheric_summaries_only,logistic_regression
120,30,68,0,22,0.43333333333333335,1.0,0.24444444444444444,0.46875,0.6811111111111111,0.39760606008182964,0.389611249143466,0.4631222315835402,Subject25,regional_hemispheric_summaries_only,logistic_regression
120,12,2,18,88,0.8333333333333334,0.4,0.9777777777777777,0.5454545454545454,0.917037037037037,0.7443176905107939,0.11440545278045502,0.1297242869586439,Subject26,regional_hemispheric_summaries_only,logistic_regression
120,30,64,0,26,0.4666666666666667,1.0,0.28888888888888886,0.4838709677419355,0.9177777777777778,0.8202125707043091,0.3373825488754607,0.44925853719339537,Subject27,regional_hemispheric_summaries_only,logistic_regression
120,22,4,8,86,0.9,0.7333333333333333,0.9555555555555556,0.7857142857142857,0.9277777777777778,0.8757229832541278,0.09061461377993633,0.10186188756921655,Subject28,regional_hemispheric_summaries_only,logistic_regression
120,10,0,20,90,0.8333333333333334,0.3333333333333333,1.0,0.5,0.8711111111111112,0.7496772574393142,0.12549180287918915,0.06146601295013397,Subject29,regional_hemispheric_summaries_only,logistic_regression
120,30,11,0,79,0.9083333333333333,1.0,0.8777777777777778,0.8450704225352113,0.9911111111111112,0.9772418262740843,0.07402226531721637,0.18020840650301828,Subject30,regional_hemispheric_summaries_only,logistic_regression
69,14,8,16,31,0.6521739130434783,0.4666666666666667,0.7948717948717948,0.5384615384615384,0.6427350427350428,0.6772014773740859,0.2355387810823519,0.13436707119586377,Subject31,regional_hemispheric_summaries_only,logistic_regression
120,27,27,3,63,0.75,0.9,0.7,0.6428571428571429,0.8429629629629629,0.5809752418974488,0.18120913979415074,0.20728247659675667,Subject32,regional_hemispheric_summaries_only,logistic_regression
120,13,2,17,88,0.8416666666666667,0.43333333333333335,0.9777777777777777,0.5777777777777777,0.914074074074074,0.8038449352828472,0.11354168824280114,0.09511489065894341,Subject33,regional_hemispheric_summaries_only,logistic_regression
120,7,3,23,87,0.7833333333333333,0.23333333333333334,0.9666666666666667,0.35,0.845925925925926,0.6268163926481614,0.14337657789823383,0.08870321559223243,Subject34,regional_hemispheric_summaries_only,logistic_regression
120,12,84,18,6,0.15,0.4,0.06666666666666667,0.19047619047619047,0.13185185185185186,0.15205496537468183,0.5696093824633347,0.6320911196662317,Subject35,regional_hemispheric_summaries_only,logistic_regression
120,11,2,19,88,0.825,0.36666666666666664,0.9777777777777777,0.5116279069767442,0.9125925925925925,0.779818432884483,0.16553844079489,0.1812503944150454,Subject00,regional_hemispheric_summaries_only,svm_rbf
120,18,53,12,37,0.4583333333333333,0.6,0.4111111111111111,0.3564356435643564,0.5307407407407407,0.3028893924926887,0.30490586324155095,0.3090540010443556,Subject01,regional_hemispheric_summaries_only,svm_rbf
120,23,11,7,79,0.85,0.7666666666666667,0.8777777777777778,0.71875,0.9144444444444445,0.808836468552793,0.11570603399864189,0.0866571672156091,Subject02,regional_hemispheric_summaries_only,svm_rbf
120,0,1,30,89,0.7416666666666667,0.0,0.9888888888888889,0.0,0.7081481481481481,0.39520885661721905,0.2474618307198812,0.245878890475866,Subject03,regional_hemispheric_summaries_only,svm_rbf
114,11,5,19,79,0.7894736842105263,0.36666666666666664,0.9404761904761905,0.4782608695652174,0.7269841269841271,0.5880374746286674,0.18125972235223403,0.15445777355690166,Subject04,regional_hemispheric_summaries_only,svm_rbf
120,27,25,3,65,0.7666666666666667,0.9,0.7222222222222222,0.6585365853658537,0.9085185185185186,0.7850622537417979,0.11841940850292682,0.09752178585875057,Subject05,regional_hemispheric_summaries_only,svm_rbf
120,18,27,12,63,0.675,0.6,0.7,0.48,0.6811111111111111,0.3341761422716161,0.20831007162451928,0.16299096234368063,Subject06,regional_hemispheric_summaries_only,svm_rbf
120,30,63,0,27,0.475,1.0,0.3,0.4878048780487805,0.827037037037037,0.6777079253959222,0.27867792708018263,0.33863814562542366,Subject07,regional_hemispheric_summaries_only,svm_rbf
120,19,13,11,77,0.8,0.6333333333333333,0.8555555555555555,0.6129032258064516,0.8503703703703704,0.6342032135629424,0.13495383147200085,0.09983658102935579,Subject08,regional_hemispheric_summaries_only,svm_rbf
120,27,68,3,22,0.4083333333333333,0.9,0.24444444444444444,0.432,0.5296296296296297,0.25054360222011246,0.41593194036330394,0.43199786506417115,Subject09,regional_hemispheric_summaries_only,svm_rbf
123,14,7,16,86,0.8130081300813008,0.4666666666666667,0.9247311827956989,0.5490196078431373,0.7953405017921147,0.6392763665674355,0.14117228738211454,0.13299763233294426,Subject10,regional_hemispheric_summaries_only,svm_rbf
120,27,88,3,2,0.24166666666666667,0.9,0.022222222222222223,0.3724137931034483,0.21888888888888888,0.16361745292733465,0.605526558458614,0.6008121635992414,Subject11,regional_hemispheric_summaries_only,svm_rbf
120,19,34,11,56,0.625,0.6333333333333333,0.6222222222222222,0.4578313253012048,0.6653703703703704,0.3907941522435922,0.20986174252913742,0.15801430932288774,Subject12,regional_hemispheric_summaries_only,svm_rbf
120,6,59,24,31,0.30833333333333335,0.2,0.34444444444444444,0.12631578947368421,0.1922222222222222,0.15880581790467943,0.4419189707801907,0.46520241825415476,Subject13,regional_hemispheric_summaries_only,svm_rbf
120,23,62,7,28,0.425,0.7666666666666667,0.3111111111111111,0.4,0.6748148148148148,0.5247959900539725,0.31638576699276244,0.34522816161463715,Subject14,regional_hemispheric_summaries_only,svm_rbf
120,11,2,19,88,0.825,0.36666666666666664,0.9777777777777777,0.5116279069767442,0.945925925925926,0.8536026282139841,0.15519333612042516,0.17183478331186902,Subject15,regional_hemispheric_summaries_only,svm_rbf
120,24,26,6,64,0.7333333333333333,0.8,0.7111111111111111,0.6,0.8203703703703703,0.6629878279145927,0.14715577754978787,0.08845281371812959,Subject16,regional_hemispheric_summaries_only,svm_rbf
120,26,34,4,56,0.6833333333333333,0.8666666666666667,0.6222222222222222,0.5777777777777777,0.8818518518518519,0.8135009380118207,0.1331445205978714,0.15235821329465013,Subject17,regional_hemispheric_summaries_only,svm_rbf
120,14,9,16,81,0.7916666666666666,0.4666666666666667,0.9,0.5283018867924528,0.792962962962963,0.6430671276142834,0.15306508697575183,0.12781559216970229,Subject18,regional_hemispheric_summaries_only,svm_rbf
120,23,13,7,77,0.8333333333333334,0.7666666666666667,0.8555555555555555,0.696969696969697,0.9022222222222223,0.7152425410876218,0.11909719407407957,0.10704943258013158,Subject19,regional_hemispheric_summaries_only,svm_rbf
120,24,2,6,88,0.9333333333333333,0.8,0.9777777777777777,0.8571428571428571,0.9711111111111111,0.9467555724666727,0.08016183206344749,0.09670118811953884,Subject20,regional_hemispheric_summaries_only,svm_rbf
120,16,17,14,73,0.7416666666666667,0.5333333333333333,0.8111111111111111,0.5079365079365079,0.7133333333333334,0.4655066961067208,0.17344358439587812,0.137070211729785,Subject21,regional_hemispheric_summaries_only,svm_rbf
120,29,3,1,87,0.9666666666666667,0.9666666666666667,0.9666666666666667,0.9354838709677419,0.9951851851851852,0.9856606205097584,0.04615488974954786,0.08543817239954392,Subject22,regional_hemispheric_summaries_only,svm_rbf
120,23,17,7,73,0.8,0.7666666666666667,0.8111111111111111,0.6571428571428571,0.8907407407407406,0.7665455444405469,0.11732466633383774,0.06795532192983302,Subject23,regional_hemispheric_summaries_only,svm_rbf
120,1,6,29,84,0.7083333333333334,0.03333333333333333,0.9333333333333333,0.05405405405405406,0.7248148148148149,0.4101733665048675,0.2300337449085629,0.23437239704244597,Subject24,regional_hemispheric_summaries_only,svm_rbf
120,15,14,15,76,0.7583333333333333,0.5,0.8444444444444444,0.5084745762711864,0.73,0.5319010912039952,0.16775762502064567,0.13305567506839056,Subject25,regional_hemispheric_summaries_only,svm_rbf
120,12,2,18,88,0.8333333333333334,0.4,0.9777777777777777,0.5454545454545454,0.817037037037037,0.6909214073421969,0.152212885662159,0.16570713240626372,Subject26,regional_hemispheric_summaries_only,svm_rbf
120,29,43,1,47,0.6333333333333333,0.9666666666666667,0.5222222222222223,0.5686274509803921,0.8137037037037037,0.5973976350446264,0.199551356415971,0.19467989243116224,Subject27,regional_hemispheric_summaries_only,svm_rbf
120,10,3,20,87,0.8083333333333333,0.3333333333333333,0.9666666666666667,0.46511627906976744,0.7970370370370371,0.6114232144028877,0.1676507828649114,0.14223800429173314,Subject28,regional_hemispheric_summaries_only,svm_rbf
120,16,6,14,84,0.8333333333333334,0.5333333333333333,0.9333333333333333,0.6153846153846154,0.8422222222222222,0.7291909086387246,0.13469500546346172,0.10166798424309774,Subject29,regional_hemispheric_summaries_only,svm_rbf
120,27,22,3,68,0.7916666666666666,0.9,0.7555555555555555,0.6835443037974683,0.951851851851852,0.9227414139838076,0.0782704833331563,0.10803689623537233,Subject30,regional_hemispheric_summaries_only,svm_rbf
69,6,5,24,34,0.5797101449275363,0.2,0.8717948717948718,0.2926829268292683,0.5641025641025641,0.5319108767798454,0.33357875056084935,0.32560840535364116,Subject31,regional_hemispheric_summaries_only,svm_rbf
120,5,5,25,85,0.75,0.16666666666666666,0.9444444444444444,0.25,0.7714814814814815,0.44014990626399353,0.2093226062871959,0.2006063341914167,Subject32,regional_hemispheric_summaries_only,svm_rbf
120,15,4,15,86,0.8416666666666667,0.5,0.9555555555555556,0.6122448979591837,0.9014814814814816,0.7160673822269044,0.1420676817696276,0.13645872558282432,Subject33,regional_hemispheric_summaries_only,svm_rbf
120,0,0,30,90,0.75,0.0,1.0,0.0,0.7962962962962963,0.5891282770661497,0.23013002990682405,0.23136934540541815,Subject34,regional_hemispheric_summaries_only,svm_rbf
120,5,69,25,21,0.21666666666666667,0.16666666666666666,0.23333333333333334,0.09615384615384616,0.1887037037037037,0.15861453831444233,0.36903500395284394,0.4209357221657849,Subject35,regional_hemispheric_summaries_only,svm_rbf
120,3,0,27,90,0.775,0.1,1.0,0.18181818181818182,0.8875925925925925,0.7508413377925626,0.16149537037037037,0.17027777777777778,Subject00,regional_hemispheric_summaries_only,random_forest
120,2,13,28,77,0.6583333333333333,0.06666666666666667,0.8555555555555555,0.08888888888888889,0.4248148148148148,0.22140224189259222,0.22598321759259263,0.20006944444444444,Subject01,regional_hemispheric_summaries_only,random_forest
120,0,0,30,90,0.75,0.0,1.0,0.0,0.7848148148148149,0.44978313144957094,0.1668101851851852,0.13694444444444445,Subject02,regional_hemispheric_summaries_only,random_forest
120,1,1,29,89,0.75,0.03333333333333333,0.9888888888888889,0.0625,0.8962962962962963,0.6306988653199508,0.1868894675925926,0.17687499999999998,Subject03,regional_hemispheric_summaries_only,random_forest
114,0,0,30,84,0.7368421052631579,0.0,1.0,0.0,0.4531746031746032,0.2368423826320214,0.22434515107212477,0.17185672514619885,Subject04,regional_hemispheric_summaries_only,random_forest
120,8,2,22,88,0.8,0.26666666666666666,0.9777777777777777,0.4,0.8946296296296296,0.7435308605610681,0.13117187500000002,0.14493055555555556,Subject05,regional_hemispheric_summaries_only,random_forest
120,4,6,26,84,0.7333333333333333,0.13333333333333333,0.9333333333333333,0.2,0.7724074074074074,0.4459673566394364,0.16419560185185186,0.07097222222222224,Subject06,regional_hemispheric_summaries_only,random_forest
120,9,0,21,90,0.825,0.3,1.0,0.46153846153846156,0.841851851851852,0.7057643762281596,0.15148842592592596,0.1463888888888889,Subject07,regional_hemispheric_summaries_only,random_forest
120,0,2,30,88,0.7333333333333333,0.0,0.9777777777777777,0.0,0.782037037037037,0.41107932454237595,0.16136863425925926,0.14881944444444445,Subject08,regional_hemispheric_summaries_only,random_forest
120,13,32,17,58,0.5916666666666667,0.43333333333333335,0.6444444444444445,0.3466666666666667,0.5635185185185186,0.26971481470859604,0.2412337962962963,0.2247222222222222,Subject09,regional_hemispheric_summaries_only,random_forest
123,3,0,27,93,0.7804878048780488,0.1,1.0,0.18181818181818182,0.6991039426523298,0.5186713715299158,0.16249999999999998,0.05704607046070462,Subject10,regional_hemispheric_summaries_only,random_forest
120,21,74,9,16,0.30833333333333335,0.7,0.17777777777777778,0.336,0.2777777777777778,0.17623623451903553,0.39279745370370367,0.39722222222222214,Subject11,regional_hemispheric_summaries_only,random_forest
120,0,4,30,86,0.7166666666666667,0.0,0.9555555555555556,0.0,0.4646296296296296,0.2246324140170108,0.21180671296296297,0.10652777777777778,Subject12,regional_hemispheric_summaries_only,random_forest
120,1,16,29,74,0.625,0.03333333333333333,0.8222222222222222,0.0425531914893617,0.33592592592592596,0.18635495415313033,0.2514236111111111,0.20750000000000002,Subject13,regional_hemispheric_summaries_only,random_forest
120,6,9,24,81,0.725,0.2,0.9,0.26666666666666666,0.5314814814814816,0.38157688710978954,0.20714699074074075,0.1447222222222222,Subject14,regional_hemispheric_summaries_only,random_forest
120,1,0,29,90,0.7583333333333333,0.03333333333333333,1.0,0.06451612903225806,0.9405555555555556,0.8521053279078832,0.14502141203703706,0.14354166666666668,Subject15,regional_hemispheric_summaries_only,random_forest
120,13,1,17,89,0.85,0.43333333333333335,0.9888888888888889,0.5909090909090909,0.9368518518518518,0.8639147125100606,0.12032060185185187,0.17972222222222223,Subject16,regional_hemispheric_summaries_only,random_forest
120,15,12,15,78,0.775,0.5,0.8666666666666667,0.5263157894736842,0.8377777777777777,0.49936501756550783,0.16297569444444446,0.17180555555555557,Subject17,regional_hemispheric_summaries_only,random_forest
120,4,2,26,88,0.7666666666666667,0.13333333333333333,0.9777777777777777,0.2222222222222222,0.855,0.6334098686942414,0.1427482638888889,0.1185416666666667,Subject18,regional_hemispheric_summaries_only,random_forest
120,4,0,26,90,0.7833333333333333,0.13333333333333333,1.0,0.23529411764705882,0.8981481481481483,0.7330853446839755,0.14286574074074074,0.16277777777777774,Subject19,regional_hemispheric_summaries_only,random_forest
120,1,0,29,90,0.7583333333333333,0.03333333333333333,1.0,0.06451612903225806,0.8259259259259258,0.6503490354019711,0.15299421296296295,0.10097222222222223,Subject20,regional_hemispheric_summaries_only,random_forest
120,1,0,29,90,0.7583333333333333,0.03333333333333333,1.0,0.06451612903225806,0.7285185185185186,0.45924300372308247,0.16752835648148148,0.04868055555555556,Subject21,regional_hemispheric_summaries_only,random_forest
120,6,0,24,90,0.8,0.2,1.0,0.3333333333333333,0.9694444444444444,0.924433467255597,0.10370891203703704,0.15756944444444448,Subject22,regional_hemispheric_summaries_only,random_forest
120,3,0,27,90,0.775,0.1,1.0,0.18181818181818182,0.8590740740740742,0.711784877558223,0.14976041666666667,0.10819444444444444,Subject23,regional_hemispheric_summaries_only,random_forest
120,1,0,29,90,0.7583333333333333,0.03333333333333333,1.0,0.06451612903225806,0.8238888888888888,0.6591484307861842,0.15477199074074074,0.11041666666666668,Subject24,regional_hemispheric_summaries_only,random_forest
120,1,1,29,89,0.75,0.03333333333333333,0.9888888888888889,0.0625,0.6505555555555556,0.408437839177555,0.1774976851851852,0.040694444444444436,Subject25,regional_hemispheric_summaries_only,random_forest
120,1,0,29,90,0.7583333333333333,0.03333333333333333,1.0,0.06451612903225806,0.8783333333333333,0.6971848320869655,0.14852546296296296,0.11236111111111112,Subject26,regional_hemispheric_summaries_only,random_forest
120,14,9,16,81,0.7916666666666666,0.4666666666666667,0.9,0.5283018867924528,0.8203703703703704,0.5216264460725263,0.15737326388888886,0.11631944444444445,Subject27,regional_hemispheric_summaries_only,random_forest
120,0,0,30,90,0.75,0.0,1.0,0.0,0.822962962962963,0.5168697485043716,0.16674479166666664,0.10048611111111111,Subject28,regional_hemispheric_summaries_only,random_forest
120,0,0,30,90,0.75,0.0,1.0,0.0,0.6920370370370372,0.40768442106198227,0.19452083333333334,0.1386111111111111,Subject29,regional_hemispheric_summaries_only,random_forest
120,16,1,14,89,0.875,0.5333333333333333,0.9888888888888889,0.6808510638297872,0.9624074074074074,0.9020744197860774,0.10216087962962964,0.19583333333333333,Subject30,regional_hemispheric_summaries_only,random_forest
69,0,1,30,38,0.5507246376811594,0.0,0.9743589743589743,0.0,0.5346153846153847,0.45235965297762154,0.2929015700483092,0.24577294685990336,Subject31,regional_hemispheric_summaries_only,random_forest
120,0,1,30,89,0.7416666666666667,0.0,0.9888888888888889,0.0,0.6955555555555556,0.3783234093034844,0.17542361111111113,0.07305555555555554,Subject32,regional_hemispheric_summaries_only,random_forest
120,2,3,28,87,0.7416666666666667,0.06666666666666667,0.9666666666666667,0.11428571428571428,0.937037037037037,0.7448038927719693,0.1251591435185185,0.1317361111111111,Subject33,regional_hemispheric_summaries_only,random_forest
120,0,0,30,90,0.75,0.0,1.0,0.0,0.727962962962963,0.5473189951076199,0.1728616898148148,0.07493055555555556,Subject34,regional_hemispheric_summaries_only,random_forest
120,3,23,27,67,0.5833333333333334,0.1,0.7444444444444445,0.10714285714285714,0.3098148148148149,0.19109947167419303,0.25517766203703707,0.26687500000000003,Subject35,regional_hemispheric_summaries_only,random_forest
120,5,0,25,90,0.7916666666666666,0.16666666666666666,1.0,0.2857142857142857,0.9114814814814814,0.7952403748009186,0.15864862088014908,0.15890734007317903,Subject00,regional_hemispheric_summaries_only,gradient_boosting
120,10,20,20,70,0.6666666666666666,0.3333333333333333,0.7777777777777778,0.3333333333333333,0.5374074074074074,0.28519034000873766,0.23871395202162565,0.2039140897504385,Subject01,regional_hemispheric_summaries_only,gradient_boosting
120,11,5,19,85,0.8,0.36666666666666664,0.9444444444444444,0.4782608695652174,0.7525925925925927,0.5284577413328593,0.16894670900355843,0.12758661814152833,Subject02,regional_hemispheric_summaries_only,gradient_boosting
120,0,1,30,89,0.7416666666666667,0.0,0.9888888888888889,0.0,0.8666666666666666,0.5633307010607354,0.21350344678293842,0.21111214993789926,Subject03,regional_hemispheric_summaries_only,gradient_boosting
114,1,0,29,84,0.7456140350877193,0.03333333333333333,1.0,0.06451612903225806,0.5761904761904761,0.33424240485068735,0.21777057427805036,0.18971446591450022,Subject04,regional_hemispheric_summaries_only,gradient_boosting
120,12,0,18,90,0.85,0.4,1.0,0.5714285714285714,0.864074074074074,0.7683433939987819,0.12195654974544196,0.0690094057639153,Subject05,regional_hemispheric_summaries_only,gradient_boosting
120,10,11,20,79,0.7416666666666667,0.3333333333333333,0.8777777777777778,0.39215686274509803,0.7574074074074074,0.4344835119649718,0.16720906999464036,0.0936448059591262,Subject06,regional_hemispheric_summaries_only,gradient_boosting
120,22,2,8,88,0.9166666666666666,0.7333333333333333,0.9777777777777777,0.8148148148148148,0.9588888888888889,0.9242914340886247,0.1262493254259986,0.24413731893839163,Subject07,regional_hemispheric_summaries_only,gradient_boosting
120,1,2,29,88,0.7416666666666667,0.03333333333333333,0.9777777777777777,0.06060606060606061,0.7655555555555555,0.42699013238984573,0.17469784521463025,0.12813814187656042,Subject08,regional_hemispheric_summaries_only,gradient_boosting
120,13,37,17,53,0.55,0.43333333333333335,0.5888888888888889,0.325,0.5081481481481481,0.2533882019625374,0.2694288541004184,0.2509286941733675,Subject09,regional_hemispheric_summaries_only,gradient_boosting
123,4,2,26,91,0.7723577235772358,0.13333333333333333,0.978494623655914,0.2222222222222222,0.5795698924731183,0.4128106438620657,0.17926940104019964,0.12828812402434636,Subject10,regional_hemispheric_summaries_only,gradient_boosting
120,29,86,1,4,0.275,0.9666666666666667,0.044444444444444446,0.4,0.5837037037037037,0.31045467142153405,0.47433598109393343,0.5290702171368582,Subject11,regional_hemispheric_summaries_only,gradient_boosting
120,1,11,29,79,0.6666666666666666,0.03333333333333333,0.8777777777777778,0.047619047619047616,0.3222222222222222,0.19146658909037784,0.2583342099246751,0.24594292645157062,Subject12,regional_hemispheric_summaries_only,gradient_boosting
120,11,27,19,63,0.6166666666666667,0.36666666666666664,0.7,0.3235294117647059,0.5455555555555556,0.32106647775321906,0.22797335276437936,0.17503052544968523,Subject13,regional_hemispheric_summaries_only,gradient_boosting
120,15,31,15,59,0.6166666666666667,0.5,0.6555555555555556,0.39473684210526316,0.6040740740740741,0.43913824881691166,0.22347853769452689,0.21409753434315554,Subject14,regional_hemispheric_summaries_only,gradient_boosting
120,3,0,27,90,0.775,0.1,1.0,0.18181818181818182,0.9507407407407407,0.8840586335982612,0.146635839485099,0.14499596939940165,Subject15,regional_hemispheric_summaries_only,gradient_boosting
120,14,7,16,83,0.8083333333333333,0.4666666666666667,0.9222222222222223,0.5490196078431373,0.7811111111111111,0.6183178073199869,0.15307841168085856,0.10649146492573586,Subject16,regional_hemispheric_summaries_only,gradient_boosting
120,25,15,5,75,0.8333333333333334,0.8333333333333334,0.8333333333333334,0.7142857142857143,0.9551851851851851,0.9205022706073478,0.11695183791278,0.23749952534890756,Subject17,regional_hemispheric_summaries_only,gradient_boosting
120,4,4,26,86,0.75,0.13333333333333333,0.9555555555555556,0.21052631578947367,0.7066666666666667,0.4623444139778845,0.17466966888382326,0.102048818504171,Subject18,regional_hemispheric_summaries_only,gradient_boosting
120,14,8,16,82,0.8,0.4666666666666667,0.9111111111111111,0.5384615384615384,0.8700000000000001,0.5932944100078993,0.1364400876096016,0.11638928311831653,Subject19,regional_hemispheric_summaries_only,gradient_boosting
120,3,2,27,88,0.7583333333333333,0.1,0.9777777777777777,0.17142857142857143,0.6688888888888889,0.38994154372371775,0.1770882386764325,0.09192208367482374,Subject20,regional_hemispheric_summaries_only,gradient_boosting
120,0,1,30,89,0.7416666666666667,0.0,0.9888888888888889,0.0,0.7166666666666667,0.4726100275561168,0.17103918471113533,0.08263194343000287,Subject21,regional_hemispheric_summaries_only,gradient_boosting
120,20,1,10,89,0.9083333333333333,0.6666666666666666,0.9888888888888889,0.7843137254901961,0.9740740740740741,0.9312513895101839,0.07262283414466042,0.09310026234497791,Subject22,regional_hemispheric_summaries_only,gradient_boosting
120,3,1,27,89,0.7666666666666667,0.1,0.9888888888888889,0.17647058823529413,0.8948148148148148,0.7514779151641726,0.14668165403894307,0.1444411862569627,Subject23,regional_hemispheric_summaries_only,gradient_boosting
120,3,0,27,90,0.775,0.1,1.0,0.18181818181818182,0.9303703703703703,0.8652325460463884,0.1297268291924684,0.14527214195653537,Subject24,regional_hemispheric_summaries_only,gradient_boosting
120,19,15,11,75,0.7833333333333333,0.6333333333333333,0.8333333333333334,0.59375,0.7927777777777778,0.591192943360175,0.1615854402934014,0.1389128189618672,Subject25,regional_hemispheric_summaries_only,gradient_boosting
120,4,1,26,89,0.775,0.13333333333333333,0.9888888888888889,0.22857142857142856,0.872962962962963,0.719873060488395,0.14040517199371885,0.10621648583571816,Subject26,regional_hemispheric_summaries_only,gradient_boosting
120,19,17,11,73,0.7666666666666667,0.6333333333333333,0.8111111111111111,0.5757575757575758,0.8111111111111111,0.572495809213824,0.159316599147822,0.1312356222977211,Subject27,regional_hemispheric_summaries_only,gradient_boosting
120,1,0,29,90,0.7583333333333333,0.03333333333333333,1.0,0.06451612903225806,0.8351851851851851,0.655219947798375,0.15881580537888731,0.13458329666750157,Subject28,regional_hemispheric_summaries_only,gradient_boosting
120,1,1,29,89,0.75,0.03333333333333333,0.9888888888888889,0.0625,0.7340740740740741,0.484878607069397,0.17872604919012172,0.11031404551745723,Subject29,regional_hemispheric_summaries_only,gradient_boosting
120,25,5,5,85,0.9166666666666666,0.8333333333333334,0.9444444444444444,0.8333333333333334,0.9781481481481482,0.9308218387161726,0.07110616899737063,0.15001069842579948,Subject30,regional_hemispheric_summaries_only,gradient_boosting
69,1,1,29,38,0.5652173913043478,0.03333333333333333,0.9743589743589743,0.0625,0.5923076923076923,0.5866112367186584,0.28928892464945233,0.23122245835558886,Subject31,regional_hemispheric_summaries_only,gradient_boosting
120,2,6,28,84,0.7166666666666667,0.06666666666666667,0.9333333333333333,0.10526315789473684,0.7148148148148148,0.4160325340145644,0.17667349987547482,0.11467818762797198,Subject32,regional_hemispheric_summaries_only,gradient_boosting
120,4,1,26,89,0.775,0.13333333333333333,0.9888888888888889,0.22857142857142856,0.9522222222222222,0.7883868034394402,0.13184411417763334,0.17319545947445386,Subject33,regional_hemispheric_summaries_only,gradient_boosting
120,1,0,29,90,0.7583333333333333,0.03333333333333333,1.0,0.06451612903225806,0.825925925925926,0.5944852518264532,0.17285398912877573,0.13464101956636823,Subject34,regional_hemispheric_summaries_only,gradient_boosting
120,4,23,26,67,0.5916666666666667,0.13333333333333333,0.7444444444444445,0.14035087719298245,0.41,0.21491490456823106,0.2501250043974593,0.2238521493961849,Subject35,regional_hemispheric_summaries_only,gradient_boosting
120,7,0,23,90,0.8083333333333333,0.23333333333333334,1.0,0.3783783783783784,0.8992592592592592,0.7574850273914995,0.15342204163504336,0.14042857751095048,Subject00,regional_hemispheric_summaries_only,xgboost
120,7,13,23,77,0.7,0.23333333333333334,0.8555555555555555,0.28,0.5322222222222222,0.28196569923656434,0.2208568589738159,0.1493312004332741,Subject01,regional_hemispheric_summaries_only,xgboost
120,21,16,9,74,0.7916666666666666,0.7,0.8222222222222222,0.6268656716417911,0.8588888888888889,0.6381162007891436,0.17716399718301284,0.1786194985732436,Subject02,regional_hemispheric_summaries_only,xgboost
120,0,1,30,89,0.7416666666666667,0.0,0.9888888888888889,0.0,0.8907407407407408,0.6126567552556192,0.2003338592843455,0.1956454169237986,Subject03,regional_hemispheric_summaries_only,xgboost
114,1,0,29,84,0.7456140350877193,0.03333333333333333,1.0,0.06451612903225806,0.536111111111111,0.3473504162062103,0.21280089191184443,0.1461328597853712,Subject04,regional_hemispheric_summaries_only,xgboost
120,13,1,17,89,0.85,0.43333333333333335,0.9888888888888889,0.5909090909090909,0.9096296296296296,0.7994842657112238,0.11380687280417143,0.11916425662736098,Subject05,regional_hemispheric_summaries_only,xgboost
120,7,7,23,83,0.75,0.23333333333333334,0.9222222222222223,0.3181818181818182,0.8277777777777777,0.5661539889997349,0.14971940516267904,0.14103830506404239,Subject06,regional_hemispheric_summaries_only,xgboost
120,18,1,12,89,0.8916666666666667,0.6,0.9888888888888889,0.7346938775510204,0.9803703703703703,0.9455494450266702,0.12198065273333793,0.23798119680335125,Subject07,regional_hemispheric_summaries_only,xgboost
120,1,2,29,88,0.7416666666666667,0.03333333333333333,0.9777777777777777,0.06060606060606061,0.6522222222222223,0.3342638033661758,0.1894331184115091,0.17903378439756734,Subject08,regional_hemispheric_summaries_only,xgboost
120,10,31,20,59,0.575,0.3333333333333333,0.6555555555555556,0.28169014084507044,0.5037037037037037,0.25441463058590236,0.25025912719005144,0.2398718143502871,Subject09,regional_hemispheric_summaries_only,xgboost
123,3,1,27,92,0.7723577235772358,0.1,0.989247311827957,0.17647058823529413,0.5211469534050179,0.37873625325191246,0.18566875071290295,0.11821585236404969,Subject10,regional_hemispheric_summaries_only,xgboost
120,29,81,1,9,0.31666666666666665,0.9666666666666667,0.1,0.4142857142857143,0.6125925925925927,0.3098997017350115,0.40973803765710504,0.4759732974072298,Subject11,regional_hemispheric_summaries_only,xgboost
120,1,12,29,78,0.6583333333333333,0.03333333333333333,0.8666666666666667,0.046511627906976744,0.33814814814814814,0.19233560406295355,0.24151722322677613,0.21726341626296442,Subject12,regional_hemispheric_summaries_only,xgboost
120,10,20,20,70,0.6666666666666666,0.3333333333333333,0.7777777777777778,0.3333333333333333,0.6466666666666667,0.39768776199055567,0.2014598904517396,0.1502931566288074,Subject13,regional_hemispheric_summaries_only,xgboost
120,13,24,17,66,0.6583333333333333,0.43333333333333335,0.7333333333333333,0.3880597014925373,0.58,0.37785122699667506,0.21413616052630052,0.19876089251289764,Subject14,regional_hemispheric_summaries_only,xgboost
120,2,0,28,90,0.7666666666666667,0.06666666666666667,1.0,0.125,0.9674074074074075,0.9211120042472705,0.1441852959415075,0.1439153566646079,Subject15,regional_hemispheric_summaries_only,xgboost
120,20,6,10,84,0.8666666666666667,0.6666666666666666,0.9333333333333333,0.7142857142857143,0.8637037037037038,0.744490543821593,0.13148929630336276,0.14963507764041423,Subject16,regional_hemispheric_summaries_only,xgboost
120,26,12,4,78,0.8666666666666667,0.8666666666666667,0.8666666666666667,0.7647058823529411,0.9533333333333334,0.916631976402662,0.13128633353915306,0.25586841516196723,Subject17,regional_hemispheric_summaries_only,xgboost
120,6,3,24,87,0.775,0.2,0.9666666666666667,0.3076923076923077,0.7196296296296296,0.4599879706422658,0.16930012562610355,0.07187967053614558,Subject18,regional_hemispheric_summaries_only,xgboost
120,14,2,16,88,0.85,0.4666666666666667,0.9777777777777777,0.6086956521739131,0.9588888888888889,0.8491761858299511,0.10726056263668321,0.19054290434966487,Subject19,regional_hemispheric_summaries_only,xgboost
120,2,2,28,88,0.75,0.06666666666666667,0.9777777777777777,0.11764705882352941,0.7196296296296296,0.4126893144210996,0.17039519529929362,0.041618933094044526,Subject20,regional_hemispheric_summaries_only,xgboost
120,0,0,30,90,0.75,0.0,1.0,0.0,0.7385185185185185,0.5570005016191312,0.1643573733551773,0.0665429462833951,Subject21,regional_hemispheric_summaries_only,xgboost
120,16,2,14,88,0.8666666666666667,0.5333333333333333,0.9777777777777777,0.6666666666666666,0.9611111111111111,0.9005265791892771,0.08167295415828908,0.09519543641557295,Subject22,regional_hemispheric_summaries_only,xgboost
120,3,0,27,90,0.775,0.1,1.0,0.18181818181818182,0.8962962962962963,0.7602509409634386,0.1447301022354237,0.13474129266105592,Subject23,regional_hemispheric_summaries_only,xgboost
120,4,0,26,90,0.7833333333333333,0.13333333333333333,1.0,0.23529411764705882,0.9307407407407408,0.8557680832679502,0.13457564574616107,0.17000935937588416,Subject24,regional_hemispheric_summaries_only,xgboost
120,11,11,19,79,0.75,0.36666666666666664,0.8777777777777778,0.4230769230769231,0.7114814814814816,0.47378690920861005,0.1753740116104934,0.11400742189337809,Subject25,regional_hemispheric_summaries_only,xgboost
120,4,0,26,90,0.7833333333333333,0.13333333333333333,1.0,0.23529411764705882,0.8770370370370371,0.7256881977842035,0.14207499780519253,0.1473481540878614,Subject26,regional_hemispheric_summaries_only,xgboost
120,18,13,12,77,0.7916666666666666,0.6,0.8555555555555555,0.5901639344262295,0.8207407407407407,0.5635825482090558,0.15310392780858326,0.10296698485811552,Subject27,regional_hemispheric_summaries_only,xgboost
120,1,0,29,90,0.7583333333333333,0.03333333333333333,1.0,0.06451612903225806,0.895925925925926,0.7560810648938062,0.1457861602066047,0.1366601507179439,Subject28,regional_hemispheric_summaries_only,xgboost
120,0,0,30,90,0.75,0.0,1.0,0.0,0.7581481481481482,0.42564288778733267,0.18768138457425845,0.1466356162137042,Subject29,regional_hemispheric_summaries_only,xgboost
120,25,5,5,85,0.9166666666666666,0.8333333333333334,0.9444444444444444,0.8333333333333334,0.9577777777777778,0.8664083837850909,0.09470111264919626,0.17284930807848772,Subject30,regional_hemispheric_summaries_only,xgboost
69,1,1,29,38,0.5652173913043478,0.03333333333333333,0.9743589743589743,0.0625,0.5521367521367521,0.5295435501904877,0.2821016680954835,0.20075467682403064,Subject31,regional_hemispheric_summaries_only,xgboost
120,3,6,27,84,0.725,0.1,0.9333333333333333,0.15384615384615385,0.7559259259259259,0.43963509941816803,0.16549317246473352,0.08445875033115348,Subject32,regional_hemispheric_summaries_only,xgboost
120,4,1,26,89,0.775,0.13333333333333333,0.9888888888888889,0.22857142857142856,0.9333333333333332,0.7386548454572963,0.13807011869116456,0.16833641805375615,Subject33,regional_hemispheric_summaries_only,xgboost
120,0,0,30,90,0.75,0.0,1.0,0.0,0.7866666666666667,0.5328962780691862,0.1697443040902519,0.1068291309134414,Subject34,regional_hemispheric_summaries_only,xgboost
120,7,21,23,69,0.6333333333333333,0.23333333333333334,0.7666666666666667,0.2413793103448276,0.38222222222222213,0.2116922848603762,0.2518108484430526,0.24757589635749655,Subject35,regional_hemispheric_summaries_only,xgboost
120,9,29,21,61,0.5833333333333334,0.3,0.6777777777777778,0.2647058823529412,0.452962962962963,0.269915964342736,0.29670311099433316,0.26505802685583696,Subject00,connectivity_correlation_only,logistic_regression
120,3,50,27,40,0.35833333333333334,0.1,0.4444444444444444,0.07228915662650602,0.11851851851851852,0.14906753277709395,0.5429483087841969,0.5912719031725251,Subject01,connectivity_correlation_only,logistic_regression
120,18,45,12,45,0.525,0.6,0.5,0.3870967741935484,0.4981481481481481,0.2422768836514217,0.3703163791218696,0.3383578054266324,Subject02,connectivity_correlation_only,logistic_regression
120,23,5,7,85,0.9,0.7666666666666667,0.9444444444444444,0.7931034482758621,0.9622222222222222,0.8661680239347671,0.07050404520047324,0.05020600254501967,Subject03,connectivity_correlation_only,logistic_regression
114,24,24,6,60,0.7368421052631579,0.8,0.7142857142857143,0.6153846153846154,0.8067460317460318,0.563782983806056,0.2058750157005799,0.1732102995284341,Subject04,connectivity_correlation_only,logistic_regression
120,9,49,21,41,0.4166666666666667,0.3,0.45555555555555555,0.20454545454545456,0.3837037037037037,0.21271746922323664,0.409478190549985,0.40789043088556254,Subject05,connectivity_correlation_only,logistic_regression
120,20,46,10,44,0.5333333333333333,0.6666666666666666,0.4888888888888889,0.4166666666666667,0.6318518518518519,0.3113592334155157,0.32146647356522823,0.3383633495618971,Subject06,connectivity_correlation_only,logistic_regression
120,27,52,3,38,0.5416666666666666,0.9,0.4222222222222222,0.4954128440366973,0.764074074074074,0.5524194145192745,0.3495992215514429,0.3977274537711554,Subject07,connectivity_correlation_only,logistic_regression
120,28,59,2,31,0.49166666666666664,0.9333333333333333,0.34444444444444444,0.47863247863247865,0.8703703703703703,0.7232736984925501,0.36234020207153356,0.438734941130845,Subject08,connectivity_correlation_only,logistic_regression
120,23,53,7,37,0.5,0.7666666666666667,0.4111111111111111,0.4339622641509434,0.7144444444444443,0.5257170610357134,0.3188657356958097,0.36957624512443155,Subject09,connectivity_correlation_only,logistic_regression
123,15,16,15,77,0.7479674796747967,0.5,0.8279569892473119,0.4918032786885246,0.6867383512544802,0.4804985899663206,0.19174903002609894,0.17111778127927488,Subject10,connectivity_correlation_only,logistic_regression
120,17,44,13,46,0.525,0.5666666666666667,0.5111111111111111,0.37362637362637363,0.5414814814814816,0.2786065619355455,0.31563591318183726,0.31445528886723584,Subject11,connectivity_correlation_only,logistic_regression
120,30,77,0,13,0.35833333333333334,1.0,0.14444444444444443,0.43795620437956206,0.5755555555555556,0.27923723999314254,0.5514793746971396,0.5940375502606354,Subject12,connectivity_correlation_only,logistic_regression
120,21,67,9,23,0.36666666666666664,0.7,0.25555555555555554,0.3559322033898305,0.4085185185185185,0.20730734371395454,0.5246618695583488,0.5231519137846076,Subject13,connectivity_correlation_only,logistic_regression
120,23,59,7,31,0.45,0.7666666666666667,0.34444444444444444,0.4107142857142857,0.5177777777777778,0.25950804273543004,0.4407732387421861,0.4245866152658575,Subject14,connectivity_correlation_only,logistic_regression
120,13,5,17,85,0.8166666666666667,0.43333333333333335,0.9444444444444444,0.5416666666666666,0.7985185185185185,0.5519096317986674,0.1642038005257754,0.14653133396818646,Subject15,connectivity_correlation_only,logistic_regression
120,19,27,11,63,0.6833333333333333,0.6333333333333333,0.7,0.5,0.7277777777777777,0.46571732941061605,0.22507488950825102,0.22383450901903873,Subject16,connectivity_correlation_only,logistic_regression
120,2,8,28,82,0.7,0.06666666666666667,0.9111111111111111,0.1,0.7114814814814815,0.3836510759202291,0.21658352409935946,0.18561626688988528,Subject17,connectivity_correlation_only,logistic_regression
120,19,24,11,66,0.7083333333333334,0.6333333333333333,0.7333333333333333,0.5205479452054794,0.752962962962963,0.6303349614063143,0.20388327751531224,0.18125740561093573,Subject18,connectivity_correlation_only,logistic_regression
120,22,11,8,79,0.8416666666666667,0.7333333333333333,0.8777777777777778,0.6984126984126984,0.8792592592592593,0.764373728039807,0.12221854385255539,0.0894956166667033,Subject19,connectivity_correlation_only,logistic_regression
120,10,19,20,71,0.675,0.3333333333333333,0.7888888888888889,0.3389830508474576,0.5151851851851852,0.3796862952882417,0.2512344520413816,0.2381282182943249,Subject20,connectivity_correlation_only,logistic_regression
120,1,23,29,67,0.5666666666666667,0.03333333333333333,0.7444444444444445,0.037037037037037035,0.08629629629629627,0.14682799041792355,0.3585317687049935,0.4308203240844478,Subject21,connectivity_correlation_only,logistic_regression
120,22,0,8,90,0.9333333333333333,0.7333333333333333,1.0,0.8461538461538461,0.9944444444444445,0.9843379421895312,0.05716549419316692,0.07845003859682112,Subject22,connectivity_correlation_only,logistic_regression
120,19,3,11,87,0.8833333333333333,0.6333333333333333,0.9666666666666667,0.7307692307692307,0.937037037037037,0.8791682247366664,0.07858911827213143,0.056550897152903554,Subject23,connectivity_correlation_only,logistic_regression
120,20,65,10,25,0.375,0.6666666666666666,0.2777777777777778,0.34782608695652173,0.5725925925925925,0.4400814716139189,0.4697317493683136,0.49461100395009927,Subject24,connectivity_correlation_only,logistic_regression
120,15,16,15,74,0.7416666666666667,0.5,0.8222222222222222,0.4918032786885246,0.6711111111111111,0.525205839861789,0.2022373506266021,0.1894168832268504,Subject25,connectivity_correlation_only,logistic_regression
120,28,79,2,11,0.325,0.9333333333333333,0.12222222222222222,0.40875912408759124,0.6322222222222222,0.4751151300745864,0.5671368858960913,0.6090400399478373,Subject26,connectivity_correlation_only,logistic_regression
120,27,70,3,20,0.39166666666666666,0.9,0.2222222222222222,0.4251968503937008,0.7681481481481481,0.5644594768459401,0.435948922387245,0.5118726611180762,Subject27,connectivity_correlation_only,logistic_regression
120,14,78,16,12,0.21666666666666667,0.4666666666666667,0.13333333333333333,0.22950819672131148,0.19148148148148147,0.15858395070449433,0.6320310321923195,0.6374925453031068,Subject28,connectivity_correlation_only,logistic_regression
120,0,2,30,88,0.7333333333333333,0.0,0.9777777777777777,0.0,0.5118518518518518,0.24142194906045963,0.2534671117581301,0.2536460867285077,Subject29,connectivity_correlation_only,logistic_regression
120,3,3,27,87,0.75,0.1,0.9666666666666667,0.16666666666666666,0.7092592592592593,0.5032286292302025,0.19857740836788557,0.2007096705916285,Subject30,connectivity_correlation_only,logistic_regression
69,15,30,15,9,0.34782608695652173,0.5,0.23076923076923078,0.4,0.3487179487179487,0.43376442152192424,0.5998651906297654,0.6112160491777114,Subject31,connectivity_correlation_only,logistic_regression
120,10,48,20,42,0.43333333333333335,0.3333333333333333,0.4666666666666667,0.22727272727272727,0.3333333333333333,0.22297684570676232,0.4137888746503312,0.4285071456161088,Subject32,connectivity_correlation_only,logistic_regression
120,0,2,30,88,0.7333333333333333,0.0,0.9777777777777777,0.0,0.664074074074074,0.3622003819523803,0.25450406535691983,0.25918852947717813,Subject33,connectivity_correlation_only,logistic_regression
120,3,21,27,69,0.6,0.1,0.7666666666666667,0.1111111111111111,0.4514814814814815,0.21898997954612687,0.29760533650745224,0.2760367758542881,Subject34,connectivity_correlation_only,logistic_regression
120,20,81,10,9,0.24166666666666667,0.6666666666666666,0.1,0.3053435114503817,0.23074074074074072,0.16633692427619853,0.6953180898222093,0.6987779609089926,Subject35,connectivity_correlation_only,logistic_regression
120,20,54,10,36,0.4666666666666667,0.6666666666666666,0.4,0.38461538461538464,0.5451851851851852,0.37150331177149787,0.3664565632071316,0.3751029049295474,Subject00,connectivity_correlation_only,svm_rbf
120,3,81,27,9,0.1,0.1,0.1,0.05263157894736842,0.021111111111111112,0.14190065822870085,0.8424208492855634,0.8590594563132534,Subject01,connectivity_correlation_only,svm_rbf
120,19,65,11,25,0.36666666666666664,0.6333333333333333,0.2777777777777778,0.3333333333333333,0.48629629629629634,0.3159422029871878,0.4599716904485264,0.47094119251221844,Subject02,connectivity_correlation_only,svm_rbf
120,30,16,0,74,0.8666666666666667,1.0,0.8222222222222222,0.7894736842105263,0.962962962962963,0.8596317190072146,0.08371610938001832,0.09896575348741143,Subject03,connectivity_correlation_only,svm_rbf
114,18,18,12,66,0.7368421052631579,0.6,0.7857142857142857,0.5454545454545454,0.8190476190476191,0.5183148582377262,0.17368097303206034,0.13972735793489757,Subject04,connectivity_correlation_only,svm_rbf
120,12,17,18,73,0.7083333333333334,0.4,0.8111111111111111,0.4067796610169492,0.6840740740740741,0.3978089557239403,0.2188859772115937,0.18423471992184798,Subject05,connectivity_correlation_only,svm_rbf
120,18,3,12,87,0.875,0.6,0.9666666666666667,0.7058823529411765,0.957037037037037,0.8863956231551544,0.08090046367833663,0.06803451742189413,Subject06,connectivity_correlation_only,svm_rbf
120,18,48,12,42,0.5,0.6,0.4666666666666667,0.375,0.5385185185185185,0.2759814167941087,0.4147782324423106,0.4099881344473194,Subject07,connectivity_correlation_only,svm_rbf
120,19,39,11,51,0.5833333333333334,0.6333333333333333,0.5666666666666667,0.4318181818181818,0.5822222222222222,0.3169192633207555,0.2980092535969328,0.29708729615635776,Subject08,connectivity_correlation_only,svm_rbf
120,26,35,4,55,0.675,0.8666666666666667,0.6111111111111112,0.5714285714285714,0.8362962962962962,0.7064754924028953,0.2230248476348606,0.2731704111864448,Subject09,connectivity_correlation_only,svm_rbf
123,1,3,29,90,0.7398373983739838,0.03333333333333333,0.967741935483871,0.058823529411764705,0.5168458781362008,0.25202296899203674,0.2540570238835474,0.26397024949291653,Subject10,connectivity_correlation_only,svm_rbf
120,6,10,24,80,0.7166666666666667,0.2,0.8888888888888888,0.2608695652173913,0.5618518518518518,0.32521916729814637,0.23948263342279194,0.2274142301714689,Subject11,connectivity_correlation_only,svm_rbf
120,30,89,0,1,0.25833333333333336,1.0,0.011111111111111112,0.40268456375838924,0.3148148148148148,0.18125741537987738,0.6935260927896337,0.7089145650280567,Subject12,connectivity_correlation_only,svm_rbf
120,27,60,3,30,0.475,0.9,0.3333333333333333,0.46153846153846156,0.8377777777777778,0.7228468484969872,0.33459463624925057,0.42037014633690056,Subject13,connectivity_correlation_only,svm_rbf
120,13,56,17,34,0.39166666666666666,0.43333333333333335,0.37777777777777777,0.26262626262626265,0.40814814814814815,0.2703850612147968,0.5038588344817618,0.4830533784381437,Subject14,connectivity_correlation_only,svm_rbf
120,13,8,17,82,0.7916666666666666,0.43333333333333335,0.9111111111111111,0.5098039215686274,0.8433333333333334,0.6438571551511136,0.15075645665549944,0.1249129698936869,Subject15,connectivity_correlation_only,svm_rbf
120,17,39,13,51,0.5666666666666667,0.5666666666666667,0.5666666666666667,0.3953488372093023,0.5796296296296296,0.30423542836580575,0.31456970720733096,0.2916795685937957,Subject16,connectivity_correlation_only,svm_rbf
120,3,3,27,87,0.75,0.1,0.9666666666666667,0.16666666666666666,0.5870370370370369,0.33219103305385156,0.236607755843836,0.23066308251739115,Subject17,connectivity_correlation_only,svm_rbf
120,24,2,6,88,0.9333333333333333,0.8,0.9777777777777777,0.8571428571428571,0.9796296296296296,0.953213100942332,0.05161669000277995,0.044560409653443954,Subject18,connectivity_correlation_only,svm_rbf
120,25,0,5,90,0.9583333333333334,0.8333333333333334,1.0,0.9090909090909091,0.9885185185185186,0.9727709607696085,0.03836108702340445,0.03379581200993387,Subject19,connectivity_correlation_only,svm_rbf
120,15,76,15,14,0.24166666666666667,0.5,0.15555555555555556,0.24793388429752067,0.18518518518518517,0.15940251811523157,0.5482565254515558,0.545913095687764,Subject20,connectivity_correlation_only,svm_rbf
120,0,13,30,77,0.6416666666666667,0.0,0.8555555555555555,0.0,0.2937037037037037,0.1777607167141074,0.29472558400325877,0.31840083110132844,Subject21,connectivity_correlation_only,svm_rbf
120,10,0,20,90,0.8333333333333334,0.3333333333333333,1.0,0.5,0.9551851851851852,0.8752994406536555,0.15236415083149613,0.168224045157975,Subject22,connectivity_correlation_only,svm_rbf
120,1,0,29,90,0.7583333333333333,0.03333333333333333,1.0,0.06451612903225806,0.8537037037037037,0.6340349562941393,0.22270733832427922,0.2287588603105133,Subject23,connectivity_correlation_only,svm_rbf
120,25,53,5,37,0.5166666666666667,0.8333333333333334,0.4111111111111111,0.46296296296296297,0.6051851851851852,0.2862290065973474,0.37376923368677073,0.3843356300312133,Subject24,connectivity_correlation_only,svm_rbf
120,12,11,18,79,0.7583333333333333,0.4,0.8777777777777778,0.4528301886792453,0.5862962962962963,0.44192779646690084,0.21023258857383348,0.1826612853090935,Subject25,connectivity_correlation_only,svm_rbf
120,22,33,8,57,0.6583333333333333,0.7333333333333333,0.6333333333333333,0.5176470588235295,0.7318518518518519,0.6066405554605139,0.2666838892716382,0.26491838794018574,Subject26,connectivity_correlation_only,svm_rbf
120,26,37,4,53,0.6583333333333333,0.8666666666666667,0.5888888888888889,0.5591397849462365,0.8011111111111111,0.6465391848889879,0.24895049237539627,0.25793368446174614,Subject27,connectivity_correlation_only,svm_rbf
120,24,89,6,1,0.20833333333333334,0.8,0.011111111111111112,0.3356643356643357,0.1307407407407407,0.15086554458941534,0.7437385554009912,0.7649543489650972,Subject28,connectivity_correlation_only,svm_rbf
120,0,0,30,90,0.75,0.0,1.0,0.0,0.3733333333333333,0.20228884055619745,0.2508553114497619,0.24617236241950446,Subject29,connectivity_correlation_only,svm_rbf
120,3,12,27,78,0.675,0.1,0.8666666666666667,0.13333333333333333,0.29666666666666663,0.20196699728915884,0.27785543628553494,0.2780044446955043,Subject30,connectivity_correlation_only,svm_rbf
69,21,12,9,27,0.6956521739130435,0.7,0.6923076923076923,0.6666666666666666,0.7615384615384616,0.7568992490325736,0.1985715925646296,0.14555432403481058,Subject31,connectivity_correlation_only,svm_rbf
120,8,40,22,50,0.48333333333333334,0.26666666666666666,0.5555555555555556,0.20512820512820512,0.3788888888888889,0.2188274668191723,0.3728775424234258,0.35167443089380884,Subject32,connectivity_correlation_only,svm_rbf
120,1,0,29,90,0.7583333333333333,0.03333333333333333,1.0,0.06451612903225806,0.9525925925925927,0.8544069211921341,0.23097772592352975,0.23725817744678313,Subject33,connectivity_correlation_only,svm_rbf
120,1,9,29,81,0.6833333333333333,0.03333333333333333,0.9,0.05,0.5585185185185185,0.2676435431617241,0.2544214130909755,0.25032513323874056,Subject34,connectivity_correlation_only,svm_rbf
120,21,10,9,80,0.8416666666666667,0.7,0.8888888888888888,0.6885245901639344,0.8044444444444444,0.6683763085974359,0.13596650839331204,0.07638376937699119,Subject35,connectivity_correlation_only,svm_rbf
120,1,0,29,90,0.7583333333333333,0.03333333333333333,1.0,0.06451612903225806,0.5901851851851851,0.4788274896101956,0.17950694444444443,0.1040277777777778,Subject00,connectivity_correlation_only,random_forest
120,0,1,30,89,0.7416666666666667,0.0,0.9888888888888889,0.0,0.1148148148148148,0.15815557681224174,0.23223668981481485,0.3240972222222222,Subject01,connectivity_correlation_only,random_forest
120,11,22,19,68,0.6583333333333333,0.36666666666666664,0.7555555555555555,0.3492063492063492,0.49759259259259253,0.41557345031809617,0.22270949074074073,0.23930555555555558,Subject02,connectivity_correlation_only,random_forest
120,17,5,13,85,0.85,0.5666666666666667,0.9444444444444444,0.6538461538461539,0.8877777777777779,0.755508754169615,0.14212789351851854,0.16451388888888888,Subject03,connectivity_correlation_only,random_forest
114,8,0,22,84,0.8070175438596491,0.26666666666666666,1.0,0.42105263157894735,0.9652777777777777,0.9339297609885227,0.12641386452241718,0.21878654970760236,Subject04,connectivity_correlation_only,random_forest
120,1,3,29,87,0.7333333333333333,0.03333333333333333,0.9666666666666667,0.058823529411764705,0.4518518518518518,0.27252762954510235,0.20467708333333334,0.12791666666666665,Subject05,connectivity_correlation_only,random_forest
120,0,0,30,90,0.75,0.0,1.0,0.0,0.9035185185185186,0.698389429000307,0.1471261574074074,0.15847222222222224,Subject06,connectivity_correlation_only,random_forest
120,1,12,29,78,0.6583333333333333,0.03333333333333333,0.8666666666666667,0.046511627906976744,0.5274074074074075,0.2509831018542751,0.20938368055555553,0.10298611111111113,Subject07,connectivity_correlation_only,random_forest
120,7,0,23,90,0.8083333333333333,0.23333333333333334,1.0,0.3783783783783784,0.9318518518518519,0.8397896080860925,0.1413576388888889,0.2258333333333333,Subject08,connectivity_correlation_only,random_forest
120,7,1,23,89,0.8,0.23333333333333334,0.9888888888888889,0.3684210526315789,0.8601851851851853,0.7122012050521298,0.14284837962962965,0.15680555555555556,Subject09,connectivity_correlation_only,random_forest
123,2,0,28,93,0.7723577235772358,0.06666666666666667,1.0,0.125,0.7363799283154121,0.5730477260775654,0.16014171183378503,0.04884823848238482,Subject10,connectivity_correlation_only,random_forest
120,1,0,29,90,0.7583333333333333,0.03333333333333333,1.0,0.06451612903225806,0.7668518518518519,0.567260966959105,0.16258738425925928,0.07784722222222219,Subject11,connectivity_correlation_only,random_forest
120,11,64,19,26,0.30833333333333335,0.36666666666666664,0.28888888888888886,0.20952380952380953,0.27185185185185184,0.17501344433234334,0.3382210648148148,0.3458333333333333,Subject12,connectivity_correlation_only,random_forest
120,14,19,16,71,0.7083333333333334,0.4666666666666667,0.7888888888888889,0.4444444444444444,0.6592592592592593,0.40239963136196333,0.21660300925925927,0.19486111111111115,Subject13,connectivity_correlation_only,random_forest
120,9,29,21,61,0.5833333333333334,0.3,0.6777777777777778,0.2647058823529412,0.43333333333333335,0.2682646167437561,0.24693229166666666,0.25937499999999997,Subject14,connectivity_correlation_only,random_forest
120,1,0,29,90,0.7583333333333333,0.03333333333333333,1.0,0.06451612903225806,0.712962962962963,0.48292792752726454,0.170828125,0.05020833333333333,Subject15,connectivity_correlation_only,random_forest
120,3,14,27,76,0.6583333333333333,0.1,0.8444444444444444,0.1276595744680851,0.5996296296296296,0.2883895018536417,0.20493055555555556,0.09402777777777778,Subject16,connectivity_correlation_only,random_forest
120,0,0,30,90,0.75,0.0,1.0,0.0,0.5644444444444444,0.33002992471859055,0.1982309027777778,0.11451388888888892,Subject17,connectivity_correlation_only,random_forest
120,2,1,28,89,0.7583333333333333,0.06666666666666667,0.9888888888888889,0.12121212121212122,0.9668518518518519,0.829650551266684,0.1165486111111111,0.18694444444444444,Subject18,connectivity_correlation_only,random_forest
120,10,0,20,90,0.8333333333333334,0.3333333333333333,1.0,0.5,0.9831481481481482,0.9615598486451367,0.10232928240740741,0.18979166666666664,Subject19,connectivity_correlation_only,random_forest
120,11,3,19,87,0.8166666666666667,0.36666666666666664,0.9666666666666667,0.5,0.7448148148148149,0.5873136012279178,0.19248958333333335,0.2238888888888889,Subject20,connectivity_correlation_only,random_forest
120,0,1,30,89,0.7416666666666667,0.0,0.9888888888888889,0.0,0.5025925925925926,0.24313812643434557,0.1957609953703704,0.11368055555555556,Subject21,connectivity_correlation_only,random_forest
120,3,0,27,90,0.775,0.1,1.0,0.18181818181818182,0.9451851851851852,0.8815075734615965,0.13114351851851852,0.15222222222222223,Subject22,connectivity_correlation_only,random_forest
120,0,0,30,90,0.75,0.0,1.0,0.0,0.6212962962962963,0.31667961207167467,0.18290567129629628,0.04354166666666668,Subject23,connectivity_correlation_only,random_forest
120,4,3,26,87,0.7583333333333333,0.13333333333333333,0.9666666666666667,0.21621621621621623,0.6840740740740741,0.4047800068792784,0.18017187499999998,0.10965277777777781,Subject24,connectivity_correlation_only,random_forest
120,1,2,29,88,0.7416666666666667,0.03333333333333333,0.9777777777777777,0.06060606060606061,0.597037037037037,0.30012758811401696,0.1962210648148148,0.10597222222222229,Subject25,connectivity_correlation_only,random_forest
120,13,14,17,76,0.7416666666666667,0.43333333333333335,0.8444444444444444,0.45614035087719296,0.6094444444444443,0.39690189939082066,0.2058935185185185,0.16583333333333333,Subject26,connectivity_correlation_only,random_forest
120,4,0,26,90,0.7833333333333333,0.13333333333333333,1.0,0.23529411764705882,0.6724074074074075,0.5361958863883892,0.17555844907407406,0.13368055555555558,Subject27,connectivity_correlation_only,random_forest
120,6,14,24,76,0.6833333333333333,0.2,0.8444444444444444,0.24,0.5344444444444444,0.3390431555760751,0.21177372685185186,0.14590277777777774,Subject28,connectivity_correlation_only,random_forest
120,0,0,30,90,0.75,0.0,1.0,0.0,0.5303703703703704,0.3369764780988199,0.20269675925925928,0.12583333333333332,Subject29,connectivity_correlation_only,random_forest
120,0,1,30,89,0.7416666666666667,0.0,0.9888888888888889,0.0,0.11666666666666665,0.15830903031410515,0.232390625,0.30104166666666665,Subject30,connectivity_correlation_only,random_forest
69,0,4,30,35,0.5072463768115942,0.0,0.8974358974358975,0.0,0.29871794871794866,0.33427234096931036,0.2856088969404187,0.2257246376811594,Subject31,connectivity_correlation_only,random_forest
120,0,0,30,90,0.75,0.0,1.0,0.0,0.2962962962962963,0.23304185008101846,0.21253125,0.17694444444444446,Subject32,connectivity_correlation_only,random_forest
120,0,0,30,90,0.75,0.0,1.0,0.0,0.8538888888888888,0.6434807056858063,0.17994618055555556,0.14798611111111112,Subject33,connectivity_correlation_only,random_forest
120,0,0,30,90,0.75,0.0,1.0,0.0,0.682037037037037,0.44138226323686225,0.18027372685185186,0.07895833333333332,Subject34,connectivity_correlation_only,random_forest
120,8,0,22,90,0.8166666666666667,0.26666666666666666,1.0,0.42105263157894735,0.9303703703703704,0.8842559121154397,0.12876967592592595,0.1998611111111111,Subject35,connectivity_correlation_only,random_forest
120,5,0,25,90,0.7916666666666666,0.16666666666666666,1.0,0.2857142857142857,0.9444444444444444,0.9031664365619556,0.12960058721521278,0.13848225426496108,Subject00,connectivity_correlation_only,gradient_boosting
120,2,30,28,60,0.5166666666666667,0.06666666666666667,0.6666666666666666,0.06451612903225806,0.2488888888888889,0.16906323408883187,0.3173213628170899,0.3117491333074023,Subject01,connectivity_correlation_only,gradient_boosting
120,2,30,28,60,0.5166666666666667,0.06666666666666667,0.6666666666666666,0.06451612903225806,0.26259259259259254,0.1710657780431109,0.2912002761951413,0.274209673422032,Subject02,connectivity_correlation_only,gradient_boosting
120,26,13,4,77,0.8583333333333333,0.8666666666666667,0.8555555555555555,0.7536231884057971,0.9614814814814816,0.9074252833263001,0.109782637950852,0.21993853829634194,Subject03,connectivity_correlation_only,gradient_boosting
114,21,4,9,80,0.8859649122807017,0.7,0.9523809523809523,0.7636363636363637,0.9480158730158731,0.8805356120813658,0.107352648065394,0.16660405193830427,Subject04,connectivity_correlation_only,gradient_boosting
120,14,11,16,79,0.775,0.4666666666666667,0.8777777777777778,0.509090909090909,0.7744444444444445,0.5878466817582775,0.16526543645736466,0.13584604453790206,Subject05,connectivity_correlation_only,gradient_boosting
120,4,6,26,84,0.7333333333333333,0.13333333333333333,0.9333333333333333,0.2,0.7155555555555555,0.4220084418906178,0.1742729207592376,0.04893201154698856,Subject06,connectivity_correlation_only,gradient_boosting
120,8,25,22,65,0.6083333333333333,0.26666666666666666,0.7222222222222222,0.25396825396825395,0.5281481481481483,0.2550541383695976,0.2463006005254879,0.18523711627019726,Subject07,connectivity_correlation_only,gradient_boosting
120,3,1,27,89,0.7666666666666667,0.1,0.9888888888888889,0.17647058823529413,0.8433333333333334,0.589521358750686,0.1491235946827031,0.1303195132255149,Subject08,connectivity_correlation_only,gradient_boosting
120,16,1,14,89,0.875,0.5333333333333333,0.9888888888888889,0.6808510638297872,0.8662962962962963,0.7735998663534869,0.117617613591356,0.13139118370017847,Subject09,connectivity_correlation_only,gradient_boosting
123,2,2,28,91,0.7560975609756098,0.06666666666666667,0.978494623655914,0.11764705882352941,0.7397849462365591,0.40050614548821695,0.17543016233567651,0.09929623636844805,Subject10,connectivity_correlation_only,gradient_boosting
120,0,5,30,85,0.7083333333333334,0.0,0.9444444444444444,0.0,0.8018518518518519,0.49316070071336826,0.18355978784736143,0.15388018387597716,Subject11,connectivity_correlation_only,gradient_boosting
120,20,61,10,29,0.4083333333333333,0.6666666666666666,0.32222222222222224,0.36036036036036034,0.4703703703703703,0.2284452862014159,0.3267867217367482,0.33257774070465834,Subject12,connectivity_correlation_only,gradient_boosting
120,18,74,12,16,0.2833333333333333,0.6,0.17777777777777778,0.29508196721311475,0.2577777777777778,0.16980443108099647,0.4021619953059575,0.4285963681511663,Subject13,connectivity_correlation_only,gradient_boosting
120,9,12,21,78,0.725,0.3,0.8666666666666667,0.35294117647058826,0.5514814814814816,0.38149838118391105,0.21752581265495774,0.18463505114259005,Subject14,connectivity_correlation_only,gradient_boosting
120,13,1,17,89,0.85,0.43333333333333335,0.9888888888888889,0.5909090909090909,0.8344444444444445,0.6750979939898754,0.12930630968712178,0.1110347363028735,Subject15,connectivity_correlation_only,gradient_boosting
120,7,7,23,83,0.75,0.23333333333333334,0.9222222222222223,0.3181818181818182,0.8340740740740741,0.5387450099351552,0.14548977385720605,0.13941054214024082,Subject16,connectivity_correlation_only,gradient_boosting
120,0,0,30,90,0.75,0.0,1.0,0.0,0.6862962962962963,0.37887233842907475,0.21503107117270345,0.1881429807576785,Subject17,connectivity_correlation_only,gradient_boosting
120,15,1,15,89,0.8666666666666667,0.5,0.9888888888888889,0.6521739130434783,0.987037037037037,0.9518555420873644,0.08335709968185338,0.16501801085231904,Subject18,connectivity_correlation_only,gradient_boosting
120,19,3,11,87,0.8833333333333333,0.6333333333333333,0.9666666666666667,0.7307692307692307,0.9618518518518518,0.8714014312086532,0.08881043199369482,0.12830057039715742,Subject19,connectivity_correlation_only,gradient_boosting
120,18,23,12,67,0.7083333333333334,0.6,0.7444444444444445,0.5070422535211268,0.6996296296296296,0.5411814302331548,0.20285649422067062,0.20821833866615685,Subject20,connectivity_correlation_only,gradient_boosting
120,4,4,26,86,0.75,0.13333333333333333,0.9555555555555556,0.21052631578947367,0.8881481481481481,0.628025101902868,0.13552771690143056,0.13036492045471146,Subject21,connectivity_correlation_only,gradient_boosting
120,0,2,30,88,0.7333333333333333,0.0,0.9777777777777777,0.0,0.8614814814814815,0.6679552651028446,0.1635531288474903,0.1407911866936761,Subject22,connectivity_correlation_only,gradient_boosting
120,3,1,27,89,0.7666666666666667,0.1,0.9888888888888889,0.17647058823529413,0.7833333333333333,0.5163385021272058,0.16146036008534156,0.10372267892062599,Subject23,connectivity_correlation_only,gradient_boosting
120,14,21,16,69,0.6916666666666667,0.4666666666666667,0.7666666666666667,0.4307692307692308,0.6855555555555555,0.48971852317531706,0.1953133290041179,0.15346609554036583,Subject24,connectivity_correlation_only,gradient_boosting
120,6,9,24,81,0.725,0.2,0.9,0.26666666666666666,0.5951851851851852,0.3955113957337877,0.19172972786376088,0.09888037230442821,Subject25,connectivity_correlation_only,gradient_boosting
120,12,27,18,63,0.625,0.4,0.7,0.34782608695652173,0.5751851851851852,0.3644478504566358,0.2239118040146254,0.18091701055322396,Subject26,connectivity_correlation_only,gradient_boosting
120,10,8,20,82,0.7666666666666667,0.3333333333333333,0.9111111111111111,0.4166666666666667,0.7918518518518518,0.49096821897580145,0.16860518375503203,0.15926392353489652,Subject27,connectivity_correlation_only,gradient_boosting
120,16,35,14,55,0.5916666666666667,0.5333333333333333,0.6111111111111112,0.3950617283950617,0.5948148148148148,0.3954434484184452,0.24379210639559676,0.2285733624183883,Subject28,connectivity_correlation_only,gradient_boosting
120,0,0,30,90,0.75,0.0,1.0,0.0,0.5151851851851852,0.2450134155399267,0.21626542632073423,0.17619502051019892,Subject29,connectivity_correlation_only,gradient_boosting
120,0,0,30,90,0.75,0.0,1.0,0.0,0.20037037037037037,0.16583155469459349,0.233344338814919,0.20057092940620402,Subject30,connectivity_correlation_only,gradient_boosting
69,11,25,19,14,0.36231884057971014,0.36666666666666664,0.358974358974359,0.3333333333333333,0.3418803418803419,0.408189748199548,0.3372296443563058,0.29344951896131394,Subject31,connectivity_correlation_only,gradient_boosting
120,0,0,30,90,0.75,0.0,1.0,0.0,0.5451851851851851,0.3017186214256464,0.19671311911402203,0.09584294422789372,Subject32,connectivity_correlation_only,gradient_boosting
120,0,0,30,90,0.75,0.0,1.0,0.0,0.7881481481481482,0.5778682262024135,0.20288814615894857,0.182741296216427,Subject33,connectivity_correlation_only,gradient_boosting
120,0,0,30,90,0.75,0.0,1.0,0.0,0.6948148148148148,0.38698127317570213,0.1967060908020785,0.1466517009597069,Subject34,connectivity_correlation_only,gradient_boosting
120,11,11,19,79,0.75,0.36666666666666664,0.8777777777777778,0.4230769230769231,0.7996296296296296,0.5591923884810683,0.15879878370656686,0.1398224339567129,Subject35,connectivity_correlation_only,gradient_boosting
120,1,0,29,90,0.7583333333333333,0.03333333333333333,1.0,0.06451612903225806,0.7914814814814815,0.6380963787920998,0.159980132942282,0.08763240159799653,Subject00,connectivity_correlation_only,xgboost
120,0,24,30,66,0.55,0.0,0.7333333333333333,0.0,0.15888888888888889,0.1543431596445357,0.31313322116629627,0.3614423957653344,Subject01,connectivity_correlation_only,xgboost
120,1,30,29,60,0.5083333333333333,0.03333333333333333,0.6666666666666666,0.03278688524590164,0.27555555555555555,0.17345058268923563,0.28619409191820844,0.28376143922408426,Subject02,connectivity_correlation_only,xgboost
120,27,7,3,83,0.9166666666666666,0.9,0.9222222222222223,0.84375,0.9788888888888889,0.9454711811215366,0.10052456153555066,0.2091113177128136,Subject03,connectivity_correlation_only,xgboost
114,18,4,12,80,0.8596491228070176,0.6,0.9523809523809523,0.6923076923076923,0.9222222222222223,0.7551149978043393,0.12360743029935543,0.1489546762681321,Subject04,connectivity_correlation_only,xgboost
120,9,8,21,82,0.7583333333333333,0.3,0.9111111111111111,0.3829787234042553,0.6144444444444443,0.3492052215127143,0.20169557467951774,0.16643160817523797,Subject05,connectivity_correlation_only,xgboost
120,0,4,30,86,0.7166666666666667,0.0,0.9555555555555556,0.0,0.5829629629629629,0.2878383648495333,0.19857065729420678,0.0838414708773295,Subject06,connectivity_correlation_only,xgboost
120,7,21,23,69,0.6333333333333333,0.23333333333333334,0.7666666666666667,0.2413793103448276,0.4981481481481481,0.24635355010007146,0.2362063335163907,0.18944078125059607,Subject07,connectivity_correlation_only,xgboost
120,0,0,30,90,0.75,0.0,1.0,0.0,0.8692592592592593,0.6273500331802232,0.14628341815584994,0.13253182830909888,Subject08,connectivity_correlation_only,xgboost
120,12,0,18,90,0.85,0.4,1.0,0.5714285714285714,0.9314814814814815,0.88395280373092,0.1132130321777228,0.15879232678562405,Subject09,connectivity_correlation_only,xgboost
123,0,3,30,90,0.7317073170731707,0.0,0.967741935483871,0.0,0.7910394265232975,0.4425672515806912,0.1664706827486373,0.11078051211145834,Subject10,connectivity_correlation_only,xgboost
120,0,2,30,88,0.7333333333333333,0.0,0.9777777777777777,0.0,0.8451851851851853,0.5796819150405984,0.15404277376539321,0.1365791301553448,Subject11,connectivity_correlation_only,xgboost
120,20,56,10,34,0.45,0.6666666666666666,0.37777777777777777,0.37735849056603776,0.4255555555555556,0.20899918292957906,0.30259615403037116,0.2915302515029907,Subject12,connectivity_correlation_only,xgboost
120,22,81,8,9,0.25833333333333336,0.7333333333333333,0.1,0.3308270676691729,0.27629629629629626,0.17402105010306082,0.3657058293265639,0.38777183691660566,Subject13,connectivity_correlation_only,xgboost
120,13,19,17,71,0.7,0.43333333333333335,0.7888888888888889,0.41935483870967744,0.5548148148148148,0.3812911434780256,0.2215340271950395,0.21936654839664696,Subject14,connectivity_correlation_only,xgboost
120,9,0,21,90,0.825,0.3,1.0,0.46153846153846156,0.832962962962963,0.7509526022091679,0.13410440871268262,0.09874091741318503,Subject15,connectivity_correlation_only,xgboost
120,1,8,29,82,0.6916666666666667,0.03333333333333333,0.9111111111111111,0.05128205128205128,0.6781481481481482,0.3563595834760389,0.18415899992602855,0.0763443423124651,Subject16,connectivity_correlation_only,xgboost
120,0,0,30,90,0.75,0.0,1.0,0.0,0.4092592592592592,0.22911569042796914,0.2207286680334755,0.1752892945117007,Subject17,connectivity_correlation_only,xgboost
120,14,0,16,90,0.8666666666666667,0.4666666666666667,1.0,0.6363636363636364,0.9892592592592593,0.9627517100050949,0.08796049376598819,0.1879954447969794,Subject18,connectivity_correlation_only,xgboost
120,12,2,18,88,0.8333333333333334,0.4,0.9777777777777777,0.5454545454545454,0.97,0.8930925844992585,0.09764960472129225,0.17914971895515922,Subject19,connectivity_correlation_only,xgboost
120,11,37,19,53,0.5333333333333333,0.36666666666666664,0.5888888888888889,0.28205128205128205,0.49,0.35483148493187733,0.24985779874621394,0.2642094977200032,Subject20,connectivity_correlation_only,xgboost
120,0,2,30,88,0.7333333333333333,0.0,0.9777777777777777,0.0,0.8096296296296297,0.47505315453077457,0.16433045635669472,0.11833732134352128,Subject21,connectivity_correlation_only,xgboost
120,0,0,30,90,0.75,0.0,1.0,0.0,0.8511111111111112,0.7763602559723084,0.15601149685945034,0.11108122610797486,Subject22,connectivity_correlation_only,xgboost
120,2,2,28,88,0.75,0.06666666666666667,0.9777777777777777,0.11764705882352941,0.785925925925926,0.5192550899951945,0.16465528824695194,0.10090274941176178,Subject23,connectivity_correlation_only,xgboost
120,5,10,25,80,0.7083333333333334,0.16666666666666666,0.8888888888888888,0.2222222222222222,0.6481481481481481,0.45065228745272456,0.18816756166714105,0.12602791792402662,Subject24,connectivity_correlation_only,xgboost
120,5,2,25,88,0.775,0.16666666666666666,0.9777777777777777,0.2702702702702703,0.652962962962963,0.5350989774548875,0.1748453870618309,0.11323839984834193,Subject25,connectivity_correlation_only,xgboost
120,9,22,21,68,0.6416666666666667,0.3,0.7555555555555555,0.29508196721311475,0.5011111111111111,0.29014173202339805,0.23529018298046817,0.19882256401081883,Subject26,connectivity_correlation_only,xgboost
120,6,4,24,86,0.7666666666666667,0.2,0.9555555555555556,0.3,0.77,0.5200876551625295,0.1590236661063089,0.09557859872778257,Subject27,connectivity_correlation_only,xgboost
120,15,34,15,56,0.5916666666666667,0.5,0.6222222222222222,0.379746835443038,0.5800000000000001,0.3461822219610048,0.23201088451826074,0.2128049697726965,Subject28,connectivity_correlation_only,xgboost
120,0,0,30,90,0.75,0.0,1.0,0.0,0.5574074074074075,0.2973210759723379,0.2081664713288757,0.16537479339167474,Subject29,connectivity_correlation_only,xgboost
120,0,0,30,90,0.75,0.0,1.0,0.0,0.17555555555555555,0.16458737437768817,0.23348062871637942,0.1965496644377708,Subject30,connectivity_correlation_only,xgboost
69,6,22,24,17,0.3333333333333333,0.2,0.4358974358974359,0.20689655172413793,0.2401709401709402,0.3608891832264158,0.3306599022266402,0.32529394047847693,Subject31,connectivity_correlation_only,xgboost
120,0,0,30,90,0.75,0.0,1.0,0.0,0.45407407407407413,0.23221490508324136,0.20006040159222843,0.09014621724685032,Subject32,connectivity_correlation_only,xgboost
120,0,0,30,90,0.75,0.0,1.0,0.0,0.7796296296296297,0.5943191610917133,0.19504185681140604,0.16224377173930407,Subject33,connectivity_correlation_only,xgboost
120,0,0,30,90,0.75,0.0,1.0,0.0,0.59,0.2933164654197586,0.19481361052808008,0.10815632430215677,Subject34,connectivity_correlation_only,xgboost
120,11,2,19,88,0.825,0.36666666666666664,0.9777777777777777,0.5116279069767442,0.78,0.6526373774062715,0.1610328036464415,0.14983450273672738,Subject35,connectivity_correlation_only,xgboost
120,6,1,24,89,0.7916666666666666,0.2,0.9888888888888889,0.32432432432432434,0.6859259259259259,0.5421878035935598,0.16312167250427004,0.08800166809717433,Subject00,best_low_dimensional_stable_combination,logistic_regression
120,27,27,3,63,0.75,0.9,0.7,0.6428571428571429,0.8744444444444445,0.7311507125156455,0.17692552174391493,0.2421727620606097,Subject01,best_low_dimensional_stable_combination,logistic_regression
120,30,37,0,53,0.6916666666666667,1.0,0.5888888888888889,0.6185567010309279,0.78,0.438466429382438,0.23661132191885664,0.2781004488575611,Subject02,best_low_dimensional_stable_combination,logistic_regression
120,7,0,23,90,0.8083333333333333,0.23333333333333334,1.0,0.3783783783783784,0.962962962962963,0.9192171828516313,0.12342422593029508,0.20306919084760267,Subject03,best_low_dimensional_stable_combination,logistic_regression
114,8,29,22,55,0.5526315789473685,0.26666666666666666,0.6547619047619048,0.23880597014925373,0.41031746031746036,0.22075657150978212,0.2824941967947197,0.2798688202138058,Subject04,best_low_dimensional_stable_combination,logistic_regression
120,8,19,22,71,0.6583333333333333,0.26666666666666666,0.7888888888888889,0.2807017543859649,0.65,0.3929048137190034,0.21376383441014254,0.18804505430194696,Subject05,best_low_dimensional_stable_combination,logistic_regression
120,30,81,0,9,0.325,1.0,0.1,0.425531914893617,0.9681481481481482,0.9372207032733348,0.33988158794677165,0.4784980898983262,Subject06,best_low_dimensional_stable_combination,logistic_regression
120,23,44,7,46,0.575,0.7666666666666667,0.5111111111111111,0.4742268041237113,0.7218518518518519,0.45578216283725353,0.26077127223645,0.3068873077468771,Subject07,best_low_dimensional_stable_combination,logistic_regression
120,24,23,6,67,0.7583333333333333,0.8,0.7444444444444445,0.6233766233766234,0.8348148148148149,0.6070316203982655,0.1951627337826132,0.22170632981383404,Subject08,best_low_dimensional_stable_combination,logistic_regression
120,6,7,24,83,0.7416666666666667,0.2,0.9222222222222223,0.27906976744186046,0.5318518518518518,0.33012444893944975,0.20869748199441904,0.1416683707534344,Subject09,best_low_dimensional_stable_combination,logistic_regression
123,20,62,10,31,0.4146341463414634,0.6666666666666666,0.3333333333333333,0.35714285714285715,0.5150537634408603,0.25160925464923595,0.29040369940749367,0.29646551706430563,Subject10,best_low_dimensional_stable_combination,logistic_regression
120,30,73,0,17,0.39166666666666666,1.0,0.18888888888888888,0.45112781954887216,0.6966666666666667,0.34580026638664796,0.37521790178781134,0.4525139088574949,Subject11,best_low_dimensional_stable_combination,logistic_regression
120,11,37,19,53,0.5333333333333333,0.36666666666666664,0.5888888888888889,0.28205128205128205,0.49666666666666665,0.23463147777962623,0.2714010916997674,0.22426639164106046,Subject12,best_low_dimensional_stable_combination,logistic_regression
120,29,89,1,1,0.25,0.9666666666666667,0.011111111111111112,0.3918918918918919,0.14185185185185187,0.15369195974262662,0.5612230188018387,0.5772778381522008,Subject13,best_low_dimensional_stable_combination,logistic_regression
120,27,73,3,17,0.36666666666666664,0.9,0.18888888888888888,0.4153846153846154,0.6085185185185185,0.3339828863151162,0.3261037848282015,0.37067459515630435,Subject14,best_low_dimensional_stable_combination,logistic_regression
120,1,1,29,89,0.75,0.03333333333333333,0.9888888888888889,0.0625,0.5929629629629629,0.3599007187763893,0.19329041268471156,0.1067829888025663,Subject15,best_low_dimensional_stable_combination,logistic_regression
120,30,39,0,51,0.675,1.0,0.5666666666666667,0.6060606060606061,0.9455555555555557,0.8906163006458465,0.20178364049709546,0.3307381648632883,Subject16,best_low_dimensional_stable_combination,logistic_regression
120,21,48,9,42,0.525,0.7,0.4666666666666667,0.42424242424242425,0.6166666666666667,0.352020845246843,0.2672398093285628,0.2871661731962721,Subject17,best_low_dimensional_stable_combination,logistic_regression
120,26,11,4,79,0.875,0.8666666666666667,0.8777777777777778,0.7761194029850746,0.9166666666666665,0.7712611204102614,0.14957774732391899,0.2658222663963821,Subject18,best_low_dimensional_stable_combination,logistic_regression
120,22,7,8,83,0.875,0.7333333333333333,0.9222222222222223,0.7457627118644068,0.9262962962962963,0.7876344530741831,0.11243601424527001,0.14585469929406136,Subject19,best_low_dimensional_stable_combination,logistic_regression
120,26,16,4,74,0.8333333333333334,0.8666666666666667,0.8222222222222222,0.7222222222222222,0.9270370370370371,0.8078458306715299,0.16304249101868884,0.23213124843646776,Subject20,best_low_dimensional_stable_combination,logistic_regression
120,24,21,6,69,0.775,0.8,0.7666666666666667,0.64,0.8462962962962963,0.5755870907854985,0.17117878718670362,0.19354716509721556,Subject21,best_low_dimensional_stable_combination,logistic_regression
120,18,2,12,88,0.8833333333333333,0.6,0.9777777777777777,0.72,0.9540740740740741,0.872482546052046,0.10209201526038841,0.1465281227743023,Subject22,best_low_dimensional_stable_combination,logistic_regression
120,1,0,29,90,0.7583333333333333,0.03333333333333333,1.0,0.06451612903225806,0.8818518518518519,0.7596122908452652,0.15165187077122727,0.16157777547821098,Subject23,best_low_dimensional_stable_combination,logistic_regression
120,18,20,12,70,0.7333333333333333,0.6,0.7777777777777778,0.5294117647058824,0.7951851851851852,0.5761691762964232,0.19528483364361354,0.2184603831423172,Subject24,best_low_dimensional_stable_combination,logistic_regression
120,3,3,27,87,0.75,0.1,0.9666666666666667,0.16666666666666666,0.604074074074074,0.3457643100585688,0.19325893799818042,0.11483458338055141,Subject25,best_low_dimensional_stable_combination,logistic_regression
120,15,12,15,78,0.775,0.5,0.8666666666666667,0.5263157894736842,0.802962962962963,0.5926390189420119,0.18778480204821132,0.19861160837601505,Subject26,best_low_dimensional_stable_combination,logistic_regression
120,30,38,0,52,0.6833333333333333,1.0,0.5777777777777777,0.6122448979591837,0.9614814814814815,0.894265142356836,0.20488463848429894,0.33178690938845273,Subject27,best_low_dimensional_stable_combination,logistic_regression
120,9,2,21,88,0.8083333333333333,0.3,0.9777777777777777,0.43902439024390244,0.9037037037037037,0.7756172337609057,0.12827130937277154,0.12294633751243052,Subject28,best_low_dimensional_stable_combination,logistic_regression
120,0,0,30,90,0.75,0.0,1.0,0.0,0.6355555555555555,0.3368263378871189,0.19305081561313103,0.1139916627715509,Subject29,best_low_dimensional_stable_combination,logistic_regression
120,26,31,4,59,0.7083333333333334,0.8666666666666667,0.6555555555555556,0.5977011494252874,0.9025925925925926,0.8272030719976688,0.1855117885920962,0.2841047267458692,Subject30,best_low_dimensional_stable_combination,logistic_regression
69,23,19,7,20,0.6231884057971014,0.7666666666666667,0.5128205128205128,0.6388888888888888,0.7384615384615385,0.715722597773596,0.22129358688013878,0.14527067648745806,Subject31,best_low_dimensional_stable_combination,logistic_regression
120,2,0,28,90,0.7666666666666667,0.06666666666666667,1.0,0.125,0.6807407407407408,0.5165790596730164,0.17138436182128103,0.06797287905509823,Subject32,best_low_dimensional_stable_combination,logistic_regression
120,20,2,10,88,0.9,0.6666666666666666,0.9777777777777777,0.7692307692307693,0.9477777777777778,0.8830816020206509,0.14565846380509692,0.25604761394792014,Subject33,best_low_dimensional_stable_combination,logistic_regression
120,8,12,22,78,0.7166666666666667,0.26666666666666666,0.8666666666666667,0.32,0.7048148148148148,0.43279016528297787,0.1769372002462765,0.07575686693916261,Subject34,best_low_dimensional_stable_combination,logistic_regression
120,30,76,0,14,0.36666666666666664,1.0,0.15555555555555556,0.4411764705882353,0.8625925925925926,0.6373932263828808,0.4098671191064451,0.5116375216555351,Subject35,best_low_dimensional_stable_combination,logistic_regression
120,1,0,29,90,0.7583333333333333,0.03333333333333333,1.0,0.06451612903225806,0.7644444444444444,0.5706233090312555,0.21540251343306185,0.20729283515181515,Subject00,best_low_dimensional_stable_combination,svm_rbf
120,17,44,13,46,0.525,0.5666666666666667,0.5111111111111111,0.37362637362637363,0.5966666666666667,0.3119359092948544,0.2310326996737703,0.14973173926425729,Subject01,best_low_dimensional_stable_combination,svm_rbf
120,30,27,0,63,0.775,1.0,0.7,0.6896551724137931,0.9714814814814816,0.9183914787847824,0.08068976950168828,0.12241933351625424,Subject02,best_low_dimensional_stable_combination,svm_rbf
120,14,0,16,90,0.8666666666666667,0.4666666666666667,1.0,0.6363636363636364,0.924074074074074,0.875637156437306,0.14335679115320846,0.15765219510706394,Subject03,best_low_dimensional_stable_combination,svm_rbf
114,3,10,27,74,0.6754385964912281,0.1,0.8809523809523809,0.13953488372093023,0.4559523809523809,0.28157482981543264,0.22860686734909746,0.17156394925142118,Subject04,best_low_dimensional_stable_combination,svm_rbf
120,15,31,15,59,0.6166666666666667,0.5,0.6555555555555556,0.39473684210526316,0.6359259259259259,0.34413680576764183,0.19849536662667658,0.12027384519660941,Subject05,best_low_dimensional_stable_combination,svm_rbf
120,16,57,14,33,0.4083333333333333,0.5333333333333333,0.36666666666666664,0.3106796116504854,0.4103703703703704,0.2214353888994952,0.2452971543035659,0.2430312531385891,Subject06,best_low_dimensional_stable_combination,svm_rbf
120,19,40,11,50,0.575,0.6333333333333333,0.5555555555555556,0.42696629213483145,0.6381481481481481,0.31486216472114115,0.22989783778079248,0.1785765763865827,Subject07,best_low_dimensional_stable_combination,svm_rbf
120,29,43,1,47,0.6333333333333333,0.9666666666666667,0.5222222222222223,0.5686274509803921,0.7825925925925925,0.4149652003310589,0.19181350129844474,0.19269084578903295,Subject08,best_low_dimensional_stable_combination,svm_rbf
120,27,42,3,48,0.625,0.9,0.5333333333333333,0.5454545454545454,0.8548148148148149,0.6768671611932463,0.1445997974107829,0.11824956759987715,Subject09,best_low_dimensional_stable_combination,svm_rbf
123,14,48,16,45,0.4796747967479675,0.4666666666666667,0.4838709677419355,0.30434782608695654,0.49928315412186375,0.32647476560442024,0.23352652631605952,0.22925040080665887,Subject10,best_low_dimensional_stable_combination,svm_rbf
120,26,71,4,19,0.375,0.8666666666666667,0.2111111111111111,0.4094488188976378,0.4588888888888889,0.22729081603674706,0.35684664643770625,0.3282677090552076,Subject11,best_low_dimensional_stable_combination,svm_rbf
120,3,62,27,28,0.25833333333333336,0.1,0.3111111111111111,0.06315789473684211,0.14555555555555555,0.15415682200882813,0.47576006175300134,0.5308555711947515,Subject12,best_low_dimensional_stable_combination,svm_rbf
120,13,87,17,3,0.13333333333333333,0.43333333333333335,0.03333333333333333,0.2,0.10555555555555556,0.1486289742345635,0.5568388810975472,0.6406034770428696,Subject13,best_low_dimensional_stable_combination,svm_rbf
120,12,46,18,44,0.4666666666666667,0.4,0.4888888888888889,0.2727272727272727,0.45851851851851855,0.24243330687893389,0.2346046279556247,0.1839716964655635,Subject14,best_low_dimensional_stable_combination,svm_rbf
120,4,1,26,89,0.775,0.13333333333333333,0.9888888888888889,0.22857142857142856,0.5425925925925925,0.4175351826557896,0.21199056478966324,0.19875881981882518,Subject15,best_low_dimensional_stable_combination,svm_rbf
120,7,40,23,50,0.475,0.23333333333333334,0.5555555555555556,0.18181818181818182,0.41000000000000003,0.2326228084144772,0.26000223601735734,0.2991924727509514,Subject16,best_low_dimensional_stable_combination,svm_rbf
120,24,35,6,55,0.6583333333333333,0.8,0.6111111111111112,0.5393258426966292,0.7385185185185186,0.39837027776882344,0.17419523731215836,0.11799961537603837,Subject17,best_low_dimensional_stable_combination,svm_rbf
120,23,22,7,68,0.7583333333333333,0.7666666666666667,0.7555555555555555,0.6133333333333333,0.8592592592592593,0.6720293983528176,0.12816600472679301,0.06061799860776698,Subject18,best_low_dimensional_stable_combination,svm_rbf
120,15,6,15,84,0.825,0.5,0.9333333333333333,0.5882352941176471,0.9277777777777778,0.719125318371167,0.1501199904943363,0.1547756338224448,Subject19,best_low_dimensional_stable_combination,svm_rbf
120,21,10,9,80,0.8416666666666667,0.7,0.8888888888888888,0.6885245901639344,0.8922222222222221,0.7090786465591215,0.1252314903274234,0.09149325661500911,Subject20,best_low_dimensional_stable_combination,svm_rbf
120,21,29,9,61,0.6833333333333333,0.7,0.6777777777777778,0.525,0.7825925925925926,0.6852125551407547,0.13445529443163562,0.11285245946362817,Subject21,best_low_dimensional_stable_combination,svm_rbf
120,23,28,7,62,0.7083333333333334,0.7666666666666667,0.6888888888888889,0.5679012345679012,0.7785185185185185,0.5403515257661379,0.1563629473135587,0.06252629771445847,Subject22,best_low_dimensional_stable_combination,svm_rbf
120,2,0,28,90,0.7666666666666667,0.06666666666666667,1.0,0.125,0.7177777777777778,0.5225636840738209,0.22042135639214608,0.21463204208440123,Subject23,best_low_dimensional_stable_combination,svm_rbf
120,18,33,12,57,0.625,0.6,0.6333333333333333,0.4444444444444444,0.6977777777777777,0.33227710826555,0.1983140015609955,0.17059660885030986,Subject24,best_low_dimensional_stable_combination,svm_rbf
120,0,0,30,90,0.75,0.0,1.0,0.0,0.5911111111111111,0.3539004511854491,0.22851984182649476,0.21248975737247205,Subject25,best_low_dimensional_stable_combination,svm_rbf
120,27,23,3,67,0.7833333333333333,0.9,0.7444444444444445,0.675,0.8864814814814814,0.7194384458473051,0.11737430098987002,0.07856475601071247,Subject26,best_low_dimensional_stable_combination,svm_rbf
120,27,41,3,49,0.6333333333333333,0.9,0.5444444444444444,0.5510204081632653,0.8266666666666667,0.5769215032325965,0.15681868055716155,0.11804557193604003,Subject27,best_low_dimensional_stable_combination,svm_rbf
120,3,9,27,81,0.7,0.1,0.9,0.14285714285714285,0.5737037037037037,0.2821727615863885,0.21785664037859104,0.17606608431875476,Subject28,best_low_dimensional_stable_combination,svm_rbf
120,0,1,30,89,0.7416666666666667,0.0,0.9888888888888889,0.0,0.5055555555555555,0.2563358110275582,0.23746734365895517,0.22920737460756213,Subject29,best_low_dimensional_stable_combination,svm_rbf
120,29,46,1,44,0.6083333333333333,0.9666666666666667,0.4888888888888889,0.5523809523809524,0.893888888888889,0.8085021148448294,0.1386381920389787,0.18626585367967163,Subject30,best_low_dimensional_stable_combination,svm_rbf
69,24,19,6,20,0.6376811594202898,0.8,0.5128205128205128,0.6575342465753424,0.6461538461538462,0.602920233992422,0.2591533523270607,0.2197464345528856,Subject31,best_low_dimensional_stable_combination,svm_rbf
120,2,0,28,90,0.7666666666666667,0.06666666666666667,1.0,0.125,0.8833333333333333,0.7703481984494336,0.20142915968478647,0.20769916354634524,Subject32,best_low_dimensional_stable_combination,svm_rbf
120,19,8,11,82,0.8416666666666667,0.6333333333333333,0.9111111111111111,0.6666666666666666,0.9159259259259259,0.7830505057179487,0.11706832084708159,0.08068474613915212,Subject33,best_low_dimensional_stable_combination,svm_rbf
120,11,16,19,74,0.7083333333333334,0.36666666666666664,0.8222222222222222,0.38596491228070173,0.6862962962962963,0.39375176458624617,0.18472395612548223,0.10819512231118664,Subject34,best_low_dimensional_stable_combination,svm_rbf
120,23,69,7,21,0.36666666666666664,0.7666666666666667,0.23333333333333334,0.3770491803278688,0.45444444444444443,0.2460972381055333,0.2758949422600339,0.2599356232985702,Subject35,best_low_dimensional_stable_combination,svm_rbf
120,0,0,30,90,0.75,0.0,1.0,0.0,0.7675925925925926,0.6154795316706894,0.18738541666666667,0.15555555555555553,Subject00,best_low_dimensional_stable_combination,random_forest
120,6,8,24,82,0.7333333333333333,0.2,0.9111111111111111,0.2727272727272727,0.6175925925925926,0.39084060028574885,0.1894484953703704,0.12090277777777776,Subject01,best_low_dimensional_stable_combination,random_forest
120,12,5,18,85,0.8083333333333333,0.4,0.9444444444444444,0.5106382978723404,0.845925925925926,0.59426525566482,0.14772627314814815,0.144375,Subject02,best_low_dimensional_stable_combination,random_forest
120,0,0,30,90,0.75,0.0,1.0,0.0,0.8938888888888888,0.7684226899286934,0.1647991898148148,0.14131944444444447,Subject03,best_low_dimensional_stable_combination,random_forest
114,0,2,30,82,0.7192982456140351,0.0,0.9761904761904762,0.0,0.4208333333333334,0.22262004899702964,0.23116654483430799,0.16235380116959064,Subject04,best_low_dimensional_stable_combination,random_forest
120,3,1,27,89,0.7666666666666667,0.1,0.9888888888888889,0.17647058823529413,0.7298148148148148,0.4415982308097347,0.1701869212962963,0.10645833333333335,Subject05,best_low_dimensional_stable_combination,random_forest
120,0,13,30,77,0.6416666666666667,0.0,0.8555555555555555,0.0,0.36666666666666664,0.19552481989046067,0.23233680555555558,0.1702777777777778,Subject06,best_low_dimensional_stable_combination,random_forest
120,5,6,25,84,0.7416666666666667,0.16666666666666666,0.9333333333333333,0.24390243902439024,0.6555555555555556,0.35197341375707264,0.18236168981481485,0.09951388888888887,Subject07,best_low_dimensional_stable_combination,random_forest
120,11,11,19,79,0.75,0.36666666666666664,0.8777777777777778,0.4230769230769231,0.8055555555555556,0.45256741700526626,0.15101331018518518,0.11048611111111113,Subject08,best_low_dimensional_stable_combination,random_forest
120,7,3,23,87,0.7833333333333333,0.23333333333333334,0.9666666666666667,0.35,0.8264814814814815,0.6108261571586423,0.14472164351851852,0.110625,Subject09,best_low_dimensional_stable_combination,random_forest
123,4,14,26,79,0.6747967479674797,0.13333333333333333,0.8494623655913979,0.16666666666666666,0.42060931899641574,0.21938141499060246,0.22855070009033424,0.153319783197832,Subject10,best_low_dimensional_stable_combination,random_forest
120,1,35,29,55,0.4666666666666667,0.03333333333333333,0.6111111111111112,0.030303030303030304,0.27870370370370373,0.17970471007050065,0.2711788194444445,0.243125,Subject11,best_low_dimensional_stable_combination,random_forest
120,0,16,30,74,0.6166666666666667,0.0,0.8222222222222222,0.0,0.13592592592592592,0.15456476664558463,0.3108460648148148,0.37666666666666665,Subject12,best_low_dimensional_stable_combination,random_forest
120,4,77,26,13,0.14166666666666666,0.13333333333333333,0.14444444444444443,0.07207207207207207,0.06296296296296296,0.14790126349262883,0.4026961805555555,0.5286805555555555,Subject13,best_low_dimensional_stable_combination,random_forest
120,1,6,29,84,0.7083333333333334,0.03333333333333333,0.9333333333333333,0.05405405405405406,0.4555555555555556,0.231151810441556,0.21052777777777779,0.14597222222222223,Subject14,best_low_dimensional_stable_combination,random_forest
120,0,0,30,90,0.75,0.0,1.0,0.0,0.7646296296296297,0.5778567916056102,0.187609375,0.15159722222222222,Subject15,best_low_dimensional_stable_combination,random_forest
120,3,18,27,72,0.625,0.1,0.8,0.11764705882352941,0.5064814814814815,0.2503597483550053,0.21475405092592592,0.19340277777777778,Subject16,best_low_dimensional_stable_combination,random_forest
120,9,7,21,83,0.7666666666666667,0.3,0.9222222222222223,0.391304347826087,0.7592592592592593,0.4796911732410988,0.1668958333333333,0.12513888888888888,Subject17,best_low_dimensional_stable_combination,random_forest
120,8,5,22,85,0.775,0.26666666666666666,0.9444444444444444,0.37209302325581395,0.8422222222222222,0.5803582885358015,0.14174305555555555,0.0911111111111111,Subject18,best_low_dimensional_stable_combination,random_forest
120,2,2,28,88,0.75,0.06666666666666667,0.9777777777777777,0.11764705882352941,0.9438888888888889,0.7582588781140437,0.1250902777777778,0.1861111111111111,Subject19,best_low_dimensional_stable_combination,random_forest
120,2,0,28,90,0.7666666666666667,0.06666666666666667,1.0,0.125,0.8390740740740741,0.6558159395213269,0.14859895833333336,0.10979166666666669,Subject20,best_low_dimensional_stable_combination,random_forest
120,3,2,27,88,0.7583333333333333,0.1,0.9777777777777777,0.17142857142857143,0.711111111111111,0.4663886869070879,0.16759953703703703,0.09361111111111113,Subject21,best_low_dimensional_stable_combination,random_forest
120,1,0,29,90,0.7583333333333333,0.03333333333333333,1.0,0.06451612903225806,0.7327777777777779,0.5285538080669645,0.16686979166666666,0.06270833333333332,Subject22,best_low_dimensional_stable_combination,random_forest
120,0,0,30,90,0.75,0.0,1.0,0.0,0.8292592592592591,0.6565931727024128,0.1993402777777778,0.19125000000000003,Subject23,best_low_dimensional_stable_combination,random_forest
120,7,4,23,86,0.775,0.23333333333333334,0.9555555555555556,0.34146341463414637,0.7831481481481481,0.5074052014429201,0.15456481481481482,0.09555555555555555,Subject24,best_low_dimensional_stable_combination,random_forest
120,0,0,30,90,0.75,0.0,1.0,0.0,0.7383333333333333,0.4527745252621538,0.20552025462962964,0.17631944444444445,Subject25,best_low_dimensional_stable_combination,random_forest
120,0,1,30,89,0.7416666666666667,0.0,0.9888888888888889,0.0,0.827037037037037,0.48956840060471185,0.16040509259259259,0.15472222222222223,Subject26,best_low_dimensional_stable_combination,random_forest
120,22,10,8,80,0.85,0.7333333333333333,0.8888888888888888,0.7096774193548387,0.9112962962962964,0.7640189353755805,0.13357986111111111,0.15944444444444442,Subject27,best_low_dimensional_stable_combination,random_forest
120,2,1,28,89,0.7583333333333333,0.06666666666666667,0.9888888888888889,0.12121212121212122,0.54,0.3851524937032124,0.1885445601851852,0.10076388888888889,Subject28,best_low_dimensional_stable_combination,random_forest
120,0,0,30,90,0.75,0.0,1.0,0.0,0.47018518518518515,0.23454294046703472,0.23550925925925928,0.2111111111111111,Subject29,best_low_dimensional_stable_combination,random_forest
120,4,2,26,88,0.7666666666666667,0.13333333333333333,0.9777777777777777,0.2222222222222222,0.8081481481481481,0.5781738850197938,0.15406192129629628,0.10562499999999997,Subject30,best_low_dimensional_stable_combination,random_forest
69,10,2,20,37,0.6811594202898551,0.3333333333333333,0.9487179487179487,0.47619047619047616,0.6452991452991453,0.5963625900161157,0.2397584541062802,0.15797101449275364,Subject31,best_low_dimensional_stable_combination,random_forest
120,0,0,30,90,0.75,0.0,1.0,0.0,0.8857407407407407,0.6722039994309378,0.16323726851851852,0.13958333333333334,Subject32,best_low_dimensional_stable_combination,random_forest
120,6,0,24,90,0.8,0.2,1.0,0.3333333333333333,0.8785185185185185,0.8053503804738753,0.12816550925925926,0.08236111111111113,Subject33,best_low_dimensional_stable_combination,random_forest
120,1,0,29,90,0.7583333333333333,0.03333333333333333,1.0,0.06451612903225806,0.7742592592592592,0.5635282374630884,0.16006828703703704,0.056666666666666664,Subject34,best_low_dimensional_stable_combination,random_forest
120,16,25,14,65,0.675,0.5333333333333333,0.7222222222222222,0.4507042253521127,0.7174074074074074,0.40048343293735905,0.20603067129629632,0.19256944444444443,Subject35,best_low_dimensional_stable_combination,random_forest
120,0,0,30,90,0.75,0.0,1.0,0.0,0.8661111111111112,0.7498784662375327,0.18629479179608363,0.1550746710871116,Subject00,best_low_dimensional_stable_combination,gradient_boosting
120,15,16,15,74,0.7416666666666667,0.5,0.8222222222222222,0.4918032786885246,0.7670370370370371,0.45856803630555093,0.17909200842550627,0.13642641994726545,Subject01,best_low_dimensional_stable_combination,gradient_boosting
120,5,8,25,82,0.725,0.16666666666666666,0.9111111111111111,0.23255813953488372,0.7122222222222222,0.4014480007313651,0.17354172978304677,0.06594117326903025,Subject02,best_low_dimensional_stable_combination,gradient_boosting
120,1,0,29,90,0.7583333333333333,0.03333333333333333,1.0,0.06451612903225806,0.7785185185185185,0.6969009665982733,0.16968757162152054,0.12135076188512799,Subject03,best_low_dimensional_stable_combination,gradient_boosting
114,0,0,30,84,0.7368421052631579,0.0,1.0,0.0,0.44880952380952377,0.23863466527731858,0.22266213979290084,0.1626095087173681,Subject04,best_low_dimensional_stable_combination,gradient_boosting
120,3,2,27,88,0.7583333333333333,0.1,0.9777777777777777,0.17142857142857143,0.7459259259259259,0.45596123688720464,0.1707142522098278,0.0999692733581419,Subject05,best_low_dimensional_stable_combination,gradient_boosting
120,15,25,15,65,0.6666666666666666,0.5,0.7222222222222222,0.42857142857142855,0.6462962962962963,0.4499736124562179,0.20932455454312676,0.17297262640562566,Subject06,best_low_dimensional_stable_combination,gradient_boosting
120,7,9,23,81,0.7333333333333333,0.23333333333333334,0.9,0.30434782608695654,0.7122222222222223,0.4097861636644725,0.1722286500107225,0.0730352070504908,Subject07,best_low_dimensional_stable_combination,gradient_boosting
120,9,20,21,70,0.6583333333333333,0.3,0.7777777777777778,0.3050847457627119,0.7325925925925926,0.36174386461194413,0.1832479705439886,0.16753285053314626,Subject08,best_low_dimensional_stable_combination,gradient_boosting
120,7,5,23,85,0.7666666666666667,0.23333333333333334,0.9444444444444444,0.3333333333333333,0.8637037037037038,0.6097266900426499,0.14129589335670356,0.13891489801041618,Subject09,best_low_dimensional_stable_combination,gradient_boosting
123,6,17,24,76,0.6666666666666666,0.2,0.8172043010752689,0.22641509433962265,0.482078853046595,0.24781622874928613,0.22064717717673002,0.16877118850449527,Subject10,best_low_dimensional_stable_combination,gradient_boosting
120,12,63,18,27,0.325,0.4,0.3,0.22857142857142856,0.267037037037037,0.17210155236394367,0.34157825251792645,0.35010493915655677,Subject11,best_low_dimensional_stable_combination,gradient_boosting
120,0,25,30,65,0.5416666666666666,0.0,0.7222222222222222,0.0,0.14074074074074072,0.15255369431965804,0.3290066784290637,0.3745657131305539,Subject12,best_low_dimensional_stable_combination,gradient_boosting
120,7,84,23,6,0.10833333333333334,0.23333333333333334,0.06666666666666667,0.11570247933884298,0.04851851851851851,0.1432265837930381,0.49042311563756846,0.5964019741780454,Subject13,best_low_dimensional_stable_combination,gradient_boosting
120,3,11,27,79,0.6833333333333333,0.1,0.8777777777777778,0.13636363636363635,0.5118518518518518,0.2759346587808184,0.21182176510249,0.1304101580922669,Subject14,best_low_dimensional_stable_combination,gradient_boosting
120,0,0,30,90,0.75,0.0,1.0,0.0,0.6925925925925925,0.5067627528168028,0.19878123013826,0.16718186156011228,Subject15,best_low_dimensional_stable_combination,gradient_boosting
120,4,25,26,65,0.575,0.13333333333333333,0.7222222222222222,0.13559322033898305,0.5533333333333333,0.30818920745153083,0.20772290353672815,0.2308444831970343,Subject16,best_low_dimensional_stable_combination,gradient_boosting
120,8,13,22,77,0.7083333333333334,0.26666666666666666,0.8555555555555555,0.3137254901960784,0.7062962962962962,0.4555234455740381,0.17720405005242623,0.08255928511053047,Subject17,best_low_dimensional_stable_combination,gradient_boosting
120,15,8,15,82,0.8083333333333333,0.5,0.9111111111111111,0.5660377358490566,0.8733333333333333,0.6401209918459863,0.12984078082329,0.09316985623926441,Subject18,best_low_dimensional_stable_combination,gradient_boosting
120,1,1,29,89,0.75,0.03333333333333333,0.9888888888888889,0.0625,0.9318518518518518,0.7208127150583905,0.1333015858430738,0.18755045645392443,Subject19,best_low_dimensional_stable_combination,gradient_boosting
120,6,0,24,90,0.8,0.2,1.0,0.3333333333333333,0.9344444444444444,0.8522505726418184,0.12447123904340315,0.14566103008702005,Subject20,best_low_dimensional_stable_combination,gradient_boosting
120,5,4,25,86,0.7583333333333333,0.16666666666666666,0.9555555555555556,0.2564102564102564,0.7459259259259259,0.49310961231100775,0.160772227439764,0.07065978334331056,Subject21,best_low_dimensional_stable_combination,gradient_boosting
120,1,1,29,89,0.75,0.03333333333333333,0.9888888888888889,0.0625,0.8466666666666668,0.6298690964943187,0.15300218462168094,0.1048311922605175,Subject22,best_low_dimensional_stable_combination,gradient_boosting
120,1,0,29,90,0.7583333333333333,0.03333333333333333,1.0,0.06451612903225806,0.7933333333333333,0.6694116967573508,0.19792172623585796,0.1718006047755842,Subject23,best_low_dimensional_stable_combination,gradient_boosting
120,5,6,25,84,0.7416666666666667,0.16666666666666666,0.9333333333333333,0.24390243902439024,0.7640740740740741,0.43269290086150225,0.16348887561637268,0.07470092367002903,Subject24,best_low_dimensional_stable_combination,gradient_boosting
120,0,0,30,90,0.75,0.0,1.0,0.0,0.794074074074074,0.4938028700736877,0.19671891019142548,0.16263489157054684,Subject25,best_low_dimensional_stable_combination,gradient_boosting
120,7,2,23,88,0.7916666666666666,0.23333333333333334,0.9777777777777777,0.358974358974359,0.8133333333333334,0.6205134559436081,0.1457810800664337,0.05981033784512165,Subject26,best_low_dimensional_stable_combination,gradient_boosting
120,16,11,14,79,0.7916666666666666,0.5333333333333333,0.8777777777777778,0.5614035087719298,0.864074074074074,0.6365617736940484,0.14271193418552902,0.11993720578099921,Subject27,best_low_dimensional_stable_combination,gradient_boosting
120,0,0,30,90,0.75,0.0,1.0,0.0,0.6659259259259259,0.44302331447272275,0.18077308404311884,0.08510686721627823,Subject28,best_low_dimensional_stable_combination,gradient_boosting
120,0,0,30,90,0.75,0.0,1.0,0.0,0.5101851851851851,0.25401086441874043,0.22439128985906057,0.18948276222908392,Subject29,best_low_dimensional_stable_combination,gradient_boosting
120,13,5,17,85,0.8166666666666667,0.43333333333333335,0.9444444444444444,0.5416666666666666,0.7862962962962963,0.6660483455410882,0.1564180432101386,0.1352539095583956,Subject30,best_low_dimensional_stable_combination,gradient_boosting
69,11,3,19,36,0.6811594202898551,0.36666666666666664,0.9230769230769231,0.5,0.7598290598290598,0.6433817415577804,0.20968257666887993,0.1706182062088579,Subject31,best_low_dimensional_stable_combination,gradient_boosting
120,3,1,27,89,0.7666666666666667,0.1,0.9888888888888889,0.17647058823529413,0.8522222222222222,0.6279786144521446,0.15861976338505065,0.14004955717711914,Subject32,best_low_dimensional_stable_combination,gradient_boosting
120,7,1,23,89,0.8,0.23333333333333334,0.9888888888888889,0.3684210526315789,0.9581481481481481,0.8781768181319334,0.12158874640604772,0.11834579761013551,Subject33,best_low_dimensional_stable_combination,gradient_boosting
120,0,2,30,88,0.7333333333333333,0.0,0.9777777777777777,0.0,0.5581481481481482,0.28108745276313996,0.19880932101744778,0.1332699549758962,Subject34,best_low_dimensional_stable_combination,gradient_boosting
120,27,38,3,52,0.6583333333333333,0.9,0.5777777777777777,0.5684210526315789,0.8455555555555556,0.6645531698497477,0.20915439199434235,0.25814270328337346,Subject35,best_low_dimensional_stable_combination,gradient_boosting
120,0,0,30,90,0.75,0.0,1.0,0.0,0.882962962962963,0.7823273598446997,0.17851386858216542,0.14782536818335454,Subject00,best_low_dimensional_stable_combination,xgboost
120,8,7,22,83,0.7583333333333333,0.26666666666666666,0.9222222222222223,0.35555555555555557,0.7825925925925926,0.4989996805054878,0.16532896656512514,0.08719620270033679,Subject01,best_low_dimensional_stable_combination,xgboost
120,5,5,25,85,0.75,0.16666666666666666,0.9444444444444444,0.25,0.8181481481481482,0.5149368335411529,0.15471306792220038,0.1064695417881012,Subject02,best_low_dimensional_stable_combination,xgboost
120,1,0,29,90,0.7583333333333333,0.03333333333333333,1.0,0.06451612903225806,0.8388888888888889,0.7774635164729031,0.1623595129886749,0.11635588910430669,Subject03,best_low_dimensional_stable_combination,xgboost
114,0,0,30,84,0.7368421052631579,0.0,1.0,0.0,0.49523809523809526,0.24705905267782605,0.21578204695953884,0.15139680592702667,Subject04,best_low_dimensional_stable_combination,xgboost
120,3,0,27,90,0.775,0.1,1.0,0.18181818181818182,0.7596296296296297,0.5053097885765541,0.1658447771475385,0.08868870449562867,Subject05,best_low_dimensional_stable_combination,xgboost
120,12,21,18,69,0.675,0.4,0.7666666666666667,0.38095238095238093,0.5800000000000001,0.3101358493558781,0.21043493739670038,0.13576326711724201,Subject06,best_low_dimensional_stable_combination,xgboost
120,6,11,24,79,0.7083333333333334,0.2,0.8777777777777778,0.2553191489361702,0.6881481481481482,0.3542808930606425,0.1787232316193343,0.09062880060325065,Subject07,best_low_dimensional_stable_combination,xgboost
120,4,14,26,76,0.6666666666666666,0.13333333333333333,0.8444444444444444,0.16666666666666666,0.7477777777777778,0.37141329269721274,0.1699281251178659,0.1433087800939878,Subject08,best_low_dimensional_stable_combination,xgboost
120,6,3,24,87,0.775,0.2,0.9666666666666667,0.3076923076923077,0.894074074074074,0.6461638204557578,0.1398653835756593,0.1325674192669491,Subject09,best_low_dimensional_stable_combination,xgboost
123,2,12,28,81,0.6747967479674797,0.06666666666666667,0.8709677419354839,0.09090909090909091,0.4053763440860215,0.21686582353794337,0.22431158698701428,0.21989814931057333,Subject10,best_low_dimensional_stable_combination,xgboost
120,18,59,12,31,0.4083333333333333,0.6,0.34444444444444444,0.3364485981308411,0.40777777777777774,0.20430536472110442,0.29343004910438114,0.28979866703351337,Subject11,best_low_dimensional_stable_combination,xgboost
120,0,17,30,73,0.6083333333333333,0.0,0.8111111111111111,0.0,0.14925925925925926,0.15327444525807332,0.3021695389214826,0.374265336835136,Subject12,best_low_dimensional_stable_combination,xgboost
120,4,87,26,3,0.058333333333333334,0.13333333333333333,0.03333333333333333,0.06611570247933884,0.028888888888888874,0.14227988266058098,0.4686011990229784,0.6287417579442263,Subject13,best_low_dimensional_stable_combination,xgboost
120,2,10,28,80,0.6833333333333333,0.06666666666666667,0.8888888888888888,0.09523809523809523,0.4222222222222222,0.2425887735017231,0.2206633940139272,0.17752398923039434,Subject14,best_low_dimensional_stable_combination,xgboost
120,0,0,30,90,0.75,0.0,1.0,0.0,0.7040740740740741,0.5316280959263365,0.19640622373914063,0.1622791588306427,Subject15,best_low_dimensional_stable_combination,xgboost
120,6,9,24,81,0.725,0.2,0.9,0.26666666666666666,0.6685185185185185,0.39365696797575667,0.1843128157498232,0.15832789149135348,Subject16,best_low_dimensional_stable_combination,xgboost
120,8,12,22,78,0.7166666666666667,0.26666666666666666,0.8666666666666667,0.32,0.7370370370370369,0.4440747839447363,0.17333303788235246,0.08866373666872579,Subject17,best_low_dimensional_stable_combination,xgboost
120,13,4,17,86,0.825,0.43333333333333335,0.9555555555555556,0.5531914893617021,0.8833333333333333,0.6530916431789502,0.13143599873139744,0.11258191503584383,Subject18,best_low_dimensional_stable_combination,xgboost
120,1,0,29,90,0.7583333333333333,0.03333333333333333,1.0,0.06451612903225806,0.9425925925925925,0.7755735294585216,0.1256566816537999,0.1944573332245151,Subject19,best_low_dimensional_stable_combination,xgboost
120,2,0,28,90,0.7666666666666667,0.06666666666666667,1.0,0.125,0.9351851851851851,0.8338094256750328,0.13234674435680585,0.17968244434644778,Subject20,best_low_dimensional_stable_combination,xgboost
120,4,3,26,87,0.7583333333333333,0.13333333333333333,0.9666666666666667,0.21621621621621623,0.7914814814814815,0.565968371375926,0.15494079277228304,0.0793145795042316,Subject21,best_low_dimensional_stable_combination,xgboost
120,1,0,29,90,0.7583333333333333,0.03333333333333333,1.0,0.06451612903225806,0.8662962962962962,0.7573133634767021,0.14567166077522783,0.10867876450841626,Subject22,best_low_dimensional_stable_combination,xgboost
120,0,0,30,90,0.75,0.0,1.0,0.0,0.8196296296296297,0.68469837134719,0.19526289676621425,0.1637381481938064,Subject23,best_low_dimensional_stable_combination,xgboost
120,7,6,23,84,0.7583333333333333,0.23333333333333334,0.9333333333333333,0.32558139534883723,0.8166666666666667,0.49992755150692136,0.15317829284366494,0.08293972555547953,Subject24,best_low_dimensional_stable_combination,xgboost
120,0,0,30,90,0.75,0.0,1.0,0.0,0.7640740740740741,0.4739743398564483,0.20327805957476094,0.15897761154919862,Subject25,best_low_dimensional_stable_combination,xgboost
120,5,1,25,89,0.7833333333333333,0.16666666666666666,0.9888888888888889,0.2777777777777778,0.8066666666666666,0.598933191256849,0.1564098373308342,0.08672807393595576,Subject26,best_low_dimensional_stable_combination,xgboost
120,12,8,18,82,0.7833333333333333,0.4,0.9111111111111111,0.48,0.8881481481481481,0.6412065616656606,0.13641586447442097,0.1526176258921623,Subject27,best_low_dimensional_stable_combination,xgboost
120,0,0,30,90,0.75,0.0,1.0,0.0,0.7081481481481481,0.5812343773263688,0.1715326749055947,0.10528688688452045,Subject28,best_low_dimensional_stable_combination,xgboost
120,0,0,30,90,0.75,0.0,1.0,0.0,0.6633333333333333,0.3874839566094586,0.21994721806935597,0.19181672356401883,Subject29,best_low_dimensional_stable_combination,xgboost
120,10,3,20,87,0.8083333333333333,0.3333333333333333,0.9666666666666667,0.46511627906976744,0.8377777777777777,0.6861936053095616,0.1458127660405091,0.17189446526269117,Subject30,best_low_dimensional_stable_combination,xgboost
69,11,1,19,38,0.7101449275362319,0.36666666666666664,0.9743589743589743,0.5238095238095238,0.7965811965811966,0.7379045004007554,0.19828844887555117,0.1594632976297019,Subject31,best_low_dimensional_stable_combination,xgboost
120,3,1,27,89,0.7666666666666667,0.1,0.9888888888888889,0.17647058823529413,0.8951851851851853,0.7279064387103402,0.15899546306360557,0.1639731360288958,Subject32,best_low_dimensional_stable_combination,xgboost
120,6,0,24,90,0.8,0.2,1.0,0.3333333333333333,0.9666666666666666,0.9129162450094453,0.12218931906840072,0.15663136228298147,Subject33,best_low_dimensional_stable_combination,xgboost
120,1,3,29,87,0.7333333333333333,0.03333333333333333,0.9666666666666667,0.058823529411764705,0.8048148148148149,0.5290171384324247,0.1586632415346824,0.10525763649493455,Subject34,best_low_dimensional_stable_combination,xgboost
120,25,29,5,61,0.7166666666666667,0.8333333333333334,0.6777777777777778,0.5952380952380952,0.8337037037037037,0.6136703380036619,0.2011107287490375,0.2229293964803219,Subject35,best_low_dimensional_stable_combination,xgboost
120,19,18,11,72,0.7583333333333333,0.6333333333333333,0.8,0.5671641791044776,0.7996296296296297,0.6919733994860803,0.1682102496978784,0.1855785368719466,Subject00,SNWA_only,SNWA
120,6,23,24,67,0.6083333333333333,0.2,0.7444444444444445,0.2033898305084746,0.3537037037037037,0.21373807716489066,0.27568666962893684,0.2615815011696964,Subject01,SNWA_only,SNWA
120,29,23,1,67,0.8,0.9666666666666667,0.7444444444444445,0.7073170731707317,0.8959259259259259,0.7191399316580392,0.15290562439471608,0.20935138646721563,Subject02,SNWA_only,SNWA
120,29,20,1,70,0.825,0.9666666666666667,0.7777777777777778,0.7341772151898734,0.9644444444444444,0.884728943338507,0.1303712948064621,0.23875241341285042,Subject03,SNWA_only,SNWA
114,9,19,21,65,0.6491228070175439,0.3,0.7738095238095238,0.3103448275862069,0.5952380952380952,0.30190563646824997,0.2198929098469014,0.13760379219779229,Subject04,SNWA_only,SNWA
120,10,29,20,61,0.5916666666666667,0.3333333333333333,0.6777777777777778,0.2898550724637681,0.53,0.3628122203799238,0.2656990551816845,0.2310049568342822,Subject05,SNWA_only,SNWA
120,29,18,1,72,0.8416666666666667,0.9666666666666667,0.8,0.7532467532467533,0.9874074074074074,0.9759083926825862,0.13404704105994197,0.27404184498248496,Subject06,SNWA_only,SNWA
120,13,27,17,63,0.6333333333333333,0.43333333333333335,0.7,0.37142857142857144,0.6848148148148148,0.39280700124626405,0.20024617013889623,0.1417144649205768,Subject07,SNWA_only,SNWA
120,24,19,6,71,0.7916666666666666,0.8,0.7888888888888889,0.6575342465753424,0.8607407407407408,0.5945979257205449,0.16653252461878362,0.18164932952744886,Subject08,SNWA_only,SNWA
120,29,21,1,69,0.8166666666666667,0.9666666666666667,0.7666666666666667,0.725,0.9162962962962963,0.6992181599702665,0.15865897188712524,0.23267394036802852,Subject09,SNWA_only,SNWA
123,6,18,24,75,0.6585365853658537,0.2,0.8064516129032258,0.2222222222222222,0.44408602150537635,0.27116270502878137,0.23162928063408617,0.23442669680697806,Subject10,SNWA_only,SNWA
120,18,14,12,76,0.7833333333333333,0.6,0.8444444444444444,0.5806451612903226,0.8200000000000001,0.4857449273880176,0.17310179615423657,0.15656613754031853,Subject11,SNWA_only,SNWA
120,0,30,30,60,0.5,0.0,0.6666666666666666,0.0,0.0885185185185185,0.14721024920119144,0.34767677210734244,0.44670210089697526,Subject12,SNWA_only,SNWA
120,0,21,30,69,0.575,0.0,0.7666666666666667,0.0,0.08074074074074072,0.1475765118130803,0.31707370071691277,0.38054108749463467,Subject13,SNWA_only,SNWA
120,5,13,25,77,0.6833333333333333,0.16666666666666666,0.8555555555555555,0.20833333333333334,0.49000000000000005,0.2812272961480178,0.22539220558265877,0.14705318415321664,Subject14,SNWA_only,SNWA
120,24,26,6,64,0.7333333333333333,0.8,0.7111111111111111,0.6,0.8918518518518519,0.7621440722348163,0.1593774718058262,0.217261666028197,Subject15,SNWA_only,SNWA
120,29,19,1,71,0.8333333333333334,0.9666666666666667,0.7888888888888889,0.7435897435897436,0.9866666666666666,0.9717880622034389,0.12440146296951553,0.26845060475890664,Subject16,SNWA_only,SNWA
120,11,14,19,76,0.725,0.36666666666666664,0.8444444444444444,0.4,0.6859259259259259,0.41316310528940536,0.1888573407254641,0.11244702358252884,Subject17,SNWA_only,SNWA
120,20,25,10,65,0.7083333333333334,0.6666666666666666,0.7222222222222222,0.5333333333333333,0.7277777777777779,0.5357255656092538,0.1987484007930265,0.21600714660978143,Subject18,SNWA_only,SNWA
120,30,20,0,70,0.8333333333333334,1.0,0.7777777777777778,0.75,0.9540740740740741,0.7389529742881584,0.15340235707911926,0.27320456289417,Subject19,SNWA_only,SNWA
120,24,22,6,68,0.7666666666666667,0.8,0.7555555555555555,0.631578947368421,0.8662962962962963,0.7163798790290907,0.15863941913650337,0.18303316227081784,Subject20,SNWA_only,SNWA
120,26,21,4,69,0.7916666666666666,0.8666666666666667,0.7666666666666667,0.6753246753246753,0.8922222222222222,0.7316577647914451,0.15531387004838682,0.1896789230513616,Subject21,SNWA_only,SNWA
120,24,22,6,68,0.7666666666666667,0.8,0.7555555555555555,0.631578947368421,0.854074074074074,0.6130800072338773,0.17799781931442868,0.2116649157481683,Subject22,SNWA_only,SNWA
120,26,17,4,73,0.825,0.8666666666666667,0.8111111111111111,0.7123287671232876,0.917037037037037,0.7779197708550671,0.15107916464368232,0.20259053421745482,Subject23,SNWA_only,SNWA
120,26,21,4,69,0.7916666666666666,0.8666666666666667,0.7666666666666667,0.6753246753246753,0.8985185185185185,0.7299489384357214,0.17285321194482067,0.2520147103358097,Subject24,SNWA_only,SNWA
120,5,14,25,76,0.675,0.16666666666666666,0.8444444444444444,0.20408163265306123,0.5185185185185186,0.2616002252088413,0.2162300401576647,0.10598443925935117,Subject25,SNWA_only,SNWA
120,23,24,7,66,0.7416666666666667,0.7666666666666667,0.7333333333333333,0.5974025974025974,0.8325925925925926,0.543956901762235,0.18348592098178174,0.20493668558123146,Subject26,SNWA_only,SNWA
120,30,26,0,64,0.7833333333333333,1.0,0.7111111111111111,0.6976744186046512,0.9385185185185185,0.7692747591305533,0.16510592454326556,0.26081839568989224,Subject27,SNWA_only,SNWA
120,30,15,0,75,0.875,1.0,0.8333333333333334,0.8,0.9933333333333334,0.9816039494243517,0.11560874873330666,0.2512673513672403,Subject28,SNWA_only,SNWA
120,23,20,7,70,0.775,0.7666666666666667,0.7777777777777778,0.6301369863013698,0.8322222222222222,0.5227359874497916,0.17763987988291494,0.18496140193724991,Subject29,SNWA_only,SNWA
120,20,21,10,69,0.7416666666666667,0.6666666666666666,0.7666666666666667,0.5633802816901409,0.7533333333333334,0.46375159016810125,0.19137941905380002,0.19215904519415047,Subject30,SNWA_only,SNWA
69,21,8,9,31,0.7536231884057971,0.7,0.7948717948717948,0.711864406779661,0.8017094017094017,0.7841706477848294,0.18039172671932102,0.11183247912787997,Subject31,SNWA_only,SNWA
120,21,20,9,70,0.7583333333333333,0.7,0.7777777777777778,0.5915492957746479,0.8674074074074074,0.7475188445421506,0.15105141604290104,0.1845556441369136,Subject32,SNWA_only,SNWA
120,30,22,0,68,0.8166666666666667,1.0,0.7555555555555555,0.7317073170731707,0.9955555555555556,0.9840164820569054,0.1354567925929401,0.27544819790534475,Subject33,SNWA_only,SNWA
120,27,20,3,70,0.8083333333333333,0.9,0.7777777777777778,0.7012987012987013,0.9151851851851852,0.7335968153251491,0.1501056210841709,0.20449697163894395,Subject34,SNWA_only,SNWA
120,19,18,11,72,0.7583333333333333,0.6333333333333333,0.8,0.5671641791044776,0.8296296296296296,0.6826926959140617,0.16225473611937322,0.17799985342358923,Subject35,SNWA_only,SNWA
