dataset,subject_id,model,true_label,pred_label,score_workload,fold
MAT,Subject00,logistic_regression,0,1,0.6312401507660708,0
MAT,Subject00,logistic_regression,0,1,0.8339615883898025,0
MAT,Subject00,logistic_regression,0,0,0.36550012772248347,0
MAT,Subject00,logistic_regression,0,0,0.20774708892280752,0
MAT,Subject00,logistic_regression,0,0,0.036776718325874674,0
MAT,Subject00,logistic_regression,0,0,0.004831432132668064,0
MAT,Subject00,logistic_regression,0,0,0.017845717229146216,0
MAT,Subject00,logistic_regression,0,0,0.03805539753846198,0
MAT,Subject00,logistic_regression,0,0,0.006018485351429569,0
MAT,Subject00,logistic_regression,0,0,0.004259217080548531,0
MAT,Subject00,logistic_regression,0,0,0.08865019430647575,0
MAT,Subject00,logistic_regression,0,1,0.7240426364985191,0
MAT,Subject00,logistic_regression,0,0,0.49640599628386817,0
MAT,Subject00,logistic_regression,0,0,0.1079807871190012,0
MAT,Subject00,logistic_regression,0,0,0.183659540268005,0
MAT,Subject00,logistic_regression,0,0,0.05930549937772652,0
MAT,Subject00,logistic_regression,0,0,0.09450737690563901,0
MAT,Subject00,logistic_regression,0,0,0.0977942620835452,0
MAT,Subject00,logistic_regression,0,0,0.2219812634534836,0
MAT,Subject00,logistic_regression,0,0,0.2657250707778544,0
MAT,Subject00,logistic_regression,0,0,0.06425409178349731,0
MAT,Subject00,logistic_regression,0,0,0.0070421573015252885,0
MAT,Subject00,logistic_regression,0,0,0.34665514112768164,0
MAT,Subject00,logistic_regression,0,1,0.6857935305275148,0
MAT,Subject00,logistic_regression,0,0,0.05283106085892462,0
MAT,Subject00,logistic_regression,0,0,0.14287651238514887,0
MAT,Subject00,logistic_regression,0,0,0.41125079639532874,0
MAT,Subject00,logistic_regression,0,0,0.06793998424405014,0
MAT,Subject00,logistic_regression,0,0,0.036577213172689325,0
MAT,Subject00,logistic_regression,0,0,0.1551266086727241,0
MAT,Subject00,logistic_regression,0,0,0.20547788027734298,0
MAT,Subject00,logistic_regression,0,1,0.5220343975612327,0
MAT,Subject00,logistic_regression,0,0,0.41456778357754037,0
MAT,Subject00,logistic_regression,0,0,0.16539299808619504,0
MAT,Subject00,logistic_regression,0,0,0.06590088922135592,0
MAT,Subject00,logistic_regression,0,0,0.12995813027960998,0
MAT,Subject00,logistic_regression,0,0,0.06690431009632285,0
MAT,Subject00,logistic_regression,0,0,0.01703853224148375,0
MAT,Subject00,logistic_regression,0,0,0.02313418562984032,0
MAT,Subject00,logistic_regression,0,0,0.12636667064697268,0
MAT,Subject00,logistic_regression,0,0,0.20434697447455488,0
MAT,Subject00,logistic_regression,0,0,0.18446860527221504,0
MAT,Subject00,logistic_regression,0,0,0.14083096090995048,0
MAT,Subject00,logistic_regression,0,1,0.9189587255037367,0
MAT,Subject00,logistic_regression,0,1,0.9994213794351378,0
MAT,Subject00,logistic_regression,0,1,0.8955177084328177,0
MAT,Subject00,logistic_regression,0,0,0.32076661800285455,0
MAT,Subject00,logistic_regression,0,0,0.028849506825004177,0
MAT,Subject00,logistic_regression,0,0,0.04893694707416876,0
MAT,Subject00,logistic_regression,0,0,0.010510106831923108,0
MAT,Subject00,logistic_regression,0,0,0.020394288103503296,0
MAT,Subject00,logistic_regression,0,0,0.01943608932416517,0
MAT,Subject00,logistic_regression,0,0,0.06158725850546764,0
MAT,Subject00,logistic_regression,0,0,0.13862106873846564,0
MAT,Subject00,logistic_regression,0,0,0.044587855394602464,0
MAT,Subject00,logistic_regression,0,0,0.09855806839162723,0
MAT,Subject00,logistic_regression,0,0,0.1738383961320109,0
MAT,Subject00,logistic_regression,0,1,0.5337334188093357,0
MAT,Subject00,logistic_regression,0,0,0.0676879912241844,0
MAT,Subject00,logistic_regression,0,0,0.01628408763765319,0
MAT,Subject00,logistic_regression,0,0,0.03855646606184387,0
MAT,Subject00,logistic_regression,0,0,0.0752254932241599,0
MAT,Subject00,logistic_regression,0,0,0.12672055542057756,0
MAT,Subject00,logistic_regression,0,0,0.059329997829374044,0
MAT,Subject00,logistic_regression,0,0,0.04427359411243145,0
MAT,Subject00,logistic_regression,0,0,0.11742977087080243,0
MAT,Subject00,logistic_regression,0,1,0.687634461667244,0
MAT,Subject00,logistic_regression,0,1,0.9008532158705669,0
MAT,Subject00,logistic_regression,0,1,0.967480888806346,0
MAT,Subject00,logistic_regression,0,1,0.7217707625440988,0
MAT,Subject00,logistic_regression,0,0,0.02021989748513873,0
MAT,Subject00,logistic_regression,0,0,0.09958399325428599,0
MAT,Subject00,logistic_regression,0,1,0.8932742646044632,0
MAT,Subject00,logistic_regression,0,1,0.5943393026857047,0
MAT,Subject00,logistic_regression,0,0,0.38487722049156464,0
MAT,Subject00,logistic_regression,0,1,0.5812094182578713,0
MAT,Subject00,logistic_regression,0,1,0.5854647615084057,0
MAT,Subject00,logistic_regression,0,0,0.2675909675759752,0
MAT,Subject00,logistic_regression,0,0,0.045692816825637375,0
MAT,Subject00,logistic_regression,0,1,0.7125294579367912,0
MAT,Subject00,logistic_regression,0,0,0.3255316020195623,0
MAT,Subject00,logistic_regression,0,0,0.06781867112106241,0
MAT,Subject00,logistic_regression,0,0,0.01582503087248562,0
MAT,Subject00,logistic_regression,0,0,0.16756370970075493,0
MAT,Subject00,logistic_regression,0,0,0.03365752277128415,0
MAT,Subject00,logistic_regression,0,0,0.010678733475133383,0
MAT,Subject00,logistic_regression,0,0,0.04568857550905841,0
MAT,Subject00,logistic_regression,0,0,0.010695107183995195,0
MAT,Subject00,logistic_regression,0,0,0.014704844921845263,0
MAT,Subject00,logistic_regression,0,1,0.9734770410856306,0
MAT,Subject00,logistic_regression,1,1,0.8542208000838664,0
MAT,Subject00,logistic_regression,1,1,0.926297150305426,0
MAT,Subject00,logistic_regression,1,1,0.9708979313905779,0
MAT,Subject00,logistic_regression,1,1,0.9571167626140434,0
MAT,Subject00,logistic_regression,1,1,0.7282371950721022,0
MAT,Subject00,logistic_regression,1,0,0.34985786641398053,0
MAT,Subject00,logistic_regression,1,1,0.7816246888756089,0
MAT,Subject00,logistic_regression,1,1,0.9205720280730265,0
MAT,Subject00,logistic_regression,1,1,0.9084056260167708,0
MAT,Subject00,logistic_regression,1,1,0.8615197987509862,0
MAT,Subject00,logistic_regression,1,1,0.8932327936827069,0
MAT,Subject00,logistic_regression,1,1,0.964521018995032,0
MAT,Subject00,logistic_regression,1,1,0.6974837356750146,0
MAT,Subject00,logistic_regression,1,1,0.9610971814666898,0
MAT,Subject00,logistic_regression,1,1,0.8120273497038796,0
MAT,Subject00,logistic_regression,1,0,0.2120353849216601,0
MAT,Subject00,logistic_regression,1,1,0.9344515659049635,0
MAT,Subject00,logistic_regression,1,1,0.9876697512082875,0
MAT,Subject00,logistic_regression,1,1,0.8689158445075243,0
MAT,Subject00,logistic_regression,1,1,0.7957629544394551,0
MAT,Subject00,logistic_regression,1,1,0.9252152114842039,0
MAT,Subject00,logistic_regression,1,1,0.9710331888102912,0
MAT,Subject00,logistic_regression,1,1,0.9048635627718397,0
MAT,Subject00,logistic_regression,1,1,0.6068709432296594,0
MAT,Subject00,logistic_regression,1,1,0.5233570368875,0
MAT,Subject00,logistic_regression,1,1,0.6182196032250785,0
MAT,Subject00,logistic_regression,1,0,0.0745566617889931,0
MAT,Subject00,logistic_regression,1,0,0.06886312651731741,0
MAT,Subject00,logistic_regression,1,0,0.015210573947557088,0
MAT,Subject00,logistic_regression,1,0,0.1471903053410059,0
MAT,Subject01,logistic_regression,0,0,0.184816024202423,1
MAT,Subject01,logistic_regression,0,1,0.6529222561497195,1
MAT,Subject01,logistic_regression,0,1,0.7396623576756772,1
MAT,Subject01,logistic_regression,0,0,0.27280401383560354,1
MAT,Subject01,logistic_regression,0,0,0.46399524697716854,1
MAT,Subject01,logistic_regression,0,0,0.06214225286096966,1
MAT,Subject01,logistic_regression,0,0,0.2989847015366261,1
MAT,Subject01,logistic_regression,0,0,0.08861558708775445,1
MAT,Subject01,logistic_regression,0,0,0.03580792938355054,1
MAT,Subject01,logistic_regression,0,0,0.014829175168825958,1
MAT,Subject01,logistic_regression,0,0,0.008171277285174108,1
MAT,Subject01,logistic_regression,0,0,0.004761671093327891,1
MAT,Subject01,logistic_regression,0,0,1.846880110529632e-10,1
MAT,Subject01,logistic_regression,0,0,1.5479623265593632e-08,1
MAT,Subject01,logistic_regression,0,1,0.5167152887461501,1
MAT,Subject01,logistic_regression,0,0,0.46862184187414596,1
MAT,Subject01,logistic_regression,0,0,0.12911639247069326,1
MAT,Subject01,logistic_regression,0,0,0.021775680346311006,1
MAT,Subject01,logistic_regression,0,0,0.15833187723143008,1
MAT,Subject01,logistic_regression,0,0,0.06038533369481743,1
MAT,Subject01,logistic_regression,0,0,0.004629327553262574,1
MAT,Subject01,logistic_regression,0,0,0.021033115211755014,1
MAT,Subject01,logistic_regression,0,0,0.001097690011077659,1
MAT,Subject01,logistic_regression,0,0,0.004234042963676209,1
MAT,Subject01,logistic_regression,0,0,0.06709797613896296,1
MAT,Subject01,logistic_regression,0,0,0.006530170861403884,1
MAT,Subject01,logistic_regression,0,0,0.004446618352668176,1
MAT,Subject01,logistic_regression,0,0,0.07577148992778261,1
MAT,Subject01,logistic_regression,0,1,0.526130781051246,1
MAT,Subject01,logistic_regression,0,0,0.004506833252629215,1
MAT,Subject01,logistic_regression,0,0,0.009413943571202704,1
MAT,Subject01,logistic_regression,0,0,0.040033144301050254,1
MAT,Subject01,logistic_regression,0,0,0.02700751208844906,1
MAT,Subject01,logistic_regression,0,0,0.0812683005011398,1
MAT,Subject01,logistic_regression,0,0,0.0034547636886274533,1
MAT,Subject01,logistic_regression,0,0,0.01632628093606877,1
MAT,Subject01,logistic_regression,0,0,0.4038134409002473,1
MAT,Subject01,logistic_regression,0,0,0.05698428694987457,1
MAT,Subject01,logistic_regression,0,0,0.0343201414289209,1
MAT,Subject01,logistic_regression,0,0,0.020391856074385973,1
MAT,Subject01,logistic_regression,0,0,0.05152897060354206,1
MAT,Subject01,logistic_regression,0,0,0.4595211275749203,1
MAT,Subject01,logistic_regression,0,0,0.3952387441236517,1
MAT,Subject01,logistic_regression,0,0,0.027531218832328883,1
MAT,Subject01,logistic_regression,0,0,0.06894597744101862,1
MAT,Subject01,logistic_regression,0,0,0.00398754853018835,1
MAT,Subject01,logistic_regression,0,0,0.004583298913997944,1
MAT,Subject01,logistic_regression,0,0,0.00430850737749088,1
MAT,Subject01,logistic_regression,0,0,0.0024200167654464494,1
MAT,Subject01,logistic_regression,0,0,0.21571046536552718,1
MAT,Subject01,logistic_regression,0,0,0.04391410228720467,1
MAT,Subject01,logistic_regression,0,1,0.5686033120021753,1
MAT,Subject01,logistic_regression,0,0,0.13020562344294495,1
MAT,Subject01,logistic_regression,0,0,0.3361166958118594,1
MAT,Subject01,logistic_regression,0,0,0.032377171034224314,1
MAT,Subject01,logistic_regression,0,0,0.004953965378351692,1
MAT,Subject01,logistic_regression,0,0,0.09811922909383579,1
MAT,Subject01,logistic_regression,0,0,0.11944888864128336,1
MAT,Subject01,logistic_regression,0,0,0.18468016136343549,1
MAT,Subject01,logistic_regression,0,0,0.02648668032196577,1
MAT,Subject01,logistic_regression,0,0,0.03039761812564498,1
MAT,Subject01,logistic_regression,0,0,0.03172126702343146,1
MAT,Subject01,logistic_regression,0,0,0.00019321903634622592,1
MAT,Subject01,logistic_regression,0,0,0.00011484848396588865,1
MAT,Subject01,logistic_regression,0,0,0.07356928992942662,1
MAT,Subject01,logistic_regression,0,0,0.003718436413875058,1
MAT,Subject01,logistic_regression,0,0,0.2669485860218823,1
MAT,Subject01,logistic_regression,0,0,0.1013153880369775,1
MAT,Subject01,logistic_regression,0,0,0.12725749034962344,1
MAT,Subject01,logistic_regression,0,0,0.032262266933743095,1
MAT,Subject01,logistic_regression,0,0,0.01597401987921635,1
MAT,Subject01,logistic_regression,0,0,2.926949769218308e-46,1
MAT,Subject01,logistic_regression,0,0,5.567359783419144e-67,1
MAT,Subject01,logistic_regression,0,0,0.03262082397403932,1
MAT,Subject01,logistic_regression,0,0,0.06227189278728371,1
MAT,Subject01,logistic_regression,0,0,0.007379489517456535,1
MAT,Subject01,logistic_regression,0,0,0.1385028984223147,1
MAT,Subject01,logistic_regression,0,0,0.009239410474598994,1
MAT,Subject01,logistic_regression,0,0,0.011015568775255306,1
MAT,Subject01,logistic_regression,0,0,0.0102580661901339,1
MAT,Subject01,logistic_regression,0,0,0.3048049799971264,1
MAT,Subject01,logistic_regression,0,0,0.1668298316314207,1
MAT,Subject01,logistic_regression,0,1,0.9999999999864968,1
MAT,Subject01,logistic_regression,0,1,0.9999999999999964,1
MAT,Subject01,logistic_regression,0,0,5.992587469041441e-25,1
MAT,Subject01,logistic_regression,0,0,2.9874833846510566e-145,1
MAT,Subject01,logistic_regression,0,0,7.734284830417201e-45,1
MAT,Subject01,logistic_regression,0,0,0.46868328239789264,1
MAT,Subject01,logistic_regression,0,0,0.4999769373115016,1
MAT,Subject01,logistic_regression,0,1,0.9998065502466509,1
MAT,Subject01,logistic_regression,1,1,0.9682883054882871,1
MAT,Subject01,logistic_regression,1,1,0.9935826168110464,1
MAT,Subject01,logistic_regression,1,0,0.4755316467852784,1
MAT,Subject01,logistic_regression,1,1,0.9924776451774173,1
MAT,Subject01,logistic_regression,1,1,0.9930937635886392,1
MAT,Subject01,logistic_regression,1,1,0.8148736767477015,1
MAT,Subject01,logistic_regression,1,1,0.9217848287493379,1
MAT,Subject01,logistic_regression,1,1,0.9997478180711696,1
MAT,Subject01,logistic_regression,1,1,0.9919207036748955,1
MAT,Subject01,logistic_regression,1,1,0.9961852563378868,1
MAT,Subject01,logistic_regression,1,1,0.9759337611434855,1
MAT,Subject01,logistic_regression,1,1,0.6311771345726743,1
MAT,Subject01,logistic_regression,1,1,0.994030399440219,1
MAT,Subject01,logistic_regression,1,1,0.7055621270935679,1
MAT,Subject01,logistic_regression,1,0,8.064838206312922e-12,1
MAT,Subject01,logistic_regression,1,1,0.9972240599080323,1
MAT,Subject01,logistic_regression,1,1,0.7772867200105452,1
MAT,Subject01,logistic_regression,1,1,0.5936407613891815,1
MAT,Subject01,logistic_regression,1,0,0.33702414169872225,1
MAT,Subject01,logistic_regression,1,1,0.7437612846351462,1
MAT,Subject01,logistic_regression,1,0,0.153097828365575,1
MAT,Subject01,logistic_regression,1,0,0.023928256612203724,1
MAT,Subject01,logistic_regression,1,0,2.8320520066372876e-57,1
MAT,Subject01,logistic_regression,1,0,0.014812445409492196,1
MAT,Subject01,logistic_regression,1,1,0.950826342328093,1
MAT,Subject01,logistic_regression,1,1,0.9146132046747809,1
MAT,Subject01,logistic_regression,1,1,0.7256862100675373,1
MAT,Subject01,logistic_regression,1,1,0.9961763605651129,1
MAT,Subject01,logistic_regression,1,1,0.9948677121246241,1
MAT,Subject01,logistic_regression,1,0,1.28109339489473e-07,1
MAT,Subject02,logistic_regression,0,0,0.11272338128723129,2
MAT,Subject02,logistic_regression,0,1,0.9992836071037612,2
MAT,Subject02,logistic_regression,0,1,0.5834783308808499,2
MAT,Subject02,logistic_regression,0,1,0.5607314128385223,2
MAT,Subject02,logistic_regression,0,0,0.2728031309928767,2
MAT,Subject02,logistic_regression,0,0,0.4058182648809165,2
MAT,Subject02,logistic_regression,0,0,0.196667448861826,2
MAT,Subject02,logistic_regression,0,0,0.0011687365133812933,2
MAT,Subject02,logistic_regression,0,0,0.3601393962242132,2
MAT,Subject02,logistic_regression,0,0,0.03171127181376111,2
MAT,Subject02,logistic_regression,0,0,0.09628746793919207,2
MAT,Subject02,logistic_regression,0,1,0.770976822942835,2
MAT,Subject02,logistic_regression,0,0,0.403044354534844,2
MAT,Subject02,logistic_regression,0,1,0.756215623821131,2
MAT,Subject02,logistic_regression,0,0,0.08464223294254208,2
MAT,Subject02,logistic_regression,0,1,0.995004119482163,2
MAT,Subject02,logistic_regression,0,0,0.060843647880680876,2
MAT,Subject02,logistic_regression,0,0,0.037269795491414494,2
MAT,Subject02,logistic_regression,0,0,0.0035480662165344136,2
MAT,Subject02,logistic_regression,0,0,0.07576403624520307,2
MAT,Subject02,logistic_regression,0,0,0.1889441990330632,2
MAT,Subject02,logistic_regression,0,0,0.017363918257164445,2
MAT,Subject02,logistic_regression,0,0,0.05289323163422041,2
MAT,Subject02,logistic_regression,0,1,0.7861672035827801,2
MAT,Subject02,logistic_regression,0,1,0.9924993205975221,2
MAT,Subject02,logistic_regression,0,1,0.9998439635587497,2
MAT,Subject02,logistic_regression,0,1,0.9967318294027308,2
MAT,Subject02,logistic_regression,0,1,0.9650662872610858,2
MAT,Subject02,logistic_regression,0,0,0.44483838250585805,2
MAT,Subject02,logistic_regression,0,0,0.005218105330267045,2
MAT,Subject02,logistic_regression,0,0,0.20874559053919675,2
MAT,Subject02,logistic_regression,0,0,0.06412260686232797,2
MAT,Subject02,logistic_regression,0,0,0.29337310997179267,2
MAT,Subject02,logistic_regression,0,0,0.012179758232368242,2
MAT,Subject02,logistic_regression,0,0,0.009762103123685164,2
MAT,Subject02,logistic_regression,0,0,0.06430131056691907,2
MAT,Subject02,logistic_regression,0,0,0.09805602134542474,2
MAT,Subject02,logistic_regression,0,1,0.8938279071144538,2
MAT,Subject02,logistic_regression,0,1,0.9146583289800503,2
MAT,Subject02,logistic_regression,0,0,0.02529370409718885,2
MAT,Subject02,logistic_regression,0,0,0.43269305750168585,2
MAT,Subject02,logistic_regression,0,1,0.561097359414469,2
MAT,Subject02,logistic_regression,0,1,0.5641296248803084,2
MAT,Subject02,logistic_regression,0,0,0.3647429000378587,2
MAT,Subject02,logistic_regression,0,1,0.9224507574181281,2
MAT,Subject02,logistic_regression,0,1,0.988270675396782,2
MAT,Subject02,logistic_regression,0,1,0.9988701802085647,2
MAT,Subject02,logistic_regression,0,1,0.9938804344500181,2
MAT,Subject02,logistic_regression,0,1,0.9523277141667482,2
MAT,Subject02,logistic_regression,0,1,0.9119978438515286,2
MAT,Subject02,logistic_regression,0,0,0.2694890752031039,2
MAT,Subject02,logistic_regression,0,0,0.00929638853025925,2
MAT,Subject02,logistic_regression,0,1,0.9906475407274451,2
MAT,Subject02,logistic_regression,0,1,0.9991546500283178,2
MAT,Subject02,logistic_regression,0,0,0.020795599763639944,2
MAT,Subject02,logistic_regression,0,0,0.0018339936884053756,2
MAT,Subject02,logistic_regression,0,1,0.9282242465981367,2
MAT,Subject02,logistic_regression,0,1,0.576329444239666,2
MAT,Subject02,logistic_regression,0,1,0.6199287782700111,2
MAT,Subject02,logistic_regression,0,0,0.027863871330987975,2
MAT,Subject02,logistic_regression,0,1,0.9023032900243474,2
MAT,Subject02,logistic_regression,0,1,0.6965471636935203,2
MAT,Subject02,logistic_regression,0,0,0.13410287319660785,2
MAT,Subject02,logistic_regression,0,1,0.9845733487538465,2
MAT,Subject02,logistic_regression,0,1,0.9740862843353523,2
MAT,Subject02,logistic_regression,0,0,1.3880638038555623e-05,2
MAT,Subject02,logistic_regression,0,0,1.6471394768866838e-07,2
MAT,Subject02,logistic_regression,0,1,0.9901404519705386,2
MAT,Subject02,logistic_regression,0,1,0.9998042211505296,2
MAT,Subject02,logistic_regression,0,1,0.9996410187730981,2
MAT,Subject02,logistic_regression,0,1,0.8962598773836961,2
MAT,Subject02,logistic_regression,0,1,0.9977753578454951,2
MAT,Subject02,logistic_regression,0,1,0.9538075671467445,2
MAT,Subject02,logistic_regression,0,1,0.9051221086048984,2
MAT,Subject02,logistic_regression,0,0,0.49399769975383623,2
MAT,Subject02,logistic_regression,0,1,0.9410523733079514,2
MAT,Subject02,logistic_regression,0,1,0.884630078760374,2
MAT,Subject02,logistic_regression,0,0,0.3481365431321993,2
MAT,Subject02,logistic_regression,0,1,0.5928579408772543,2
MAT,Subject02,logistic_regression,0,1,0.7184873198363396,2
MAT,Subject02,logistic_regression,0,1,0.9708894663941456,2
MAT,Subject02,logistic_regression,0,1,0.9796449189186301,2
MAT,Subject02,logistic_regression,0,1,0.9941240906139239,2
MAT,Subject02,logistic_regression,0,1,0.8766208594945113,2
MAT,Subject02,logistic_regression,0,0,0.3523774747637123,2
MAT,Subject02,logistic_regression,0,0,9.64659306150892e-16,2
MAT,Subject02,logistic_regression,0,0,1.0899977606650065e-14,2
MAT,Subject02,logistic_regression,0,0,0.0017072325600486686,2
MAT,Subject02,logistic_regression,0,1,0.8933570415291445,2
MAT,Subject02,logistic_regression,0,1,0.9999999999564471,2
MAT,Subject02,logistic_regression,1,1,0.6873736518008515,2
MAT,Subject02,logistic_regression,1,1,0.7925463338555772,2
MAT,Subject02,logistic_regression,1,1,0.9055413737722836,2
MAT,Subject02,logistic_regression,1,1,0.9764417777246381,2
MAT,Subject02,logistic_regression,1,1,0.9994704742159906,2
MAT,Subject02,logistic_regression,1,1,0.9997637698143464,2
MAT,Subject02,logistic_regression,1,1,0.9999629147283017,2
MAT,Subject02,logistic_regression,1,1,0.9992960576759754,2
MAT,Subject02,logistic_regression,1,1,0.9968827841183336,2
MAT,Subject02,logistic_regression,1,1,0.9952187639399381,2
MAT,Subject02,logistic_regression,1,1,0.9841481507031379,2
MAT,Subject02,logistic_regression,1,1,0.9991788626473564,2
MAT,Subject02,logistic_regression,1,1,0.8272232802347752,2
MAT,Subject02,logistic_regression,1,1,0.994014940837672,2
MAT,Subject02,logistic_regression,1,1,0.9999776227541886,2
MAT,Subject02,logistic_regression,1,1,0.9980795069577832,2
MAT,Subject02,logistic_regression,1,1,0.9808273569456573,2
MAT,Subject02,logistic_regression,1,1,0.9467439142539623,2
MAT,Subject02,logistic_regression,1,1,0.9809574347171233,2
MAT,Subject02,logistic_regression,1,1,0.9996877080594642,2
MAT,Subject02,logistic_regression,1,1,0.9893200423469954,2
MAT,Subject02,logistic_regression,1,1,0.9873081198965025,2
MAT,Subject02,logistic_regression,1,1,0.8315011093809068,2
MAT,Subject02,logistic_regression,1,1,0.7402409922536234,2
MAT,Subject02,logistic_regression,1,0,0.10151356286923031,2
MAT,Subject02,logistic_regression,1,0,0.3847903737907901,2
MAT,Subject02,logistic_regression,1,0,0.1435379530359337,2
MAT,Subject02,logistic_regression,1,1,0.816844657349376,2
MAT,Subject02,logistic_regression,1,1,0.9520850869848835,2
MAT,Subject02,logistic_regression,1,1,0.9729704536076842,2
MAT,Subject03,logistic_regression,0,0,0.10779185482954984,3
MAT,Subject03,logistic_regression,0,0,0.015387892767152625,3
MAT,Subject03,logistic_regression,0,0,0.009019797780288582,3
MAT,Subject03,logistic_regression,0,0,0.08053453522229266,3
MAT,Subject03,logistic_regression,0,0,0.02278634414535529,3
MAT,Subject03,logistic_regression,0,0,0.014311634400830598,3
MAT,Subject03,logistic_regression,0,0,0.005447673861324374,3
MAT,Subject03,logistic_regression,0,0,0.0016494723211708036,3
MAT,Subject03,logistic_regression,0,0,0.0009721512469191956,3
MAT,Subject03,logistic_regression,0,0,0.00110660695283119,3
MAT,Subject03,logistic_regression,0,0,0.012926127327731346,3
MAT,Subject03,logistic_regression,0,0,0.00739136999339043,3
MAT,Subject03,logistic_regression,0,0,0.3626298302771376,3
MAT,Subject03,logistic_regression,0,0,0.030289951431872877,3
MAT,Subject03,logistic_regression,0,0,0.009952382610836535,3
MAT,Subject03,logistic_regression,0,0,0.008872426998112424,3
MAT,Subject03,logistic_regression,0,0,0.0007322749325886287,3
MAT,Subject03,logistic_regression,0,0,0.0004729913041684792,3
MAT,Subject03,logistic_regression,0,0,0.0013196807953506017,3
MAT,Subject03,logistic_regression,0,0,0.0031626417194215513,3
MAT,Subject03,logistic_regression,0,0,0.0046459545865708595,3
MAT,Subject03,logistic_regression,0,0,0.002575290284597062,3
MAT,Subject03,logistic_regression,0,0,0.006154650522696364,3
MAT,Subject03,logistic_regression,0,0,0.008618224378878646,3
MAT,Subject03,logistic_regression,0,0,0.001115832021561347,3
MAT,Subject03,logistic_regression,0,1,0.9877697592857011,3
MAT,Subject03,logistic_regression,0,1,0.9997633714366193,3
MAT,Subject03,logistic_regression,0,0,0.15656594372348678,3
MAT,Subject03,logistic_regression,0,0,8.21728753630636e-05,3
MAT,Subject03,logistic_regression,0,0,0.0001205437601116122,3
MAT,Subject03,logistic_regression,0,0,0.0002773058791378933,3
MAT,Subject03,logistic_regression,0,0,0.00020631790610474974,3
MAT,Subject03,logistic_regression,0,0,0.004875329707815694,3
MAT,Subject03,logistic_regression,0,0,0.002889670014567866,3
MAT,Subject03,logistic_regression,0,0,0.024745195970552417,3
MAT,Subject03,logistic_regression,0,0,0.01950367596253039,3
MAT,Subject03,logistic_regression,0,0,0.022180410201483015,3
MAT,Subject03,logistic_regression,0,0,0.0006322263061882313,3
MAT,Subject03,logistic_regression,0,0,0.00024603132740336393,3
MAT,Subject03,logistic_regression,0,0,0.00011962241095798176,3
MAT,Subject03,logistic_regression,0,0,3.0058673249158313e-05,3
MAT,Subject03,logistic_regression,0,0,0.012057141050628616,3
MAT,Subject03,logistic_regression,0,0,0.013848667085777928,3
MAT,Subject03,logistic_regression,0,0,0.00046730745769150094,3
MAT,Subject03,logistic_regression,0,0,0.0007852769869536295,3
MAT,Subject03,logistic_regression,0,0,0.0007707352781977752,3
MAT,Subject03,logistic_regression,0,0,0.0014135446094427381,3
MAT,Subject03,logistic_regression,0,0,0.0018731327612570327,3
MAT,Subject03,logistic_regression,0,0,0.0023891908124877063,3
MAT,Subject03,logistic_regression,0,0,0.008432363934952404,3
MAT,Subject03,logistic_regression,0,0,0.0001023624175177938,3
MAT,Subject03,logistic_regression,0,0,0.0002527200617348145,3
MAT,Subject03,logistic_regression,0,0,0.0014476645269161314,3
MAT,Subject03,logistic_regression,0,0,0.0015848923768265943,3
MAT,Subject03,logistic_regression,0,0,0.002972504941625849,3
MAT,Subject03,logistic_regression,0,0,0.007026379743167111,3
MAT,Subject03,logistic_regression,0,0,0.0049780810846933995,3
MAT,Subject03,logistic_regression,0,0,0.00031596419828592713,3
MAT,Subject03,logistic_regression,0,0,0.00017964077997843216,3
MAT,Subject03,logistic_regression,0,0,0.0032112884677554954,3
MAT,Subject03,logistic_regression,0,0,0.005383216866690537,3
MAT,Subject03,logistic_regression,0,0,0.003336689097227895,3
MAT,Subject03,logistic_regression,0,0,0.004748962599621246,3
MAT,Subject03,logistic_regression,0,0,0.0004430953542920662,3
MAT,Subject03,logistic_regression,0,0,0.00017967398321315427,3
MAT,Subject03,logistic_regression,0,0,0.0008685906026660193,3
MAT,Subject03,logistic_regression,0,0,0.015073090493744296,3
MAT,Subject03,logistic_regression,0,0,0.018975969419714505,3
MAT,Subject03,logistic_regression,0,0,0.0019704317859428316,3
MAT,Subject03,logistic_regression,0,0,0.0006188668920748542,3
MAT,Subject03,logistic_regression,0,0,0.001994626125151323,3
MAT,Subject03,logistic_regression,0,0,0.1730196640870756,3
MAT,Subject03,logistic_regression,0,0,0.006436045178087283,3
MAT,Subject03,logistic_regression,0,0,0.0014882272777095857,3
MAT,Subject03,logistic_regression,0,0,0.0069584567829312416,3
MAT,Subject03,logistic_regression,0,0,0.001222297535763532,3
MAT,Subject03,logistic_regression,0,0,0.0027802126136322928,3
MAT,Subject03,logistic_regression,0,0,0.00534801601068297,3
MAT,Subject03,logistic_regression,0,0,0.026701756870725263,3
MAT,Subject03,logistic_regression,0,0,0.0010868941000092463,3
MAT,Subject03,logistic_regression,0,0,0.00013967091472162095,3
MAT,Subject03,logistic_regression,0,0,0.002421969974904052,3
MAT,Subject03,logistic_regression,0,0,0.0007149989736182612,3
MAT,Subject03,logistic_regression,0,0,6.60769693380741e-05,3
MAT,Subject03,logistic_regression,0,0,0.0002430857848368099,3
MAT,Subject03,logistic_regression,0,0,0.032165279536761744,3
MAT,Subject03,logistic_regression,0,0,0.0018496246674547011,3
MAT,Subject03,logistic_regression,0,0,0.000986819871591682,3
MAT,Subject03,logistic_regression,0,0,6.926362136606817e-05,3
MAT,Subject03,logistic_regression,0,0,0.00042214991136624254,3
MAT,Subject03,logistic_regression,1,0,0.03604426254203469,3
MAT,Subject03,logistic_regression,1,0,0.00892875278534768,3
MAT,Subject03,logistic_regression,1,0,0.013797628465774734,3
MAT,Subject03,logistic_regression,1,0,0.02118228689522579,3
MAT,Subject03,logistic_regression,1,0,0.0005628785568897243,3
MAT,Subject03,logistic_regression,1,0,0.0022518735782113422,3
MAT,Subject03,logistic_regression,1,0,0.008959581536619684,3
MAT,Subject03,logistic_regression,1,0,0.11515660469140312,3
MAT,Subject03,logistic_regression,1,0,0.03126302138539645,3
MAT,Subject03,logistic_regression,1,0,0.002524471944109605,3
MAT,Subject03,logistic_regression,1,0,0.021187459602263994,3
MAT,Subject03,logistic_regression,1,0,0.010173922122252694,3
MAT,Subject03,logistic_regression,1,0,0.01502850671626569,3
MAT,Subject03,logistic_regression,1,0,0.0218157410289251,3
MAT,Subject03,logistic_regression,1,0,0.000560191071805494,3
MAT,Subject03,logistic_regression,1,0,0.004701096777596472,3
MAT,Subject03,logistic_regression,1,0,0.0017182011983075235,3
MAT,Subject03,logistic_regression,1,0,0.0016646789654964531,3
MAT,Subject03,logistic_regression,1,0,0.004814414655773788,3
MAT,Subject03,logistic_regression,1,0,0.0027867567162920687,3
MAT,Subject03,logistic_regression,1,0,0.04251041909175192,3
MAT,Subject03,logistic_regression,1,0,0.05568540131953642,3
MAT,Subject03,logistic_regression,1,0,0.01789970094489451,3
MAT,Subject03,logistic_regression,1,0,0.008035077308549831,3
MAT,Subject03,logistic_regression,1,0,0.037044825918220614,3
MAT,Subject03,logistic_regression,1,0,0.002828895056728767,3
MAT,Subject03,logistic_regression,1,0,0.00010426651294160969,3
MAT,Subject03,logistic_regression,1,0,0.002528240612142231,3
MAT,Subject03,logistic_regression,1,0,0.0018743854346733016,3
MAT,Subject03,logistic_regression,1,0,0.0007498279225233864,3
MAT,Subject04,logistic_regression,0,0,0.06206342408571368,4
MAT,Subject04,logistic_regression,0,0,0.0004847383653372405,4
MAT,Subject04,logistic_regression,0,0,0.01218899842732357,4
MAT,Subject04,logistic_regression,0,0,0.006080505313524805,4
MAT,Subject04,logistic_regression,0,0,0.018156203296545326,4
MAT,Subject04,logistic_regression,0,0,0.0008358624516076953,4
MAT,Subject04,logistic_regression,0,0,0.00038602128732107395,4
MAT,Subject04,logistic_regression,0,0,0.0005537668020923891,4
MAT,Subject04,logistic_regression,0,0,0.00038985013432379375,4
MAT,Subject04,logistic_regression,0,0,0.4540020147825401,4
MAT,Subject04,logistic_regression,0,0,0.026523168816039916,4
MAT,Subject04,logistic_regression,0,0,0.00041039098969239423,4
MAT,Subject04,logistic_regression,0,0,0.0298572923519252,4
MAT,Subject04,logistic_regression,0,0,0.0761311935077781,4
MAT,Subject04,logistic_regression,0,0,0.002517060268310289,4
MAT,Subject04,logistic_regression,0,0,0.00024245878586275947,4
MAT,Subject04,logistic_regression,0,0,0.00029430528437847457,4
MAT,Subject04,logistic_regression,0,0,0.0008646355665913858,4
MAT,Subject04,logistic_regression,0,0,0.01950587347097633,4
MAT,Subject04,logistic_regression,0,0,0.02570224345559909,4
MAT,Subject04,logistic_regression,0,0,0.0004826709188589911,4
MAT,Subject04,logistic_regression,0,0,0.0002516931013985652,4
MAT,Subject04,logistic_regression,0,0,2.3930966469622647e-05,4
MAT,Subject04,logistic_regression,0,0,0.0008823183081805311,4
MAT,Subject04,logistic_regression,0,0,0.021328654321413128,4
MAT,Subject04,logistic_regression,0,0,0.016308945303700036,4
MAT,Subject04,logistic_regression,0,0,0.006324386441586066,4
MAT,Subject04,logistic_regression,0,0,0.0007042842053702663,4
MAT,Subject04,logistic_regression,0,0,0.19137787675375964,4
MAT,Subject04,logistic_regression,0,0,0.09837944153634379,4
MAT,Subject04,logistic_regression,0,0,0.0007154097265886981,4
MAT,Subject04,logistic_regression,0,0,0.0006022573436606987,4
MAT,Subject04,logistic_regression,0,0,0.0024067968730440824,4
MAT,Subject04,logistic_regression,0,0,0.015353338654390885,4
MAT,Subject04,logistic_regression,0,0,0.007129419040958256,4
MAT,Subject04,logistic_regression,0,0,0.005747036147832464,4
MAT,Subject04,logistic_regression,0,0,0.08728529097766502,4
MAT,Subject04,logistic_regression,0,0,0.013263469893671267,4
MAT,Subject04,logistic_regression,0,0,0.027339020554125563,4
MAT,Subject04,logistic_regression,0,0,0.008127115952041795,4
MAT,Subject04,logistic_regression,0,0,0.009171673076235573,4
MAT,Subject04,logistic_regression,0,0,0.05795374363971527,4
MAT,Subject04,logistic_regression,0,0,0.13018868020884197,4
MAT,Subject04,logistic_regression,0,0,0.28631802712524695,4
MAT,Subject04,logistic_regression,0,0,0.007199473379880644,4
MAT,Subject04,logistic_regression,0,0,0.07528748406229087,4
MAT,Subject04,logistic_regression,0,0,0.18045905663656675,4
MAT,Subject04,logistic_regression,0,0,0.004769572221266663,4
MAT,Subject04,logistic_regression,0,0,0.0015789315400574564,4
MAT,Subject04,logistic_regression,0,0,0.008070636211843845,4
MAT,Subject04,logistic_regression,0,0,0.0035767298141759253,4
MAT,Subject04,logistic_regression,0,0,2.304459040493225e-05,4
MAT,Subject04,logistic_regression,0,0,0.4755352154709462,4
MAT,Subject04,logistic_regression,0,0,0.008939194827955532,4
MAT,Subject04,logistic_regression,0,0,0.00021699090580773244,4
MAT,Subject04,logistic_regression,0,0,0.003495796313246462,4
MAT,Subject04,logistic_regression,0,0,0.0003213331263113053,4
MAT,Subject04,logistic_regression,0,0,1.0523914179171718e-05,4
MAT,Subject04,logistic_regression,0,0,0.002635238872316432,4
MAT,Subject04,logistic_regression,0,0,0.00011098613578166542,4
MAT,Subject04,logistic_regression,0,0,0.0005786612170352955,4
MAT,Subject04,logistic_regression,0,0,0.003655924547255332,4
MAT,Subject04,logistic_regression,0,0,0.0014150524864585963,4
MAT,Subject04,logistic_regression,0,0,0.0009100687969631045,4
MAT,Subject04,logistic_regression,0,0,0.0008467451736102659,4
MAT,Subject04,logistic_regression,0,0,0.0019800727820409886,4
MAT,Subject04,logistic_regression,0,0,0.11150802348490771,4
MAT,Subject04,logistic_regression,0,0,0.05171840747624926,4
MAT,Subject04,logistic_regression,0,0,0.008478316497345735,4
MAT,Subject04,logistic_regression,0,0,0.0016643333491137382,4
MAT,Subject04,logistic_regression,0,0,0.00865438313925497,4
MAT,Subject04,logistic_regression,0,0,8.833078277841348e-10,4
MAT,Subject04,logistic_regression,0,0,2.8715319692391065e-05,4
MAT,Subject04,logistic_regression,0,0,0.017823122404760205,4
MAT,Subject04,logistic_regression,0,0,8.001927103603226e-18,4
MAT,Subject04,logistic_regression,0,0,3.964432712005864e-06,4
MAT,Subject04,logistic_regression,0,0,5.162014318218563e-06,4
MAT,Subject04,logistic_regression,0,0,3.6933142024614063e-06,4
MAT,Subject04,logistic_regression,0,0,4.880957241458878e-06,4
MAT,Subject04,logistic_regression,0,0,0.00029801935716329867,4
MAT,Subject04,logistic_regression,0,0,0.009141657921650578,4
MAT,Subject04,logistic_regression,0,0,0.00027731593123921225,4
MAT,Subject04,logistic_regression,0,0,0.1344159900773891,4
MAT,Subject04,logistic_regression,0,0,0.008030107512779744,4
MAT,Subject04,logistic_regression,1,1,0.6249737222151264,4
MAT,Subject04,logistic_regression,1,1,0.7774410879921171,4
MAT,Subject04,logistic_regression,1,0,0.08006577023427085,4
MAT,Subject04,logistic_regression,1,0,0.030608562534060812,4
MAT,Subject04,logistic_regression,1,0,0.03522462446597835,4
MAT,Subject04,logistic_regression,1,1,0.57577455322698,4
MAT,Subject04,logistic_regression,1,0,0.2911316748114948,4
MAT,Subject04,logistic_regression,1,1,0.9210443252770475,4
MAT,Subject04,logistic_regression,1,0,0.03991293171730954,4
MAT,Subject04,logistic_regression,1,0,0.018530886256871743,4
MAT,Subject04,logistic_regression,1,0,0.42595251069211,4
MAT,Subject04,logistic_regression,1,1,0.8957445279207502,4
MAT,Subject04,logistic_regression,1,1,0.6693604496080485,4
MAT,Subject04,logistic_regression,1,0,0.1268077634501325,4
MAT,Subject04,logistic_regression,1,0,0.0002771864048952103,4
MAT,Subject04,logistic_regression,1,0,0.0047937556914798155,4
MAT,Subject04,logistic_regression,1,0,0.001458177958452008,4
MAT,Subject04,logistic_regression,1,0,0.005705535770015143,4
MAT,Subject04,logistic_regression,1,1,0.6224899991645001,4
MAT,Subject04,logistic_regression,1,1,0.6528574683496384,4
MAT,Subject04,logistic_regression,1,1,0.8199155141230826,4
MAT,Subject04,logistic_regression,1,1,0.887669703957735,4
MAT,Subject04,logistic_regression,1,1,0.5647068536380951,4
MAT,Subject04,logistic_regression,1,0,0.10724524062333642,4
MAT,Subject04,logistic_regression,1,1,0.6613450805479932,4
MAT,Subject04,logistic_regression,1,0,0.210573069414712,4
MAT,Subject04,logistic_regression,1,0,0.014858400565416548,4
MAT,Subject04,logistic_regression,1,0,0.0020348014354997475,4
MAT,Subject04,logistic_regression,1,0,0.19891709860547632,4
MAT,Subject04,logistic_regression,1,1,0.9964299089048394,4
MAT,Subject05,logistic_regression,0,0,0.043688397739812444,5
MAT,Subject05,logistic_regression,0,0,0.11563562031143056,5
MAT,Subject05,logistic_regression,0,0,0.0006382302450410295,5
MAT,Subject05,logistic_regression,0,0,0.0050560707228987315,5
MAT,Subject05,logistic_regression,0,0,0.16272354542843942,5
MAT,Subject05,logistic_regression,0,0,0.0004834259588410809,5
MAT,Subject05,logistic_regression,0,0,0.023060929349401245,5
MAT,Subject05,logistic_regression,0,0,0.08728840709295609,5
MAT,Subject05,logistic_regression,0,0,0.2663869785085873,5
MAT,Subject05,logistic_regression,0,0,0.07625940495874599,5
MAT,Subject05,logistic_regression,0,0,0.2379522477758796,5
MAT,Subject05,logistic_regression,0,0,0.005065787361449945,5
MAT,Subject05,logistic_regression,0,0,0.018574312914074548,5
MAT,Subject05,logistic_regression,0,0,0.04009428035899112,5
MAT,Subject05,logistic_regression,0,0,0.00020416245861562527,5
MAT,Subject05,logistic_regression,0,0,0.0007022435253885145,5
MAT,Subject05,logistic_regression,0,0,0.22510824278651956,5
MAT,Subject05,logistic_regression,0,0,0.31666754909527317,5
MAT,Subject05,logistic_regression,0,0,0.08006778932318762,5
MAT,Subject05,logistic_regression,0,0,0.17053247984306463,5
MAT,Subject05,logistic_regression,0,0,0.031312695396248334,5
MAT,Subject05,logistic_regression,0,0,0.05501101299360553,5
MAT,Subject05,logistic_regression,0,0,0.4310448125518945,5
MAT,Subject05,logistic_regression,0,0,0.2640963530830918,5
MAT,Subject05,logistic_regression,0,0,0.37238059882316876,5
MAT,Subject05,logistic_regression,0,0,0.1253501024713826,5
MAT,Subject05,logistic_regression,0,0,0.024913361014645502,5
MAT,Subject05,logistic_regression,0,0,0.016682701203457034,5
MAT,Subject05,logistic_regression,0,0,0.011586321780924762,5
MAT,Subject05,logistic_regression,0,0,0.008202288394169132,5
MAT,Subject05,logistic_regression,0,0,0.0006668142636130535,5
MAT,Subject05,logistic_regression,0,0,0.0028249803117137806,5
MAT,Subject05,logistic_regression,0,0,0.0010568583031305677,5
MAT,Subject05,logistic_regression,0,0,0.0013000413141172965,5
MAT,Subject05,logistic_regression,0,0,0.006371931668551126,5
MAT,Subject05,logistic_regression,0,0,0.012298944091867369,5
MAT,Subject05,logistic_regression,0,0,0.00012993300870368558,5
MAT,Subject05,logistic_regression,0,1,0.603128893488166,5
MAT,Subject05,logistic_regression,0,0,0.32514543416208075,5
MAT,Subject05,logistic_regression,0,0,0.04259139780751773,5
MAT,Subject05,logistic_regression,0,0,0.0035738138895570226,5
MAT,Subject05,logistic_regression,0,0,0.248949546404709,5
MAT,Subject05,logistic_regression,0,0,0.24040168235500262,5
MAT,Subject05,logistic_regression,0,0,0.04853794152070791,5
MAT,Subject05,logistic_regression,0,0,0.1963739104457188,5
MAT,Subject05,logistic_regression,0,0,0.0015751162796717303,5
MAT,Subject05,logistic_regression,0,0,0.009211071544066899,5
MAT,Subject05,logistic_regression,0,0,0.0077066437218972356,5
MAT,Subject05,logistic_regression,0,1,0.5736551349645164,5
MAT,Subject05,logistic_regression,0,0,0.10316524540974163,5
MAT,Subject05,logistic_regression,0,0,0.011046811966372855,5
MAT,Subject05,logistic_regression,0,0,0.004738600672281074,5
MAT,Subject05,logistic_regression,0,0,0.014718346664351135,5
MAT,Subject05,logistic_regression,0,0,0.015951290212190956,5
MAT,Subject05,logistic_regression,0,0,0.03251020321137863,5
MAT,Subject05,logistic_regression,0,0,0.05570362673722568,5
MAT,Subject05,logistic_regression,0,0,0.2491933837420907,5
MAT,Subject05,logistic_regression,0,0,0.012165797022951065,5
MAT,Subject05,logistic_regression,0,0,0.002918298523497921,5
MAT,Subject05,logistic_regression,0,0,0.022748177201260322,5
MAT,Subject05,logistic_regression,0,0,0.043151547488299045,5
MAT,Subject05,logistic_regression,0,0,0.091236168202802,5
MAT,Subject05,logistic_regression,0,0,0.040379013464421264,5
MAT,Subject05,logistic_regression,0,0,0.0013177703498035342,5
MAT,Subject05,logistic_regression,0,0,0.0015669030093233567,5
MAT,Subject05,logistic_regression,0,0,0.06423322243588916,5
MAT,Subject05,logistic_regression,0,0,0.1831420236236506,5
MAT,Subject05,logistic_regression,0,0,0.007798954802293365,5
MAT,Subject05,logistic_regression,0,0,0.0019596334781295517,5
MAT,Subject05,logistic_regression,0,0,0.02564614418636689,5
MAT,Subject05,logistic_regression,0,0,0.2754557550393506,5
MAT,Subject05,logistic_regression,0,0,0.1514215420084872,5
MAT,Subject05,logistic_regression,0,0,0.02488068106535879,5
MAT,Subject05,logistic_regression,0,0,0.03612941594713454,5
MAT,Subject05,logistic_regression,0,0,0.006468460879169947,5
MAT,Subject05,logistic_regression,0,0,0.031110711239681167,5
MAT,Subject05,logistic_regression,0,0,0.33405278721616155,5
MAT,Subject05,logistic_regression,0,0,0.4059990157950219,5
MAT,Subject05,logistic_regression,0,0,0.00020408336069687136,5
MAT,Subject05,logistic_regression,0,0,5.679435096297506e-05,5
MAT,Subject05,logistic_regression,0,0,0.19216440548500496,5
MAT,Subject05,logistic_regression,0,0,0.032773746136866115,5
MAT,Subject05,logistic_regression,0,0,0.009253343591262647,5
MAT,Subject05,logistic_regression,0,0,0.3597584336048419,5
MAT,Subject05,logistic_regression,0,0,0.07748044244184284,5
MAT,Subject05,logistic_regression,0,0,0.30339213902375844,5
MAT,Subject05,logistic_regression,0,0,0.008641760162862472,5
MAT,Subject05,logistic_regression,0,0,0.02409481255468674,5
MAT,Subject05,logistic_regression,0,0,0.00824358600571866,5
MAT,Subject05,logistic_regression,0,0,0.06787856312140161,5
MAT,Subject05,logistic_regression,1,1,0.9696645998270771,5
MAT,Subject05,logistic_regression,1,0,0.16554344537182006,5
MAT,Subject05,logistic_regression,1,0,0.32928655936109086,5
MAT,Subject05,logistic_regression,1,0,0.44423322598618875,5
MAT,Subject05,logistic_regression,1,1,0.8715418453509142,5
MAT,Subject05,logistic_regression,1,1,0.649767496010884,5
MAT,Subject05,logistic_regression,1,1,0.6650369952952196,5
MAT,Subject05,logistic_regression,1,1,0.6594766202956609,5
MAT,Subject05,logistic_regression,1,0,0.3940768380940757,5
MAT,Subject05,logistic_regression,1,1,0.9553449626618238,5
MAT,Subject05,logistic_regression,1,1,0.9571961108067476,5
MAT,Subject05,logistic_regression,1,1,0.7419397859998188,5
MAT,Subject05,logistic_regression,1,1,0.8974901799472984,5
MAT,Subject05,logistic_regression,1,1,0.7810136887438686,5
MAT,Subject05,logistic_regression,1,1,0.9664052872723299,5
MAT,Subject05,logistic_regression,1,1,0.6674114179944414,5
MAT,Subject05,logistic_regression,1,0,0.36772834709518915,5
MAT,Subject05,logistic_regression,1,0,0.31226258912350874,5
MAT,Subject05,logistic_regression,1,1,0.708653369478353,5
MAT,Subject05,logistic_regression,1,1,0.5483639148674074,5
MAT,Subject05,logistic_regression,1,0,0.3185726588957893,5
MAT,Subject05,logistic_regression,1,1,0.5798985686419146,5
MAT,Subject05,logistic_regression,1,0,0.45838609433491095,5
MAT,Subject05,logistic_regression,1,0,0.41502932101319284,5
MAT,Subject05,logistic_regression,1,0,0.13477645019357634,5
MAT,Subject05,logistic_regression,1,0,0.10231399877695493,5
MAT,Subject05,logistic_regression,1,0,0.054537112026370016,5
MAT,Subject05,logistic_regression,1,1,0.5664826831427955,5
MAT,Subject05,logistic_regression,1,1,0.8593432398925771,5
MAT,Subject05,logistic_regression,1,0,0.22302662013472954,5
MAT,Subject06,logistic_regression,0,1,0.9266045549966699,6
MAT,Subject06,logistic_regression,0,1,0.9400893167441845,6
MAT,Subject06,logistic_regression,0,1,0.9141161575166272,6
MAT,Subject06,logistic_regression,0,0,0.3174680568932235,6
MAT,Subject06,logistic_regression,0,1,0.6309474054264393,6
MAT,Subject06,logistic_regression,0,1,0.9029592386870515,6
MAT,Subject06,logistic_regression,0,0,0.49524115795783535,6
MAT,Subject06,logistic_regression,0,0,0.2745865554496676,6
MAT,Subject06,logistic_regression,0,1,0.8986088025524716,6
MAT,Subject06,logistic_regression,0,0,0.08385345421080316,6
MAT,Subject06,logistic_regression,0,0,0.21862094868764415,6
MAT,Subject06,logistic_regression,0,0,0.0557316263534152,6
MAT,Subject06,logistic_regression,0,0,0.34533093191569897,6
MAT,Subject06,logistic_regression,0,0,0.3632319140235431,6
MAT,Subject06,logistic_regression,0,0,0.11916737313940512,6
MAT,Subject06,logistic_regression,0,0,0.21227279526701415,6
MAT,Subject06,logistic_regression,0,0,0.41363253757391727,6
MAT,Subject06,logistic_regression,0,1,0.5354727505925502,6
MAT,Subject06,logistic_regression,0,0,0.28148886278744156,6
MAT,Subject06,logistic_regression,0,0,0.49032625185711665,6
MAT,Subject06,logistic_regression,0,0,0.2998666613677666,6
MAT,Subject06,logistic_regression,0,1,0.6728901912980123,6
MAT,Subject06,logistic_regression,0,0,0.16301982016841568,6
MAT,Subject06,logistic_regression,0,1,0.9559130610807893,6
MAT,Subject06,logistic_regression,0,1,0.9525064616769865,6
MAT,Subject06,logistic_regression,0,1,0.903975730186793,6
MAT,Subject06,logistic_regression,0,1,0.609280291592965,6
MAT,Subject06,logistic_regression,0,1,0.9165354902296716,6
MAT,Subject06,logistic_regression,0,1,0.8617491418163417,6
MAT,Subject06,logistic_regression,0,0,0.13531038142092833,6
MAT,Subject06,logistic_regression,0,0,0.3171101357018775,6
MAT,Subject06,logistic_regression,0,0,0.20912411758133834,6
MAT,Subject06,logistic_regression,0,0,0.25692630525479515,6
MAT,Subject06,logistic_regression,0,1,0.644580015283362,6
MAT,Subject06,logistic_regression,0,0,0.4290166271960756,6
MAT,Subject06,logistic_regression,0,1,0.5391109499658844,6
MAT,Subject06,logistic_regression,0,0,0.24442068163647182,6
MAT,Subject06,logistic_regression,0,0,0.345292613981113,6
MAT,Subject06,logistic_regression,0,1,0.9567750486042728,6
MAT,Subject06,logistic_regression,0,1,0.96516484984651,6
MAT,Subject06,logistic_regression,0,1,0.9164430966295876,6
MAT,Subject06,logistic_regression,0,0,0.07507541208823426,6
MAT,Subject06,logistic_regression,0,0,0.1629641063424286,6
MAT,Subject06,logistic_regression,0,0,0.07041607009420671,6
MAT,Subject06,logistic_regression,0,0,0.03170116860543043,6
MAT,Subject06,logistic_regression,0,0,0.09898978576313151,6
MAT,Subject06,logistic_regression,0,0,0.20262245615213056,6
MAT,Subject06,logistic_regression,0,0,0.2929627799662663,6
MAT,Subject06,logistic_regression,0,0,0.0921529921970859,6
MAT,Subject06,logistic_regression,0,0,0.032317219723671395,6
MAT,Subject06,logistic_regression,0,1,0.5400705867225225,6
MAT,Subject06,logistic_regression,0,0,0.39296671976974495,6
MAT,Subject06,logistic_regression,0,1,0.7709865674625803,6
MAT,Subject06,logistic_regression,0,1,0.7712443617133037,6
MAT,Subject06,logistic_regression,0,1,0.9025790935377349,6
MAT,Subject06,logistic_regression,0,0,0.4791522024041723,6
MAT,Subject06,logistic_regression,0,1,0.9780763689299927,6
MAT,Subject06,logistic_regression,0,1,0.9333683515289415,6
MAT,Subject06,logistic_regression,0,1,0.9241664686704425,6
MAT,Subject06,logistic_regression,0,1,0.9639596614633319,6
MAT,Subject06,logistic_regression,0,1,0.6878684150932849,6
MAT,Subject06,logistic_regression,0,1,0.8638153799564555,6
MAT,Subject06,logistic_regression,0,1,0.8394390479038166,6
MAT,Subject06,logistic_regression,0,1,0.8441795386364184,6
MAT,Subject06,logistic_regression,0,1,0.8746153400866417,6
MAT,Subject06,logistic_regression,0,0,0.43895694959620335,6
MAT,Subject06,logistic_regression,0,1,0.7974494148201952,6
MAT,Subject06,logistic_regression,0,0,0.33592689032429024,6
MAT,Subject06,logistic_regression,0,0,0.497505810596427,6
MAT,Subject06,logistic_regression,0,0,0.1406605878339754,6
MAT,Subject06,logistic_regression,0,0,0.3427379251673403,6
MAT,Subject06,logistic_regression,0,1,0.5071976796869727,6
MAT,Subject06,logistic_regression,0,1,0.547949694140584,6
MAT,Subject06,logistic_regression,0,0,0.41712122459976986,6
MAT,Subject06,logistic_regression,0,0,0.4788326161717373,6
MAT,Subject06,logistic_regression,0,1,0.5610771747932449,6
MAT,Subject06,logistic_regression,0,1,0.609950447779174,6
MAT,Subject06,logistic_regression,0,1,0.7089057886324471,6
MAT,Subject06,logistic_regression,0,1,0.6267992153779273,6
MAT,Subject06,logistic_regression,0,1,0.944566154704532,6
MAT,Subject06,logistic_regression,0,1,0.974181791751142,6
MAT,Subject06,logistic_regression,0,1,0.8922965364037061,6
MAT,Subject06,logistic_regression,0,0,0.14636806637105887,6
MAT,Subject06,logistic_regression,0,0,0.008587554466910185,6
MAT,Subject06,logistic_regression,0,0,0.34779898077731664,6
MAT,Subject06,logistic_regression,0,1,0.5672985226525451,6
MAT,Subject06,logistic_regression,0,0,0.4699744521451978,6
MAT,Subject06,logistic_regression,0,0,0.04245772190069681,6
MAT,Subject06,logistic_regression,0,1,0.6949202865239504,6
MAT,Subject06,logistic_regression,0,1,0.9930486810787001,6
MAT,Subject06,logistic_regression,1,1,0.8605433428000119,6
MAT,Subject06,logistic_regression,1,0,0.274404647841713,6
MAT,Subject06,logistic_regression,1,1,0.9813676632924804,6
MAT,Subject06,logistic_regression,1,1,0.998787216921085,6
MAT,Subject06,logistic_regression,1,1,0.9090775370071443,6
MAT,Subject06,logistic_regression,1,1,0.8204174507979125,6
MAT,Subject06,logistic_regression,1,1,0.7118907224893181,6
MAT,Subject06,logistic_regression,1,0,0.47859998640512785,6
MAT,Subject06,logistic_regression,1,0,0.4396003413572744,6
MAT,Subject06,logistic_regression,1,1,0.9927649623626663,6
MAT,Subject06,logistic_regression,1,1,0.9247364280577931,6
MAT,Subject06,logistic_regression,1,1,0.6674350967879598,6
MAT,Subject06,logistic_regression,1,1,0.9876882134163517,6
MAT,Subject06,logistic_regression,1,1,0.9743022075625712,6
MAT,Subject06,logistic_regression,1,0,0.47995771068329324,6
MAT,Subject06,logistic_regression,1,1,0.6882172367358173,6
MAT,Subject06,logistic_regression,1,0,0.4968817593548217,6
MAT,Subject06,logistic_regression,1,1,0.7638001028026289,6
MAT,Subject06,logistic_regression,1,1,0.9913529582882749,6
MAT,Subject06,logistic_regression,1,1,0.936011182289521,6
MAT,Subject06,logistic_regression,1,1,0.8637012223957007,6
MAT,Subject06,logistic_regression,1,1,0.8734476860411374,6
MAT,Subject06,logistic_regression,1,1,0.8856431386407237,6
MAT,Subject06,logistic_regression,1,1,0.9391870700133045,6
MAT,Subject06,logistic_regression,1,1,0.9684084274834338,6
MAT,Subject06,logistic_regression,1,1,0.9711469850061892,6
MAT,Subject06,logistic_regression,1,1,0.9815038417443236,6
MAT,Subject06,logistic_regression,1,1,0.7772223517711413,6
MAT,Subject06,logistic_regression,1,0,0.49083380494047985,6
MAT,Subject06,logistic_regression,1,1,0.624623060178822,6
MAT,Subject07,logistic_regression,0,1,0.7983336703776566,7
MAT,Subject07,logistic_regression,0,1,0.9462019413677423,7
MAT,Subject07,logistic_regression,0,1,0.989369733734945,7
MAT,Subject07,logistic_regression,0,1,0.516282345662816,7
MAT,Subject07,logistic_regression,0,1,0.9958008156086893,7
MAT,Subject07,logistic_regression,0,1,0.9905151890677762,7
MAT,Subject07,logistic_regression,0,1,0.8550897652164365,7
MAT,Subject07,logistic_regression,0,0,0.42736494498932465,7
MAT,Subject07,logistic_regression,0,0,0.006864326570351251,7
MAT,Subject07,logistic_regression,0,0,0.024409805538830445,7
MAT,Subject07,logistic_regression,0,1,0.989731361382036,7
MAT,Subject07,logistic_regression,0,1,0.9949721826452402,7
MAT,Subject07,logistic_regression,0,1,0.9966473090684488,7
MAT,Subject07,logistic_regression,0,1,0.990220268389111,7
MAT,Subject07,logistic_regression,0,1,0.8312202875030502,7
MAT,Subject07,logistic_regression,0,0,0.027115061423676874,7
MAT,Subject07,logistic_regression,0,0,0.02076596038363073,7
MAT,Subject07,logistic_regression,0,0,0.08293125339328546,7
MAT,Subject07,logistic_regression,0,1,0.8469040393713207,7
MAT,Subject07,logistic_regression,0,0,0.011370172641485644,7
MAT,Subject07,logistic_regression,0,0,0.013878200808946844,7
MAT,Subject07,logistic_regression,0,1,0.5716971539944289,7
MAT,Subject07,logistic_regression,0,0,0.38586355405662415,7
MAT,Subject07,logistic_regression,0,0,0.012732427663266904,7
MAT,Subject07,logistic_regression,0,0,0.0010449334779710545,7
MAT,Subject07,logistic_regression,0,0,0.03927388452898695,7
MAT,Subject07,logistic_regression,0,0,0.16466170161319918,7
MAT,Subject07,logistic_regression,0,0,0.035707431836893094,7
MAT,Subject07,logistic_regression,0,0,0.32928923337721816,7
MAT,Subject07,logistic_regression,0,0,0.20229890239941914,7
MAT,Subject07,logistic_regression,0,0,0.018775124152348235,7
MAT,Subject07,logistic_regression,0,1,0.9342521363088833,7
MAT,Subject07,logistic_regression,0,0,0.3866065625601739,7
MAT,Subject07,logistic_regression,0,0,0.005472356909742027,7
MAT,Subject07,logistic_regression,0,0,0.1019649313572724,7
MAT,Subject07,logistic_regression,0,1,0.5351238097325318,7
MAT,Subject07,logistic_regression,0,0,0.02739005204281766,7
MAT,Subject07,logistic_regression,0,0,0.003259823662657275,7
MAT,Subject07,logistic_regression,0,0,0.0007480712667159186,7
MAT,Subject07,logistic_regression,0,0,0.03680834001584165,7
MAT,Subject07,logistic_regression,0,0,0.011630063566232956,7
MAT,Subject07,logistic_regression,0,1,0.956780530779542,7
MAT,Subject07,logistic_regression,0,0,0.15954199412882542,7
MAT,Subject07,logistic_regression,0,0,0.08604230002130062,7
MAT,Subject07,logistic_regression,0,0,0.3651805854251293,7
MAT,Subject07,logistic_regression,0,1,0.669189624949385,7
MAT,Subject07,logistic_regression,0,0,0.27620202149270656,7
MAT,Subject07,logistic_regression,0,0,0.001181529182956222,7
MAT,Subject07,logistic_regression,0,0,0.0018111972829663063,7
MAT,Subject07,logistic_regression,0,0,0.016897791980421788,7
MAT,Subject07,logistic_regression,0,0,0.008189131882501267,7
MAT,Subject07,logistic_regression,0,0,0.00047120577148790106,7
MAT,Subject07,logistic_regression,0,0,0.01252235976237816,7
MAT,Subject07,logistic_regression,0,0,0.0019823513986400583,7
MAT,Subject07,logistic_regression,0,0,0.0006438340780991174,7
MAT,Subject07,logistic_regression,0,0,2.0617390807736673e-05,7
MAT,Subject07,logistic_regression,0,0,0.012300848338986063,7
MAT,Subject07,logistic_regression,0,0,0.44909805444712286,7
MAT,Subject07,logistic_regression,0,1,0.8400234074792337,7
MAT,Subject07,logistic_regression,0,1,0.8460119139510451,7
MAT,Subject07,logistic_regression,0,0,0.010459617777729288,7
MAT,Subject07,logistic_regression,0,0,0.19833797337276537,7
MAT,Subject07,logistic_regression,0,0,0.3889521315704589,7
MAT,Subject07,logistic_regression,0,0,0.15177412185189257,7
MAT,Subject07,logistic_regression,0,1,0.8425915023969828,7
MAT,Subject07,logistic_regression,0,0,0.03325589988185319,7
MAT,Subject07,logistic_regression,0,0,0.013944161449272944,7
MAT,Subject07,logistic_regression,0,1,0.5670479470936483,7
MAT,Subject07,logistic_regression,0,1,0.7400321883917504,7
MAT,Subject07,logistic_regression,0,1,0.984893807034734,7
MAT,Subject07,logistic_regression,0,1,0.8778813923976361,7
MAT,Subject07,logistic_regression,0,1,0.5553368328469346,7
MAT,Subject07,logistic_regression,0,0,0.121363968507299,7
MAT,Subject07,logistic_regression,0,0,0.10310575715850691,7
MAT,Subject07,logistic_regression,0,1,0.9776807327193572,7
MAT,Subject07,logistic_regression,0,1,0.7456596309793878,7
MAT,Subject07,logistic_regression,0,0,0.4192288548856042,7
MAT,Subject07,logistic_regression,0,0,0.02901740641568723,7
MAT,Subject07,logistic_regression,0,0,0.009028746616345009,7
MAT,Subject07,logistic_regression,0,0,0.062436754118207226,7
MAT,Subject07,logistic_regression,0,0,0.0021918301049391672,7
MAT,Subject07,logistic_regression,0,0,0.004719187999140704,7
MAT,Subject07,logistic_regression,0,1,0.7383152255786741,7
MAT,Subject07,logistic_regression,0,1,0.9441367226022492,7
MAT,Subject07,logistic_regression,0,1,0.9629818847066762,7
MAT,Subject07,logistic_regression,0,1,0.6433461361870543,7
MAT,Subject07,logistic_regression,0,1,0.9695956450194297,7
MAT,Subject07,logistic_regression,0,1,0.8781193248775829,7
MAT,Subject07,logistic_regression,0,0,0.0633928256056674,7
MAT,Subject07,logistic_regression,0,0,0.00030977503342784137,7
MAT,Subject07,logistic_regression,1,1,0.528733892081188,7
MAT,Subject07,logistic_regression,1,0,0.008400354907831895,7
MAT,Subject07,logistic_regression,1,0,0.08550363982645706,7
MAT,Subject07,logistic_regression,1,0,5.832930581762281e-05,7
MAT,Subject07,logistic_regression,1,0,0.0001429779685590143,7
MAT,Subject07,logistic_regression,1,1,0.9083165487956825,7
MAT,Subject07,logistic_regression,1,0,0.030629086459879832,7
MAT,Subject07,logistic_regression,1,0,0.25375716898805734,7
MAT,Subject07,logistic_regression,1,1,0.890862816796675,7
MAT,Subject07,logistic_regression,1,1,0.5274281760350834,7
MAT,Subject07,logistic_regression,1,0,0.4412383885264157,7
MAT,Subject07,logistic_regression,1,1,0.5151770496935899,7
MAT,Subject07,logistic_regression,1,0,0.35547490051474706,7
MAT,Subject07,logistic_regression,1,0,0.28866432553976445,7
MAT,Subject07,logistic_regression,1,0,0.14292991786272116,7
MAT,Subject07,logistic_regression,1,0,0.3810406137038261,7
MAT,Subject07,logistic_regression,1,1,0.8384040041856777,7
MAT,Subject07,logistic_regression,1,1,0.6852810085670287,7
MAT,Subject07,logistic_regression,1,0,0.026824562067021242,7
MAT,Subject07,logistic_regression,1,0,0.14675542028559682,7
MAT,Subject07,logistic_regression,1,1,0.9765531205857624,7
MAT,Subject07,logistic_regression,1,1,0.9756192338064987,7
MAT,Subject07,logistic_regression,1,1,0.8142504647714907,7
MAT,Subject07,logistic_regression,1,0,0.1228659462416511,7
MAT,Subject07,logistic_regression,1,0,0.12219654876295959,7
MAT,Subject07,logistic_regression,1,1,0.8335926648391973,7
MAT,Subject07,logistic_regression,1,1,0.7386875188969273,7
MAT,Subject07,logistic_regression,1,1,0.5233869487789389,7
MAT,Subject07,logistic_regression,1,1,0.6694268878721112,7
MAT,Subject07,logistic_regression,1,1,0.9307368087220751,7
MAT,Subject08,logistic_regression,0,1,0.8157384165674075,8
MAT,Subject08,logistic_regression,0,1,0.5364365631344243,8
MAT,Subject08,logistic_regression,0,0,0.3536952272942011,8
MAT,Subject08,logistic_regression,0,0,0.24438562068166853,8
MAT,Subject08,logistic_regression,0,1,0.8736926660276149,8
MAT,Subject08,logistic_regression,0,1,0.7806293225027479,8
MAT,Subject08,logistic_regression,0,1,0.5321683949086926,8
MAT,Subject08,logistic_regression,0,0,0.4631645838982776,8
MAT,Subject08,logistic_regression,0,1,0.796235459634943,8
MAT,Subject08,logistic_regression,0,1,0.8968220137078031,8
MAT,Subject08,logistic_regression,0,1,0.8876165271546702,8
MAT,Subject08,logistic_regression,0,1,0.5149946875146358,8
MAT,Subject08,logistic_regression,0,1,0.5097152964755697,8
MAT,Subject08,logistic_regression,0,1,0.7339071252585228,8
MAT,Subject08,logistic_regression,0,0,0.4501295300552965,8
MAT,Subject08,logistic_regression,0,1,0.6246297501135935,8
MAT,Subject08,logistic_regression,0,0,0.24135222476538315,8
MAT,Subject08,logistic_regression,0,1,0.5623954317275315,8
MAT,Subject08,logistic_regression,0,0,0.4024719722016395,8
MAT,Subject08,logistic_regression,0,0,0.20999320414088843,8
MAT,Subject08,logistic_regression,0,0,0.018655152598555495,8
MAT,Subject08,logistic_regression,0,0,0.04141903484107381,8
MAT,Subject08,logistic_regression,0,1,0.748793709148794,8
MAT,Subject08,logistic_regression,0,1,0.9731625196590024,8
MAT,Subject08,logistic_regression,0,1,0.7415695886492625,8
MAT,Subject08,logistic_regression,0,1,0.9423491330238636,8
MAT,Subject08,logistic_regression,0,0,0.12343170889330121,8
MAT,Subject08,logistic_regression,0,0,0.0671728151722097,8
MAT,Subject08,logistic_regression,0,0,0.21432257828911463,8
MAT,Subject08,logistic_regression,0,0,0.06368512576517606,8
MAT,Subject08,logistic_regression,0,1,0.7684187405041293,8
MAT,Subject08,logistic_regression,0,1,0.8079860817122629,8
MAT,Subject08,logistic_regression,0,1,0.5773265965813167,8
MAT,Subject08,logistic_regression,0,1,0.792692040146311,8
MAT,Subject08,logistic_regression,0,0,0.33843328546509566,8
MAT,Subject08,logistic_regression,0,0,0.4059905200246047,8
MAT,Subject08,logistic_regression,0,0,0.4178189374762179,8
MAT,Subject08,logistic_regression,0,0,0.21598803880348652,8
MAT,Subject08,logistic_regression,0,0,0.40227233352189323,8
MAT,Subject08,logistic_regression,0,1,0.6113273260674272,8
MAT,Subject08,logistic_regression,0,0,0.4470397103829717,8
MAT,Subject08,logistic_regression,0,1,0.5619970226038215,8
MAT,Subject08,logistic_regression,0,1,0.9573008467880867,8
MAT,Subject08,logistic_regression,0,0,0.3666586095488605,8
MAT,Subject08,logistic_regression,0,0,0.4203122486211234,8
MAT,Subject08,logistic_regression,0,1,0.6657386227943685,8
MAT,Subject08,logistic_regression,0,0,0.258906072591142,8
MAT,Subject08,logistic_regression,0,1,0.8246417026383642,8
MAT,Subject08,logistic_regression,0,1,0.9550777161450722,8
MAT,Subject08,logistic_regression,0,1,0.9394163816861885,8
MAT,Subject08,logistic_regression,0,1,0.7031576097258826,8
MAT,Subject08,logistic_regression,0,0,0.4836241738313702,8
MAT,Subject08,logistic_regression,0,0,0.39372175788992114,8
MAT,Subject08,logistic_regression,0,1,0.6052429466391125,8
MAT,Subject08,logistic_regression,0,0,0.2469453744880527,8
MAT,Subject08,logistic_regression,0,0,0.2821688349844264,8
MAT,Subject08,logistic_regression,0,1,0.5122036955332389,8
MAT,Subject08,logistic_regression,0,1,0.7200675454169785,8
MAT,Subject08,logistic_regression,0,0,0.37672065447070263,8
MAT,Subject08,logistic_regression,0,0,0.3401445330099717,8
MAT,Subject08,logistic_regression,0,0,0.26073137905883564,8
MAT,Subject08,logistic_regression,0,1,0.7932063933140285,8
MAT,Subject08,logistic_regression,0,1,0.9279680812366387,8
MAT,Subject08,logistic_regression,0,1,0.9860536367745353,8
MAT,Subject08,logistic_regression,0,1,0.7482221348196378,8
MAT,Subject08,logistic_regression,0,1,0.5996765948851895,8
MAT,Subject08,logistic_regression,0,1,0.6768256539640779,8
MAT,Subject08,logistic_regression,0,0,0.07163372168426808,8
MAT,Subject08,logistic_regression,0,0,0.02869172214309385,8
MAT,Subject08,logistic_regression,0,0,0.40133639425879486,8
MAT,Subject08,logistic_regression,0,1,0.8794385548123952,8
MAT,Subject08,logistic_regression,0,1,0.8849125580772366,8
MAT,Subject08,logistic_regression,0,1,0.5005616343290501,8
MAT,Subject08,logistic_regression,0,0,0.16128265816994902,8
MAT,Subject08,logistic_regression,0,0,0.049122961871860264,8
MAT,Subject08,logistic_regression,0,0,0.022735414396383616,8
MAT,Subject08,logistic_regression,0,1,0.5772939856930168,8
MAT,Subject08,logistic_regression,0,0,0.40193839664126113,8
MAT,Subject08,logistic_regression,0,0,0.4357803117993242,8
MAT,Subject08,logistic_regression,0,1,0.8287550309532665,8
MAT,Subject08,logistic_regression,0,0,0.24982205132198432,8
MAT,Subject08,logistic_regression,0,1,0.8243250577671911,8
MAT,Subject08,logistic_regression,0,0,0.47663449738519725,8
MAT,Subject08,logistic_regression,0,0,0.08700470748085827,8
MAT,Subject08,logistic_regression,0,1,0.6357502587167618,8
MAT,Subject08,logistic_regression,0,1,0.8304724341625724,8
MAT,Subject08,logistic_regression,0,0,0.37847093691943645,8
MAT,Subject08,logistic_regression,0,1,0.7394157435335321,8
MAT,Subject08,logistic_regression,0,1,0.8185185891667627,8
MAT,Subject08,logistic_regression,0,0,0.4854829869139093,8
MAT,Subject08,logistic_regression,1,1,0.8369343460255309,8
MAT,Subject08,logistic_regression,1,1,0.9162254874731814,8
MAT,Subject08,logistic_regression,1,1,0.7464689884645874,8
MAT,Subject08,logistic_regression,1,0,0.49996323545479215,8
MAT,Subject08,logistic_regression,1,1,0.92380423487743,8
MAT,Subject08,logistic_regression,1,1,0.7397146513685533,8
MAT,Subject08,logistic_regression,1,0,0.2490107654685383,8
MAT,Subject08,logistic_regression,1,1,0.6771668879760303,8
MAT,Subject08,logistic_regression,1,1,0.9952164426463207,8
MAT,Subject08,logistic_regression,1,1,0.9976911993626405,8
MAT,Subject08,logistic_regression,1,1,0.7335299634403273,8
MAT,Subject08,logistic_regression,1,1,0.97179307156244,8
MAT,Subject08,logistic_regression,1,1,0.9777207770845588,8
MAT,Subject08,logistic_regression,1,1,0.9715192143891539,8
MAT,Subject08,logistic_regression,1,1,0.9361705350172913,8
MAT,Subject08,logistic_regression,1,1,0.8543586793373835,8
MAT,Subject08,logistic_regression,1,1,0.843192130875258,8
MAT,Subject08,logistic_regression,1,1,0.9130734652272463,8
MAT,Subject08,logistic_regression,1,1,0.984663370282036,8
MAT,Subject08,logistic_regression,1,1,0.9616421820538903,8
MAT,Subject08,logistic_regression,1,1,0.7144507055472012,8
MAT,Subject08,logistic_regression,1,1,0.9392968587048813,8
MAT,Subject08,logistic_regression,1,1,0.7497065278012602,8
MAT,Subject08,logistic_regression,1,1,0.8468016578676342,8
MAT,Subject08,logistic_regression,1,1,0.9677539923518552,8
MAT,Subject08,logistic_regression,1,1,0.5499912073789284,8
MAT,Subject08,logistic_regression,1,1,0.7362612442374833,8
MAT,Subject08,logistic_regression,1,1,0.6248598855009816,8
MAT,Subject08,logistic_regression,1,1,0.7828616961002367,8
MAT,Subject08,logistic_regression,1,1,0.9668370571328745,8
MAT,Subject09,logistic_regression,0,0,0.42984377340912017,9
MAT,Subject09,logistic_regression,0,1,0.7471523431909679,9
MAT,Subject09,logistic_regression,0,0,0.23715692374947958,9
MAT,Subject09,logistic_regression,0,0,0.4349520146599724,9
MAT,Subject09,logistic_regression,0,1,0.6528058266370228,9
MAT,Subject09,logistic_regression,0,1,0.7731813630384423,9
MAT,Subject09,logistic_regression,0,1,0.6550527726356434,9
MAT,Subject09,logistic_regression,0,0,0.2531509057418547,9
MAT,Subject09,logistic_regression,0,1,0.5637947898580923,9
MAT,Subject09,logistic_regression,0,1,0.6404147297935788,9
MAT,Subject09,logistic_regression,0,1,0.6239766933262554,9
MAT,Subject09,logistic_regression,0,0,0.004969887667373618,9
MAT,Subject09,logistic_regression,0,0,0.008387894366799702,9
MAT,Subject09,logistic_regression,0,0,0.03685090082263861,9
MAT,Subject09,logistic_regression,0,0,0.4410718049644351,9
MAT,Subject09,logistic_regression,0,0,0.47949358873656117,9
MAT,Subject09,logistic_regression,0,0,0.12654416140077193,9
MAT,Subject09,logistic_regression,0,1,0.5873400613101396,9
MAT,Subject09,logistic_regression,0,0,0.3145826073706931,9
MAT,Subject09,logistic_regression,0,1,0.6065908483340648,9
MAT,Subject09,logistic_regression,0,1,0.9145731207913644,9
MAT,Subject09,logistic_regression,0,0,0.14290659670137026,9
MAT,Subject09,logistic_regression,0,1,0.6429410338553633,9
MAT,Subject09,logistic_regression,0,0,0.41708018033739086,9
MAT,Subject09,logistic_regression,0,1,0.9840057387555161,9
MAT,Subject09,logistic_regression,0,0,0.2001632973806355,9
MAT,Subject09,logistic_regression,0,0,0.11999899685763399,9
MAT,Subject09,logistic_regression,0,0,0.10048383466739472,9
MAT,Subject09,logistic_regression,0,1,0.6923941050277735,9
MAT,Subject09,logistic_regression,0,0,0.12514386493943191,9
MAT,Subject09,logistic_regression,0,0,0.24555399158007293,9
MAT,Subject09,logistic_regression,0,0,0.06915936205014318,9
MAT,Subject09,logistic_regression,0,0,0.145255218483667,9
MAT,Subject09,logistic_regression,0,0,0.27671918463530115,9
MAT,Subject09,logistic_regression,0,0,0.33072731211361267,9
MAT,Subject09,logistic_regression,0,1,0.9198899495653409,9
MAT,Subject09,logistic_regression,0,1,0.8147961041856021,9
MAT,Subject09,logistic_regression,0,0,0.32629320690817626,9
MAT,Subject09,logistic_regression,0,0,0.2388936286871145,9
MAT,Subject09,logistic_regression,0,1,0.8067020087331483,9
MAT,Subject09,logistic_regression,0,1,0.8474802112087584,9
MAT,Subject09,logistic_regression,0,1,0.5626878027378529,9
MAT,Subject09,logistic_regression,0,0,0.1428918854915877,9
MAT,Subject09,logistic_regression,0,1,0.5143207567141864,9
MAT,Subject09,logistic_regression,0,1,0.9281305367636206,9
MAT,Subject09,logistic_regression,0,1,0.9906819470818695,9
MAT,Subject09,logistic_regression,0,1,0.6321623044639288,9
MAT,Subject09,logistic_regression,0,1,0.9998868630640037,9
MAT,Subject09,logistic_regression,0,1,0.9999051617715538,9
MAT,Subject09,logistic_regression,0,1,0.9652040010044003,9
MAT,Subject09,logistic_regression,0,1,0.7575356199325303,9
MAT,Subject09,logistic_regression,0,1,0.8059314194134783,9
MAT,Subject09,logistic_regression,0,1,0.7483063644875708,9
MAT,Subject09,logistic_regression,0,1,0.9633676418886042,9
MAT,Subject09,logistic_regression,0,1,0.9533562555296377,9
MAT,Subject09,logistic_regression,0,1,0.5313509241499516,9
MAT,Subject09,logistic_regression,0,0,0.16220980071459304,9
MAT,Subject09,logistic_regression,0,1,0.865773711272787,9
MAT,Subject09,logistic_regression,0,1,0.6819679511643518,9
MAT,Subject09,logistic_regression,0,0,0.46291110252865586,9
MAT,Subject09,logistic_regression,0,1,0.9549209096231144,9
MAT,Subject09,logistic_regression,0,1,0.9388010066378516,9
MAT,Subject09,logistic_regression,0,1,0.6583667787085284,9
MAT,Subject09,logistic_regression,0,1,0.5885809043541087,9
MAT,Subject09,logistic_regression,0,0,0.032452880749104795,9
MAT,Subject09,logistic_regression,0,1,0.9719424746165376,9
MAT,Subject09,logistic_regression,0,1,0.9565273517889549,9
MAT,Subject09,logistic_regression,0,1,0.9517244722778935,9
MAT,Subject09,logistic_regression,0,0,0.22694558731899445,9
MAT,Subject09,logistic_regression,0,0,0.06693994270117257,9
MAT,Subject09,logistic_regression,0,0,0.12062563743418893,9
MAT,Subject09,logistic_regression,0,0,0.23117447754217205,9
MAT,Subject09,logistic_regression,0,1,0.5043824787293307,9
MAT,Subject09,logistic_regression,0,1,0.6038529122225739,9
MAT,Subject09,logistic_regression,0,1,0.7966237443944428,9
MAT,Subject09,logistic_regression,0,1,0.6572070103610239,9
MAT,Subject09,logistic_regression,0,0,0.2496369101859455,9
MAT,Subject09,logistic_regression,0,1,0.6812819318484137,9
MAT,Subject09,logistic_regression,0,1,0.8353412959451443,9
MAT,Subject09,logistic_regression,0,0,0.42791992014675984,9
MAT,Subject09,logistic_regression,0,0,0.27354372380050984,9
MAT,Subject09,logistic_regression,0,1,0.9998217683511644,9
MAT,Subject09,logistic_regression,0,1,0.9998011289893483,9
MAT,Subject09,logistic_regression,0,1,0.5332018754555025,9
MAT,Subject09,logistic_regression,0,1,0.7789676350148635,9
MAT,Subject09,logistic_regression,0,0,0.01811578213835631,9
MAT,Subject09,logistic_regression,0,1,0.8869594671778999,9
MAT,Subject09,logistic_regression,0,0,0.44860379468229744,9
MAT,Subject09,logistic_regression,0,0,0.2256214226979029,9
MAT,Subject09,logistic_regression,0,0,0.17993147913948526,9
MAT,Subject09,logistic_regression,1,1,0.9807449105489117,9
MAT,Subject09,logistic_regression,1,1,0.9614015035389383,9
MAT,Subject09,logistic_regression,1,1,0.7053459182046744,9
MAT,Subject09,logistic_regression,1,1,0.770526912697957,9
MAT,Subject09,logistic_regression,1,1,0.8127772034538522,9
MAT,Subject09,logistic_regression,1,1,0.9675018370876108,9
MAT,Subject09,logistic_regression,1,1,0.9224581860431655,9
MAT,Subject09,logistic_regression,1,1,0.9728010435295342,9
MAT,Subject09,logistic_regression,1,1,0.9823805458853293,9
MAT,Subject09,logistic_regression,1,1,0.9963927361811272,9
MAT,Subject09,logistic_regression,1,1,0.7411802287634054,9
MAT,Subject09,logistic_regression,1,1,0.8655431267884961,9
MAT,Subject09,logistic_regression,1,1,0.9170924468745872,9
MAT,Subject09,logistic_regression,1,1,0.9976083425733929,9
MAT,Subject09,logistic_regression,1,1,0.994386979188766,9
MAT,Subject09,logistic_regression,1,1,0.9794548860131783,9
MAT,Subject09,logistic_regression,1,1,0.9829261920641584,9
MAT,Subject09,logistic_regression,1,1,0.9979742222031455,9
MAT,Subject09,logistic_regression,1,1,0.9952088207196356,9
MAT,Subject09,logistic_regression,1,1,0.9470547144549434,9
MAT,Subject09,logistic_regression,1,1,0.9403707893598149,9
MAT,Subject09,logistic_regression,1,1,0.9932615867361178,9
MAT,Subject09,logistic_regression,1,1,0.9940901583235298,9
MAT,Subject09,logistic_regression,1,1,0.965820748758546,9
MAT,Subject09,logistic_regression,1,1,0.9820749190523492,9
MAT,Subject09,logistic_regression,1,1,0.732228327676111,9
MAT,Subject09,logistic_regression,1,0,0.4023665119695912,9
MAT,Subject09,logistic_regression,1,1,0.5170117182159283,9
MAT,Subject09,logistic_regression,1,1,0.774586129772505,9
MAT,Subject09,logistic_regression,1,1,0.9493779019325813,9
MAT,Subject10,logistic_regression,0,1,0.6416933517421423,10
MAT,Subject10,logistic_regression,0,0,0.25189087318162173,10
MAT,Subject10,logistic_regression,0,0,0.0003148444982871816,10
MAT,Subject10,logistic_regression,0,0,0.001808039788013735,10
MAT,Subject10,logistic_regression,0,0,0.02327127232352687,10
MAT,Subject10,logistic_regression,0,0,0.018461346246638,10
MAT,Subject10,logistic_regression,0,0,0.0018918000705585706,10
MAT,Subject10,logistic_regression,0,0,0.023267911069657615,10
MAT,Subject10,logistic_regression,0,0,0.25124702480529093,10
MAT,Subject10,logistic_regression,0,0,0.15729022309185575,10
MAT,Subject10,logistic_regression,0,0,0.015870953145312217,10
MAT,Subject10,logistic_regression,0,0,0.05810984364797183,10
MAT,Subject10,logistic_regression,0,0,0.036595797272468575,10
MAT,Subject10,logistic_regression,0,0,0.0019866103545786414,10
MAT,Subject10,logistic_regression,0,0,0.09420199363340616,10
MAT,Subject10,logistic_regression,0,0,0.006453735234259752,10
MAT,Subject10,logistic_regression,0,0,0.027794272684682562,10
MAT,Subject10,logistic_regression,0,0,0.004268637809229885,10
MAT,Subject10,logistic_regression,0,0,0.007267875236477135,10
MAT,Subject10,logistic_regression,0,0,0.17602523621130195,10
MAT,Subject10,logistic_regression,0,0,0.06648563611131572,10
MAT,Subject10,logistic_regression,0,0,0.04028480841169363,10
MAT,Subject10,logistic_regression,0,0,0.008974035622635943,10
MAT,Subject10,logistic_regression,0,0,0.0023379998429607133,10
MAT,Subject10,logistic_regression,0,0,0.03637737795020305,10
MAT,Subject10,logistic_regression,0,0,0.07623724938310714,10
MAT,Subject10,logistic_regression,0,0,0.015665626598049313,10
MAT,Subject10,logistic_regression,0,0,0.00046301061034027515,10
MAT,Subject10,logistic_regression,0,0,0.0008957984661413663,10
MAT,Subject10,logistic_regression,0,0,0.002259567268224782,10
MAT,Subject10,logistic_regression,0,0,0.0068035993542906285,10
MAT,Subject10,logistic_regression,0,0,0.005267152577197231,10
MAT,Subject10,logistic_regression,0,0,0.07675988551888976,10
MAT,Subject10,logistic_regression,0,0,0.010125569801114051,10
MAT,Subject10,logistic_regression,0,0,0.08099366738864679,10
MAT,Subject10,logistic_regression,0,0,0.11216002115589287,10
MAT,Subject10,logistic_regression,0,1,0.9428876356081354,10
MAT,Subject10,logistic_regression,0,0,0.018362635977015044,10
MAT,Subject10,logistic_regression,0,0,5.9230675788009123e-05,10
MAT,Subject10,logistic_regression,0,0,0.0002091185434830217,10
MAT,Subject10,logistic_regression,0,0,0.001431707852259343,10
MAT,Subject10,logistic_regression,0,0,0.001974003336557489,10
MAT,Subject10,logistic_regression,0,0,0.00623010634559483,10
MAT,Subject10,logistic_regression,0,0,0.0012508524947704859,10
MAT,Subject10,logistic_regression,0,0,0.0009422781072545334,10
MAT,Subject10,logistic_regression,0,0,0.01312292690725296,10
MAT,Subject10,logistic_regression,0,0,0.007514822674093126,10
MAT,Subject10,logistic_regression,0,0,0.0011357022522309234,10
MAT,Subject10,logistic_regression,0,0,0.015086938649621568,10
MAT,Subject10,logistic_regression,0,1,0.5764724649796212,10
MAT,Subject10,logistic_regression,0,0,0.004856160962030665,10
MAT,Subject10,logistic_regression,0,0,0.0007532647731608785,10
MAT,Subject10,logistic_regression,0,0,0.0005539860641991183,10
MAT,Subject10,logistic_regression,0,0,0.000306679872504903,10
MAT,Subject10,logistic_regression,0,0,0.004228515836389996,10
MAT,Subject10,logistic_regression,0,0,0.0018011045337579085,10
MAT,Subject10,logistic_regression,0,0,0.039738835020076475,10
MAT,Subject10,logistic_regression,0,0,0.0010985071392222172,10
MAT,Subject10,logistic_regression,0,0,2.167713426000849e-05,10
MAT,Subject10,logistic_regression,0,0,3.5594052406429855e-05,10
MAT,Subject10,logistic_regression,0,0,8.696409301001135e-07,10
MAT,Subject10,logistic_regression,0,0,2.2817868369767455e-05,10
MAT,Subject10,logistic_regression,0,0,0.0002892184627101267,10
MAT,Subject10,logistic_regression,0,0,0.005992002572886898,10
MAT,Subject10,logistic_regression,0,0,0.002934370495761109,10
MAT,Subject10,logistic_regression,0,0,5.8120277704476215e-05,10
MAT,Subject10,logistic_regression,0,0,0.006661267879273002,10
MAT,Subject10,logistic_regression,0,0,4.206629823498218e-05,10
MAT,Subject10,logistic_regression,0,0,0.0020355346380863054,10
MAT,Subject10,logistic_regression,0,0,0.022859099782121525,10
MAT,Subject10,logistic_regression,0,0,0.0007569348301399108,10
MAT,Subject10,logistic_regression,0,0,0.09358857392851945,10
MAT,Subject10,logistic_regression,0,0,0.0006074074316713247,10
MAT,Subject10,logistic_regression,0,0,0.003062121244523789,10
MAT,Subject10,logistic_regression,0,0,0.00591871697440174,10
MAT,Subject10,logistic_regression,0,0,0.00909524328658098,10
MAT,Subject10,logistic_regression,0,0,0.0005428886575599108,10
MAT,Subject10,logistic_regression,0,0,0.02422368630564641,10
MAT,Subject10,logistic_regression,0,0,0.004679077589906996,10
MAT,Subject10,logistic_regression,0,0,0.00024281143460144826,10
MAT,Subject10,logistic_regression,0,0,0.006990815526938687,10
MAT,Subject10,logistic_regression,0,0,0.003108483092252882,10
MAT,Subject10,logistic_regression,0,0,0.0012012527063323642,10
MAT,Subject10,logistic_regression,0,0,0.010102578153076636,10
MAT,Subject10,logistic_regression,0,0,0.0022688660297335776,10
MAT,Subject10,logistic_regression,0,0,0.0004187413936347675,10
MAT,Subject10,logistic_regression,0,0,0.01295109966857909,10
MAT,Subject10,logistic_regression,0,0,0.014024225180224786,10
MAT,Subject10,logistic_regression,0,0,0.027018048210002924,10
MAT,Subject10,logistic_regression,0,0,0.006164095206883171,10
MAT,Subject10,logistic_regression,0,0,0.019539578802267185,10
MAT,Subject10,logistic_regression,0,0,0.06013724917758363,10
MAT,Subject10,logistic_regression,0,0,0.024223179478994928,10
MAT,Subject10,logistic_regression,1,0,0.18227524609558457,10
MAT,Subject10,logistic_regression,1,1,0.5887717360743742,10
MAT,Subject10,logistic_regression,1,1,0.8599609340359584,10
MAT,Subject10,logistic_regression,1,0,0.4921104407302563,10
MAT,Subject10,logistic_regression,1,0,0.4812316717053912,10
MAT,Subject10,logistic_regression,1,1,0.8902591408463761,10
MAT,Subject10,logistic_regression,1,1,0.9926012385069685,10
MAT,Subject10,logistic_regression,1,1,0.8310036635707327,10
MAT,Subject10,logistic_regression,1,0,0.1878858541469743,10
MAT,Subject10,logistic_regression,1,0,0.025115466277961622,10
MAT,Subject10,logistic_regression,1,0,0.05879580093542154,10
MAT,Subject10,logistic_regression,1,0,0.018612801488034122,10
MAT,Subject10,logistic_regression,1,0,0.2906676944232701,10
MAT,Subject10,logistic_regression,1,1,0.7081230994482056,10
MAT,Subject10,logistic_regression,1,0,0.3930312879189429,10
MAT,Subject10,logistic_regression,1,0,0.16910712584652102,10
MAT,Subject10,logistic_regression,1,1,0.7995992601299703,10
MAT,Subject10,logistic_regression,1,1,0.9871671809925372,10
MAT,Subject10,logistic_regression,1,1,0.9815445791785016,10
MAT,Subject10,logistic_regression,1,0,0.1812975411378322,10
MAT,Subject10,logistic_regression,1,0,0.19507457384647212,10
MAT,Subject10,logistic_regression,1,0,0.2760786844155272,10
MAT,Subject10,logistic_regression,1,0,0.1781985515331517,10
MAT,Subject10,logistic_regression,1,0,0.2293191087968552,10
MAT,Subject10,logistic_regression,1,1,0.9632196944306889,10
MAT,Subject10,logistic_regression,1,0,0.07838033575069044,10
MAT,Subject10,logistic_regression,1,1,0.6354581246802427,10
MAT,Subject10,logistic_regression,1,0,0.09420966306151331,10
MAT,Subject10,logistic_regression,1,1,0.6075504607926459,10
MAT,Subject10,logistic_regression,1,1,0.9441400043208964,10
MAT,Subject11,logistic_regression,0,1,0.6640783914621263,11
MAT,Subject11,logistic_regression,0,1,0.9408041319845197,11
MAT,Subject11,logistic_regression,0,1,0.9559665529411236,11
MAT,Subject11,logistic_regression,0,1,0.5888318887984393,11
MAT,Subject11,logistic_regression,0,1,0.8470690855883654,11
MAT,Subject11,logistic_regression,0,1,0.8586343572722709,11
MAT,Subject11,logistic_regression,0,1,0.7680712891809095,11
MAT,Subject11,logistic_regression,0,1,0.5948883961179692,11
MAT,Subject11,logistic_regression,0,1,0.7518943046545691,11
MAT,Subject11,logistic_regression,0,1,0.7663280985483242,11
MAT,Subject11,logistic_regression,0,1,0.7943027747951885,11
MAT,Subject11,logistic_regression,0,0,0.38670162965907806,11
MAT,Subject11,logistic_regression,0,0,0.38851723284880985,11
MAT,Subject11,logistic_regression,0,0,0.15779998895671807,11
MAT,Subject11,logistic_regression,0,0,0.2055697678596998,11
MAT,Subject11,logistic_regression,0,0,0.4049879790711315,11
MAT,Subject11,logistic_regression,0,0,0.23560054718871973,11
MAT,Subject11,logistic_regression,0,1,0.7880915620589196,11
MAT,Subject11,logistic_regression,0,0,0.445653858411229,11
MAT,Subject11,logistic_regression,0,0,0.3927661513904877,11
MAT,Subject11,logistic_regression,0,1,0.5411640233397045,11
MAT,Subject11,logistic_regression,0,1,0.6208977482137864,11
MAT,Subject11,logistic_regression,0,1,0.571574793010518,11
MAT,Subject11,logistic_regression,0,0,0.49169440418184673,11
MAT,Subject11,logistic_regression,0,1,0.5388748824456061,11
MAT,Subject11,logistic_regression,0,1,0.9973673416867138,11
MAT,Subject11,logistic_regression,0,1,0.9952008990011024,11
MAT,Subject11,logistic_regression,0,1,0.965723987028455,11
MAT,Subject11,logistic_regression,0,1,0.8858022382604518,11
MAT,Subject11,logistic_regression,0,1,0.9483148524844984,11
MAT,Subject11,logistic_regression,0,1,0.8652701362842803,11
MAT,Subject11,logistic_regression,0,1,0.81929072978344,11
MAT,Subject11,logistic_regression,0,1,0.6050734278552827,11
MAT,Subject11,logistic_regression,0,0,0.4518254166790692,11
MAT,Subject11,logistic_regression,0,1,0.9749702408947349,11
MAT,Subject11,logistic_regression,0,1,0.9291703562700216,11
MAT,Subject11,logistic_regression,0,1,0.8869535232776858,11
MAT,Subject11,logistic_regression,0,1,0.5779522881164996,11
MAT,Subject11,logistic_regression,0,1,0.6906519582837826,11
MAT,Subject11,logistic_regression,0,1,0.5510623172882457,11
MAT,Subject11,logistic_regression,0,0,0.30024116470132844,11
MAT,Subject11,logistic_regression,0,0,0.1386608599394599,11
MAT,Subject11,logistic_regression,0,1,0.7899821646672269,11
MAT,Subject11,logistic_regression,0,0,0.13332245616961505,11
MAT,Subject11,logistic_regression,0,0,0.01353782252094032,11
MAT,Subject11,logistic_regression,0,1,0.5721070586658042,11
MAT,Subject11,logistic_regression,0,0,0.03974166463787241,11
MAT,Subject11,logistic_regression,0,1,0.9642581120337341,11
MAT,Subject11,logistic_regression,0,1,0.5378074157946996,11
MAT,Subject11,logistic_regression,0,0,0.0693415509521896,11
MAT,Subject11,logistic_regression,0,0,0.35121398343569504,11
MAT,Subject11,logistic_regression,0,1,0.758661599538278,11
MAT,Subject11,logistic_regression,0,0,0.2582468939790992,11
MAT,Subject11,logistic_regression,0,0,0.3336344312477075,11
MAT,Subject11,logistic_regression,0,1,0.8455976665973546,11
MAT,Subject11,logistic_regression,0,0,0.46584503207580524,11
MAT,Subject11,logistic_regression,0,1,0.8076059576154757,11
MAT,Subject11,logistic_regression,0,1,0.9778887263146769,11
MAT,Subject11,logistic_regression,0,1,0.9999363682808244,11
MAT,Subject11,logistic_regression,0,1,0.9914057048164295,11
MAT,Subject11,logistic_regression,0,1,0.9277119432953469,11
MAT,Subject11,logistic_regression,0,1,0.9522403797693717,11
MAT,Subject11,logistic_regression,0,1,0.963702930598396,11
MAT,Subject11,logistic_regression,0,1,0.7145331007904605,11
MAT,Subject11,logistic_regression,0,1,0.7547444748617852,11
MAT,Subject11,logistic_regression,0,0,0.35984251588279925,11
MAT,Subject11,logistic_regression,0,0,0.28888133494850854,11
MAT,Subject11,logistic_regression,0,0,0.15859771492315589,11
MAT,Subject11,logistic_regression,0,0,0.04508518094812431,11
MAT,Subject11,logistic_regression,0,0,0.06718953112312342,11
MAT,Subject11,logistic_regression,0,0,0.2039485002673793,11
MAT,Subject11,logistic_regression,0,0,0.003892516217611533,11
MAT,Subject11,logistic_regression,0,0,0.001915194969503155,11
MAT,Subject11,logistic_regression,0,0,0.0030604169704911773,11
MAT,Subject11,logistic_regression,0,0,0.004559787992579607,11
MAT,Subject11,logistic_regression,0,0,3.1544518952980266e-06,11
MAT,Subject11,logistic_regression,0,0,0.0013011041590806972,11
MAT,Subject11,logistic_regression,0,0,5.431589143216375e-05,11
MAT,Subject11,logistic_regression,0,0,0.00017644462912156191,11
MAT,Subject11,logistic_regression,0,0,0.0028374967841275156,11
MAT,Subject11,logistic_regression,0,0,0.002166772747985305,11
MAT,Subject11,logistic_regression,0,0,0.2285487207626159,11
MAT,Subject11,logistic_regression,0,0,0.15490271815851533,11
MAT,Subject11,logistic_regression,0,0,0.091851526939577,11
MAT,Subject11,logistic_regression,0,0,0.026208163115404408,11
MAT,Subject11,logistic_regression,0,0,0.05503903681077817,11
MAT,Subject11,logistic_regression,0,1,0.8368481875430349,11
MAT,Subject11,logistic_regression,0,1,0.8704863859333497,11
MAT,Subject11,logistic_regression,0,1,0.9479031742861843,11
MAT,Subject11,logistic_regression,0,1,0.9999927972798651,11
MAT,Subject11,logistic_regression,1,1,0.9986830348707454,11
MAT,Subject11,logistic_regression,1,1,0.9997626518415527,11
MAT,Subject11,logistic_regression,1,1,0.9730156850078976,11
MAT,Subject11,logistic_regression,1,1,0.9147530917402017,11
MAT,Subject11,logistic_regression,1,1,0.9803002667950801,11
MAT,Subject11,logistic_regression,1,1,0.9630842883971023,11
MAT,Subject11,logistic_regression,1,1,0.8011682089294804,11
MAT,Subject11,logistic_regression,1,0,0.3240073212345473,11
MAT,Subject11,logistic_regression,1,1,0.793196418618092,11
MAT,Subject11,logistic_regression,1,0,0.07461951417810381,11
MAT,Subject11,logistic_regression,1,1,0.8290404713217663,11
MAT,Subject11,logistic_regression,1,1,0.8789015576323237,11
MAT,Subject11,logistic_regression,1,1,0.6251689667656174,11
MAT,Subject11,logistic_regression,1,0,0.017223837406477118,11
MAT,Subject11,logistic_regression,1,0,0.03564182192607589,11
MAT,Subject11,logistic_regression,1,1,0.6421151735780103,11
MAT,Subject11,logistic_regression,1,1,0.8016864697789529,11
MAT,Subject11,logistic_regression,1,1,0.9604518371627578,11
MAT,Subject11,logistic_regression,1,0,0.13264942729216314,11
MAT,Subject11,logistic_regression,1,0,0.49549523860698635,11
MAT,Subject11,logistic_regression,1,1,0.8381436234366056,11
MAT,Subject11,logistic_regression,1,1,0.8355300648637751,11
MAT,Subject11,logistic_regression,1,1,0.897038415879768,11
MAT,Subject11,logistic_regression,1,1,0.8331459012383453,11
MAT,Subject11,logistic_regression,1,1,0.6751361154095662,11
MAT,Subject11,logistic_regression,1,1,0.9992141171635204,11
MAT,Subject11,logistic_regression,1,1,0.9762885608123457,11
MAT,Subject11,logistic_regression,1,0,0.17746600535247742,11
MAT,Subject11,logistic_regression,1,0,0.39693707655575255,11
MAT,Subject11,logistic_regression,1,0,0.013718732434432055,11
MAT,Subject12,logistic_regression,0,0,0.21998573789902426,12
MAT,Subject12,logistic_regression,0,0,0.03976224954562881,12
MAT,Subject12,logistic_regression,0,0,0.013770227074129919,12
MAT,Subject12,logistic_regression,0,0,0.008454355941941804,12
MAT,Subject12,logistic_regression,0,0,0.04666984515380565,12
MAT,Subject12,logistic_regression,0,0,0.2190505931979557,12
MAT,Subject12,logistic_regression,0,0,0.08329926891089855,12
MAT,Subject12,logistic_regression,0,0,0.0009616021177624933,12
MAT,Subject12,logistic_regression,0,0,0.0011998892520083775,12
MAT,Subject12,logistic_regression,0,0,0.00036476742584422224,12
MAT,Subject12,logistic_regression,0,0,0.06468266821060831,12
MAT,Subject12,logistic_regression,0,0,0.26013567010098354,12
MAT,Subject12,logistic_regression,0,0,0.4374428021669775,12
MAT,Subject12,logistic_regression,0,0,0.01830490478120267,12
MAT,Subject12,logistic_regression,0,0,0.09598974944921407,12
MAT,Subject12,logistic_regression,0,1,0.7872798253668994,12
MAT,Subject12,logistic_regression,0,0,0.024485960434392388,12
MAT,Subject12,logistic_regression,0,0,0.01489062330307603,12
MAT,Subject12,logistic_regression,0,0,0.014634804273919128,12
MAT,Subject12,logistic_regression,0,0,0.014951436174640733,12
MAT,Subject12,logistic_regression,0,0,0.030533982563914756,12
MAT,Subject12,logistic_regression,0,1,0.9999841521371534,12
MAT,Subject12,logistic_regression,0,1,0.9870100803069511,12
MAT,Subject12,logistic_regression,0,0,0.02235160497215091,12
MAT,Subject12,logistic_regression,0,0,0.06103357179925506,12
MAT,Subject12,logistic_regression,0,0,0.2828455630743511,12
MAT,Subject12,logistic_regression,0,0,0.45076654113036074,12
MAT,Subject12,logistic_regression,0,0,0.061306920255220644,12
MAT,Subject12,logistic_regression,0,0,0.0018897385114006262,12
MAT,Subject12,logistic_regression,0,0,0.11995511162056699,12
MAT,Subject12,logistic_regression,0,0,0.0955548060101122,12
MAT,Subject12,logistic_regression,0,0,0.05154935817507744,12
MAT,Subject12,logistic_regression,0,0,0.1084312640032326,12
MAT,Subject12,logistic_regression,0,1,0.8962466150512189,12
MAT,Subject12,logistic_regression,0,0,0.03495879100641106,12
MAT,Subject12,logistic_regression,0,0,0.0041641912714684235,12
MAT,Subject12,logistic_regression,0,0,0.00931359785405938,12
MAT,Subject12,logistic_regression,0,0,0.01512689572297712,12
MAT,Subject12,logistic_regression,0,0,0.017941790897435136,12
MAT,Subject12,logistic_regression,0,0,0.0007074232697226417,12
MAT,Subject12,logistic_regression,0,0,0.0007702583811092985,12
MAT,Subject12,logistic_regression,0,0,0.0013470220995301465,12
MAT,Subject12,logistic_regression,0,1,0.5317729180367621,12
MAT,Subject12,logistic_regression,0,0,0.023959558703819488,12
MAT,Subject12,logistic_regression,0,0,0.022104046766194124,12
MAT,Subject12,logistic_regression,0,0,0.0012903406370093984,12
MAT,Subject12,logistic_regression,0,0,0.0003331908806536607,12
MAT,Subject12,logistic_regression,0,0,9.053499164798359e-06,12
MAT,Subject12,logistic_regression,0,0,0.40564491845849204,12
MAT,Subject12,logistic_regression,0,0,0.33234427771111186,12
MAT,Subject12,logistic_regression,0,0,0.04900146090275992,12
MAT,Subject12,logistic_regression,0,1,0.526386855987362,12
MAT,Subject12,logistic_regression,0,0,0.1926172097067061,12
MAT,Subject12,logistic_regression,0,0,0.24016484737756924,12
MAT,Subject12,logistic_regression,0,0,0.0376453225935618,12
MAT,Subject12,logistic_regression,0,0,0.003154211365343946,12
MAT,Subject12,logistic_regression,0,0,0.007295933476777604,12
MAT,Subject12,logistic_regression,0,1,0.5752212013877324,12
MAT,Subject12,logistic_regression,0,0,0.22590770465720195,12
MAT,Subject12,logistic_regression,0,1,1.0,12
MAT,Subject12,logistic_regression,0,1,1.0,12
MAT,Subject12,logistic_regression,0,0,0.07627163509813135,12
MAT,Subject12,logistic_regression,0,0,0.036753269596227364,12
MAT,Subject12,logistic_regression,0,0,0.022181129359755844,12
MAT,Subject12,logistic_regression,0,0,0.06802420971209266,12
MAT,Subject12,logistic_regression,0,0,0.2342744710967091,12
MAT,Subject12,logistic_regression,0,0,0.1318191945026762,12
MAT,Subject12,logistic_regression,0,0,0.15556374831541764,12
MAT,Subject12,logistic_regression,0,1,0.8816459928743411,12
MAT,Subject12,logistic_regression,0,0,0.014950718305762483,12
MAT,Subject12,logistic_regression,0,0,0.09028449564102803,12
MAT,Subject12,logistic_regression,0,0,0.3280623422744687,12
MAT,Subject12,logistic_regression,0,0,0.14081256478283344,12
MAT,Subject12,logistic_regression,0,0,0.11759707336112199,12
MAT,Subject12,logistic_regression,0,1,1.0,12
MAT,Subject12,logistic_regression,0,1,1.0,12
MAT,Subject12,logistic_regression,0,1,1.0,12
MAT,Subject12,logistic_regression,0,1,1.0,12
MAT,Subject12,logistic_regression,0,1,1.0,12
MAT,Subject12,logistic_regression,0,1,1.0,12
MAT,Subject12,logistic_regression,0,1,1.0,12
MAT,Subject12,logistic_regression,0,1,1.0,12
MAT,Subject12,logistic_regression,0,1,1.0,12
MAT,Subject12,logistic_regression,0,1,1.0,12
MAT,Subject12,logistic_regression,0,1,1.0,12
MAT,Subject12,logistic_regression,0,1,1.0,12
MAT,Subject12,logistic_regression,0,1,1.0,12
MAT,Subject12,logistic_regression,0,0,0.46906965602818596,12
MAT,Subject12,logistic_regression,0,0,0.005231451298431268,12
MAT,Subject12,logistic_regression,0,0,0.004245759998777797,12
MAT,Subject12,logistic_regression,1,0,0.09369446526956149,12
MAT,Subject12,logistic_regression,1,1,0.9079701175734624,12
MAT,Subject12,logistic_regression,1,0,0.0375059291172754,12
MAT,Subject12,logistic_regression,1,0,0.134993532149253,12
MAT,Subject12,logistic_regression,1,1,0.893395281254982,12
MAT,Subject12,logistic_regression,1,1,0.5760005928490068,12
MAT,Subject12,logistic_regression,1,0,0.3178211674069746,12
MAT,Subject12,logistic_regression,1,1,0.6748967668815855,12
MAT,Subject12,logistic_regression,1,1,0.7643349574027557,12
MAT,Subject12,logistic_regression,1,0,0.4619211319601166,12
MAT,Subject12,logistic_regression,1,0,0.09656721218809526,12
MAT,Subject12,logistic_regression,1,0,0.025793769869737276,12
MAT,Subject12,logistic_regression,1,1,0.6795108075280937,12
MAT,Subject12,logistic_regression,1,0,0.30387564640758846,12
MAT,Subject12,logistic_regression,1,0,0.34165253808539636,12
MAT,Subject12,logistic_regression,1,1,0.9861575037640321,12
MAT,Subject12,logistic_regression,1,1,0.9442853259494658,12
MAT,Subject12,logistic_regression,1,1,0.5026601062356321,12
MAT,Subject12,logistic_regression,1,0,0.4707989752782046,12
MAT,Subject12,logistic_regression,1,1,0.656567431044345,12
MAT,Subject12,logistic_regression,1,0,0.26227397282667547,12
MAT,Subject12,logistic_regression,1,0,0.19020027766558267,12
MAT,Subject12,logistic_regression,1,0,0.36460641348420125,12
MAT,Subject12,logistic_regression,1,0,0.14493447799085388,12
MAT,Subject12,logistic_regression,1,0,0.4157040085101592,12
MAT,Subject12,logistic_regression,1,1,0.9685818394308333,12
MAT,Subject12,logistic_regression,1,1,0.9848836326346335,12
MAT,Subject12,logistic_regression,1,0,0.1367011626280623,12
MAT,Subject12,logistic_regression,1,0,0.16561266350029605,12
MAT,Subject12,logistic_regression,1,0,0.12421726425138328,12
MAT,Subject13,logistic_regression,0,1,0.9811997293948489,13
MAT,Subject13,logistic_regression,0,1,0.9553130396531939,13
MAT,Subject13,logistic_regression,0,0,0.2793370618859895,13
MAT,Subject13,logistic_regression,0,0,0.005564686995500361,13
MAT,Subject13,logistic_regression,0,1,0.7759371871023906,13
MAT,Subject13,logistic_regression,0,1,0.8754816381371248,13
MAT,Subject13,logistic_regression,0,1,0.9023243840969101,13
MAT,Subject13,logistic_regression,0,1,0.5847722096155938,13
MAT,Subject13,logistic_regression,0,1,0.7976688531106355,13
MAT,Subject13,logistic_regression,0,1,0.7678183907013216,13
MAT,Subject13,logistic_regression,0,1,0.656040608141672,13
MAT,Subject13,logistic_regression,0,1,0.9850159641588482,13
MAT,Subject13,logistic_regression,0,1,0.9597772910698424,13
MAT,Subject13,logistic_regression,0,0,0.3581273744610295,13
MAT,Subject13,logistic_regression,0,0,0.18315700118870096,13
MAT,Subject13,logistic_regression,0,1,0.9622889002521963,13
MAT,Subject13,logistic_regression,0,1,0.9759679586604086,13
MAT,Subject13,logistic_regression,0,1,0.9288338942950384,13
MAT,Subject13,logistic_regression,0,1,0.6623874037414063,13
MAT,Subject13,logistic_regression,0,1,0.5124503681774042,13
MAT,Subject13,logistic_regression,0,1,0.9754481135090136,13
MAT,Subject13,logistic_regression,0,1,0.9981777522618048,13
MAT,Subject13,logistic_regression,0,1,0.9926231412456007,13
MAT,Subject13,logistic_regression,0,1,0.5083277099738619,13
MAT,Subject13,logistic_regression,0,1,0.5058676013248635,13
MAT,Subject13,logistic_regression,0,1,0.782180559368165,13
MAT,Subject13,logistic_regression,0,0,0.336587650313239,13
MAT,Subject13,logistic_regression,0,0,0.2104603635503983,13
MAT,Subject13,logistic_regression,0,1,0.8585199358161503,13
MAT,Subject13,logistic_regression,0,1,0.9981166981066335,13
MAT,Subject13,logistic_regression,0,1,0.9597978136005806,13
MAT,Subject13,logistic_regression,0,1,0.8016839597908592,13
MAT,Subject13,logistic_regression,0,1,0.9849371442446271,13
MAT,Subject13,logistic_regression,0,1,0.9327989807821444,13
MAT,Subject13,logistic_regression,0,1,0.8911482704533507,13
MAT,Subject13,logistic_regression,0,1,0.9479449344201932,13
MAT,Subject13,logistic_regression,0,1,0.9937167808119848,13
MAT,Subject13,logistic_regression,0,1,0.9865154392518832,13
MAT,Subject13,logistic_regression,0,1,0.6199681783361208,13
MAT,Subject13,logistic_regression,0,1,0.9951685517654867,13
MAT,Subject13,logistic_regression,0,1,0.9997708593379026,13
MAT,Subject13,logistic_regression,0,1,0.9278293681930238,13
MAT,Subject13,logistic_regression,0,1,0.66360425815802,13
MAT,Subject13,logistic_regression,0,1,0.7220424994002338,13
MAT,Subject13,logistic_regression,0,1,0.9172241580792903,13
MAT,Subject13,logistic_regression,0,1,0.61448671769587,13
MAT,Subject13,logistic_regression,0,1,0.9565231986820014,13
MAT,Subject13,logistic_regression,0,1,0.9896773345460047,13
MAT,Subject13,logistic_regression,0,1,0.8812451543306186,13
MAT,Subject13,logistic_regression,0,1,0.6019424166522528,13
MAT,Subject13,logistic_regression,0,0,0.17563137543415186,13
MAT,Subject13,logistic_regression,0,1,0.9885474906191044,13
MAT,Subject13,logistic_regression,0,1,0.9953172468784098,13
MAT,Subject13,logistic_regression,0,1,0.9477567833907898,13
MAT,Subject13,logistic_regression,0,1,0.9961997037308016,13
MAT,Subject13,logistic_regression,0,1,0.9556988048239801,13
MAT,Subject13,logistic_regression,0,0,0.4785284546586363,13
MAT,Subject13,logistic_regression,0,1,0.9759009383185772,13
MAT,Subject13,logistic_regression,0,1,0.990527189856954,13
MAT,Subject13,logistic_regression,0,1,0.8598234258294402,13
MAT,Subject13,logistic_regression,0,1,0.7392287843877162,13
MAT,Subject13,logistic_regression,0,1,0.905684794493383,13
MAT,Subject13,logistic_regression,0,1,0.995155120321527,13
MAT,Subject13,logistic_regression,0,1,0.8825276049276639,13
MAT,Subject13,logistic_regression,0,1,0.9824263623749431,13
MAT,Subject13,logistic_regression,0,1,0.9799036198246798,13
MAT,Subject13,logistic_regression,0,0,0.471667067499427,13
MAT,Subject13,logistic_regression,0,1,0.9205288677486173,13
MAT,Subject13,logistic_regression,0,1,0.9883318865241105,13
MAT,Subject13,logistic_regression,0,1,0.7629103836860256,13
MAT,Subject13,logistic_regression,0,1,0.9419377470529926,13
MAT,Subject13,logistic_regression,0,0,0.14138021451681954,13
MAT,Subject13,logistic_regression,0,0,0.424893580294158,13
MAT,Subject13,logistic_regression,0,0,0.2840841072515008,13
MAT,Subject13,logistic_regression,0,1,0.7299213714932032,13
MAT,Subject13,logistic_regression,0,0,0.39717884191983094,13
MAT,Subject13,logistic_regression,0,1,0.7777805850877147,13
MAT,Subject13,logistic_regression,0,1,0.936947809785402,13
MAT,Subject13,logistic_regression,0,1,0.9610151810731093,13
MAT,Subject13,logistic_regression,0,1,0.8923844106043715,13
MAT,Subject13,logistic_regression,0,1,0.9911936245157958,13
MAT,Subject13,logistic_regression,0,1,0.9900880258845888,13
MAT,Subject13,logistic_regression,0,1,0.9931681617372696,13
MAT,Subject13,logistic_regression,0,1,0.9961955266969221,13
MAT,Subject13,logistic_regression,0,1,0.9985200696693549,13
MAT,Subject13,logistic_regression,0,1,0.6542948688054494,13
MAT,Subject13,logistic_regression,0,1,0.9161311602828425,13
MAT,Subject13,logistic_regression,0,1,0.9508947053634916,13
MAT,Subject13,logistic_regression,0,1,0.7389307797008401,13
MAT,Subject13,logistic_regression,0,1,0.6555445472785506,13
MAT,Subject13,logistic_regression,1,1,0.9343420650538325,13
MAT,Subject13,logistic_regression,1,1,0.9730451436042291,13
MAT,Subject13,logistic_regression,1,1,0.9309141199957778,13
MAT,Subject13,logistic_regression,1,1,0.9241286242248472,13
MAT,Subject13,logistic_regression,1,1,0.8808659385522095,13
MAT,Subject13,logistic_regression,1,1,0.7191058670833875,13
MAT,Subject13,logistic_regression,1,1,0.5048057739134526,13
MAT,Subject13,logistic_regression,1,1,0.8330778420938808,13
MAT,Subject13,logistic_regression,1,1,0.9343942117370393,13
MAT,Subject13,logistic_regression,1,1,0.9970806990869748,13
MAT,Subject13,logistic_regression,1,1,0.980333341449616,13
MAT,Subject13,logistic_regression,1,1,0.9916950318256694,13
MAT,Subject13,logistic_regression,1,1,0.9806873751668957,13
MAT,Subject13,logistic_regression,1,1,0.9780622005509436,13
MAT,Subject13,logistic_regression,1,1,0.8709816238198421,13
MAT,Subject13,logistic_regression,1,1,0.9512841016524182,13
MAT,Subject13,logistic_regression,1,0,0.3396125260771508,13
MAT,Subject13,logistic_regression,1,1,0.781794890865446,13
MAT,Subject13,logistic_regression,1,1,0.8369570880749163,13
MAT,Subject13,logistic_regression,1,1,0.975421475387581,13
MAT,Subject13,logistic_regression,1,1,0.9928360496862386,13
MAT,Subject13,logistic_regression,1,1,0.9971371666933367,13
MAT,Subject13,logistic_regression,1,1,0.9439148647402859,13
MAT,Subject13,logistic_regression,1,1,0.9565949277251599,13
MAT,Subject13,logistic_regression,1,1,0.9403937964989294,13
MAT,Subject13,logistic_regression,1,1,0.8560663654556082,13
MAT,Subject13,logistic_regression,1,1,0.5248571335123998,13
MAT,Subject13,logistic_regression,1,0,0.1138435747228182,13
MAT,Subject13,logistic_regression,1,1,0.6133983748152887,13
MAT,Subject13,logistic_regression,1,1,0.9278601192400465,13
MAT,Subject14,logistic_regression,0,0,0.29996822355540426,14
MAT,Subject14,logistic_regression,0,0,0.3391256264772893,14
MAT,Subject14,logistic_regression,0,1,0.7025351759233022,14
MAT,Subject14,logistic_regression,0,0,0.3101701868744743,14
MAT,Subject14,logistic_regression,0,0,0.32948090010270753,14
MAT,Subject14,logistic_regression,0,0,0.42391063416486346,14
MAT,Subject14,logistic_regression,0,0,0.1855124846705423,14
MAT,Subject14,logistic_regression,0,0,0.45381678058064184,14
MAT,Subject14,logistic_regression,0,1,0.7232275984287606,14
MAT,Subject14,logistic_regression,0,1,0.7267706399258086,14
MAT,Subject14,logistic_regression,0,1,0.665069665842045,14
MAT,Subject14,logistic_regression,0,0,0.15124361823310858,14
MAT,Subject14,logistic_regression,0,0,0.3197751545028919,14
MAT,Subject14,logistic_regression,0,0,0.0619905679357898,14
MAT,Subject14,logistic_regression,0,1,0.5420034605900804,14
MAT,Subject14,logistic_regression,0,1,0.8277466941895905,14
MAT,Subject14,logistic_regression,0,0,0.21556431357525152,14
MAT,Subject14,logistic_regression,0,0,0.33219713699011,14
MAT,Subject14,logistic_regression,0,1,0.9076506930260042,14
MAT,Subject14,logistic_regression,0,1,0.751435180370829,14
MAT,Subject14,logistic_regression,0,1,0.8681134902437103,14
MAT,Subject14,logistic_regression,0,1,0.896440306601889,14
MAT,Subject14,logistic_regression,0,0,0.05855992401117949,14
MAT,Subject14,logistic_regression,0,0,0.0814569616310855,14
MAT,Subject14,logistic_regression,0,1,0.6575665446476341,14
MAT,Subject14,logistic_regression,0,1,0.8621164532506503,14
MAT,Subject14,logistic_regression,0,0,0.0009625463303185813,14
MAT,Subject14,logistic_regression,0,1,0.5300462934878675,14
MAT,Subject14,logistic_regression,0,1,0.9791733800482896,14
MAT,Subject14,logistic_regression,0,1,0.6003145154572971,14
MAT,Subject14,logistic_regression,0,1,0.9993954828695533,14
MAT,Subject14,logistic_regression,0,1,1.0,14
MAT,Subject14,logistic_regression,0,1,1.0,14
MAT,Subject14,logistic_regression,0,1,0.5611024605126138,14
MAT,Subject14,logistic_regression,0,0,0.10847215565045569,14
MAT,Subject14,logistic_regression,0,0,0.3775316860656182,14
MAT,Subject14,logistic_regression,0,1,0.9626667775824278,14
MAT,Subject14,logistic_regression,0,1,0.8463288363868412,14
MAT,Subject14,logistic_regression,0,1,0.5566450693694266,14
MAT,Subject14,logistic_regression,0,1,0.7727915667244332,14
MAT,Subject14,logistic_regression,0,1,0.6754685235613241,14
MAT,Subject14,logistic_regression,0,1,0.6917915316329465,14
MAT,Subject14,logistic_regression,0,1,0.9417417519025776,14
MAT,Subject14,logistic_regression,0,1,0.9033250497623414,14
MAT,Subject14,logistic_regression,0,1,0.9671791650051228,14
MAT,Subject14,logistic_regression,0,1,0.8392415206261833,14
MAT,Subject14,logistic_regression,0,0,0.3223269385736863,14
MAT,Subject14,logistic_regression,0,1,0.8746890072268226,14
MAT,Subject14,logistic_regression,0,1,0.7785897160615713,14
MAT,Subject14,logistic_regression,0,1,0.9533403781068526,14
MAT,Subject14,logistic_regression,0,1,0.9232002624610616,14
MAT,Subject14,logistic_regression,0,1,0.8084424991594775,14
MAT,Subject14,logistic_regression,0,1,0.6501380189224149,14
MAT,Subject14,logistic_regression,0,1,0.6247660996769094,14
MAT,Subject14,logistic_regression,0,0,0.4913620950889066,14
MAT,Subject14,logistic_regression,0,0,0.40718828969160986,14
MAT,Subject14,logistic_regression,0,0,0.49869707082191406,14
MAT,Subject14,logistic_regression,0,0,0.4157473621963762,14
MAT,Subject14,logistic_regression,0,1,0.5704540795710585,14
MAT,Subject14,logistic_regression,0,0,0.4526714327241263,14
MAT,Subject14,logistic_regression,0,0,0.05695632893113468,14
MAT,Subject14,logistic_regression,0,0,0.1707265654401377,14
MAT,Subject14,logistic_regression,0,0,0.48595549005286337,14
MAT,Subject14,logistic_regression,0,0,0.20203562430119573,14
MAT,Subject14,logistic_regression,0,0,0.3238161507980707,14
MAT,Subject14,logistic_regression,0,0,0.29571807873474093,14
MAT,Subject14,logistic_regression,0,0,0.01417267228267564,14
MAT,Subject14,logistic_regression,0,1,0.8790950735218628,14
MAT,Subject14,logistic_regression,0,0,0.0798315623589906,14
MAT,Subject14,logistic_regression,0,0,0.011297248845147951,14
MAT,Subject14,logistic_regression,0,1,0.5905407068168322,14
MAT,Subject14,logistic_regression,0,1,0.9819772490526225,14
MAT,Subject14,logistic_regression,0,0,0.19329996682159536,14
MAT,Subject14,logistic_regression,0,1,0.7741625814827463,14
MAT,Subject14,logistic_regression,0,0,0.1605203732505262,14
MAT,Subject14,logistic_regression,0,0,0.18046119534974928,14
MAT,Subject14,logistic_regression,0,1,0.7281888966051272,14
MAT,Subject14,logistic_regression,0,1,0.7197841590833173,14
MAT,Subject14,logistic_regression,0,1,0.8378891616801506,14
MAT,Subject14,logistic_regression,0,1,0.7206678373187689,14
MAT,Subject14,logistic_regression,0,0,0.49453470044738596,14
MAT,Subject14,logistic_regression,0,0,0.22467213848636391,14
MAT,Subject14,logistic_regression,0,0,0.13496350764660298,14
MAT,Subject14,logistic_regression,0,0,0.17781467179979998,14
MAT,Subject14,logistic_regression,0,0,0.055240926314035266,14
MAT,Subject14,logistic_regression,0,0,0.054926393301851985,14
MAT,Subject14,logistic_regression,0,0,0.112724503951349,14
MAT,Subject14,logistic_regression,0,0,0.0667344254315462,14
MAT,Subject14,logistic_regression,0,0,0.03229678599022596,14
MAT,Subject14,logistic_regression,0,1,0.999999903902207,14
MAT,Subject14,logistic_regression,1,1,0.7667229683891033,14
MAT,Subject14,logistic_regression,1,1,0.9418434145703877,14
MAT,Subject14,logistic_regression,1,1,0.9906647572591549,14
MAT,Subject14,logistic_regression,1,0,0.14828604099741885,14
MAT,Subject14,logistic_regression,1,0,0.13596985269174966,14
MAT,Subject14,logistic_regression,1,1,0.7102703176047134,14
MAT,Subject14,logistic_regression,1,1,0.8931457318583901,14
MAT,Subject14,logistic_regression,1,1,0.8774174756537622,14
MAT,Subject14,logistic_regression,1,0,0.1403023303676951,14
MAT,Subject14,logistic_regression,1,0,1.7674925397342193e-12,14
MAT,Subject14,logistic_regression,1,0,8.280936635031036e-14,14
MAT,Subject14,logistic_regression,1,1,0.9928023672649059,14
MAT,Subject14,logistic_regression,1,1,0.5732005471953007,14
MAT,Subject14,logistic_regression,1,1,0.9855488670217317,14
MAT,Subject14,logistic_regression,1,1,0.8723643720935261,14
MAT,Subject14,logistic_regression,1,1,0.9084398078565725,14
MAT,Subject14,logistic_regression,1,0,0.21268130639405688,14
MAT,Subject14,logistic_regression,1,0,0.4682869256411607,14
MAT,Subject14,logistic_regression,1,0,0.026090863048988774,14
MAT,Subject14,logistic_regression,1,1,0.8101512308614909,14
MAT,Subject14,logistic_regression,1,1,0.7331160848878993,14
MAT,Subject14,logistic_regression,1,1,0.8875989300199072,14
MAT,Subject14,logistic_regression,1,1,0.9921611396508605,14
MAT,Subject14,logistic_regression,1,1,0.5491313972850506,14
MAT,Subject14,logistic_regression,1,1,0.5267393832250344,14
MAT,Subject14,logistic_regression,1,1,0.9516564551559957,14
MAT,Subject14,logistic_regression,1,0,0.2948668660727426,14
MAT,Subject14,logistic_regression,1,0,0.3246365149317193,14
MAT,Subject14,logistic_regression,1,0,0.025406004966706346,14
MAT,Subject14,logistic_regression,1,1,0.9996372945362378,14
MAT,Subject15,logistic_regression,0,0,0.018577298367751027,15
MAT,Subject15,logistic_regression,0,0,0.031707748563158354,15
MAT,Subject15,logistic_regression,0,0,0.16080161589957626,15
MAT,Subject15,logistic_regression,0,0,0.12281977904039966,15
MAT,Subject15,logistic_regression,0,1,0.5293390906815985,15
MAT,Subject15,logistic_regression,0,0,0.046977878029350675,15
MAT,Subject15,logistic_regression,0,0,0.34360464697978405,15
MAT,Subject15,logistic_regression,0,1,0.8857238550807832,15
MAT,Subject15,logistic_regression,0,1,0.7115277535117415,15
MAT,Subject15,logistic_regression,0,1,0.8068792404741841,15
MAT,Subject15,logistic_regression,0,0,0.0801961265371922,15
MAT,Subject15,logistic_regression,0,0,0.3685016658731765,15
MAT,Subject15,logistic_regression,0,0,0.05363330938327623,15
MAT,Subject15,logistic_regression,0,0,0.19506979203097818,15
MAT,Subject15,logistic_regression,0,0,0.21127806858321396,15
MAT,Subject15,logistic_regression,0,0,0.05010900069398896,15
MAT,Subject15,logistic_regression,0,0,0.23490042941924588,15
MAT,Subject15,logistic_regression,0,0,0.03446712735799166,15
MAT,Subject15,logistic_regression,0,0,0.000344532249133656,15
MAT,Subject15,logistic_regression,0,0,0.0006206903590700243,15
MAT,Subject15,logistic_regression,0,0,0.07958350327406842,15
MAT,Subject15,logistic_regression,0,0,0.012358594428749167,15
MAT,Subject15,logistic_regression,0,0,0.0035318247344722263,15
MAT,Subject15,logistic_regression,0,0,0.07516024319105272,15
MAT,Subject15,logistic_regression,0,0,0.07381285366899555,15
MAT,Subject15,logistic_regression,0,0,0.07976054549510476,15
MAT,Subject15,logistic_regression,0,0,0.22558218193581392,15
MAT,Subject15,logistic_regression,0,0,0.4821488321632758,15
MAT,Subject15,logistic_regression,0,0,0.02553739367351597,15
MAT,Subject15,logistic_regression,0,0,0.04103638955491509,15
MAT,Subject15,logistic_regression,0,0,0.1784108755127428,15
MAT,Subject15,logistic_regression,0,0,0.022847294359517618,15
MAT,Subject15,logistic_regression,0,0,0.0034891299789231948,15
MAT,Subject15,logistic_regression,0,0,0.012714389094336573,15
MAT,Subject15,logistic_regression,0,0,0.07525797350927234,15
MAT,Subject15,logistic_regression,0,0,0.42847429310350854,15
MAT,Subject15,logistic_regression,0,0,0.03380302284766721,15
MAT,Subject15,logistic_regression,0,0,0.3728875916017919,15
MAT,Subject15,logistic_regression,0,0,0.08559105384516154,15
MAT,Subject15,logistic_regression,0,1,0.5173287477998976,15
MAT,Subject15,logistic_regression,0,1,0.6157897719184608,15
MAT,Subject15,logistic_regression,0,0,0.0013186617670519374,15
MAT,Subject15,logistic_regression,0,0,2.4959493782119342e-05,15
MAT,Subject15,logistic_regression,0,0,9.459409516020983e-06,15
MAT,Subject15,logistic_regression,0,0,0.010764796831813144,15
MAT,Subject15,logistic_regression,0,0,0.42114094721214945,15
MAT,Subject15,logistic_regression,0,0,0.09967429282230773,15
MAT,Subject15,logistic_regression,0,0,0.009623403248620708,15
MAT,Subject15,logistic_regression,0,0,3.057779734863898e-05,15
MAT,Subject15,logistic_regression,0,0,0.00015558796793039786,15
MAT,Subject15,logistic_regression,0,0,0.15777422146146564,15
MAT,Subject15,logistic_regression,0,0,0.45623470595320603,15
MAT,Subject15,logistic_regression,0,0,0.0013717144715765194,15
MAT,Subject15,logistic_regression,0,0,0.0005878011925006667,15
MAT,Subject15,logistic_regression,0,0,0.1510093774304907,15
MAT,Subject15,logistic_regression,0,0,0.11913164328252697,15
MAT,Subject15,logistic_regression,0,0,0.0002002417142372804,15
MAT,Subject15,logistic_regression,0,0,0.0018048430450804654,15
MAT,Subject15,logistic_regression,0,0,0.031414666762537555,15
MAT,Subject15,logistic_regression,0,1,0.8730814748388384,15
MAT,Subject15,logistic_regression,0,0,0.13848173640931968,15
MAT,Subject15,logistic_regression,0,0,0.0014011063625742203,15
MAT,Subject15,logistic_regression,0,0,0.002885527536447052,15
MAT,Subject15,logistic_regression,0,0,0.01760304933865876,15
MAT,Subject15,logistic_regression,0,0,8.608376259595484e-05,15
MAT,Subject15,logistic_regression,0,0,0.0025038872466984024,15
MAT,Subject15,logistic_regression,0,0,0.0393799249289943,15
MAT,Subject15,logistic_regression,0,0,0.06447661954581663,15
MAT,Subject15,logistic_regression,0,0,0.06110037513096007,15
MAT,Subject15,logistic_regression,0,0,0.02958742081372585,15
MAT,Subject15,logistic_regression,0,1,0.5254156869970128,15
MAT,Subject15,logistic_regression,0,1,0.8871860565226019,15
MAT,Subject15,logistic_regression,0,1,0.8766840041798243,15
MAT,Subject15,logistic_regression,0,0,0.21059026154530017,15
MAT,Subject15,logistic_regression,0,0,0.03854997445622982,15
MAT,Subject15,logistic_regression,0,0,0.021176192292766124,15
MAT,Subject15,logistic_regression,0,0,0.006547739457859387,15
MAT,Subject15,logistic_regression,0,0,0.18862910389241178,15
MAT,Subject15,logistic_regression,0,0,0.02322862260693284,15
MAT,Subject15,logistic_regression,0,0,0.0272508009192732,15
MAT,Subject15,logistic_regression,0,0,0.0017015075934273633,15
MAT,Subject15,logistic_regression,0,0,0.001736404294122683,15
MAT,Subject15,logistic_regression,0,0,0.00029303369130779887,15
MAT,Subject15,logistic_regression,0,0,0.00032066081376477346,15
MAT,Subject15,logistic_regression,0,0,5.765842721776359e-05,15
MAT,Subject15,logistic_regression,0,0,2.8442304866690534e-05,15
MAT,Subject15,logistic_regression,0,0,0.00091549603024289,15
MAT,Subject15,logistic_regression,0,0,0.0016124599845097677,15
MAT,Subject15,logistic_regression,0,0,0.0018713525485744575,15
MAT,Subject15,logistic_regression,0,0,0.20511042225511156,15
MAT,Subject15,logistic_regression,1,1,0.8799246490315967,15
MAT,Subject15,logistic_regression,1,1,0.9246401354843361,15
MAT,Subject15,logistic_regression,1,0,0.2569280486901647,15
MAT,Subject15,logistic_regression,1,0,0.15531934134482625,15
MAT,Subject15,logistic_regression,1,1,0.66941531723812,15
MAT,Subject15,logistic_regression,1,0,0.12687539306942588,15
MAT,Subject15,logistic_regression,1,0,0.33520361321271136,15
MAT,Subject15,logistic_regression,1,1,0.7640374369534398,15
MAT,Subject15,logistic_regression,1,1,0.7029642113562018,15
MAT,Subject15,logistic_regression,1,1,0.5167313114600914,15
MAT,Subject15,logistic_regression,1,1,0.8790871354793303,15
MAT,Subject15,logistic_regression,1,1,0.9053332719070186,15
MAT,Subject15,logistic_regression,1,1,0.5686101574213862,15
MAT,Subject15,logistic_regression,1,0,0.0635330083218702,15
MAT,Subject15,logistic_regression,1,0,0.1295490378228879,15
MAT,Subject15,logistic_regression,1,0,0.33442853786456767,15
MAT,Subject15,logistic_regression,1,0,0.006178853488203719,15
MAT,Subject15,logistic_regression,1,0,0.028664146291748283,15
MAT,Subject15,logistic_regression,1,1,0.9522032140749036,15
MAT,Subject15,logistic_regression,1,1,0.5692110640873687,15
MAT,Subject15,logistic_regression,1,0,0.07146501755843815,15
MAT,Subject15,logistic_regression,1,0,0.01647750860422352,15
MAT,Subject15,logistic_regression,1,0,0.49095710882240673,15
MAT,Subject15,logistic_regression,1,0,0.3977192995172258,15
MAT,Subject15,logistic_regression,1,0,0.1300840628469702,15
MAT,Subject15,logistic_regression,1,1,0.7167047777146325,15
MAT,Subject15,logistic_regression,1,0,0.24856232758785435,15
MAT,Subject15,logistic_regression,1,1,0.5423760009867639,15
MAT,Subject15,logistic_regression,1,1,0.966882844689527,15
MAT,Subject15,logistic_regression,1,0,0.00017894408855686068,15
MAT,Subject16,logistic_regression,0,1,0.9659084077338428,16
MAT,Subject16,logistic_regression,0,1,0.8832065461356501,16
MAT,Subject16,logistic_regression,0,1,0.6485752249948634,16
MAT,Subject16,logistic_regression,0,1,0.8637643406900734,16
MAT,Subject16,logistic_regression,0,1,0.8656068875022769,16
MAT,Subject16,logistic_regression,0,1,0.9964350980314989,16
MAT,Subject16,logistic_regression,0,1,0.6442496546172758,16
MAT,Subject16,logistic_regression,0,0,0.17794639710943622,16
MAT,Subject16,logistic_regression,0,1,0.9769340143956999,16
MAT,Subject16,logistic_regression,0,1,0.9986273688894173,16
MAT,Subject16,logistic_regression,0,1,0.9996034707687911,16
MAT,Subject16,logistic_regression,0,1,0.9781376304307258,16
MAT,Subject16,logistic_regression,0,1,0.9701018540287499,16
MAT,Subject16,logistic_regression,0,0,0.30294837765550575,16
MAT,Subject16,logistic_regression,0,0,0.3229474037249328,16
MAT,Subject16,logistic_regression,0,1,0.7471610330866063,16
MAT,Subject16,logistic_regression,0,1,0.9893926256966115,16
MAT,Subject16,logistic_regression,0,1,0.9193661047519527,16
MAT,Subject16,logistic_regression,0,1,0.5335412029842197,16
MAT,Subject16,logistic_regression,0,1,0.9423293094263041,16
MAT,Subject16,logistic_regression,0,1,0.8101498415111553,16
MAT,Subject16,logistic_regression,0,1,0.931255080391002,16
MAT,Subject16,logistic_regression,0,1,0.9745929704340666,16
MAT,Subject16,logistic_regression,0,0,0.3751721083859545,16
MAT,Subject16,logistic_regression,0,0,0.337456536708045,16
MAT,Subject16,logistic_regression,0,0,0.33381125533581735,16
MAT,Subject16,logistic_regression,0,0,0.4306585248231897,16
MAT,Subject16,logistic_regression,0,0,0.4622490847978264,16
MAT,Subject16,logistic_regression,0,1,0.5661364635609987,16
MAT,Subject16,logistic_regression,0,0,0.4950052815960555,16
MAT,Subject16,logistic_regression,0,0,0.15597401761761312,16
MAT,Subject16,logistic_regression,0,1,0.704979047880002,16
MAT,Subject16,logistic_regression,0,0,0.12335424447495626,16
MAT,Subject16,logistic_regression,0,1,0.6483412055639213,16
MAT,Subject16,logistic_regression,0,0,0.4668554728433795,16
MAT,Subject16,logistic_regression,0,0,0.08636669515474293,16
MAT,Subject16,logistic_regression,0,0,0.018731018806976387,16
MAT,Subject16,logistic_regression,0,0,0.4872017332984595,16
MAT,Subject16,logistic_regression,0,0,0.25151008590620394,16
MAT,Subject16,logistic_regression,0,0,0.23510256143310307,16
MAT,Subject16,logistic_regression,0,1,0.7007842122125304,16
MAT,Subject16,logistic_regression,0,1,0.6459541761253804,16
MAT,Subject16,logistic_regression,0,0,0.12085181716983157,16
MAT,Subject16,logistic_regression,0,0,0.083732844881932,16
MAT,Subject16,logistic_regression,0,0,0.270208321889714,16
MAT,Subject16,logistic_regression,0,0,0.22202156121915995,16
MAT,Subject16,logistic_regression,0,1,0.8570425068017951,16
MAT,Subject16,logistic_regression,0,1,0.6833440690645618,16
MAT,Subject16,logistic_regression,0,0,0.2448031237494983,16
MAT,Subject16,logistic_regression,0,1,0.7905835097247772,16
MAT,Subject16,logistic_regression,0,0,0.4826247510803054,16
MAT,Subject16,logistic_regression,0,1,0.823204902288484,16
MAT,Subject16,logistic_regression,0,0,0.3417457923435229,16
MAT,Subject16,logistic_regression,0,0,0.09578683544647612,16
MAT,Subject16,logistic_regression,0,1,0.8255626678422396,16
MAT,Subject16,logistic_regression,0,0,0.32086747278943223,16
MAT,Subject16,logistic_regression,0,0,0.3239531654478704,16
MAT,Subject16,logistic_regression,0,1,0.5699950917293056,16
MAT,Subject16,logistic_regression,0,1,0.8437260307398868,16
MAT,Subject16,logistic_regression,0,0,0.4013541099121997,16
MAT,Subject16,logistic_regression,0,0,0.10230074673722732,16
MAT,Subject16,logistic_regression,0,0,0.0701454238236918,16
MAT,Subject16,logistic_regression,0,0,0.01290043227918155,16
MAT,Subject16,logistic_regression,0,0,0.004331105034651117,16
MAT,Subject16,logistic_regression,0,0,0.007195616318616363,16
MAT,Subject16,logistic_regression,0,0,0.004136669772273913,16
MAT,Subject16,logistic_regression,0,0,0.018317392634249054,16
MAT,Subject16,logistic_regression,0,0,0.03518257949791931,16
MAT,Subject16,logistic_regression,0,0,0.024565803911468783,16
MAT,Subject16,logistic_regression,0,0,0.01611357811022776,16
MAT,Subject16,logistic_regression,0,0,0.027910750295346252,16
MAT,Subject16,logistic_regression,0,0,0.027771671338112848,16
MAT,Subject16,logistic_regression,0,0,0.45064784332480284,16
MAT,Subject16,logistic_regression,0,0,0.08779064101526121,16
MAT,Subject16,logistic_regression,0,0,0.00777964350195289,16
MAT,Subject16,logistic_regression,0,0,0.02760269556303473,16
MAT,Subject16,logistic_regression,0,0,0.052310652696942024,16
MAT,Subject16,logistic_regression,0,0,0.4922874003926812,16
MAT,Subject16,logistic_regression,0,0,0.09283968037598847,16
MAT,Subject16,logistic_regression,0,0,0.00770872809474585,16
MAT,Subject16,logistic_regression,0,0,0.13384655634841844,16
MAT,Subject16,logistic_regression,0,0,0.25963970448869,16
MAT,Subject16,logistic_regression,0,0,0.2974866023698041,16
MAT,Subject16,logistic_regression,0,0,0.1511857213213551,16
MAT,Subject16,logistic_regression,0,0,0.0667606787869073,16
MAT,Subject16,logistic_regression,0,0,0.05381147060343046,16
MAT,Subject16,logistic_regression,0,0,0.1453023300731672,16
MAT,Subject16,logistic_regression,0,0,0.07977305011600025,16
MAT,Subject16,logistic_regression,0,0,0.00735363622373009,16
MAT,Subject16,logistic_regression,0,1,0.775925913247494,16
MAT,Subject16,logistic_regression,1,0,0.006702761002554559,16
MAT,Subject16,logistic_regression,1,0,0.150172657288133,16
MAT,Subject16,logistic_regression,1,0,0.03655035631204883,16
MAT,Subject16,logistic_regression,1,0,0.16822894190042406,16
MAT,Subject16,logistic_regression,1,1,0.5382589486341554,16
MAT,Subject16,logistic_regression,1,0,0.029589833055718225,16
MAT,Subject16,logistic_regression,1,1,0.7513123508031027,16
MAT,Subject16,logistic_regression,1,1,0.9999985783654426,16
MAT,Subject16,logistic_regression,1,1,0.9999998394816061,16
MAT,Subject16,logistic_regression,1,1,0.9999562420110268,16
MAT,Subject16,logistic_regression,1,1,0.9999956269291792,16
MAT,Subject16,logistic_regression,1,1,0.9999189975720163,16
MAT,Subject16,logistic_regression,1,1,0.9994798406315908,16
MAT,Subject16,logistic_regression,1,1,0.9999996626095716,16
MAT,Subject16,logistic_regression,1,1,0.9937903976702462,16
MAT,Subject16,logistic_regression,1,1,0.9985637362931277,16
MAT,Subject16,logistic_regression,1,1,0.9999480971337379,16
MAT,Subject16,logistic_regression,1,1,0.9891170384693349,16
MAT,Subject16,logistic_regression,1,0,0.2912333814123472,16
MAT,Subject16,logistic_regression,1,0,0.28248231821536546,16
MAT,Subject16,logistic_regression,1,1,0.8323652698638903,16
MAT,Subject16,logistic_regression,1,1,0.9999655845831237,16
MAT,Subject16,logistic_regression,1,1,0.9999934673466053,16
MAT,Subject16,logistic_regression,1,1,0.9997583953951182,16
MAT,Subject16,logistic_regression,1,1,0.9849938040955503,16
MAT,Subject16,logistic_regression,1,1,0.9113092221957808,16
MAT,Subject16,logistic_regression,1,1,0.9801629119629377,16
MAT,Subject16,logistic_regression,1,1,0.9981721676746776,16
MAT,Subject16,logistic_regression,1,1,0.9994636588016733,16
MAT,Subject16,logistic_regression,1,1,0.9999603491617485,16
MAT,Subject17,logistic_regression,0,1,0.6565266031486754,17
MAT,Subject17,logistic_regression,0,1,0.6335873981478872,17
MAT,Subject17,logistic_regression,0,1,0.6000058785090249,17
MAT,Subject17,logistic_regression,0,1,0.9562309138833489,17
MAT,Subject17,logistic_regression,0,1,0.7499191602202261,17
MAT,Subject17,logistic_regression,0,0,0.4385717310176175,17
MAT,Subject17,logistic_regression,0,0,0.41161866164116,17
MAT,Subject17,logistic_regression,0,1,0.9658315856983785,17
MAT,Subject17,logistic_regression,0,1,0.7522690599553948,17
MAT,Subject17,logistic_regression,0,1,0.6814048692787027,17
MAT,Subject17,logistic_regression,0,1,0.9604605558508019,17
MAT,Subject17,logistic_regression,0,1,0.8483555837667807,17
MAT,Subject17,logistic_regression,0,0,0.4192726250109957,17
MAT,Subject17,logistic_regression,0,0,0.1594085917560319,17
MAT,Subject17,logistic_regression,0,1,0.9440698942161341,17
MAT,Subject17,logistic_regression,0,1,0.7696112571337376,17
MAT,Subject17,logistic_regression,0,1,0.9528905827812052,17
MAT,Subject17,logistic_regression,0,1,0.9248058590778999,17
MAT,Subject17,logistic_regression,0,1,0.9715013514125105,17
MAT,Subject17,logistic_regression,0,1,0.9922562376120014,17
MAT,Subject17,logistic_regression,0,1,0.9179818684668214,17
MAT,Subject17,logistic_regression,0,0,0.41160900180169824,17
MAT,Subject17,logistic_regression,0,0,0.3911140024523613,17
MAT,Subject17,logistic_regression,0,0,0.21499801257021428,17
MAT,Subject17,logistic_regression,0,0,0.06886611940064878,17
MAT,Subject17,logistic_regression,0,0,0.017406359418983487,17
MAT,Subject17,logistic_regression,0,0,0.2794217191943085,17
MAT,Subject17,logistic_regression,0,0,0.35203628511597834,17
MAT,Subject17,logistic_regression,0,0,0.017669154980538514,17
MAT,Subject17,logistic_regression,0,0,0.24253528501595087,17
MAT,Subject17,logistic_regression,0,0,0.1741392206588212,17
MAT,Subject17,logistic_regression,0,1,0.7755870169978009,17
MAT,Subject17,logistic_regression,0,0,0.11669821234422342,17
MAT,Subject17,logistic_regression,0,1,0.8234881786511768,17
MAT,Subject17,logistic_regression,0,1,0.7135294692168928,17
MAT,Subject17,logistic_regression,0,1,0.5094110508822783,17
MAT,Subject17,logistic_regression,0,0,0.42961974437990585,17
MAT,Subject17,logistic_regression,0,1,0.7793538761918428,17
MAT,Subject17,logistic_regression,0,0,0.3343285310617745,17
MAT,Subject17,logistic_regression,0,1,0.5335963046860638,17
MAT,Subject17,logistic_regression,0,1,0.5250256944488987,17
MAT,Subject17,logistic_regression,0,0,0.0016120229787662866,17
MAT,Subject17,logistic_regression,0,0,0.47283199624419764,17
MAT,Subject17,logistic_regression,0,1,0.9987280496561279,17
MAT,Subject17,logistic_regression,0,1,0.9924087146693079,17
MAT,Subject17,logistic_regression,0,1,0.9830340823466586,17
MAT,Subject17,logistic_regression,0,0,0.4052538877949174,17
MAT,Subject17,logistic_regression,0,0,0.0642430223658785,17
MAT,Subject17,logistic_regression,0,1,0.8873627597065429,17
MAT,Subject17,logistic_regression,0,1,0.5790533376258961,17
MAT,Subject17,logistic_regression,0,1,0.9726198221335018,17
MAT,Subject17,logistic_regression,0,1,0.9003877242201428,17
MAT,Subject17,logistic_regression,0,1,0.6380662251119655,17
MAT,Subject17,logistic_regression,0,1,0.8375621673679844,17
MAT,Subject17,logistic_regression,0,1,0.984819023177702,17
MAT,Subject17,logistic_regression,0,1,0.9431755037914492,17
MAT,Subject17,logistic_regression,0,0,0.3420102128749376,17
MAT,Subject17,logistic_regression,0,0,0.26624779279974564,17
MAT,Subject17,logistic_regression,0,0,0.23975529146295183,17
MAT,Subject17,logistic_regression,0,1,0.9895217951872644,17
MAT,Subject17,logistic_regression,0,1,0.9689763457631143,17
MAT,Subject17,logistic_regression,0,1,0.7929960401660926,17
MAT,Subject17,logistic_regression,0,1,0.6151439842864809,17
MAT,Subject17,logistic_regression,0,1,0.7195301178350347,17
MAT,Subject17,logistic_regression,0,0,0.16716394666652554,17
MAT,Subject17,logistic_regression,0,1,0.5622641010482781,17
MAT,Subject17,logistic_regression,0,0,0.39771096855333976,17
MAT,Subject17,logistic_regression,0,0,0.09208255271096745,17
MAT,Subject17,logistic_regression,0,0,0.05457454435754203,17
MAT,Subject17,logistic_regression,0,1,0.5412808869862966,17
MAT,Subject17,logistic_regression,0,1,0.812323831537919,17
MAT,Subject17,logistic_regression,0,1,0.9799461481918523,17
MAT,Subject17,logistic_regression,0,1,0.9967784093660423,17
MAT,Subject17,logistic_regression,0,1,0.9693422642614241,17
MAT,Subject17,logistic_regression,0,1,0.9083772198575712,17
MAT,Subject17,logistic_regression,0,1,0.9712868673526064,17
MAT,Subject17,logistic_regression,0,1,0.586297555043578,17
MAT,Subject17,logistic_regression,0,0,0.21370852834896342,17
MAT,Subject17,logistic_regression,0,0,0.1407678059107042,17
MAT,Subject17,logistic_regression,0,1,0.9504216585280948,17
MAT,Subject17,logistic_regression,0,1,0.9989089428377691,17
MAT,Subject17,logistic_regression,0,1,0.9940544527881235,17
MAT,Subject17,logistic_regression,0,1,0.9661358727880758,17
MAT,Subject17,logistic_regression,0,0,0.20096467671949209,17
MAT,Subject17,logistic_regression,0,0,0.015161238669667789,17
MAT,Subject17,logistic_regression,0,0,0.10076105530122047,17
MAT,Subject17,logistic_regression,0,0,0.12458929512496576,17
MAT,Subject17,logistic_regression,0,1,0.876035014488532,17
MAT,Subject17,logistic_regression,0,1,0.8422199605274975,17
MAT,Subject17,logistic_regression,0,1,0.9881015756322368,17
MAT,Subject17,logistic_regression,1,1,0.9874670192433469,17
MAT,Subject17,logistic_regression,1,1,0.9469668064439556,17
MAT,Subject17,logistic_regression,1,1,0.9937594453245456,17
MAT,Subject17,logistic_regression,1,1,0.8181516177848168,17
MAT,Subject17,logistic_regression,1,1,0.9975009971738287,17
MAT,Subject17,logistic_regression,1,1,0.9989476247401704,17
MAT,Subject17,logistic_regression,1,1,0.9963037142770961,17
MAT,Subject17,logistic_regression,1,1,0.9969599709460097,17
MAT,Subject17,logistic_regression,1,1,0.9997835758934829,17
MAT,Subject17,logistic_regression,1,1,0.9999992103503881,17
MAT,Subject17,logistic_regression,1,1,0.9951324605197778,17
MAT,Subject17,logistic_regression,1,1,0.9893870022798545,17
MAT,Subject17,logistic_regression,1,1,0.9463756649055433,17
MAT,Subject17,logistic_regression,1,1,0.6150396987195299,17
MAT,Subject17,logistic_regression,1,1,0.7266059670424392,17
MAT,Subject17,logistic_regression,1,1,0.7671199001507774,17
MAT,Subject17,logistic_regression,1,1,0.9932520240061783,17
MAT,Subject17,logistic_regression,1,1,0.9997696404208711,17
MAT,Subject17,logistic_regression,1,1,0.9992705004015556,17
MAT,Subject17,logistic_regression,1,1,0.9961858788405366,17
MAT,Subject17,logistic_regression,1,1,0.9929734165003544,17
MAT,Subject17,logistic_regression,1,1,0.6869419433669873,17
MAT,Subject17,logistic_regression,1,1,0.9883519948581159,17
MAT,Subject17,logistic_regression,1,1,0.9998193105323879,17
MAT,Subject17,logistic_regression,1,1,0.9999784397626633,17
MAT,Subject17,logistic_regression,1,1,0.9999964545473011,17
MAT,Subject17,logistic_regression,1,1,0.9999550583632478,17
MAT,Subject17,logistic_regression,1,1,0.9995444707558606,17
MAT,Subject17,logistic_regression,1,1,0.9960487418787278,17
MAT,Subject17,logistic_regression,1,1,0.9983885284154875,17
MAT,Subject18,logistic_regression,0,0,0.15888732128217117,18
MAT,Subject18,logistic_regression,0,1,0.5673298469791634,18
MAT,Subject18,logistic_regression,0,0,0.048624903205047976,18
MAT,Subject18,logistic_regression,0,0,0.05685756414158979,18
MAT,Subject18,logistic_regression,0,0,0.0052267414162858435,18
MAT,Subject18,logistic_regression,0,0,0.0004105233039317057,18
MAT,Subject18,logistic_regression,0,0,0.03536537522384628,18
MAT,Subject18,logistic_regression,0,0,0.3336404170227213,18
MAT,Subject18,logistic_regression,0,0,0.014357331028051095,18
MAT,Subject18,logistic_regression,0,0,0.0018120523500166907,18
MAT,Subject18,logistic_regression,0,0,0.0033668748035281873,18
MAT,Subject18,logistic_regression,0,0,0.31080161840021053,18
MAT,Subject18,logistic_regression,0,0,0.29425199246247524,18
MAT,Subject18,logistic_regression,0,0,0.01607028419488523,18
MAT,Subject18,logistic_regression,0,0,0.022784429637176824,18
MAT,Subject18,logistic_regression,0,0,0.034196327473494374,18
MAT,Subject18,logistic_regression,0,0,0.013594774839669766,18
MAT,Subject18,logistic_regression,0,0,0.011403074301093621,18
MAT,Subject18,logistic_regression,0,0,0.013243774623222918,18
MAT,Subject18,logistic_regression,0,0,0.041904005785676976,18
MAT,Subject18,logistic_regression,0,0,0.006405333453436787,18
MAT,Subject18,logistic_regression,0,0,0.002478375844841954,18
MAT,Subject18,logistic_regression,0,0,0.040151052874789664,18
MAT,Subject18,logistic_regression,0,0,0.00957716200540817,18
MAT,Subject18,logistic_regression,0,0,0.004220276214113987,18
MAT,Subject18,logistic_regression,0,0,0.0029857611724071263,18
MAT,Subject18,logistic_regression,0,0,0.0002444513070111754,18
MAT,Subject18,logistic_regression,0,0,0.0010222876433288342,18
MAT,Subject18,logistic_regression,0,0,0.00396018916147789,18
MAT,Subject18,logistic_regression,0,0,0.0012937510230262984,18
MAT,Subject18,logistic_regression,0,0,0.015391143332964855,18
MAT,Subject18,logistic_regression,0,0,0.07472349325377806,18
MAT,Subject18,logistic_regression,0,0,0.005438602799192077,18
MAT,Subject18,logistic_regression,0,0,0.41091974260702424,18
MAT,Subject18,logistic_regression,0,0,0.16338484672707415,18
MAT,Subject18,logistic_regression,0,0,0.015541411535932801,18
MAT,Subject18,logistic_regression,0,0,0.0394177536151006,18
MAT,Subject18,logistic_regression,0,0,0.09775285158722057,18
MAT,Subject18,logistic_regression,0,0,0.018217379712836927,18
MAT,Subject18,logistic_regression,0,0,0.007037117124209401,18
MAT,Subject18,logistic_regression,0,0,0.0010548835007671874,18
MAT,Subject18,logistic_regression,0,0,0.053295707563579056,18
MAT,Subject18,logistic_regression,0,0,0.0030033417105970917,18
MAT,Subject18,logistic_regression,0,0,0.025370083459315865,18
MAT,Subject18,logistic_regression,0,0,0.0040571693900357505,18
MAT,Subject18,logistic_regression,0,0,0.00171406397927335,18
MAT,Subject18,logistic_regression,0,0,0.005489011872115398,18
MAT,Subject18,logistic_regression,0,0,0.00041159611392504997,18
MAT,Subject18,logistic_regression,0,0,0.0008873566811745063,18
MAT,Subject18,logistic_regression,0,0,0.007256330892800201,18
MAT,Subject18,logistic_regression,0,0,0.012792883040041373,18
MAT,Subject18,logistic_regression,0,0,0.10884101399365491,18
MAT,Subject18,logistic_regression,0,0,0.041723654271884604,18
MAT,Subject18,logistic_regression,0,0,0.02711016794207884,18
MAT,Subject18,logistic_regression,0,0,0.01043470264653954,18
MAT,Subject18,logistic_regression,0,0,0.0009191440437058201,18
MAT,Subject18,logistic_regression,0,0,0.004984804288091813,18
MAT,Subject18,logistic_regression,0,0,0.01259941015355019,18
MAT,Subject18,logistic_regression,0,0,0.0028363426927328094,18
MAT,Subject18,logistic_regression,0,0,0.01084647802509946,18
MAT,Subject18,logistic_regression,0,0,0.055694563626179645,18
MAT,Subject18,logistic_regression,0,0,0.013612510104428424,18
MAT,Subject18,logistic_regression,0,0,0.00029303077454163163,18
MAT,Subject18,logistic_regression,0,0,0.0001805573133525972,18
MAT,Subject18,logistic_regression,0,0,0.003990256245784544,18
MAT,Subject18,logistic_regression,0,0,0.005531455108513999,18
MAT,Subject18,logistic_regression,0,0,0.005016632908762805,18
MAT,Subject18,logistic_regression,0,0,0.03405451001070171,18
MAT,Subject18,logistic_regression,0,0,0.01376510112600728,18
MAT,Subject18,logistic_regression,0,0,0.0001770020315617386,18
MAT,Subject18,logistic_regression,0,0,0.002006962191596429,18
MAT,Subject18,logistic_regression,0,0,0.03879967924316811,18
MAT,Subject18,logistic_regression,0,0,0.09061113915123196,18
MAT,Subject18,logistic_regression,0,0,0.04785957151015093,18
MAT,Subject18,logistic_regression,0,0,0.03601555000895061,18
MAT,Subject18,logistic_regression,0,0,0.006078560868387137,18
MAT,Subject18,logistic_regression,0,0,0.00037815327073804624,18
MAT,Subject18,logistic_regression,0,0,0.00020642847808456747,18
MAT,Subject18,logistic_regression,0,0,0.003932883697642353,18
MAT,Subject18,logistic_regression,0,0,0.0051970866434352175,18
MAT,Subject18,logistic_regression,0,0,0.00262104983501195,18
MAT,Subject18,logistic_regression,0,0,0.029434181731050894,18
MAT,Subject18,logistic_regression,0,0,0.0844984277011829,18
MAT,Subject18,logistic_regression,0,0,0.34759520786233855,18
MAT,Subject18,logistic_regression,0,0,0.14757702317280263,18
MAT,Subject18,logistic_regression,0,0,0.0007430999452231074,18
MAT,Subject18,logistic_regression,0,0,0.001601235272565598,18
MAT,Subject18,logistic_regression,0,0,0.006642897799135964,18
MAT,Subject18,logistic_regression,0,0,0.0027912299958012025,18
MAT,Subject18,logistic_regression,0,0,0.07556756800578598,18
MAT,Subject18,logistic_regression,1,1,0.5355106484903897,18
MAT,Subject18,logistic_regression,1,0,0.08568519511831615,18
MAT,Subject18,logistic_regression,1,1,0.6976220303691422,18
MAT,Subject18,logistic_regression,1,1,0.8273169747572596,18
MAT,Subject18,logistic_regression,1,1,0.7987952953083618,18
MAT,Subject18,logistic_regression,1,0,0.16195798002394204,18
MAT,Subject18,logistic_regression,1,0,0.0015136837998770654,18
MAT,Subject18,logistic_regression,1,0,0.005689714693292634,18
MAT,Subject18,logistic_regression,1,0,0.016909998785015524,18
MAT,Subject18,logistic_regression,1,0,0.012394850740048593,18
MAT,Subject18,logistic_regression,1,0,0.025609589991658376,18
MAT,Subject18,logistic_regression,1,0,0.2034943132308424,18
MAT,Subject18,logistic_regression,1,0,0.012539581417384838,18
MAT,Subject18,logistic_regression,1,0,0.12231647925236626,18
MAT,Subject18,logistic_regression,1,0,0.13035439374708474,18
MAT,Subject18,logistic_regression,1,0,0.07490150434527225,18
MAT,Subject18,logistic_regression,1,1,0.764070959758176,18
MAT,Subject18,logistic_regression,1,0,0.37614969944092497,18
MAT,Subject18,logistic_regression,1,0,0.1959414314962928,18
MAT,Subject18,logistic_regression,1,0,0.042082644402743244,18
MAT,Subject18,logistic_regression,1,0,0.27479990963415607,18
MAT,Subject18,logistic_regression,1,0,0.11749951491573693,18
MAT,Subject18,logistic_regression,1,0,0.020851175135273407,18
MAT,Subject18,logistic_regression,1,0,0.23512628113894388,18
MAT,Subject18,logistic_regression,1,0,0.10355580603384369,18
MAT,Subject18,logistic_regression,1,0,0.12923712540357638,18
MAT,Subject18,logistic_regression,1,0,0.2256179601292726,18
MAT,Subject18,logistic_regression,1,0,0.46365301890709126,18
MAT,Subject18,logistic_regression,1,0,0.07670586859880581,18
MAT,Subject18,logistic_regression,1,0,0.3726371745104544,18
MAT,Subject19,logistic_regression,0,0,0.0004212183875214787,19
MAT,Subject19,logistic_regression,0,0,0.02798122761351542,19
MAT,Subject19,logistic_regression,0,0,0.2975487442471333,19
MAT,Subject19,logistic_regression,0,0,0.030250575965783913,19
MAT,Subject19,logistic_regression,0,0,0.00469132030111666,19
MAT,Subject19,logistic_regression,0,0,0.05348735616266577,19
MAT,Subject19,logistic_regression,0,0,0.3102501048618827,19
MAT,Subject19,logistic_regression,0,0,0.37841700341204415,19
MAT,Subject19,logistic_regression,0,0,0.09705370623789397,19
MAT,Subject19,logistic_regression,0,0,0.03178657313945698,19
MAT,Subject19,logistic_regression,0,0,0.3352159302701643,19
MAT,Subject19,logistic_regression,0,0,0.2883973353897789,19
MAT,Subject19,logistic_regression,0,1,0.645606544348201,19
MAT,Subject19,logistic_regression,0,1,0.754419412507334,19
MAT,Subject19,logistic_regression,0,0,0.18970016787501437,19
MAT,Subject19,logistic_regression,0,0,0.0814167021859939,19
MAT,Subject19,logistic_regression,0,0,0.0855505086100898,19
MAT,Subject19,logistic_regression,0,0,0.005197206904280611,19
MAT,Subject19,logistic_regression,0,0,0.017300870360103048,19
MAT,Subject19,logistic_regression,0,0,0.010656438991712116,19
MAT,Subject19,logistic_regression,0,0,0.002692361450863664,19
MAT,Subject19,logistic_regression,0,0,0.019573357798589805,19
MAT,Subject19,logistic_regression,0,0,0.07783290860813742,19
MAT,Subject19,logistic_regression,0,0,0.02158056530773655,19
MAT,Subject19,logistic_regression,0,0,0.45464525362314734,19
MAT,Subject19,logistic_regression,0,0,0.15367683586508096,19
MAT,Subject19,logistic_regression,0,0,0.05290030046449883,19
MAT,Subject19,logistic_regression,0,0,0.042334231758304905,19
MAT,Subject19,logistic_regression,0,0,0.027643752042577064,19
MAT,Subject19,logistic_regression,0,0,0.00876657193035035,19
MAT,Subject19,logistic_regression,0,0,0.01089670414158403,19
MAT,Subject19,logistic_regression,0,0,0.14467903353173325,19
MAT,Subject19,logistic_regression,0,0,0.0017384663307710962,19
MAT,Subject19,logistic_regression,0,0,0.024795596680162613,19
MAT,Subject19,logistic_regression,0,0,0.16632494598806308,19
MAT,Subject19,logistic_regression,0,0,0.03479962332082372,19
MAT,Subject19,logistic_regression,0,0,0.04712122194783317,19
MAT,Subject19,logistic_regression,0,0,0.016506618169630182,19
MAT,Subject19,logistic_regression,0,0,0.006000892141703212,19
MAT,Subject19,logistic_regression,0,0,0.0002825747967677091,19
MAT,Subject19,logistic_regression,0,0,0.020107627435884647,19
MAT,Subject19,logistic_regression,0,0,0.014114361181790536,19
MAT,Subject19,logistic_regression,0,0,0.0006379926564586586,19
MAT,Subject19,logistic_regression,0,0,0.002850548819326552,19
MAT,Subject19,logistic_regression,0,0,0.07732638957913865,19
MAT,Subject19,logistic_regression,0,0,0.11622635653143314,19
MAT,Subject19,logistic_regression,0,0,0.008820513769217773,19
MAT,Subject19,logistic_regression,0,0,0.015284916489393703,19
MAT,Subject19,logistic_regression,0,0,0.058256598953456036,19
MAT,Subject19,logistic_regression,0,0,4.1295191318043036e-05,19
MAT,Subject19,logistic_regression,0,0,0.0003341182184521451,19
MAT,Subject19,logistic_regression,0,0,0.1138463095686887,19
MAT,Subject19,logistic_regression,0,0,0.004207133160094461,19
MAT,Subject19,logistic_regression,0,0,0.011513108856944001,19
MAT,Subject19,logistic_regression,0,0,0.009781426095411558,19
MAT,Subject19,logistic_regression,0,0,0.0024982231789294727,19
MAT,Subject19,logistic_regression,0,0,0.0009753359479201709,19
MAT,Subject19,logistic_regression,0,0,0.00033856082764127047,19
MAT,Subject19,logistic_regression,0,0,0.004901163995088792,19
MAT,Subject19,logistic_regression,0,0,0.0039467435435918945,19
MAT,Subject19,logistic_regression,0,0,0.01296963224126425,19
MAT,Subject19,logistic_regression,0,0,0.005025666619470158,19
MAT,Subject19,logistic_regression,0,0,0.006258017853119725,19
MAT,Subject19,logistic_regression,0,0,0.010136163412998616,19
MAT,Subject19,logistic_regression,0,0,0.00010050944806993795,19
MAT,Subject19,logistic_regression,0,0,0.04723271767518605,19
MAT,Subject19,logistic_regression,0,0,0.22936660923051203,19
MAT,Subject19,logistic_regression,0,0,0.006804449658711887,19
MAT,Subject19,logistic_regression,0,0,0.003280682109921638,19
MAT,Subject19,logistic_regression,0,0,0.004617565096319166,19
MAT,Subject19,logistic_regression,0,0,0.09978318238660036,19
MAT,Subject19,logistic_regression,0,0,0.09936893167649218,19
MAT,Subject19,logistic_regression,0,0,0.007181879275220933,19
MAT,Subject19,logistic_regression,0,0,0.0023841976195108053,19
MAT,Subject19,logistic_regression,0,0,0.0036384326400194975,19
MAT,Subject19,logistic_regression,0,0,0.001634986279657606,19
MAT,Subject19,logistic_regression,0,0,0.003041634334418044,19
MAT,Subject19,logistic_regression,0,0,0.010743684481055522,19
MAT,Subject19,logistic_regression,0,0,0.013416547655963826,19
MAT,Subject19,logistic_regression,0,0,0.055633329156138445,19
MAT,Subject19,logistic_regression,0,0,0.015603093825318734,19
MAT,Subject19,logistic_regression,0,0,0.006821278797148329,19
MAT,Subject19,logistic_regression,0,0,0.01804234621307632,19
MAT,Subject19,logistic_regression,0,0,0.005816186703052251,19
MAT,Subject19,logistic_regression,0,0,0.0014507645717355638,19
MAT,Subject19,logistic_regression,0,0,0.04505469978596338,19
MAT,Subject19,logistic_regression,0,0,0.06589788192300709,19
MAT,Subject19,logistic_regression,0,0,0.012940151681266478,19
MAT,Subject19,logistic_regression,0,0,0.00975333873939982,19
MAT,Subject19,logistic_regression,0,0,0.0006447976443915113,19
MAT,Subject19,logistic_regression,1,1,0.9998561022957407,19
MAT,Subject19,logistic_regression,1,1,0.9999310473612538,19
MAT,Subject19,logistic_regression,1,1,0.9999327405018226,19
MAT,Subject19,logistic_regression,1,1,0.999968443008135,19
MAT,Subject19,logistic_regression,1,1,0.9864366496527746,19
MAT,Subject19,logistic_regression,1,1,0.9356365736506761,19
MAT,Subject19,logistic_regression,1,1,0.9965775746895876,19
MAT,Subject19,logistic_regression,1,1,0.9997009385596465,19
MAT,Subject19,logistic_regression,1,1,0.9972017528979823,19
MAT,Subject19,logistic_regression,1,1,0.9966830233659082,19
MAT,Subject19,logistic_regression,1,1,0.9999429527270427,19
MAT,Subject19,logistic_regression,1,1,0.9977828468627219,19
MAT,Subject19,logistic_regression,1,1,0.9983891946729727,19
MAT,Subject19,logistic_regression,1,1,0.9999340960256877,19
MAT,Subject19,logistic_regression,1,1,0.9996691937004846,19
MAT,Subject19,logistic_regression,1,1,0.9996853998514967,19
MAT,Subject19,logistic_regression,1,1,0.9998400689214985,19
MAT,Subject19,logistic_regression,1,1,0.999651173857809,19
MAT,Subject19,logistic_regression,1,1,0.9999444673229378,19
MAT,Subject19,logistic_regression,1,1,0.9999972059465215,19
MAT,Subject19,logistic_regression,1,1,0.999798130253756,19
MAT,Subject19,logistic_regression,1,1,0.9927137154480713,19
MAT,Subject19,logistic_regression,1,1,0.9989728417228021,19
MAT,Subject19,logistic_regression,1,1,0.999191315117131,19
MAT,Subject19,logistic_regression,1,1,0.9739729983713631,19
MAT,Subject19,logistic_regression,1,1,0.9885439819343251,19
MAT,Subject19,logistic_regression,1,1,0.9934102140725816,19
MAT,Subject19,logistic_regression,1,1,0.9991630988986854,19
MAT,Subject19,logistic_regression,1,1,0.9902020213595777,19
MAT,Subject19,logistic_regression,1,1,0.9984021746567009,19
MAT,Subject20,logistic_regression,0,0,3.2355143740313623e-06,20
MAT,Subject20,logistic_regression,0,0,1.74525226975186e-06,20
MAT,Subject20,logistic_regression,0,0,2.8824518521333503e-06,20
MAT,Subject20,logistic_regression,0,0,7.485057790388456e-06,20
MAT,Subject20,logistic_regression,0,0,3.02064599958015e-07,20
MAT,Subject20,logistic_regression,0,0,5.6348672955421154e-08,20
MAT,Subject20,logistic_regression,0,0,0.00012627565765694986,20
MAT,Subject20,logistic_regression,0,0,0.0020576129468555496,20
MAT,Subject20,logistic_regression,0,0,2.054733757298263e-05,20
MAT,Subject20,logistic_regression,0,0,7.326907958817946e-07,20
MAT,Subject20,logistic_regression,0,0,4.6891716130431794e-07,20
MAT,Subject20,logistic_regression,0,0,1.769160752572103e-06,20
MAT,Subject20,logistic_regression,0,0,6.26475663796795e-05,20
MAT,Subject20,logistic_regression,0,0,4.01216720095489e-05,20
MAT,Subject20,logistic_regression,0,0,0.0010433822040121705,20
MAT,Subject20,logistic_regression,0,0,0.00012835983489631168,20
MAT,Subject20,logistic_regression,0,0,1.2733470607140364e-05,20
MAT,Subject20,logistic_regression,0,0,3.866425649377827e-05,20
MAT,Subject20,logistic_regression,0,0,0.00014317298084014744,20
MAT,Subject20,logistic_regression,0,0,0.000740616989665515,20
MAT,Subject20,logistic_regression,0,0,0.0007281315875849936,20
MAT,Subject20,logistic_regression,0,0,0.0012509307234857148,20
MAT,Subject20,logistic_regression,0,0,0.0008375561036468151,20
MAT,Subject20,logistic_regression,0,0,0.0003503881691674559,20
MAT,Subject20,logistic_regression,0,0,0.00010539639901087187,20
MAT,Subject20,logistic_regression,0,0,1.3770322264690813e-05,20
MAT,Subject20,logistic_regression,0,0,4.568910617936979e-06,20
MAT,Subject20,logistic_regression,0,0,1.1246828736955368e-05,20
MAT,Subject20,logistic_regression,0,0,1.6455719390306335e-06,20
MAT,Subject20,logistic_regression,0,0,0.0003411363996662708,20
MAT,Subject20,logistic_regression,0,0,0.013213962875375894,20
MAT,Subject20,logistic_regression,0,0,0.0029633063607544968,20
MAT,Subject20,logistic_regression,0,0,0.007826950282481338,20
MAT,Subject20,logistic_regression,0,0,0.00016192499967943987,20
MAT,Subject20,logistic_regression,0,0,0.0008451669811548625,20
MAT,Subject20,logistic_regression,0,0,0.0008074896530364476,20
MAT,Subject20,logistic_regression,0,0,0.00027674767489240567,20
MAT,Subject20,logistic_regression,0,0,0.0006032035412777377,20
MAT,Subject20,logistic_regression,0,0,0.00045354061205327053,20
MAT,Subject20,logistic_regression,0,0,0.005755707936414482,20
MAT,Subject20,logistic_regression,0,0,0.005314445973670063,20
MAT,Subject20,logistic_regression,0,0,0.0022052171774545395,20
MAT,Subject20,logistic_regression,0,0,0.0005608992762101588,20
MAT,Subject20,logistic_regression,0,0,0.0010620653680373311,20
MAT,Subject20,logistic_regression,0,0,0.00048762697791592745,20
MAT,Subject20,logistic_regression,0,0,6.726861480786768e-05,20
MAT,Subject20,logistic_regression,0,0,0.00030206215339487105,20
MAT,Subject20,logistic_regression,0,0,0.002464079726941649,20
MAT,Subject20,logistic_regression,0,0,0.01844894313470422,20
MAT,Subject20,logistic_regression,0,0,0.0004649978355102783,20
MAT,Subject20,logistic_regression,0,0,6.188358581382075e-06,20
MAT,Subject20,logistic_regression,0,0,0.0002744481258785192,20
MAT,Subject20,logistic_regression,0,0,0.0005668093427988889,20
MAT,Subject20,logistic_regression,0,0,8.067311250600444e-08,20
MAT,Subject20,logistic_regression,0,0,3.5330966198526283e-06,20
MAT,Subject20,logistic_regression,0,0,5.3054945047531764e-05,20
MAT,Subject20,logistic_regression,0,0,0.00024244634595820295,20
MAT,Subject20,logistic_regression,0,0,9.09151233099646e-05,20
MAT,Subject20,logistic_regression,0,0,7.772504510385894e-06,20
MAT,Subject20,logistic_regression,0,0,0.0005095188583289079,20
MAT,Subject20,logistic_regression,0,0,7.583499994191497e-05,20
MAT,Subject20,logistic_regression,0,0,3.2602881408592613e-06,20
MAT,Subject20,logistic_regression,0,0,1.7272205118885172e-07,20
MAT,Subject20,logistic_regression,0,0,0.0005286490410264346,20
MAT,Subject20,logistic_regression,0,0,2.9151705812658437e-05,20
MAT,Subject20,logistic_regression,0,0,4.038402857821003e-06,20
MAT,Subject20,logistic_regression,0,0,2.2668519675604114e-05,20
MAT,Subject20,logistic_regression,0,0,0.0032137429026813124,20
MAT,Subject20,logistic_regression,0,0,2.300781100000778e-05,20
MAT,Subject20,logistic_regression,0,0,0.00020740050425544564,20
MAT,Subject20,logistic_regression,0,0,2.8152719039516656e-05,20
MAT,Subject20,logistic_regression,0,0,7.063082703624821e-06,20
MAT,Subject20,logistic_regression,0,0,0.00021357287230664188,20
MAT,Subject20,logistic_regression,0,0,0.000436097753965472,20
MAT,Subject20,logistic_regression,0,0,0.0004380041149511493,20
MAT,Subject20,logistic_regression,0,0,0.00018354751633916408,20
MAT,Subject20,logistic_regression,0,0,4.669777456515051e-06,20
MAT,Subject20,logistic_regression,0,0,2.273337043105795e-05,20
MAT,Subject20,logistic_regression,0,0,3.9941279928744734e-07,20
MAT,Subject20,logistic_regression,0,0,0.00020361567626650892,20
MAT,Subject20,logistic_regression,0,0,0.010271164781300616,20
MAT,Subject20,logistic_regression,0,0,0.0006443782663662596,20
MAT,Subject20,logistic_regression,0,0,0.0012616636908718084,20
MAT,Subject20,logistic_regression,0,0,2.5738029266768224e-07,20
MAT,Subject20,logistic_regression,0,0,2.1887264220449747e-07,20
MAT,Subject20,logistic_regression,0,0,0.00033031529258805646,20
MAT,Subject20,logistic_regression,0,0,1.8959088632829014e-06,20
MAT,Subject20,logistic_regression,0,0,7.114863698075266e-06,20
MAT,Subject20,logistic_regression,0,0,6.954844720309921e-05,20
MAT,Subject20,logistic_regression,0,1,0.9988601250664938,20
MAT,Subject20,logistic_regression,1,0,7.780706578257742e-05,20
MAT,Subject20,logistic_regression,1,0,0.003054633763837629,20
MAT,Subject20,logistic_regression,1,0,0.008890077546967533,20
MAT,Subject20,logistic_regression,1,0,0.0002213492893238232,20
MAT,Subject20,logistic_regression,1,0,0.00235138414259271,20
MAT,Subject20,logistic_regression,1,0,0.001448245954960468,20
MAT,Subject20,logistic_regression,1,0,0.00019418564433009905,20
MAT,Subject20,logistic_regression,1,0,4.7806635860696546e-06,20
MAT,Subject20,logistic_regression,1,0,1.5917681084488575e-06,20
MAT,Subject20,logistic_regression,1,0,0.00032225137297088764,20
MAT,Subject20,logistic_regression,1,0,1.1020341296978616e-06,20
MAT,Subject20,logistic_regression,1,0,8.265899073234432e-10,20
MAT,Subject20,logistic_regression,1,0,5.973528775681157e-08,20
MAT,Subject20,logistic_regression,1,0,7.367723683971192e-07,20
MAT,Subject20,logistic_regression,1,0,5.065182415876993e-07,20
MAT,Subject20,logistic_regression,1,0,3.075726498326276e-06,20
MAT,Subject20,logistic_regression,1,0,3.039213071107581e-07,20
MAT,Subject20,logistic_regression,1,0,1.6999235473713893e-05,20
MAT,Subject20,logistic_regression,1,0,0.0001589354010457326,20
MAT,Subject20,logistic_regression,1,0,1.3261609493748976e-06,20
MAT,Subject20,logistic_regression,1,0,6.946551706297181e-05,20
MAT,Subject20,logistic_regression,1,0,0.00010323418439425507,20
MAT,Subject20,logistic_regression,1,0,0.00015018167430500915,20
MAT,Subject20,logistic_regression,1,0,3.140067532144407e-07,20
MAT,Subject20,logistic_regression,1,0,1.2668090665444765e-06,20
MAT,Subject20,logistic_regression,1,0,0.0012975486355855696,20
MAT,Subject20,logistic_regression,1,0,0.0025770566560152923,20
MAT,Subject20,logistic_regression,1,0,0.0023940314605730975,20
MAT,Subject20,logistic_regression,1,0,0.13538562517102884,20
MAT,Subject20,logistic_regression,1,0,0.28600420399016296,20
MAT,Subject21,logistic_regression,0,0,0.007234737155389221,21
MAT,Subject21,logistic_regression,0,0,0.11558121330539267,21
MAT,Subject21,logistic_regression,0,0,0.23216171422876183,21
MAT,Subject21,logistic_regression,0,0,0.2494704800889287,21
MAT,Subject21,logistic_regression,0,1,0.8785458901338776,21
MAT,Subject21,logistic_regression,0,1,0.8769706245162109,21
MAT,Subject21,logistic_regression,0,1,0.7112613672625072,21
MAT,Subject21,logistic_regression,0,0,0.42778642575260445,21
MAT,Subject21,logistic_regression,0,1,0.9542001564143692,21
MAT,Subject21,logistic_regression,0,1,0.8322791731752568,21
MAT,Subject21,logistic_regression,0,0,0.4219744245906058,21
MAT,Subject21,logistic_regression,0,1,0.9497793175858956,21
MAT,Subject21,logistic_regression,0,1,0.8738793379063182,21
MAT,Subject21,logistic_regression,0,1,0.9232264423030864,21
MAT,Subject21,logistic_regression,0,0,0.2977415915197569,21
MAT,Subject21,logistic_regression,0,0,0.3182636080561863,21
MAT,Subject21,logistic_regression,0,1,0.8768762057213402,21
MAT,Subject21,logistic_regression,0,1,0.7021407303447595,21
MAT,Subject21,logistic_regression,0,1,0.8961881989684396,21
MAT,Subject21,logistic_regression,0,0,0.3046717047674662,21
MAT,Subject21,logistic_regression,0,0,0.14972463056000626,21
MAT,Subject21,logistic_regression,0,1,0.7941886513659933,21
MAT,Subject21,logistic_regression,0,1,0.9749269825818084,21
MAT,Subject21,logistic_regression,0,1,0.9826896705108658,21
MAT,Subject21,logistic_regression,0,1,0.9920269604599086,21
MAT,Subject21,logistic_regression,0,1,0.9407763983343721,21
MAT,Subject21,logistic_regression,0,1,0.9138489715662644,21
MAT,Subject21,logistic_regression,0,0,0.47987681490965917,21
MAT,Subject21,logistic_regression,0,0,0.3053769302045011,21
MAT,Subject21,logistic_regression,0,1,0.8730194236347273,21
MAT,Subject21,logistic_regression,0,0,0.17839837723430815,21
MAT,Subject21,logistic_regression,0,0,0.46904094384986333,21
MAT,Subject21,logistic_regression,0,0,0.30406631309434884,21
MAT,Subject21,logistic_regression,0,0,0.48309072661385094,21
MAT,Subject21,logistic_regression,0,1,0.8589294019845253,21
MAT,Subject21,logistic_regression,0,1,0.5514900737728329,21
MAT,Subject21,logistic_regression,0,1,0.8059994879123336,21
MAT,Subject21,logistic_regression,0,0,0.016036349944777456,21
MAT,Subject21,logistic_regression,0,0,0.005983525733827432,21
MAT,Subject21,logistic_regression,0,0,0.29934293823020214,21
MAT,Subject21,logistic_regression,0,1,0.874024704921437,21
MAT,Subject21,logistic_regression,0,1,0.8589437435421367,21
MAT,Subject21,logistic_regression,0,0,0.13422986170289264,21
MAT,Subject21,logistic_regression,0,0,0.2702210672836279,21
MAT,Subject21,logistic_regression,0,0,0.49916431083139484,21
MAT,Subject21,logistic_regression,0,0,0.2568472898831649,21
MAT,Subject21,logistic_regression,0,0,0.3062323423128526,21
MAT,Subject21,logistic_regression,0,1,0.892964942914386,21
MAT,Subject21,logistic_regression,0,1,0.5999368889870428,21
MAT,Subject21,logistic_regression,0,1,0.7408884924598005,21
MAT,Subject21,logistic_regression,0,1,0.9576004149745527,21
MAT,Subject21,logistic_regression,0,0,0.13650337301913987,21
MAT,Subject21,logistic_regression,0,1,0.7047843625776788,21
MAT,Subject21,logistic_regression,0,1,0.9200368102540573,21
MAT,Subject21,logistic_regression,0,1,0.900760966864571,21
MAT,Subject21,logistic_regression,0,0,0.1854932133250656,21
MAT,Subject21,logistic_regression,0,0,0.08968838591762361,21
MAT,Subject21,logistic_regression,0,0,0.07989012348720913,21
MAT,Subject21,logistic_regression,0,0,0.08450476692349533,21
MAT,Subject21,logistic_regression,0,0,0.2626277029370665,21
MAT,Subject21,logistic_regression,0,0,0.23743844959046087,21
MAT,Subject21,logistic_regression,0,0,0.1668879235584029,21
MAT,Subject21,logistic_regression,0,0,0.35883359442303103,21
MAT,Subject21,logistic_regression,0,0,0.13440490964562765,21
MAT,Subject21,logistic_regression,0,0,0.08484898031918826,21
MAT,Subject21,logistic_regression,0,0,0.023769585781297665,21
MAT,Subject21,logistic_regression,0,0,0.06850350984479457,21
MAT,Subject21,logistic_regression,0,0,0.12522321244662526,21
MAT,Subject21,logistic_regression,0,0,0.0956154621768894,21
MAT,Subject21,logistic_regression,0,0,0.023651879104298792,21
MAT,Subject21,logistic_regression,0,0,0.002518614853660194,21
MAT,Subject21,logistic_regression,0,0,0.06287687376542403,21
MAT,Subject21,logistic_regression,0,0,0.0772561133710502,21
MAT,Subject21,logistic_regression,0,0,0.08185593884128216,21
MAT,Subject21,logistic_regression,0,0,0.16154967015061128,21
MAT,Subject21,logistic_regression,0,0,0.23892381480194724,21
MAT,Subject21,logistic_regression,0,0,0.28590740569268,21
MAT,Subject21,logistic_regression,0,0,0.26668934006235695,21
MAT,Subject21,logistic_regression,0,1,0.7224348378190075,21
MAT,Subject21,logistic_regression,0,0,0.4407665808477957,21
MAT,Subject21,logistic_regression,0,1,0.7179456296112656,21
MAT,Subject21,logistic_regression,0,0,0.3734093965648408,21
MAT,Subject21,logistic_regression,0,1,0.7410844805840007,21
MAT,Subject21,logistic_regression,0,0,0.2306357490653237,21
MAT,Subject21,logistic_regression,0,0,0.02849613002203378,21
MAT,Subject21,logistic_regression,0,0,0.29067527180253433,21
MAT,Subject21,logistic_regression,0,0,0.35145682186907373,21
MAT,Subject21,logistic_regression,0,0,0.3690836425401965,21
MAT,Subject21,logistic_regression,0,0,0.07161265902243369,21
MAT,Subject21,logistic_regression,0,0,0.385282095212679,21
MAT,Subject21,logistic_regression,1,1,0.9355860610570282,21
MAT,Subject21,logistic_regression,1,1,0.8087462189994753,21
MAT,Subject21,logistic_regression,1,0,0.11411103235893816,21
MAT,Subject21,logistic_regression,1,0,0.30562332813354803,21
MAT,Subject21,logistic_regression,1,1,0.5095215450592279,21
MAT,Subject21,logistic_regression,1,1,0.7812114281978456,21
MAT,Subject21,logistic_regression,1,0,0.270889946476384,21
MAT,Subject21,logistic_regression,1,0,0.36716697584216396,21
MAT,Subject21,logistic_regression,1,0,0.3766545189344486,21
MAT,Subject21,logistic_regression,1,1,0.7417138909869027,21
MAT,Subject21,logistic_regression,1,1,0.7441571535415945,21
MAT,Subject21,logistic_regression,1,0,0.10543526488009285,21
MAT,Subject21,logistic_regression,1,0,0.047289376328838666,21
MAT,Subject21,logistic_regression,1,0,0.1900943566384479,21
MAT,Subject21,logistic_regression,1,0,0.14513920384901932,21
MAT,Subject21,logistic_regression,1,0,0.3099453861198103,21
MAT,Subject21,logistic_regression,1,1,0.9752557352371702,21
MAT,Subject21,logistic_regression,1,1,0.9710092712642044,21
MAT,Subject21,logistic_regression,1,0,0.49675906511547746,21
MAT,Subject21,logistic_regression,1,0,0.047115056542681014,21
MAT,Subject21,logistic_regression,1,0,0.012091023134309643,21
MAT,Subject21,logistic_regression,1,0,0.06238037821558726,21
MAT,Subject21,logistic_regression,1,0,0.18355494457131474,21
MAT,Subject21,logistic_regression,1,0,0.48243390298418876,21
MAT,Subject21,logistic_regression,1,1,0.5743548405822737,21
MAT,Subject21,logistic_regression,1,0,0.32938925926523316,21
MAT,Subject21,logistic_regression,1,0,0.42333971615093596,21
MAT,Subject21,logistic_regression,1,0,0.21888042184668638,21
MAT,Subject21,logistic_regression,1,0,0.40287390309304627,21
MAT,Subject21,logistic_regression,1,1,0.7550461614761041,21
MAT,Subject22,logistic_regression,0,0,0.00017993496878920747,22
MAT,Subject22,logistic_regression,0,0,0.0012830240435726258,22
MAT,Subject22,logistic_regression,0,0,0.004658599493545998,22
MAT,Subject22,logistic_regression,0,0,0.002365790220235349,22
MAT,Subject22,logistic_regression,0,1,0.9993920132127933,22
MAT,Subject22,logistic_regression,0,1,0.999935105965636,22
MAT,Subject22,logistic_regression,0,0,0.09100475070988494,22
MAT,Subject22,logistic_regression,0,0,0.0008008910543568233,22
MAT,Subject22,logistic_regression,0,0,0.0008215124201007909,22
MAT,Subject22,logistic_regression,0,0,0.0026257560561875714,22
MAT,Subject22,logistic_regression,0,0,0.0012612703395852149,22
MAT,Subject22,logistic_regression,0,0,0.000697913338030795,22
MAT,Subject22,logistic_regression,0,0,0.0007456933780829112,22
MAT,Subject22,logistic_regression,0,0,0.0011865963767717107,22
MAT,Subject22,logistic_regression,0,0,0.006483740460612718,22
MAT,Subject22,logistic_regression,0,0,3.724298446251329e-05,22
MAT,Subject22,logistic_regression,0,0,3.803613650171676e-05,22
MAT,Subject22,logistic_regression,0,0,0.011424010762243518,22
MAT,Subject22,logistic_regression,0,0,0.002127523855805168,22
MAT,Subject22,logistic_regression,0,0,0.0003714145540953231,22
MAT,Subject22,logistic_regression,0,0,5.0547803212633004e-05,22
MAT,Subject22,logistic_regression,0,0,0.00036611580606329963,22
MAT,Subject22,logistic_regression,0,0,0.008537709043928827,22
MAT,Subject22,logistic_regression,0,0,0.04622459432873609,22
MAT,Subject22,logistic_regression,0,0,0.019120185148043003,22
MAT,Subject22,logistic_regression,0,0,0.009914846099789711,22
MAT,Subject22,logistic_regression,0,0,0.0002444281336944753,22
MAT,Subject22,logistic_regression,0,0,6.742467039523034e-07,22
MAT,Subject22,logistic_regression,0,0,0.00012083413092702908,22
MAT,Subject22,logistic_regression,0,0,0.0012084611519651537,22
MAT,Subject22,logistic_regression,0,0,0.0004119386262192678,22
MAT,Subject22,logistic_regression,0,0,0.001383609696762213,22
MAT,Subject22,logistic_regression,0,0,0.0012716042352796829,22
MAT,Subject22,logistic_regression,0,0,4.853608990582983e-05,22
MAT,Subject22,logistic_regression,0,0,0.0017028358073267501,22
MAT,Subject22,logistic_regression,0,0,0.002139494668276728,22
MAT,Subject22,logistic_regression,0,0,0.002779124853129224,22
MAT,Subject22,logistic_regression,0,0,0.002247650765707385,22
MAT,Subject22,logistic_regression,0,0,0.00029318899066723406,22
MAT,Subject22,logistic_regression,0,0,0.000593320507212035,22
MAT,Subject22,logistic_regression,0,0,1.4422993590439503e-05,22
MAT,Subject22,logistic_regression,0,0,6.323967159907661e-06,22
MAT,Subject22,logistic_regression,0,0,2.2732774256790993e-05,22
MAT,Subject22,logistic_regression,0,0,2.3916989234964674e-05,22
MAT,Subject22,logistic_regression,0,0,3.894493239858035e-06,22
MAT,Subject22,logistic_regression,0,0,0.00012220287615408762,22
MAT,Subject22,logistic_regression,0,0,0.0003876176512881401,22
MAT,Subject22,logistic_regression,0,0,9.752275052617946e-05,22
MAT,Subject22,logistic_regression,0,0,2.4119325542796707e-05,22
MAT,Subject22,logistic_regression,0,0,1.8843804892912791e-06,22
MAT,Subject22,logistic_regression,0,0,0.00036845129271679996,22
MAT,Subject22,logistic_regression,0,0,0.00020985692728932648,22
MAT,Subject22,logistic_regression,0,0,1.6936306577708433e-06,22
MAT,Subject22,logistic_regression,0,0,0.0022893674177083987,22
MAT,Subject22,logistic_regression,0,0,0.1172641513290453,22
MAT,Subject22,logistic_regression,0,0,0.000792742153309827,22
MAT,Subject22,logistic_regression,0,0,0.00012600490895655207,22
MAT,Subject22,logistic_regression,0,0,0.0004223201520848985,22
MAT,Subject22,logistic_regression,0,0,0.003623806208687077,22
MAT,Subject22,logistic_regression,0,0,0.009414490243180114,22
MAT,Subject22,logistic_regression,0,0,0.030431308549991088,22
MAT,Subject22,logistic_regression,0,0,0.0011113974045725043,22
MAT,Subject22,logistic_regression,0,0,0.00014542905312137701,22
MAT,Subject22,logistic_regression,0,0,0.0001166934496068726,22
MAT,Subject22,logistic_regression,0,0,0.00011755465830654322,22
MAT,Subject22,logistic_regression,0,0,3.523570426621301e-05,22
MAT,Subject22,logistic_regression,0,0,0.0002480303789858561,22
MAT,Subject22,logistic_regression,0,0,0.00011189591688380344,22
MAT,Subject22,logistic_regression,0,0,0.0018955549563005772,22
MAT,Subject22,logistic_regression,0,0,0.034558824285869906,22
MAT,Subject22,logistic_regression,0,0,0.00044561544857386735,22
MAT,Subject22,logistic_regression,0,0,1.562908665338697e-05,22
MAT,Subject22,logistic_regression,0,0,0.0003599046285007942,22
MAT,Subject22,logistic_regression,0,0,0.00012165169453796977,22
MAT,Subject22,logistic_regression,0,0,0.0014220137154269197,22
MAT,Subject22,logistic_regression,0,0,0.002508537995909709,22
MAT,Subject22,logistic_regression,0,0,0.009202625201811629,22
MAT,Subject22,logistic_regression,0,0,0.005322021927497828,22
MAT,Subject22,logistic_regression,0,0,0.00026942328489451653,22
MAT,Subject22,logistic_regression,0,0,0.006375650085485984,22
MAT,Subject22,logistic_regression,0,0,0.06325360573037854,22
MAT,Subject22,logistic_regression,0,0,0.00029300103959730404,22
MAT,Subject22,logistic_regression,0,0,3.0063515089488396e-05,22
MAT,Subject22,logistic_regression,0,0,7.714051142000823e-05,22
MAT,Subject22,logistic_regression,0,0,9.806394442326487e-06,22
MAT,Subject22,logistic_regression,0,0,1.605971554249281e-05,22
MAT,Subject22,logistic_regression,0,0,0.0008643843312597864,22
MAT,Subject22,logistic_regression,0,0,0.00023607219007419224,22
MAT,Subject22,logistic_regression,0,0,0.0034339914974652777,22
MAT,Subject22,logistic_regression,0,0,9.96079316511201e-06,22
MAT,Subject22,logistic_regression,1,1,0.5280679848645379,22
MAT,Subject22,logistic_regression,1,1,0.8011672454533044,22
MAT,Subject22,logistic_regression,1,1,0.7185281158903443,22
MAT,Subject22,logistic_regression,1,1,0.7788169785482562,22
MAT,Subject22,logistic_regression,1,1,0.7052522496501298,22
MAT,Subject22,logistic_regression,1,1,0.6964554403200098,22
MAT,Subject22,logistic_regression,1,1,0.7043276586634174,22
MAT,Subject22,logistic_regression,1,1,0.6759421364061344,22
MAT,Subject22,logistic_regression,1,0,0.3711507504942415,22
MAT,Subject22,logistic_regression,1,1,0.5063821153556889,22
MAT,Subject22,logistic_regression,1,0,0.39552091870181716,22
MAT,Subject22,logistic_regression,1,0,0.36286805841301994,22
MAT,Subject22,logistic_regression,1,0,0.2669500396551491,22
MAT,Subject22,logistic_regression,1,1,0.9554285730858751,22
MAT,Subject22,logistic_regression,1,1,0.8576094292149037,22
MAT,Subject22,logistic_regression,1,1,0.6323093240049246,22
MAT,Subject22,logistic_regression,1,1,0.9972128478926449,22
MAT,Subject22,logistic_regression,1,1,0.9171868111226676,22
MAT,Subject22,logistic_regression,1,1,0.6708531415549908,22
MAT,Subject22,logistic_regression,1,0,0.31927045851941366,22
MAT,Subject22,logistic_regression,1,1,0.8955729107617625,22
MAT,Subject22,logistic_regression,1,1,0.9094436213242133,22
MAT,Subject22,logistic_regression,1,0,0.16032839833577955,22
MAT,Subject22,logistic_regression,1,0,0.12065175525805431,22
MAT,Subject22,logistic_regression,1,0,0.04583061973420692,22
MAT,Subject22,logistic_regression,1,1,0.5801402566144429,22
MAT,Subject22,logistic_regression,1,1,0.8862801181793274,22
MAT,Subject22,logistic_regression,1,0,0.34637064104099985,22
MAT,Subject22,logistic_regression,1,0,0.4714277867582856,22
MAT,Subject22,logistic_regression,1,1,0.6565551117288829,22
MAT,Subject23,logistic_regression,0,0,0.041213972640166976,23
MAT,Subject23,logistic_regression,0,0,0.09897901931672663,23
MAT,Subject23,logistic_regression,0,0,0.1347313086855066,23
MAT,Subject23,logistic_regression,0,0,0.08934778387937055,23
MAT,Subject23,logistic_regression,0,0,0.17219529657785224,23
MAT,Subject23,logistic_regression,0,0,0.11331281265145127,23
MAT,Subject23,logistic_regression,0,0,0.10561896612483977,23
MAT,Subject23,logistic_regression,0,0,0.33557842505189134,23
MAT,Subject23,logistic_regression,0,1,0.529447624517218,23
MAT,Subject23,logistic_regression,0,1,0.704604650822041,23
MAT,Subject23,logistic_regression,0,1,0.7310457323981718,23
MAT,Subject23,logistic_regression,0,0,0.33391862607953815,23
MAT,Subject23,logistic_regression,0,0,0.02084258627206336,23
MAT,Subject23,logistic_regression,0,0,0.06650709694130094,23
MAT,Subject23,logistic_regression,0,0,0.28272449465991856,23
MAT,Subject23,logistic_regression,0,0,0.3591484149444498,23
MAT,Subject23,logistic_regression,0,0,0.08973741120228973,23
MAT,Subject23,logistic_regression,0,0,0.0371583974990436,23
MAT,Subject23,logistic_regression,0,0,0.1343012623582865,23
MAT,Subject23,logistic_regression,0,0,0.31719572805239304,23
MAT,Subject23,logistic_regression,0,0,0.007087321583554001,23
MAT,Subject23,logistic_regression,0,0,0.06427813155003703,23
MAT,Subject23,logistic_regression,0,0,0.22698443458181963,23
MAT,Subject23,logistic_regression,0,0,0.29202524040265093,23
MAT,Subject23,logistic_regression,0,0,0.10585448355631906,23
MAT,Subject23,logistic_regression,0,0,0.08127448773988048,23
MAT,Subject23,logistic_regression,0,0,0.19924708813187966,23
MAT,Subject23,logistic_regression,0,0,0.10153158364059914,23
MAT,Subject23,logistic_regression,0,0,0.09738083445459904,23
MAT,Subject23,logistic_regression,0,0,0.2503616201321703,23
MAT,Subject23,logistic_regression,0,0,0.4487271601681947,23
MAT,Subject23,logistic_regression,0,0,0.11424817951561968,23
MAT,Subject23,logistic_regression,0,0,0.16195910832483898,23
MAT,Subject23,logistic_regression,0,1,0.8375671644631255,23
MAT,Subject23,logistic_regression,0,1,0.7325006405562742,23
MAT,Subject23,logistic_regression,0,0,0.032443897198332294,23
MAT,Subject23,logistic_regression,0,0,0.010558390575437433,23
MAT,Subject23,logistic_regression,0,0,0.025498567198637495,23
MAT,Subject23,logistic_regression,0,0,0.0033624315816205333,23
MAT,Subject23,logistic_regression,0,0,0.0004756159401841019,23
MAT,Subject23,logistic_regression,0,0,0.04252101286816459,23
MAT,Subject23,logistic_regression,0,0,0.07989933007679996,23
MAT,Subject23,logistic_regression,0,0,0.06588743865545879,23
MAT,Subject23,logistic_regression,0,0,0.2408633323308611,23
MAT,Subject23,logistic_regression,0,0,0.3620298043302045,23
MAT,Subject23,logistic_regression,0,0,0.13227675985476742,23
MAT,Subject23,logistic_regression,0,0,0.136975018849103,23
MAT,Subject23,logistic_regression,0,0,0.31899880962616406,23
MAT,Subject23,logistic_regression,0,0,0.020705247689598014,23
MAT,Subject23,logistic_regression,0,1,0.5124705463009251,23
MAT,Subject23,logistic_regression,0,0,0.11698006516956302,23
MAT,Subject23,logistic_regression,0,0,0.02027069912741878,23
MAT,Subject23,logistic_regression,0,0,0.0662087654874159,23
MAT,Subject23,logistic_regression,0,1,0.6864307746041938,23
MAT,Subject23,logistic_regression,0,0,0.04482352636700756,23
MAT,Subject23,logistic_regression,0,0,0.08287884550403367,23
MAT,Subject23,logistic_regression,0,0,0.0038457916533835377,23
MAT,Subject23,logistic_regression,0,1,0.5997636204341068,23
MAT,Subject23,logistic_regression,0,0,0.14908659578208078,23
MAT,Subject23,logistic_regression,0,0,0.10006798454923356,23
MAT,Subject23,logistic_regression,0,1,0.7732882267514115,23
MAT,Subject23,logistic_regression,0,0,0.4228613489531545,23
MAT,Subject23,logistic_regression,0,0,0.04609886373385282,23
MAT,Subject23,logistic_regression,0,0,0.16277424969212365,23
MAT,Subject23,logistic_regression,0,0,0.00955916979628731,23
MAT,Subject23,logistic_regression,0,0,0.0012826771838960666,23
MAT,Subject23,logistic_regression,0,0,0.0034616347240520105,23
MAT,Subject23,logistic_regression,0,0,0.007684292989390228,23
MAT,Subject23,logistic_regression,0,0,0.020198714690268474,23
MAT,Subject23,logistic_regression,0,0,0.00727068950350682,23
MAT,Subject23,logistic_regression,0,1,0.5496761359459931,23
MAT,Subject23,logistic_regression,0,0,0.04697070536424285,23
MAT,Subject23,logistic_regression,0,0,0.20559546195364062,23
MAT,Subject23,logistic_regression,0,0,0.08572727987819037,23
MAT,Subject23,logistic_regression,0,0,0.15178611062610847,23
MAT,Subject23,logistic_regression,0,0,0.07752018076193125,23
MAT,Subject23,logistic_regression,0,0,0.14352055321708454,23
MAT,Subject23,logistic_regression,0,0,0.010906802114390365,23
MAT,Subject23,logistic_regression,0,0,0.0021328467819233038,23
MAT,Subject23,logistic_regression,0,0,0.015182706606488544,23
MAT,Subject23,logistic_regression,0,0,0.17088872853161852,23
MAT,Subject23,logistic_regression,0,0,0.43266129669505116,23
MAT,Subject23,logistic_regression,0,1,0.7149223269562366,23
MAT,Subject23,logistic_regression,0,1,0.6272156790540908,23
MAT,Subject23,logistic_regression,0,1,0.5745322837614386,23
MAT,Subject23,logistic_regression,0,1,0.9210130999557492,23
MAT,Subject23,logistic_regression,0,0,0.16671616836695838,23
MAT,Subject23,logistic_regression,0,0,0.3185434448573599,23
MAT,Subject23,logistic_regression,0,0,0.04369741374958895,23
MAT,Subject23,logistic_regression,0,0,9.250297770764498e-05,23
MAT,Subject23,logistic_regression,1,1,0.9714363825102125,23
MAT,Subject23,logistic_regression,1,1,0.7188804885912145,23
MAT,Subject23,logistic_regression,1,0,0.48925792631908,23
MAT,Subject23,logistic_regression,1,1,0.9114951140005261,23
MAT,Subject23,logistic_regression,1,1,0.8634944184819997,23
MAT,Subject23,logistic_regression,1,1,0.529903258314989,23
MAT,Subject23,logistic_regression,1,0,0.33243912746825854,23
MAT,Subject23,logistic_regression,1,0,0.3048416933524159,23
MAT,Subject23,logistic_regression,1,0,0.47906401512525093,23
MAT,Subject23,logistic_regression,1,0,0.24781443903840167,23
MAT,Subject23,logistic_regression,1,0,0.2600289942761041,23
MAT,Subject23,logistic_regression,1,0,0.20374304132675897,23
MAT,Subject23,logistic_regression,1,1,0.5528269172228008,23
MAT,Subject23,logistic_regression,1,1,0.9125478942203996,23
MAT,Subject23,logistic_regression,1,1,0.8220239129610916,23
MAT,Subject23,logistic_regression,1,1,0.8691626930408642,23
MAT,Subject23,logistic_regression,1,1,0.7247470580446826,23
MAT,Subject23,logistic_regression,1,1,0.8054908501760301,23
MAT,Subject23,logistic_regression,1,0,0.3468407337587997,23
MAT,Subject23,logistic_regression,1,1,0.7244659356399482,23
MAT,Subject23,logistic_regression,1,0,0.0029840290861594242,23
MAT,Subject23,logistic_regression,1,0,0.00021265577130612895,23
MAT,Subject23,logistic_regression,1,0,0.054635527856682714,23
MAT,Subject23,logistic_regression,1,1,0.8150109423703806,23
MAT,Subject23,logistic_regression,1,1,0.9143490397410861,23
MAT,Subject23,logistic_regression,1,0,0.28926412117238837,23
MAT,Subject23,logistic_regression,1,0,0.23772494903961133,23
MAT,Subject23,logistic_regression,1,0,0.4533710166294037,23
MAT,Subject23,logistic_regression,1,0,0.23498862451910768,23
MAT,Subject23,logistic_regression,1,0,0.3210822990335513,23
MAT,Subject24,logistic_regression,0,1,0.9326587982042184,24
MAT,Subject24,logistic_regression,0,1,0.9112989363047113,24
MAT,Subject24,logistic_regression,0,1,0.9258305034000243,24
MAT,Subject24,logistic_regression,0,1,0.6808890594079681,24
MAT,Subject24,logistic_regression,0,1,0.944249248696575,24
MAT,Subject24,logistic_regression,0,1,0.8784955609418275,24
MAT,Subject24,logistic_regression,0,1,0.8173285416706465,24
MAT,Subject24,logistic_regression,0,1,0.8230315105525007,24
MAT,Subject24,logistic_regression,0,1,0.7965671817493792,24
MAT,Subject24,logistic_regression,0,0,0.17012281432169202,24
MAT,Subject24,logistic_regression,0,1,0.6842717863545936,24
MAT,Subject24,logistic_regression,0,0,0.0027701351921606424,24
MAT,Subject24,logistic_regression,0,0,0.062480579426917066,24
MAT,Subject24,logistic_regression,0,0,0.04194141584183519,24
MAT,Subject24,logistic_regression,0,0,0.17196711508307433,24
MAT,Subject24,logistic_regression,0,0,0.3724695358432797,24
MAT,Subject24,logistic_regression,0,0,0.4500700898752368,24
MAT,Subject24,logistic_regression,0,1,0.5253273048347185,24
MAT,Subject24,logistic_regression,0,0,0.16939177489874577,24
MAT,Subject24,logistic_regression,0,0,0.11632106795314444,24
MAT,Subject24,logistic_regression,0,0,0.11979407579761196,24
MAT,Subject24,logistic_regression,0,1,0.526760439698287,24
MAT,Subject24,logistic_regression,0,0,0.476920266246294,24
MAT,Subject24,logistic_regression,0,0,0.33738984803387423,24
MAT,Subject24,logistic_regression,0,0,0.4384282948919036,24
MAT,Subject24,logistic_regression,0,0,0.008336828083316244,24
MAT,Subject24,logistic_regression,0,0,0.004220201718125982,24
MAT,Subject24,logistic_regression,0,1,0.7512260902934251,24
MAT,Subject24,logistic_regression,0,1,0.5000088323285881,24
MAT,Subject24,logistic_regression,0,1,0.866029696855262,24
MAT,Subject24,logistic_regression,0,0,0.31991381645988287,24
MAT,Subject24,logistic_regression,0,1,0.8344203277472452,24
MAT,Subject24,logistic_regression,0,1,0.5688811549323943,24
MAT,Subject24,logistic_regression,0,0,0.4711898954450905,24
MAT,Subject24,logistic_regression,0,0,0.004315454003137086,24
MAT,Subject24,logistic_regression,0,0,0.2106969923291711,24
MAT,Subject24,logistic_regression,0,1,0.8054876428713423,24
MAT,Subject24,logistic_regression,0,1,0.9912257428399817,24
MAT,Subject24,logistic_regression,0,1,0.800000327716694,24
MAT,Subject24,logistic_regression,0,0,0.2621109823240448,24
MAT,Subject24,logistic_regression,0,0,0.2754229449065223,24
MAT,Subject24,logistic_regression,0,1,0.5123252195869792,24
MAT,Subject24,logistic_regression,0,1,0.6508581836299925,24
MAT,Subject24,logistic_regression,0,0,0.01805889940647754,24
MAT,Subject24,logistic_regression,0,0,0.002578327506263642,24
MAT,Subject24,logistic_regression,0,0,0.011282233693075391,24
MAT,Subject24,logistic_regression,0,0,0.14740297251952358,24
MAT,Subject24,logistic_regression,0,0,0.45692642978217146,24
MAT,Subject24,logistic_regression,0,0,0.4696060121620987,24
MAT,Subject24,logistic_regression,0,0,0.058041370451300846,24
MAT,Subject24,logistic_regression,0,0,0.048528923155980216,24
MAT,Subject24,logistic_regression,0,1,0.7413191404569212,24
MAT,Subject24,logistic_regression,0,1,0.6654567157494367,24
MAT,Subject24,logistic_regression,0,0,0.34117835747939373,24
MAT,Subject24,logistic_regression,0,0,0.4041064111686215,24
MAT,Subject24,logistic_regression,0,1,0.5135735208210914,24
MAT,Subject24,logistic_regression,0,0,0.36472107606477266,24
MAT,Subject24,logistic_regression,0,0,0.0032804420449529872,24
MAT,Subject24,logistic_regression,0,0,0.0017144539119679388,24
MAT,Subject24,logistic_regression,0,0,0.26627537434133924,24
MAT,Subject24,logistic_regression,0,1,0.6525994225917826,24
MAT,Subject24,logistic_regression,0,0,0.20681391482885195,24
MAT,Subject24,logistic_regression,0,0,0.08492991762609242,24
MAT,Subject24,logistic_regression,0,0,0.024821431720760342,24
MAT,Subject24,logistic_regression,0,0,0.032718211596349245,24
MAT,Subject24,logistic_regression,0,0,0.06259743139824714,24
MAT,Subject24,logistic_regression,0,0,0.4799021169308588,24
MAT,Subject24,logistic_regression,0,1,0.5931487807978478,24
MAT,Subject24,logistic_regression,0,1,0.9945492533789628,24
MAT,Subject24,logistic_regression,0,1,0.8141807526923689,24
MAT,Subject24,logistic_regression,0,0,0.10296174063230591,24
MAT,Subject24,logistic_regression,0,1,0.8800789988375324,24
MAT,Subject24,logistic_regression,0,1,0.9593952987103795,24
MAT,Subject24,logistic_regression,0,1,0.757665141651899,24
MAT,Subject24,logistic_regression,0,0,0.0504959080789291,24
MAT,Subject24,logistic_regression,0,0,0.12095201855055163,24
MAT,Subject24,logistic_regression,0,1,0.6091984574982494,24
MAT,Subject24,logistic_regression,0,0,0.1597270270166895,24
MAT,Subject24,logistic_regression,0,0,0.009636555965078262,24
MAT,Subject24,logistic_regression,0,1,0.5437085348486485,24
MAT,Subject24,logistic_regression,0,0,0.27377815460996757,24
MAT,Subject24,logistic_regression,0,0,0.13662522955096976,24
MAT,Subject24,logistic_regression,0,1,0.7738609069884331,24
MAT,Subject24,logistic_regression,0,1,0.8043214853927166,24
MAT,Subject24,logistic_regression,0,0,0.012818273086756222,24
MAT,Subject24,logistic_regression,0,0,0.01304437233697364,24
MAT,Subject24,logistic_regression,0,0,0.03070419604134378,24
MAT,Subject24,logistic_regression,0,0,0.025480645559362077,24
MAT,Subject24,logistic_regression,0,0,0.4514910720096159,24
MAT,Subject24,logistic_regression,0,1,0.9470996995341044,24
MAT,Subject24,logistic_regression,1,0,0.08891387522247889,24
MAT,Subject24,logistic_regression,1,0,0.23795631537188242,24
MAT,Subject24,logistic_regression,1,0,0.04121053744237527,24
MAT,Subject24,logistic_regression,1,0,0.2519003637743777,24
MAT,Subject24,logistic_regression,1,1,0.9088575251052403,24
MAT,Subject24,logistic_regression,1,1,0.9810826883697391,24
MAT,Subject24,logistic_regression,1,1,0.8802671854222922,24
MAT,Subject24,logistic_regression,1,1,0.9325568397812556,24
MAT,Subject24,logistic_regression,1,1,0.9940030129664583,24
MAT,Subject24,logistic_regression,1,1,0.9537469877595113,24
MAT,Subject24,logistic_regression,1,1,0.9949702567918864,24
MAT,Subject24,logistic_regression,1,1,0.9673615135838078,24
MAT,Subject24,logistic_regression,1,1,0.5396004736887706,24
MAT,Subject24,logistic_regression,1,0,0.09193251810732504,24
MAT,Subject24,logistic_regression,1,0,0.09480578151211194,24
MAT,Subject24,logistic_regression,1,1,0.7057902874851225,24
MAT,Subject24,logistic_regression,1,1,0.6061971911459522,24
MAT,Subject24,logistic_regression,1,0,0.16498702808589238,24
MAT,Subject24,logistic_regression,1,1,0.6612320896669643,24
MAT,Subject24,logistic_regression,1,0,0.17686062574710024,24
MAT,Subject24,logistic_regression,1,0,0.3295247184681435,24
MAT,Subject24,logistic_regression,1,1,0.7071147163695967,24
MAT,Subject24,logistic_regression,1,1,0.5885319116157666,24
MAT,Subject24,logistic_regression,1,1,0.6291909743538596,24
MAT,Subject24,logistic_regression,1,1,0.6457489618827266,24
MAT,Subject24,logistic_regression,1,1,0.88655193756539,24
MAT,Subject24,logistic_regression,1,1,0.8259149075209423,24
MAT,Subject24,logistic_regression,1,0,0.457611821028817,24
MAT,Subject24,logistic_regression,1,0,0.3769164198925915,24
MAT,Subject24,logistic_regression,1,1,0.9552536174526213,24
MAT,Subject25,logistic_regression,0,0,0.030178808053808934,25
MAT,Subject25,logistic_regression,0,0,0.06808110623702743,25
MAT,Subject25,logistic_regression,0,0,0.0339060951990962,25
MAT,Subject25,logistic_regression,0,0,0.06535308173408681,25
MAT,Subject25,logistic_regression,0,0,0.0034664091172957818,25
MAT,Subject25,logistic_regression,0,0,0.01877522521504685,25
MAT,Subject25,logistic_regression,0,0,0.0034550225603846604,25
MAT,Subject25,logistic_regression,0,0,0.012064135029990378,25
MAT,Subject25,logistic_regression,0,0,0.00726148822944489,25
MAT,Subject25,logistic_regression,0,0,0.005401565455270499,25
MAT,Subject25,logistic_regression,0,0,0.0036989340171899986,25
MAT,Subject25,logistic_regression,0,0,0.019385687604174303,25
MAT,Subject25,logistic_regression,0,0,0.02103603787773277,25
MAT,Subject25,logistic_regression,0,0,0.0026789057472916774,25
MAT,Subject25,logistic_regression,0,0,0.047837420306006136,25
MAT,Subject25,logistic_regression,0,0,0.043669112883219965,25
MAT,Subject25,logistic_regression,0,0,0.01455184625874199,25
MAT,Subject25,logistic_regression,0,0,0.018327476412257623,25
MAT,Subject25,logistic_regression,0,0,0.012261952907991177,25
MAT,Subject25,logistic_regression,0,0,0.004713924336293471,25
MAT,Subject25,logistic_regression,0,0,0.00686330570967021,25
MAT,Subject25,logistic_regression,0,0,0.0032103577850688446,25
MAT,Subject25,logistic_regression,0,0,0.0020826148291741464,25
MAT,Subject25,logistic_regression,0,0,0.008560984977504418,25
MAT,Subject25,logistic_regression,0,0,0.029909003860645284,25
MAT,Subject25,logistic_regression,0,0,0.004745565522388543,25
MAT,Subject25,logistic_regression,0,0,0.03550171017500922,25
MAT,Subject25,logistic_regression,0,0,0.08672787542695504,25
MAT,Subject25,logistic_regression,0,0,0.05551131291575658,25
MAT,Subject25,logistic_regression,0,0,0.010830080055972727,25
MAT,Subject25,logistic_regression,0,0,0.0055036205424030685,25
MAT,Subject25,logistic_regression,0,0,0.008040536276710825,25
MAT,Subject25,logistic_regression,0,0,0.0673679760869437,25
MAT,Subject25,logistic_regression,0,0,0.13415870590731913,25
MAT,Subject25,logistic_regression,0,0,0.0656989605783098,25
MAT,Subject25,logistic_regression,0,0,0.021563309460885333,25
MAT,Subject25,logistic_regression,0,0,0.026240599779615226,25
MAT,Subject25,logistic_regression,0,0,0.10544297727016676,25
MAT,Subject25,logistic_regression,0,0,0.087874254552973,25
MAT,Subject25,logistic_regression,0,0,0.2764278181278706,25
MAT,Subject25,logistic_regression,0,0,0.06328879909385161,25
MAT,Subject25,logistic_regression,0,0,0.011772363702995342,25
MAT,Subject25,logistic_regression,0,0,0.01118910905755619,25
MAT,Subject25,logistic_regression,0,0,0.005043001219179733,25
MAT,Subject25,logistic_regression,0,0,0.06413512259982092,25
MAT,Subject25,logistic_regression,0,0,0.11818548793541311,25
MAT,Subject25,logistic_regression,0,0,0.04187188586143922,25
MAT,Subject25,logistic_regression,0,0,0.050955028416997686,25
MAT,Subject25,logistic_regression,0,0,0.042797336803438696,25
MAT,Subject25,logistic_regression,0,0,0.0311285146279753,25
MAT,Subject25,logistic_regression,0,0,0.018477317062304214,25
MAT,Subject25,logistic_regression,0,0,0.013443305810930168,25
MAT,Subject25,logistic_regression,0,0,0.03800968406841967,25
MAT,Subject25,logistic_regression,0,0,0.010953089878840446,25
MAT,Subject25,logistic_regression,0,0,0.006328580448436511,25
MAT,Subject25,logistic_regression,0,0,0.015437256869109867,25
MAT,Subject25,logistic_regression,0,0,0.0458230181137865,25
MAT,Subject25,logistic_regression,0,0,0.38083397956197024,25
MAT,Subject25,logistic_regression,0,1,0.8862461120712829,25
MAT,Subject25,logistic_regression,0,0,0.14356883099594317,25
MAT,Subject25,logistic_regression,0,0,0.25822380531630035,25
MAT,Subject25,logistic_regression,0,0,0.08140671835061107,25
MAT,Subject25,logistic_regression,0,0,0.10012450149083735,25
MAT,Subject25,logistic_regression,0,0,0.0307904075341587,25
MAT,Subject25,logistic_regression,0,0,0.06545173266607482,25
MAT,Subject25,logistic_regression,0,0,0.009912184060604554,25
MAT,Subject25,logistic_regression,0,0,0.0006637867061952011,25
MAT,Subject25,logistic_regression,0,0,0.0006736263423934912,25
MAT,Subject25,logistic_regression,0,0,0.0018716602580047203,25
MAT,Subject25,logistic_regression,0,0,0.052443412157077145,25
MAT,Subject25,logistic_regression,0,0,0.04313558449606401,25
MAT,Subject25,logistic_regression,0,0,0.05277334572027985,25
MAT,Subject25,logistic_regression,0,0,0.00614711828166442,25
MAT,Subject25,logistic_regression,0,0,0.02188263124604773,25
MAT,Subject25,logistic_regression,0,0,0.006999276538514194,25
MAT,Subject25,logistic_regression,0,0,0.012227371151435207,25
MAT,Subject25,logistic_regression,0,0,0.019433736967306506,25
MAT,Subject25,logistic_regression,0,0,0.17416147225510556,25
MAT,Subject25,logistic_regression,0,0,0.015573571403253402,25
MAT,Subject25,logistic_regression,0,0,0.003844041106044276,25
MAT,Subject25,logistic_regression,0,0,0.016861219516044638,25
MAT,Subject25,logistic_regression,0,0,0.004198122211468706,25
MAT,Subject25,logistic_regression,0,0,0.0007040209243101216,25
MAT,Subject25,logistic_regression,0,0,0.0005394165540583712,25
MAT,Subject25,logistic_regression,0,0,0.0016315991360831962,25
MAT,Subject25,logistic_regression,0,0,0.01390616572923591,25
MAT,Subject25,logistic_regression,0,0,0.006724484511418864,25
MAT,Subject25,logistic_regression,0,0,0.008577549832958425,25
MAT,Subject25,logistic_regression,0,0,0.0018689956490231135,25
MAT,Subject25,logistic_regression,0,0,0.29569581700602143,25
MAT,Subject25,logistic_regression,1,0,0.4899368764860229,25
MAT,Subject25,logistic_regression,1,0,0.3708757499058928,25
MAT,Subject25,logistic_regression,1,0,0.4166377575140552,25
MAT,Subject25,logistic_regression,1,1,0.6262163666598358,25
MAT,Subject25,logistic_regression,1,0,0.2924086376177285,25
MAT,Subject25,logistic_regression,1,0,0.17710826009405742,25
MAT,Subject25,logistic_regression,1,0,0.15443936435986305,25
MAT,Subject25,logistic_regression,1,0,0.3572863939880739,25
MAT,Subject25,logistic_regression,1,0,0.3805044759699653,25
MAT,Subject25,logistic_regression,1,1,0.9610896145598358,25
MAT,Subject25,logistic_regression,1,1,0.6763862459150476,25
MAT,Subject25,logistic_regression,1,0,0.09327932864342765,25
MAT,Subject25,logistic_regression,1,0,0.049765429813073504,25
MAT,Subject25,logistic_regression,1,0,0.04661679031420696,25
MAT,Subject25,logistic_regression,1,0,0.12113193910402312,25
MAT,Subject25,logistic_regression,1,0,0.018405519923728974,25
MAT,Subject25,logistic_regression,1,0,0.08396673611335718,25
MAT,Subject25,logistic_regression,1,0,0.2197049985228573,25
MAT,Subject25,logistic_regression,1,1,0.997130810701814,25
MAT,Subject25,logistic_regression,1,1,0.9997992978935445,25
MAT,Subject25,logistic_regression,1,0,0.012459053061139804,25
MAT,Subject25,logistic_regression,1,0,0.23099637803056225,25
MAT,Subject25,logistic_regression,1,0,0.054583159386381766,25
MAT,Subject25,logistic_regression,1,0,0.4735313805454341,25
MAT,Subject25,logistic_regression,1,1,0.9984451632011128,25
MAT,Subject25,logistic_regression,1,0,0.2646248642275448,25
MAT,Subject25,logistic_regression,1,0,0.01772213542633969,25
MAT,Subject25,logistic_regression,1,0,0.22408767307898222,25
MAT,Subject25,logistic_regression,1,0,0.3204130460577397,25
MAT,Subject25,logistic_regression,1,1,0.8398651888917623,25
MAT,Subject26,logistic_regression,0,1,0.9949802227968368,26
MAT,Subject26,logistic_regression,0,1,0.9993406781625308,26
MAT,Subject26,logistic_regression,0,1,0.9579065768139737,26
MAT,Subject26,logistic_regression,0,0,0.11974174047160994,26
MAT,Subject26,logistic_regression,0,0,0.2418600369751845,26
MAT,Subject26,logistic_regression,0,0,0.03372973283534294,26
MAT,Subject26,logistic_regression,0,0,0.08559531537995063,26
MAT,Subject26,logistic_regression,0,0,0.08732190656176765,26
MAT,Subject26,logistic_regression,0,0,0.011730547973120913,26
MAT,Subject26,logistic_regression,0,0,0.0064832626056744195,26
MAT,Subject26,logistic_regression,0,0,0.005733454998144605,26
MAT,Subject26,logistic_regression,0,0,0.007167407775616224,26
MAT,Subject26,logistic_regression,0,0,0.020008941126559435,26
MAT,Subject26,logistic_regression,0,0,0.08537097265918765,26
MAT,Subject26,logistic_regression,0,0,0.22363681893947948,26
MAT,Subject26,logistic_regression,0,0,0.04554584515472934,26
MAT,Subject26,logistic_regression,0,0,0.03642370256968897,26
MAT,Subject26,logistic_regression,0,0,0.04075004012734112,26
MAT,Subject26,logistic_regression,0,0,0.009861414664587132,26
MAT,Subject26,logistic_regression,0,0,0.004949410003790645,26
MAT,Subject26,logistic_regression,0,0,0.0031976863305459534,26
MAT,Subject26,logistic_regression,0,0,0.15812892115538976,26
MAT,Subject26,logistic_regression,0,1,0.8618506365195535,26
MAT,Subject26,logistic_regression,0,0,0.4522458138861541,26
MAT,Subject26,logistic_regression,0,0,0.08939552831196258,26
MAT,Subject26,logistic_regression,0,0,0.142031288445558,26
MAT,Subject26,logistic_regression,0,0,0.16809154780835667,26
MAT,Subject26,logistic_regression,0,0,0.050645428716691046,26
MAT,Subject26,logistic_regression,0,0,0.03824523614347043,26
MAT,Subject26,logistic_regression,0,0,0.341954726233383,26
MAT,Subject26,logistic_regression,0,0,0.4525933562733282,26
MAT,Subject26,logistic_regression,0,1,0.50911543873792,26
MAT,Subject26,logistic_regression,0,0,0.35592527677997665,26
MAT,Subject26,logistic_regression,0,1,0.5251528101735367,26
MAT,Subject26,logistic_regression,0,0,0.0565574280059665,26
MAT,Subject26,logistic_regression,0,0,0.04727190483772723,26
MAT,Subject26,logistic_regression,0,0,0.06163092325535634,26
MAT,Subject26,logistic_regression,0,0,0.15692093191250955,26
MAT,Subject26,logistic_regression,0,1,0.5098359928352485,26
MAT,Subject26,logistic_regression,0,0,0.2602214569107236,26
MAT,Subject26,logistic_regression,0,0,0.050391704423339984,26
MAT,Subject26,logistic_regression,0,0,0.47295808744190654,26
MAT,Subject26,logistic_regression,0,0,0.3274503533152151,26
MAT,Subject26,logistic_regression,0,1,0.8085337624166847,26
MAT,Subject26,logistic_regression,0,1,0.571091034944014,26
MAT,Subject26,logistic_regression,0,0,0.05656620653028641,26
MAT,Subject26,logistic_regression,0,0,0.48152458067479764,26
MAT,Subject26,logistic_regression,0,0,0.20810032666061762,26
MAT,Subject26,logistic_regression,0,0,0.019882021955555457,26
MAT,Subject26,logistic_regression,0,0,0.0010360347372214349,26
MAT,Subject26,logistic_regression,0,0,0.13106892912352103,26
MAT,Subject26,logistic_regression,0,0,0.363172092919037,26
MAT,Subject26,logistic_regression,0,0,0.11844736365963217,26
MAT,Subject26,logistic_regression,0,0,0.12990676118977634,26
MAT,Subject26,logistic_regression,0,0,0.4453918224743215,26
MAT,Subject26,logistic_regression,0,0,0.09291559316290895,26
MAT,Subject26,logistic_regression,0,0,0.008002624945334874,26
MAT,Subject26,logistic_regression,0,0,0.07227989283787441,26
MAT,Subject26,logistic_regression,0,1,0.6142079246594963,26
MAT,Subject26,logistic_regression,0,0,0.11211173093287907,26
MAT,Subject26,logistic_regression,0,0,0.06677329964974656,26
MAT,Subject26,logistic_regression,0,0,0.09927604596832036,26
MAT,Subject26,logistic_regression,0,0,0.07906701439500742,26
MAT,Subject26,logistic_regression,0,0,0.04387162343813279,26
MAT,Subject26,logistic_regression,0,0,0.010530682874928018,26
MAT,Subject26,logistic_regression,0,0,0.020949207658484008,26
MAT,Subject26,logistic_regression,0,0,0.048139240817526956,26
MAT,Subject26,logistic_regression,0,0,0.07177376919193797,26
MAT,Subject26,logistic_regression,0,0,0.04804434104845087,26
MAT,Subject26,logistic_regression,0,0,0.0017580065403926804,26
MAT,Subject26,logistic_regression,0,0,0.03225635721924069,26
MAT,Subject26,logistic_regression,0,0,0.051458051884148995,26
MAT,Subject26,logistic_regression,0,0,0.02660719379254458,26
MAT,Subject26,logistic_regression,0,0,0.1660053329387392,26
MAT,Subject26,logistic_regression,0,0,0.49623848880252563,26
MAT,Subject26,logistic_regression,0,0,0.24926512434098894,26
MAT,Subject26,logistic_regression,0,0,0.04892264497819519,26
MAT,Subject26,logistic_regression,0,0,0.00790523214240984,26
MAT,Subject26,logistic_regression,0,0,0.03221008109084174,26
MAT,Subject26,logistic_regression,0,0,0.06351444974427908,26
MAT,Subject26,logistic_regression,0,0,0.42937595145996976,26
MAT,Subject26,logistic_regression,0,0,0.03492723567052604,26
MAT,Subject26,logistic_regression,0,0,0.007013391923906539,26
MAT,Subject26,logistic_regression,0,0,0.07192637173514348,26
MAT,Subject26,logistic_regression,0,0,0.36219805254951726,26
MAT,Subject26,logistic_regression,0,0,0.42039820711066045,26
MAT,Subject26,logistic_regression,0,0,0.23156160379843585,26
MAT,Subject26,logistic_regression,0,0,0.07124462068149051,26
MAT,Subject26,logistic_regression,0,0,0.019760984557402,26
MAT,Subject26,logistic_regression,0,0,0.21890611215956793,26
MAT,Subject26,logistic_regression,1,0,0.4823433211353687,26
MAT,Subject26,logistic_regression,1,1,0.8477317808455658,26
MAT,Subject26,logistic_regression,1,0,0.12907648604724703,26
MAT,Subject26,logistic_regression,1,0,0.019685303425372856,26
MAT,Subject26,logistic_regression,1,0,0.2032587479144396,26
MAT,Subject26,logistic_regression,1,1,0.673858180542001,26
MAT,Subject26,logistic_regression,1,1,0.6347021211984352,26
MAT,Subject26,logistic_regression,1,1,0.9419188242619888,26
MAT,Subject26,logistic_regression,1,1,0.6946766425166675,26
MAT,Subject26,logistic_regression,1,1,0.7271182427849004,26
MAT,Subject26,logistic_regression,1,1,0.5971814955871361,26
MAT,Subject26,logistic_regression,1,0,0.3713687217091347,26
MAT,Subject26,logistic_regression,1,1,0.8660687932105149,26
MAT,Subject26,logistic_regression,1,1,0.9982622593742195,26
MAT,Subject26,logistic_regression,1,1,0.998576485022828,26
MAT,Subject26,logistic_regression,1,0,0.41897777219554216,26
MAT,Subject26,logistic_regression,1,0,0.17609840130628604,26
MAT,Subject26,logistic_regression,1,0,0.3856481904863242,26
MAT,Subject26,logistic_regression,1,0,0.146386118127323,26
MAT,Subject26,logistic_regression,1,0,0.12871539047612712,26
MAT,Subject26,logistic_regression,1,0,0.13974905224878914,26
MAT,Subject26,logistic_regression,1,1,0.5190096460924668,26
MAT,Subject26,logistic_regression,1,0,0.2928575611727427,26
MAT,Subject26,logistic_regression,1,1,0.9165506906012528,26
MAT,Subject26,logistic_regression,1,1,0.9999756439134865,26
MAT,Subject26,logistic_regression,1,1,0.9321046251600542,26
MAT,Subject26,logistic_regression,1,0,0.10608190646974193,26
MAT,Subject26,logistic_regression,1,0,0.37012447198573134,26
MAT,Subject26,logistic_regression,1,1,0.9133162230291986,26
MAT,Subject26,logistic_regression,1,1,0.9586347940246309,26
MAT,Subject27,logistic_regression,0,0,0.3463626698048194,27
MAT,Subject27,logistic_regression,0,0,0.4043227294981858,27
MAT,Subject27,logistic_regression,0,1,0.8887451916533715,27
MAT,Subject27,logistic_regression,0,1,0.7225175017355228,27
MAT,Subject27,logistic_regression,0,0,0.31137238230833214,27
MAT,Subject27,logistic_regression,0,0,0.23386058678097127,27
MAT,Subject27,logistic_regression,0,1,0.6824781106880755,27
MAT,Subject27,logistic_regression,0,1,0.7566944279221023,27
MAT,Subject27,logistic_regression,0,1,0.9457054911629423,27
MAT,Subject27,logistic_regression,0,0,0.23143890211552062,27
MAT,Subject27,logistic_regression,0,0,0.06367616744512765,27
MAT,Subject27,logistic_regression,0,0,0.2612224060717526,27
MAT,Subject27,logistic_regression,0,1,0.9373681962486806,27
MAT,Subject27,logistic_regression,0,1,0.9854317072922205,27
MAT,Subject27,logistic_regression,0,1,0.7362940665758662,27
MAT,Subject27,logistic_regression,0,1,0.8700479675041901,27
MAT,Subject27,logistic_regression,0,1,0.8890117395924237,27
MAT,Subject27,logistic_regression,0,1,0.8736362055760059,27
MAT,Subject27,logistic_regression,0,0,0.4248929408281526,27
MAT,Subject27,logistic_regression,0,1,0.7529693033841662,27
MAT,Subject27,logistic_regression,0,0,0.35358263715677885,27
MAT,Subject27,logistic_regression,0,0,0.05937335336416955,27
MAT,Subject27,logistic_regression,0,0,0.017204595625798354,27
MAT,Subject27,logistic_regression,0,0,0.4102152440905759,27
MAT,Subject27,logistic_regression,0,0,0.4817902307055136,27
MAT,Subject27,logistic_regression,0,0,0.07273716919469082,27
MAT,Subject27,logistic_regression,0,0,0.056339202567471505,27
MAT,Subject27,logistic_regression,0,0,0.4617900430864149,27
MAT,Subject27,logistic_regression,0,1,0.9504245762832789,27
MAT,Subject27,logistic_regression,0,1,0.9604821778864522,27
MAT,Subject27,logistic_regression,0,0,0.24216440607866704,27
MAT,Subject27,logistic_regression,0,0,0.11678353106512862,27
MAT,Subject27,logistic_regression,0,1,0.6443196382142234,27
MAT,Subject27,logistic_regression,0,1,0.6088511543375021,27
MAT,Subject27,logistic_regression,0,0,0.009981195352235158,27
MAT,Subject27,logistic_regression,0,0,0.41773599519334853,27
MAT,Subject27,logistic_regression,0,1,0.6154818673596044,27
MAT,Subject27,logistic_regression,0,0,0.26226886264507193,27
MAT,Subject27,logistic_regression,0,0,0.41516975432757836,27
MAT,Subject27,logistic_regression,0,1,0.9890231219689384,27
MAT,Subject27,logistic_regression,0,0,0.4771341149443361,27
MAT,Subject27,logistic_regression,0,1,0.8638016287126428,27
MAT,Subject27,logistic_regression,0,1,0.8065943090010157,27
MAT,Subject27,logistic_regression,0,1,0.5849912020365421,27
MAT,Subject27,logistic_regression,0,1,0.8008760636490267,27
MAT,Subject27,logistic_regression,0,1,0.9320363579079052,27
MAT,Subject27,logistic_regression,0,1,0.9442259494289388,27
MAT,Subject27,logistic_regression,0,1,0.9731014667200942,27
MAT,Subject27,logistic_regression,0,0,0.3317932595692924,27
MAT,Subject27,logistic_regression,0,1,0.5032046310663485,27
MAT,Subject27,logistic_regression,0,1,0.7650675459639715,27
MAT,Subject27,logistic_regression,0,0,0.1027237692466378,27
MAT,Subject27,logistic_regression,0,0,0.11930385899428564,27
MAT,Subject27,logistic_regression,0,1,0.7791099739296469,27
MAT,Subject27,logistic_regression,0,0,0.10214008627251435,27
MAT,Subject27,logistic_regression,0,0,0.03679722379220992,27
MAT,Subject27,logistic_regression,0,0,0.09371637278116426,27
MAT,Subject27,logistic_regression,0,0,0.2748275931808688,27
MAT,Subject27,logistic_regression,0,0,0.27506700189796246,27
MAT,Subject27,logistic_regression,0,1,0.8125636373367441,27
MAT,Subject27,logistic_regression,0,0,0.4930148516391073,27
MAT,Subject27,logistic_regression,0,0,0.322181451704428,27
MAT,Subject27,logistic_regression,0,1,0.7036574938010579,27
MAT,Subject27,logistic_regression,0,0,0.31655428029410954,27
MAT,Subject27,logistic_regression,0,0,0.050568989475242666,27
MAT,Subject27,logistic_regression,0,0,0.4348879262720665,27
MAT,Subject27,logistic_regression,0,1,0.9701067499312431,27
MAT,Subject27,logistic_regression,0,1,0.8551315358122064,27
MAT,Subject27,logistic_regression,0,1,0.9340037345377169,27
MAT,Subject27,logistic_regression,0,1,0.949933406349004,27
MAT,Subject27,logistic_regression,0,1,0.8992861702831126,27
MAT,Subject27,logistic_regression,0,1,0.5727336635583324,27
MAT,Subject27,logistic_regression,0,0,0.024793832670245885,27
MAT,Subject27,logistic_regression,0,0,0.029739994058780778,27
MAT,Subject27,logistic_regression,0,1,0.931824878429589,27
MAT,Subject27,logistic_regression,0,1,0.9231458194646223,27
MAT,Subject27,logistic_regression,0,1,0.8618382995458304,27
MAT,Subject27,logistic_regression,0,1,0.6511312154692638,27
MAT,Subject27,logistic_regression,0,1,0.8402237691066535,27
MAT,Subject27,logistic_regression,0,0,0.1459886243170583,27
MAT,Subject27,logistic_regression,0,0,0.10047974609232453,27
MAT,Subject27,logistic_regression,0,0,0.3187210895674905,27
MAT,Subject27,logistic_regression,0,1,0.8345711639636876,27
MAT,Subject27,logistic_regression,0,1,0.8458874562118509,27
MAT,Subject27,logistic_regression,0,1,0.9690690904178637,27
MAT,Subject27,logistic_regression,0,1,0.9939873093694537,27
MAT,Subject27,logistic_regression,0,1,0.5451452168224044,27
MAT,Subject27,logistic_regression,0,0,0.404413560303004,27
MAT,Subject27,logistic_regression,0,1,0.7689564354007068,27
MAT,Subject27,logistic_regression,0,1,0.999826487758551,27
MAT,Subject27,logistic_regression,1,1,0.9067042020374315,27
MAT,Subject27,logistic_regression,1,1,0.957479159781726,27
MAT,Subject27,logistic_regression,1,1,0.8484272849327841,27
MAT,Subject27,logistic_regression,1,1,0.8614381855032383,27
MAT,Subject27,logistic_regression,1,1,0.7867961577821632,27
MAT,Subject27,logistic_regression,1,1,0.9957091574918621,27
MAT,Subject27,logistic_regression,1,1,0.9966962260531562,27
MAT,Subject27,logistic_regression,1,1,0.7967429218367011,27
MAT,Subject27,logistic_regression,1,1,0.8477237477523294,27
MAT,Subject27,logistic_regression,1,1,0.9484632752761577,27
MAT,Subject27,logistic_regression,1,1,0.9903681610892191,27
MAT,Subject27,logistic_regression,1,1,0.9554377822059809,27
MAT,Subject27,logistic_regression,1,1,0.9091064978119219,27
MAT,Subject27,logistic_regression,1,1,0.6442029708876544,27
MAT,Subject27,logistic_regression,1,1,0.9191194017549259,27
MAT,Subject27,logistic_regression,1,1,0.9901447329060569,27
MAT,Subject27,logistic_regression,1,1,0.9933987650053326,27
MAT,Subject27,logistic_regression,1,1,0.9847495023752753,27
MAT,Subject27,logistic_regression,1,1,0.8816343748666512,27
MAT,Subject27,logistic_regression,1,1,0.8349372514420237,27
MAT,Subject27,logistic_regression,1,1,0.8317741699836394,27
MAT,Subject27,logistic_regression,1,1,0.995443618143918,27
MAT,Subject27,logistic_regression,1,1,0.9989529668131464,27
MAT,Subject27,logistic_regression,1,1,0.9784789215167524,27
MAT,Subject27,logistic_regression,1,1,0.9751355038341532,27
MAT,Subject27,logistic_regression,1,1,0.615872579668009,27
MAT,Subject27,logistic_regression,1,1,0.9980076795532088,27
MAT,Subject27,logistic_regression,1,0,0.0006256943871781151,27
MAT,Subject27,logistic_regression,1,1,0.945567616184882,27
MAT,Subject27,logistic_regression,1,1,0.7478290995774277,27
MAT,Subject28,logistic_regression,0,0,0.16885192929967519,28
MAT,Subject28,logistic_regression,0,0,0.3711578696072453,28
MAT,Subject28,logistic_regression,0,0,0.14176473353579913,28
MAT,Subject28,logistic_regression,0,0,0.43161056745152193,28
MAT,Subject28,logistic_regression,0,0,0.27999320484550666,28
MAT,Subject28,logistic_regression,0,1,0.8148060277868696,28
MAT,Subject28,logistic_regression,0,1,0.9897162137900865,28
MAT,Subject28,logistic_regression,0,0,0.2760524573338971,28
MAT,Subject28,logistic_regression,0,0,0.05625824859957363,28
MAT,Subject28,logistic_regression,0,0,0.07595624676473071,28
MAT,Subject28,logistic_regression,0,0,0.0006206977998077085,28
MAT,Subject28,logistic_regression,0,0,0.002334466409949827,28
MAT,Subject28,logistic_regression,0,0,0.0028620825048718645,28
MAT,Subject28,logistic_regression,0,0,0.08404749224455925,28
MAT,Subject28,logistic_regression,0,0,0.13413736456413342,28
MAT,Subject28,logistic_regression,0,0,0.11578550314195606,28
MAT,Subject28,logistic_regression,0,0,0.01553871520680286,28
MAT,Subject28,logistic_regression,0,0,0.008610551334768296,28
MAT,Subject28,logistic_regression,0,0,0.013764437177079973,28
MAT,Subject28,logistic_regression,0,0,0.04119857349502979,28
MAT,Subject28,logistic_regression,0,0,0.02046970087724315,28
MAT,Subject28,logistic_regression,0,0,0.008234682847255323,28
MAT,Subject28,logistic_regression,0,0,0.004726998640695995,28
MAT,Subject28,logistic_regression,0,0,0.010734783159925473,28
MAT,Subject28,logistic_regression,0,0,0.01392341862321926,28
MAT,Subject28,logistic_regression,0,0,0.13894072155717627,28
MAT,Subject28,logistic_regression,0,0,0.05657214073154115,28
MAT,Subject28,logistic_regression,0,0,0.025459379672947684,28
MAT,Subject28,logistic_regression,0,0,0.17107539615362238,28
MAT,Subject28,logistic_regression,0,1,0.5449737022103373,28
MAT,Subject28,logistic_regression,0,1,0.548048150793896,28
MAT,Subject28,logistic_regression,0,0,0.40100880910377795,28
MAT,Subject28,logistic_regression,0,0,0.402461878061193,28
MAT,Subject28,logistic_regression,0,0,0.0974132073761306,28
MAT,Subject28,logistic_regression,0,0,0.04608216617194234,28
MAT,Subject28,logistic_regression,0,1,0.7732980992976732,28
MAT,Subject28,logistic_regression,0,0,0.20739403094778305,28
MAT,Subject28,logistic_regression,0,0,0.11133039964538309,28
MAT,Subject28,logistic_regression,0,0,0.02063049434556447,28
MAT,Subject28,logistic_regression,0,0,0.03101589226362105,28
MAT,Subject28,logistic_regression,0,0,0.0844910804853366,28
MAT,Subject28,logistic_regression,0,0,0.0028273357951111282,28
MAT,Subject28,logistic_regression,0,0,0.002727546514071254,28
MAT,Subject28,logistic_regression,0,0,0.005205760388355464,28
MAT,Subject28,logistic_regression,0,0,0.0356098828290423,28
MAT,Subject28,logistic_regression,0,0,0.10116195332516596,28
MAT,Subject28,logistic_regression,0,0,0.0015128966332070058,28
MAT,Subject28,logistic_regression,0,0,0.43532105810121485,28
MAT,Subject28,logistic_regression,0,0,0.4603361382759756,28
MAT,Subject28,logistic_regression,0,0,0.0639953291276918,28
MAT,Subject28,logistic_regression,0,0,0.056199336976148165,28
MAT,Subject28,logistic_regression,0,0,0.11949883914081111,28
MAT,Subject28,logistic_regression,0,0,0.1374410734849528,28
MAT,Subject28,logistic_regression,0,1,0.5627619905006563,28
MAT,Subject28,logistic_regression,0,0,0.0962661201133785,28
MAT,Subject28,logistic_regression,0,0,0.05802008898369328,28
MAT,Subject28,logistic_regression,0,0,0.11840374070970937,28
MAT,Subject28,logistic_regression,0,0,0.018657974006575595,28
MAT,Subject28,logistic_regression,0,0,0.011657320278063404,28
MAT,Subject28,logistic_regression,0,0,0.09878787382764798,28
MAT,Subject28,logistic_regression,0,0,0.1481509624808738,28
MAT,Subject28,logistic_regression,0,0,0.02736383641409547,28
MAT,Subject28,logistic_regression,0,0,0.3347130323729427,28
MAT,Subject28,logistic_regression,0,0,0.024888263424842235,28
MAT,Subject28,logistic_regression,0,0,0.03425853480565083,28
MAT,Subject28,logistic_regression,0,0,0.3092864007684203,28
MAT,Subject28,logistic_regression,0,0,0.39255681914355184,28
MAT,Subject28,logistic_regression,0,0,0.4031700258647843,28
MAT,Subject28,logistic_regression,0,0,3.769290804866488e-05,28
MAT,Subject28,logistic_regression,0,0,3.944511223229757e-07,28
MAT,Subject28,logistic_regression,0,0,4.531462069733355e-08,28
MAT,Subject28,logistic_regression,0,0,0.02920703414745817,28
MAT,Subject28,logistic_regression,0,0,0.01291547418333737,28
MAT,Subject28,logistic_regression,0,0,0.01109963423315485,28
MAT,Subject28,logistic_regression,0,0,0.005195555768629689,28
MAT,Subject28,logistic_regression,0,0,0.03023484733282002,28
MAT,Subject28,logistic_regression,0,0,0.22665500957733728,28
MAT,Subject28,logistic_regression,0,0,0.0026055233392778326,28
MAT,Subject28,logistic_regression,0,0,0.009793121489356236,28
MAT,Subject28,logistic_regression,0,0,0.27131127572997504,28
MAT,Subject28,logistic_regression,0,0,0.1588145367232166,28
MAT,Subject28,logistic_regression,0,0,0.01770845713817488,28
MAT,Subject28,logistic_regression,0,0,0.37673366562007476,28
MAT,Subject28,logistic_regression,0,0,0.21112032792736324,28
MAT,Subject28,logistic_regression,0,0,0.23241769083613933,28
MAT,Subject28,logistic_regression,0,0,0.05480980444157432,28
MAT,Subject28,logistic_regression,0,0,0.0004628250128600794,28
MAT,Subject28,logistic_regression,0,0,0.011454068607148864,28
MAT,Subject28,logistic_regression,0,0,0.01603678488737678,28
MAT,Subject28,logistic_regression,0,0,0.10125094419594056,28
MAT,Subject28,logistic_regression,1,1,0.9968774074138443,28
MAT,Subject28,logistic_regression,1,1,0.9995250262068196,28
MAT,Subject28,logistic_regression,1,1,0.9939321444585935,28
MAT,Subject28,logistic_regression,1,1,0.9997846804430968,28
MAT,Subject28,logistic_regression,1,1,0.9908831580609068,28
MAT,Subject28,logistic_regression,1,1,0.8286845255673587,28
MAT,Subject28,logistic_regression,1,1,0.9753053211456789,28
MAT,Subject28,logistic_regression,1,1,0.9932319192638055,28
MAT,Subject28,logistic_regression,1,1,0.978950983862161,28
MAT,Subject28,logistic_regression,1,1,0.9987891552730666,28
MAT,Subject28,logistic_regression,1,1,0.9883776189726005,28
MAT,Subject28,logistic_regression,1,1,0.999672399070516,28
MAT,Subject28,logistic_regression,1,1,0.7655860536530622,28
MAT,Subject28,logistic_regression,1,1,0.925836908279945,28
MAT,Subject28,logistic_regression,1,1,0.9735880996465346,28
MAT,Subject28,logistic_regression,1,1,0.9974287911665048,28
MAT,Subject28,logistic_regression,1,1,0.9991189904683758,28
MAT,Subject28,logistic_regression,1,1,0.9338799908686919,28
MAT,Subject28,logistic_regression,1,1,0.9880811125734883,28
MAT,Subject28,logistic_regression,1,1,0.9997171958300661,28
MAT,Subject28,logistic_regression,1,1,0.9971825984524464,28
MAT,Subject28,logistic_regression,1,1,0.8444451526074248,28
MAT,Subject28,logistic_regression,1,1,0.8909935507290354,28
MAT,Subject28,logistic_regression,1,1,0.998699588334835,28
MAT,Subject28,logistic_regression,1,1,0.9952069484039288,28
MAT,Subject28,logistic_regression,1,1,0.9952840131707111,28
MAT,Subject28,logistic_regression,1,1,0.9997499511776984,28
MAT,Subject28,logistic_regression,1,1,0.8180078894531243,28
MAT,Subject28,logistic_regression,1,0,0.34294125378490614,28
MAT,Subject28,logistic_regression,1,0,0.19306915629609403,28
MAT,Subject29,logistic_regression,0,0,0.019981190363597648,29
MAT,Subject29,logistic_regression,0,0,0.007085146529808348,29
MAT,Subject29,logistic_regression,0,0,0.0653604283507454,29
MAT,Subject29,logistic_regression,0,1,0.7964040777452341,29
MAT,Subject29,logistic_regression,0,0,0.2502270814653575,29
MAT,Subject29,logistic_regression,0,0,0.0012844870211838198,29
MAT,Subject29,logistic_regression,0,0,0.001979515154492315,29
MAT,Subject29,logistic_regression,0,0,0.00572845298298299,29
MAT,Subject29,logistic_regression,0,0,0.0004819916323274822,29
MAT,Subject29,logistic_regression,0,0,0.05172549858617215,29
MAT,Subject29,logistic_regression,0,0,0.2351008778363671,29
MAT,Subject29,logistic_regression,0,0,0.08953921795138799,29
MAT,Subject29,logistic_regression,0,1,0.7104250637225105,29
MAT,Subject29,logistic_regression,0,0,0.0757266826212349,29
MAT,Subject29,logistic_regression,0,1,0.8363713052371499,29
MAT,Subject29,logistic_regression,0,1,0.7158824630489523,29
MAT,Subject29,logistic_regression,0,0,0.1293422989974405,29
MAT,Subject29,logistic_regression,0,0,0.04487544747722467,29
MAT,Subject29,logistic_regression,0,0,0.05204707660769172,29
MAT,Subject29,logistic_regression,0,0,0.037953288740163835,29
MAT,Subject29,logistic_regression,0,0,0.014220837778159887,29
MAT,Subject29,logistic_regression,0,0,0.013555821537668235,29
MAT,Subject29,logistic_regression,0,0,0.0175003097506016,29
MAT,Subject29,logistic_regression,0,0,0.02448531354919415,29
MAT,Subject29,logistic_regression,0,0,0.05111928045529707,29
MAT,Subject29,logistic_regression,0,0,0.0052983917195026245,29
MAT,Subject29,logistic_regression,0,0,0.006932126817243467,29
MAT,Subject29,logistic_regression,0,0,0.00805564969387596,29
MAT,Subject29,logistic_regression,0,0,0.012294263577067697,29
MAT,Subject29,logistic_regression,0,0,0.09978983697588338,29
MAT,Subject29,logistic_regression,0,0,0.005039139332994483,29
MAT,Subject29,logistic_regression,0,0,0.0058080141890520616,29
MAT,Subject29,logistic_regression,0,0,0.21151615396907716,29
MAT,Subject29,logistic_regression,0,0,0.07568382249161905,29
MAT,Subject29,logistic_regression,0,0,0.08510972661455285,29
MAT,Subject29,logistic_regression,0,0,0.3104970907328914,29
MAT,Subject29,logistic_regression,0,0,0.07949285175595634,29
MAT,Subject29,logistic_regression,0,0,0.04499368191103751,29
MAT,Subject29,logistic_regression,0,0,0.0192148563144231,29
MAT,Subject29,logistic_regression,0,0,0.01648177599169406,29
MAT,Subject29,logistic_regression,0,0,0.057446813528915466,29
MAT,Subject29,logistic_regression,0,0,0.03300566161017576,29
MAT,Subject29,logistic_regression,0,0,0.13572271435109373,29
MAT,Subject29,logistic_regression,0,0,0.17156635538748333,29
MAT,Subject29,logistic_regression,0,0,0.23798457197164585,29
MAT,Subject29,logistic_regression,0,0,0.023492447799481092,29
MAT,Subject29,logistic_regression,0,0,0.0064126512541033505,29
MAT,Subject29,logistic_regression,0,0,0.029171181878792123,29
MAT,Subject29,logistic_regression,0,0,0.010302951902697527,29
MAT,Subject29,logistic_regression,0,0,0.00740709112721011,29
MAT,Subject29,logistic_regression,0,0,0.02851463009782977,29
MAT,Subject29,logistic_regression,0,0,0.011084782206166757,29
MAT,Subject29,logistic_regression,0,0,0.10148412235775471,29
MAT,Subject29,logistic_regression,0,0,0.39649617609155435,29
MAT,Subject29,logistic_regression,0,0,0.29289264936433945,29
MAT,Subject29,logistic_regression,0,0,0.3252546877905961,29
MAT,Subject29,logistic_regression,0,0,0.10325006245810775,29
MAT,Subject29,logistic_regression,0,0,0.005247046512604259,29
MAT,Subject29,logistic_regression,0,0,0.05175969244759604,29
MAT,Subject29,logistic_regression,0,0,0.15425900454729677,29
MAT,Subject29,logistic_regression,0,0,0.31992556097025926,29
MAT,Subject29,logistic_regression,0,0,0.022534938473670035,29
MAT,Subject29,logistic_regression,0,0,0.005371200038161148,29
MAT,Subject29,logistic_regression,0,0,0.04072484534254583,29
MAT,Subject29,logistic_regression,0,0,0.01623037562095151,29
MAT,Subject29,logistic_regression,0,0,0.006469146667697974,29
MAT,Subject29,logistic_regression,0,0,0.3755130299062302,29
MAT,Subject29,logistic_regression,0,0,0.17363091981899864,29
MAT,Subject29,logistic_regression,0,0,0.03385893376070625,29
MAT,Subject29,logistic_regression,0,0,0.03847074945071573,29
MAT,Subject29,logistic_regression,0,0,0.0545352538417641,29
MAT,Subject29,logistic_regression,0,0,0.04090186043286304,29
MAT,Subject29,logistic_regression,0,1,0.6857428818897117,29
MAT,Subject29,logistic_regression,0,1,0.7892062220850236,29
MAT,Subject29,logistic_regression,0,0,0.41261908651922374,29
MAT,Subject29,logistic_regression,0,0,0.032508575624215615,29
MAT,Subject29,logistic_regression,0,0,0.21447146240036208,29
MAT,Subject29,logistic_regression,0,0,0.05051808951786904,29
MAT,Subject29,logistic_regression,0,0,0.0779375054690607,29
MAT,Subject29,logistic_regression,0,1,0.5433201075560338,29
MAT,Subject29,logistic_regression,0,0,0.10449674451618596,29
MAT,Subject29,logistic_regression,0,0,0.0025899327409943324,29
MAT,Subject29,logistic_regression,0,0,0.00604104765506485,29
MAT,Subject29,logistic_regression,0,0,0.254715696476523,29
MAT,Subject29,logistic_regression,0,0,0.14856287065728074,29
MAT,Subject29,logistic_regression,0,0,0.01140412985430047,29
MAT,Subject29,logistic_regression,0,0,0.20445226258933258,29
MAT,Subject29,logistic_regression,0,1,0.8431911936859949,29
MAT,Subject29,logistic_regression,0,0,0.4702750289934905,29
MAT,Subject29,logistic_regression,0,0,0.001779386345130603,29
MAT,Subject29,logistic_regression,1,1,0.6736871478610634,29
MAT,Subject29,logistic_regression,1,1,0.5159476378589667,29
MAT,Subject29,logistic_regression,1,1,0.5020053206436595,29
MAT,Subject29,logistic_regression,1,0,0.42014177786218354,29
MAT,Subject29,logistic_regression,1,0,0.32748233138441446,29
MAT,Subject29,logistic_regression,1,0,0.14444430450326598,29
MAT,Subject29,logistic_regression,1,1,0.5646808058088059,29
MAT,Subject29,logistic_regression,1,1,0.7273393049222932,29
MAT,Subject29,logistic_regression,1,1,0.55753864551205,29
MAT,Subject29,logistic_regression,1,1,0.6126777873150924,29
MAT,Subject29,logistic_regression,1,1,0.7889510519639107,29
MAT,Subject29,logistic_regression,1,1,0.8509803523280876,29
MAT,Subject29,logistic_regression,1,1,0.6359636319785845,29
MAT,Subject29,logistic_regression,1,0,0.4074937499298103,29
MAT,Subject29,logistic_regression,1,1,0.9874313988069757,29
MAT,Subject29,logistic_regression,1,1,0.7745020021350386,29
MAT,Subject29,logistic_regression,1,0,0.049928579239285995,29
MAT,Subject29,logistic_regression,1,0,0.0540309203595401,29
MAT,Subject29,logistic_regression,1,0,0.13327192861234313,29
MAT,Subject29,logistic_regression,1,1,0.575437877580815,29
MAT,Subject29,logistic_regression,1,1,0.7129758437841871,29
MAT,Subject29,logistic_regression,1,1,0.7490383383483327,29
MAT,Subject29,logistic_regression,1,1,0.5400864206438424,29
MAT,Subject29,logistic_regression,1,0,0.40762388094126956,29
MAT,Subject29,logistic_regression,1,1,0.627426605815264,29
MAT,Subject29,logistic_regression,1,1,0.6823239042891869,29
MAT,Subject29,logistic_regression,1,1,0.6880446762763699,29
MAT,Subject29,logistic_regression,1,0,0.4952703581517984,29
MAT,Subject29,logistic_regression,1,1,0.612660226117325,29
MAT,Subject29,logistic_regression,1,1,0.9295640214010631,29
MAT,Subject30,logistic_regression,0,0,0.013019146214867067,30
MAT,Subject30,logistic_regression,0,0,0.01617445604160515,30
MAT,Subject30,logistic_regression,0,0,0.000941518042473825,30
MAT,Subject30,logistic_regression,0,0,0.0003656922100938167,30
MAT,Subject30,logistic_regression,0,0,0.0011677987446693727,30
MAT,Subject30,logistic_regression,0,0,5.568637773433759e-05,30
MAT,Subject30,logistic_regression,0,0,0.0003419644764450246,30
MAT,Subject30,logistic_regression,0,0,3.312256348071274e-05,30
MAT,Subject30,logistic_regression,0,0,0.0002542160947439762,30
MAT,Subject30,logistic_regression,0,0,0.002469327460887216,30
MAT,Subject30,logistic_regression,0,0,0.007082973451203072,30
MAT,Subject30,logistic_regression,0,0,0.007734582016054913,30
MAT,Subject30,logistic_regression,0,0,0.010958212625648821,30
MAT,Subject30,logistic_regression,0,0,0.0012178098399116012,30
MAT,Subject30,logistic_regression,0,0,0.005413109705773,30
MAT,Subject30,logistic_regression,0,0,0.001240993712531797,30
MAT,Subject30,logistic_regression,0,0,0.0003034763529329447,30
MAT,Subject30,logistic_regression,0,0,0.0006310616725241968,30
MAT,Subject30,logistic_regression,0,0,0.0006681417754738846,30
MAT,Subject30,logistic_regression,0,0,0.0004658619717401635,30
MAT,Subject30,logistic_regression,0,0,0.004325988851496112,30
MAT,Subject30,logistic_regression,0,0,0.01597398341171099,30
MAT,Subject30,logistic_regression,0,0,0.010481518015997195,30
MAT,Subject30,logistic_regression,0,0,0.007287514187390082,30
MAT,Subject30,logistic_regression,0,0,0.000886345902659647,30
MAT,Subject30,logistic_regression,0,0,0.000451189580762528,30
MAT,Subject30,logistic_regression,0,0,0.0045452572394349,30
MAT,Subject30,logistic_regression,0,0,0.007884713181779125,30
MAT,Subject30,logistic_regression,0,0,0.01116562183613099,30
MAT,Subject30,logistic_regression,0,0,0.04675464244498236,30
MAT,Subject30,logistic_regression,0,0,0.007433781702462423,30
MAT,Subject30,logistic_regression,0,0,0.0003615328801670733,30
MAT,Subject30,logistic_regression,0,0,0.0005247534387764524,30
MAT,Subject30,logistic_regression,0,0,0.00011961801084590968,30
MAT,Subject30,logistic_regression,0,0,3.601442116741417e-05,30
MAT,Subject30,logistic_regression,0,0,0.0006473133959521249,30
MAT,Subject30,logistic_regression,0,0,0.0029315084709669475,30
MAT,Subject30,logistic_regression,0,0,0.005434293738994001,30
MAT,Subject30,logistic_regression,0,0,0.0013700581214838897,30
MAT,Subject30,logistic_regression,0,0,0.000414965278687561,30
MAT,Subject30,logistic_regression,0,0,0.0012879237285741806,30
MAT,Subject30,logistic_regression,0,0,0.0018154152717255179,30
MAT,Subject30,logistic_regression,0,0,0.00016920086157739755,30
MAT,Subject30,logistic_regression,0,0,0.0006942281876332065,30
MAT,Subject30,logistic_regression,0,0,0.0004437136502644654,30
MAT,Subject30,logistic_regression,0,0,0.001173248361659601,30
MAT,Subject30,logistic_regression,0,0,0.0005280268144713911,30
MAT,Subject30,logistic_regression,0,0,0.0007224095909478916,30
MAT,Subject30,logistic_regression,0,0,0.0018339614777159018,30
MAT,Subject30,logistic_regression,0,0,0.015508597678060447,30
MAT,Subject30,logistic_regression,0,0,0.013444803086880628,30
MAT,Subject30,logistic_regression,0,0,0.00032777942065327534,30
MAT,Subject30,logistic_regression,0,0,0.00011015534575894749,30
MAT,Subject30,logistic_regression,0,0,0.0007808421284077907,30
MAT,Subject30,logistic_regression,0,0,0.0037245723427543685,30
MAT,Subject30,logistic_regression,0,0,0.006822004108460568,30
MAT,Subject30,logistic_regression,0,0,0.001101932723190322,30
MAT,Subject30,logistic_regression,0,0,0.0016006326981955696,30
MAT,Subject30,logistic_regression,0,0,0.0007843949535150283,30
MAT,Subject30,logistic_regression,0,0,0.0018839338199386356,30
MAT,Subject30,logistic_regression,0,0,0.0030961802106804315,30
MAT,Subject30,logistic_regression,0,0,0.0026396150233208,30
MAT,Subject30,logistic_regression,0,0,0.011124408368781334,30
MAT,Subject30,logistic_regression,0,0,0.02605211238168484,30
MAT,Subject30,logistic_regression,0,0,0.009322568011053377,30
MAT,Subject30,logistic_regression,0,0,0.01172511818719138,30
MAT,Subject30,logistic_regression,0,0,0.03288665462362321,30
MAT,Subject30,logistic_regression,0,0,0.019471864929461145,30
MAT,Subject30,logistic_regression,0,0,0.017933379362707964,30
MAT,Subject30,logistic_regression,0,0,0.0009071014764542481,30
MAT,Subject30,logistic_regression,0,0,0.0004432871061156995,30
MAT,Subject30,logistic_regression,0,0,0.005775485891646734,30
MAT,Subject30,logistic_regression,0,0,0.011882298429077124,30
MAT,Subject30,logistic_regression,0,0,0.010575335275782916,30
MAT,Subject30,logistic_regression,0,0,0.026546723413772982,30
MAT,Subject30,logistic_regression,0,0,0.0035484086476638204,30
MAT,Subject30,logistic_regression,0,0,0.009229843570238134,30
MAT,Subject30,logistic_regression,0,0,0.013072506909971856,30
MAT,Subject30,logistic_regression,0,0,0.05957946752967529,30
MAT,Subject30,logistic_regression,0,0,0.03667325789982882,30
MAT,Subject30,logistic_regression,0,0,0.04254308089917319,30
MAT,Subject30,logistic_regression,0,0,0.015758501444469282,30
MAT,Subject30,logistic_regression,0,0,0.012395512253211602,30
MAT,Subject30,logistic_regression,0,0,0.0165558418493128,30
MAT,Subject30,logistic_regression,0,0,0.002313106300732992,30
MAT,Subject30,logistic_regression,0,0,0.004603968146272542,30
MAT,Subject30,logistic_regression,0,0,0.0014372262549698358,30
MAT,Subject30,logistic_regression,0,0,0.00016355383843946888,30
MAT,Subject30,logistic_regression,0,0,0.00022198290744341332,30
MAT,Subject30,logistic_regression,0,0,0.0997644195307999,30
MAT,Subject30,logistic_regression,1,0,0.388121454324479,30
MAT,Subject30,logistic_regression,1,1,0.8778073331081269,30
MAT,Subject30,logistic_regression,1,1,0.8434728024377363,30
MAT,Subject30,logistic_regression,1,0,0.21936503701975377,30
MAT,Subject30,logistic_regression,1,0,0.008965165873706235,30
MAT,Subject30,logistic_regression,1,0,0.12280733891575069,30
MAT,Subject30,logistic_regression,1,1,0.5913733934827287,30
MAT,Subject30,logistic_regression,1,1,0.6671678908667208,30
MAT,Subject30,logistic_regression,1,0,0.08199030948464431,30
MAT,Subject30,logistic_regression,1,0,0.11266438411823333,30
MAT,Subject30,logistic_regression,1,0,0.29628339114155,30
MAT,Subject30,logistic_regression,1,1,0.6057013611993397,30
MAT,Subject30,logistic_regression,1,0,0.08318835511752425,30
MAT,Subject30,logistic_regression,1,1,0.7233348150816113,30
MAT,Subject30,logistic_regression,1,0,0.07690239968877915,30
MAT,Subject30,logistic_regression,1,0,0.06378497010917594,30
MAT,Subject30,logistic_regression,1,0,0.1282056392776793,30
MAT,Subject30,logistic_regression,1,0,0.43071384741479857,30
MAT,Subject30,logistic_regression,1,0,0.03643679673857096,30
MAT,Subject30,logistic_regression,1,0,0.05745833931428977,30
MAT,Subject30,logistic_regression,1,0,0.3822277802777677,30
MAT,Subject30,logistic_regression,1,0,0.1336487357496846,30
MAT,Subject30,logistic_regression,1,0,0.48133234522542867,30
MAT,Subject30,logistic_regression,1,0,0.3481340781099396,30
MAT,Subject30,logistic_regression,1,0,0.30452820666561514,30
MAT,Subject30,logistic_regression,1,0,0.05930819698251077,30
MAT,Subject30,logistic_regression,1,0,0.11388258508455217,30
MAT,Subject30,logistic_regression,1,0,0.3921801165146268,30
MAT,Subject30,logistic_regression,1,0,0.11678928676636971,30
MAT,Subject30,logistic_regression,1,0,0.021472366604348172,30
MAT,Subject31,logistic_regression,0,0,0.08744925202893775,31
MAT,Subject31,logistic_regression,0,0,0.0026800367612428515,31
MAT,Subject31,logistic_regression,0,0,0.0018969537203349335,31
MAT,Subject31,logistic_regression,0,0,0.009374598894736748,31
MAT,Subject31,logistic_regression,0,0,0.02303757287905729,31
MAT,Subject31,logistic_regression,0,0,0.12076113170508632,31
MAT,Subject31,logistic_regression,0,0,0.1657832528527709,31
MAT,Subject31,logistic_regression,0,0,0.15264334932103418,31
MAT,Subject31,logistic_regression,0,0,0.03686142969137597,31
MAT,Subject31,logistic_regression,0,0,0.018684866899008248,31
MAT,Subject31,logistic_regression,0,0,0.06988752753227107,31
MAT,Subject31,logistic_regression,0,0,0.3871364398503737,31
MAT,Subject31,logistic_regression,0,0,0.47346717322126286,31
MAT,Subject31,logistic_regression,0,0,0.09754058640972527,31
MAT,Subject31,logistic_regression,0,0,0.05379520044414332,31
MAT,Subject31,logistic_regression,0,0,0.12723086074755283,31
MAT,Subject31,logistic_regression,0,1,0.9748996113030164,31
MAT,Subject31,logistic_regression,0,1,0.9134404852886072,31
MAT,Subject31,logistic_regression,0,0,0.13830182670071275,31
MAT,Subject31,logistic_regression,0,0,0.1680847165839427,31
MAT,Subject31,logistic_regression,0,1,0.7842914494616643,31
MAT,Subject31,logistic_regression,0,0,0.2114647865746855,31
MAT,Subject31,logistic_regression,0,0,0.08737334558466535,31
MAT,Subject31,logistic_regression,0,0,0.02391412496945201,31
MAT,Subject31,logistic_regression,0,0,0.026226683128106176,31
MAT,Subject31,logistic_regression,0,0,0.09682966922638919,31
MAT,Subject31,logistic_regression,0,0,0.07929395406639368,31
MAT,Subject31,logistic_regression,0,0,0.0052634212587039705,31
MAT,Subject31,logistic_regression,0,0,0.001331910265239556,31
MAT,Subject31,logistic_regression,0,0,0.06033906965048363,31
MAT,Subject31,logistic_regression,0,0,0.32951435216997016,31
MAT,Subject31,logistic_regression,0,1,0.7052930683797213,31
MAT,Subject31,logistic_regression,0,0,0.4804382416564866,31
MAT,Subject31,logistic_regression,0,0,0.4587318778476813,31
MAT,Subject31,logistic_regression,0,0,0.3811316606489378,31
MAT,Subject31,logistic_regression,0,0,0.40331452178272303,31
MAT,Subject31,logistic_regression,0,0,0.02829742875182532,31
MAT,Subject31,logistic_regression,0,0,0.15289556347921301,31
MAT,Subject31,logistic_regression,0,1,0.7574694803173174,31
MAT,Subject31,logistic_regression,1,1,0.9590683816721597,31
MAT,Subject31,logistic_regression,1,1,0.961398752151586,31
MAT,Subject31,logistic_regression,1,1,0.5417130495072069,31
MAT,Subject31,logistic_regression,1,1,0.6368766965547549,31
MAT,Subject31,logistic_regression,1,0,0.4649893409707392,31
MAT,Subject31,logistic_regression,1,1,0.8071158989641081,31
MAT,Subject31,logistic_regression,1,1,0.9524096756767124,31
MAT,Subject31,logistic_regression,1,1,0.5956600984595766,31
MAT,Subject31,logistic_regression,1,1,0.9487468604320608,31
MAT,Subject31,logistic_regression,1,1,0.9495491155422381,31
MAT,Subject31,logistic_regression,1,1,0.9750587120217139,31
MAT,Subject31,logistic_regression,1,1,0.997352419752858,31
MAT,Subject31,logistic_regression,1,1,0.9628816173930541,31
MAT,Subject31,logistic_regression,1,1,0.9960806619664445,31
MAT,Subject31,logistic_regression,1,1,0.9994838927654812,31
MAT,Subject31,logistic_regression,1,1,0.9940382593381547,31
MAT,Subject31,logistic_regression,1,1,0.9975660852236691,31
MAT,Subject31,logistic_regression,1,1,0.9991756300762232,31
MAT,Subject31,logistic_regression,1,1,0.9938680855493067,31
MAT,Subject31,logistic_regression,1,1,0.9028303059872265,31
MAT,Subject31,logistic_regression,1,1,0.8844826018117743,31
MAT,Subject31,logistic_regression,1,1,0.9107081422448401,31
MAT,Subject31,logistic_regression,1,0,0.0007063940734015623,31
MAT,Subject31,logistic_regression,1,0,4.425437419555232e-06,31
MAT,Subject31,logistic_regression,1,1,0.7877367169462627,31
MAT,Subject31,logistic_regression,1,0,0.36257547703637955,31
MAT,Subject31,logistic_regression,1,1,0.8136196188446935,31
MAT,Subject31,logistic_regression,1,1,0.9352718629761861,31
MAT,Subject31,logistic_regression,1,1,0.9781634278844036,31
MAT,Subject31,logistic_regression,1,1,0.9989370584787073,31
MAT,Subject32,logistic_regression,0,0,0.31544738779910947,32
MAT,Subject32,logistic_regression,0,1,0.7969837332371993,32
MAT,Subject32,logistic_regression,0,1,0.5868323167493825,32
MAT,Subject32,logistic_regression,0,0,0.47992630387395707,32
MAT,Subject32,logistic_regression,0,0,0.121833679540046,32
MAT,Subject32,logistic_regression,0,1,0.654337821196591,32
MAT,Subject32,logistic_regression,0,0,0.191561817819232,32
MAT,Subject32,logistic_regression,0,0,0.14241470999690484,32
MAT,Subject32,logistic_regression,0,0,0.35163799322887007,32
MAT,Subject32,logistic_regression,0,0,0.05783873784460226,32
MAT,Subject32,logistic_regression,0,0,0.28780501458663627,32
MAT,Subject32,logistic_regression,0,0,0.11152643759765102,32
MAT,Subject32,logistic_regression,0,0,0.06853291740798888,32
MAT,Subject32,logistic_regression,0,0,0.05440926663680809,32
MAT,Subject32,logistic_regression,0,0,0.0560160517794079,32
MAT,Subject32,logistic_regression,0,0,0.03160948039004704,32
MAT,Subject32,logistic_regression,0,0,0.30743458748050373,32
MAT,Subject32,logistic_regression,0,1,0.9526041951021128,32
MAT,Subject32,logistic_regression,0,1,0.7569631296746193,32
MAT,Subject32,logistic_regression,0,1,0.9638806868991603,32
MAT,Subject32,logistic_regression,0,1,0.6769841375967103,32
MAT,Subject32,logistic_regression,0,0,0.07433550076941298,32
MAT,Subject32,logistic_regression,0,0,0.147522223524905,32
MAT,Subject32,logistic_regression,0,1,0.5062438248481659,32
MAT,Subject32,logistic_regression,0,0,0.4145432722865988,32
MAT,Subject32,logistic_regression,0,0,0.26773166608986926,32
MAT,Subject32,logistic_regression,0,1,0.5404544590682236,32
MAT,Subject32,logistic_regression,0,0,0.2775259348064768,32
MAT,Subject32,logistic_regression,0,1,0.55961002870553,32
MAT,Subject32,logistic_regression,0,0,0.30638709327127334,32
MAT,Subject32,logistic_regression,0,1,0.657998003698903,32
MAT,Subject32,logistic_regression,0,0,0.38212004785672654,32
MAT,Subject32,logistic_regression,0,1,0.6626696313722197,32
MAT,Subject32,logistic_regression,0,0,0.26109474468739796,32
MAT,Subject32,logistic_regression,0,0,0.3621056228539365,32
MAT,Subject32,logistic_regression,0,0,0.23665683519154013,32
MAT,Subject32,logistic_regression,0,1,0.8794882073428201,32
MAT,Subject32,logistic_regression,0,1,0.6916308829923149,32
MAT,Subject32,logistic_regression,0,0,0.19994624941049338,32
MAT,Subject32,logistic_regression,0,0,0.3681878351893933,32
MAT,Subject32,logistic_regression,0,1,0.5918019940806584,32
MAT,Subject32,logistic_regression,0,0,0.15730376808677182,32
MAT,Subject32,logistic_regression,0,0,0.13239080761545904,32
MAT,Subject32,logistic_regression,0,0,0.3335340113536876,32
MAT,Subject32,logistic_regression,0,0,0.42418271214037895,32
MAT,Subject32,logistic_regression,0,0,0.47596172935349496,32
MAT,Subject32,logistic_regression,0,1,0.7716470014809106,32
MAT,Subject32,logistic_regression,0,1,0.8642768026372799,32
MAT,Subject32,logistic_regression,0,0,0.4371948707400888,32
MAT,Subject32,logistic_regression,0,0,0.18329217766419653,32
MAT,Subject32,logistic_regression,0,1,0.8922791053529147,32
MAT,Subject32,logistic_regression,0,0,0.42956287578338165,32
MAT,Subject32,logistic_regression,0,0,0.44862450510884977,32
MAT,Subject32,logistic_regression,0,0,0.4431305789299253,32
MAT,Subject32,logistic_regression,0,1,0.9378461585428034,32
MAT,Subject32,logistic_regression,0,0,0.32288533525623203,32
MAT,Subject32,logistic_regression,0,1,0.7182645040648796,32
MAT,Subject32,logistic_regression,0,1,0.6992305677497223,32
MAT,Subject32,logistic_regression,0,1,0.7739271375114845,32
MAT,Subject32,logistic_regression,0,1,0.5364270937776839,32
MAT,Subject32,logistic_regression,0,1,0.8079249330198761,32
MAT,Subject32,logistic_regression,0,0,0.33774565833179715,32
MAT,Subject32,logistic_regression,0,0,0.2861761929582406,32
MAT,Subject32,logistic_regression,0,1,0.6396650363756856,32
MAT,Subject32,logistic_regression,0,0,0.35364591443554777,32
MAT,Subject32,logistic_regression,0,1,0.5047299680371005,32
MAT,Subject32,logistic_regression,0,0,0.4303643923131131,32
MAT,Subject32,logistic_regression,0,1,0.8715300256492887,32
MAT,Subject32,logistic_regression,0,1,0.6447180434027029,32
MAT,Subject32,logistic_regression,0,0,0.2902985823099384,32
MAT,Subject32,logistic_regression,0,0,0.13095021977303536,32
MAT,Subject32,logistic_regression,0,0,0.38996331364088016,32
MAT,Subject32,logistic_regression,0,1,0.738540384423794,32
MAT,Subject32,logistic_regression,0,0,0.13318960542118333,32
MAT,Subject32,logistic_regression,0,1,0.8926908172394417,32
MAT,Subject32,logistic_regression,0,0,0.08971890361463206,32
MAT,Subject32,logistic_regression,0,0,0.2888116744146349,32
MAT,Subject32,logistic_regression,0,1,0.961306621065549,32
MAT,Subject32,logistic_regression,0,1,0.9095875755120486,32
MAT,Subject32,logistic_regression,0,0,0.09241537279120876,32
MAT,Subject32,logistic_regression,0,1,0.9933066361130225,32
MAT,Subject32,logistic_regression,0,1,0.998209145796912,32
MAT,Subject32,logistic_regression,0,1,0.9887338142330417,32
MAT,Subject32,logistic_regression,0,1,0.92039771936932,32
MAT,Subject32,logistic_regression,0,0,0.1386691061572629,32
MAT,Subject32,logistic_regression,0,0,0.23123786455410517,32
MAT,Subject32,logistic_regression,0,1,0.844350691258855,32
MAT,Subject32,logistic_regression,0,1,0.7127478216955545,32
MAT,Subject32,logistic_regression,0,1,0.9201094444953616,32
MAT,Subject32,logistic_regression,0,1,0.6120523823472352,32
MAT,Subject32,logistic_regression,1,0,0.4479840023980125,32
MAT,Subject32,logistic_regression,1,1,0.8392966127908486,32
MAT,Subject32,logistic_regression,1,1,0.8591043017979869,32
MAT,Subject32,logistic_regression,1,1,0.9999999999999196,32
MAT,Subject32,logistic_regression,1,1,0.9999999999999911,32
MAT,Subject32,logistic_regression,1,1,0.9603565071727301,32
MAT,Subject32,logistic_regression,1,1,0.9292460300345353,32
MAT,Subject32,logistic_regression,1,1,0.5669486631601349,32
MAT,Subject32,logistic_regression,1,1,0.6051046071716373,32
MAT,Subject32,logistic_regression,1,1,0.6909021949887166,32
MAT,Subject32,logistic_regression,1,0,0.3498822466160762,32
MAT,Subject32,logistic_regression,1,0,0.17625725202762743,32
MAT,Subject32,logistic_regression,1,1,0.8068260405790422,32
MAT,Subject32,logistic_regression,1,1,0.8568307282687193,32
MAT,Subject32,logistic_regression,1,1,0.706089111922925,32
MAT,Subject32,logistic_regression,1,1,0.9850488832378432,32
MAT,Subject32,logistic_regression,1,1,0.9323646207831902,32
MAT,Subject32,logistic_regression,1,1,0.98652036642178,32
MAT,Subject32,logistic_regression,1,1,0.9728406600949863,32
MAT,Subject32,logistic_regression,1,1,0.8515119552174744,32
MAT,Subject32,logistic_regression,1,1,0.67935830601069,32
MAT,Subject32,logistic_regression,1,1,0.8322159800604343,32
MAT,Subject32,logistic_regression,1,1,0.845450422776915,32
MAT,Subject32,logistic_regression,1,1,0.7037449984481703,32
MAT,Subject32,logistic_regression,1,1,0.9260941487340089,32
MAT,Subject32,logistic_regression,1,1,0.9267597796515147,32
MAT,Subject32,logistic_regression,1,1,0.7371805869423389,32
MAT,Subject32,logistic_regression,1,1,0.8928104715400674,32
MAT,Subject32,logistic_regression,1,1,0.968991090666065,32
MAT,Subject32,logistic_regression,1,1,0.7414248967322622,32
MAT,Subject33,logistic_regression,0,0,0.010187518887163873,33
MAT,Subject33,logistic_regression,0,0,0.005194869589752093,33
MAT,Subject33,logistic_regression,0,0,0.0191743409604171,33
MAT,Subject33,logistic_regression,0,0,0.11035268652058869,33
MAT,Subject33,logistic_regression,0,1,0.8259567874319413,33
MAT,Subject33,logistic_regression,0,0,0.23255218316368445,33
MAT,Subject33,logistic_regression,0,0,0.13967402027469847,33
MAT,Subject33,logistic_regression,0,0,0.06927314310052252,33
MAT,Subject33,logistic_regression,0,0,0.4618585351214423,33
MAT,Subject33,logistic_regression,0,0,0.1890563745490904,33
MAT,Subject33,logistic_regression,0,0,0.16994950893905414,33
MAT,Subject33,logistic_regression,0,0,0.2749584064156227,33
MAT,Subject33,logistic_regression,0,0,0.204131435007514,33
MAT,Subject33,logistic_regression,0,0,0.3896501081615024,33
MAT,Subject33,logistic_regression,0,0,0.24804999422642196,33
MAT,Subject33,logistic_regression,0,0,0.4531625529251484,33
MAT,Subject33,logistic_regression,0,1,0.5788844338173011,33
MAT,Subject33,logistic_regression,0,0,0.0949749516919416,33
MAT,Subject33,logistic_regression,0,0,0.1191095810797513,33
MAT,Subject33,logistic_regression,0,1,0.6027782360863644,33
MAT,Subject33,logistic_regression,0,0,0.17614130617526838,33
MAT,Subject33,logistic_regression,0,0,0.21453063898749067,33
MAT,Subject33,logistic_regression,0,0,0.23275547779680056,33
MAT,Subject33,logistic_regression,0,0,0.09563770403755713,33
MAT,Subject33,logistic_regression,0,0,0.31596067060697836,33
MAT,Subject33,logistic_regression,0,1,0.5342700892111933,33
MAT,Subject33,logistic_regression,0,0,0.28692775454936,33
MAT,Subject33,logistic_regression,0,0,0.4576671421145607,33
MAT,Subject33,logistic_regression,0,1,0.607661437227732,33
MAT,Subject33,logistic_regression,0,1,0.5187950441084864,33
MAT,Subject33,logistic_regression,0,0,0.029953103499578936,33
MAT,Subject33,logistic_regression,0,0,0.11780865186491875,33
MAT,Subject33,logistic_regression,0,1,0.7952147113843231,33
MAT,Subject33,logistic_regression,0,1,0.9137681262380403,33
MAT,Subject33,logistic_regression,0,1,0.5375030030449031,33
MAT,Subject33,logistic_regression,0,1,0.9223139042328216,33
MAT,Subject33,logistic_regression,0,1,0.5996179557052591,33
MAT,Subject33,logistic_regression,0,0,0.16524314982728666,33
MAT,Subject33,logistic_regression,0,0,0.1566285537189874,33
MAT,Subject33,logistic_regression,0,0,0.04982072810751829,33
MAT,Subject33,logistic_regression,0,0,0.4694022085935557,33
MAT,Subject33,logistic_regression,0,1,0.747159683303559,33
MAT,Subject33,logistic_regression,0,0,0.494280764995858,33
MAT,Subject33,logistic_regression,0,0,0.10760587552062678,33
MAT,Subject33,logistic_regression,0,0,0.016863895053111113,33
MAT,Subject33,logistic_regression,0,0,0.21647293081671398,33
MAT,Subject33,logistic_regression,0,1,0.7144604145128738,33
MAT,Subject33,logistic_regression,0,0,0.4390190193615302,33
MAT,Subject33,logistic_regression,0,1,0.7987247184097924,33
MAT,Subject33,logistic_regression,0,1,0.9019253552395344,33
MAT,Subject33,logistic_regression,0,0,0.4137500665275137,33
MAT,Subject33,logistic_regression,0,0,0.3711485483299111,33
MAT,Subject33,logistic_regression,0,0,0.23286236840199206,33
MAT,Subject33,logistic_regression,0,0,0.1649113332340781,33
MAT,Subject33,logistic_regression,0,1,0.6805042989299132,33
MAT,Subject33,logistic_regression,0,1,0.6483051997142187,33
MAT,Subject33,logistic_regression,0,0,0.46018656022353416,33
MAT,Subject33,logistic_regression,0,1,0.6601103200867772,33
MAT,Subject33,logistic_regression,0,0,0.352961635992232,33
MAT,Subject33,logistic_regression,0,0,0.011056586979043671,33
MAT,Subject33,logistic_regression,0,0,0.0018663690705598617,33
MAT,Subject33,logistic_regression,0,0,0.18969085772755917,33
MAT,Subject33,logistic_regression,0,1,0.9339598650136678,33
MAT,Subject33,logistic_regression,0,1,0.9368793926279798,33
MAT,Subject33,logistic_regression,0,1,0.5421047042594463,33
MAT,Subject33,logistic_regression,0,0,0.19039072207765836,33
MAT,Subject33,logistic_regression,0,0,0.18202440412229007,33
MAT,Subject33,logistic_regression,0,0,0.19565504914789994,33
MAT,Subject33,logistic_regression,0,0,0.1732622272940413,33
MAT,Subject33,logistic_regression,0,0,0.3562652522188916,33
MAT,Subject33,logistic_regression,0,1,0.7173194959169344,33
MAT,Subject33,logistic_regression,0,0,0.3108185342577149,33
MAT,Subject33,logistic_regression,0,0,0.2938144786112276,33
MAT,Subject33,logistic_regression,0,0,0.46798391219065505,33
MAT,Subject33,logistic_regression,0,0,0.37833647342134913,33
MAT,Subject33,logistic_regression,0,1,0.7940328940981488,33
MAT,Subject33,logistic_regression,0,1,0.6659411697435248,33
MAT,Subject33,logistic_regression,0,0,0.21164769442382023,33
MAT,Subject33,logistic_regression,0,0,0.028791229164734842,33
MAT,Subject33,logistic_regression,0,0,0.020005601296062714,33
MAT,Subject33,logistic_regression,0,0,0.3400612622316405,33
MAT,Subject33,logistic_regression,0,1,0.5088809545068053,33
MAT,Subject33,logistic_regression,0,0,0.31296712145471695,33
MAT,Subject33,logistic_regression,0,0,0.1273461601938374,33
MAT,Subject33,logistic_regression,0,0,0.30192766211636923,33
MAT,Subject33,logistic_regression,0,1,0.7194487555061321,33
MAT,Subject33,logistic_regression,0,1,0.8025351161023908,33
MAT,Subject33,logistic_regression,0,0,0.35091352822419125,33
MAT,Subject33,logistic_regression,0,0,0.20149763662665052,33
MAT,Subject33,logistic_regression,0,1,0.9995342784132549,33
MAT,Subject33,logistic_regression,1,1,0.9809401569493931,33
MAT,Subject33,logistic_regression,1,1,0.946177265629337,33
MAT,Subject33,logistic_regression,1,1,0.9622416029674619,33
MAT,Subject33,logistic_regression,1,1,0.998594725719912,33
MAT,Subject33,logistic_regression,1,1,0.9409979448219435,33
MAT,Subject33,logistic_regression,1,1,0.6676006612269438,33
MAT,Subject33,logistic_regression,1,1,0.8326180050439873,33
MAT,Subject33,logistic_regression,1,1,0.9939413979202957,33
MAT,Subject33,logistic_regression,1,1,0.9971534759640364,33
MAT,Subject33,logistic_regression,1,1,0.9575827247302013,33
MAT,Subject33,logistic_regression,1,1,0.995391336443415,33
MAT,Subject33,logistic_regression,1,1,0.9565667908517855,33
MAT,Subject33,logistic_regression,1,1,0.9168331369873333,33
MAT,Subject33,logistic_regression,1,1,0.8283734511382332,33
MAT,Subject33,logistic_regression,1,1,0.594704680989213,33
MAT,Subject33,logistic_regression,1,1,0.9131267825012817,33
MAT,Subject33,logistic_regression,1,1,0.6472457746316216,33
MAT,Subject33,logistic_regression,1,1,0.8878544223812617,33
MAT,Subject33,logistic_regression,1,1,0.9128973205982273,33
MAT,Subject33,logistic_regression,1,1,0.9288771249820349,33
MAT,Subject33,logistic_regression,1,1,0.960190884220294,33
MAT,Subject33,logistic_regression,1,1,0.8111500209487318,33
MAT,Subject33,logistic_regression,1,1,0.6625006462237164,33
MAT,Subject33,logistic_regression,1,1,0.9329012683081721,33
MAT,Subject33,logistic_regression,1,1,0.8620008008558938,33
MAT,Subject33,logistic_regression,1,0,0.49048474909691475,33
MAT,Subject33,logistic_regression,1,1,0.8059918149849916,33
MAT,Subject33,logistic_regression,1,1,0.9085752826246476,33
MAT,Subject33,logistic_regression,1,1,0.9172135479686021,33
MAT,Subject33,logistic_regression,1,1,0.9853300531364659,33
MAT,Subject34,logistic_regression,0,0,0.0015729204019551814,34
MAT,Subject34,logistic_regression,0,0,0.00328843353588178,34
MAT,Subject34,logistic_regression,0,0,0.015503534105021314,34
MAT,Subject34,logistic_regression,0,0,0.015401608468993916,34
MAT,Subject34,logistic_regression,0,0,0.003626363582753011,34
MAT,Subject34,logistic_regression,0,0,0.08312502078697444,34
MAT,Subject34,logistic_regression,0,1,0.5982050333199176,34
MAT,Subject34,logistic_regression,0,0,0.09517926580872922,34
MAT,Subject34,logistic_regression,0,0,0.4184398917942846,34
MAT,Subject34,logistic_regression,0,1,0.7801201522941561,34
MAT,Subject34,logistic_regression,0,0,0.05591452028793416,34
MAT,Subject34,logistic_regression,0,0,0.006602041065113717,34
MAT,Subject34,logistic_regression,0,0,0.001249227050342281,34
MAT,Subject34,logistic_regression,0,0,9.621753423267945e-05,34
MAT,Subject34,logistic_regression,0,0,0.002747488582214223,34
MAT,Subject34,logistic_regression,0,0,0.005979552227112055,34
MAT,Subject34,logistic_regression,0,0,0.03281424411751792,34
MAT,Subject34,logistic_regression,0,0,0.07984655618952166,34
MAT,Subject34,logistic_regression,0,0,0.0016594961135704554,34
MAT,Subject34,logistic_regression,0,0,0.00130261120055042,34
MAT,Subject34,logistic_regression,0,0,0.0012453943788954885,34
MAT,Subject34,logistic_regression,0,0,0.015260875500581859,34
MAT,Subject34,logistic_regression,0,0,0.09839213919242706,34
MAT,Subject34,logistic_regression,0,0,0.00829716969929069,34
MAT,Subject34,logistic_regression,0,0,0.017758041389950904,34
MAT,Subject34,logistic_regression,0,0,0.01727342009322554,34
MAT,Subject34,logistic_regression,0,0,0.022866314940525913,34
MAT,Subject34,logistic_regression,0,0,0.021223868732607416,34
MAT,Subject34,logistic_regression,0,0,0.022765311366320203,34
MAT,Subject34,logistic_regression,0,0,0.012692304079185306,34
MAT,Subject34,logistic_regression,0,0,0.002332531716535185,34
MAT,Subject34,logistic_regression,0,0,0.0007441833915465174,34
MAT,Subject34,logistic_regression,0,0,0.028082642216255983,34
MAT,Subject34,logistic_regression,0,0,0.0033549619726638454,34
MAT,Subject34,logistic_regression,0,0,0.00044868405936957217,34
MAT,Subject34,logistic_regression,0,0,0.00025226646865545127,34
MAT,Subject34,logistic_regression,0,0,4.654152925878471e-05,34
MAT,Subject34,logistic_regression,0,0,0.000590712602226862,34
MAT,Subject34,logistic_regression,0,0,0.007217661952240546,34
MAT,Subject34,logistic_regression,0,0,0.06079491009826207,34
MAT,Subject34,logistic_regression,0,0,0.1768631653444209,34
MAT,Subject34,logistic_regression,0,0,0.03635105845968639,34
MAT,Subject34,logistic_regression,0,0,0.01233239267558144,34
MAT,Subject34,logistic_regression,0,0,0.006467730598517157,34
MAT,Subject34,logistic_regression,0,0,0.00038761031080374893,34
MAT,Subject34,logistic_regression,0,0,0.008370374443992898,34
MAT,Subject34,logistic_regression,0,0,0.019358858894126092,34
MAT,Subject34,logistic_regression,0,0,0.0064506585556258775,34
MAT,Subject34,logistic_regression,0,0,0.00343888237305458,34
MAT,Subject34,logistic_regression,0,0,0.005092040921292273,34
MAT,Subject34,logistic_regression,0,0,0.034943946538996726,34
MAT,Subject34,logistic_regression,0,0,0.006205655846119973,34
MAT,Subject34,logistic_regression,0,0,0.0006861203530610108,34
MAT,Subject34,logistic_regression,0,0,0.0029822640995753485,34
MAT,Subject34,logistic_regression,0,0,0.0028584163576802213,34
MAT,Subject34,logistic_regression,0,0,0.01305193023092185,34
MAT,Subject34,logistic_regression,0,0,0.006155819905730729,34
MAT,Subject34,logistic_regression,0,0,0.002958962513265778,34
MAT,Subject34,logistic_regression,0,0,0.012649875807446413,34
MAT,Subject34,logistic_regression,0,0,0.0070110099078659,34
MAT,Subject34,logistic_regression,0,0,0.008491615002680582,34
MAT,Subject34,logistic_regression,0,0,0.1326204603785006,34
MAT,Subject34,logistic_regression,0,0,0.011536396379818513,34
MAT,Subject34,logistic_regression,0,0,0.04439158394869072,34
MAT,Subject34,logistic_regression,0,0,0.29824016784393975,34
MAT,Subject34,logistic_regression,0,0,0.006642711854837677,34
MAT,Subject34,logistic_regression,0,0,0.0014635868132452134,34
MAT,Subject34,logistic_regression,0,0,0.0006475165234505313,34
MAT,Subject34,logistic_regression,0,0,0.0009099305535723776,34
MAT,Subject34,logistic_regression,0,0,0.00721898479878433,34
MAT,Subject34,logistic_regression,0,1,0.6473715209365258,34
MAT,Subject34,logistic_regression,0,1,0.9681528825846666,34
MAT,Subject34,logistic_regression,0,0,0.06146054252901044,34
MAT,Subject34,logistic_regression,0,0,0.11363993795865131,34
MAT,Subject34,logistic_regression,0,0,0.08311112114753394,34
MAT,Subject34,logistic_regression,0,0,0.053301354466269,34
MAT,Subject34,logistic_regression,0,0,0.07616439196964178,34
MAT,Subject34,logistic_regression,0,0,0.0027793397151552445,34
MAT,Subject34,logistic_regression,0,0,0.001502003573204155,34
MAT,Subject34,logistic_regression,0,0,0.002331075999369346,34
MAT,Subject34,logistic_regression,0,0,0.007719825718999488,34
MAT,Subject34,logistic_regression,0,0,0.002166932804141721,34
MAT,Subject34,logistic_regression,0,0,0.0025534021987285715,34
MAT,Subject34,logistic_regression,0,0,0.02574379932589522,34
MAT,Subject34,logistic_regression,0,0,0.0439486101471626,34
MAT,Subject34,logistic_regression,0,0,0.001793781850997776,34
MAT,Subject34,logistic_regression,0,0,6.439961991754872e-05,34
MAT,Subject34,logistic_regression,0,0,0.00030284976699060357,34
MAT,Subject34,logistic_regression,0,0,0.00029764738256863324,34
MAT,Subject34,logistic_regression,0,0,0.33548624460912796,34
MAT,Subject34,logistic_regression,1,0,0.024418707527316168,34
MAT,Subject34,logistic_regression,1,0,0.2537103847432133,34
MAT,Subject34,logistic_regression,1,0,0.07742308858862354,34
MAT,Subject34,logistic_regression,1,0,0.15668295893933357,34
MAT,Subject34,logistic_regression,1,1,0.5941755238305573,34
MAT,Subject34,logistic_regression,1,1,0.5441345690011666,34
MAT,Subject34,logistic_regression,1,1,0.8769015903517,34
MAT,Subject34,logistic_regression,1,0,0.008680289207144512,34
MAT,Subject34,logistic_regression,1,0,0.06127485220105143,34
MAT,Subject34,logistic_regression,1,1,0.9264744402782633,34
MAT,Subject34,logistic_regression,1,1,0.9730242581706731,34
MAT,Subject34,logistic_regression,1,1,0.9673681562187897,34
MAT,Subject34,logistic_regression,1,1,0.732742624046799,34
MAT,Subject34,logistic_regression,1,1,0.8719794200531755,34
MAT,Subject34,logistic_regression,1,0,0.34637964591964143,34
MAT,Subject34,logistic_regression,1,0,0.4877418535398523,34
MAT,Subject34,logistic_regression,1,1,0.519710461684135,34
MAT,Subject34,logistic_regression,1,1,0.684081312288316,34
MAT,Subject34,logistic_regression,1,0,0.4003927562702187,34
MAT,Subject34,logistic_regression,1,0,0.051840489875527605,34
MAT,Subject34,logistic_regression,1,0,0.15698862000352437,34
MAT,Subject34,logistic_regression,1,0,0.34847645906682756,34
MAT,Subject34,logistic_regression,1,0,0.07153971774260913,34
MAT,Subject34,logistic_regression,1,0,0.12336773560402248,34
MAT,Subject34,logistic_regression,1,0,0.3532508643811043,34
MAT,Subject34,logistic_regression,1,0,0.0074340651925585265,34
MAT,Subject34,logistic_regression,1,0,0.00959034185133794,34
MAT,Subject34,logistic_regression,1,0,0.25861721548453237,34
MAT,Subject34,logistic_regression,1,0,0.3890850033656728,34
MAT,Subject34,logistic_regression,1,1,0.6480469615128742,34
MAT,Subject35,logistic_regression,0,1,0.6677754532658614,35
MAT,Subject35,logistic_regression,0,1,0.7939139739673033,35
MAT,Subject35,logistic_regression,0,1,0.6758525858180621,35
MAT,Subject35,logistic_regression,0,1,0.9292856850039396,35
MAT,Subject35,logistic_regression,0,1,0.791479911392313,35
MAT,Subject35,logistic_regression,0,0,0.3137389352007959,35
MAT,Subject35,logistic_regression,0,0,0.369451712238769,35
MAT,Subject35,logistic_regression,0,1,0.8127535921699426,35
MAT,Subject35,logistic_regression,0,1,0.5926240659999559,35
MAT,Subject35,logistic_regression,0,1,0.8169325369519005,35
MAT,Subject35,logistic_regression,0,0,0.28914871945757686,35
MAT,Subject35,logistic_regression,0,0,0.09642154701778438,35
MAT,Subject35,logistic_regression,0,0,0.03391015916303067,35
MAT,Subject35,logistic_regression,0,0,0.15261012789259135,35
MAT,Subject35,logistic_regression,0,1,0.9570953317403913,35
MAT,Subject35,logistic_regression,0,1,0.9966373737230111,35
MAT,Subject35,logistic_regression,0,1,0.9427080172631869,35
MAT,Subject35,logistic_regression,0,0,0.4351346488345816,35
MAT,Subject35,logistic_regression,0,1,0.8540286003056321,35
MAT,Subject35,logistic_regression,0,1,0.8850161064891158,35
MAT,Subject35,logistic_regression,0,0,0.22602042973382383,35
MAT,Subject35,logistic_regression,0,0,0.2950611899100701,35
MAT,Subject35,logistic_regression,0,0,0.3523736244596395,35
MAT,Subject35,logistic_regression,0,1,0.5090318411241297,35
MAT,Subject35,logistic_regression,0,0,0.3707005897521465,35
MAT,Subject35,logistic_regression,0,1,0.7354385650403,35
MAT,Subject35,logistic_regression,0,0,0.04734073778649078,35
MAT,Subject35,logistic_regression,0,0,0.14629653483810984,35
MAT,Subject35,logistic_regression,0,0,0.23192300087648846,35
MAT,Subject35,logistic_regression,0,0,0.2987018632672627,35
MAT,Subject35,logistic_regression,0,0,0.4073490132991092,35
MAT,Subject35,logistic_regression,0,0,0.19438302799759816,35
MAT,Subject35,logistic_regression,0,0,0.07241124799166282,35
MAT,Subject35,logistic_regression,0,0,0.07797311034136735,35
MAT,Subject35,logistic_regression,0,0,0.294682636568728,35
MAT,Subject35,logistic_regression,0,0,0.17195789470024786,35
MAT,Subject35,logistic_regression,0,1,0.9394765949971872,35
MAT,Subject35,logistic_regression,0,1,0.9151541917399475,35
MAT,Subject35,logistic_regression,0,1,0.5927971785358469,35
MAT,Subject35,logistic_regression,0,1,0.7119776304968806,35
MAT,Subject35,logistic_regression,0,1,0.7136334501841142,35
MAT,Subject35,logistic_regression,0,1,0.5995051555016815,35
MAT,Subject35,logistic_regression,0,0,0.07126633412481685,35
MAT,Subject35,logistic_regression,0,0,0.33790136574986684,35
MAT,Subject35,logistic_regression,0,1,0.6065944055593081,35
MAT,Subject35,logistic_regression,0,1,0.6237324782532336,35
MAT,Subject35,logistic_regression,0,0,0.3268670423347753,35
MAT,Subject35,logistic_regression,0,0,0.11390985279929658,35
MAT,Subject35,logistic_regression,0,0,0.3234818853901671,35
MAT,Subject35,logistic_regression,0,0,0.08260094077452262,35
MAT,Subject35,logistic_regression,0,0,0.46972319923793715,35
MAT,Subject35,logistic_regression,0,0,0.2658047398610728,35
MAT,Subject35,logistic_regression,0,1,0.7553857364112455,35
MAT,Subject35,logistic_regression,0,1,0.8190038839628868,35
MAT,Subject35,logistic_regression,0,1,0.5755891530883612,35
MAT,Subject35,logistic_regression,0,1,0.525598057114642,35
MAT,Subject35,logistic_regression,0,1,0.9501913054326334,35
MAT,Subject35,logistic_regression,0,1,0.9819634555637665,35
MAT,Subject35,logistic_regression,0,1,0.9833731372710511,35
MAT,Subject35,logistic_regression,0,1,0.937104497947923,35
MAT,Subject35,logistic_regression,0,1,0.890568749600672,35
MAT,Subject35,logistic_regression,0,1,0.9240027136894591,35
MAT,Subject35,logistic_regression,0,0,0.474986082426886,35
MAT,Subject35,logistic_regression,0,0,0.22152139162024043,35
MAT,Subject35,logistic_regression,0,1,0.8588243114473199,35
MAT,Subject35,logistic_regression,0,1,0.9797898609674484,35
MAT,Subject35,logistic_regression,0,1,0.8331857469577405,35
MAT,Subject35,logistic_regression,0,1,0.9570681666758295,35
MAT,Subject35,logistic_regression,0,0,0.21321522996947173,35
MAT,Subject35,logistic_regression,0,0,0.30240607306566475,35
MAT,Subject35,logistic_regression,0,1,0.8011737049521012,35
MAT,Subject35,logistic_regression,0,1,0.5819861035941466,35
MAT,Subject35,logistic_regression,0,0,0.04896813364243217,35
MAT,Subject35,logistic_regression,0,1,0.9744938332352258,35
MAT,Subject35,logistic_regression,0,1,0.986608303911853,35
MAT,Subject35,logistic_regression,0,1,0.9755291617409261,35
MAT,Subject35,logistic_regression,0,1,0.759731591151298,35
MAT,Subject35,logistic_regression,0,0,0.19666909585731027,35
MAT,Subject35,logistic_regression,0,1,0.6127221811863605,35
MAT,Subject35,logistic_regression,0,0,0.444930986268838,35
MAT,Subject35,logistic_regression,0,0,0.3561521609720551,35
MAT,Subject35,logistic_regression,0,1,0.9606665678960248,35
MAT,Subject35,logistic_regression,0,0,0.1814245653742105,35
MAT,Subject35,logistic_regression,0,0,0.0521131713501683,35
MAT,Subject35,logistic_regression,0,0,0.1469962618488693,35
MAT,Subject35,logistic_regression,0,1,0.9469120499326324,35
MAT,Subject35,logistic_regression,0,1,0.9079205357272314,35
MAT,Subject35,logistic_regression,0,0,0.39076398660491213,35
MAT,Subject35,logistic_regression,0,0,0.18796157899444593,35
MAT,Subject35,logistic_regression,0,0,0.09297162794609556,35
MAT,Subject35,logistic_regression,1,1,0.8510549777070668,35
MAT,Subject35,logistic_regression,1,1,0.8862778663493417,35
MAT,Subject35,logistic_regression,1,1,0.8982260139490197,35
MAT,Subject35,logistic_regression,1,1,0.8007284476639376,35
MAT,Subject35,logistic_regression,1,0,0.2721799905628168,35
MAT,Subject35,logistic_regression,1,1,0.945658284169167,35
MAT,Subject35,logistic_regression,1,1,0.992758428550574,35
MAT,Subject35,logistic_regression,1,1,0.9473196048171363,35
MAT,Subject35,logistic_regression,1,0,0.1111070891541283,35
MAT,Subject35,logistic_regression,1,1,0.7432209935437682,35
MAT,Subject35,logistic_regression,1,0,0.46471328489568803,35
MAT,Subject35,logistic_regression,1,1,0.7540202697322452,35
MAT,Subject35,logistic_regression,1,1,0.5977642721128485,35
MAT,Subject35,logistic_regression,1,1,0.5087949483455134,35
MAT,Subject35,logistic_regression,1,0,0.1588968499799147,35
MAT,Subject35,logistic_regression,1,0,0.3572643787775948,35
MAT,Subject35,logistic_regression,1,0,0.205066451942487,35
MAT,Subject35,logistic_regression,1,0,0.2711292039630689,35
MAT,Subject35,logistic_regression,1,0,0.08032983690631246,35
MAT,Subject35,logistic_regression,1,0,0.08295534194601918,35
MAT,Subject35,logistic_regression,1,1,0.7421503755825526,35
MAT,Subject35,logistic_regression,1,1,0.6817869352247553,35
MAT,Subject35,logistic_regression,1,1,0.9900802807451493,35
MAT,Subject35,logistic_regression,1,1,0.9963802415461314,35
MAT,Subject35,logistic_regression,1,0,0.011400066397087402,35
MAT,Subject35,logistic_regression,1,1,0.6141401708709497,35
MAT,Subject35,logistic_regression,1,1,0.9586952572431097,35
MAT,Subject35,logistic_regression,1,1,0.6327682502405008,35
MAT,Subject35,logistic_regression,1,0,0.041786803940648445,35
MAT,Subject35,logistic_regression,1,1,0.5031855225870464,35
MAT,Subject00,svm_rbf,0,1,0.7956124472665199,0
MAT,Subject00,svm_rbf,0,1,0.9628821802252785,0
MAT,Subject00,svm_rbf,0,0,0.1943314897350215,0
MAT,Subject00,svm_rbf,0,0,0.17240159208568406,0
MAT,Subject00,svm_rbf,0,0,0.05605488574145167,0
MAT,Subject00,svm_rbf,0,0,0.02079035859027769,0
MAT,Subject00,svm_rbf,0,0,0.015570246032006425,0
MAT,Subject00,svm_rbf,0,0,0.02097963385551989,0
MAT,Subject00,svm_rbf,0,0,0.004324355977900052,0
MAT,Subject00,svm_rbf,0,0,0.001265220165872074,0
MAT,Subject00,svm_rbf,0,0,0.03586927780571825,0
MAT,Subject00,svm_rbf,0,1,0.5591357528176321,0
MAT,Subject00,svm_rbf,0,1,0.7626454341217017,0
MAT,Subject00,svm_rbf,0,0,0.12402846098273042,0
MAT,Subject00,svm_rbf,0,0,0.01993283983499217,0
MAT,Subject00,svm_rbf,0,0,0.016107363074324105,0
MAT,Subject00,svm_rbf,0,0,0.020083462749166413,0
MAT,Subject00,svm_rbf,0,0,0.029982720377063933,0
MAT,Subject00,svm_rbf,0,0,0.08518617764796226,0
MAT,Subject00,svm_rbf,0,0,0.03461671639251188,0
MAT,Subject00,svm_rbf,0,0,0.02826652418464047,0
MAT,Subject00,svm_rbf,0,0,0.00784195660403681,0
MAT,Subject00,svm_rbf,0,1,0.3374515734487362,0
MAT,Subject00,svm_rbf,0,0,0.1970210312058868,0
MAT,Subject00,svm_rbf,0,0,0.04264227939969018,0
MAT,Subject00,svm_rbf,0,0,0.036953510698990305,0
MAT,Subject00,svm_rbf,0,0,0.027321196495304498,0
MAT,Subject00,svm_rbf,0,0,0.09043225366596504,0
MAT,Subject00,svm_rbf,0,0,0.18775118541110344,0
MAT,Subject00,svm_rbf,0,0,0.20536938308635888,0
MAT,Subject00,svm_rbf,0,0,0.07078655139299202,0
MAT,Subject00,svm_rbf,0,1,0.40255293239366735,0
MAT,Subject00,svm_rbf,0,1,0.5705878753852603,0
MAT,Subject00,svm_rbf,0,0,0.26333968048150125,0
MAT,Subject00,svm_rbf,0,0,0.022203003853805726,0
MAT,Subject00,svm_rbf,0,0,0.0673544668967557,0
MAT,Subject00,svm_rbf,0,0,0.03342210252830171,0
MAT,Subject00,svm_rbf,0,0,0.015988311503536422,0
MAT,Subject00,svm_rbf,0,0,0.02520292511758169,0
MAT,Subject00,svm_rbf,0,0,0.05266358955408577,0
MAT,Subject00,svm_rbf,0,0,0.17077862158577217,0
MAT,Subject00,svm_rbf,0,0,0.25932539285794676,0
MAT,Subject00,svm_rbf,0,0,0.05860161229575882,0
MAT,Subject00,svm_rbf,0,1,0.8849944886646719,0
MAT,Subject00,svm_rbf,0,1,0.8252529608819635,0
MAT,Subject00,svm_rbf,0,1,0.756710362615157,0
MAT,Subject00,svm_rbf,0,0,0.14241043871101117,0
MAT,Subject00,svm_rbf,0,0,0.03983993127756646,0
MAT,Subject00,svm_rbf,0,0,0.008713497865955759,0
MAT,Subject00,svm_rbf,0,0,0.004646404371287164,0
MAT,Subject00,svm_rbf,0,0,0.03307985233645756,0
MAT,Subject00,svm_rbf,0,0,0.0033238172918165216,0
MAT,Subject00,svm_rbf,0,0,0.012580322999778846,0
MAT,Subject00,svm_rbf,0,0,0.1058611023011146,0
MAT,Subject00,svm_rbf,0,0,0.11803376182308384,0
MAT,Subject00,svm_rbf,0,0,0.05131419849465438,0
MAT,Subject00,svm_rbf,0,0,0.2272158095564233,0
MAT,Subject00,svm_rbf,0,0,0.25754753514823636,0
MAT,Subject00,svm_rbf,0,0,0.018359030898511458,0
MAT,Subject00,svm_rbf,0,0,0.0029002418691771916,0
MAT,Subject00,svm_rbf,0,0,0.004240681349267301,0
MAT,Subject00,svm_rbf,0,0,0.03453066655625896,0
MAT,Subject00,svm_rbf,0,0,0.10379663217918969,0
MAT,Subject00,svm_rbf,0,0,0.019232943572301625,0
MAT,Subject00,svm_rbf,0,0,0.003621608781090085,0
MAT,Subject00,svm_rbf,0,0,0.02894336258006263,0
MAT,Subject00,svm_rbf,0,1,0.3353157871765192,0
MAT,Subject00,svm_rbf,0,1,0.8484091924794723,0
MAT,Subject00,svm_rbf,0,1,0.7839887995997804,0
MAT,Subject00,svm_rbf,0,0,0.15167038455325735,0
MAT,Subject00,svm_rbf,0,0,0.042480473507006844,0
MAT,Subject00,svm_rbf,0,0,0.20626679438999912,0
MAT,Subject00,svm_rbf,0,1,0.7741446305257262,0
MAT,Subject00,svm_rbf,0,0,0.08974827303562803,0
MAT,Subject00,svm_rbf,0,0,0.10863506796343642,0
MAT,Subject00,svm_rbf,0,0,0.11591425983782465,0
MAT,Subject00,svm_rbf,0,0,0.18091597565395853,0
MAT,Subject00,svm_rbf,0,0,0.23911740220375138,0
MAT,Subject00,svm_rbf,0,0,0.09445992751041313,0
MAT,Subject00,svm_rbf,0,1,0.5188849463905613,0
MAT,Subject00,svm_rbf,0,1,0.5897266526290278,0
MAT,Subject00,svm_rbf,0,0,0.13282264284753773,0
MAT,Subject00,svm_rbf,0,0,0.005778613973792738,0
MAT,Subject00,svm_rbf,0,0,0.05094103658664746,0
MAT,Subject00,svm_rbf,0,0,0.003502701776494362,0
MAT,Subject00,svm_rbf,0,0,0.000589395622781939,0
MAT,Subject00,svm_rbf,0,0,0.0013119914888944622,0
MAT,Subject00,svm_rbf,0,0,0.0060308129052002715,0
MAT,Subject00,svm_rbf,0,0,0.007929417310460408,0
MAT,Subject00,svm_rbf,0,0,0.12336996147675239,0
MAT,Subject00,svm_rbf,1,1,0.38665766734010754,0
MAT,Subject00,svm_rbf,1,1,0.6987983884614761,0
MAT,Subject00,svm_rbf,1,1,0.7585075829384229,0
MAT,Subject00,svm_rbf,1,1,0.6368741844170215,0
MAT,Subject00,svm_rbf,1,0,0.1669393843075453,0
MAT,Subject00,svm_rbf,1,0,0.03324926285979713,0
MAT,Subject00,svm_rbf,1,0,0.09294951241507544,0
MAT,Subject00,svm_rbf,1,1,0.7297428317665235,0
MAT,Subject00,svm_rbf,1,1,0.738766984256813,0
MAT,Subject00,svm_rbf,1,0,0.2880755345564404,0
MAT,Subject00,svm_rbf,1,1,0.3749597830500224,0
MAT,Subject00,svm_rbf,1,1,0.4072902066458202,0
MAT,Subject00,svm_rbf,1,1,0.4022491588293901,0
MAT,Subject00,svm_rbf,1,1,0.9496898979908788,0
MAT,Subject00,svm_rbf,1,1,0.9090702261151881,0
MAT,Subject00,svm_rbf,1,0,0.10412449889844576,0
MAT,Subject00,svm_rbf,1,1,0.9483361479724028,0
MAT,Subject00,svm_rbf,1,1,0.9525356840314212,0
MAT,Subject00,svm_rbf,1,1,0.37291640402445075,0
MAT,Subject00,svm_rbf,1,1,0.47345358641241897,0
MAT,Subject00,svm_rbf,1,1,0.3577377479890428,0
MAT,Subject00,svm_rbf,1,1,0.4262402148079628,0
MAT,Subject00,svm_rbf,1,0,0.20985427260712364,0
MAT,Subject00,svm_rbf,1,0,0.08552022932879606,0
MAT,Subject00,svm_rbf,1,0,0.06092439326650179,0
MAT,Subject00,svm_rbf,1,0,0.2646883266792271,0
MAT,Subject00,svm_rbf,1,0,0.003036309175671772,0
MAT,Subject00,svm_rbf,1,0,0.004770867535397574,0
MAT,Subject00,svm_rbf,1,0,0.0033691615679164078,0
MAT,Subject00,svm_rbf,1,1,0.5,0
MAT,Subject01,svm_rbf,0,0,0.21317428517607315,1
MAT,Subject01,svm_rbf,0,1,0.47114972905937486,1
MAT,Subject01,svm_rbf,0,1,0.5944743008868061,1
MAT,Subject01,svm_rbf,0,0,0.06643031875847591,1
MAT,Subject01,svm_rbf,0,0,0.007219714399345114,1
MAT,Subject01,svm_rbf,0,0,0.12391528997630745,1
MAT,Subject01,svm_rbf,0,1,0.6249738350946565,1
MAT,Subject01,svm_rbf,0,0,0.006033635398938121,1
MAT,Subject01,svm_rbf,0,0,0.001117583139478912,1
MAT,Subject01,svm_rbf,0,0,0.00012670507256397503,1
MAT,Subject01,svm_rbf,0,0,0.00026484996659225946,1
MAT,Subject01,svm_rbf,0,0,0.0012716667945237845,1
MAT,Subject01,svm_rbf,0,0,0.12283166301837614,1
MAT,Subject01,svm_rbf,0,0,0.1402992283976474,1
MAT,Subject01,svm_rbf,0,1,0.9354413202764131,1
MAT,Subject01,svm_rbf,0,1,0.8124443945367654,1
MAT,Subject01,svm_rbf,0,0,0.016975201233396315,1
MAT,Subject01,svm_rbf,0,0,0.0200149698743609,1
MAT,Subject01,svm_rbf,0,0,0.05546241328403234,1
MAT,Subject01,svm_rbf,0,0,0.03905114965967468,1
MAT,Subject01,svm_rbf,0,0,0.012265467431908718,1
MAT,Subject01,svm_rbf,0,0,0.0369427198207124,1
MAT,Subject01,svm_rbf,0,0,0.01464195687211023,1
MAT,Subject01,svm_rbf,0,0,0.0019230355274187946,1
MAT,Subject01,svm_rbf,0,0,0.05184130690620623,1
MAT,Subject01,svm_rbf,0,0,0.00014894883262017591,1
MAT,Subject01,svm_rbf,0,0,0.0006738672886758226,1
MAT,Subject01,svm_rbf,0,0,0.016179536540586296,1
MAT,Subject01,svm_rbf,0,0,0.14355200640321256,1
MAT,Subject01,svm_rbf,0,0,0.001091387942088046,1
MAT,Subject01,svm_rbf,0,0,0.0009340096500957442,1
MAT,Subject01,svm_rbf,0,0,0.0004714461938274125,1
MAT,Subject01,svm_rbf,0,0,0.0008623745172821613,1
MAT,Subject01,svm_rbf,0,0,0.0025716623283744094,1
MAT,Subject01,svm_rbf,0,0,4.2924978733762504e-05,1
MAT,Subject01,svm_rbf,0,0,0.0016477750910217832,1
MAT,Subject01,svm_rbf,0,0,0.11467265591468108,1
MAT,Subject01,svm_rbf,0,0,0.034467337340050454,1
MAT,Subject01,svm_rbf,0,0,0.032727180737021765,1
MAT,Subject01,svm_rbf,0,0,0.002338532897056964,1
MAT,Subject01,svm_rbf,0,0,0.0051173454987931,1
MAT,Subject01,svm_rbf,0,1,0.3654453130472521,1
MAT,Subject01,svm_rbf,0,0,0.03149687726036548,1
MAT,Subject01,svm_rbf,0,0,0.0021023330511624767,1
MAT,Subject01,svm_rbf,0,0,0.0994640886453447,1
MAT,Subject01,svm_rbf,0,0,0.0010232783007389406,1
MAT,Subject01,svm_rbf,0,0,0.00017721159177124836,1
MAT,Subject01,svm_rbf,0,0,0.017106422092964924,1
MAT,Subject01,svm_rbf,0,0,0.06318702117412496,1
MAT,Subject01,svm_rbf,0,0,0.18373064371366193,1
MAT,Subject01,svm_rbf,0,0,0.05731189727921124,1
MAT,Subject01,svm_rbf,0,1,0.3934031364470434,1
MAT,Subject01,svm_rbf,0,0,0.32044555560268223,1
MAT,Subject01,svm_rbf,0,0,0.08408885107528882,1
MAT,Subject01,svm_rbf,0,0,0.028661130930943187,1
MAT,Subject01,svm_rbf,0,0,0.005912830426961101,1
MAT,Subject01,svm_rbf,0,0,0.09158798386794226,1
MAT,Subject01,svm_rbf,0,0,0.2348181981940021,1
MAT,Subject01,svm_rbf,0,0,0.08318707672820218,1
MAT,Subject01,svm_rbf,0,0,0.004970081527452451,1
MAT,Subject01,svm_rbf,0,0,0.007506337324975076,1
MAT,Subject01,svm_rbf,0,0,0.003870818673806948,1
MAT,Subject01,svm_rbf,0,0,2.001266860800029e-05,1
MAT,Subject01,svm_rbf,0,0,0.003098051504133659,1
MAT,Subject01,svm_rbf,0,0,0.04536951836487912,1
MAT,Subject01,svm_rbf,0,0,0.11493652681911799,1
MAT,Subject01,svm_rbf,0,0,0.14366929030515171,1
MAT,Subject01,svm_rbf,0,0,0.07864141718484806,1
MAT,Subject01,svm_rbf,0,0,0.0175712392199661,1
MAT,Subject01,svm_rbf,0,0,0.007212769155814786,1
MAT,Subject01,svm_rbf,0,0,0.060689910687153896,1
MAT,Subject01,svm_rbf,0,0,0.15375091648074965,1
MAT,Subject01,svm_rbf,0,0,0.1537516767813178,1
MAT,Subject01,svm_rbf,0,0,0.16725397842276546,1
MAT,Subject01,svm_rbf,0,0,0.005756089200372155,1
MAT,Subject01,svm_rbf,0,0,0.0007809597618060985,1
MAT,Subject01,svm_rbf,0,0,0.1287595137414029,1
MAT,Subject01,svm_rbf,0,0,0.08577475061639124,1
MAT,Subject01,svm_rbf,0,0,0.1303050464084944,1
MAT,Subject01,svm_rbf,0,0,0.007557783693041763,1
MAT,Subject01,svm_rbf,0,0,0.014627494348592575,1
MAT,Subject01,svm_rbf,0,0,0.0025229783811416807,1
MAT,Subject01,svm_rbf,0,0,0.1647833995192276,1
MAT,Subject01,svm_rbf,0,0,0.1537604322480849,1
MAT,Subject01,svm_rbf,0,0,0.15379374746460406,1
MAT,Subject01,svm_rbf,0,0,0.1537516767877531,1
MAT,Subject01,svm_rbf,0,0,0.15375171781860256,1
MAT,Subject01,svm_rbf,0,0,0.2688723254832675,1
MAT,Subject01,svm_rbf,0,1,0.5451526879850213,1
MAT,Subject01,svm_rbf,0,1,0.7750927303345146,1
MAT,Subject01,svm_rbf,1,1,0.9480964422248606,1
MAT,Subject01,svm_rbf,1,1,0.7575294196423668,1
MAT,Subject01,svm_rbf,1,0,0.16174469498984753,1
MAT,Subject01,svm_rbf,1,0,0.30206224128077175,1
MAT,Subject01,svm_rbf,1,0,0.16990728656845402,1
MAT,Subject01,svm_rbf,1,0,0.09997597126947531,1
MAT,Subject01,svm_rbf,1,1,0.8576155833081527,1
MAT,Subject01,svm_rbf,1,1,0.48884798973304355,1
MAT,Subject01,svm_rbf,1,1,0.7371833899684879,1
MAT,Subject01,svm_rbf,1,1,0.9836606695250238,1
MAT,Subject01,svm_rbf,1,1,0.9933674134222983,1
MAT,Subject01,svm_rbf,1,1,0.9269796407880984,1
MAT,Subject01,svm_rbf,1,1,0.9046448052756259,1
MAT,Subject01,svm_rbf,1,0,0.15375066409387497,1
MAT,Subject01,svm_rbf,1,0,0.1529582026689597,1
MAT,Subject01,svm_rbf,1,0,0.15587820553474624,1
MAT,Subject01,svm_rbf,1,1,0.9203319445513657,1
MAT,Subject01,svm_rbf,1,0,0.24141544924321026,1
MAT,Subject01,svm_rbf,1,0,0.13947989066392635,1
MAT,Subject01,svm_rbf,1,1,0.9788475043231775,1
MAT,Subject01,svm_rbf,1,0,0.10196602509620385,1
MAT,Subject01,svm_rbf,1,0,0.1537516767877531,1
MAT,Subject01,svm_rbf,1,0,0.1537516767877531,1
MAT,Subject01,svm_rbf,1,0,0.15375068155845384,1
MAT,Subject01,svm_rbf,1,0,0.19285502400927493,1
MAT,Subject01,svm_rbf,1,1,0.8029556655317309,1
MAT,Subject01,svm_rbf,1,1,0.8585636050975235,1
MAT,Subject01,svm_rbf,1,1,0.897644671411092,1
MAT,Subject01,svm_rbf,1,1,0.344032933562872,1
MAT,Subject01,svm_rbf,1,0,0.1537516767877531,1
MAT,Subject02,svm_rbf,0,1,0.5378229205553001,2
MAT,Subject02,svm_rbf,0,1,0.8039686020315471,2
MAT,Subject02,svm_rbf,0,1,0.42783502854479494,2
MAT,Subject02,svm_rbf,0,1,0.42405961975243955,2
MAT,Subject02,svm_rbf,0,1,0.5973725206879481,2
MAT,Subject02,svm_rbf,0,1,0.5902768892375801,2
MAT,Subject02,svm_rbf,0,1,0.4730661751367479,2
MAT,Subject02,svm_rbf,0,0,0.18350561058011405,2
MAT,Subject02,svm_rbf,0,1,0.37715430825393564,2
MAT,Subject02,svm_rbf,0,0,0.2436539729644681,2
MAT,Subject02,svm_rbf,0,0,0.2321952095678888,2
MAT,Subject02,svm_rbf,0,0,0.3287771766031682,2
MAT,Subject02,svm_rbf,0,0,0.19152152452089993,2
MAT,Subject02,svm_rbf,0,1,0.5961712206687746,2
MAT,Subject02,svm_rbf,0,0,0.289163850722297,2
MAT,Subject02,svm_rbf,0,1,0.8910844074806953,2
MAT,Subject02,svm_rbf,0,0,0.0933917235065947,2
MAT,Subject02,svm_rbf,0,0,0.2539692269796895,2
MAT,Subject02,svm_rbf,0,1,0.5655345611754712,2
MAT,Subject02,svm_rbf,0,1,0.44273689404793953,2
MAT,Subject02,svm_rbf,0,0,0.20765133545635053,2
MAT,Subject02,svm_rbf,0,0,0.09435317447609541,2
MAT,Subject02,svm_rbf,0,1,0.3545213086531282,2
MAT,Subject02,svm_rbf,0,1,0.36569027164400175,2
MAT,Subject02,svm_rbf,0,1,0.67788661992261,2
MAT,Subject02,svm_rbf,0,1,0.7717653711917642,2
MAT,Subject02,svm_rbf,0,1,0.4689770378416331,2
MAT,Subject02,svm_rbf,0,1,0.42510284823683026,2
MAT,Subject02,svm_rbf,0,1,0.5086859731304673,2
MAT,Subject02,svm_rbf,0,0,0.3297543990363954,2
MAT,Subject02,svm_rbf,0,1,0.5202859840770405,2
MAT,Subject02,svm_rbf,0,1,0.3695060753969095,2
MAT,Subject02,svm_rbf,0,0,0.22343061462147193,2
MAT,Subject02,svm_rbf,0,0,0.12390370184698074,2
MAT,Subject02,svm_rbf,0,0,0.1268254393923778,2
MAT,Subject02,svm_rbf,0,0,0.07727040042061732,2
MAT,Subject02,svm_rbf,0,0,0.08235558370567038,2
MAT,Subject02,svm_rbf,0,1,0.4129422340970798,2
MAT,Subject02,svm_rbf,0,1,0.6314046590120175,2
MAT,Subject02,svm_rbf,0,0,0.283246804214056,2
MAT,Subject02,svm_rbf,0,0,0.2637921564850872,2
MAT,Subject02,svm_rbf,0,1,0.4054669914177822,2
MAT,Subject02,svm_rbf,0,0,0.3123557268579082,2
MAT,Subject02,svm_rbf,0,0,0.2504543644061765,2
MAT,Subject02,svm_rbf,0,1,0.5249438075332592,2
MAT,Subject02,svm_rbf,0,1,0.36233081510357884,2
MAT,Subject02,svm_rbf,0,1,0.6923894323958639,2
MAT,Subject02,svm_rbf,0,1,0.8260177901678689,2
MAT,Subject02,svm_rbf,0,1,0.9236062756446193,2
MAT,Subject02,svm_rbf,0,1,0.7832396348385995,2
MAT,Subject02,svm_rbf,0,1,0.44542934963593234,2
MAT,Subject02,svm_rbf,0,0,0.2592392051023508,2
MAT,Subject02,svm_rbf,0,1,0.6490409289150645,2
MAT,Subject02,svm_rbf,0,1,0.9398122994075453,2
MAT,Subject02,svm_rbf,0,0,0.11230342411125055,2
MAT,Subject02,svm_rbf,0,0,0.0541784418960376,2
MAT,Subject02,svm_rbf,0,1,0.4069896187160124,2
MAT,Subject02,svm_rbf,0,1,0.35029588569309894,2
MAT,Subject02,svm_rbf,0,1,0.6571273562435106,2
MAT,Subject02,svm_rbf,0,0,0.21474226973173693,2
MAT,Subject02,svm_rbf,0,1,0.7794538158231579,2
MAT,Subject02,svm_rbf,0,1,0.6049719175394941,2
MAT,Subject02,svm_rbf,0,0,0.22961160116633422,2
MAT,Subject02,svm_rbf,0,0,0.2450688751944179,2
MAT,Subject02,svm_rbf,0,0,0.24592724322155676,2
MAT,Subject02,svm_rbf,0,0,0.2710940219940234,2
MAT,Subject02,svm_rbf,0,0,0.24716659501307708,2
MAT,Subject02,svm_rbf,0,1,0.6128525506483411,2
MAT,Subject02,svm_rbf,0,1,0.919361121456809,2
MAT,Subject02,svm_rbf,0,1,0.9799723891141678,2
MAT,Subject02,svm_rbf,0,1,0.831514066472167,2
MAT,Subject02,svm_rbf,0,1,0.71229569734565,2
MAT,Subject02,svm_rbf,0,1,0.766202515549847,2
MAT,Subject02,svm_rbf,0,1,0.7138678242068364,2
MAT,Subject02,svm_rbf,0,1,0.6192166432740298,2
MAT,Subject02,svm_rbf,0,1,0.35239306424979105,2
MAT,Subject02,svm_rbf,0,0,0.3196225239138588,2
MAT,Subject02,svm_rbf,0,0,0.31508595084028923,2
MAT,Subject02,svm_rbf,0,1,0.33351345201183863,2
MAT,Subject02,svm_rbf,0,1,0.6186097128879977,2
MAT,Subject02,svm_rbf,0,1,0.7811002942032464,2
MAT,Subject02,svm_rbf,0,1,0.5291175000652893,2
MAT,Subject02,svm_rbf,0,1,0.8316866983549671,2
MAT,Subject02,svm_rbf,0,1,0.8409961765346379,2
MAT,Subject02,svm_rbf,0,1,0.47233188878852467,2
MAT,Subject02,svm_rbf,0,0,0.2451051415959702,2
MAT,Subject02,svm_rbf,0,0,0.24506603196280763,2
MAT,Subject02,svm_rbf,0,0,0.27321361517175624,2
MAT,Subject02,svm_rbf,0,1,0.6838562523254461,2
MAT,Subject02,svm_rbf,0,0,0.24472076401572926,2
MAT,Subject02,svm_rbf,1,1,0.3785073984284321,2
MAT,Subject02,svm_rbf,1,1,0.5525106344830016,2
MAT,Subject02,svm_rbf,1,1,0.5618205310302468,2
MAT,Subject02,svm_rbf,1,1,0.6575132112642994,2
MAT,Subject02,svm_rbf,1,1,0.5329301977032954,2
MAT,Subject02,svm_rbf,1,1,0.6008991684965772,2
MAT,Subject02,svm_rbf,1,1,0.8219163435364388,2
MAT,Subject02,svm_rbf,1,1,0.8213677900027243,2
MAT,Subject02,svm_rbf,1,1,0.6175617933969159,2
MAT,Subject02,svm_rbf,1,1,0.6525767424068526,2
MAT,Subject02,svm_rbf,1,1,0.5147458805958888,2
MAT,Subject02,svm_rbf,1,1,0.8614556445428335,2
MAT,Subject02,svm_rbf,1,1,0.9489662161681524,2
MAT,Subject02,svm_rbf,1,1,0.9091120766182108,2
MAT,Subject02,svm_rbf,1,1,0.9936789976982645,2
MAT,Subject02,svm_rbf,1,1,0.8848614767074857,2
MAT,Subject02,svm_rbf,1,1,0.9624238597154338,2
MAT,Subject02,svm_rbf,1,1,0.9916762578542885,2
MAT,Subject02,svm_rbf,1,1,0.9927141743918327,2
MAT,Subject02,svm_rbf,1,1,0.8951202201633573,2
MAT,Subject02,svm_rbf,1,1,0.9505806048375416,2
MAT,Subject02,svm_rbf,1,1,0.9510612950483008,2
MAT,Subject02,svm_rbf,1,1,0.9808850076116796,2
MAT,Subject02,svm_rbf,1,1,0.8798398338451952,2
MAT,Subject02,svm_rbf,1,1,0.8516438438706174,2
MAT,Subject02,svm_rbf,1,1,0.9455385869880624,2
MAT,Subject02,svm_rbf,1,1,0.42907493939282737,2
MAT,Subject02,svm_rbf,1,1,0.6269515614996064,2
MAT,Subject02,svm_rbf,1,1,0.9970268244892333,2
MAT,Subject02,svm_rbf,1,1,0.3883524168364828,2
MAT,Subject03,svm_rbf,0,0,0.003000014386049416,3
MAT,Subject03,svm_rbf,0,0,0.0003428084442003139,3
MAT,Subject03,svm_rbf,0,0,0.0002521264371629706,3
MAT,Subject03,svm_rbf,0,0,0.0026372497237031603,3
MAT,Subject03,svm_rbf,0,0,0.0013117520588585027,3
MAT,Subject03,svm_rbf,0,0,0.0019720917335317354,3
MAT,Subject03,svm_rbf,0,0,0.00018929348793225297,3
MAT,Subject03,svm_rbf,0,0,0.00026753118401764135,3
MAT,Subject03,svm_rbf,0,0,0.0005024479837880009,3
MAT,Subject03,svm_rbf,0,0,0.0001732221162369177,3
MAT,Subject03,svm_rbf,0,0,2.2881262811860013e-05,3
MAT,Subject03,svm_rbf,0,0,0.0002926531158710996,3
MAT,Subject03,svm_rbf,0,0,0.00424887836728007,3
MAT,Subject03,svm_rbf,0,0,0.0005971974168236439,3
MAT,Subject03,svm_rbf,0,0,0.00031261462931107326,3
MAT,Subject03,svm_rbf,0,0,0.0002615078083122106,3
MAT,Subject03,svm_rbf,0,0,2.091306900636431e-05,3
MAT,Subject03,svm_rbf,0,0,7.170020660508293e-05,3
MAT,Subject03,svm_rbf,0,0,0.0003456129891968322,3
MAT,Subject03,svm_rbf,0,0,6.342360482976848e-05,3
MAT,Subject03,svm_rbf,0,0,0.0006290732435178762,3
MAT,Subject03,svm_rbf,0,0,5.3418376642709353e-05,3
MAT,Subject03,svm_rbf,0,0,0.0006892237874771578,3
MAT,Subject03,svm_rbf,0,0,0.003500141933661799,3
MAT,Subject03,svm_rbf,0,0,0.0003849665229107968,3
MAT,Subject03,svm_rbf,0,0,0.186745954490815,3
MAT,Subject03,svm_rbf,0,0,0.18346420279045297,3
MAT,Subject03,svm_rbf,0,0,0.11121648910409088,3
MAT,Subject03,svm_rbf,0,0,0.00021440071506451631,3
MAT,Subject03,svm_rbf,0,0,0.00020130440223919017,3
MAT,Subject03,svm_rbf,0,0,3.6159762182854784e-05,3
MAT,Subject03,svm_rbf,0,0,0.00010344628137255714,3
MAT,Subject03,svm_rbf,0,0,0.022156742261740144,3
MAT,Subject03,svm_rbf,0,0,0.009602346197987483,3
MAT,Subject03,svm_rbf,0,0,0.001783483713566945,3
MAT,Subject03,svm_rbf,0,0,0.004016023771039033,3
MAT,Subject03,svm_rbf,0,0,0.00013310107990144524,3
MAT,Subject03,svm_rbf,0,0,9.213322418392831e-06,3
MAT,Subject03,svm_rbf,0,0,0.00012092244113233658,3
MAT,Subject03,svm_rbf,0,0,7.994800511711978e-05,3
MAT,Subject03,svm_rbf,0,0,1.0467207064280425e-05,3
MAT,Subject03,svm_rbf,0,0,0.0004241168735911919,3
MAT,Subject03,svm_rbf,0,0,0.0002626875509774555,3
MAT,Subject03,svm_rbf,0,0,2.7985567731513936e-06,3
MAT,Subject03,svm_rbf,0,0,4.3461197574912034e-05,3
MAT,Subject03,svm_rbf,0,0,5.7172396282640926e-05,3
MAT,Subject03,svm_rbf,0,0,3.983781826834061e-05,3
MAT,Subject03,svm_rbf,0,0,6.053232454793936e-05,3
MAT,Subject03,svm_rbf,0,0,8.857760461055573e-05,3
MAT,Subject03,svm_rbf,0,0,0.000244960572335859,3
MAT,Subject03,svm_rbf,0,0,2.2132037011304555e-05,3
MAT,Subject03,svm_rbf,0,0,0.00011330011061158313,3
MAT,Subject03,svm_rbf,0,0,7.003140280152932e-05,3
MAT,Subject03,svm_rbf,0,0,0.0003165577254099419,3
MAT,Subject03,svm_rbf,0,0,0.00037249409014971534,3
MAT,Subject03,svm_rbf,0,0,0.0021265998154073214,3
MAT,Subject03,svm_rbf,0,0,0.00121926541529101,3
MAT,Subject03,svm_rbf,0,0,0.00010469367101962911,3
MAT,Subject03,svm_rbf,0,0,6.4204734337747195e-06,3
MAT,Subject03,svm_rbf,0,0,0.0001629809767558939,3
MAT,Subject03,svm_rbf,0,0,0.01070140043615376,3
MAT,Subject03,svm_rbf,0,0,0.00029011043196280553,3
MAT,Subject03,svm_rbf,0,0,3.938589594183581e-05,3
MAT,Subject03,svm_rbf,0,0,2.180590058171925e-05,3
MAT,Subject03,svm_rbf,0,0,4.7746372936132405e-06,3
MAT,Subject03,svm_rbf,0,0,5.489681254624912e-05,3
MAT,Subject03,svm_rbf,0,0,0.0014704627605192711,3
MAT,Subject03,svm_rbf,0,0,0.0008355593345305687,3
MAT,Subject03,svm_rbf,0,0,1.59663869479995e-05,3
MAT,Subject03,svm_rbf,0,0,1.932395504041185e-06,3
MAT,Subject03,svm_rbf,0,0,1.812383536600522e-05,3
MAT,Subject03,svm_rbf,0,0,0.00717621775394865,3
MAT,Subject03,svm_rbf,0,0,0.0007219076869398526,3
MAT,Subject03,svm_rbf,0,0,5.810133207878738e-05,3
MAT,Subject03,svm_rbf,0,0,0.0011063718917468028,3
MAT,Subject03,svm_rbf,0,0,4.4084956489059356e-05,3
MAT,Subject03,svm_rbf,0,0,2.0643421728730038e-05,3
MAT,Subject03,svm_rbf,0,0,4.543829334182959e-05,3
MAT,Subject03,svm_rbf,0,0,0.00018362387211282982,3
MAT,Subject03,svm_rbf,0,0,5.805025955592874e-06,3
MAT,Subject03,svm_rbf,0,0,6.058328194700703e-06,3
MAT,Subject03,svm_rbf,0,0,0.00043778606160712913,3
MAT,Subject03,svm_rbf,0,0,0.0001531343935227553,3
MAT,Subject03,svm_rbf,0,0,5.959001149464816e-06,3
MAT,Subject03,svm_rbf,0,0,1.126834009759258e-05,3
MAT,Subject03,svm_rbf,0,0,0.0003438420604553141,3
MAT,Subject03,svm_rbf,0,0,3.386335674666669e-05,3
MAT,Subject03,svm_rbf,0,0,2.566564589569427e-05,3
MAT,Subject03,svm_rbf,0,0,2.580061362758257e-05,3
MAT,Subject03,svm_rbf,0,0,0.042197688783482803,3
MAT,Subject03,svm_rbf,1,0,0.001007551052920221,3
MAT,Subject03,svm_rbf,1,0,0.0002838645490904389,3
MAT,Subject03,svm_rbf,1,0,0.0006023496449031534,3
MAT,Subject03,svm_rbf,1,0,0.0009525818230875475,3
MAT,Subject03,svm_rbf,1,0,6.904455445364998e-05,3
MAT,Subject03,svm_rbf,1,0,0.0009922409223254581,3
MAT,Subject03,svm_rbf,1,0,0.004024543266298939,3
MAT,Subject03,svm_rbf,1,0,0.05294265424271771,3
MAT,Subject03,svm_rbf,1,0,0.004630406421071323,3
MAT,Subject03,svm_rbf,1,0,0.0001041603001887955,3
MAT,Subject03,svm_rbf,1,0,0.0011848316103481716,3
MAT,Subject03,svm_rbf,1,0,0.009025527394966863,3
MAT,Subject03,svm_rbf,1,0,0.002162365355916349,3
MAT,Subject03,svm_rbf,1,0,0.0016009876012105,3
MAT,Subject03,svm_rbf,1,0,7.482281690918236e-05,3
MAT,Subject03,svm_rbf,1,0,0.00130372977057141,3
MAT,Subject03,svm_rbf,1,0,0.0013625702578770281,3
MAT,Subject03,svm_rbf,1,0,0.0021017780928482784,3
MAT,Subject03,svm_rbf,1,0,0.001097862319139587,3
MAT,Subject03,svm_rbf,1,0,0.0009388129541303008,3
MAT,Subject03,svm_rbf,1,0,0.00695963119263558,3
MAT,Subject03,svm_rbf,1,0,0.013627181926558818,3
MAT,Subject03,svm_rbf,1,0,0.0006895707475233233,3
MAT,Subject03,svm_rbf,1,0,0.00017279022395650065,3
MAT,Subject03,svm_rbf,1,0,0.0008605955445270996,3
MAT,Subject03,svm_rbf,1,0,0.0019244822893629099,3
MAT,Subject03,svm_rbf,1,0,2.436429432701649e-05,3
MAT,Subject03,svm_rbf,1,0,0.0001490830185270322,3
MAT,Subject03,svm_rbf,1,0,9.643905996984763e-05,3
MAT,Subject03,svm_rbf,1,0,0.25204089623106807,3
MAT,Subject04,svm_rbf,0,0,0.04496157993930404,4
MAT,Subject04,svm_rbf,0,0,0.0008302477541238132,4
MAT,Subject04,svm_rbf,0,0,0.0005321605252097504,4
MAT,Subject04,svm_rbf,0,0,0.012280088884278765,4
MAT,Subject04,svm_rbf,0,0,0.014508859262845366,4
MAT,Subject04,svm_rbf,0,0,0.0010826587258017432,4
MAT,Subject04,svm_rbf,0,0,0.01075834165790705,4
MAT,Subject04,svm_rbf,0,0,0.023629145814624337,4
MAT,Subject04,svm_rbf,0,0,0.05565256239624053,4
MAT,Subject04,svm_rbf,0,0,0.057301662135097825,4
MAT,Subject04,svm_rbf,0,0,0.00029160094867091086,4
MAT,Subject04,svm_rbf,0,0,0.0076377491098463595,4
MAT,Subject04,svm_rbf,0,0,0.006076143477132162,4
MAT,Subject04,svm_rbf,0,0,0.03997711960784159,4
MAT,Subject04,svm_rbf,0,0,0.0069468430767509375,4
MAT,Subject04,svm_rbf,0,0,0.004411073858794006,4
MAT,Subject04,svm_rbf,0,0,0.017504999748333236,4
MAT,Subject04,svm_rbf,0,0,0.14786661946306173,4
MAT,Subject04,svm_rbf,0,0,0.004410733156035148,4
MAT,Subject04,svm_rbf,0,0,0.002298798037238535,4
MAT,Subject04,svm_rbf,0,0,0.0003094371962579243,4
MAT,Subject04,svm_rbf,0,0,3.1244938419057055e-05,4
MAT,Subject04,svm_rbf,0,0,0.1390400983093901,4
MAT,Subject04,svm_rbf,0,0,0.146815820092552,4
MAT,Subject04,svm_rbf,0,0,0.012291923367774755,4
MAT,Subject04,svm_rbf,0,0,0.006386299691733193,4
MAT,Subject04,svm_rbf,0,0,0.011662294162396596,4
MAT,Subject04,svm_rbf,0,0,7.38329026177725e-05,4
MAT,Subject04,svm_rbf,0,0,0.008008174893412837,4
MAT,Subject04,svm_rbf,0,0,0.021633836742948206,4
MAT,Subject04,svm_rbf,0,0,0.024065504378645432,4
MAT,Subject04,svm_rbf,0,0,0.00013056674221457798,4
MAT,Subject04,svm_rbf,0,0,0.000810721901869714,4
MAT,Subject04,svm_rbf,0,0,0.0026875426451849005,4
MAT,Subject04,svm_rbf,0,0,0.05424379927536451,4
MAT,Subject04,svm_rbf,0,0,0.16921400692338423,4
MAT,Subject04,svm_rbf,0,1,0.5059513075569139,4
MAT,Subject04,svm_rbf,0,0,0.04619061093925948,4
MAT,Subject04,svm_rbf,0,0,0.008892326109153578,4
MAT,Subject04,svm_rbf,0,0,0.006290323116637875,4
MAT,Subject04,svm_rbf,0,0,0.007169289560865767,4
MAT,Subject04,svm_rbf,0,0,0.08494999464310284,4
MAT,Subject04,svm_rbf,0,0,0.256933453889272,4
MAT,Subject04,svm_rbf,0,1,0.41180931590269204,4
MAT,Subject04,svm_rbf,0,0,0.004373047945336842,4
MAT,Subject04,svm_rbf,0,0,0.045353902161130964,4
MAT,Subject04,svm_rbf,0,1,0.46056439540571725,4
MAT,Subject04,svm_rbf,0,0,0.23299241177850286,4
MAT,Subject04,svm_rbf,0,0,0.09415469187835701,4
MAT,Subject04,svm_rbf,0,0,0.09280598202063473,4
MAT,Subject04,svm_rbf,0,0,0.02546217813401022,4
MAT,Subject04,svm_rbf,0,0,0.0006884440425704159,4
MAT,Subject04,svm_rbf,0,0,0.2932117070208425,4
MAT,Subject04,svm_rbf,0,0,0.2603382195100667,4
MAT,Subject04,svm_rbf,0,0,0.17516075326473646,4
MAT,Subject04,svm_rbf,0,0,0.2890212592564035,4
MAT,Subject04,svm_rbf,0,0,0.2403573473354662,4
MAT,Subject04,svm_rbf,0,0,0.26254452405951995,4
MAT,Subject04,svm_rbf,0,0,0.03924654647442479,4
MAT,Subject04,svm_rbf,0,0,0.0008086981029502506,4
MAT,Subject04,svm_rbf,0,0,0.003052294361183351,4
MAT,Subject04,svm_rbf,0,0,0.007484744656817984,4
MAT,Subject04,svm_rbf,0,0,0.008171242403541685,4
MAT,Subject04,svm_rbf,0,0,0.026183016689158175,4
MAT,Subject04,svm_rbf,0,0,0.02937514731639633,4
MAT,Subject04,svm_rbf,0,0,0.022858234662219614,4
MAT,Subject04,svm_rbf,0,0,0.04486483255885938,4
MAT,Subject04,svm_rbf,0,1,0.4094392746433272,4
MAT,Subject04,svm_rbf,0,1,0.4118866060713367,4
MAT,Subject04,svm_rbf,0,0,0.2298519177400966,4
MAT,Subject04,svm_rbf,0,0,0.16070863540641667,4
MAT,Subject04,svm_rbf,0,0,0.23660062275753765,4
MAT,Subject04,svm_rbf,0,0,0.2379707148824455,4
MAT,Subject04,svm_rbf,0,0,0.24019233616291652,4
MAT,Subject04,svm_rbf,0,0,0.2404351941418433,4
MAT,Subject04,svm_rbf,0,0,0.2336208226504363,4
MAT,Subject04,svm_rbf,0,0,0.1979456262112148,4
MAT,Subject04,svm_rbf,0,0,0.2295401883291351,4
MAT,Subject04,svm_rbf,0,0,0.14193786539081296,4
MAT,Subject04,svm_rbf,0,0,0.0040757185539330365,4
MAT,Subject04,svm_rbf,0,0,0.009898710893086266,4
MAT,Subject04,svm_rbf,0,0,0.00010958180934180625,4
MAT,Subject04,svm_rbf,0,0,0.004658942047517232,4
MAT,Subject04,svm_rbf,0,0,0.24607664007805413,4
MAT,Subject04,svm_rbf,1,0,0.29389353167614296,4
MAT,Subject04,svm_rbf,1,1,0.46032730081238454,4
MAT,Subject04,svm_rbf,1,0,0.004689237088828023,4
MAT,Subject04,svm_rbf,1,0,0.0024376532894775844,4
MAT,Subject04,svm_rbf,1,0,0.0037455716440024643,4
MAT,Subject04,svm_rbf,1,0,0.08205226745247204,4
MAT,Subject04,svm_rbf,1,0,0.04654473995259998,4
MAT,Subject04,svm_rbf,1,1,0.6212122998568977,4
MAT,Subject04,svm_rbf,1,0,0.00801855181783966,4
MAT,Subject04,svm_rbf,1,0,0.00035693898790002806,4
MAT,Subject04,svm_rbf,1,0,0.08232734075805594,4
MAT,Subject04,svm_rbf,1,1,0.8290071145963926,4
MAT,Subject04,svm_rbf,1,1,0.38511164651963775,4
MAT,Subject04,svm_rbf,1,0,0.019974302641233184,4
MAT,Subject04,svm_rbf,1,0,8.532092064011833e-05,4
MAT,Subject04,svm_rbf,1,0,0.002568196078864501,4
MAT,Subject04,svm_rbf,1,0,0.0005639928732910502,4
MAT,Subject04,svm_rbf,1,0,0.002816236181337291,4
MAT,Subject04,svm_rbf,1,1,0.48471644782317486,4
MAT,Subject04,svm_rbf,1,1,0.5968515434720766,4
MAT,Subject04,svm_rbf,1,0,0.2685760013310258,4
MAT,Subject04,svm_rbf,1,1,0.72782393274314,4
MAT,Subject04,svm_rbf,1,0,0.18536249295823995,4
MAT,Subject04,svm_rbf,1,0,0.004459130127788006,4
MAT,Subject04,svm_rbf,1,0,0.1831984773447312,4
MAT,Subject04,svm_rbf,1,0,0.21020952557099315,4
MAT,Subject04,svm_rbf,1,0,0.01283714044664977,4
MAT,Subject04,svm_rbf,1,0,0.00031971691326638277,4
MAT,Subject04,svm_rbf,1,0,0.010821905681507527,4
MAT,Subject04,svm_rbf,1,1,0.42033798460444605,4
MAT,Subject05,svm_rbf,0,0,0.03201939169433137,5
MAT,Subject05,svm_rbf,0,1,0.36973839059577124,5
MAT,Subject05,svm_rbf,0,0,0.011979070113251328,5
MAT,Subject05,svm_rbf,0,0,0.02756576294273357,5
MAT,Subject05,svm_rbf,0,0,0.10614505416159288,5
MAT,Subject05,svm_rbf,0,0,0.011545633259683408,5
MAT,Subject05,svm_rbf,0,0,0.025121518403753044,5
MAT,Subject05,svm_rbf,0,0,0.022630577858179103,5
MAT,Subject05,svm_rbf,0,0,0.17989585411651993,5
MAT,Subject05,svm_rbf,0,0,0.19745606099510893,5
MAT,Subject05,svm_rbf,0,1,0.574546904793301,5
MAT,Subject05,svm_rbf,0,0,0.006290825652269805,5
MAT,Subject05,svm_rbf,0,0,0.008339658524706884,5
MAT,Subject05,svm_rbf,0,0,0.024640829357678574,5
MAT,Subject05,svm_rbf,0,0,0.0009474703284965624,5
MAT,Subject05,svm_rbf,0,0,5.8662903338922045e-05,5
MAT,Subject05,svm_rbf,0,1,0.35746431097429365,5
MAT,Subject05,svm_rbf,0,0,0.3022793023111543,5
MAT,Subject05,svm_rbf,0,0,0.018199188817043917,5
MAT,Subject05,svm_rbf,0,0,0.07528509413461994,5
MAT,Subject05,svm_rbf,0,0,0.009221880120618937,5
MAT,Subject05,svm_rbf,0,0,0.11415899445338196,5
MAT,Subject05,svm_rbf,0,1,0.5381538462961349,5
MAT,Subject05,svm_rbf,0,0,0.22350969548181063,5
MAT,Subject05,svm_rbf,0,0,0.2081170451263526,5
MAT,Subject05,svm_rbf,0,0,0.12719750070835045,5
MAT,Subject05,svm_rbf,0,0,0.28110225908848363,5
MAT,Subject05,svm_rbf,0,0,0.008727299743017596,5
MAT,Subject05,svm_rbf,0,0,0.011798541564597333,5
MAT,Subject05,svm_rbf,0,0,0.0017060021963720556,5
MAT,Subject05,svm_rbf,0,0,0.00039104305948697117,5
MAT,Subject05,svm_rbf,0,0,0.0002574175590528848,5
MAT,Subject05,svm_rbf,0,0,0.007637554261295898,5
MAT,Subject05,svm_rbf,0,0,0.005189026273810777,5
MAT,Subject05,svm_rbf,0,0,0.060016828108406785,5
MAT,Subject05,svm_rbf,0,0,0.011455458754654502,5
MAT,Subject05,svm_rbf,0,0,0.0006293151115062103,5
MAT,Subject05,svm_rbf,0,1,0.6507810031315898,5
MAT,Subject05,svm_rbf,0,1,0.8559745898684813,5
MAT,Subject05,svm_rbf,0,0,0.010945906686323954,5
MAT,Subject05,svm_rbf,0,0,0.001134946071218843,5
MAT,Subject05,svm_rbf,0,0,0.032227378923820285,5
MAT,Subject05,svm_rbf,0,1,0.4620723702634151,5
MAT,Subject05,svm_rbf,0,1,0.47881407113404373,5
MAT,Subject05,svm_rbf,0,1,0.8332699104623369,5
MAT,Subject05,svm_rbf,0,0,0.0036929670586796103,5
MAT,Subject05,svm_rbf,0,0,0.017241147407109293,5
MAT,Subject05,svm_rbf,0,0,0.04929724221279092,5
MAT,Subject05,svm_rbf,0,0,0.2788767960690402,5
MAT,Subject05,svm_rbf,0,0,0.02294779959080143,5
MAT,Subject05,svm_rbf,0,0,0.006683391159898505,5
MAT,Subject05,svm_rbf,0,0,0.002384993170026087,5
MAT,Subject05,svm_rbf,0,0,0.0026193563179712164,5
MAT,Subject05,svm_rbf,0,0,0.038062001292783865,5
MAT,Subject05,svm_rbf,0,0,0.020176144894152415,5
MAT,Subject05,svm_rbf,0,0,0.0714139491746851,5
MAT,Subject05,svm_rbf,0,0,0.19456433297512596,5
MAT,Subject05,svm_rbf,0,0,0.014486918817278671,5
MAT,Subject05,svm_rbf,0,0,0.0002709612849356644,5
MAT,Subject05,svm_rbf,0,0,0.004245368534613331,5
MAT,Subject05,svm_rbf,0,0,0.28697153186385105,5
MAT,Subject05,svm_rbf,0,1,0.3831844344658563,5
MAT,Subject05,svm_rbf,0,0,0.032577399767321776,5
MAT,Subject05,svm_rbf,0,0,0.00038458519004921416,5
MAT,Subject05,svm_rbf,0,0,0.0005293786958744692,5
MAT,Subject05,svm_rbf,0,0,0.14072482269364847,5
MAT,Subject05,svm_rbf,0,0,0.023778813556141528,5
MAT,Subject05,svm_rbf,0,0,0.005838433787617162,5
MAT,Subject05,svm_rbf,0,0,5.1004785484309325e-05,5
MAT,Subject05,svm_rbf,0,0,0.0036008168550151942,5
MAT,Subject05,svm_rbf,0,0,0.2359533651629416,5
MAT,Subject05,svm_rbf,0,0,0.013091054725804551,5
MAT,Subject05,svm_rbf,0,0,0.014776987581217425,5
MAT,Subject05,svm_rbf,0,0,0.009552379920064415,5
MAT,Subject05,svm_rbf,0,0,0.0023169049927543144,5
MAT,Subject05,svm_rbf,0,0,0.03349306159135825,5
MAT,Subject05,svm_rbf,0,1,0.7610721617606409,5
MAT,Subject05,svm_rbf,0,0,0.1581798037879615,5
MAT,Subject05,svm_rbf,0,0,0.014700540722269185,5
MAT,Subject05,svm_rbf,0,0,0.026349932701218194,5
MAT,Subject05,svm_rbf,0,0,0.020028160398875235,5
MAT,Subject05,svm_rbf,0,0,0.011722501661443485,5
MAT,Subject05,svm_rbf,0,0,0.005381564406516213,5
MAT,Subject05,svm_rbf,0,0,0.2534253286161055,5
MAT,Subject05,svm_rbf,0,0,0.09207386019063502,5
MAT,Subject05,svm_rbf,0,0,0.12217031864767766,5
MAT,Subject05,svm_rbf,0,0,0.0011123173878350684,5
MAT,Subject05,svm_rbf,0,0,0.006588426413641627,5
MAT,Subject05,svm_rbf,0,0,0.030963951933125972,5
MAT,Subject05,svm_rbf,0,0,0.24317552281754418,5
MAT,Subject05,svm_rbf,1,1,0.9999918024301935,5
MAT,Subject05,svm_rbf,1,0,0.12093047433064173,5
MAT,Subject05,svm_rbf,1,0,0.1394427498929422,5
MAT,Subject05,svm_rbf,1,1,0.5602786422281419,5
MAT,Subject05,svm_rbf,1,1,0.653975616898959,5
MAT,Subject05,svm_rbf,1,0,0.18897782873816346,5
MAT,Subject05,svm_rbf,1,1,0.5967761260330924,5
MAT,Subject05,svm_rbf,1,1,0.33849639628640377,5
MAT,Subject05,svm_rbf,1,0,0.07969867660652674,5
MAT,Subject05,svm_rbf,1,1,0.35369810719165573,5
MAT,Subject05,svm_rbf,1,1,0.5204507693407525,5
MAT,Subject05,svm_rbf,1,1,0.7323149834374774,5
MAT,Subject05,svm_rbf,1,1,0.898020831918229,5
MAT,Subject05,svm_rbf,1,1,0.8443340789153093,5
MAT,Subject05,svm_rbf,1,1,0.6638131818851847,5
MAT,Subject05,svm_rbf,1,1,0.931129462333266,5
MAT,Subject05,svm_rbf,1,1,0.3497289063239424,5
MAT,Subject05,svm_rbf,1,0,0.19152463663241762,5
MAT,Subject05,svm_rbf,1,0,0.13178219077233216,5
MAT,Subject05,svm_rbf,1,0,0.04587370334989584,5
MAT,Subject05,svm_rbf,1,0,0.13882456455018208,5
MAT,Subject05,svm_rbf,1,1,0.8888039382514275,5
MAT,Subject05,svm_rbf,1,1,0.5586319792842743,5
MAT,Subject05,svm_rbf,1,1,0.4780487366842714,5
MAT,Subject05,svm_rbf,1,0,0.26552441319587367,5
MAT,Subject05,svm_rbf,1,0,0.03074311798546524,5
MAT,Subject05,svm_rbf,1,0,0.023879123040438134,5
MAT,Subject05,svm_rbf,1,1,0.5288067143553975,5
MAT,Subject05,svm_rbf,1,0,0.2439579228422845,5
MAT,Subject05,svm_rbf,1,0,0.0220952079787331,5
MAT,Subject06,svm_rbf,0,1,0.6167443409855256,6
MAT,Subject06,svm_rbf,0,1,0.9860522754808232,6
MAT,Subject06,svm_rbf,0,1,0.9563555316090617,6
MAT,Subject06,svm_rbf,0,0,0.054762477217057834,6
MAT,Subject06,svm_rbf,0,0,0.2845993949781006,6
MAT,Subject06,svm_rbf,0,1,0.40206918196449615,6
MAT,Subject06,svm_rbf,0,0,0.02011417099333345,6
MAT,Subject06,svm_rbf,0,1,0.4430053682264104,6
MAT,Subject06,svm_rbf,0,1,0.5,6
MAT,Subject06,svm_rbf,0,0,0.09718436957800053,6
MAT,Subject06,svm_rbf,0,0,0.12445056382921245,6
MAT,Subject06,svm_rbf,0,0,0.01436309741415804,6
MAT,Subject06,svm_rbf,0,0,0.05804312135134084,6
MAT,Subject06,svm_rbf,0,0,0.22418811271622963,6
MAT,Subject06,svm_rbf,0,0,0.05243112722843272,6
MAT,Subject06,svm_rbf,0,0,0.10957594123728949,6
MAT,Subject06,svm_rbf,0,0,0.02771282085263299,6
MAT,Subject06,svm_rbf,0,0,0.1348190635341378,6
MAT,Subject06,svm_rbf,0,1,0.4008500622799194,6
MAT,Subject06,svm_rbf,0,0,0.11484643303350833,6
MAT,Subject06,svm_rbf,0,1,0.5,6
MAT,Subject06,svm_rbf,0,1,0.7877502667161526,6
MAT,Subject06,svm_rbf,0,1,0.3419492693089597,6
MAT,Subject06,svm_rbf,0,0,0.14556905227713682,6
MAT,Subject06,svm_rbf,0,1,0.818775384855503,6
MAT,Subject06,svm_rbf,0,1,0.9141643294883712,6
MAT,Subject06,svm_rbf,0,1,0.6368776453043306,6
MAT,Subject06,svm_rbf,0,1,0.8178160268965997,6
MAT,Subject06,svm_rbf,0,1,0.7736580041300152,6
MAT,Subject06,svm_rbf,0,0,0.01139442458143965,6
MAT,Subject06,svm_rbf,0,0,0.07169165484790108,6
MAT,Subject06,svm_rbf,0,0,0.022074706718230187,6
MAT,Subject06,svm_rbf,0,0,0.22158570545699155,6
MAT,Subject06,svm_rbf,0,1,0.663822235975441,6
MAT,Subject06,svm_rbf,0,0,0.221795933331846,6
MAT,Subject06,svm_rbf,0,1,0.6956092836588991,6
MAT,Subject06,svm_rbf,0,1,0.6889348563452558,6
MAT,Subject06,svm_rbf,0,0,0.2608008258065006,6
MAT,Subject06,svm_rbf,0,1,0.9500578009471776,6
MAT,Subject06,svm_rbf,0,1,0.7891974949226751,6
MAT,Subject06,svm_rbf,0,1,0.6466519816412238,6
MAT,Subject06,svm_rbf,0,0,0.00641873739608684,6
MAT,Subject06,svm_rbf,0,0,0.10706219097786711,6
MAT,Subject06,svm_rbf,0,0,0.035143377246389364,6
MAT,Subject06,svm_rbf,0,0,0.009454698447503447,6
MAT,Subject06,svm_rbf,0,0,0.14966410230886895,6
MAT,Subject06,svm_rbf,0,0,0.19437838319118844,6
MAT,Subject06,svm_rbf,0,0,0.037875958102796474,6
MAT,Subject06,svm_rbf,0,0,0.12606723880817441,6
MAT,Subject06,svm_rbf,0,0,0.00324051881065356,6
MAT,Subject06,svm_rbf,0,0,0.19470982084119198,6
MAT,Subject06,svm_rbf,0,0,0.07642783253169809,6
MAT,Subject06,svm_rbf,0,0,0.06161501202255359,6
MAT,Subject06,svm_rbf,0,0,0.10009816395557217,6
MAT,Subject06,svm_rbf,0,1,0.9019668326344699,6
MAT,Subject06,svm_rbf,0,1,0.5465750218699189,6
MAT,Subject06,svm_rbf,0,1,0.8457631050751648,6
MAT,Subject06,svm_rbf,0,0,0.1988237137111574,6
MAT,Subject06,svm_rbf,0,1,0.40935601283020895,6
MAT,Subject06,svm_rbf,0,1,0.6392886519239457,6
MAT,Subject06,svm_rbf,0,0,0.1843114799687366,6
MAT,Subject06,svm_rbf,0,1,0.6660088960675539,6
MAT,Subject06,svm_rbf,0,1,0.8328188500754374,6
MAT,Subject06,svm_rbf,0,1,0.7423238209776003,6
MAT,Subject06,svm_rbf,0,0,0.31266843858099375,6
MAT,Subject06,svm_rbf,0,0,0.179415880594618,6
MAT,Subject06,svm_rbf,0,1,0.4567493716764799,6
MAT,Subject06,svm_rbf,0,0,0.170482281433799,6
MAT,Subject06,svm_rbf,0,0,0.03683663493046256,6
MAT,Subject06,svm_rbf,0,0,0.06661466927506814,6
MAT,Subject06,svm_rbf,0,0,0.21170511263840588,6
MAT,Subject06,svm_rbf,0,1,0.4813890645832101,6
MAT,Subject06,svm_rbf,0,1,0.738416439479389,6
MAT,Subject06,svm_rbf,0,1,0.9298411124794764,6
MAT,Subject06,svm_rbf,0,1,0.46887675143219676,6
MAT,Subject06,svm_rbf,0,1,0.3837932503374307,6
MAT,Subject06,svm_rbf,0,1,0.4118205094345156,6
MAT,Subject06,svm_rbf,0,1,0.33563536619649537,6
MAT,Subject06,svm_rbf,0,0,0.10136458279371745,6
MAT,Subject06,svm_rbf,0,0,0.27297455244074287,6
MAT,Subject06,svm_rbf,0,1,0.4370158037524678,6
MAT,Subject06,svm_rbf,0,0,0.25840650544973154,6
MAT,Subject06,svm_rbf,0,0,0.030263287312927566,6
MAT,Subject06,svm_rbf,0,0,0.0024804443038909324,6
MAT,Subject06,svm_rbf,0,0,0.037326448833425244,6
MAT,Subject06,svm_rbf,0,0,0.16291811433766704,6
MAT,Subject06,svm_rbf,0,0,0.14728909883437494,6
MAT,Subject06,svm_rbf,0,0,0.004347833521553728,6
MAT,Subject06,svm_rbf,0,0,0.1012106598999598,6
MAT,Subject06,svm_rbf,0,0,0.18138735354122992,6
MAT,Subject06,svm_rbf,1,0,0.19468683080057628,6
MAT,Subject06,svm_rbf,1,0,0.30708559347703984,6
MAT,Subject06,svm_rbf,1,1,0.8863633168228843,6
MAT,Subject06,svm_rbf,1,1,0.6531020089962603,6
MAT,Subject06,svm_rbf,1,0,0.30620182701088594,6
MAT,Subject06,svm_rbf,1,1,0.7477116926551548,6
MAT,Subject06,svm_rbf,1,1,0.808530859946705,6
MAT,Subject06,svm_rbf,1,1,0.7217526745367303,6
MAT,Subject06,svm_rbf,1,0,0.2533629326628396,6
MAT,Subject06,svm_rbf,1,1,0.9037691981142145,6
MAT,Subject06,svm_rbf,1,1,0.40758847691371436,6
MAT,Subject06,svm_rbf,1,0,0.23544703480585213,6
MAT,Subject06,svm_rbf,1,1,0.582217633708561,6
MAT,Subject06,svm_rbf,1,1,0.6939688819603103,6
MAT,Subject06,svm_rbf,1,1,0.6676403835556932,6
MAT,Subject06,svm_rbf,1,1,0.4328436839010167,6
MAT,Subject06,svm_rbf,1,0,0.19669735183307982,6
MAT,Subject06,svm_rbf,1,1,0.4587499557098866,6
MAT,Subject06,svm_rbf,1,1,0.7496150801121142,6
MAT,Subject06,svm_rbf,1,1,0.6991814793288438,6
MAT,Subject06,svm_rbf,1,1,0.5734329421406865,6
MAT,Subject06,svm_rbf,1,1,0.3988128605057987,6
MAT,Subject06,svm_rbf,1,0,0.11918657158943358,6
MAT,Subject06,svm_rbf,1,0,0.023489981870756918,6
MAT,Subject06,svm_rbf,1,0,0.24791018569719922,6
MAT,Subject06,svm_rbf,1,1,0.5490001587000124,6
MAT,Subject06,svm_rbf,1,1,0.9355690994368162,6
MAT,Subject06,svm_rbf,1,1,0.5389030029108918,6
MAT,Subject06,svm_rbf,1,0,0.17816545479665655,6
MAT,Subject06,svm_rbf,1,1,0.6913599887612026,6
MAT,Subject07,svm_rbf,0,0,0.13381128605684603,7
MAT,Subject07,svm_rbf,0,0,0.28006882264204735,7
MAT,Subject07,svm_rbf,0,0,0.1651785772938493,7
MAT,Subject07,svm_rbf,0,0,0.16778208546198498,7
MAT,Subject07,svm_rbf,0,1,0.9294373632981041,7
MAT,Subject07,svm_rbf,0,1,0.592507617571866,7
MAT,Subject07,svm_rbf,0,1,0.5441941211701787,7
MAT,Subject07,svm_rbf,0,0,0.06007495870610779,7
MAT,Subject07,svm_rbf,0,0,0.0002623014318979906,7
MAT,Subject07,svm_rbf,0,0,0.0011222998673072547,7
MAT,Subject07,svm_rbf,0,1,0.7345212656315485,7
MAT,Subject07,svm_rbf,0,1,0.6870824831429904,7
MAT,Subject07,svm_rbf,0,1,0.6525532436232894,7
MAT,Subject07,svm_rbf,0,0,0.2148393449661157,7
MAT,Subject07,svm_rbf,0,1,0.48852347490437387,7
MAT,Subject07,svm_rbf,0,0,0.0020183611420443266,7
MAT,Subject07,svm_rbf,0,0,0.0002643900069601466,7
MAT,Subject07,svm_rbf,0,0,0.0009646746886986542,7
MAT,Subject07,svm_rbf,0,0,0.005263731126201793,7
MAT,Subject07,svm_rbf,0,0,5.6851212759642635e-05,7
MAT,Subject07,svm_rbf,0,0,6.76248442737008e-05,7
MAT,Subject07,svm_rbf,0,0,0.017463329540289466,7
MAT,Subject07,svm_rbf,0,0,0.1583248226522826,7
MAT,Subject07,svm_rbf,0,0,0.005322970483399791,7
MAT,Subject07,svm_rbf,0,0,0.000283762852996702,7
MAT,Subject07,svm_rbf,0,0,0.12845551863810858,7
MAT,Subject07,svm_rbf,0,0,0.17132830788644668,7
MAT,Subject07,svm_rbf,0,0,0.0034227167695167074,7
MAT,Subject07,svm_rbf,0,0,0.036232115093680614,7
MAT,Subject07,svm_rbf,0,0,0.019743109466515675,7
MAT,Subject07,svm_rbf,0,0,0.0002899407428332621,7
MAT,Subject07,svm_rbf,0,1,0.37689405613090415,7
MAT,Subject07,svm_rbf,0,0,0.02350507034708967,7
MAT,Subject07,svm_rbf,0,0,0.00015240174577065317,7
MAT,Subject07,svm_rbf,0,0,0.0005093864346997539,7
MAT,Subject07,svm_rbf,0,0,0.012000510479990489,7
MAT,Subject07,svm_rbf,0,0,0.0008639602719483573,7
MAT,Subject07,svm_rbf,0,0,4.513662443951073e-05,7
MAT,Subject07,svm_rbf,0,0,4.561922612740935e-05,7
MAT,Subject07,svm_rbf,0,0,0.0017569440834179191,7
MAT,Subject07,svm_rbf,0,0,0.004823544610278547,7
MAT,Subject07,svm_rbf,0,1,0.8470392898221226,7
MAT,Subject07,svm_rbf,0,0,0.005115834658558257,7
MAT,Subject07,svm_rbf,0,0,0.00036182431848446104,7
MAT,Subject07,svm_rbf,0,0,0.016144978941722652,7
MAT,Subject07,svm_rbf,0,0,0.12368984252845247,7
MAT,Subject07,svm_rbf,0,0,0.07293447837623916,7
MAT,Subject07,svm_rbf,0,0,4.849274199292321e-05,7
MAT,Subject07,svm_rbf,0,0,7.369804985893424e-05,7
MAT,Subject07,svm_rbf,0,0,0.0008552987963030089,7
MAT,Subject07,svm_rbf,0,0,3.8356628438647777e-05,7
MAT,Subject07,svm_rbf,0,0,0.00010483335921034787,7
MAT,Subject07,svm_rbf,0,0,0.0001670783321754305,7
MAT,Subject07,svm_rbf,0,0,4.464801205771375e-05,7
MAT,Subject07,svm_rbf,0,0,2.1982136475050987e-05,7
MAT,Subject07,svm_rbf,0,0,2.366278396994509e-05,7
MAT,Subject07,svm_rbf,0,0,0.0005206786946957275,7
MAT,Subject07,svm_rbf,0,0,0.32321624566292706,7
MAT,Subject07,svm_rbf,0,1,0.7922197019809334,7
MAT,Subject07,svm_rbf,0,1,0.749121386753989,7
MAT,Subject07,svm_rbf,0,0,0.003545580757368609,7
MAT,Subject07,svm_rbf,0,0,0.021519247423654575,7
MAT,Subject07,svm_rbf,0,0,0.033210479319251376,7
MAT,Subject07,svm_rbf,0,0,0.023568763287426114,7
MAT,Subject07,svm_rbf,0,0,0.18165774321280306,7
MAT,Subject07,svm_rbf,0,0,0.0008806609001207782,7
MAT,Subject07,svm_rbf,0,0,0.00017390502152020795,7
MAT,Subject07,svm_rbf,0,0,0.2663811746929951,7
MAT,Subject07,svm_rbf,0,1,0.8198903370361063,7
MAT,Subject07,svm_rbf,0,1,0.672938998569833,7
MAT,Subject07,svm_rbf,0,1,0.5618774778622723,7
MAT,Subject07,svm_rbf,0,1,0.3333636743266753,7
MAT,Subject07,svm_rbf,0,0,0.09677971781929366,7
MAT,Subject07,svm_rbf,0,0,0.1320766292025288,7
MAT,Subject07,svm_rbf,0,1,0.8894816641565931,7
MAT,Subject07,svm_rbf,0,0,0.32027924131467983,7
MAT,Subject07,svm_rbf,0,0,0.06774292211983285,7
MAT,Subject07,svm_rbf,0,0,0.0026535136440137036,7
MAT,Subject07,svm_rbf,0,0,0.00038771220580173824,7
MAT,Subject07,svm_rbf,0,0,0.0015189131909877278,7
MAT,Subject07,svm_rbf,0,0,5.909800739266701e-05,7
MAT,Subject07,svm_rbf,0,0,0.00018393591940870589,7
MAT,Subject07,svm_rbf,0,0,0.22738340473520038,7
MAT,Subject07,svm_rbf,0,0,0.08033440984607222,7
MAT,Subject07,svm_rbf,0,0,0.16370644843907917,7
MAT,Subject07,svm_rbf,0,0,0.18531736443503796,7
MAT,Subject07,svm_rbf,0,1,0.9563796692015066,7
MAT,Subject07,svm_rbf,0,1,0.4756215307650794,7
MAT,Subject07,svm_rbf,0,0,0.0010373338279393125,7
MAT,Subject07,svm_rbf,0,0,0.005344671937749179,7
MAT,Subject07,svm_rbf,1,1,0.6317531302916953,7
MAT,Subject07,svm_rbf,1,0,0.029557669530714027,7
MAT,Subject07,svm_rbf,1,0,0.1573919977282874,7
MAT,Subject07,svm_rbf,1,0,0.12661582505662058,7
MAT,Subject07,svm_rbf,1,0,0.15148710307323837,7
MAT,Subject07,svm_rbf,1,1,0.6769864313099666,7
MAT,Subject07,svm_rbf,1,0,0.24152136286305365,7
MAT,Subject07,svm_rbf,1,1,0.33945005955447133,7
MAT,Subject07,svm_rbf,1,1,0.3391070944931776,7
MAT,Subject07,svm_rbf,1,0,0.021414000910210205,7
MAT,Subject07,svm_rbf,1,0,0.04939581664138441,7
MAT,Subject07,svm_rbf,1,1,0.541320478571312,7
MAT,Subject07,svm_rbf,1,1,0.5,7
MAT,Subject07,svm_rbf,1,0,0.12107587894119891,7
MAT,Subject07,svm_rbf,1,0,0.041746588064094065,7
MAT,Subject07,svm_rbf,1,1,0.5747069787428439,7
MAT,Subject07,svm_rbf,1,1,0.8873230079063051,7
MAT,Subject07,svm_rbf,1,1,0.5564320055507797,7
MAT,Subject07,svm_rbf,1,0,0.002929824252595139,7
MAT,Subject07,svm_rbf,1,0,0.016375110535612202,7
MAT,Subject07,svm_rbf,1,1,0.9813346914469988,7
MAT,Subject07,svm_rbf,1,1,0.7457217064242787,7
MAT,Subject07,svm_rbf,1,1,0.4093279863570805,7
MAT,Subject07,svm_rbf,1,0,0.11040272991896276,7
MAT,Subject07,svm_rbf,1,0,0.22531209936217003,7
MAT,Subject07,svm_rbf,1,1,0.636927393020903,7
MAT,Subject07,svm_rbf,1,0,0.2194983025913838,7
MAT,Subject07,svm_rbf,1,1,0.4622307991972158,7
MAT,Subject07,svm_rbf,1,1,0.3557292899922801,7
MAT,Subject07,svm_rbf,1,0,0.2535871209771756,7
MAT,Subject08,svm_rbf,0,1,0.4533387893078226,8
MAT,Subject08,svm_rbf,0,1,0.7691200168184604,8
MAT,Subject08,svm_rbf,0,0,0.18791310999910393,8
MAT,Subject08,svm_rbf,0,0,0.03658608701140168,8
MAT,Subject08,svm_rbf,0,1,0.8472325115113878,8
MAT,Subject08,svm_rbf,0,1,0.4698927017277476,8
MAT,Subject08,svm_rbf,0,0,0.15135369076863397,8
MAT,Subject08,svm_rbf,0,0,0.0890298328119014,8
MAT,Subject08,svm_rbf,0,1,0.5343104247151126,8
MAT,Subject08,svm_rbf,0,1,0.4757179822403209,8
MAT,Subject08,svm_rbf,0,1,0.3785996843157873,8
MAT,Subject08,svm_rbf,0,0,0.1744921032496751,8
MAT,Subject08,svm_rbf,0,0,0.028691984665585705,8
MAT,Subject08,svm_rbf,0,1,0.3763524452286923,8
MAT,Subject08,svm_rbf,0,0,0.09416659062991091,8
MAT,Subject08,svm_rbf,0,0,0.19594844392438887,8
MAT,Subject08,svm_rbf,0,0,0.0586420165163724,8
MAT,Subject08,svm_rbf,0,0,0.1527476190060048,8
MAT,Subject08,svm_rbf,0,1,0.5824727774702104,8
MAT,Subject08,svm_rbf,0,0,0.029612010764781146,8
MAT,Subject08,svm_rbf,0,0,0.012513149997047038,8
MAT,Subject08,svm_rbf,0,0,0.20654698601107188,8
MAT,Subject08,svm_rbf,0,1,0.8000032302954316,8
MAT,Subject08,svm_rbf,0,1,0.7550731961221431,8
MAT,Subject08,svm_rbf,0,1,0.5712503265367833,8
MAT,Subject08,svm_rbf,0,1,0.8553986033999641,8
MAT,Subject08,svm_rbf,0,0,0.13041723279828046,8
MAT,Subject08,svm_rbf,0,0,0.006039034579081852,8
MAT,Subject08,svm_rbf,0,0,0.06909817383643309,8
MAT,Subject08,svm_rbf,0,0,0.09286669608371302,8
MAT,Subject08,svm_rbf,0,0,0.17729933984290777,8
MAT,Subject08,svm_rbf,0,1,0.41127664523110546,8
MAT,Subject08,svm_rbf,0,1,0.846413746541668,8
MAT,Subject08,svm_rbf,0,1,0.9866451392075131,8
MAT,Subject08,svm_rbf,0,0,0.05253035821996509,8
MAT,Subject08,svm_rbf,0,0,0.011549353834042295,8
MAT,Subject08,svm_rbf,0,0,0.02070140235758163,8
MAT,Subject08,svm_rbf,0,0,0.06768908524904152,8
MAT,Subject08,svm_rbf,0,0,0.19783321697461315,8
MAT,Subject08,svm_rbf,0,0,0.061741783480520784,8
MAT,Subject08,svm_rbf,0,0,0.04261330081272359,8
MAT,Subject08,svm_rbf,0,0,0.19201914189264668,8
MAT,Subject08,svm_rbf,0,1,0.6903097019754159,8
MAT,Subject08,svm_rbf,0,0,0.03025498095168805,8
MAT,Subject08,svm_rbf,0,0,0.17012330954097904,8
MAT,Subject08,svm_rbf,0,0,0.023876295450781685,8
MAT,Subject08,svm_rbf,0,0,0.01863791883540222,8
MAT,Subject08,svm_rbf,0,1,0.5381216827259206,8
MAT,Subject08,svm_rbf,0,1,0.9829188451618054,8
MAT,Subject08,svm_rbf,0,1,0.9749011574982761,8
MAT,Subject08,svm_rbf,0,1,0.6952018529196751,8
MAT,Subject08,svm_rbf,0,1,0.3420667792087364,8
MAT,Subject08,svm_rbf,0,0,0.02130029223755226,8
MAT,Subject08,svm_rbf,0,0,0.15024059049975547,8
MAT,Subject08,svm_rbf,0,0,0.12603463834926038,8
MAT,Subject08,svm_rbf,0,0,0.035118137276400556,8
MAT,Subject08,svm_rbf,0,0,0.05278181724869784,8
MAT,Subject08,svm_rbf,0,1,0.7078014186178097,8
MAT,Subject08,svm_rbf,0,0,0.14432426786683683,8
MAT,Subject08,svm_rbf,0,0,0.03184948556097507,8
MAT,Subject08,svm_rbf,0,1,0.40075261487009783,8
MAT,Subject08,svm_rbf,0,0,0.23040631223712754,8
MAT,Subject08,svm_rbf,0,1,0.48481595967805674,8
MAT,Subject08,svm_rbf,0,1,0.9271680936849741,8
MAT,Subject08,svm_rbf,0,1,0.7573419539507555,8
MAT,Subject08,svm_rbf,0,0,0.1466702447957328,8
MAT,Subject08,svm_rbf,0,0,0.30756476357514206,8
MAT,Subject08,svm_rbf,0,0,0.010098222590272004,8
MAT,Subject08,svm_rbf,0,0,0.0034975647200304587,8
MAT,Subject08,svm_rbf,0,0,0.023510600730329265,8
MAT,Subject08,svm_rbf,0,0,0.292693673662187,8
MAT,Subject08,svm_rbf,0,1,0.8482266398966705,8
MAT,Subject08,svm_rbf,0,0,0.3329643995538434,8
MAT,Subject08,svm_rbf,0,0,0.03839720785795216,8
MAT,Subject08,svm_rbf,0,0,0.0020731477860946213,8
MAT,Subject08,svm_rbf,0,0,0.001740358694690578,8
MAT,Subject08,svm_rbf,0,0,0.14363407136019793,8
MAT,Subject08,svm_rbf,0,0,0.2502793356265016,8
MAT,Subject08,svm_rbf,0,0,0.12543457672250707,8
MAT,Subject08,svm_rbf,0,1,0.45363128510413114,8
MAT,Subject08,svm_rbf,0,0,0.01610073751899222,8
MAT,Subject08,svm_rbf,0,0,0.20933326004767353,8
MAT,Subject08,svm_rbf,0,0,0.23596807013067445,8
MAT,Subject08,svm_rbf,0,0,0.008995233030425757,8
MAT,Subject08,svm_rbf,0,0,0.08278929211622758,8
MAT,Subject08,svm_rbf,0,1,0.892078198569009,8
MAT,Subject08,svm_rbf,0,1,0.41027464850637874,8
MAT,Subject08,svm_rbf,0,1,0.4290166516725705,8
MAT,Subject08,svm_rbf,0,1,0.6835390507047071,8
MAT,Subject08,svm_rbf,0,1,0.473395073680027,8
MAT,Subject08,svm_rbf,1,1,0.932402393659285,8
MAT,Subject08,svm_rbf,1,1,0.9137031627826916,8
MAT,Subject08,svm_rbf,1,0,0.1004174692034393,8
MAT,Subject08,svm_rbf,1,0,0.1546253315267348,8
MAT,Subject08,svm_rbf,1,1,0.9828461479833646,8
MAT,Subject08,svm_rbf,1,1,0.8504558147182699,8
MAT,Subject08,svm_rbf,1,0,0.25572265279999157,8
MAT,Subject08,svm_rbf,1,0,0.2967525729291825,8
MAT,Subject08,svm_rbf,1,1,0.9946370521602892,8
MAT,Subject08,svm_rbf,1,1,0.9999956594318502,8
MAT,Subject08,svm_rbf,1,0,0.20228813914966853,8
MAT,Subject08,svm_rbf,1,1,0.5281954517796265,8
MAT,Subject08,svm_rbf,1,1,0.7122062200791475,8
MAT,Subject08,svm_rbf,1,1,0.7342204910870888,8
MAT,Subject08,svm_rbf,1,1,0.9219512895900287,8
MAT,Subject08,svm_rbf,1,1,0.7706401273198557,8
MAT,Subject08,svm_rbf,1,1,0.5,8
MAT,Subject08,svm_rbf,1,1,0.7637772441528656,8
MAT,Subject08,svm_rbf,1,1,0.9859933158049168,8
MAT,Subject08,svm_rbf,1,1,0.9708034024071094,8
MAT,Subject08,svm_rbf,1,1,0.8346557374750856,8
MAT,Subject08,svm_rbf,1,1,0.8557588700982681,8
MAT,Subject08,svm_rbf,1,1,0.9219538829710394,8
MAT,Subject08,svm_rbf,1,1,0.840722008314192,8
MAT,Subject08,svm_rbf,1,1,0.8585607162129144,8
MAT,Subject08,svm_rbf,1,1,0.3862808054746926,8
MAT,Subject08,svm_rbf,1,1,0.5406683014729461,8
MAT,Subject08,svm_rbf,1,1,0.5,8
MAT,Subject08,svm_rbf,1,1,0.6089956051155123,8
MAT,Subject08,svm_rbf,1,1,0.7680649186190175,8
MAT,Subject09,svm_rbf,0,0,0.14159408854139155,9
MAT,Subject09,svm_rbf,0,1,0.5546428474936989,9
MAT,Subject09,svm_rbf,0,1,0.812657982966074,9
MAT,Subject09,svm_rbf,0,1,0.7938405643924972,9
MAT,Subject09,svm_rbf,0,1,0.878320921399414,9
MAT,Subject09,svm_rbf,0,1,0.8534854194525452,9
MAT,Subject09,svm_rbf,0,1,0.43987184670660423,9
MAT,Subject09,svm_rbf,0,0,0.028611059450516323,9
MAT,Subject09,svm_rbf,0,1,0.8981975065798484,9
MAT,Subject09,svm_rbf,0,1,0.8496444838183662,9
MAT,Subject09,svm_rbf,0,0,0.015353877797574253,9
MAT,Subject09,svm_rbf,0,0,0.0024242522849215156,9
MAT,Subject09,svm_rbf,0,0,0.0028993908111339976,9
MAT,Subject09,svm_rbf,0,0,0.007237874616972969,9
MAT,Subject09,svm_rbf,0,0,0.021999158189438074,9
MAT,Subject09,svm_rbf,0,0,0.10199399537131942,9
MAT,Subject09,svm_rbf,0,0,0.03419363258594645,9
MAT,Subject09,svm_rbf,0,0,0.02436733452083965,9
MAT,Subject09,svm_rbf,0,0,0.007268568538977688,9
MAT,Subject09,svm_rbf,0,0,0.024758232341019717,9
MAT,Subject09,svm_rbf,0,0,0.2120866732433932,9
MAT,Subject09,svm_rbf,0,0,0.06766549815315995,9
MAT,Subject09,svm_rbf,0,0,0.2766931877934833,9
MAT,Subject09,svm_rbf,0,1,0.9796096171218197,9
MAT,Subject09,svm_rbf,0,1,0.9927025517720347,9
MAT,Subject09,svm_rbf,0,0,0.1276417119364714,9
MAT,Subject09,svm_rbf,0,0,0.08616119193261886,9
MAT,Subject09,svm_rbf,0,0,0.0647540879048271,9
MAT,Subject09,svm_rbf,0,0,0.15379362068197414,9
MAT,Subject09,svm_rbf,0,0,0.019389059640478188,9
MAT,Subject09,svm_rbf,0,0,0.2981400690549958,9
MAT,Subject09,svm_rbf,0,0,0.31773193667943633,9
MAT,Subject09,svm_rbf,0,0,0.013289339785983685,9
MAT,Subject09,svm_rbf,0,0,0.0060670079673268125,9
MAT,Subject09,svm_rbf,0,0,0.19918578542392262,9
MAT,Subject09,svm_rbf,0,1,0.7404445847108057,9
MAT,Subject09,svm_rbf,0,0,0.31295379285744457,9
MAT,Subject09,svm_rbf,0,0,0.028292840135233352,9
MAT,Subject09,svm_rbf,0,0,0.2619893347234334,9
MAT,Subject09,svm_rbf,0,1,0.7112397316352796,9
MAT,Subject09,svm_rbf,0,1,0.8980892461909115,9
MAT,Subject09,svm_rbf,0,0,0.25590463408530767,9
MAT,Subject09,svm_rbf,0,0,0.008015866850900378,9
MAT,Subject09,svm_rbf,0,1,0.686348214919159,9
MAT,Subject09,svm_rbf,0,1,0.9620151297311205,9
MAT,Subject09,svm_rbf,0,1,0.5810655234900781,9
MAT,Subject09,svm_rbf,0,0,0.17825287475775123,9
MAT,Subject09,svm_rbf,0,1,0.6983053138516283,9
MAT,Subject09,svm_rbf,0,1,0.6417057224510815,9
MAT,Subject09,svm_rbf,0,1,0.8509238969103025,9
MAT,Subject09,svm_rbf,0,1,0.7563556811928782,9
MAT,Subject09,svm_rbf,0,0,0.2063431592032142,9
MAT,Subject09,svm_rbf,0,1,0.8891207957973513,9
MAT,Subject09,svm_rbf,0,1,0.9945603439983255,9
MAT,Subject09,svm_rbf,0,0,0.025521436145207098,9
MAT,Subject09,svm_rbf,0,0,0.07285491952740135,9
MAT,Subject09,svm_rbf,0,0,0.18321438278850005,9
MAT,Subject09,svm_rbf,0,1,0.34157513540686596,9
MAT,Subject09,svm_rbf,0,0,0.11934354623054391,9
MAT,Subject09,svm_rbf,0,0,0.00350823412330442,9
MAT,Subject09,svm_rbf,0,0,0.08407515676551199,9
MAT,Subject09,svm_rbf,0,1,0.6312230672403295,9
MAT,Subject09,svm_rbf,0,0,0.16618012246492614,9
MAT,Subject09,svm_rbf,0,0,0.11013367445432046,9
MAT,Subject09,svm_rbf,0,0,0.016398472319318274,9
MAT,Subject09,svm_rbf,0,0,0.09654820964800118,9
MAT,Subject09,svm_rbf,0,0,0.14813148462377934,9
MAT,Subject09,svm_rbf,0,0,0.15098126195617512,9
MAT,Subject09,svm_rbf,0,0,0.0064281613686654636,9
MAT,Subject09,svm_rbf,0,0,0.0015723470750667622,9
MAT,Subject09,svm_rbf,0,0,0.06453924702288108,9
MAT,Subject09,svm_rbf,0,0,0.14562793370696156,9
MAT,Subject09,svm_rbf,0,0,0.018676588079321984,9
MAT,Subject09,svm_rbf,0,0,0.2679251823842978,9
MAT,Subject09,svm_rbf,0,1,0.592656820672575,9
MAT,Subject09,svm_rbf,0,0,0.20506278051776022,9
MAT,Subject09,svm_rbf,0,0,0.11136861992072519,9
MAT,Subject09,svm_rbf,0,0,0.040333699420224176,9
MAT,Subject09,svm_rbf,0,0,0.20910554333541878,9
MAT,Subject09,svm_rbf,0,0,0.012232020482965782,9
MAT,Subject09,svm_rbf,0,0,0.007716977052045431,9
MAT,Subject09,svm_rbf,0,0,0.07681634051559344,9
MAT,Subject09,svm_rbf,0,0,0.2165486036906478,9
MAT,Subject09,svm_rbf,0,0,0.006831415853486501,9
MAT,Subject09,svm_rbf,0,0,0.01339618348644665,9
MAT,Subject09,svm_rbf,0,0,0.00020643801603960961,9
MAT,Subject09,svm_rbf,0,0,0.0347885728066817,9
MAT,Subject09,svm_rbf,0,0,0.28484144406919376,9
MAT,Subject09,svm_rbf,0,0,0.022879686232315486,9
MAT,Subject09,svm_rbf,0,0,0.194706516045767,9
MAT,Subject09,svm_rbf,1,1,0.47100354206626627,9
MAT,Subject09,svm_rbf,1,1,0.5560541749702955,9
MAT,Subject09,svm_rbf,1,1,0.34258385160176935,9
MAT,Subject09,svm_rbf,1,1,0.9251485331675725,9
MAT,Subject09,svm_rbf,1,1,0.47962586351645947,9
MAT,Subject09,svm_rbf,1,1,0.9479797047957726,9
MAT,Subject09,svm_rbf,1,1,0.6530641213812095,9
MAT,Subject09,svm_rbf,1,1,0.7322339673111645,9
MAT,Subject09,svm_rbf,1,1,0.9999893413664223,9
MAT,Subject09,svm_rbf,1,1,0.9964990085678362,9
MAT,Subject09,svm_rbf,1,0,0.23278487736836218,9
MAT,Subject09,svm_rbf,1,1,0.7451886569685241,9
MAT,Subject09,svm_rbf,1,1,0.7835982548698812,9
MAT,Subject09,svm_rbf,1,1,0.6299072095266586,9
MAT,Subject09,svm_rbf,1,0,0.03596213317371995,9
MAT,Subject09,svm_rbf,1,0,0.2060049357893011,9
MAT,Subject09,svm_rbf,1,1,0.6026454533217578,9
MAT,Subject09,svm_rbf,1,1,0.952163789938307,9
MAT,Subject09,svm_rbf,1,1,0.9834267510819649,9
MAT,Subject09,svm_rbf,1,1,0.9722204291707363,9
MAT,Subject09,svm_rbf,1,1,0.9148907023421989,9
MAT,Subject09,svm_rbf,1,1,0.9801891678779782,9
MAT,Subject09,svm_rbf,1,1,0.9843782950066795,9
MAT,Subject09,svm_rbf,1,1,0.8723903202721659,9
MAT,Subject09,svm_rbf,1,1,0.9236727210804125,9
MAT,Subject09,svm_rbf,1,0,0.26256928468180235,9
MAT,Subject09,svm_rbf,1,0,0.32113313942506966,9
MAT,Subject09,svm_rbf,1,0,0.16975618625350317,9
MAT,Subject09,svm_rbf,1,1,0.5203786793310223,9
MAT,Subject09,svm_rbf,1,1,0.3726912486562695,9
MAT,Subject10,svm_rbf,0,1,0.9459047533989224,10
MAT,Subject10,svm_rbf,0,0,0.029966046041273366,10
MAT,Subject10,svm_rbf,0,0,9.654614406577353e-05,10
MAT,Subject10,svm_rbf,0,0,0.032058486800699615,10
MAT,Subject10,svm_rbf,0,0,0.004511374640958537,10
MAT,Subject10,svm_rbf,0,0,0.001036532647812433,10
MAT,Subject10,svm_rbf,0,0,0.00034729458991006237,10
MAT,Subject10,svm_rbf,0,0,0.005716085848278365,10
MAT,Subject10,svm_rbf,0,0,0.0809149953261338,10
MAT,Subject10,svm_rbf,0,1,0.6593259415979497,10
MAT,Subject10,svm_rbf,0,0,0.012388168348059302,10
MAT,Subject10,svm_rbf,0,0,0.09590558489138927,10
MAT,Subject10,svm_rbf,0,0,0.013457384223670975,10
MAT,Subject10,svm_rbf,0,0,3.273323191152875e-05,10
MAT,Subject10,svm_rbf,0,0,0.02800663005569461,10
MAT,Subject10,svm_rbf,0,0,0.0077330126243280286,10
MAT,Subject10,svm_rbf,0,0,0.04113633004667244,10
MAT,Subject10,svm_rbf,0,0,0.006099265648891218,10
MAT,Subject10,svm_rbf,0,0,0.007050280031124273,10
MAT,Subject10,svm_rbf,0,0,0.023900740640788204,10
MAT,Subject10,svm_rbf,0,0,0.021794936299445164,10
MAT,Subject10,svm_rbf,0,0,0.029131486269966946,10
MAT,Subject10,svm_rbf,0,0,0.020580171048060383,10
MAT,Subject10,svm_rbf,0,0,0.024383691706850282,10
MAT,Subject10,svm_rbf,0,0,0.02994663032650916,10
MAT,Subject10,svm_rbf,0,0,0.09845475755663345,10
MAT,Subject10,svm_rbf,0,0,0.05565976173375519,10
MAT,Subject10,svm_rbf,0,0,0.00022066714319275108,10
MAT,Subject10,svm_rbf,0,0,0.021120516401332695,10
MAT,Subject10,svm_rbf,0,0,0.048926279655639594,10
MAT,Subject10,svm_rbf,0,0,0.010989050445648735,10
MAT,Subject10,svm_rbf,0,0,0.04176090340942963,10
MAT,Subject10,svm_rbf,0,0,0.06013097443740288,10
MAT,Subject10,svm_rbf,0,0,0.0202786099483792,10
MAT,Subject10,svm_rbf,0,0,0.08844745270350828,10
MAT,Subject10,svm_rbf,0,0,0.044880272058569634,10
MAT,Subject10,svm_rbf,0,0,0.29580169246758786,10
MAT,Subject10,svm_rbf,0,0,0.07444780363776264,10
MAT,Subject10,svm_rbf,0,0,0.001869092690079418,10
MAT,Subject10,svm_rbf,0,0,0.001313751354492451,10
MAT,Subject10,svm_rbf,0,0,0.0002533168232644506,10
MAT,Subject10,svm_rbf,0,0,0.03383838704911167,10
MAT,Subject10,svm_rbf,0,0,0.1662230498188238,10
MAT,Subject10,svm_rbf,0,0,0.016178943883575093,10
MAT,Subject10,svm_rbf,0,0,0.008681514247762928,10
MAT,Subject10,svm_rbf,0,0,0.2068043029054894,10
MAT,Subject10,svm_rbf,0,0,0.19109405204320545,10
MAT,Subject10,svm_rbf,0,0,0.272761186261307,10
MAT,Subject10,svm_rbf,0,0,0.1623948289642121,10
MAT,Subject10,svm_rbf,0,0,0.25305487907717983,10
MAT,Subject10,svm_rbf,0,0,0.06097454279472315,10
MAT,Subject10,svm_rbf,0,0,0.06027795508858068,10
MAT,Subject10,svm_rbf,0,0,0.1596597637313592,10
MAT,Subject10,svm_rbf,0,0,0.010386544613182273,10
MAT,Subject10,svm_rbf,0,0,0.0022732139019739635,10
MAT,Subject10,svm_rbf,0,0,0.0006084928001491288,10
MAT,Subject10,svm_rbf,0,0,0.08258858363702455,10
MAT,Subject10,svm_rbf,0,0,0.02100725945999554,10
MAT,Subject10,svm_rbf,0,0,0.013739181172238919,10
MAT,Subject10,svm_rbf,0,0,0.19003546831484466,10
MAT,Subject10,svm_rbf,0,0,0.06549895271404689,10
MAT,Subject10,svm_rbf,0,0,0.002562386597437058,10
MAT,Subject10,svm_rbf,0,0,0.0026113697084787176,10
MAT,Subject10,svm_rbf,0,0,0.004418974207950002,10
MAT,Subject10,svm_rbf,0,0,0.032118575000200066,10
MAT,Subject10,svm_rbf,0,0,0.10421810869154409,10
MAT,Subject10,svm_rbf,0,0,0.018655393816937156,10
MAT,Subject10,svm_rbf,0,0,0.0013300659540654049,10
MAT,Subject10,svm_rbf,0,0,0.06368264793075656,10
MAT,Subject10,svm_rbf,0,1,0.3686791499145869,10
MAT,Subject10,svm_rbf,0,0,0.07927069865373967,10
MAT,Subject10,svm_rbf,0,0,0.20617276822343084,10
MAT,Subject10,svm_rbf,0,0,0.016049971811317672,10
MAT,Subject10,svm_rbf,0,0,0.08317932936160544,10
MAT,Subject10,svm_rbf,0,0,0.011871140859708727,10
MAT,Subject10,svm_rbf,0,0,0.0812555093125779,10
MAT,Subject10,svm_rbf,0,0,0.06343587584813837,10
MAT,Subject10,svm_rbf,0,0,0.02994102506668576,10
MAT,Subject10,svm_rbf,0,0,0.008212869295745186,10
MAT,Subject10,svm_rbf,0,0,0.0018335295694075346,10
MAT,Subject10,svm_rbf,0,0,0.021832161509801756,10
MAT,Subject10,svm_rbf,0,0,0.061550894440072765,10
MAT,Subject10,svm_rbf,0,0,0.004387243273069566,10
MAT,Subject10,svm_rbf,0,0,0.0001325135288943054,10
MAT,Subject10,svm_rbf,0,0,0.00012391998523726236,10
MAT,Subject10,svm_rbf,0,0,5.611114387108035e-05,10
MAT,Subject10,svm_rbf,0,0,0.020937097831795523,10
MAT,Subject10,svm_rbf,0,0,0.06752650708192248,10
MAT,Subject10,svm_rbf,0,0,0.06429550498338628,10
MAT,Subject10,svm_rbf,0,0,0.059375519776149244,10
MAT,Subject10,svm_rbf,0,0,0.0009271577629244746,10
MAT,Subject10,svm_rbf,0,0,0.0007730903810454013,10
MAT,Subject10,svm_rbf,0,0,0.31572755107886546,10
MAT,Subject10,svm_rbf,1,0,0.2311927236292353,10
MAT,Subject10,svm_rbf,1,0,0.22657276924077988,10
MAT,Subject10,svm_rbf,1,1,0.9613054935024012,10
MAT,Subject10,svm_rbf,1,1,0.3938101472930709,10
MAT,Subject10,svm_rbf,1,0,0.1716159379225864,10
MAT,Subject10,svm_rbf,1,1,0.8995410556872504,10
MAT,Subject10,svm_rbf,1,1,0.9525641633676384,10
MAT,Subject10,svm_rbf,1,1,0.7036484152761526,10
MAT,Subject10,svm_rbf,1,0,0.11360112569692246,10
MAT,Subject10,svm_rbf,1,0,0.0016598475570496086,10
MAT,Subject10,svm_rbf,1,0,0.005502506033812602,10
MAT,Subject10,svm_rbf,1,0,0.04153923612965874,10
MAT,Subject10,svm_rbf,1,1,0.8368607051928602,10
MAT,Subject10,svm_rbf,1,1,0.9403922322958206,10
MAT,Subject10,svm_rbf,1,1,0.4880067260551989,10
MAT,Subject10,svm_rbf,1,0,0.11614869207254255,10
MAT,Subject10,svm_rbf,1,1,0.7130175302134237,10
MAT,Subject10,svm_rbf,1,1,0.92754305141352,10
MAT,Subject10,svm_rbf,1,1,0.9051603714646372,10
MAT,Subject10,svm_rbf,1,0,0.09549870034307335,10
MAT,Subject10,svm_rbf,1,0,0.2937333264765159,10
MAT,Subject10,svm_rbf,1,1,0.3486710687677018,10
MAT,Subject10,svm_rbf,1,1,0.3649409830822639,10
MAT,Subject10,svm_rbf,1,0,0.15606209962905634,10
MAT,Subject10,svm_rbf,1,1,0.7464373006331075,10
MAT,Subject10,svm_rbf,1,0,0.10533948759718133,10
MAT,Subject10,svm_rbf,1,0,0.032810965134279425,10
MAT,Subject10,svm_rbf,1,0,0.05736811225747412,10
MAT,Subject10,svm_rbf,1,1,0.6118637544872829,10
MAT,Subject10,svm_rbf,1,1,0.7034351154206734,10
MAT,Subject11,svm_rbf,0,1,0.5596340095045885,11
MAT,Subject11,svm_rbf,0,1,0.7554716814417273,11
MAT,Subject11,svm_rbf,0,1,0.9918134770292678,11
MAT,Subject11,svm_rbf,0,1,0.9497056611170652,11
MAT,Subject11,svm_rbf,0,1,0.965504656610649,11
MAT,Subject11,svm_rbf,0,1,0.9070307159548113,11
MAT,Subject11,svm_rbf,0,0,0.2039491087040545,11
MAT,Subject11,svm_rbf,0,0,0.10807517552184175,11
MAT,Subject11,svm_rbf,0,1,0.9369925960490582,11
MAT,Subject11,svm_rbf,0,1,0.9356889938939009,11
MAT,Subject11,svm_rbf,0,1,0.9114805409585159,11
MAT,Subject11,svm_rbf,0,1,0.940145677411283,11
MAT,Subject11,svm_rbf,0,1,0.9475372633062668,11
MAT,Subject11,svm_rbf,0,1,0.7410300431717435,11
MAT,Subject11,svm_rbf,0,1,0.5395838644051087,11
MAT,Subject11,svm_rbf,0,0,0.09204649721167693,11
MAT,Subject11,svm_rbf,0,0,0.2954712493975596,11
MAT,Subject11,svm_rbf,0,1,0.6662887676658958,11
MAT,Subject11,svm_rbf,0,1,0.7118859542035743,11
MAT,Subject11,svm_rbf,0,1,0.3496146859906521,11
MAT,Subject11,svm_rbf,0,0,0.21186933672001104,11
MAT,Subject11,svm_rbf,0,0,0.2621983042381388,11
MAT,Subject11,svm_rbf,0,1,0.5613026507909084,11
MAT,Subject11,svm_rbf,0,0,0.08438199421844403,11
MAT,Subject11,svm_rbf,0,0,0.037156321862531094,11
MAT,Subject11,svm_rbf,0,1,0.8272727487919768,11
MAT,Subject11,svm_rbf,0,1,0.9929159314233751,11
MAT,Subject11,svm_rbf,0,1,0.9162856556379092,11
MAT,Subject11,svm_rbf,0,1,0.966145056182696,11
MAT,Subject11,svm_rbf,0,1,0.9788425738981343,11
MAT,Subject11,svm_rbf,0,1,0.9323006009495204,11
MAT,Subject11,svm_rbf,0,1,0.9719301207231811,11
MAT,Subject11,svm_rbf,0,1,0.9257459442653065,11
MAT,Subject11,svm_rbf,0,1,0.7881672580906481,11
MAT,Subject11,svm_rbf,0,1,0.99131597396723,11
MAT,Subject11,svm_rbf,0,1,0.9217111540763632,11
MAT,Subject11,svm_rbf,0,1,0.854370997956226,11
MAT,Subject11,svm_rbf,0,1,0.9540514179891669,11
MAT,Subject11,svm_rbf,0,1,0.7807081850356733,11
MAT,Subject11,svm_rbf,0,1,0.5929835682303843,11
MAT,Subject11,svm_rbf,0,0,0.1942655689644939,11
MAT,Subject11,svm_rbf,0,0,0.04685273426223192,11
MAT,Subject11,svm_rbf,0,1,0.9179444799927426,11
MAT,Subject11,svm_rbf,0,1,0.925472551666514,11
MAT,Subject11,svm_rbf,0,0,0.1179734209537149,11
MAT,Subject11,svm_rbf,0,1,0.4547294348853241,11
MAT,Subject11,svm_rbf,0,0,0.0533011327128275,11
MAT,Subject11,svm_rbf,0,1,0.566419484463541,11
MAT,Subject11,svm_rbf,0,0,0.05702369771037612,11
MAT,Subject11,svm_rbf,0,0,0.022297332874468105,11
MAT,Subject11,svm_rbf,0,0,0.24867103287690326,11
MAT,Subject11,svm_rbf,0,1,0.9383410229419796,11
MAT,Subject11,svm_rbf,0,0,0.14424070372245834,11
MAT,Subject11,svm_rbf,0,1,0.3666383005345411,11
MAT,Subject11,svm_rbf,0,1,0.7885529354243352,11
MAT,Subject11,svm_rbf,0,0,0.14219164793046912,11
MAT,Subject11,svm_rbf,0,0,0.1679136140240155,11
MAT,Subject11,svm_rbf,0,1,0.991004396168189,11
MAT,Subject11,svm_rbf,0,1,0.7251514441301714,11
MAT,Subject11,svm_rbf,0,1,0.9811198019253866,11
MAT,Subject11,svm_rbf,0,1,0.7884951815113549,11
MAT,Subject11,svm_rbf,0,1,0.9536379818173967,11
MAT,Subject11,svm_rbf,0,1,0.986075965852005,11
MAT,Subject11,svm_rbf,0,1,0.9427120577699378,11
MAT,Subject11,svm_rbf,0,0,0.26783933828258394,11
MAT,Subject11,svm_rbf,0,0,0.029276867782470198,11
MAT,Subject11,svm_rbf,0,0,0.05947345827153327,11
MAT,Subject11,svm_rbf,0,0,0.03540375071107702,11
MAT,Subject11,svm_rbf,0,0,0.021985956578390697,11
MAT,Subject11,svm_rbf,0,0,0.004189044782487392,11
MAT,Subject11,svm_rbf,0,0,0.010887186578379686,11
MAT,Subject11,svm_rbf,0,0,0.0014924664179046005,11
MAT,Subject11,svm_rbf,0,0,0.0010398748569981327,11
MAT,Subject11,svm_rbf,0,0,0.045914705428557294,11
MAT,Subject11,svm_rbf,0,0,0.06248242697909423,11
MAT,Subject11,svm_rbf,0,0,0.0038817732593710687,11
MAT,Subject11,svm_rbf,0,0,0.00987399574271531,11
MAT,Subject11,svm_rbf,0,0,0.005307548965969273,11
MAT,Subject11,svm_rbf,0,0,0.0007281664277521141,11
MAT,Subject11,svm_rbf,0,0,0.0007540108267781344,11
MAT,Subject11,svm_rbf,0,0,0.002825014420310673,11
MAT,Subject11,svm_rbf,0,1,0.574621559515232,11
MAT,Subject11,svm_rbf,0,0,0.20650123818009208,11
MAT,Subject11,svm_rbf,0,1,0.5734648566977022,11
MAT,Subject11,svm_rbf,0,0,0.1505566257119375,11
MAT,Subject11,svm_rbf,0,0,0.27227122734678866,11
MAT,Subject11,svm_rbf,0,1,0.5983262674377217,11
MAT,Subject11,svm_rbf,0,0,0.11643163985238932,11
MAT,Subject11,svm_rbf,0,0,0.28626591913233224,11
MAT,Subject11,svm_rbf,0,1,0.4460698541724894,11
MAT,Subject11,svm_rbf,1,1,0.917395487332075,11
MAT,Subject11,svm_rbf,1,1,0.9521460295789608,11
MAT,Subject11,svm_rbf,1,1,0.994235482681427,11
MAT,Subject11,svm_rbf,1,1,0.48877770258808745,11
MAT,Subject11,svm_rbf,1,1,0.5612850984903893,11
MAT,Subject11,svm_rbf,1,1,0.9699901227997095,11
MAT,Subject11,svm_rbf,1,1,0.6302075329827431,11
MAT,Subject11,svm_rbf,1,1,0.47834815722362145,11
MAT,Subject11,svm_rbf,1,1,0.9155669517699765,11
MAT,Subject11,svm_rbf,1,0,0.2997465894393796,11
MAT,Subject11,svm_rbf,1,1,0.9414930298039713,11
MAT,Subject11,svm_rbf,1,1,0.8986190141773522,11
MAT,Subject11,svm_rbf,1,1,0.711027558189744,11
MAT,Subject11,svm_rbf,1,0,0.006913017711024775,11
MAT,Subject11,svm_rbf,1,0,0.004555534967359082,11
MAT,Subject11,svm_rbf,1,1,0.4682445716195074,11
MAT,Subject11,svm_rbf,1,1,0.9660640887927185,11
MAT,Subject11,svm_rbf,1,1,0.875946023656345,11
MAT,Subject11,svm_rbf,1,0,0.06122038229341613,11
MAT,Subject11,svm_rbf,1,1,0.6551138018999586,11
MAT,Subject11,svm_rbf,1,1,0.4421059902440385,11
MAT,Subject11,svm_rbf,1,1,0.4825733781996467,11
MAT,Subject11,svm_rbf,1,1,0.7408583424686652,11
MAT,Subject11,svm_rbf,1,1,0.39294096916078974,11
MAT,Subject11,svm_rbf,1,1,0.41228092563547153,11
MAT,Subject11,svm_rbf,1,1,0.9965073301440024,11
MAT,Subject11,svm_rbf,1,1,0.7260185752480013,11
MAT,Subject11,svm_rbf,1,0,0.2354018309276574,11
MAT,Subject11,svm_rbf,1,1,0.948697898048327,11
MAT,Subject11,svm_rbf,1,1,0.7468075379516119,11
MAT,Subject12,svm_rbf,0,1,0.5,12
MAT,Subject12,svm_rbf,0,1,0.6907308283064508,12
MAT,Subject12,svm_rbf,0,0,0.08017634177028148,12
MAT,Subject12,svm_rbf,0,0,0.011620458719615517,12
MAT,Subject12,svm_rbf,0,1,0.5952648036219923,12
MAT,Subject12,svm_rbf,0,1,0.7056042547185775,12
MAT,Subject12,svm_rbf,0,1,0.3628319816082748,12
MAT,Subject12,svm_rbf,0,0,0.03379251980207865,12
MAT,Subject12,svm_rbf,0,0,0.023217372367535828,12
MAT,Subject12,svm_rbf,0,0,0.004294500476325143,12
MAT,Subject12,svm_rbf,0,0,0.050637239851855476,12
MAT,Subject12,svm_rbf,0,1,0.4897544658458835,12
MAT,Subject12,svm_rbf,0,1,0.7219778555186207,12
MAT,Subject12,svm_rbf,0,0,0.2737275879349285,12
MAT,Subject12,svm_rbf,0,1,0.5865358529361889,12
MAT,Subject12,svm_rbf,0,0,0.20039232239795496,12
MAT,Subject12,svm_rbf,0,0,0.003025043896094891,12
MAT,Subject12,svm_rbf,0,0,0.0020237158509094594,12
MAT,Subject12,svm_rbf,0,0,0.04436629593265431,12
MAT,Subject12,svm_rbf,0,0,0.0007065296312405371,12
MAT,Subject12,svm_rbf,0,0,0.014041982605116738,12
MAT,Subject12,svm_rbf,0,1,0.5982437808857015,12
MAT,Subject12,svm_rbf,0,1,0.6460082761805811,12
MAT,Subject12,svm_rbf,0,0,0.005539812841604454,12
MAT,Subject12,svm_rbf,0,0,0.006435808445722813,12
MAT,Subject12,svm_rbf,0,0,0.003041608398531303,12
MAT,Subject12,svm_rbf,0,0,0.11310080366386674,12
MAT,Subject12,svm_rbf,0,0,0.006327277175731873,12
MAT,Subject12,svm_rbf,0,0,0.0002399702272642032,12
MAT,Subject12,svm_rbf,0,0,0.0028966587167195477,12
MAT,Subject12,svm_rbf,0,0,0.005676966951792121,12
MAT,Subject12,svm_rbf,0,0,0.004602520472240471,12
MAT,Subject12,svm_rbf,0,1,0.6555667935994832,12
MAT,Subject12,svm_rbf,0,1,0.9546949257583492,12
MAT,Subject12,svm_rbf,0,0,0.22889954919455868,12
MAT,Subject12,svm_rbf,0,0,0.13781774063570607,12
MAT,Subject12,svm_rbf,0,1,0.5,12
MAT,Subject12,svm_rbf,0,0,0.2074071812085911,12
MAT,Subject12,svm_rbf,0,0,0.06618418349499361,12
MAT,Subject12,svm_rbf,0,0,0.11925179213595233,12
MAT,Subject12,svm_rbf,0,0,0.03353569564975277,12
MAT,Subject12,svm_rbf,0,0,0.18333103864524242,12
MAT,Subject12,svm_rbf,0,1,0.6534053537948156,12
MAT,Subject12,svm_rbf,0,0,0.03617246246019192,12
MAT,Subject12,svm_rbf,0,0,0.19089078830090978,12
MAT,Subject12,svm_rbf,0,0,0.050005443653403536,12
MAT,Subject12,svm_rbf,0,0,0.0653999462344095,12
MAT,Subject12,svm_rbf,0,0,0.09183158530839462,12
MAT,Subject12,svm_rbf,0,0,0.08370075064614182,12
MAT,Subject12,svm_rbf,0,0,0.006237264998027965,12
MAT,Subject12,svm_rbf,0,0,0.0012611190398826183,12
MAT,Subject12,svm_rbf,0,0,0.03841653765759373,12
MAT,Subject12,svm_rbf,0,0,0.041164261010857,12
MAT,Subject12,svm_rbf,0,0,0.015209549625964524,12
MAT,Subject12,svm_rbf,0,0,0.05933176319718893,12
MAT,Subject12,svm_rbf,0,0,0.0070624617400682895,12
MAT,Subject12,svm_rbf,0,0,0.02318634189127511,12
MAT,Subject12,svm_rbf,0,1,0.8615288536360188,12
MAT,Subject12,svm_rbf,0,0,0.16713219376471036,12
MAT,Subject12,svm_rbf,0,0,0.22253160548033102,12
MAT,Subject12,svm_rbf,0,0,0.22253160549601636,12
MAT,Subject12,svm_rbf,0,0,0.0011012185944093305,12
MAT,Subject12,svm_rbf,0,0,0.00029716042746818247,12
MAT,Subject12,svm_rbf,0,0,0.004336462471675805,12
MAT,Subject12,svm_rbf,0,0,0.0139704829354869,12
MAT,Subject12,svm_rbf,0,0,0.07364895883249678,12
MAT,Subject12,svm_rbf,0,0,0.06368635412221041,12
MAT,Subject12,svm_rbf,0,0,0.03768623953697014,12
MAT,Subject12,svm_rbf,0,1,0.3905232893781362,12
MAT,Subject12,svm_rbf,0,0,0.005016379957213993,12
MAT,Subject12,svm_rbf,0,0,0.023101906421084086,12
MAT,Subject12,svm_rbf,0,0,0.019220353584722686,12
MAT,Subject12,svm_rbf,0,0,0.004434311523389515,12
MAT,Subject12,svm_rbf,0,0,0.16792394726310567,12
MAT,Subject12,svm_rbf,0,0,0.22253160547821726,12
MAT,Subject12,svm_rbf,0,0,0.2225316054780157,12
MAT,Subject12,svm_rbf,0,0,0.2225316054780157,12
MAT,Subject12,svm_rbf,0,0,0.2225316054780157,12
MAT,Subject12,svm_rbf,0,0,0.2225316054780157,12
MAT,Subject12,svm_rbf,0,0,0.2225316054780157,12
MAT,Subject12,svm_rbf,0,0,0.2225316054780157,12
MAT,Subject12,svm_rbf,0,0,0.2225316054780157,12
MAT,Subject12,svm_rbf,0,0,0.2225316054780157,12
MAT,Subject12,svm_rbf,0,0,0.2225316054780157,12
MAT,Subject12,svm_rbf,0,0,0.2225316054780157,12
MAT,Subject12,svm_rbf,0,0,0.22326829943324877,12
MAT,Subject12,svm_rbf,0,0,0.2225316191949078,12
MAT,Subject12,svm_rbf,0,1,0.3731366172221548,12
MAT,Subject12,svm_rbf,0,0,0.004181967961689353,12
MAT,Subject12,svm_rbf,0,0,0.20615386107689654,12
MAT,Subject12,svm_rbf,1,0,0.01782264122523882,12
MAT,Subject12,svm_rbf,1,0,0.22211194172598747,12
MAT,Subject12,svm_rbf,1,0,0.005963283958853827,12
MAT,Subject12,svm_rbf,1,0,0.025784526759719754,12
MAT,Subject12,svm_rbf,1,0,0.19506078392953402,12
MAT,Subject12,svm_rbf,1,0,0.08751703543903729,12
MAT,Subject12,svm_rbf,1,0,0.028617281114357636,12
MAT,Subject12,svm_rbf,1,0,0.04081631977668852,12
MAT,Subject12,svm_rbf,1,0,0.07538335337150262,12
MAT,Subject12,svm_rbf,1,0,0.008581661136221969,12
MAT,Subject12,svm_rbf,1,0,0.00404552006394671,12
MAT,Subject12,svm_rbf,1,0,0.0035893993664188,12
MAT,Subject12,svm_rbf,1,0,0.03153081606005546,12
MAT,Subject12,svm_rbf,1,0,0.01116321019564418,12
MAT,Subject12,svm_rbf,1,0,0.030043480616947074,12
MAT,Subject12,svm_rbf,1,1,0.7361883229414536,12
MAT,Subject12,svm_rbf,1,0,0.3077235639575806,12
MAT,Subject12,svm_rbf,1,0,0.006891150126551439,12
MAT,Subject12,svm_rbf,1,0,0.010452372031693536,12
MAT,Subject12,svm_rbf,1,0,0.019866607185121364,12
MAT,Subject12,svm_rbf,1,0,0.0022007085190955135,12
MAT,Subject12,svm_rbf,1,0,0.006442354957711852,12
MAT,Subject12,svm_rbf,1,0,0.07920616487037972,12
MAT,Subject12,svm_rbf,1,0,0.005239738479419549,12
MAT,Subject12,svm_rbf,1,0,0.01765903340710774,12
MAT,Subject12,svm_rbf,1,0,0.07192692508369297,12
MAT,Subject12,svm_rbf,1,1,0.4912491169827984,12
MAT,Subject12,svm_rbf,1,0,0.0017239719051853235,12
MAT,Subject12,svm_rbf,1,0,0.0017883284504137558,12
MAT,Subject12,svm_rbf,1,0,0.06355640315061936,12
MAT,Subject13,svm_rbf,0,1,0.9712669655924575,13
MAT,Subject13,svm_rbf,0,1,0.5,13
MAT,Subject13,svm_rbf,0,1,0.4925826480122506,13
MAT,Subject13,svm_rbf,0,0,0.045486981547618884,13
MAT,Subject13,svm_rbf,0,1,0.34790111003259083,13
MAT,Subject13,svm_rbf,0,1,0.9348307006069628,13
MAT,Subject13,svm_rbf,0,1,0.8188523994475647,13
MAT,Subject13,svm_rbf,0,1,0.7999839880073925,13
MAT,Subject13,svm_rbf,0,1,0.9314292807867752,13
MAT,Subject13,svm_rbf,0,1,0.6160359478877099,13
MAT,Subject13,svm_rbf,0,0,0.1938480914714401,13
MAT,Subject13,svm_rbf,0,1,0.7408726233926046,13
MAT,Subject13,svm_rbf,0,1,0.89504321250809,13
MAT,Subject13,svm_rbf,0,1,0.44640855087356845,13
MAT,Subject13,svm_rbf,0,1,0.39735384495093923,13
MAT,Subject13,svm_rbf,0,1,0.3738068319590384,13
MAT,Subject13,svm_rbf,0,1,0.9475204433498733,13
MAT,Subject13,svm_rbf,0,1,0.9560211357289332,13
MAT,Subject13,svm_rbf,0,1,0.7853734151545639,13
MAT,Subject13,svm_rbf,0,1,0.5098080023926282,13
MAT,Subject13,svm_rbf,0,1,0.8667968764769045,13
MAT,Subject13,svm_rbf,0,1,0.9151065301604382,13
MAT,Subject13,svm_rbf,0,1,0.8728947654203952,13
MAT,Subject13,svm_rbf,0,1,0.867071101432761,13
MAT,Subject13,svm_rbf,0,1,0.4900086342068874,13
MAT,Subject13,svm_rbf,0,0,0.3286784959444808,13
MAT,Subject13,svm_rbf,0,1,0.5477617843666737,13
MAT,Subject13,svm_rbf,0,1,0.8013044670060845,13
MAT,Subject13,svm_rbf,0,1,0.8935850241983619,13
MAT,Subject13,svm_rbf,0,1,0.9780909526354541,13
MAT,Subject13,svm_rbf,0,1,0.8202397979192079,13
MAT,Subject13,svm_rbf,0,1,0.5613255714511985,13
MAT,Subject13,svm_rbf,0,1,0.9259041098826426,13
MAT,Subject13,svm_rbf,0,1,0.9504837038202569,13
MAT,Subject13,svm_rbf,0,1,0.9397446879682301,13
MAT,Subject13,svm_rbf,0,1,0.9527548260448644,13
MAT,Subject13,svm_rbf,0,1,0.9961273286505535,13
MAT,Subject13,svm_rbf,0,1,0.9867562042279611,13
MAT,Subject13,svm_rbf,0,1,0.7805991328499482,13
MAT,Subject13,svm_rbf,0,1,0.36169640471059683,13
MAT,Subject13,svm_rbf,0,1,0.41806068395301504,13
MAT,Subject13,svm_rbf,0,1,0.5212669751620702,13
MAT,Subject13,svm_rbf,0,0,0.23130536832438517,13
MAT,Subject13,svm_rbf,0,0,0.21585776284787403,13
MAT,Subject13,svm_rbf,0,1,0.5557586507646554,13
MAT,Subject13,svm_rbf,0,1,0.958422751887462,13
MAT,Subject13,svm_rbf,0,1,0.8628072400394992,13
MAT,Subject13,svm_rbf,0,1,0.8065092618338209,13
MAT,Subject13,svm_rbf,0,1,0.6832915864515234,13
MAT,Subject13,svm_rbf,0,1,0.9345267463233695,13
MAT,Subject13,svm_rbf,0,1,0.8775918546574462,13
MAT,Subject13,svm_rbf,0,1,0.9915693611181957,13
MAT,Subject13,svm_rbf,0,1,0.9761111355425433,13
MAT,Subject13,svm_rbf,0,1,0.5652465733483156,13
MAT,Subject13,svm_rbf,0,1,0.9886413273527221,13
MAT,Subject13,svm_rbf,0,1,0.9470661986157174,13
MAT,Subject13,svm_rbf,0,0,0.17614671242546642,13
MAT,Subject13,svm_rbf,0,1,0.8149017403291346,13
MAT,Subject13,svm_rbf,0,1,0.9151028033131744,13
MAT,Subject13,svm_rbf,0,1,0.6918414205513036,13
MAT,Subject13,svm_rbf,0,1,0.7708238348672197,13
MAT,Subject13,svm_rbf,0,1,0.9852780637176677,13
MAT,Subject13,svm_rbf,0,1,0.9951485732731856,13
MAT,Subject13,svm_rbf,0,1,0.7187450185748265,13
MAT,Subject13,svm_rbf,0,1,0.6116526452308682,13
MAT,Subject13,svm_rbf,0,1,0.8960172104986185,13
MAT,Subject13,svm_rbf,0,1,0.8885489825914183,13
MAT,Subject13,svm_rbf,0,1,0.9639661830811682,13
MAT,Subject13,svm_rbf,0,1,0.9660330340387726,13
MAT,Subject13,svm_rbf,0,1,0.912447060190547,13
MAT,Subject13,svm_rbf,0,1,0.8150662110500777,13
MAT,Subject13,svm_rbf,0,1,0.8771744497354514,13
MAT,Subject13,svm_rbf,0,1,0.574129413425326,13
MAT,Subject13,svm_rbf,0,1,0.7201334240632979,13
MAT,Subject13,svm_rbf,0,1,0.4146936664543631,13
MAT,Subject13,svm_rbf,0,1,0.7686078111993886,13
MAT,Subject13,svm_rbf,0,1,0.8108427963627773,13
MAT,Subject13,svm_rbf,0,1,0.9700817514077205,13
MAT,Subject13,svm_rbf,0,1,0.975191984562074,13
MAT,Subject13,svm_rbf,0,1,0.983291551008381,13
MAT,Subject13,svm_rbf,0,1,0.9851370905081027,13
MAT,Subject13,svm_rbf,0,1,0.9945545178964686,13
MAT,Subject13,svm_rbf,0,1,0.98816298849701,13
MAT,Subject13,svm_rbf,0,1,0.988166364346888,13
MAT,Subject13,svm_rbf,0,1,0.9859514626127389,13
MAT,Subject13,svm_rbf,0,1,0.7897467586927136,13
MAT,Subject13,svm_rbf,0,1,0.9533838693160692,13
MAT,Subject13,svm_rbf,0,1,0.9854920420700654,13
MAT,Subject13,svm_rbf,0,1,0.6960937928807445,13
MAT,Subject13,svm_rbf,0,1,0.47641649927522467,13
MAT,Subject13,svm_rbf,1,1,0.3317353488644849,13
MAT,Subject13,svm_rbf,1,1,0.5429054550713617,13
MAT,Subject13,svm_rbf,1,1,0.8371698601752786,13
MAT,Subject13,svm_rbf,1,0,0.08516838760128657,13
MAT,Subject13,svm_rbf,1,0,0.0677129459561913,13
MAT,Subject13,svm_rbf,1,0,0.04215644982152523,13
MAT,Subject13,svm_rbf,1,0,0.23430524251957052,13
MAT,Subject13,svm_rbf,1,0,0.24253760544080286,13
MAT,Subject13,svm_rbf,1,0,0.1413495490970433,13
MAT,Subject13,svm_rbf,1,1,0.7042771742471065,13
MAT,Subject13,svm_rbf,1,1,0.5,13
MAT,Subject13,svm_rbf,1,1,0.6124607945666807,13
MAT,Subject13,svm_rbf,1,1,0.5971044360464031,13
MAT,Subject13,svm_rbf,1,1,0.347494727543351,13
MAT,Subject13,svm_rbf,1,0,0.05277459941647363,13
MAT,Subject13,svm_rbf,1,1,0.3854947120364716,13
MAT,Subject13,svm_rbf,1,0,0.13015757127840114,13
MAT,Subject13,svm_rbf,1,0,0.2645013893005025,13
MAT,Subject13,svm_rbf,1,1,0.8057081142875098,13
MAT,Subject13,svm_rbf,1,1,0.6343354908597068,13
MAT,Subject13,svm_rbf,1,1,0.6800006300344368,13
MAT,Subject13,svm_rbf,1,1,0.5647067312692159,13
MAT,Subject13,svm_rbf,1,0,0.2595085001617769,13
MAT,Subject13,svm_rbf,1,0,0.19440268522298523,13
MAT,Subject13,svm_rbf,1,0,0.07084838084607016,13
MAT,Subject13,svm_rbf,1,0,0.29762336476625995,13
MAT,Subject13,svm_rbf,1,0,0.04203426994306072,13
MAT,Subject13,svm_rbf,1,0,0.007095551491451219,13
MAT,Subject13,svm_rbf,1,0,0.04356587281879322,13
MAT,Subject13,svm_rbf,1,1,0.8396611815416343,13
MAT,Subject14,svm_rbf,0,0,0.04857172360291051,14
MAT,Subject14,svm_rbf,0,0,0.09762945965863344,14
MAT,Subject14,svm_rbf,0,0,0.0654992942781034,14
MAT,Subject14,svm_rbf,0,0,0.1124932851748782,14
MAT,Subject14,svm_rbf,0,1,0.5200223666563627,14
MAT,Subject14,svm_rbf,0,1,0.4602220739036623,14
MAT,Subject14,svm_rbf,0,0,0.33435927351759714,14
MAT,Subject14,svm_rbf,0,0,0.07140737391159704,14
MAT,Subject14,svm_rbf,0,0,0.23667403943832688,14
MAT,Subject14,svm_rbf,0,0,0.07931748490667202,14
MAT,Subject14,svm_rbf,0,1,0.5102887294601857,14
MAT,Subject14,svm_rbf,0,1,0.4181601134671105,14
MAT,Subject14,svm_rbf,0,1,0.5830104593138405,14
MAT,Subject14,svm_rbf,0,0,0.22448350640956521,14
MAT,Subject14,svm_rbf,0,1,0.4937217883816058,14
MAT,Subject14,svm_rbf,0,1,0.9565480781191389,14
MAT,Subject14,svm_rbf,0,0,0.131685350985067,14
MAT,Subject14,svm_rbf,0,0,0.01440176544041961,14
MAT,Subject14,svm_rbf,0,0,0.058180696810465816,14
MAT,Subject14,svm_rbf,0,1,0.8247262140779895,14
MAT,Subject14,svm_rbf,0,1,0.8865620840415436,14
MAT,Subject14,svm_rbf,0,1,0.8280298126818677,14
MAT,Subject14,svm_rbf,0,0,0.0011644677317590542,14
MAT,Subject14,svm_rbf,0,0,0.00039590476509480395,14
MAT,Subject14,svm_rbf,0,0,0.23173865017346168,14
MAT,Subject14,svm_rbf,0,1,0.7256169643074374,14
MAT,Subject14,svm_rbf,0,1,0.5990928178134528,14
MAT,Subject14,svm_rbf,0,0,0.12881575553575594,14
MAT,Subject14,svm_rbf,0,0,0.13888369972012002,14
MAT,Subject14,svm_rbf,0,0,0.023819486314752416,14
MAT,Subject14,svm_rbf,0,0,0.1683191741607892,14
MAT,Subject14,svm_rbf,0,0,0.16808446153489914,14
MAT,Subject14,svm_rbf,0,0,0.16808446153489914,14
MAT,Subject14,svm_rbf,0,0,0.017260070556824932,14
MAT,Subject14,svm_rbf,0,0,0.1389213008485138,14
MAT,Subject14,svm_rbf,0,0,0.04866064078530647,14
MAT,Subject14,svm_rbf,0,1,0.9814751821966325,14
MAT,Subject14,svm_rbf,0,1,0.98702606076213,14
MAT,Subject14,svm_rbf,0,1,0.6873814648073016,14
MAT,Subject14,svm_rbf,0,1,0.46555064105512406,14
MAT,Subject14,svm_rbf,0,1,0.9230858764598502,14
MAT,Subject14,svm_rbf,0,1,0.9717686363650977,14
MAT,Subject14,svm_rbf,0,1,0.9686255580764129,14
MAT,Subject14,svm_rbf,0,1,0.9748813182326704,14
MAT,Subject14,svm_rbf,0,1,0.976007263056198,14
MAT,Subject14,svm_rbf,0,1,0.5,14
MAT,Subject14,svm_rbf,0,0,0.28270153518364033,14
MAT,Subject14,svm_rbf,0,1,0.9097774125402491,14
MAT,Subject14,svm_rbf,0,1,0.9564539219647769,14
MAT,Subject14,svm_rbf,0,1,0.8925072144767402,14
MAT,Subject14,svm_rbf,0,1,0.7366770178074135,14
MAT,Subject14,svm_rbf,0,1,0.7410170280986628,14
MAT,Subject14,svm_rbf,0,0,0.28201990884703193,14
MAT,Subject14,svm_rbf,0,0,0.18886631949255883,14
MAT,Subject14,svm_rbf,0,1,0.41493131740755906,14
MAT,Subject14,svm_rbf,0,0,0.21167248559831967,14
MAT,Subject14,svm_rbf,0,1,0.4255666853920639,14
MAT,Subject14,svm_rbf,0,0,0.10103862979046324,14
MAT,Subject14,svm_rbf,0,0,0.1675175204876714,14
MAT,Subject14,svm_rbf,0,1,0.39261393358061164,14
MAT,Subject14,svm_rbf,0,0,0.10379540820811392,14
MAT,Subject14,svm_rbf,0,0,0.04180125429579705,14
MAT,Subject14,svm_rbf,0,0,0.11637701552387852,14
MAT,Subject14,svm_rbf,0,1,0.5832020227958573,14
MAT,Subject14,svm_rbf,0,0,0.29349122897616414,14
MAT,Subject14,svm_rbf,0,0,0.017361524935760795,14
MAT,Subject14,svm_rbf,0,0,0.0009361454622704335,14
MAT,Subject14,svm_rbf,0,1,0.7263247269402261,14
MAT,Subject14,svm_rbf,0,0,0.08903538100615406,14
MAT,Subject14,svm_rbf,0,0,0.0042460352492702125,14
MAT,Subject14,svm_rbf,0,1,0.6541474086806318,14
MAT,Subject14,svm_rbf,0,1,0.9904303293775678,14
MAT,Subject14,svm_rbf,0,1,0.3930846357386217,14
MAT,Subject14,svm_rbf,0,1,0.7084540745705146,14
MAT,Subject14,svm_rbf,0,1,0.44167497647634335,14
MAT,Subject14,svm_rbf,0,0,0.028912646256444997,14
MAT,Subject14,svm_rbf,0,1,0.5,14
MAT,Subject14,svm_rbf,0,0,0.19464662520991796,14
MAT,Subject14,svm_rbf,0,1,0.9643896384322521,14
MAT,Subject14,svm_rbf,0,1,0.9230736162093114,14
MAT,Subject14,svm_rbf,0,0,0.1486767608756588,14
MAT,Subject14,svm_rbf,0,0,0.14081716524366408,14
MAT,Subject14,svm_rbf,0,0,0.017059478897474008,14
MAT,Subject14,svm_rbf,0,0,0.05994832903363388,14
MAT,Subject14,svm_rbf,0,0,0.03852394734948651,14
MAT,Subject14,svm_rbf,0,0,0.18758176863689077,14
MAT,Subject14,svm_rbf,0,0,0.15677016587377218,14
MAT,Subject14,svm_rbf,0,0,0.015852857066560304,14
MAT,Subject14,svm_rbf,0,0,0.0019645212502722486,14
MAT,Subject14,svm_rbf,0,0,0.16808446166081498,14
MAT,Subject14,svm_rbf,1,1,0.7089864266419273,14
MAT,Subject14,svm_rbf,1,1,0.8081935251849709,14
MAT,Subject14,svm_rbf,1,1,0.901579997476251,14
MAT,Subject14,svm_rbf,1,0,0.2088397424564486,14
MAT,Subject14,svm_rbf,1,0,0.22513549070970126,14
MAT,Subject14,svm_rbf,1,0,0.08657700118165527,14
MAT,Subject14,svm_rbf,1,1,0.5167210777878701,14
MAT,Subject14,svm_rbf,1,1,0.8197087321820442,14
MAT,Subject14,svm_rbf,1,0,0.08815183277667629,14
MAT,Subject14,svm_rbf,1,0,0.16808446153489914,14
MAT,Subject14,svm_rbf,1,0,0.16808446153489914,14
MAT,Subject14,svm_rbf,1,0,0.20174075372890907,14
MAT,Subject14,svm_rbf,1,1,0.808010031039807,14
MAT,Subject14,svm_rbf,1,1,0.9775522282304842,14
MAT,Subject14,svm_rbf,1,1,0.8973332545628244,14
MAT,Subject14,svm_rbf,1,1,0.9802528105334205,14
MAT,Subject14,svm_rbf,1,0,0.06847967595960514,14
MAT,Subject14,svm_rbf,1,1,0.4053560424896499,14
MAT,Subject14,svm_rbf,1,0,0.2040056508074969,14
MAT,Subject14,svm_rbf,1,1,0.5370281673413863,14
MAT,Subject14,svm_rbf,1,0,0.06850686011278675,14
MAT,Subject14,svm_rbf,1,1,0.8760696153032411,14
MAT,Subject14,svm_rbf,1,1,0.9907245419066111,14
MAT,Subject14,svm_rbf,1,0,0.05433742302753485,14
MAT,Subject14,svm_rbf,1,0,0.29444517232708994,14
MAT,Subject14,svm_rbf,1,1,0.9685381345581444,14
MAT,Subject14,svm_rbf,1,1,0.4587504891119546,14
MAT,Subject14,svm_rbf,1,0,0.3385589715550881,14
MAT,Subject14,svm_rbf,1,1,0.402414812615596,14
MAT,Subject14,svm_rbf,1,0,0.16795538368234594,14
MAT,Subject15,svm_rbf,0,0,0.0013523564397788432,15
MAT,Subject15,svm_rbf,0,0,0.007992856552304391,15
MAT,Subject15,svm_rbf,0,0,0.011163401288123664,15
MAT,Subject15,svm_rbf,0,0,0.007533411244558104,15
MAT,Subject15,svm_rbf,0,0,0.02174398512607622,15
MAT,Subject15,svm_rbf,0,0,0.007141602853221272,15
MAT,Subject15,svm_rbf,0,0,0.0010304567137294771,15
MAT,Subject15,svm_rbf,0,1,0.3326201146206179,15
MAT,Subject15,svm_rbf,0,0,0.2809953062353769,15
MAT,Subject15,svm_rbf,0,0,0.044809801276562096,15
MAT,Subject15,svm_rbf,0,0,0.00043323684849250893,15
MAT,Subject15,svm_rbf,0,0,0.013857459842212799,15
MAT,Subject15,svm_rbf,0,0,0.013768671926954862,15
MAT,Subject15,svm_rbf,0,0,0.027646104105942027,15
MAT,Subject15,svm_rbf,0,0,0.26586020488336126,15
MAT,Subject15,svm_rbf,0,0,0.006798364657500375,15
MAT,Subject15,svm_rbf,0,0,0.019775100382504605,15
MAT,Subject15,svm_rbf,0,0,0.0028039072009413686,15
MAT,Subject15,svm_rbf,0,0,2.278363358972007e-05,15
MAT,Subject15,svm_rbf,0,0,0.0006580187345832737,15
MAT,Subject15,svm_rbf,0,0,0.00020970620532066202,15
MAT,Subject15,svm_rbf,0,0,0.001884543943920403,15
MAT,Subject15,svm_rbf,0,0,0.00041875896112513844,15
MAT,Subject15,svm_rbf,0,0,0.006309665189916978,15
MAT,Subject15,svm_rbf,0,0,0.03227291292646293,15
MAT,Subject15,svm_rbf,0,0,0.12336715930743453,15
MAT,Subject15,svm_rbf,0,0,0.03150665481138001,15
MAT,Subject15,svm_rbf,0,0,0.03615031206925304,15
MAT,Subject15,svm_rbf,0,0,0.0007156468578741189,15
MAT,Subject15,svm_rbf,0,0,0.0012147570778880197,15
MAT,Subject15,svm_rbf,0,0,0.002782251920330149,15
MAT,Subject15,svm_rbf,0,0,0.0006839145999324335,15
MAT,Subject15,svm_rbf,0,0,2.8040636241925172e-05,15
MAT,Subject15,svm_rbf,0,0,0.0007678720867672714,15
MAT,Subject15,svm_rbf,0,0,0.007776106215183432,15
MAT,Subject15,svm_rbf,0,0,0.012902243364254192,15
MAT,Subject15,svm_rbf,0,0,0.010976595652174518,15
MAT,Subject15,svm_rbf,0,0,0.006289772188978231,15
MAT,Subject15,svm_rbf,0,0,0.004896461498777253,15
MAT,Subject15,svm_rbf,0,0,0.04824978009888563,15
MAT,Subject15,svm_rbf,0,0,0.01855055001845518,15
MAT,Subject15,svm_rbf,0,0,0.0006082390934831679,15
MAT,Subject15,svm_rbf,0,0,0.04853147992475994,15
MAT,Subject15,svm_rbf,0,0,0.014880155925710063,15
MAT,Subject15,svm_rbf,0,0,0.0007104893495910331,15
MAT,Subject15,svm_rbf,0,0,0.003176213498750902,15
MAT,Subject15,svm_rbf,0,0,0.001968493490172275,15
MAT,Subject15,svm_rbf,0,0,0.001411377261990185,15
MAT,Subject15,svm_rbf,0,0,0.0013529336630116143,15
MAT,Subject15,svm_rbf,0,0,0.0017904223018967813,15
MAT,Subject15,svm_rbf,0,0,0.0025041334854733464,15
MAT,Subject15,svm_rbf,0,0,0.009399339958101908,15
MAT,Subject15,svm_rbf,0,0,3.666176614165209e-05,15
MAT,Subject15,svm_rbf,0,0,0.0003921673467074306,15
MAT,Subject15,svm_rbf,0,0,0.003038934149980238,15
MAT,Subject15,svm_rbf,0,0,0.0030845417045911286,15
MAT,Subject15,svm_rbf,0,0,0.0008806380460910572,15
MAT,Subject15,svm_rbf,0,0,4.612693117275264e-05,15
MAT,Subject15,svm_rbf,0,0,0.0003389206469473325,15
MAT,Subject15,svm_rbf,0,1,0.5738453320888375,15
MAT,Subject15,svm_rbf,0,0,0.004274367100502526,15
MAT,Subject15,svm_rbf,0,0,0.0008526320058100637,15
MAT,Subject15,svm_rbf,0,0,0.0039821384314545774,15
MAT,Subject15,svm_rbf,0,0,0.0029004515858991227,15
MAT,Subject15,svm_rbf,0,0,8.863105647408935e-05,15
MAT,Subject15,svm_rbf,0,0,0.0022907313731295145,15
MAT,Subject15,svm_rbf,0,0,0.00393636669452447,15
MAT,Subject15,svm_rbf,0,0,0.0007748622681980212,15
MAT,Subject15,svm_rbf,0,0,0.001018812839187324,15
MAT,Subject15,svm_rbf,0,0,0.0054821770646069105,15
MAT,Subject15,svm_rbf,0,0,0.09812627003931253,15
MAT,Subject15,svm_rbf,0,1,0.5,15
MAT,Subject15,svm_rbf,0,1,0.5065985050358655,15
MAT,Subject15,svm_rbf,0,0,0.011498176355169464,15
MAT,Subject15,svm_rbf,0,0,0.0008762073371522371,15
MAT,Subject15,svm_rbf,0,0,0.0016142825379427653,15
MAT,Subject15,svm_rbf,0,0,0.003991395739499652,15
MAT,Subject15,svm_rbf,0,0,0.028167526519463054,15
MAT,Subject15,svm_rbf,0,0,0.000986311092554396,15
MAT,Subject15,svm_rbf,0,0,0.0018274859854815933,15
MAT,Subject15,svm_rbf,0,0,0.00017919009931791283,15
MAT,Subject15,svm_rbf,0,0,0.00017328496518625528,15
MAT,Subject15,svm_rbf,0,0,0.0009447934286038957,15
MAT,Subject15,svm_rbf,0,0,0.0005108254605187831,15
MAT,Subject15,svm_rbf,0,0,0.0004899393481336576,15
MAT,Subject15,svm_rbf,0,0,8.01648022555504e-05,15
MAT,Subject15,svm_rbf,0,0,0.0012700907647920192,15
MAT,Subject15,svm_rbf,0,0,0.001670563278009975,15
MAT,Subject15,svm_rbf,0,0,0.00017222268539314044,15
MAT,Subject15,svm_rbf,0,0,0.14727244210220905,15
MAT,Subject15,svm_rbf,1,0,0.1048855062884059,15
MAT,Subject15,svm_rbf,1,1,0.9119128331184216,15
MAT,Subject15,svm_rbf,1,0,0.10880658206176298,15
MAT,Subject15,svm_rbf,1,0,0.08990095148284143,15
MAT,Subject15,svm_rbf,1,0,0.16181032617692748,15
MAT,Subject15,svm_rbf,1,0,0.16218008213607873,15
MAT,Subject15,svm_rbf,1,0,0.019899938400634778,15
MAT,Subject15,svm_rbf,1,0,0.13760596475021838,15
MAT,Subject15,svm_rbf,1,0,0.15443754712952878,15
MAT,Subject15,svm_rbf,1,0,0.033676595024753904,15
MAT,Subject15,svm_rbf,1,1,0.36804063676945126,15
MAT,Subject15,svm_rbf,1,1,0.7960080690195122,15
MAT,Subject15,svm_rbf,1,1,0.617299305248957,15
MAT,Subject15,svm_rbf,1,0,0.21403758028358946,15
MAT,Subject15,svm_rbf,1,0,0.045857076644522765,15
MAT,Subject15,svm_rbf,1,0,0.00762834183651191,15
MAT,Subject15,svm_rbf,1,0,0.0023019128180764795,15
MAT,Subject15,svm_rbf,1,0,0.009785309650492695,15
MAT,Subject15,svm_rbf,1,0,0.3010985463159979,15
MAT,Subject15,svm_rbf,1,0,0.041578401213945244,15
MAT,Subject15,svm_rbf,1,0,0.01161461425238673,15
MAT,Subject15,svm_rbf,1,0,0.0036224813772111576,15
MAT,Subject15,svm_rbf,1,0,0.2348337536856489,15
MAT,Subject15,svm_rbf,1,1,0.3867579514854272,15
MAT,Subject15,svm_rbf,1,0,0.04778921818152585,15
MAT,Subject15,svm_rbf,1,1,0.7232125721619419,15
MAT,Subject15,svm_rbf,1,1,0.34563028984785565,15
MAT,Subject15,svm_rbf,1,1,0.3914210947261687,15
MAT,Subject15,svm_rbf,1,1,0.708595430955718,15
MAT,Subject15,svm_rbf,1,0,0.13146516492917867,15
MAT,Subject16,svm_rbf,0,1,0.9624628147940657,16
MAT,Subject16,svm_rbf,0,1,0.9437242137393307,16
MAT,Subject16,svm_rbf,0,1,0.8386049759015448,16
MAT,Subject16,svm_rbf,0,1,0.9950193073897989,16
MAT,Subject16,svm_rbf,0,1,0.991585894504111,16
MAT,Subject16,svm_rbf,0,1,0.9937230813314868,16
MAT,Subject16,svm_rbf,0,1,0.5223187764702484,16
MAT,Subject16,svm_rbf,0,0,0.18716486458694798,16
MAT,Subject16,svm_rbf,0,1,0.9803223154076898,16
MAT,Subject16,svm_rbf,0,1,0.9909810997351574,16
MAT,Subject16,svm_rbf,0,1,0.9999824965306902,16
MAT,Subject16,svm_rbf,0,1,0.996741146685777,16
MAT,Subject16,svm_rbf,0,1,0.9742203666778848,16
MAT,Subject16,svm_rbf,0,1,0.5590325489285958,16
MAT,Subject16,svm_rbf,0,1,0.641699729825552,16
MAT,Subject16,svm_rbf,0,1,0.962168845316564,16
MAT,Subject16,svm_rbf,0,1,0.9955887421492476,16
MAT,Subject16,svm_rbf,0,1,0.5,16
MAT,Subject16,svm_rbf,0,1,0.9175948344213736,16
MAT,Subject16,svm_rbf,0,1,0.9721660551022913,16
MAT,Subject16,svm_rbf,0,1,0.9950377581109757,16
MAT,Subject16,svm_rbf,0,1,0.9895980712499715,16
MAT,Subject16,svm_rbf,0,1,0.942527351339996,16
MAT,Subject16,svm_rbf,0,1,0.3947336018944092,16
MAT,Subject16,svm_rbf,0,0,0.3314494884241313,16
MAT,Subject16,svm_rbf,0,0,0.24383938712652714,16
MAT,Subject16,svm_rbf,0,0,0.2116455451129227,16
MAT,Subject16,svm_rbf,0,1,0.43901618550740223,16
MAT,Subject16,svm_rbf,0,1,0.5388844716274197,16
MAT,Subject16,svm_rbf,0,0,0.18675773857182837,16
MAT,Subject16,svm_rbf,0,0,0.25980384155752195,16
MAT,Subject16,svm_rbf,0,1,0.8342003026747786,16
MAT,Subject16,svm_rbf,0,0,0.07056582261599775,16
MAT,Subject16,svm_rbf,0,1,0.8930441227805757,16
MAT,Subject16,svm_rbf,0,0,0.26659813376144054,16
MAT,Subject16,svm_rbf,0,0,0.003946206246587141,16
MAT,Subject16,svm_rbf,0,0,0.0009949643774418769,16
MAT,Subject16,svm_rbf,0,0,0.027121026054515322,16
MAT,Subject16,svm_rbf,0,0,0.13071217761346812,16
MAT,Subject16,svm_rbf,0,0,0.21991719953759686,16
MAT,Subject16,svm_rbf,0,1,0.411931965143792,16
MAT,Subject16,svm_rbf,0,1,0.614056925115523,16
MAT,Subject16,svm_rbf,0,1,0.4188716908476469,16
MAT,Subject16,svm_rbf,0,0,0.23767671041487096,16
MAT,Subject16,svm_rbf,0,0,0.28781440837934347,16
MAT,Subject16,svm_rbf,0,0,0.23603850206419594,16
MAT,Subject16,svm_rbf,0,1,0.5213796252968815,16
MAT,Subject16,svm_rbf,0,1,0.6713069010383436,16
MAT,Subject16,svm_rbf,0,0,0.14030577211519393,16
MAT,Subject16,svm_rbf,0,0,0.18915191920974186,16
MAT,Subject16,svm_rbf,0,0,0.3219235080657046,16
MAT,Subject16,svm_rbf,0,1,0.7549058085529197,16
MAT,Subject16,svm_rbf,0,0,0.16636498319822568,16
MAT,Subject16,svm_rbf,0,0,0.006072774731869507,16
MAT,Subject16,svm_rbf,0,1,0.7802564348414132,16
MAT,Subject16,svm_rbf,0,1,0.39433173231863317,16
MAT,Subject16,svm_rbf,0,1,0.3522963351017781,16
MAT,Subject16,svm_rbf,0,1,0.6953438843808766,16
MAT,Subject16,svm_rbf,0,1,0.8241456685971004,16
MAT,Subject16,svm_rbf,0,1,0.6956088575105525,16
MAT,Subject16,svm_rbf,0,0,0.014565237119463682,16
MAT,Subject16,svm_rbf,0,0,0.007099995760119728,16
MAT,Subject16,svm_rbf,0,0,0.0014213569650345036,16
MAT,Subject16,svm_rbf,0,0,1.0349353952093328e-05,16
MAT,Subject16,svm_rbf,0,0,0.00010486086422042871,16
MAT,Subject16,svm_rbf,0,0,3.7313143448371725e-05,16
MAT,Subject16,svm_rbf,0,0,0.0005120873056409504,16
MAT,Subject16,svm_rbf,0,0,0.000882461102926974,16
MAT,Subject16,svm_rbf,0,0,0.00036123481510204087,16
MAT,Subject16,svm_rbf,0,0,0.0005504934794829451,16
MAT,Subject16,svm_rbf,0,0,0.001124659714607128,16
MAT,Subject16,svm_rbf,0,0,0.0006825140207661358,16
MAT,Subject16,svm_rbf,0,1,0.5862242907751009,16
MAT,Subject16,svm_rbf,0,0,0.1799885345338929,16
MAT,Subject16,svm_rbf,0,0,0.000932088441756361,16
MAT,Subject16,svm_rbf,0,0,0.009508266982393378,16
MAT,Subject16,svm_rbf,0,0,0.001319790801413509,16
MAT,Subject16,svm_rbf,0,0,0.16351461067621836,16
MAT,Subject16,svm_rbf,0,0,0.009802575850294372,16
MAT,Subject16,svm_rbf,0,0,3.127750996025162e-05,16
MAT,Subject16,svm_rbf,0,0,0.036923197547351745,16
MAT,Subject16,svm_rbf,0,0,0.31919050168855206,16
MAT,Subject16,svm_rbf,0,0,0.2565354122582432,16
MAT,Subject16,svm_rbf,0,0,0.01748969656378852,16
MAT,Subject16,svm_rbf,0,0,0.007176530986400976,16
MAT,Subject16,svm_rbf,0,0,0.004749954879118888,16
MAT,Subject16,svm_rbf,0,0,0.01224429763637202,16
MAT,Subject16,svm_rbf,0,0,0.007478284493828747,16
MAT,Subject16,svm_rbf,0,0,9.076515951443855e-05,16
MAT,Subject16,svm_rbf,0,1,0.686150620553593,16
MAT,Subject16,svm_rbf,1,0,0.0002041296368748666,16
MAT,Subject16,svm_rbf,1,0,0.006847831032600631,16
MAT,Subject16,svm_rbf,1,0,0.015478525811902923,16
MAT,Subject16,svm_rbf,1,0,0.03386902397776191,16
MAT,Subject16,svm_rbf,1,0,0.010803014672708272,16
MAT,Subject16,svm_rbf,1,0,0.011635497486366216,16
MAT,Subject16,svm_rbf,1,1,0.6404165141790218,16
MAT,Subject16,svm_rbf,1,1,0.9379626344792132,16
MAT,Subject16,svm_rbf,1,0,0.13280120611917418,16
MAT,Subject16,svm_rbf,1,0,0.22799774977448745,16
MAT,Subject16,svm_rbf,1,1,0.3844607188032701,16
MAT,Subject16,svm_rbf,1,0,0.16556376449333612,16
MAT,Subject16,svm_rbf,1,0,0.17425647984750164,16
MAT,Subject16,svm_rbf,1,1,0.8196310773969588,16
MAT,Subject16,svm_rbf,1,1,0.9749242745498499,16
MAT,Subject16,svm_rbf,1,1,0.994172668766005,16
MAT,Subject16,svm_rbf,1,1,0.9222391695019676,16
MAT,Subject16,svm_rbf,1,1,0.8520949276953734,16
MAT,Subject16,svm_rbf,1,0,0.2968613179586518,16
MAT,Subject16,svm_rbf,1,0,0.1385883538645685,16
MAT,Subject16,svm_rbf,1,1,0.6277362089654166,16
MAT,Subject16,svm_rbf,1,1,0.4786974713845383,16
MAT,Subject16,svm_rbf,1,1,0.4243241730363001,16
MAT,Subject16,svm_rbf,1,1,0.9711002272130316,16
MAT,Subject16,svm_rbf,1,1,0.5876726246981648,16
MAT,Subject16,svm_rbf,1,0,0.1494302065310492,16
MAT,Subject16,svm_rbf,1,1,0.6695246501728304,16
MAT,Subject16,svm_rbf,1,1,0.9791475541623569,16
MAT,Subject16,svm_rbf,1,1,0.9999852819979089,16
MAT,Subject16,svm_rbf,1,1,0.9272199986965611,16
MAT,Subject17,svm_rbf,0,1,0.5,17
MAT,Subject17,svm_rbf,0,0,0.17274137047272523,17
MAT,Subject17,svm_rbf,0,1,0.646428096155266,17
MAT,Subject17,svm_rbf,0,1,0.9605059056133465,17
MAT,Subject17,svm_rbf,0,1,0.38628846139881334,17
MAT,Subject17,svm_rbf,0,1,0.6400292662974285,17
MAT,Subject17,svm_rbf,0,1,0.8001524862639933,17
MAT,Subject17,svm_rbf,0,1,0.4777565960049605,17
MAT,Subject17,svm_rbf,0,0,0.12213732077249305,17
MAT,Subject17,svm_rbf,0,0,0.11537336399231236,17
MAT,Subject17,svm_rbf,0,1,0.6103113445530718,17
MAT,Subject17,svm_rbf,0,1,0.5684995553274874,17
MAT,Subject17,svm_rbf,0,0,0.2916781721119784,17
MAT,Subject17,svm_rbf,0,0,0.17032885105506496,17
MAT,Subject17,svm_rbf,0,0,0.2148914299217354,17
MAT,Subject17,svm_rbf,0,0,0.32970859607623826,17
MAT,Subject17,svm_rbf,0,1,0.8690156748236437,17
MAT,Subject17,svm_rbf,0,1,0.7095281242317988,17
MAT,Subject17,svm_rbf,0,1,0.6528919530340028,17
MAT,Subject17,svm_rbf,0,1,0.981696849099262,17
MAT,Subject17,svm_rbf,0,1,0.9247801358078124,17
MAT,Subject17,svm_rbf,0,1,0.6470255201037316,17
MAT,Subject17,svm_rbf,0,0,0.3200391792397046,17
MAT,Subject17,svm_rbf,0,1,0.3806572495771497,17
MAT,Subject17,svm_rbf,0,0,0.06651758799968517,17
MAT,Subject17,svm_rbf,0,0,0.1288923283086927,17
MAT,Subject17,svm_rbf,0,0,0.17377359766330375,17
MAT,Subject17,svm_rbf,0,0,0.31050454599769367,17
MAT,Subject17,svm_rbf,0,0,0.019293582220893765,17
MAT,Subject17,svm_rbf,0,0,0.006537755115809116,17
MAT,Subject17,svm_rbf,0,0,0.016918847573734,17
MAT,Subject17,svm_rbf,0,1,0.7060602567039711,17
MAT,Subject17,svm_rbf,0,1,0.34533879086315444,17
MAT,Subject17,svm_rbf,0,1,0.7697606101275366,17
MAT,Subject17,svm_rbf,0,1,0.7352881131327557,17
MAT,Subject17,svm_rbf,0,1,0.8934589060967592,17
MAT,Subject17,svm_rbf,0,1,0.4643312541445522,17
MAT,Subject17,svm_rbf,0,1,0.473610144022414,17
MAT,Subject17,svm_rbf,0,0,0.10124491731231756,17
MAT,Subject17,svm_rbf,0,1,0.6079936239772933,17
MAT,Subject17,svm_rbf,0,1,0.5900082887474781,17
MAT,Subject17,svm_rbf,0,0,0.050196557900621844,17
MAT,Subject17,svm_rbf,0,1,0.5438192965001157,17
MAT,Subject17,svm_rbf,0,1,0.9703744111388647,17
MAT,Subject17,svm_rbf,0,1,0.9570666898082576,17
MAT,Subject17,svm_rbf,0,1,0.9863063451290935,17
MAT,Subject17,svm_rbf,0,0,0.061060733593370844,17
MAT,Subject17,svm_rbf,0,0,0.043253825207297265,17
MAT,Subject17,svm_rbf,0,1,0.95147514563112,17
MAT,Subject17,svm_rbf,0,0,0.3109926812652932,17
MAT,Subject17,svm_rbf,0,1,0.7338181213965584,17
MAT,Subject17,svm_rbf,0,1,0.941254688217488,17
MAT,Subject17,svm_rbf,0,1,0.6585827317049716,17
MAT,Subject17,svm_rbf,0,1,0.8704602729241229,17
MAT,Subject17,svm_rbf,0,1,0.9681529262930513,17
MAT,Subject17,svm_rbf,0,1,0.9291872491362724,17
MAT,Subject17,svm_rbf,0,1,0.4758342341973394,17
MAT,Subject17,svm_rbf,0,0,0.03927075179540881,17
MAT,Subject17,svm_rbf,0,0,0.09946753979771368,17
MAT,Subject17,svm_rbf,0,1,0.9935953158709971,17
MAT,Subject17,svm_rbf,0,1,0.9769894061918262,17
MAT,Subject17,svm_rbf,0,1,0.8893415835517117,17
MAT,Subject17,svm_rbf,0,1,0.8029442435539248,17
MAT,Subject17,svm_rbf,0,1,0.6455575017121248,17
MAT,Subject17,svm_rbf,0,0,0.00709923095070865,17
MAT,Subject17,svm_rbf,0,0,0.02261975410737871,17
MAT,Subject17,svm_rbf,0,1,0.40154259189981045,17
MAT,Subject17,svm_rbf,0,0,0.04909751886422321,17
MAT,Subject17,svm_rbf,0,0,0.02677732382995005,17
MAT,Subject17,svm_rbf,0,1,0.5,17
MAT,Subject17,svm_rbf,0,1,0.569145026839078,17
MAT,Subject17,svm_rbf,0,1,0.5638395374223428,17
MAT,Subject17,svm_rbf,0,1,0.9624843190982241,17
MAT,Subject17,svm_rbf,0,1,0.35618440607045115,17
MAT,Subject17,svm_rbf,0,1,0.5193447940493071,17
MAT,Subject17,svm_rbf,0,1,0.9347740073977736,17
MAT,Subject17,svm_rbf,0,0,0.23503001936213208,17
MAT,Subject17,svm_rbf,0,0,0.11974271287525912,17
MAT,Subject17,svm_rbf,0,0,0.05548148441075521,17
MAT,Subject17,svm_rbf,0,1,0.7373457595392537,17
MAT,Subject17,svm_rbf,0,1,0.936532362648234,17
MAT,Subject17,svm_rbf,0,1,0.9222950134990604,17
MAT,Subject17,svm_rbf,0,1,0.9210126320222534,17
MAT,Subject17,svm_rbf,0,0,0.05259414642616247,17
MAT,Subject17,svm_rbf,0,0,0.01959113449316334,17
MAT,Subject17,svm_rbf,0,0,0.059563700549391196,17
MAT,Subject17,svm_rbf,0,0,0.08122325212395053,17
MAT,Subject17,svm_rbf,0,0,0.2966067685941455,17
MAT,Subject17,svm_rbf,0,0,0.15961873913864383,17
MAT,Subject17,svm_rbf,0,0,0.3186984072002544,17
MAT,Subject17,svm_rbf,1,1,0.8046146724388358,17
MAT,Subject17,svm_rbf,1,1,0.8911537905726947,17
MAT,Subject17,svm_rbf,1,1,0.9692275706375019,17
MAT,Subject17,svm_rbf,1,1,0.7971802601181911,17
MAT,Subject17,svm_rbf,1,1,0.9899720712043235,17
MAT,Subject17,svm_rbf,1,1,0.9999977255972233,17
MAT,Subject17,svm_rbf,1,1,0.9701288296876568,17
MAT,Subject17,svm_rbf,1,0,0.19210220448459212,17
MAT,Subject17,svm_rbf,1,1,0.44726264470058297,17
MAT,Subject17,svm_rbf,1,1,0.40579997833961623,17
MAT,Subject17,svm_rbf,1,1,0.976659436802412,17
MAT,Subject17,svm_rbf,1,1,0.9492580226093883,17
MAT,Subject17,svm_rbf,1,1,0.9344548539383436,17
MAT,Subject17,svm_rbf,1,1,0.36134686362173174,17
MAT,Subject17,svm_rbf,1,0,0.17853414267147832,17
MAT,Subject17,svm_rbf,1,0,0.2663795935034995,17
MAT,Subject17,svm_rbf,1,0,0.1865025133941766,17
MAT,Subject17,svm_rbf,1,1,0.8939465295199007,17
MAT,Subject17,svm_rbf,1,1,0.9449199012911245,17
MAT,Subject17,svm_rbf,1,1,0.9734165869315689,17
MAT,Subject17,svm_rbf,1,1,0.9344810020664751,17
MAT,Subject17,svm_rbf,1,1,0.3502110500232796,17
MAT,Subject17,svm_rbf,1,1,0.39813276780060597,17
MAT,Subject17,svm_rbf,1,0,0.31803751251730117,17
MAT,Subject17,svm_rbf,1,1,0.8151508640029261,17
MAT,Subject17,svm_rbf,1,1,0.605641826580571,17
MAT,Subject17,svm_rbf,1,1,0.6186708705447824,17
MAT,Subject17,svm_rbf,1,1,0.6626253057651978,17
MAT,Subject17,svm_rbf,1,1,0.5370902840519522,17
MAT,Subject17,svm_rbf,1,1,0.35762026767794886,17
MAT,Subject18,svm_rbf,0,0,0.06334656102545513,18
MAT,Subject18,svm_rbf,0,0,0.0599816268102001,18
MAT,Subject18,svm_rbf,0,0,0.0047677988118466404,18
MAT,Subject18,svm_rbf,0,0,0.0052912442718674475,18
MAT,Subject18,svm_rbf,0,0,0.0002009756965654261,18
MAT,Subject18,svm_rbf,0,0,1.3160509453747481e-05,18
MAT,Subject18,svm_rbf,0,0,0.0054798848886381335,18
MAT,Subject18,svm_rbf,0,0,0.04894269941856932,18
MAT,Subject18,svm_rbf,0,0,0.0005522795707648,18
MAT,Subject18,svm_rbf,0,0,0.00010710849216350788,18
MAT,Subject18,svm_rbf,0,0,0.004327443448184244,18
MAT,Subject18,svm_rbf,0,0,0.04728401520930778,18
MAT,Subject18,svm_rbf,0,0,0.009463887443898998,18
MAT,Subject18,svm_rbf,0,0,0.00035387480407326636,18
MAT,Subject18,svm_rbf,0,0,0.0009352935690063953,18
MAT,Subject18,svm_rbf,0,0,0.002561139005775649,18
MAT,Subject18,svm_rbf,0,0,0.007651591198105083,18
MAT,Subject18,svm_rbf,0,0,0.005470971733084532,18
MAT,Subject18,svm_rbf,0,0,0.0014821628105338752,18
MAT,Subject18,svm_rbf,0,0,0.024480333251465935,18
MAT,Subject18,svm_rbf,0,0,0.0042902276086327,18
MAT,Subject18,svm_rbf,0,0,0.0014088140475108808,18
MAT,Subject18,svm_rbf,0,0,0.0015812429294523496,18
MAT,Subject18,svm_rbf,0,0,0.0015524648551184033,18
MAT,Subject18,svm_rbf,0,0,0.00032676002274443827,18
MAT,Subject18,svm_rbf,0,0,0.0008021899899123955,18
MAT,Subject18,svm_rbf,0,0,1.7893615913852986e-05,18
MAT,Subject18,svm_rbf,0,0,1.635811029863544e-05,18
MAT,Subject18,svm_rbf,0,0,7.342775273421093e-05,18
MAT,Subject18,svm_rbf,0,0,8.195868794669905e-05,18
MAT,Subject18,svm_rbf,0,0,0.00048420984235548407,18
MAT,Subject18,svm_rbf,0,0,0.007607835016757417,18
MAT,Subject18,svm_rbf,0,0,0.0011544270046087983,18
MAT,Subject18,svm_rbf,0,0,0.01542844760851366,18
MAT,Subject18,svm_rbf,0,0,0.005336946286036706,18
MAT,Subject18,svm_rbf,0,0,0.00448862278321901,18
MAT,Subject18,svm_rbf,0,0,0.06828661310711083,18
MAT,Subject18,svm_rbf,0,0,0.03174339410641458,18
MAT,Subject18,svm_rbf,0,0,0.0009075830571712478,18
MAT,Subject18,svm_rbf,0,0,0.003990027514630071,18
MAT,Subject18,svm_rbf,0,0,0.20279426324817623,18
MAT,Subject18,svm_rbf,0,0,0.20076372544555013,18
MAT,Subject18,svm_rbf,0,0,0.014029587682906781,18
MAT,Subject18,svm_rbf,0,0,0.00539090631189687,18
MAT,Subject18,svm_rbf,0,0,0.000559202737715724,18
MAT,Subject18,svm_rbf,0,0,0.001010535749590703,18
MAT,Subject18,svm_rbf,0,0,0.00031449500992330244,18
MAT,Subject18,svm_rbf,0,0,3.987211007755815e-05,18
MAT,Subject18,svm_rbf,0,0,0.00023761807855892696,18
MAT,Subject18,svm_rbf,0,0,0.0007315455457746553,18
MAT,Subject18,svm_rbf,0,0,0.0004818802417929164,18
MAT,Subject18,svm_rbf,0,0,0.003714898836693378,18
MAT,Subject18,svm_rbf,0,0,0.005590808498643691,18
MAT,Subject18,svm_rbf,0,0,0.030037022073217037,18
MAT,Subject18,svm_rbf,0,0,0.10150908059259911,18
MAT,Subject18,svm_rbf,0,0,0.06161382305955241,18
MAT,Subject18,svm_rbf,0,0,0.000580273566922553,18
MAT,Subject18,svm_rbf,0,0,0.004212938433470331,18
MAT,Subject18,svm_rbf,0,0,0.00054348895121107,18
MAT,Subject18,svm_rbf,0,0,0.00023982699395239807,18
MAT,Subject18,svm_rbf,0,0,0.0026092472877872756,18
MAT,Subject18,svm_rbf,0,0,0.0002680231084451056,18
MAT,Subject18,svm_rbf,0,0,1.9717617698892e-05,18
MAT,Subject18,svm_rbf,0,0,2.652866363913345e-05,18
MAT,Subject18,svm_rbf,0,0,0.00018209382334211143,18
MAT,Subject18,svm_rbf,0,0,0.0005097462283612845,18
MAT,Subject18,svm_rbf,0,0,0.00032338959657401717,18
MAT,Subject18,svm_rbf,0,0,0.002514021925386207,18
MAT,Subject18,svm_rbf,0,0,0.2104308005295619,18
MAT,Subject18,svm_rbf,0,0,0.0005177702038095851,18
MAT,Subject18,svm_rbf,0,0,0.000367674748277618,18
MAT,Subject18,svm_rbf,0,0,0.03010954624394478,18
MAT,Subject18,svm_rbf,0,0,0.024489905922172137,18
MAT,Subject18,svm_rbf,0,0,0.02256204665368791,18
MAT,Subject18,svm_rbf,0,0,0.012095591376930635,18
MAT,Subject18,svm_rbf,0,0,0.00023609821420171923,18
MAT,Subject18,svm_rbf,0,0,2.100880665368426e-05,18
MAT,Subject18,svm_rbf,0,0,2.326716675362307e-05,18
MAT,Subject18,svm_rbf,0,0,0.000992719037836942,18
MAT,Subject18,svm_rbf,0,0,0.001841828536686568,18
MAT,Subject18,svm_rbf,0,0,0.004646076284534161,18
MAT,Subject18,svm_rbf,0,0,0.0005651005033039779,18
MAT,Subject18,svm_rbf,0,0,0.0002673459846996096,18
MAT,Subject18,svm_rbf,0,0,0.06150700836716623,18
MAT,Subject18,svm_rbf,0,0,0.0944790529042849,18
MAT,Subject18,svm_rbf,0,0,3.0844201879549046e-05,18
MAT,Subject18,svm_rbf,0,0,1.8549343047830134e-05,18
MAT,Subject18,svm_rbf,0,0,0.0001251767537537789,18
MAT,Subject18,svm_rbf,0,0,0.00013275100757588037,18
MAT,Subject18,svm_rbf,0,0,0.19878452461194523,18
MAT,Subject18,svm_rbf,1,0,0.22245638064562365,18
MAT,Subject18,svm_rbf,1,0,0.19962865174411815,18
MAT,Subject18,svm_rbf,1,0,0.0281021800875779,18
MAT,Subject18,svm_rbf,1,0,0.06641212348165838,18
MAT,Subject18,svm_rbf,1,0,0.2675010157772909,18
MAT,Subject18,svm_rbf,1,0,0.2342997036424505,18
MAT,Subject18,svm_rbf,1,0,0.03623984393151794,18
MAT,Subject18,svm_rbf,1,0,0.021635302705277488,18
MAT,Subject18,svm_rbf,1,0,0.0034832600640891708,18
MAT,Subject18,svm_rbf,1,0,0.0041968281913832475,18
MAT,Subject18,svm_rbf,1,0,0.006020221419214576,18
MAT,Subject18,svm_rbf,1,0,0.024502330947278918,18
MAT,Subject18,svm_rbf,1,0,0.0016813481821267558,18
MAT,Subject18,svm_rbf,1,0,0.00926634332283726,18
MAT,Subject18,svm_rbf,1,0,0.07866453987453065,18
MAT,Subject18,svm_rbf,1,0,0.01283543918235046,18
MAT,Subject18,svm_rbf,1,0,0.09219652162901536,18
MAT,Subject18,svm_rbf,1,0,0.02131457240491082,18
MAT,Subject18,svm_rbf,1,0,0.0038320696732614084,18
MAT,Subject18,svm_rbf,1,0,0.0012620185335552986,18
MAT,Subject18,svm_rbf,1,0,0.021043281196731312,18
MAT,Subject18,svm_rbf,1,0,0.007577576883916905,18
MAT,Subject18,svm_rbf,1,0,0.03212194263962394,18
MAT,Subject18,svm_rbf,1,0,0.06472081347406275,18
MAT,Subject18,svm_rbf,1,0,0.03950151802005536,18
MAT,Subject18,svm_rbf,1,0,0.07819262833705234,18
MAT,Subject18,svm_rbf,1,0,0.04487164292279822,18
MAT,Subject18,svm_rbf,1,0,0.03675833114247533,18
MAT,Subject18,svm_rbf,1,0,0.001360847358529292,18
MAT,Subject18,svm_rbf,1,1,0.3762890528742598,18
MAT,Subject19,svm_rbf,0,0,0.0014830614247117188,19
MAT,Subject19,svm_rbf,0,0,0.00311728141004212,19
MAT,Subject19,svm_rbf,0,0,0.060920257443611785,19
MAT,Subject19,svm_rbf,0,0,0.01903363819454404,19
MAT,Subject19,svm_rbf,0,0,0.001244315200529235,19
MAT,Subject19,svm_rbf,0,0,0.020322523406827084,19
MAT,Subject19,svm_rbf,0,0,0.07012736152972014,19
MAT,Subject19,svm_rbf,0,1,0.44739841482719295,19
MAT,Subject19,svm_rbf,0,0,0.09181659466094208,19
MAT,Subject19,svm_rbf,0,0,0.06731968580754523,19
MAT,Subject19,svm_rbf,0,1,0.5232220538372983,19
MAT,Subject19,svm_rbf,0,1,0.8463756922836236,19
MAT,Subject19,svm_rbf,0,1,0.9501662909776046,19
MAT,Subject19,svm_rbf,0,1,0.549460494882767,19
MAT,Subject19,svm_rbf,0,0,0.033495053729355545,19
MAT,Subject19,svm_rbf,0,0,0.028381634462368067,19
MAT,Subject19,svm_rbf,0,0,0.007091187655947209,19
MAT,Subject19,svm_rbf,0,0,0.0026925432876140224,19
MAT,Subject19,svm_rbf,0,0,0.013310342547252668,19
MAT,Subject19,svm_rbf,0,0,0.005047800666253035,19
MAT,Subject19,svm_rbf,0,0,0.00027175372667283433,19
MAT,Subject19,svm_rbf,0,0,0.008406026830860079,19
MAT,Subject19,svm_rbf,0,0,0.19831512059771733,19
MAT,Subject19,svm_rbf,0,0,0.032088890075471506,19
MAT,Subject19,svm_rbf,0,0,0.08698370212798125,19
MAT,Subject19,svm_rbf,0,0,0.13568414777817,19
MAT,Subject19,svm_rbf,0,0,0.06146532057852692,19
MAT,Subject19,svm_rbf,0,0,0.05365204159570721,19
MAT,Subject19,svm_rbf,0,0,0.0575542144900928,19
MAT,Subject19,svm_rbf,0,0,0.002261572535756052,19
MAT,Subject19,svm_rbf,0,0,0.012658856054409435,19
MAT,Subject19,svm_rbf,0,0,0.023079776496374525,19
MAT,Subject19,svm_rbf,0,0,0.0009311465819560152,19
MAT,Subject19,svm_rbf,0,0,0.002001502374680086,19
MAT,Subject19,svm_rbf,0,0,0.013812134417473825,19
MAT,Subject19,svm_rbf,0,0,0.004285493851286931,19
MAT,Subject19,svm_rbf,0,0,0.004962011943575213,19
MAT,Subject19,svm_rbf,0,0,0.016447205628341007,19
MAT,Subject19,svm_rbf,0,0,0.015952514470894952,19
MAT,Subject19,svm_rbf,0,0,0.0035925349914666498,19
MAT,Subject19,svm_rbf,0,0,0.005916814021729462,19
MAT,Subject19,svm_rbf,0,0,0.017597888612891223,19
MAT,Subject19,svm_rbf,0,0,0.0015505329039835973,19
MAT,Subject19,svm_rbf,0,0,0.001263718523000706,19
MAT,Subject19,svm_rbf,0,0,0.015452491008799734,19
MAT,Subject19,svm_rbf,0,0,0.01082415298905653,19
MAT,Subject19,svm_rbf,0,0,0.0008864230557235503,19
MAT,Subject19,svm_rbf,0,0,0.0032162645821211455,19
MAT,Subject19,svm_rbf,0,0,0.00291001529271934,19
MAT,Subject19,svm_rbf,0,0,0.002751762545591612,19
MAT,Subject19,svm_rbf,0,0,0.0013073483313876884,19
MAT,Subject19,svm_rbf,0,0,0.003855858913231815,19
MAT,Subject19,svm_rbf,0,0,0.001604024161811497,19
MAT,Subject19,svm_rbf,0,0,0.010840286023431855,19
MAT,Subject19,svm_rbf,0,0,0.003742773488894466,19
MAT,Subject19,svm_rbf,0,0,0.0008668982343599835,19
MAT,Subject19,svm_rbf,0,0,0.0012685593599887687,19
MAT,Subject19,svm_rbf,0,0,0.0014614321155197888,19
MAT,Subject19,svm_rbf,0,0,0.002059336144561173,19
MAT,Subject19,svm_rbf,0,0,0.0010404890279955249,19
MAT,Subject19,svm_rbf,0,0,0.008415010378865688,19
MAT,Subject19,svm_rbf,0,0,0.0026048670569176944,19
MAT,Subject19,svm_rbf,0,0,0.0014550901731654887,19
MAT,Subject19,svm_rbf,0,0,0.014680955524808298,19
MAT,Subject19,svm_rbf,0,0,0.0005586751777274934,19
MAT,Subject19,svm_rbf,0,0,0.01744373099270586,19
MAT,Subject19,svm_rbf,0,0,0.03426699843485409,19
MAT,Subject19,svm_rbf,0,0,0.003132581779193894,19
MAT,Subject19,svm_rbf,0,0,0.0039745842907599515,19
MAT,Subject19,svm_rbf,0,0,0.004114225116745674,19
MAT,Subject19,svm_rbf,0,0,0.0033905518292864888,19
MAT,Subject19,svm_rbf,0,0,0.004580057399303541,19
MAT,Subject19,svm_rbf,0,0,0.006709015543640106,19
MAT,Subject19,svm_rbf,0,0,0.002021531919764137,19
MAT,Subject19,svm_rbf,0,0,0.005960643394779769,19
MAT,Subject19,svm_rbf,0,0,0.0017693790723714853,19
MAT,Subject19,svm_rbf,0,0,0.0017023380628179616,19
MAT,Subject19,svm_rbf,0,0,0.0006592632855655307,19
MAT,Subject19,svm_rbf,0,0,0.000953912702675361,19
MAT,Subject19,svm_rbf,0,0,0.010231854890183245,19
MAT,Subject19,svm_rbf,0,0,0.007523697525997747,19
MAT,Subject19,svm_rbf,0,0,0.005830169130711029,19
MAT,Subject19,svm_rbf,0,0,0.013611432584360898,19
MAT,Subject19,svm_rbf,0,0,0.0009753517675823467,19
MAT,Subject19,svm_rbf,0,0,0.004485273459117507,19
MAT,Subject19,svm_rbf,0,0,0.06453670145114555,19
MAT,Subject19,svm_rbf,0,0,0.021629593676699716,19
MAT,Subject19,svm_rbf,0,0,0.020092866029961593,19
MAT,Subject19,svm_rbf,0,0,0.0016383720509453067,19
MAT,Subject19,svm_rbf,0,1,0.6054185650963975,19
MAT,Subject19,svm_rbf,1,1,0.9734155103885291,19
MAT,Subject19,svm_rbf,1,1,0.9749755429057673,19
MAT,Subject19,svm_rbf,1,1,0.9571249561034507,19
MAT,Subject19,svm_rbf,1,1,0.8199644772414681,19
MAT,Subject19,svm_rbf,1,1,0.7168475375159331,19
MAT,Subject19,svm_rbf,1,1,0.7102442068440048,19
MAT,Subject19,svm_rbf,1,1,0.8978821708541226,19
MAT,Subject19,svm_rbf,1,1,0.9715745620773526,19
MAT,Subject19,svm_rbf,1,1,0.8910160275636773,19
MAT,Subject19,svm_rbf,1,1,0.9691376139247813,19
MAT,Subject19,svm_rbf,1,1,0.9948523947854133,19
MAT,Subject19,svm_rbf,1,1,0.8756122891447554,19
MAT,Subject19,svm_rbf,1,1,0.6041617628227304,19
MAT,Subject19,svm_rbf,1,1,0.979376676704089,19
MAT,Subject19,svm_rbf,1,1,0.9841908301016646,19
MAT,Subject19,svm_rbf,1,1,0.9810894999698352,19
MAT,Subject19,svm_rbf,1,1,0.9935575774699184,19
MAT,Subject19,svm_rbf,1,1,0.9826139060854703,19
MAT,Subject19,svm_rbf,1,1,0.8375230466737189,19
MAT,Subject19,svm_rbf,1,1,0.4382380957755612,19
MAT,Subject19,svm_rbf,1,1,0.5861016395010873,19
MAT,Subject19,svm_rbf,1,1,0.9111187548140315,19
MAT,Subject19,svm_rbf,1,1,0.9428144731879382,19
MAT,Subject19,svm_rbf,1,1,0.9964145337628044,19
MAT,Subject19,svm_rbf,1,1,0.9497985491070161,19
MAT,Subject19,svm_rbf,1,1,0.940115965209155,19
MAT,Subject19,svm_rbf,1,1,0.9380552901679231,19
MAT,Subject19,svm_rbf,1,1,0.7872945254887578,19
MAT,Subject19,svm_rbf,1,1,0.9290347775249691,19
MAT,Subject19,svm_rbf,1,1,0.9196680778207651,19
MAT,Subject20,svm_rbf,0,0,0.0010586672838531336,20
MAT,Subject20,svm_rbf,0,0,0.0021159553270993043,20
MAT,Subject20,svm_rbf,0,0,1.3856217831388085e-05,20
MAT,Subject20,svm_rbf,0,0,2.022029416697251e-05,20
MAT,Subject20,svm_rbf,0,0,0.0002856971551900551,20
MAT,Subject20,svm_rbf,0,0,0.00018601528888959143,20
MAT,Subject20,svm_rbf,0,0,0.001177941156856794,20
MAT,Subject20,svm_rbf,0,0,0.002039915112963609,20
MAT,Subject20,svm_rbf,0,0,0.00013782653965381886,20
MAT,Subject20,svm_rbf,0,0,2.9375428634109688e-05,20
MAT,Subject20,svm_rbf,0,0,2.031140158027066e-05,20
MAT,Subject20,svm_rbf,0,0,3.208045304640064e-05,20
MAT,Subject20,svm_rbf,0,0,0.00021936223409178352,20
MAT,Subject20,svm_rbf,0,0,0.00017093974745503897,20
MAT,Subject20,svm_rbf,0,0,0.004714598485319408,20
MAT,Subject20,svm_rbf,0,0,0.0030979228573957927,20
MAT,Subject20,svm_rbf,0,0,7.330341967539602e-05,20
MAT,Subject20,svm_rbf,0,0,0.00036144050290496516,20
MAT,Subject20,svm_rbf,0,0,0.011238547245692822,20
MAT,Subject20,svm_rbf,0,0,0.03947516339590813,20
MAT,Subject20,svm_rbf,0,0,0.0008434246924980667,20
MAT,Subject20,svm_rbf,0,0,0.003416277848647367,20
MAT,Subject20,svm_rbf,0,0,0.020147993730322816,20
MAT,Subject20,svm_rbf,0,0,0.012396689669745858,20
MAT,Subject20,svm_rbf,0,0,0.002841378054868847,20
MAT,Subject20,svm_rbf,0,0,0.0005674113680409884,20
MAT,Subject20,svm_rbf,0,0,0.005969227863942908,20
MAT,Subject20,svm_rbf,0,0,0.007575824800703443,20
MAT,Subject20,svm_rbf,0,0,0.0017836423821555372,20
MAT,Subject20,svm_rbf,0,0,0.0006345435970179295,20
MAT,Subject20,svm_rbf,0,0,0.011270646228442826,20
MAT,Subject20,svm_rbf,0,0,0.0015853813580962125,20
MAT,Subject20,svm_rbf,0,0,0.008838954742504472,20
MAT,Subject20,svm_rbf,0,0,0.0005013596729396692,20
MAT,Subject20,svm_rbf,0,0,0.00018165574905449876,20
MAT,Subject20,svm_rbf,0,0,0.0001638429332897454,20
MAT,Subject20,svm_rbf,0,0,0.0028774297493115338,20
MAT,Subject20,svm_rbf,0,0,0.07546410625611283,20
MAT,Subject20,svm_rbf,0,0,0.00022589272992492554,20
MAT,Subject20,svm_rbf,0,0,0.0006643286340398824,20
MAT,Subject20,svm_rbf,0,0,0.0005787388359293033,20
MAT,Subject20,svm_rbf,0,0,0.013757254109885392,20
MAT,Subject20,svm_rbf,0,0,0.014718472092430844,20
MAT,Subject20,svm_rbf,0,0,0.006098977727463141,20
MAT,Subject20,svm_rbf,0,0,0.0021841329832335337,20
MAT,Subject20,svm_rbf,0,0,0.00064117359385403,20
MAT,Subject20,svm_rbf,0,0,0.0017378739577543247,20
MAT,Subject20,svm_rbf,0,0,0.004517702002900805,20
MAT,Subject20,svm_rbf,0,0,0.004087247884784349,20
MAT,Subject20,svm_rbf,0,0,6.034235149218295e-05,20
MAT,Subject20,svm_rbf,0,0,3.636467812918179e-05,20
MAT,Subject20,svm_rbf,0,0,0.0011287893632414628,20
MAT,Subject20,svm_rbf,0,0,0.0006990285799564013,20
MAT,Subject20,svm_rbf,0,0,0.002736569801567903,20
MAT,Subject20,svm_rbf,0,0,0.0003889931023336226,20
MAT,Subject20,svm_rbf,0,0,0.00043921961299883076,20
MAT,Subject20,svm_rbf,0,0,0.007716917891586993,20
MAT,Subject20,svm_rbf,0,0,0.0006551098082737643,20
MAT,Subject20,svm_rbf,0,0,0.00034865255307090724,20
MAT,Subject20,svm_rbf,0,0,0.0004190342966821546,20
MAT,Subject20,svm_rbf,0,0,7.153821209128836e-05,20
MAT,Subject20,svm_rbf,0,0,1.4198798019505173e-05,20
MAT,Subject20,svm_rbf,0,0,0.0007199406134970027,20
MAT,Subject20,svm_rbf,0,0,0.0005226583973124349,20
MAT,Subject20,svm_rbf,0,0,0.00019672920312921322,20
MAT,Subject20,svm_rbf,0,0,2.6222083531408096e-05,20
MAT,Subject20,svm_rbf,0,0,0.0009383497152633549,20
MAT,Subject20,svm_rbf,0,0,0.02268119628623876,20
MAT,Subject20,svm_rbf,0,0,0.007763573505372437,20
MAT,Subject20,svm_rbf,0,0,0.008301007328964952,20
MAT,Subject20,svm_rbf,0,0,0.006506132549951991,20
MAT,Subject20,svm_rbf,0,0,0.0037965681362157272,20
MAT,Subject20,svm_rbf,0,0,0.015037019018310727,20
MAT,Subject20,svm_rbf,0,0,0.002134801129853384,20
MAT,Subject20,svm_rbf,0,0,0.00047188926833189394,20
MAT,Subject20,svm_rbf,0,0,0.0005553947374237495,20
MAT,Subject20,svm_rbf,0,0,0.0006661698906674453,20
MAT,Subject20,svm_rbf,0,0,0.0003053063324599952,20
MAT,Subject20,svm_rbf,0,0,0.0001948005114718472,20
MAT,Subject20,svm_rbf,0,0,0.18846856727808253,20
MAT,Subject20,svm_rbf,0,0,0.18846430826969687,20
MAT,Subject20,svm_rbf,0,0,0.00031686262042451493,20
MAT,Subject20,svm_rbf,0,0,0.0003029670762061064,20
MAT,Subject20,svm_rbf,0,0,1.8450688135488653e-05,20
MAT,Subject20,svm_rbf,0,0,0.0018160124138915446,20
MAT,Subject20,svm_rbf,0,0,0.004015887321240504,20
MAT,Subject20,svm_rbf,0,0,0.0033486434857243497,20
MAT,Subject20,svm_rbf,0,0,0.00010026091292307259,20
MAT,Subject20,svm_rbf,0,0,0.0003438579209682697,20
MAT,Subject20,svm_rbf,0,0,0.1887934573269018,20
MAT,Subject20,svm_rbf,1,0,9.337110760826094e-05,20
MAT,Subject20,svm_rbf,1,0,0.0008986614897093922,20
MAT,Subject20,svm_rbf,1,0,0.0031671345692198542,20
MAT,Subject20,svm_rbf,1,0,0.0014144844443389605,20
MAT,Subject20,svm_rbf,1,0,0.004525431129017848,20
MAT,Subject20,svm_rbf,1,0,0.0023951088282204904,20
MAT,Subject20,svm_rbf,1,0,0.0018344635331249298,20
MAT,Subject20,svm_rbf,1,0,0.003787587956702092,20
MAT,Subject20,svm_rbf,1,0,0.03242704487386007,20
MAT,Subject20,svm_rbf,1,0,0.011378274095836704,20
MAT,Subject20,svm_rbf,1,0,0.018013893143871786,20
MAT,Subject20,svm_rbf,1,0,0.09033595184940565,20
MAT,Subject20,svm_rbf,1,0,0.06662098867844769,20
MAT,Subject20,svm_rbf,1,0,0.0332406649584323,20
MAT,Subject20,svm_rbf,1,0,0.0024118111455304933,20
MAT,Subject20,svm_rbf,1,0,0.013664880838321965,20
MAT,Subject20,svm_rbf,1,0,0.0010271880982873464,20
MAT,Subject20,svm_rbf,1,0,0.018128993813749366,20
MAT,Subject20,svm_rbf,1,0,0.02473013584213946,20
MAT,Subject20,svm_rbf,1,0,0.0037412578845604665,20
MAT,Subject20,svm_rbf,1,0,0.002737269072886982,20
MAT,Subject20,svm_rbf,1,0,0.00032793557571544706,20
MAT,Subject20,svm_rbf,1,0,0.0008311427884155559,20
MAT,Subject20,svm_rbf,1,0,0.04414313955884195,20
MAT,Subject20,svm_rbf,1,0,7.408103936372595e-05,20
MAT,Subject20,svm_rbf,1,0,3.703598539015611e-05,20
MAT,Subject20,svm_rbf,1,0,0.0016706468773887932,20
MAT,Subject20,svm_rbf,1,0,0.00028083922921999684,20
MAT,Subject20,svm_rbf,1,0,0.008025977244537975,20
MAT,Subject20,svm_rbf,1,1,0.4900988220595603,20
MAT,Subject21,svm_rbf,0,0,0.0011710804970816904,21
MAT,Subject21,svm_rbf,0,0,0.04553318049757958,21
MAT,Subject21,svm_rbf,0,0,0.1895764951277582,21
MAT,Subject21,svm_rbf,0,0,0.044685305541335416,21
MAT,Subject21,svm_rbf,0,1,0.8137828285893787,21
MAT,Subject21,svm_rbf,0,1,0.9474751088484212,21
MAT,Subject21,svm_rbf,0,1,0.4447659739390985,21
MAT,Subject21,svm_rbf,0,0,0.27878997822778273,21
MAT,Subject21,svm_rbf,0,1,0.8186396523793324,21
MAT,Subject21,svm_rbf,0,1,0.612449782436379,21
MAT,Subject21,svm_rbf,0,0,0.14559399106508847,21
MAT,Subject21,svm_rbf,0,1,0.8896812729310447,21
MAT,Subject21,svm_rbf,0,1,0.8721341730342421,21
MAT,Subject21,svm_rbf,0,1,0.8114066394988169,21
MAT,Subject21,svm_rbf,0,0,0.061967564587919396,21
MAT,Subject21,svm_rbf,0,0,0.1229455124361125,21
MAT,Subject21,svm_rbf,0,1,0.9029093518376473,21
MAT,Subject21,svm_rbf,0,1,0.6856914237819016,21
MAT,Subject21,svm_rbf,0,1,0.8146277176003653,21
MAT,Subject21,svm_rbf,0,0,0.18672620457566552,21
MAT,Subject21,svm_rbf,0,0,0.022812561384175145,21
MAT,Subject21,svm_rbf,0,1,0.45643957567309945,21
MAT,Subject21,svm_rbf,0,1,0.9360949016290211,21
MAT,Subject21,svm_rbf,0,1,0.9862764014174069,21
MAT,Subject21,svm_rbf,0,1,0.8971421831256172,21
MAT,Subject21,svm_rbf,0,1,0.9466008716883385,21
MAT,Subject21,svm_rbf,0,1,0.6363775192271814,21
MAT,Subject21,svm_rbf,0,0,0.20422607109655738,21
MAT,Subject21,svm_rbf,0,0,0.21319506452506204,21
MAT,Subject21,svm_rbf,0,1,0.6480643590345055,21
MAT,Subject21,svm_rbf,0,0,0.006701512414973257,21
MAT,Subject21,svm_rbf,0,0,0.0145342653018922,21
MAT,Subject21,svm_rbf,0,0,0.01742287549832934,21
MAT,Subject21,svm_rbf,0,0,0.057048619307142015,21
MAT,Subject21,svm_rbf,0,1,0.36960290890368735,21
MAT,Subject21,svm_rbf,0,1,0.47515043230901527,21
MAT,Subject21,svm_rbf,0,1,0.9588493457346329,21
MAT,Subject21,svm_rbf,0,0,0.001792310552010951,21
MAT,Subject21,svm_rbf,0,0,0.0009169621239439785,21
MAT,Subject21,svm_rbf,0,1,0.337203034400936,21
MAT,Subject21,svm_rbf,0,1,0.7626224324211329,21
MAT,Subject21,svm_rbf,0,1,0.6796722179489479,21
MAT,Subject21,svm_rbf,0,0,0.02299245386715221,21
MAT,Subject21,svm_rbf,0,0,0.04887252217336404,21
MAT,Subject21,svm_rbf,0,0,0.04822505597131895,21
MAT,Subject21,svm_rbf,0,0,0.04492526950848365,21
MAT,Subject21,svm_rbf,0,0,0.050055416118143556,21
MAT,Subject21,svm_rbf,0,1,0.4022272141148749,21
MAT,Subject21,svm_rbf,0,1,0.3858973729905971,21
MAT,Subject21,svm_rbf,0,0,0.27495163778251636,21
MAT,Subject21,svm_rbf,0,1,0.6311320369417586,21
MAT,Subject21,svm_rbf,0,0,0.01744548471998315,21
MAT,Subject21,svm_rbf,0,0,0.30911648887982385,21
MAT,Subject21,svm_rbf,0,1,0.9787813398259426,21
MAT,Subject21,svm_rbf,0,1,0.760886588568139,21
MAT,Subject21,svm_rbf,0,0,0.026438127341944905,21
MAT,Subject21,svm_rbf,0,0,0.00732809096421083,21
MAT,Subject21,svm_rbf,0,0,0.026934072096756176,21
MAT,Subject21,svm_rbf,0,0,0.033115940300106124,21
MAT,Subject21,svm_rbf,0,0,0.1366812959005263,21
MAT,Subject21,svm_rbf,0,0,0.058088038206755226,21
MAT,Subject21,svm_rbf,0,0,0.005892519371075515,21
MAT,Subject21,svm_rbf,0,0,0.11784106962528577,21
MAT,Subject21,svm_rbf,0,0,0.03864916697066644,21
MAT,Subject21,svm_rbf,0,0,0.022514202575875043,21
MAT,Subject21,svm_rbf,0,0,0.0036561394295365683,21
MAT,Subject21,svm_rbf,0,0,0.0025593050726054416,21
MAT,Subject21,svm_rbf,0,0,0.031178495645579077,21
MAT,Subject21,svm_rbf,0,0,0.018326390759296967,21
MAT,Subject21,svm_rbf,0,0,0.0006928970218651611,21
MAT,Subject21,svm_rbf,0,0,0.0003052366812809791,21
MAT,Subject21,svm_rbf,0,0,0.0014302060123364407,21
MAT,Subject21,svm_rbf,0,0,0.0013191220071205646,21
MAT,Subject21,svm_rbf,0,0,0.009770321152607241,21
MAT,Subject21,svm_rbf,0,0,0.08739662562474763,21
MAT,Subject21,svm_rbf,0,0,0.051320490850992724,21
MAT,Subject21,svm_rbf,0,0,0.12354489336912544,21
MAT,Subject21,svm_rbf,0,0,0.073125125830882,21
MAT,Subject21,svm_rbf,0,1,0.8013001758129713,21
MAT,Subject21,svm_rbf,0,0,0.04449861584389173,21
MAT,Subject21,svm_rbf,0,1,0.40046055263001956,21
MAT,Subject21,svm_rbf,0,0,0.121130131255296,21
MAT,Subject21,svm_rbf,0,0,0.09667092204956984,21
MAT,Subject21,svm_rbf,0,0,0.23161856638798464,21
MAT,Subject21,svm_rbf,0,0,0.0520540108403294,21
MAT,Subject21,svm_rbf,0,0,0.04142798363198268,21
MAT,Subject21,svm_rbf,0,0,0.13622689298046903,21
MAT,Subject21,svm_rbf,0,1,0.5356140903153956,21
MAT,Subject21,svm_rbf,0,0,0.01690900075523078,21
MAT,Subject21,svm_rbf,0,1,0.36492453239746037,21
MAT,Subject21,svm_rbf,1,0,0.2209411272943562,21
MAT,Subject21,svm_rbf,1,0,0.12010251438941948,21
MAT,Subject21,svm_rbf,1,0,0.010086358467727706,21
MAT,Subject21,svm_rbf,1,0,0.01753774034103611,21
MAT,Subject21,svm_rbf,1,0,0.057986723744444364,21
MAT,Subject21,svm_rbf,1,1,0.40059969894732333,21
MAT,Subject21,svm_rbf,1,0,0.05344091587454545,21
MAT,Subject21,svm_rbf,1,0,0.01248537018057616,21
MAT,Subject21,svm_rbf,1,0,0.02161943755253799,21
MAT,Subject21,svm_rbf,1,0,0.07651140210804819,21
MAT,Subject21,svm_rbf,1,0,0.14599597904475617,21
MAT,Subject21,svm_rbf,1,0,0.04097028673330189,21
MAT,Subject21,svm_rbf,1,0,0.018584976165326374,21
MAT,Subject21,svm_rbf,1,0,0.021460100685245863,21
MAT,Subject21,svm_rbf,1,0,0.01732392247538816,21
MAT,Subject21,svm_rbf,1,0,0.03146289016475529,21
MAT,Subject21,svm_rbf,1,1,0.551402703186126,21
MAT,Subject21,svm_rbf,1,1,0.43816217017393305,21
MAT,Subject21,svm_rbf,1,0,0.05125525093366905,21
MAT,Subject21,svm_rbf,1,0,0.021647670776423003,21
MAT,Subject21,svm_rbf,1,0,0.0013297832277878049,21
MAT,Subject21,svm_rbf,1,0,0.0055749098794532735,21
MAT,Subject21,svm_rbf,1,0,0.04751265560164667,21
MAT,Subject21,svm_rbf,1,0,0.1064600495386519,21
MAT,Subject21,svm_rbf,1,0,0.14041873575390043,21
MAT,Subject21,svm_rbf,1,0,0.016726997937787695,21
MAT,Subject21,svm_rbf,1,0,0.016336618700784754,21
MAT,Subject21,svm_rbf,1,0,0.009557652854341018,21
MAT,Subject21,svm_rbf,1,0,0.02448930958275108,21
MAT,Subject21,svm_rbf,1,1,0.6323181079897188,21
MAT,Subject22,svm_rbf,0,0,0.005736587391912394,22
MAT,Subject22,svm_rbf,0,0,0.14085454147597457,22
MAT,Subject22,svm_rbf,0,0,0.041851205793517574,22
MAT,Subject22,svm_rbf,0,0,0.12731849231641068,22
MAT,Subject22,svm_rbf,0,0,0.20611214830668553,22
MAT,Subject22,svm_rbf,0,0,0.20270413633192644,22
MAT,Subject22,svm_rbf,0,0,0.0791897958076192,22
MAT,Subject22,svm_rbf,0,0,0.04474728168724951,22
MAT,Subject22,svm_rbf,0,0,0.03354688218069138,22
MAT,Subject22,svm_rbf,0,0,0.04058061502889061,22
MAT,Subject22,svm_rbf,0,0,0.005048138714411692,22
MAT,Subject22,svm_rbf,0,0,0.00017263644311284608,22
MAT,Subject22,svm_rbf,0,0,0.0022945263198379867,22
MAT,Subject22,svm_rbf,0,0,0.009560960216262985,22
MAT,Subject22,svm_rbf,0,0,0.043844401578529764,22
MAT,Subject22,svm_rbf,0,0,0.00022107509972673988,22
MAT,Subject22,svm_rbf,0,0,0.013549551642789055,22
MAT,Subject22,svm_rbf,0,0,0.15970851796957933,22
MAT,Subject22,svm_rbf,0,0,0.3007995333438007,22
MAT,Subject22,svm_rbf,0,0,0.060518188254029735,22
MAT,Subject22,svm_rbf,0,0,9.453839468542691e-06,22
MAT,Subject22,svm_rbf,0,0,0.0005256641715585278,22
MAT,Subject22,svm_rbf,0,0,0.0027997876673004907,22
MAT,Subject22,svm_rbf,0,0,0.00263567771431776,22
MAT,Subject22,svm_rbf,0,0,0.07264794430155994,22
MAT,Subject22,svm_rbf,0,0,0.0010687387163592632,22
MAT,Subject22,svm_rbf,0,0,6.219168119762453e-05,22
MAT,Subject22,svm_rbf,0,0,0.002027803352176059,22
MAT,Subject22,svm_rbf,0,0,0.00640478303390356,22
MAT,Subject22,svm_rbf,0,0,0.017946113884887954,22
MAT,Subject22,svm_rbf,0,0,0.0071368167164679005,22
MAT,Subject22,svm_rbf,0,0,0.060759424391735865,22
MAT,Subject22,svm_rbf,0,0,0.03422789566980422,22
MAT,Subject22,svm_rbf,0,0,0.005806377597490315,22
MAT,Subject22,svm_rbf,0,0,0.0051283885704001275,22
MAT,Subject22,svm_rbf,0,0,0.021565772249745943,22
MAT,Subject22,svm_rbf,0,0,0.00043503153450034557,22
MAT,Subject22,svm_rbf,0,0,8.881694867129417e-05,22
MAT,Subject22,svm_rbf,0,0,0.00011960356585510764,22
MAT,Subject22,svm_rbf,0,0,0.0009440182544505569,22
MAT,Subject22,svm_rbf,0,0,1.8593807256619562e-05,22
MAT,Subject22,svm_rbf,0,0,6.092634623145941e-05,22
MAT,Subject22,svm_rbf,0,0,1.032471508828739e-05,22
MAT,Subject22,svm_rbf,0,0,1.768224268345069e-05,22
MAT,Subject22,svm_rbf,0,0,0.00014424986700062995,22
MAT,Subject22,svm_rbf,0,0,0.0001017315416651739,22
MAT,Subject22,svm_rbf,0,0,0.0004003750402286834,22
MAT,Subject22,svm_rbf,0,0,7.313703062245664e-05,22
MAT,Subject22,svm_rbf,0,0,8.841477442504688e-06,22
MAT,Subject22,svm_rbf,0,0,5.517903898645896e-05,22
MAT,Subject22,svm_rbf,0,0,0.16129522795911086,22
MAT,Subject22,svm_rbf,0,0,0.20563407768174166,22
MAT,Subject22,svm_rbf,0,0,0.00229773774509288,22
MAT,Subject22,svm_rbf,0,0,0.20245447787742304,22
MAT,Subject22,svm_rbf,0,1,0.5347281193098395,22
MAT,Subject22,svm_rbf,0,0,0.01835881776072058,22
MAT,Subject22,svm_rbf,0,0,0.007297173098289203,22
MAT,Subject22,svm_rbf,0,0,0.003568652855288946,22
MAT,Subject22,svm_rbf,0,0,0.001468869617557441,22
MAT,Subject22,svm_rbf,0,0,0.000961584221263517,22
MAT,Subject22,svm_rbf,0,0,0.036879572157062356,22
MAT,Subject22,svm_rbf,0,0,0.008282011921746964,22
MAT,Subject22,svm_rbf,0,0,7.864973122579748e-06,22
MAT,Subject22,svm_rbf,0,0,2.550628270692757e-05,22
MAT,Subject22,svm_rbf,0,0,2.5339293064392533e-05,22
MAT,Subject22,svm_rbf,0,0,4.7573491298965445e-05,22
MAT,Subject22,svm_rbf,0,0,0.003788105182627858,22
MAT,Subject22,svm_rbf,0,0,0.0035043608139353824,22
MAT,Subject22,svm_rbf,0,0,0.015237999230834359,22
MAT,Subject22,svm_rbf,0,0,0.1479264919721192,22
MAT,Subject22,svm_rbf,0,0,0.0006877888146712943,22
MAT,Subject22,svm_rbf,0,0,2.4984778961053355e-05,22
MAT,Subject22,svm_rbf,0,0,0.0023748858690655532,22
MAT,Subject22,svm_rbf,0,0,0.0010022588028506167,22
MAT,Subject22,svm_rbf,0,0,0.00020126788103846122,22
MAT,Subject22,svm_rbf,0,0,0.013866892436822752,22
MAT,Subject22,svm_rbf,0,0,0.01828563563462813,22
MAT,Subject22,svm_rbf,0,0,0.002743021916816088,22
MAT,Subject22,svm_rbf,0,0,0.0002680007829292713,22
MAT,Subject22,svm_rbf,0,0,0.0008850262447631195,22
MAT,Subject22,svm_rbf,0,0,0.005077338854664702,22
MAT,Subject22,svm_rbf,0,0,0.0005195950384636596,22
MAT,Subject22,svm_rbf,0,0,0.0005426653572087621,22
MAT,Subject22,svm_rbf,0,0,0.00044195928448373785,22
MAT,Subject22,svm_rbf,0,0,0.0002858108745597854,22
MAT,Subject22,svm_rbf,0,0,8.40704473466906e-05,22
MAT,Subject22,svm_rbf,0,0,0.001621374067165263,22
MAT,Subject22,svm_rbf,0,0,0.16026648506922542,22
MAT,Subject22,svm_rbf,0,0,0.047059995745585406,22
MAT,Subject22,svm_rbf,0,0,0.15192665655892373,22
MAT,Subject22,svm_rbf,1,0,0.11367959814479561,22
MAT,Subject22,svm_rbf,1,1,0.7019251933707209,22
MAT,Subject22,svm_rbf,1,1,0.5365244363618554,22
MAT,Subject22,svm_rbf,1,0,0.09742655757468686,22
MAT,Subject22,svm_rbf,1,1,0.6961109011017625,22
MAT,Subject22,svm_rbf,1,1,0.7346141283398722,22
MAT,Subject22,svm_rbf,1,0,0.026553984430632678,22
MAT,Subject22,svm_rbf,1,1,0.6453340847486949,22
MAT,Subject22,svm_rbf,1,0,0.08394644976544126,22
MAT,Subject22,svm_rbf,1,0,0.20274749172213452,22
MAT,Subject22,svm_rbf,1,0,0.07697132806436353,22
MAT,Subject22,svm_rbf,1,0,0.06507375028859293,22
MAT,Subject22,svm_rbf,1,0,0.03667306028291601,22
MAT,Subject22,svm_rbf,1,1,0.7129643150932852,22
MAT,Subject22,svm_rbf,1,1,0.9192227892869441,22
MAT,Subject22,svm_rbf,1,0,0.268825168101144,22
MAT,Subject22,svm_rbf,1,1,0.9641755613410549,22
MAT,Subject22,svm_rbf,1,1,0.7915206331973045,22
MAT,Subject22,svm_rbf,1,1,0.6846981955319252,22
MAT,Subject22,svm_rbf,1,0,0.0485166389348202,22
MAT,Subject22,svm_rbf,1,1,0.6554077889492727,22
MAT,Subject22,svm_rbf,1,1,0.6472292333342965,22
MAT,Subject22,svm_rbf,1,0,0.016497917655535772,22
MAT,Subject22,svm_rbf,1,0,0.30924676274660684,22
MAT,Subject22,svm_rbf,1,0,0.23545059882943445,22
MAT,Subject22,svm_rbf,1,0,0.24747485257767546,22
MAT,Subject22,svm_rbf,1,1,0.6021962165121312,22
MAT,Subject22,svm_rbf,1,0,0.020798063108260743,22
MAT,Subject22,svm_rbf,1,0,0.019454865374897934,22
MAT,Subject22,svm_rbf,1,1,0.6628016720523571,22
MAT,Subject23,svm_rbf,0,0,0.0002495156791839125,23
MAT,Subject23,svm_rbf,0,0,0.0009268279838444161,23
MAT,Subject23,svm_rbf,0,0,0.07891042789393383,23
MAT,Subject23,svm_rbf,0,0,0.04700676771503801,23
MAT,Subject23,svm_rbf,0,0,0.005989129338518163,23
MAT,Subject23,svm_rbf,0,0,0.0018880245424698658,23
MAT,Subject23,svm_rbf,0,0,0.005323836393098238,23
MAT,Subject23,svm_rbf,0,0,0.04091434857155158,23
MAT,Subject23,svm_rbf,0,0,0.12624897435676327,23
MAT,Subject23,svm_rbf,0,0,0.30326087219537917,23
MAT,Subject23,svm_rbf,0,1,0.6485735156314085,23
MAT,Subject23,svm_rbf,0,0,0.09586903864865834,23
MAT,Subject23,svm_rbf,0,0,0.006324653250525746,23
MAT,Subject23,svm_rbf,0,0,0.018090392497134046,23
MAT,Subject23,svm_rbf,0,0,0.02965211442862063,23
MAT,Subject23,svm_rbf,0,0,0.24427604958489418,23
MAT,Subject23,svm_rbf,0,0,0.18877358180301967,23
MAT,Subject23,svm_rbf,0,0,0.059061233698286524,23
MAT,Subject23,svm_rbf,0,0,0.00895531947303828,23
MAT,Subject23,svm_rbf,0,0,0.1508632567137892,23
MAT,Subject23,svm_rbf,0,0,0.028671817112351766,23
MAT,Subject23,svm_rbf,0,0,0.10897580677714679,23
MAT,Subject23,svm_rbf,0,0,0.18013759837165555,23
MAT,Subject23,svm_rbf,0,0,0.034715034237607995,23
MAT,Subject23,svm_rbf,0,0,0.013965769174648228,23
MAT,Subject23,svm_rbf,0,0,0.002481535344638505,23
MAT,Subject23,svm_rbf,0,0,0.02765536197553008,23
MAT,Subject23,svm_rbf,0,0,0.005385251057110552,23
MAT,Subject23,svm_rbf,0,0,0.007007000451514969,23
MAT,Subject23,svm_rbf,0,0,0.01791530538431887,23
MAT,Subject23,svm_rbf,0,0,0.05211271140606709,23
MAT,Subject23,svm_rbf,0,0,0.019075284306195043,23
MAT,Subject23,svm_rbf,0,0,0.015666805551927104,23
MAT,Subject23,svm_rbf,0,0,0.2563098493847686,23
MAT,Subject23,svm_rbf,0,0,0.12494187837827367,23
MAT,Subject23,svm_rbf,0,0,0.08075046635479546,23
MAT,Subject23,svm_rbf,0,0,0.24123512525108595,23
MAT,Subject23,svm_rbf,0,0,0.04643829259663129,23
MAT,Subject23,svm_rbf,0,0,0.001086388276589764,23
MAT,Subject23,svm_rbf,0,0,0.0008008347135058028,23
MAT,Subject23,svm_rbf,0,0,0.002587561391056957,23
MAT,Subject23,svm_rbf,0,0,0.0011128570330203131,23
MAT,Subject23,svm_rbf,0,0,0.002820088705097602,23
MAT,Subject23,svm_rbf,0,0,0.06068950222466523,23
MAT,Subject23,svm_rbf,0,0,0.050946362285471204,23
MAT,Subject23,svm_rbf,0,0,0.004013427706276829,23
MAT,Subject23,svm_rbf,0,0,0.025913467396394045,23
MAT,Subject23,svm_rbf,0,0,0.015393328951026937,23
MAT,Subject23,svm_rbf,0,0,0.0019893857245611418,23
MAT,Subject23,svm_rbf,0,0,0.0494676156289443,23
MAT,Subject23,svm_rbf,0,0,0.04028184339424207,23
MAT,Subject23,svm_rbf,0,0,0.052174586192620595,23
MAT,Subject23,svm_rbf,0,0,0.020123992179236178,23
MAT,Subject23,svm_rbf,0,0,0.13781004331779484,23
MAT,Subject23,svm_rbf,0,0,0.011516725426068823,23
MAT,Subject23,svm_rbf,0,0,0.003172344420844746,23
MAT,Subject23,svm_rbf,0,0,0.0015666942394543081,23
MAT,Subject23,svm_rbf,0,1,0.34374685055112,23
MAT,Subject23,svm_rbf,0,0,0.14369005514883176,23
MAT,Subject23,svm_rbf,0,0,0.014333471346741018,23
MAT,Subject23,svm_rbf,0,0,0.27087219191607426,23
MAT,Subject23,svm_rbf,0,0,0.08196052800219106,23
MAT,Subject23,svm_rbf,0,0,0.024423313311069516,23
MAT,Subject23,svm_rbf,0,0,0.02484413866338832,23
MAT,Subject23,svm_rbf,0,0,0.023046273444151066,23
MAT,Subject23,svm_rbf,0,0,0.0007041575063177312,23
MAT,Subject23,svm_rbf,0,0,0.0028564380148042886,23
MAT,Subject23,svm_rbf,0,0,0.0070476861626045505,23
MAT,Subject23,svm_rbf,0,0,0.014241978065769656,23
MAT,Subject23,svm_rbf,0,0,0.010260510457858758,23
MAT,Subject23,svm_rbf,0,0,0.09083354759623603,23
MAT,Subject23,svm_rbf,0,0,0.1609524996008096,23
MAT,Subject23,svm_rbf,0,0,0.09346746056487272,23
MAT,Subject23,svm_rbf,0,0,0.026996365676744336,23
MAT,Subject23,svm_rbf,0,0,0.03837963685578856,23
MAT,Subject23,svm_rbf,0,0,0.2216838513260139,23
MAT,Subject23,svm_rbf,0,0,0.01727285386180447,23
MAT,Subject23,svm_rbf,0,0,0.003050988847336826,23
MAT,Subject23,svm_rbf,0,0,0.0014812775200463112,23
MAT,Subject23,svm_rbf,0,0,0.0028797844409978947,23
MAT,Subject23,svm_rbf,0,0,0.015781998433642735,23
MAT,Subject23,svm_rbf,0,0,0.07452889698664439,23
MAT,Subject23,svm_rbf,0,0,0.24157706526356876,23
MAT,Subject23,svm_rbf,0,1,0.6615348591824657,23
MAT,Subject23,svm_rbf,0,1,0.7385007970049616,23
MAT,Subject23,svm_rbf,0,1,0.575349046090744,23
MAT,Subject23,svm_rbf,0,0,0.11543586717950767,23
MAT,Subject23,svm_rbf,0,0,0.05915677356520413,23
MAT,Subject23,svm_rbf,0,0,0.018378211139866867,23
MAT,Subject23,svm_rbf,0,0,0.027868521270596042,23
MAT,Subject23,svm_rbf,1,1,0.833376494113547,23
MAT,Subject23,svm_rbf,1,1,0.6446681893787178,23
MAT,Subject23,svm_rbf,1,0,0.07157849087855607,23
MAT,Subject23,svm_rbf,1,1,0.9247656023893004,23
MAT,Subject23,svm_rbf,1,1,0.6366421819240098,23
MAT,Subject23,svm_rbf,1,0,0.09736534933418467,23
MAT,Subject23,svm_rbf,1,0,0.14386154810894605,23
MAT,Subject23,svm_rbf,1,0,0.07374912769816877,23
MAT,Subject23,svm_rbf,1,0,0.06275996501068273,23
MAT,Subject23,svm_rbf,1,0,0.14242828321638723,23
MAT,Subject23,svm_rbf,1,0,0.0808436131178639,23
MAT,Subject23,svm_rbf,1,0,0.0195311347575842,23
MAT,Subject23,svm_rbf,1,1,0.4016740725972516,23
MAT,Subject23,svm_rbf,1,1,0.9794158933089302,23
MAT,Subject23,svm_rbf,1,1,0.9836188216969504,23
MAT,Subject23,svm_rbf,1,1,0.6935588295995476,23
MAT,Subject23,svm_rbf,1,1,0.4372566956878345,23
MAT,Subject23,svm_rbf,1,1,0.4168139549106358,23
MAT,Subject23,svm_rbf,1,0,0.04307312693135552,23
MAT,Subject23,svm_rbf,1,1,0.4348006612471912,23
MAT,Subject23,svm_rbf,1,0,0.012388095082627152,23
MAT,Subject23,svm_rbf,1,0,0.0033849027391236334,23
MAT,Subject23,svm_rbf,1,0,0.055450305360422406,23
MAT,Subject23,svm_rbf,1,1,0.7057884175468966,23
MAT,Subject23,svm_rbf,1,1,0.7105627952324669,23
MAT,Subject23,svm_rbf,1,0,0.061679290826740334,23
MAT,Subject23,svm_rbf,1,0,0.2541728266148187,23
MAT,Subject23,svm_rbf,1,0,0.09220358368779596,23
MAT,Subject23,svm_rbf,1,0,0.002103301902056385,23
MAT,Subject23,svm_rbf,1,1,0.5,23
MAT,Subject24,svm_rbf,0,1,0.5864721094370794,24
MAT,Subject24,svm_rbf,0,1,0.8547999673682514,24
MAT,Subject24,svm_rbf,0,1,0.8321499076498642,24
MAT,Subject24,svm_rbf,0,0,0.1810541578059809,24
MAT,Subject24,svm_rbf,0,0,0.24542803569989136,24
MAT,Subject24,svm_rbf,0,1,0.7010652067597791,24
MAT,Subject24,svm_rbf,0,1,0.8231092804208993,24
MAT,Subject24,svm_rbf,0,1,0.5468660304029154,24
MAT,Subject24,svm_rbf,0,0,0.021888225791217075,24
MAT,Subject24,svm_rbf,0,0,0.16740125758808047,24
MAT,Subject24,svm_rbf,0,0,0.02445029471585996,24
MAT,Subject24,svm_rbf,0,0,0.0011019575714374453,24
MAT,Subject24,svm_rbf,0,0,0.0003934498590524469,24
MAT,Subject24,svm_rbf,0,0,0.0011016882989275441,24
MAT,Subject24,svm_rbf,0,0,0.006592312112911065,24
MAT,Subject24,svm_rbf,0,0,0.10131551161316354,24
MAT,Subject24,svm_rbf,0,0,0.09242463533045991,24
MAT,Subject24,svm_rbf,0,0,0.04438129951085132,24
MAT,Subject24,svm_rbf,0,0,0.009817444876463004,24
MAT,Subject24,svm_rbf,0,0,0.001629377777045795,24
MAT,Subject24,svm_rbf,0,0,0.004484385162750625,24
MAT,Subject24,svm_rbf,0,0,0.03176588320640164,24
MAT,Subject24,svm_rbf,0,0,0.0851679663822602,24
MAT,Subject24,svm_rbf,0,0,0.026258263090030876,24
MAT,Subject24,svm_rbf,0,0,0.005653192369795041,24
MAT,Subject24,svm_rbf,0,0,0.00032273644113706493,24
MAT,Subject24,svm_rbf,0,0,0.000740914626619811,24
MAT,Subject24,svm_rbf,0,0,0.07788755369085873,24
MAT,Subject24,svm_rbf,0,0,0.05683959490072706,24
MAT,Subject24,svm_rbf,0,1,0.6070869225053903,24
MAT,Subject24,svm_rbf,0,0,0.059282464938020175,24
MAT,Subject24,svm_rbf,0,1,0.633918526330143,24
MAT,Subject24,svm_rbf,0,1,0.41171816351296087,24
MAT,Subject24,svm_rbf,0,0,0.0605052176762176,24
MAT,Subject24,svm_rbf,0,0,0.0011298897464931926,24
MAT,Subject24,svm_rbf,0,0,0.017704850220947487,24
MAT,Subject24,svm_rbf,0,0,0.0902792869690234,24
MAT,Subject24,svm_rbf,0,1,0.4257232119241461,24
MAT,Subject24,svm_rbf,0,0,0.14886117602674417,24
MAT,Subject24,svm_rbf,0,0,0.026629067710589534,24
MAT,Subject24,svm_rbf,0,0,0.0071979118985104245,24
MAT,Subject24,svm_rbf,0,0,0.006917988266909963,24
MAT,Subject24,svm_rbf,0,0,0.03643270673325893,24
MAT,Subject24,svm_rbf,0,0,0.0007308179194157266,24
MAT,Subject24,svm_rbf,0,0,0.0007391893422654658,24
MAT,Subject24,svm_rbf,0,0,0.000739378416208712,24
MAT,Subject24,svm_rbf,0,0,0.0028060826645205103,24
MAT,Subject24,svm_rbf,0,0,0.017273097503108202,24
MAT,Subject24,svm_rbf,0,0,0.0442517114403996,24
MAT,Subject24,svm_rbf,0,0,0.0002911975422042462,24
MAT,Subject24,svm_rbf,0,0,0.00026270245644503554,24
MAT,Subject24,svm_rbf,0,0,0.250851650632631,24
MAT,Subject24,svm_rbf,0,0,0.1383284072592366,24
MAT,Subject24,svm_rbf,0,0,0.014986711529095186,24
MAT,Subject24,svm_rbf,0,0,0.08164500557434005,24
MAT,Subject24,svm_rbf,0,1,0.38376726088349744,24
MAT,Subject24,svm_rbf,0,0,0.0070609140461360045,24
MAT,Subject24,svm_rbf,0,0,3.6502310249563274e-05,24
MAT,Subject24,svm_rbf,0,0,4.817295657444609e-05,24
MAT,Subject24,svm_rbf,0,0,0.055703217710701025,24
MAT,Subject24,svm_rbf,0,0,0.07302633251838914,24
MAT,Subject24,svm_rbf,0,0,0.1420547454750826,24
MAT,Subject24,svm_rbf,0,0,0.03558377810763946,24
MAT,Subject24,svm_rbf,0,0,0.0033844892940013754,24
MAT,Subject24,svm_rbf,0,0,0.00043564691564201846,24
MAT,Subject24,svm_rbf,0,0,0.0028720092251388572,24
MAT,Subject24,svm_rbf,0,0,0.08980027069411267,24
MAT,Subject24,svm_rbf,0,0,0.13667956448381577,24
MAT,Subject24,svm_rbf,0,1,0.9453920263243992,24
MAT,Subject24,svm_rbf,0,0,0.24651288023501744,24
MAT,Subject24,svm_rbf,0,0,0.02947325770937113,24
MAT,Subject24,svm_rbf,0,1,0.98891629107259,24
MAT,Subject24,svm_rbf,0,1,0.9478465214217242,24
MAT,Subject24,svm_rbf,0,1,0.5734472308336208,24
MAT,Subject24,svm_rbf,0,0,0.05767575033673932,24
MAT,Subject24,svm_rbf,0,0,0.01853472304249543,24
MAT,Subject24,svm_rbf,0,0,0.05889267463443475,24
MAT,Subject24,svm_rbf,0,0,0.04144935765781379,24
MAT,Subject24,svm_rbf,0,0,0.042069307558144746,24
MAT,Subject24,svm_rbf,0,0,0.16315170393597345,24
MAT,Subject24,svm_rbf,0,0,0.01791022036434847,24
MAT,Subject24,svm_rbf,0,0,0.0016413097991202419,24
MAT,Subject24,svm_rbf,0,0,0.06449420228577167,24
MAT,Subject24,svm_rbf,0,1,0.7391340839871333,24
MAT,Subject24,svm_rbf,0,0,0.05143135418155335,24
MAT,Subject24,svm_rbf,0,0,0.041031452266629596,24
MAT,Subject24,svm_rbf,0,0,0.0038806643849619996,24
MAT,Subject24,svm_rbf,0,0,0.0022203448659746604,24
MAT,Subject24,svm_rbf,0,0,0.018139972598153947,24
MAT,Subject24,svm_rbf,0,0,0.13711996493271555,24
MAT,Subject24,svm_rbf,1,0,0.020343502586224655,24
MAT,Subject24,svm_rbf,1,0,0.14741251381553097,24
MAT,Subject24,svm_rbf,1,0,0.00918569984356583,24
MAT,Subject24,svm_rbf,1,0,0.029282124490538443,24
MAT,Subject24,svm_rbf,1,1,0.9095973437657913,24
MAT,Subject24,svm_rbf,1,1,0.9908560328887239,24
MAT,Subject24,svm_rbf,1,1,0.6845303401725253,24
MAT,Subject24,svm_rbf,1,1,0.4031365298997687,24
MAT,Subject24,svm_rbf,1,1,0.6472547855862418,24
MAT,Subject24,svm_rbf,1,1,0.7989031132329196,24
MAT,Subject24,svm_rbf,1,1,0.9870969053759404,24
MAT,Subject24,svm_rbf,1,1,0.6868566513875328,24
MAT,Subject24,svm_rbf,1,0,0.17957722806963994,24
MAT,Subject24,svm_rbf,1,0,0.012003251003741267,24
MAT,Subject24,svm_rbf,1,0,0.005352813905652063,24
MAT,Subject24,svm_rbf,1,0,0.23799603281717954,24
MAT,Subject24,svm_rbf,1,0,0.07031965065313209,24
MAT,Subject24,svm_rbf,1,0,0.02539921928684387,24
MAT,Subject24,svm_rbf,1,1,0.6027752830479701,24
MAT,Subject24,svm_rbf,1,0,0.2220835327094709,24
MAT,Subject24,svm_rbf,1,0,0.06699678271887068,24
MAT,Subject24,svm_rbf,1,0,0.11302742811808475,24
MAT,Subject24,svm_rbf,1,1,0.6771473003689116,24
MAT,Subject24,svm_rbf,1,1,0.3566991013961921,24
MAT,Subject24,svm_rbf,1,1,0.7358628294672063,24
MAT,Subject24,svm_rbf,1,1,0.4777290775555443,24
MAT,Subject24,svm_rbf,1,0,0.14578759746056047,24
MAT,Subject24,svm_rbf,1,0,0.16617306700453968,24
MAT,Subject24,svm_rbf,1,0,0.12133174373312153,24
MAT,Subject24,svm_rbf,1,0,0.16147621001504403,24
MAT,Subject25,svm_rbf,0,0,0.0004641037707397735,25
MAT,Subject25,svm_rbf,0,0,0.00150243543263468,25
MAT,Subject25,svm_rbf,0,0,0.002146449771807091,25
MAT,Subject25,svm_rbf,0,0,0.0005010201174327617,25
MAT,Subject25,svm_rbf,0,0,0.0004113310775812531,25
MAT,Subject25,svm_rbf,0,0,0.003534291333651745,25
MAT,Subject25,svm_rbf,0,0,0.0008810172358268622,25
MAT,Subject25,svm_rbf,0,0,0.004063792881049432,25
MAT,Subject25,svm_rbf,0,0,0.0032609942063387097,25
MAT,Subject25,svm_rbf,0,0,0.003674747994050459,25
MAT,Subject25,svm_rbf,0,0,0.01512957767472811,25
MAT,Subject25,svm_rbf,0,0,0.022754718407420178,25
MAT,Subject25,svm_rbf,0,0,0.010495946385416398,25
MAT,Subject25,svm_rbf,0,0,0.0043994950167239475,25
MAT,Subject25,svm_rbf,0,0,0.021669602878688004,25
MAT,Subject25,svm_rbf,0,0,0.009998467520776913,25
MAT,Subject25,svm_rbf,0,0,0.007862929927155024,25
MAT,Subject25,svm_rbf,0,0,0.001970501864500443,25
MAT,Subject25,svm_rbf,0,0,0.0009056883570314654,25
MAT,Subject25,svm_rbf,0,0,0.0013501564073104268,25
MAT,Subject25,svm_rbf,0,0,0.019480785935399814,25
MAT,Subject25,svm_rbf,0,0,0.003988801561547804,25
MAT,Subject25,svm_rbf,0,0,0.0021309619683244707,25
MAT,Subject25,svm_rbf,0,0,0.0027401450506115855,25
MAT,Subject25,svm_rbf,0,0,0.026148043557008352,25
MAT,Subject25,svm_rbf,0,0,0.10799712181697206,25
MAT,Subject25,svm_rbf,0,0,0.020345855079711303,25
MAT,Subject25,svm_rbf,0,0,0.006326689757916022,25
MAT,Subject25,svm_rbf,0,0,0.008017875290038827,25
MAT,Subject25,svm_rbf,0,0,0.005335665835724633,25
MAT,Subject25,svm_rbf,0,0,0.0016417229909113003,25
MAT,Subject25,svm_rbf,0,0,0.0034964623923172296,25
MAT,Subject25,svm_rbf,0,0,0.014439232234291817,25
MAT,Subject25,svm_rbf,0,0,0.004398520002690647,25
MAT,Subject25,svm_rbf,0,0,0.0017922492784580811,25
MAT,Subject25,svm_rbf,0,0,0.0003140380221314865,25
MAT,Subject25,svm_rbf,0,0,0.0009331711816191539,25
MAT,Subject25,svm_rbf,0,0,0.05310180213853546,25
MAT,Subject25,svm_rbf,0,0,0.07007982469792204,25
MAT,Subject25,svm_rbf,0,0,0.011510387433931192,25
MAT,Subject25,svm_rbf,0,0,0.0012360167276027135,25
MAT,Subject25,svm_rbf,0,0,0.001777489891266109,25
MAT,Subject25,svm_rbf,0,0,0.0010126328163678274,25
MAT,Subject25,svm_rbf,0,0,0.0009252520989074943,25
MAT,Subject25,svm_rbf,0,0,0.0219755184924434,25
MAT,Subject25,svm_rbf,0,0,0.0016820605153398563,25
MAT,Subject25,svm_rbf,0,0,0.0024685053200278148,25
MAT,Subject25,svm_rbf,0,0,0.011617484070306362,25
MAT,Subject25,svm_rbf,0,0,0.004783140504298611,25
MAT,Subject25,svm_rbf,0,0,0.0019046708256688187,25
MAT,Subject25,svm_rbf,0,0,0.0009339119878208502,25
MAT,Subject25,svm_rbf,0,0,0.000563097153877054,25
MAT,Subject25,svm_rbf,0,0,0.0019131910483357448,25
MAT,Subject25,svm_rbf,0,0,0.003144494954075317,25
MAT,Subject25,svm_rbf,0,0,0.002310686195610208,25
MAT,Subject25,svm_rbf,0,0,0.011979957603722382,25
MAT,Subject25,svm_rbf,0,0,0.014719635724791753,25
MAT,Subject25,svm_rbf,0,0,0.08336641181759918,25
MAT,Subject25,svm_rbf,0,0,0.27375200705945146,25
MAT,Subject25,svm_rbf,0,0,0.0034430725468873793,25
MAT,Subject25,svm_rbf,0,0,0.014331714874214151,25
MAT,Subject25,svm_rbf,0,0,0.0011005382749401528,25
MAT,Subject25,svm_rbf,0,0,0.002216805905131704,25
MAT,Subject25,svm_rbf,0,0,0.0010460760682909581,25
MAT,Subject25,svm_rbf,0,0,0.0004804623996961671,25
MAT,Subject25,svm_rbf,0,0,6.502285763761455e-05,25
MAT,Subject25,svm_rbf,0,0,3.881548238590118e-05,25
MAT,Subject25,svm_rbf,0,0,0.0001220345006760418,25
MAT,Subject25,svm_rbf,0,0,0.00029758877449626177,25
MAT,Subject25,svm_rbf,0,0,0.0008221609744785334,25
MAT,Subject25,svm_rbf,0,0,0.0007387574774027378,25
MAT,Subject25,svm_rbf,0,0,0.006001191125642864,25
MAT,Subject25,svm_rbf,0,0,0.00873096953798487,25
MAT,Subject25,svm_rbf,0,0,0.01873377620327498,25
MAT,Subject25,svm_rbf,0,0,0.0019792263272860092,25
MAT,Subject25,svm_rbf,0,0,0.0004961227153448165,25
MAT,Subject25,svm_rbf,0,0,0.00135884398090206,25
MAT,Subject25,svm_rbf,0,0,0.021991429405144394,25
MAT,Subject25,svm_rbf,0,0,0.025054890978021892,25
MAT,Subject25,svm_rbf,0,0,0.0015206427002761736,25
MAT,Subject25,svm_rbf,0,0,0.00030879065841254424,25
MAT,Subject25,svm_rbf,0,0,0.00040528452116928677,25
MAT,Subject25,svm_rbf,0,0,1.5699439087835068e-05,25
MAT,Subject25,svm_rbf,0,0,0.00039337791018781903,25
MAT,Subject25,svm_rbf,0,0,0.019623273961452862,25
MAT,Subject25,svm_rbf,0,0,0.011112862824150792,25
MAT,Subject25,svm_rbf,0,0,0.0054471695389063735,25
MAT,Subject25,svm_rbf,0,0,0.0012090889470596214,25
MAT,Subject25,svm_rbf,0,0,2.6552879754618306e-05,25
MAT,Subject25,svm_rbf,0,0,0.15785465511537788,25
MAT,Subject25,svm_rbf,1,0,0.11417373219242281,25
MAT,Subject25,svm_rbf,1,0,0.03875368199640424,25
MAT,Subject25,svm_rbf,1,0,0.045539769873985954,25
MAT,Subject25,svm_rbf,1,0,0.19160244634180854,25
MAT,Subject25,svm_rbf,1,0,0.09864300712547266,25
MAT,Subject25,svm_rbf,1,0,0.16537318379646385,25
MAT,Subject25,svm_rbf,1,0,0.056328195671048846,25
MAT,Subject25,svm_rbf,1,0,0.21507936428521057,25
MAT,Subject25,svm_rbf,1,0,0.29321884870095455,25
MAT,Subject25,svm_rbf,1,1,0.93709299024713,25
MAT,Subject25,svm_rbf,1,1,0.8651721058724721,25
MAT,Subject25,svm_rbf,1,0,0.13636449957585794,25
MAT,Subject25,svm_rbf,1,0,0.009819454163745772,25
MAT,Subject25,svm_rbf,1,0,0.043278664295425144,25
MAT,Subject25,svm_rbf,1,0,0.029646328761446725,25
MAT,Subject25,svm_rbf,1,0,0.0034012447092955102,25
MAT,Subject25,svm_rbf,1,0,0.007219643702687059,25
MAT,Subject25,svm_rbf,1,0,0.041974833154741736,25
MAT,Subject25,svm_rbf,1,0,0.14998588288732606,25
MAT,Subject25,svm_rbf,1,0,0.1397102706466363,25
MAT,Subject25,svm_rbf,1,0,0.015070662723849007,25
MAT,Subject25,svm_rbf,1,0,0.043086093585261685,25
MAT,Subject25,svm_rbf,1,0,0.01777904014602666,25
MAT,Subject25,svm_rbf,1,0,0.0820572859791827,25
MAT,Subject25,svm_rbf,1,0,0.07554836019176049,25
MAT,Subject25,svm_rbf,1,0,0.06854863925884708,25
MAT,Subject25,svm_rbf,1,0,0.013483765655400486,25
MAT,Subject25,svm_rbf,1,0,0.047656119771026406,25
MAT,Subject25,svm_rbf,1,0,0.054208440320068677,25
MAT,Subject25,svm_rbf,1,0,0.17925224126686942,25
MAT,Subject26,svm_rbf,0,1,0.9971790439118756,26
MAT,Subject26,svm_rbf,0,1,0.9999999965200026,26
MAT,Subject26,svm_rbf,0,1,0.9099274995136034,26
MAT,Subject26,svm_rbf,0,0,0.2076080493764924,26
MAT,Subject26,svm_rbf,0,0,0.09094979127681702,26
MAT,Subject26,svm_rbf,0,0,0.03071762932608896,26
MAT,Subject26,svm_rbf,0,0,0.05079091646179373,26
MAT,Subject26,svm_rbf,0,0,0.006994860500706586,26
MAT,Subject26,svm_rbf,0,0,0.003079073017603319,26
MAT,Subject26,svm_rbf,0,0,0.0036766766212786906,26
MAT,Subject26,svm_rbf,0,0,0.0005206650451450403,26
MAT,Subject26,svm_rbf,0,0,0.0021015846721150807,26
MAT,Subject26,svm_rbf,0,0,0.0057508502543841275,26
MAT,Subject26,svm_rbf,0,0,0.021793510879088925,26
MAT,Subject26,svm_rbf,0,0,0.04209340160247921,26
MAT,Subject26,svm_rbf,0,0,0.0025985433485786347,26
MAT,Subject26,svm_rbf,0,0,0.005034474293822766,26
MAT,Subject26,svm_rbf,0,0,0.002741077406794901,26
MAT,Subject26,svm_rbf,0,0,0.0004723427696647622,26
MAT,Subject26,svm_rbf,0,0,0.00019403293678928624,26
MAT,Subject26,svm_rbf,0,0,0.00010566089037745048,26
MAT,Subject26,svm_rbf,0,0,0.26943658167954593,26
MAT,Subject26,svm_rbf,0,1,0.8918098797400664,26
MAT,Subject26,svm_rbf,0,1,0.6770289201331835,26
MAT,Subject26,svm_rbf,0,0,0.0936514029149874,26
MAT,Subject26,svm_rbf,0,0,0.1240537784986445,26
MAT,Subject26,svm_rbf,0,0,0.042288241675307196,26
MAT,Subject26,svm_rbf,0,0,0.007905753298305826,26
MAT,Subject26,svm_rbf,0,0,0.006645666617117988,26
MAT,Subject26,svm_rbf,0,0,0.16353692350129276,26
MAT,Subject26,svm_rbf,0,0,0.23501702188913545,26
MAT,Subject26,svm_rbf,0,0,0.0901912806192116,26
MAT,Subject26,svm_rbf,0,0,0.1368953555435995,26
MAT,Subject26,svm_rbf,0,0,0.0817472202689271,26
MAT,Subject26,svm_rbf,0,0,0.0033732752063750154,26
MAT,Subject26,svm_rbf,0,0,0.0006517330326747061,26
MAT,Subject26,svm_rbf,0,0,0.0034093209435008074,26
MAT,Subject26,svm_rbf,0,0,0.31616131434114897,26
MAT,Subject26,svm_rbf,0,1,0.7088716506032711,26
MAT,Subject26,svm_rbf,0,0,0.21150346872578474,26
MAT,Subject26,svm_rbf,0,0,0.051354870022402736,26
MAT,Subject26,svm_rbf,0,0,0.21006189014559756,26
MAT,Subject26,svm_rbf,0,0,0.04963207335771969,26
MAT,Subject26,svm_rbf,0,1,0.5307144572477395,26
MAT,Subject26,svm_rbf,0,0,0.16686140302643146,26
MAT,Subject26,svm_rbf,0,0,0.02067260016200798,26
MAT,Subject26,svm_rbf,0,0,0.028839051981133478,26
MAT,Subject26,svm_rbf,0,0,0.0425034046512692,26
MAT,Subject26,svm_rbf,0,0,0.0035659980305557406,26
MAT,Subject26,svm_rbf,0,0,4.106239551455274e-05,26
MAT,Subject26,svm_rbf,0,0,0.003366181403622884,26
MAT,Subject26,svm_rbf,0,0,0.057783394722600155,26
MAT,Subject26,svm_rbf,0,0,0.1104717614139445,26
MAT,Subject26,svm_rbf,0,0,0.026509692250018355,26
MAT,Subject26,svm_rbf,0,0,0.28212307502429645,26
MAT,Subject26,svm_rbf,0,0,0.04838628165252043,26
MAT,Subject26,svm_rbf,0,0,0.00044093609173314957,26
MAT,Subject26,svm_rbf,0,0,0.01099347602747087,26
MAT,Subject26,svm_rbf,0,0,0.06284365678922593,26
MAT,Subject26,svm_rbf,0,0,0.009278064473476599,26
MAT,Subject26,svm_rbf,0,0,0.016568156375569736,26
MAT,Subject26,svm_rbf,0,0,0.026379369181133074,26
MAT,Subject26,svm_rbf,0,0,0.006361139672690666,26
MAT,Subject26,svm_rbf,0,0,0.015740764421132786,26
MAT,Subject26,svm_rbf,0,0,0.009993651859028067,26
MAT,Subject26,svm_rbf,0,0,0.018594815040583083,26
MAT,Subject26,svm_rbf,0,0,0.02782953477876994,26
MAT,Subject26,svm_rbf,0,0,0.03027415217928225,26
MAT,Subject26,svm_rbf,0,0,0.012914470664074671,26
MAT,Subject26,svm_rbf,0,0,0.0005076699676993265,26
MAT,Subject26,svm_rbf,0,0,0.0039677428005225265,26
MAT,Subject26,svm_rbf,0,0,0.0036549034503184008,26
MAT,Subject26,svm_rbf,0,0,0.0046446525908126896,26
MAT,Subject26,svm_rbf,0,0,0.006866062792140507,26
MAT,Subject26,svm_rbf,0,0,0.05647313530274926,26
MAT,Subject26,svm_rbf,0,0,0.04625076132850558,26
MAT,Subject26,svm_rbf,0,0,0.030561787865664887,26
MAT,Subject26,svm_rbf,0,0,0.002447696936706791,26
MAT,Subject26,svm_rbf,0,0,0.030502416630242002,26
MAT,Subject26,svm_rbf,0,0,0.06944177077728723,26
MAT,Subject26,svm_rbf,0,0,0.2525977095205262,26
MAT,Subject26,svm_rbf,0,0,0.10710798834143506,26
MAT,Subject26,svm_rbf,0,0,0.002902728821081688,26
MAT,Subject26,svm_rbf,0,0,0.05668625501138606,26
MAT,Subject26,svm_rbf,0,0,0.22777680862797306,26
MAT,Subject26,svm_rbf,0,1,0.4404445295952357,26
MAT,Subject26,svm_rbf,0,0,0.05769547824137254,26
MAT,Subject26,svm_rbf,0,0,0.019268236304200718,26
MAT,Subject26,svm_rbf,0,0,0.07923407292116069,26
MAT,Subject26,svm_rbf,0,1,0.41891091495280874,26
MAT,Subject26,svm_rbf,1,0,0.07171942955812473,26
MAT,Subject26,svm_rbf,1,1,0.49142552394049577,26
MAT,Subject26,svm_rbf,1,0,0.025097360108981066,26
MAT,Subject26,svm_rbf,1,0,0.00664180043183384,26
MAT,Subject26,svm_rbf,1,0,0.053142932931290986,26
MAT,Subject26,svm_rbf,1,1,0.8828438363882987,26
MAT,Subject26,svm_rbf,1,1,0.5365141600727742,26
MAT,Subject26,svm_rbf,1,1,0.887263615906917,26
MAT,Subject26,svm_rbf,1,1,0.48162434180465336,26
MAT,Subject26,svm_rbf,1,0,0.061131169539801015,26
MAT,Subject26,svm_rbf,1,1,0.35847540982662995,26
MAT,Subject26,svm_rbf,1,1,0.37037968923998893,26
MAT,Subject26,svm_rbf,1,1,0.5507162951833746,26
MAT,Subject26,svm_rbf,1,0,0.2329238292336251,26
MAT,Subject26,svm_rbf,1,0,0.29258507169842096,26
MAT,Subject26,svm_rbf,1,1,0.5477298795380311,26
MAT,Subject26,svm_rbf,1,0,0.07049361821191762,26
MAT,Subject26,svm_rbf,1,0,0.27024709238788974,26
MAT,Subject26,svm_rbf,1,0,0.1048161957722198,26
MAT,Subject26,svm_rbf,1,0,0.14363143934788083,26
MAT,Subject26,svm_rbf,1,0,0.09999409604580786,26
MAT,Subject26,svm_rbf,1,0,0.06395205227114861,26
MAT,Subject26,svm_rbf,1,0,0.15196559821820663,26
MAT,Subject26,svm_rbf,1,0,0.15337233751458812,26
MAT,Subject26,svm_rbf,1,1,0.9508707638467853,26
MAT,Subject26,svm_rbf,1,1,0.657779431022318,26
MAT,Subject26,svm_rbf,1,0,0.103366708941613,26
MAT,Subject26,svm_rbf,1,1,0.49268778032458777,26
MAT,Subject26,svm_rbf,1,1,0.5,26
MAT,Subject26,svm_rbf,1,0,0.29154323967455553,26
MAT,Subject27,svm_rbf,0,0,0.05410569415934536,27
MAT,Subject27,svm_rbf,0,0,0.28048013128140137,27
MAT,Subject27,svm_rbf,0,1,0.9672026413305826,27
MAT,Subject27,svm_rbf,0,1,0.7595112780265915,27
MAT,Subject27,svm_rbf,0,0,0.11941754155586223,27
MAT,Subject27,svm_rbf,0,0,0.01669551524988375,27
MAT,Subject27,svm_rbf,0,0,0.1601972093893509,27
MAT,Subject27,svm_rbf,0,1,0.6073442454479308,27
MAT,Subject27,svm_rbf,0,1,0.4532638361606195,27
MAT,Subject27,svm_rbf,0,0,0.05695664669534455,27
MAT,Subject27,svm_rbf,0,0,0.00957631914154672,27
MAT,Subject27,svm_rbf,0,0,0.038924010255816884,27
MAT,Subject27,svm_rbf,0,1,0.4556896957092036,27
MAT,Subject27,svm_rbf,0,1,0.9151982711899612,27
MAT,Subject27,svm_rbf,0,1,0.681756928966055,27
MAT,Subject27,svm_rbf,0,1,0.3551008978276001,27
MAT,Subject27,svm_rbf,0,1,0.723439641441116,27
MAT,Subject27,svm_rbf,0,0,0.2741027992550876,27
MAT,Subject27,svm_rbf,0,0,0.1551752020346356,27
MAT,Subject27,svm_rbf,0,0,0.20069049118375756,27
MAT,Subject27,svm_rbf,0,0,0.19648997466353557,27
MAT,Subject27,svm_rbf,0,0,0.007620657476576949,27
MAT,Subject27,svm_rbf,0,0,0.0017231878653900443,27
MAT,Subject27,svm_rbf,0,0,0.012558406617210147,27
MAT,Subject27,svm_rbf,0,0,0.05666708760108462,27
MAT,Subject27,svm_rbf,0,0,0.0014436310186850814,27
MAT,Subject27,svm_rbf,0,0,0.0014005446903605878,27
MAT,Subject27,svm_rbf,0,0,0.05315234914283027,27
MAT,Subject27,svm_rbf,0,1,0.8662731685524562,27
MAT,Subject27,svm_rbf,0,1,0.9974080492697609,27
MAT,Subject27,svm_rbf,0,0,0.3170409028579525,27
MAT,Subject27,svm_rbf,0,0,0.1003420528879375,27
MAT,Subject27,svm_rbf,0,0,0.2877751346537292,27
MAT,Subject27,svm_rbf,0,0,0.03496832369829291,27
MAT,Subject27,svm_rbf,0,0,0.01553747675149656,27
MAT,Subject27,svm_rbf,0,0,0.12007250818725236,27
MAT,Subject27,svm_rbf,0,1,0.5178853233051405,27
MAT,Subject27,svm_rbf,0,0,0.18456774042916027,27
MAT,Subject27,svm_rbf,0,0,0.024727314171820104,27
MAT,Subject27,svm_rbf,0,1,0.981040856840244,27
MAT,Subject27,svm_rbf,0,0,0.3053924908965295,27
MAT,Subject27,svm_rbf,0,1,0.5804660980576446,27
MAT,Subject27,svm_rbf,0,0,0.1824563086448328,27
MAT,Subject27,svm_rbf,0,1,0.7714454803111694,27
MAT,Subject27,svm_rbf,0,1,0.7093373519852566,27
MAT,Subject27,svm_rbf,0,1,0.7959601061482332,27
MAT,Subject27,svm_rbf,0,1,0.9001325918712499,27
MAT,Subject27,svm_rbf,0,1,0.8757813662063535,27
MAT,Subject27,svm_rbf,0,0,0.019702271206107215,27
MAT,Subject27,svm_rbf,0,0,0.01911719094615239,27
MAT,Subject27,svm_rbf,0,1,0.404717797669033,27
MAT,Subject27,svm_rbf,0,0,0.029867844462377956,27
MAT,Subject27,svm_rbf,0,0,0.04419993613636425,27
MAT,Subject27,svm_rbf,0,1,0.5577033381201578,27
MAT,Subject27,svm_rbf,0,0,0.03966016587387853,27
MAT,Subject27,svm_rbf,0,0,0.023419907804974906,27
MAT,Subject27,svm_rbf,0,0,0.03332091440907775,27
MAT,Subject27,svm_rbf,0,0,0.02566976907383949,27
MAT,Subject27,svm_rbf,0,0,0.2620838214655816,27
MAT,Subject27,svm_rbf,0,0,0.12101716978691726,27
MAT,Subject27,svm_rbf,0,1,0.6613650388883807,27
MAT,Subject27,svm_rbf,0,0,0.11909788689964562,27
MAT,Subject27,svm_rbf,0,1,0.5657939751173875,27
MAT,Subject27,svm_rbf,0,0,0.16250899418809173,27
MAT,Subject27,svm_rbf,0,0,0.06731218029474798,27
MAT,Subject27,svm_rbf,0,1,0.5295035776785166,27
MAT,Subject27,svm_rbf,0,1,0.7829055065812268,27
MAT,Subject27,svm_rbf,0,0,0.21510841250663967,27
MAT,Subject27,svm_rbf,0,1,0.5,27
MAT,Subject27,svm_rbf,0,1,0.9681655942592077,27
MAT,Subject27,svm_rbf,0,1,0.8546013328128172,27
MAT,Subject27,svm_rbf,0,0,0.1385778556092372,27
MAT,Subject27,svm_rbf,0,0,0.0022827092457359003,27
MAT,Subject27,svm_rbf,0,0,0.0034652951996420127,27
MAT,Subject27,svm_rbf,0,0,0.2702547075077236,27
MAT,Subject27,svm_rbf,0,1,0.6350219779744383,27
MAT,Subject27,svm_rbf,0,1,0.33793718159535996,27
MAT,Subject27,svm_rbf,0,1,0.7669241450180526,27
MAT,Subject27,svm_rbf,0,1,0.43422565392637374,27
MAT,Subject27,svm_rbf,0,0,0.22167953816261016,27
MAT,Subject27,svm_rbf,0,0,0.10621212228159398,27
MAT,Subject27,svm_rbf,0,1,0.9080067775936023,27
MAT,Subject27,svm_rbf,0,1,0.8801790964193236,27
MAT,Subject27,svm_rbf,0,1,0.9670618965214786,27
MAT,Subject27,svm_rbf,0,1,0.9516982422949586,27
MAT,Subject27,svm_rbf,0,1,0.9949609687595702,27
MAT,Subject27,svm_rbf,0,0,0.2424691809820334,27
MAT,Subject27,svm_rbf,0,0,0.04373061352021389,27
MAT,Subject27,svm_rbf,0,1,0.41115316770593124,27
MAT,Subject27,svm_rbf,0,1,0.3600223061833078,27
MAT,Subject27,svm_rbf,1,1,0.6701365799469041,27
MAT,Subject27,svm_rbf,1,1,0.960320074367471,27
MAT,Subject27,svm_rbf,1,1,0.7872143332553819,27
MAT,Subject27,svm_rbf,1,1,0.6403975071388384,27
MAT,Subject27,svm_rbf,1,1,0.5844026806762623,27
MAT,Subject27,svm_rbf,1,1,0.8861631634141556,27
MAT,Subject27,svm_rbf,1,1,0.6973951478295874,27
MAT,Subject27,svm_rbf,1,1,0.6469734847239141,27
MAT,Subject27,svm_rbf,1,1,0.8601852993307967,27
MAT,Subject27,svm_rbf,1,1,0.9878720468334046,27
MAT,Subject27,svm_rbf,1,1,0.843026671467977,27
MAT,Subject27,svm_rbf,1,1,0.9660792284702086,27
MAT,Subject27,svm_rbf,1,1,0.9330273489533912,27
MAT,Subject27,svm_rbf,1,0,0.1259006965647311,27
MAT,Subject27,svm_rbf,1,1,0.9807601339576661,27
MAT,Subject27,svm_rbf,1,1,0.5936350474534657,27
MAT,Subject27,svm_rbf,1,0,0.16378614103493558,27
MAT,Subject27,svm_rbf,1,1,0.9954517461095894,27
MAT,Subject27,svm_rbf,1,1,0.9644621644308792,27
MAT,Subject27,svm_rbf,1,1,0.9382491787399465,27
MAT,Subject27,svm_rbf,1,1,0.9389521934415754,27
MAT,Subject27,svm_rbf,1,1,0.7887831283579065,27
MAT,Subject27,svm_rbf,1,0,0.24771271761727312,27
MAT,Subject27,svm_rbf,1,1,0.6990738625925121,27
MAT,Subject27,svm_rbf,1,1,0.98060186963517,27
MAT,Subject27,svm_rbf,1,1,0.5535635410858787,27
MAT,Subject27,svm_rbf,1,0,0.13751923988217518,27
MAT,Subject27,svm_rbf,1,0,0.1623914277933041,27
MAT,Subject27,svm_rbf,1,1,0.676567409239161,27
MAT,Subject27,svm_rbf,1,1,0.3392296127723273,27
MAT,Subject28,svm_rbf,0,0,0.03033452231587669,28
MAT,Subject28,svm_rbf,0,1,0.38046067492621627,28
MAT,Subject28,svm_rbf,0,0,0.11353614891914332,28
MAT,Subject28,svm_rbf,0,1,0.788438703872094,28
MAT,Subject28,svm_rbf,0,0,0.3150321751163555,28
MAT,Subject28,svm_rbf,0,1,0.9201698657926727,28
MAT,Subject28,svm_rbf,0,1,0.8653232241801839,28
MAT,Subject28,svm_rbf,0,0,0.03917896862269368,28
MAT,Subject28,svm_rbf,0,0,0.005428311128835463,28
MAT,Subject28,svm_rbf,0,0,0.0033870691508104686,28
MAT,Subject28,svm_rbf,0,0,7.073805894948349e-05,28
MAT,Subject28,svm_rbf,0,0,0.00012673043396813088,28
MAT,Subject28,svm_rbf,0,0,0.00021667020361518165,28
MAT,Subject28,svm_rbf,0,0,0.0477127442575369,28
MAT,Subject28,svm_rbf,0,0,0.12167514350402937,28
MAT,Subject28,svm_rbf,0,0,0.08346114545900316,28
MAT,Subject28,svm_rbf,0,0,0.0010769677960216395,28
MAT,Subject28,svm_rbf,0,0,0.038889989773990885,28
MAT,Subject28,svm_rbf,0,0,0.09747967174182441,28
MAT,Subject28,svm_rbf,0,0,0.007818098696941828,28
MAT,Subject28,svm_rbf,0,0,0.0016680227213494525,28
MAT,Subject28,svm_rbf,0,0,0.001073369831007179,28
MAT,Subject28,svm_rbf,0,0,0.0012682164941346377,28
MAT,Subject28,svm_rbf,0,0,0.0009046754798199754,28
MAT,Subject28,svm_rbf,0,0,0.0054757916383223046,28
MAT,Subject28,svm_rbf,0,0,0.008260871002063198,28
MAT,Subject28,svm_rbf,0,0,0.12410445329282935,28
MAT,Subject28,svm_rbf,0,1,0.4477720481178685,28
MAT,Subject28,svm_rbf,0,0,0.13508298319995513,28
MAT,Subject28,svm_rbf,0,1,0.8358866827914305,28
MAT,Subject28,svm_rbf,0,1,0.8419456640421114,28
MAT,Subject28,svm_rbf,0,1,0.7080712126559924,28
MAT,Subject28,svm_rbf,0,0,0.2000324373564287,28
MAT,Subject28,svm_rbf,0,0,0.00850113438827437,28
MAT,Subject28,svm_rbf,0,0,0.1444780952624019,28
MAT,Subject28,svm_rbf,0,1,0.42141792218957586,28
MAT,Subject28,svm_rbf,0,1,0.5278231438289945,28
MAT,Subject28,svm_rbf,0,0,0.007058971020944009,28
MAT,Subject28,svm_rbf,0,0,0.006206386005720701,28
MAT,Subject28,svm_rbf,0,0,0.0036436452375677654,28
MAT,Subject28,svm_rbf,0,0,0.006145232598557998,28
MAT,Subject28,svm_rbf,0,0,0.0013838995318865533,28
MAT,Subject28,svm_rbf,0,0,0.007745633342681877,28
MAT,Subject28,svm_rbf,0,0,0.07650686608075316,28
MAT,Subject28,svm_rbf,0,1,0.4303632830731835,28
MAT,Subject28,svm_rbf,0,0,0.03549732576122137,28
MAT,Subject28,svm_rbf,0,0,0.00015512645623581435,28
MAT,Subject28,svm_rbf,0,0,0.11909675630769578,28
MAT,Subject28,svm_rbf,0,0,0.16492058614187455,28
MAT,Subject28,svm_rbf,0,0,0.03367511890047226,28
MAT,Subject28,svm_rbf,0,0,0.04171900645410201,28
MAT,Subject28,svm_rbf,0,0,0.0576317816624382,28
MAT,Subject28,svm_rbf,0,1,0.6744191209310142,28
MAT,Subject28,svm_rbf,0,1,0.881912035878026,28
MAT,Subject28,svm_rbf,0,1,0.7821360127559818,28
MAT,Subject28,svm_rbf,0,1,0.33817592542454744,28
MAT,Subject28,svm_rbf,0,1,0.6196816473232687,28
MAT,Subject28,svm_rbf,0,0,0.00030400208157010315,28
MAT,Subject28,svm_rbf,0,0,4.59538223001566e-05,28
MAT,Subject28,svm_rbf,0,0,0.04625002952632247,28
MAT,Subject28,svm_rbf,0,0,0.2469666786070039,28
MAT,Subject28,svm_rbf,0,0,0.11438128161050193,28
MAT,Subject28,svm_rbf,0,0,0.02164334991698141,28
MAT,Subject28,svm_rbf,0,0,0.001958976903430321,28
MAT,Subject28,svm_rbf,0,0,0.0033780633859643405,28
MAT,Subject28,svm_rbf,0,0,0.010740946228338785,28
MAT,Subject28,svm_rbf,0,0,0.03951269671325306,28
MAT,Subject28,svm_rbf,0,0,0.2561301229393882,28
MAT,Subject28,svm_rbf,0,0,0.00011520499876695602,28
MAT,Subject28,svm_rbf,0,0,0.21040598206286276,28
MAT,Subject28,svm_rbf,0,0,0.12753416742307186,28
MAT,Subject28,svm_rbf,0,0,0.005609104927469777,28
MAT,Subject28,svm_rbf,0,0,0.006282179346882943,28
MAT,Subject28,svm_rbf,0,0,0.001283115728205283,28
MAT,Subject28,svm_rbf,0,0,0.03938183766756341,28
MAT,Subject28,svm_rbf,0,0,0.06703184525539291,28
MAT,Subject28,svm_rbf,0,0,0.07159596131154063,28
MAT,Subject28,svm_rbf,0,0,3.5232572886524986e-05,28
MAT,Subject28,svm_rbf,0,0,0.008369797877436752,28
MAT,Subject28,svm_rbf,0,1,0.4131742565707923,28
MAT,Subject28,svm_rbf,0,1,0.35498415219237817,28
MAT,Subject28,svm_rbf,0,0,0.01755819075533834,28
MAT,Subject28,svm_rbf,0,1,0.6388070466242693,28
MAT,Subject28,svm_rbf,0,1,0.4007020320459743,28
MAT,Subject28,svm_rbf,0,1,0.710197493749781,28
MAT,Subject28,svm_rbf,0,0,0.28523026100369653,28
MAT,Subject28,svm_rbf,0,0,0.0017644508925028246,28
MAT,Subject28,svm_rbf,0,0,0.019172794657331745,28
MAT,Subject28,svm_rbf,0,0,0.017311511362614412,28
MAT,Subject28,svm_rbf,0,0,0.2186306002837209,28
MAT,Subject28,svm_rbf,1,1,0.9869182453142739,28
MAT,Subject28,svm_rbf,1,1,0.9526150716329842,28
MAT,Subject28,svm_rbf,1,1,0.960150988919043,28
MAT,Subject28,svm_rbf,1,1,0.9958517114479518,28
MAT,Subject28,svm_rbf,1,1,0.9949373522786044,28
MAT,Subject28,svm_rbf,1,1,0.5076061864151226,28
MAT,Subject28,svm_rbf,1,1,0.9670082793675496,28
MAT,Subject28,svm_rbf,1,1,0.9999945065603403,28
MAT,Subject28,svm_rbf,1,1,0.9680511595874954,28
MAT,Subject28,svm_rbf,1,1,0.9764390179479174,28
MAT,Subject28,svm_rbf,1,1,0.9831037554170523,28
MAT,Subject28,svm_rbf,1,1,0.8861996510132693,28
MAT,Subject28,svm_rbf,1,1,0.45739216264254373,28
MAT,Subject28,svm_rbf,1,1,0.9690692140189041,28
MAT,Subject28,svm_rbf,1,1,0.9999808816577955,28
MAT,Subject28,svm_rbf,1,1,0.9999993754069303,28
MAT,Subject28,svm_rbf,1,1,0.9999960860304798,28
MAT,Subject28,svm_rbf,1,1,0.9436309028596414,28
MAT,Subject28,svm_rbf,1,1,0.9999906296489313,28
MAT,Subject28,svm_rbf,1,1,0.9974488041346625,28
MAT,Subject28,svm_rbf,1,1,0.9948809656497891,28
MAT,Subject28,svm_rbf,1,1,0.9247946335275038,28
MAT,Subject28,svm_rbf,1,1,0.740121568393943,28
MAT,Subject28,svm_rbf,1,1,0.9969762873478194,28
MAT,Subject28,svm_rbf,1,1,0.9999999127823705,28
MAT,Subject28,svm_rbf,1,1,0.9999817672125096,28
MAT,Subject28,svm_rbf,1,1,0.9999999329794621,28
MAT,Subject28,svm_rbf,1,1,0.9741044926343214,28
MAT,Subject28,svm_rbf,1,1,0.3571575470120773,28
MAT,Subject28,svm_rbf,1,1,0.3811061861545989,28
MAT,Subject29,svm_rbf,0,0,9.726944866164186e-05,29
MAT,Subject29,svm_rbf,0,0,0.0001387275642331024,29
MAT,Subject29,svm_rbf,0,0,0.0009963143971754896,29
MAT,Subject29,svm_rbf,0,0,0.0018868581077083706,29
MAT,Subject29,svm_rbf,0,0,0.0027989192992128125,29
MAT,Subject29,svm_rbf,0,0,2.5376809212229985e-05,29
MAT,Subject29,svm_rbf,0,0,2.4472102569036573e-05,29
MAT,Subject29,svm_rbf,0,0,1.611840266027318e-05,29
MAT,Subject29,svm_rbf,0,0,6.909402656848481e-06,29
MAT,Subject29,svm_rbf,0,0,0.000513803547514782,29
MAT,Subject29,svm_rbf,0,0,0.000825661605815466,29
MAT,Subject29,svm_rbf,0,0,0.0005967662376774964,29
MAT,Subject29,svm_rbf,0,0,0.04006693022001124,29
MAT,Subject29,svm_rbf,0,0,0.003412507366874146,29
MAT,Subject29,svm_rbf,0,0,0.00363451347835954,29
MAT,Subject29,svm_rbf,0,0,0.004344086796657026,29
MAT,Subject29,svm_rbf,0,0,0.0009974935886457156,29
MAT,Subject29,svm_rbf,0,0,0.00014376686970631533,29
MAT,Subject29,svm_rbf,0,0,0.0015206115269555968,29
MAT,Subject29,svm_rbf,0,0,0.0015885610379882268,29
MAT,Subject29,svm_rbf,0,0,0.00011620399992407537,29
MAT,Subject29,svm_rbf,0,0,0.00013108245785960998,29
MAT,Subject29,svm_rbf,0,0,0.0010831533715382436,29
MAT,Subject29,svm_rbf,0,0,0.001470152667489263,29
MAT,Subject29,svm_rbf,0,0,0.00029475750578395496,29
MAT,Subject29,svm_rbf,0,0,2.6619407218778182e-05,29
MAT,Subject29,svm_rbf,0,0,1.3489122302822877e-05,29
MAT,Subject29,svm_rbf,0,0,6.094558322127632e-05,29
MAT,Subject29,svm_rbf,0,0,0.00011891538961850819,29
MAT,Subject29,svm_rbf,0,0,0.000510271714076134,29
MAT,Subject29,svm_rbf,0,0,1.4741842015284457e-05,29
MAT,Subject29,svm_rbf,0,0,3.0022181822273703e-05,29
MAT,Subject29,svm_rbf,0,0,0.0004743339732982531,29
MAT,Subject29,svm_rbf,0,0,6.0945458491731276e-05,29
MAT,Subject29,svm_rbf,0,0,0.0005093230312946159,29
MAT,Subject29,svm_rbf,0,0,0.002264824040010834,29
MAT,Subject29,svm_rbf,0,0,0.005215530445985754,29
MAT,Subject29,svm_rbf,0,0,0.0037215760455552964,29
MAT,Subject29,svm_rbf,0,0,0.0003280045061458571,29
MAT,Subject29,svm_rbf,0,0,0.0008327964690759694,29
MAT,Subject29,svm_rbf,0,0,0.0002696337342788608,29
MAT,Subject29,svm_rbf,0,0,0.0018899206612742966,29
MAT,Subject29,svm_rbf,0,0,0.00301153878568732,29
MAT,Subject29,svm_rbf,0,0,0.00142410528814575,29
MAT,Subject29,svm_rbf,0,0,0.0005683252097323094,29
MAT,Subject29,svm_rbf,0,0,0.0002468396260852142,29
MAT,Subject29,svm_rbf,0,0,0.0012457770048324246,29
MAT,Subject29,svm_rbf,0,0,0.0006269921261855921,29
MAT,Subject29,svm_rbf,0,0,4.7103767814664374e-05,29
MAT,Subject29,svm_rbf,0,0,0.00036688854730382927,29
MAT,Subject29,svm_rbf,0,0,0.00018419036023624457,29
MAT,Subject29,svm_rbf,0,0,1.102748910338161e-05,29
MAT,Subject29,svm_rbf,0,0,2.9409927329113898e-05,29
MAT,Subject29,svm_rbf,0,0,0.0002605693012172893,29
MAT,Subject29,svm_rbf,0,0,0.0008675157877122768,29
MAT,Subject29,svm_rbf,0,0,0.0010783654715088029,29
MAT,Subject29,svm_rbf,0,0,0.00022797500688322787,29
MAT,Subject29,svm_rbf,0,0,0.00019466746674052634,29
MAT,Subject29,svm_rbf,0,0,0.0009706822172221678,29
MAT,Subject29,svm_rbf,0,0,0.002345815151877826,29
MAT,Subject29,svm_rbf,0,0,0.0004376828893865122,29
MAT,Subject29,svm_rbf,0,0,0.00011842829264772025,29
MAT,Subject29,svm_rbf,0,0,7.685314535705733e-05,29
MAT,Subject29,svm_rbf,0,0,0.0002481533479933082,29
MAT,Subject29,svm_rbf,0,0,0.00010141737897225554,29
MAT,Subject29,svm_rbf,0,0,0.00015828071827264417,29
MAT,Subject29,svm_rbf,0,0,0.0037032279371435116,29
MAT,Subject29,svm_rbf,0,0,0.00100195592508927,29
MAT,Subject29,svm_rbf,0,0,0.0011088818458425056,29
MAT,Subject29,svm_rbf,0,0,0.09457767331747878,29
MAT,Subject29,svm_rbf,0,0,0.10785838998316877,29
MAT,Subject29,svm_rbf,0,0,0.0007030176805519657,29
MAT,Subject29,svm_rbf,0,0,0.009633471904336619,29
MAT,Subject29,svm_rbf,0,0,0.010519606994378237,29
MAT,Subject29,svm_rbf,0,0,0.0031758051304368305,29
MAT,Subject29,svm_rbf,0,0,0.001012252389319105,29
MAT,Subject29,svm_rbf,0,0,0.0309698610751022,29
MAT,Subject29,svm_rbf,0,0,0.0020669458398623448,29
MAT,Subject29,svm_rbf,0,0,0.0025703882448187723,29
MAT,Subject29,svm_rbf,0,0,0.00393574252343842,29
MAT,Subject29,svm_rbf,0,0,0.0008393276050051201,29
MAT,Subject29,svm_rbf,0,0,0.0007993715950272365,29
MAT,Subject29,svm_rbf,0,0,0.00047510708060928515,29
MAT,Subject29,svm_rbf,0,0,0.0004426419554787156,29
MAT,Subject29,svm_rbf,0,0,0.0003800092130401931,29
MAT,Subject29,svm_rbf,0,0,0.00024271265257716504,29
MAT,Subject29,svm_rbf,0,0,0.09197753600415003,29
MAT,Subject29,svm_rbf,0,1,0.8326338011263683,29
MAT,Subject29,svm_rbf,0,0,0.021240556996653823,29
MAT,Subject29,svm_rbf,0,0,0.07319078168934262,29
MAT,Subject29,svm_rbf,1,0,0.045046047331819904,29
MAT,Subject29,svm_rbf,1,0,0.015522666771106735,29
MAT,Subject29,svm_rbf,1,0,0.005023579080377733,29
MAT,Subject29,svm_rbf,1,0,0.009191219973509336,29
MAT,Subject29,svm_rbf,1,0,0.02508723855028731,29
MAT,Subject29,svm_rbf,1,0,0.0032327576919176063,29
MAT,Subject29,svm_rbf,1,0,0.008807031401210494,29
MAT,Subject29,svm_rbf,1,0,0.018537305629653222,29
MAT,Subject29,svm_rbf,1,0,0.02643389244860705,29
MAT,Subject29,svm_rbf,1,0,0.02104580436514931,29
MAT,Subject29,svm_rbf,1,0,0.009826299059381005,29
MAT,Subject29,svm_rbf,1,0,0.0366624960663872,29
MAT,Subject29,svm_rbf,1,0,0.15710563835679367,29
MAT,Subject29,svm_rbf,1,0,0.030290721569172705,29
MAT,Subject29,svm_rbf,1,0,0.03659844796632771,29
MAT,Subject29,svm_rbf,1,0,0.015249631336169023,29
MAT,Subject29,svm_rbf,1,0,0.0007414519040204255,29
MAT,Subject29,svm_rbf,1,0,0.0006238956585939772,29
MAT,Subject29,svm_rbf,1,0,0.0008609509996921807,29
MAT,Subject29,svm_rbf,1,0,0.004395022225126749,29
MAT,Subject29,svm_rbf,1,0,0.004899923369781675,29
MAT,Subject29,svm_rbf,1,0,0.007411051697981041,29
MAT,Subject29,svm_rbf,1,0,0.08360676701953992,29
MAT,Subject29,svm_rbf,1,0,0.011048863886605885,29
MAT,Subject29,svm_rbf,1,0,0.0034435812050927204,29
MAT,Subject29,svm_rbf,1,0,0.037057471571485694,29
MAT,Subject29,svm_rbf,1,0,0.0180705004621631,29
MAT,Subject29,svm_rbf,1,0,0.0030130625440053715,29
MAT,Subject29,svm_rbf,1,0,0.022431074331628924,29
MAT,Subject29,svm_rbf,1,0,0.27305668967515156,29
MAT,Subject30,svm_rbf,0,0,0.0072553795751969736,30
MAT,Subject30,svm_rbf,0,0,0.12970886462751388,30
MAT,Subject30,svm_rbf,0,0,0.022309554614454555,30
MAT,Subject30,svm_rbf,0,0,0.00025451722143052024,30
MAT,Subject30,svm_rbf,0,0,0.001150742128457389,30
MAT,Subject30,svm_rbf,0,0,0.00017776242583237165,30
MAT,Subject30,svm_rbf,0,0,1.1683812681561721e-05,30
MAT,Subject30,svm_rbf,0,0,3.293370598758063e-05,30
MAT,Subject30,svm_rbf,0,0,0.00011790221182533476,30
MAT,Subject30,svm_rbf,0,0,0.00016785554096975097,30
MAT,Subject30,svm_rbf,0,0,0.001167075530585388,30
MAT,Subject30,svm_rbf,0,0,0.010645629170927533,30
MAT,Subject30,svm_rbf,0,0,0.011765374986181364,30
MAT,Subject30,svm_rbf,0,0,0.0004513750832303814,30
MAT,Subject30,svm_rbf,0,0,0.00022384572300665777,30
MAT,Subject30,svm_rbf,0,0,0.00015062627770362174,30
MAT,Subject30,svm_rbf,0,0,8.872675812026878e-05,30
MAT,Subject30,svm_rbf,0,0,0.0003582399814852426,30
MAT,Subject30,svm_rbf,0,0,0.0003355835714118859,30
MAT,Subject30,svm_rbf,0,0,6.860582985772797e-05,30
MAT,Subject30,svm_rbf,0,0,0.002533733689847103,30
MAT,Subject30,svm_rbf,0,0,0.10984488492182912,30
MAT,Subject30,svm_rbf,0,0,0.02189474798161442,30
MAT,Subject30,svm_rbf,0,0,0.0021810837150751817,30
MAT,Subject30,svm_rbf,0,0,4.865988465076072e-05,30
MAT,Subject30,svm_rbf,0,0,4.865239132101392e-05,30
MAT,Subject30,svm_rbf,0,0,0.0015788514702877844,30
MAT,Subject30,svm_rbf,0,0,0.0023732904806543827,30
MAT,Subject30,svm_rbf,0,0,0.0019794491379252193,30
MAT,Subject30,svm_rbf,0,0,0.03138556009836453,30
MAT,Subject30,svm_rbf,0,0,0.0075607168544682465,30
MAT,Subject30,svm_rbf,0,0,6.182095442487771e-05,30
MAT,Subject30,svm_rbf,0,0,0.00015774274901748844,30
MAT,Subject30,svm_rbf,0,0,5.6359612301031e-06,30
MAT,Subject30,svm_rbf,0,0,3.4832727018057445e-06,30
MAT,Subject30,svm_rbf,0,0,0.0002784681021018284,30
MAT,Subject30,svm_rbf,0,0,0.00010583364737709483,30
MAT,Subject30,svm_rbf,0,0,0.0008811849268595321,30
MAT,Subject30,svm_rbf,0,0,0.0042059627238444286,30
MAT,Subject30,svm_rbf,0,0,4.083047427234548e-05,30
MAT,Subject30,svm_rbf,0,0,0.0004184141307975602,30
MAT,Subject30,svm_rbf,0,0,0.0028680339607243103,30
MAT,Subject30,svm_rbf,0,0,9.274691292095855e-05,30
MAT,Subject30,svm_rbf,0,0,0.000362978345495176,30
MAT,Subject30,svm_rbf,0,0,0.0005979337233257509,30
MAT,Subject30,svm_rbf,0,0,0.00046088891475270924,30
MAT,Subject30,svm_rbf,0,0,0.001719432887477706,30
MAT,Subject30,svm_rbf,0,0,0.00019216737476897302,30
MAT,Subject30,svm_rbf,0,0,2.705329447580244e-05,30
MAT,Subject30,svm_rbf,0,0,0.009429132627289824,30
MAT,Subject30,svm_rbf,0,0,0.0002738900008588021,30
MAT,Subject30,svm_rbf,0,0,1.555210411524352e-05,30
MAT,Subject30,svm_rbf,0,0,0.0005378397362295675,30
MAT,Subject30,svm_rbf,0,0,0.004255771323617848,30
MAT,Subject30,svm_rbf,0,0,0.0002278172511115054,30
MAT,Subject30,svm_rbf,0,0,0.0003535798458087439,30
MAT,Subject30,svm_rbf,0,0,0.0038637493664388243,30
MAT,Subject30,svm_rbf,0,0,0.07681899923739695,30
MAT,Subject30,svm_rbf,0,0,0.007864477726557252,30
MAT,Subject30,svm_rbf,0,0,0.009125953033178378,30
MAT,Subject30,svm_rbf,0,0,0.0015956845954988885,30
MAT,Subject30,svm_rbf,0,0,0.0073581044175527865,30
MAT,Subject30,svm_rbf,0,0,0.024296008770545195,30
MAT,Subject30,svm_rbf,0,0,0.009531278079764702,30
MAT,Subject30,svm_rbf,0,0,0.0008035188083385244,30
MAT,Subject30,svm_rbf,0,0,0.0003958036201843287,30
MAT,Subject30,svm_rbf,0,0,0.0028912123643196654,30
MAT,Subject30,svm_rbf,0,0,0.005952074285308272,30
MAT,Subject30,svm_rbf,0,0,0.030571178982866494,30
MAT,Subject30,svm_rbf,0,0,0.002711484849941251,30
MAT,Subject30,svm_rbf,0,0,0.0011015197183961154,30
MAT,Subject30,svm_rbf,0,0,0.002334714686532576,30
MAT,Subject30,svm_rbf,0,0,0.00609104592210786,30
MAT,Subject30,svm_rbf,0,0,0.01646001977233261,30
MAT,Subject30,svm_rbf,0,0,0.008450820006911526,30
MAT,Subject30,svm_rbf,0,0,0.00502238409963459,30
MAT,Subject30,svm_rbf,0,0,0.023242329930676334,30
MAT,Subject30,svm_rbf,0,0,0.019477070690457704,30
MAT,Subject30,svm_rbf,0,0,0.0325699028165938,30
MAT,Subject30,svm_rbf,0,0,0.019151837174769287,30
MAT,Subject30,svm_rbf,0,0,0.04917593816336794,30
MAT,Subject30,svm_rbf,0,0,0.0024681072514262234,30
MAT,Subject30,svm_rbf,0,0,0.0037899799820891003,30
MAT,Subject30,svm_rbf,0,0,0.012508096457908922,30
MAT,Subject30,svm_rbf,0,0,0.0012102600577830402,30
MAT,Subject30,svm_rbf,0,0,0.0016320285947662649,30
MAT,Subject30,svm_rbf,0,0,0.0020390586746301094,30
MAT,Subject30,svm_rbf,0,0,6.41917950107803e-05,30
MAT,Subject30,svm_rbf,0,0,3.228272018230305e-05,30
MAT,Subject30,svm_rbf,0,1,0.5,30
MAT,Subject30,svm_rbf,1,0,0.09537579295603378,30
MAT,Subject30,svm_rbf,1,1,0.3827380156719237,30
MAT,Subject30,svm_rbf,1,1,0.968208026604563,30
MAT,Subject30,svm_rbf,1,1,0.6675446787387126,30
MAT,Subject30,svm_rbf,1,0,0.012588531676499386,30
MAT,Subject30,svm_rbf,1,0,0.09648221679888597,30
MAT,Subject30,svm_rbf,1,0,0.18211774976175316,30
MAT,Subject30,svm_rbf,1,1,0.7292353103818774,30
MAT,Subject30,svm_rbf,1,0,0.3311028805605983,30
MAT,Subject30,svm_rbf,1,0,0.05409034103823178,30
MAT,Subject30,svm_rbf,1,0,0.13258836184575076,30
MAT,Subject30,svm_rbf,1,0,0.3009561718724474,30
MAT,Subject30,svm_rbf,1,0,0.029929943435468655,30
MAT,Subject30,svm_rbf,1,1,0.37137207459527927,30
MAT,Subject30,svm_rbf,1,0,0.047280767397067366,30
MAT,Subject30,svm_rbf,1,0,0.015673771190455443,30
MAT,Subject30,svm_rbf,1,0,0.03507358991842706,30
MAT,Subject30,svm_rbf,1,0,0.11594809140190876,30
MAT,Subject30,svm_rbf,1,0,0.016919220103440095,30
MAT,Subject30,svm_rbf,1,0,0.02819149985185122,30
MAT,Subject30,svm_rbf,1,1,0.38851924855067665,30
MAT,Subject30,svm_rbf,1,0,0.012027551331463743,30
MAT,Subject30,svm_rbf,1,0,0.06473163261462196,30
MAT,Subject30,svm_rbf,1,0,0.09951270787422005,30
MAT,Subject30,svm_rbf,1,0,0.07891511556371764,30
MAT,Subject30,svm_rbf,1,0,0.00933673605736832,30
MAT,Subject30,svm_rbf,1,0,0.06776875637306257,30
MAT,Subject30,svm_rbf,1,1,0.7576150714715926,30
MAT,Subject30,svm_rbf,1,0,0.043871797795242445,30
MAT,Subject30,svm_rbf,1,1,0.3886367760677261,30
MAT,Subject31,svm_rbf,0,0,0.016337326120285083,31
MAT,Subject31,svm_rbf,0,0,0.0003609014382692885,31
MAT,Subject31,svm_rbf,0,0,0.0015549749688854595,31
MAT,Subject31,svm_rbf,0,0,0.001885445286640006,31
MAT,Subject31,svm_rbf,0,0,0.0007057391854643266,31
MAT,Subject31,svm_rbf,0,0,0.006672062458837502,31
MAT,Subject31,svm_rbf,0,0,0.022317870766786336,31
MAT,Subject31,svm_rbf,0,0,0.08299148931471705,31
MAT,Subject31,svm_rbf,0,0,0.005788954325775636,31
MAT,Subject31,svm_rbf,0,0,0.002360039153489467,31
MAT,Subject31,svm_rbf,0,0,0.055398047188730655,31
MAT,Subject31,svm_rbf,0,0,0.1931131568658502,31
MAT,Subject31,svm_rbf,0,1,0.4268564086450272,31
MAT,Subject31,svm_rbf,0,0,0.008747299559458589,31
MAT,Subject31,svm_rbf,0,0,0.0075556850597000005,31
MAT,Subject31,svm_rbf,0,0,0.013136605705062606,31
MAT,Subject31,svm_rbf,0,1,0.8784041445342435,31
MAT,Subject31,svm_rbf,0,1,0.6876578506433211,31
MAT,Subject31,svm_rbf,0,0,0.03234326462396603,31
MAT,Subject31,svm_rbf,0,0,0.09549522406306218,31
MAT,Subject31,svm_rbf,0,0,0.21541695634977595,31
MAT,Subject31,svm_rbf,0,0,0.032358620570485594,31
MAT,Subject31,svm_rbf,0,0,0.03036307379292816,31
MAT,Subject31,svm_rbf,0,0,0.006571688066761196,31
MAT,Subject31,svm_rbf,0,0,0.002964605761147891,31
MAT,Subject31,svm_rbf,0,0,0.005016358589138036,31
MAT,Subject31,svm_rbf,0,0,0.002723608526291934,31
MAT,Subject31,svm_rbf,0,0,0.0010965914355300147,31
MAT,Subject31,svm_rbf,0,0,0.00025405049140240235,31
MAT,Subject31,svm_rbf,0,0,0.005985991791680133,31
MAT,Subject31,svm_rbf,0,0,0.06373091039724071,31
MAT,Subject31,svm_rbf,0,0,0.16382466515942984,31
MAT,Subject31,svm_rbf,0,0,0.0813107708583123,31
MAT,Subject31,svm_rbf,0,0,0.003915027423668364,31
MAT,Subject31,svm_rbf,0,0,0.03403058820479538,31
MAT,Subject31,svm_rbf,0,0,0.07192215839739531,31
MAT,Subject31,svm_rbf,0,0,0.0034498962437152342,31
MAT,Subject31,svm_rbf,0,0,0.008227270099160706,31
MAT,Subject31,svm_rbf,0,1,0.3576523575448716,31
MAT,Subject31,svm_rbf,1,1,0.8116054658156415,31
MAT,Subject31,svm_rbf,1,1,0.9914656047456113,31
MAT,Subject31,svm_rbf,1,1,0.43091161633822556,31
MAT,Subject31,svm_rbf,1,0,0.08047305844503287,31
MAT,Subject31,svm_rbf,1,0,0.10076415361629122,31
MAT,Subject31,svm_rbf,1,0,0.10362856131898412,31
MAT,Subject31,svm_rbf,1,1,0.8345528929667619,31
MAT,Subject31,svm_rbf,1,1,0.4357530212089009,31
MAT,Subject31,svm_rbf,1,1,0.9884961140591849,31
MAT,Subject31,svm_rbf,1,1,0.9466430824299765,31
MAT,Subject31,svm_rbf,1,1,0.9136182719898756,31
MAT,Subject31,svm_rbf,1,1,0.8598311101142557,31
MAT,Subject31,svm_rbf,1,1,0.8121840235415584,31
MAT,Subject31,svm_rbf,1,1,0.9600535563486425,31
MAT,Subject31,svm_rbf,1,1,0.9999897719061721,31
MAT,Subject31,svm_rbf,1,1,0.999987750049558,31
MAT,Subject31,svm_rbf,1,1,0.985788053743579,31
MAT,Subject31,svm_rbf,1,1,0.9670788810077187,31
MAT,Subject31,svm_rbf,1,1,0.961920418833383,31
MAT,Subject31,svm_rbf,1,1,0.40023918184740526,31
MAT,Subject31,svm_rbf,1,1,0.8051150431618185,31
MAT,Subject31,svm_rbf,1,1,0.704336881633033,31
MAT,Subject31,svm_rbf,1,0,0.1774453915723096,31
MAT,Subject31,svm_rbf,1,0,0.0885309159278013,31
MAT,Subject31,svm_rbf,1,1,0.40652825800528913,31
MAT,Subject31,svm_rbf,1,0,0.18087556000456226,31
MAT,Subject31,svm_rbf,1,1,0.5441879292009406,31
MAT,Subject31,svm_rbf,1,1,0.47756636530380076,31
MAT,Subject31,svm_rbf,1,1,0.882613938687699,31
MAT,Subject31,svm_rbf,1,0,0.22316042114723117,31
MAT,Subject32,svm_rbf,0,0,0.036144681094339264,32
MAT,Subject32,svm_rbf,0,0,0.061665168912148544,32
MAT,Subject32,svm_rbf,0,0,0.008219080569067125,32
MAT,Subject32,svm_rbf,0,0,0.0067089148167555545,32
MAT,Subject32,svm_rbf,0,0,0.0030397121069459113,32
MAT,Subject32,svm_rbf,0,0,0.049059813461534374,32
MAT,Subject32,svm_rbf,0,0,0.036137117844855925,32
MAT,Subject32,svm_rbf,0,0,0.004129249096034042,32
MAT,Subject32,svm_rbf,0,0,0.049580221346442535,32
MAT,Subject32,svm_rbf,0,0,0.01455448064510077,32
MAT,Subject32,svm_rbf,0,0,0.007692991358408319,32
MAT,Subject32,svm_rbf,0,0,0.0003774083628282484,32
MAT,Subject32,svm_rbf,0,0,0.004216253037140368,32
MAT,Subject32,svm_rbf,0,0,0.0036252890668944313,32
MAT,Subject32,svm_rbf,0,0,0.0011858995895829443,32
MAT,Subject32,svm_rbf,0,0,0.0006815844788431686,32
MAT,Subject32,svm_rbf,0,0,0.02004413551647437,32
MAT,Subject32,svm_rbf,0,0,0.2680089704893747,32
MAT,Subject32,svm_rbf,0,0,0.19525287672599848,32
MAT,Subject32,svm_rbf,0,1,0.9680477302033144,32
MAT,Subject32,svm_rbf,0,0,0.1801363002506551,32
MAT,Subject32,svm_rbf,0,0,0.0013519101564795812,32
MAT,Subject32,svm_rbf,0,0,0.014150030399937787,32
MAT,Subject32,svm_rbf,0,0,0.01719975999482726,32
MAT,Subject32,svm_rbf,0,0,0.016459036662301755,32
MAT,Subject32,svm_rbf,0,0,0.008377126960629885,32
MAT,Subject32,svm_rbf,0,0,0.020185923853809226,32
MAT,Subject32,svm_rbf,0,0,0.0033988769067786868,32
MAT,Subject32,svm_rbf,0,0,0.006556721645273789,32
MAT,Subject32,svm_rbf,0,0,0.006555978109294328,32
MAT,Subject32,svm_rbf,0,0,0.08930859377335938,32
MAT,Subject32,svm_rbf,0,0,0.02691932111602574,32
MAT,Subject32,svm_rbf,0,0,0.05316609078483672,32
MAT,Subject32,svm_rbf,0,0,0.009604798001499264,32
MAT,Subject32,svm_rbf,0,0,0.006549249174898446,32
MAT,Subject32,svm_rbf,0,0,0.01666496514791218,32
MAT,Subject32,svm_rbf,0,0,0.04591992843853235,32
MAT,Subject32,svm_rbf,0,0,0.06443526250887627,32
MAT,Subject32,svm_rbf,0,0,0.004105637022258585,32
MAT,Subject32,svm_rbf,0,0,0.010580320015338044,32
MAT,Subject32,svm_rbf,0,0,0.012187443536141682,32
MAT,Subject32,svm_rbf,0,0,0.001361307798271465,32
MAT,Subject32,svm_rbf,0,0,0.001115395239060378,32
MAT,Subject32,svm_rbf,0,0,0.008651087576333911,32
MAT,Subject32,svm_rbf,0,0,0.006964721389268469,32
MAT,Subject32,svm_rbf,0,0,0.0205170141457506,32
MAT,Subject32,svm_rbf,0,0,0.09620561797586263,32
MAT,Subject32,svm_rbf,0,0,0.14261460436592785,32
MAT,Subject32,svm_rbf,0,0,0.023344862481820803,32
MAT,Subject32,svm_rbf,0,0,0.023473216018008378,32
MAT,Subject32,svm_rbf,0,0,0.08582885845609738,32
MAT,Subject32,svm_rbf,0,0,0.0089446378897812,32
MAT,Subject32,svm_rbf,0,0,0.015102142932885207,32
MAT,Subject32,svm_rbf,0,0,0.010956086073236115,32
MAT,Subject32,svm_rbf,0,0,0.12867399350221212,32
MAT,Subject32,svm_rbf,0,0,0.057091768895730165,32
MAT,Subject32,svm_rbf,0,0,0.027927100708255846,32
MAT,Subject32,svm_rbf,0,0,0.26572194978813346,32
MAT,Subject32,svm_rbf,0,0,0.10257053462408396,32
MAT,Subject32,svm_rbf,0,0,0.15645899950227887,32
MAT,Subject32,svm_rbf,0,0,0.24565380785773963,32
MAT,Subject32,svm_rbf,0,0,0.0767834370593176,32
MAT,Subject32,svm_rbf,0,0,0.020729704608652776,32
MAT,Subject32,svm_rbf,0,0,0.11789385855135756,32
MAT,Subject32,svm_rbf,0,0,0.0059393469212431875,32
MAT,Subject32,svm_rbf,0,0,0.028816581276372214,32
MAT,Subject32,svm_rbf,0,0,0.03624534909779119,32
MAT,Subject32,svm_rbf,0,0,0.02010522243666251,32
MAT,Subject32,svm_rbf,0,0,0.01113830203478342,32
MAT,Subject32,svm_rbf,0,0,0.012285754906189182,32
MAT,Subject32,svm_rbf,0,0,0.0037831156857491255,32
MAT,Subject32,svm_rbf,0,0,0.029113853715904525,32
MAT,Subject32,svm_rbf,0,0,0.013212944161135661,32
MAT,Subject32,svm_rbf,0,0,0.006721124248713866,32
MAT,Subject32,svm_rbf,0,0,0.048312015644838606,32
MAT,Subject32,svm_rbf,0,0,0.005357993333427488,32
MAT,Subject32,svm_rbf,0,0,0.009371747696532234,32
MAT,Subject32,svm_rbf,0,0,0.24988101919434835,32
MAT,Subject32,svm_rbf,0,0,0.06642481552454123,32
MAT,Subject32,svm_rbf,0,0,0.0018798164848189923,32
MAT,Subject32,svm_rbf,0,0,0.06572365730836666,32
MAT,Subject32,svm_rbf,0,0,0.1564573269636661,32
MAT,Subject32,svm_rbf,0,1,0.5967015255253042,32
MAT,Subject32,svm_rbf,0,0,0.3206406088902446,32
MAT,Subject32,svm_rbf,0,0,0.013629576893587283,32
MAT,Subject32,svm_rbf,0,0,0.01483356417198343,32
MAT,Subject32,svm_rbf,0,0,0.016844048110571993,32
MAT,Subject32,svm_rbf,0,0,0.034416975847616056,32
MAT,Subject32,svm_rbf,0,0,0.03830853145560954,32
MAT,Subject32,svm_rbf,0,0,0.05929352527313277,32
MAT,Subject32,svm_rbf,1,0,0.04554813854232787,32
MAT,Subject32,svm_rbf,1,0,0.16555583340719468,32
MAT,Subject32,svm_rbf,1,0,0.058447719493006825,32
MAT,Subject32,svm_rbf,1,0,0.18827603546274718,32
MAT,Subject32,svm_rbf,1,0,0.1877209180444198,32
MAT,Subject32,svm_rbf,1,0,0.11384034106545925,32
MAT,Subject32,svm_rbf,1,0,0.11261633366257591,32
MAT,Subject32,svm_rbf,1,0,0.037201253291830085,32
MAT,Subject32,svm_rbf,1,0,0.05759205629306314,32
MAT,Subject32,svm_rbf,1,0,0.025849332985884287,32
MAT,Subject32,svm_rbf,1,0,0.018098468942275677,32
MAT,Subject32,svm_rbf,1,0,0.011232481770129624,32
MAT,Subject32,svm_rbf,1,0,0.07836700364797064,32
MAT,Subject32,svm_rbf,1,0,0.06222002321655766,32
MAT,Subject32,svm_rbf,1,0,0.06123317456286112,32
MAT,Subject32,svm_rbf,1,0,0.16390884112312987,32
MAT,Subject32,svm_rbf,1,0,0.1441964207459016,32
MAT,Subject32,svm_rbf,1,0,0.17541685895346482,32
MAT,Subject32,svm_rbf,1,0,0.23082095311992662,32
MAT,Subject32,svm_rbf,1,0,0.14685137374209625,32
MAT,Subject32,svm_rbf,1,0,0.100109608865597,32
MAT,Subject32,svm_rbf,1,0,0.09531675659899065,32
MAT,Subject32,svm_rbf,1,0,0.08028737623104905,32
MAT,Subject32,svm_rbf,1,0,0.013424355614191518,32
MAT,Subject32,svm_rbf,1,0,0.036338198897105975,32
MAT,Subject32,svm_rbf,1,0,0.09756418682125254,32
MAT,Subject32,svm_rbf,1,0,0.08529268524796446,32
MAT,Subject32,svm_rbf,1,0,0.07204485964669786,32
MAT,Subject32,svm_rbf,1,0,0.19720301329945653,32
MAT,Subject32,svm_rbf,1,0,0.2682198001710821,32
MAT,Subject33,svm_rbf,0,0,0.0007015893426468092,33
MAT,Subject33,svm_rbf,0,0,0.00043697618211633986,33
MAT,Subject33,svm_rbf,0,0,0.006893017494959525,33
MAT,Subject33,svm_rbf,0,1,0.7912240333419721,33
MAT,Subject33,svm_rbf,0,1,0.8048442883116751,33
MAT,Subject33,svm_rbf,0,0,0.11001642265991293,33
MAT,Subject33,svm_rbf,0,0,0.026930528948689067,33
MAT,Subject33,svm_rbf,0,0,0.0029481209885021567,33
MAT,Subject33,svm_rbf,0,0,0.16755877545437986,33
MAT,Subject33,svm_rbf,0,0,0.056533112788512585,33
MAT,Subject33,svm_rbf,0,0,0.007523258977684653,33
MAT,Subject33,svm_rbf,0,0,0.04972969754242125,33
MAT,Subject33,svm_rbf,0,0,0.15284803772022862,33
MAT,Subject33,svm_rbf,0,0,0.14225100438857424,33
MAT,Subject33,svm_rbf,0,0,0.026074040904447683,33
MAT,Subject33,svm_rbf,0,0,0.12289165006888964,33
MAT,Subject33,svm_rbf,0,1,0.6840567518791624,33
MAT,Subject33,svm_rbf,0,0,0.011720995462376078,33
MAT,Subject33,svm_rbf,0,0,0.01179414910801641,33
MAT,Subject33,svm_rbf,0,0,0.2280167118890044,33
MAT,Subject33,svm_rbf,0,0,0.007568731421850126,33
MAT,Subject33,svm_rbf,0,0,0.0031738254294419632,33
MAT,Subject33,svm_rbf,0,0,0.020074016938815657,33
MAT,Subject33,svm_rbf,0,0,0.07015522791758384,33
MAT,Subject33,svm_rbf,0,0,0.09705466861982749,33
MAT,Subject33,svm_rbf,0,1,0.5,33
MAT,Subject33,svm_rbf,0,0,0.027585147159365362,33
MAT,Subject33,svm_rbf,0,0,0.07396077267561577,33
MAT,Subject33,svm_rbf,0,1,0.3412293000532513,33
MAT,Subject33,svm_rbf,0,1,0.455534166752096,33
MAT,Subject33,svm_rbf,0,0,0.0013787283200037772,33
MAT,Subject33,svm_rbf,0,0,0.0065447514993452055,33
MAT,Subject33,svm_rbf,0,1,0.9152937778797938,33
MAT,Subject33,svm_rbf,0,1,0.7718608545719416,33
MAT,Subject33,svm_rbf,0,1,0.3476464333799499,33
MAT,Subject33,svm_rbf,0,1,0.7690911261537801,33
MAT,Subject33,svm_rbf,0,0,0.04710513717406791,33
MAT,Subject33,svm_rbf,0,0,0.020171506460683213,33
MAT,Subject33,svm_rbf,0,0,0.021847107805934806,33
MAT,Subject33,svm_rbf,0,0,0.05587705105966628,33
MAT,Subject33,svm_rbf,0,0,0.2904605985516589,33
MAT,Subject33,svm_rbf,0,1,0.6155382769657951,33
MAT,Subject33,svm_rbf,0,1,0.36713713685794397,33
MAT,Subject33,svm_rbf,0,0,0.0027905767611829833,33
MAT,Subject33,svm_rbf,0,0,9.549826454165785e-05,33
MAT,Subject33,svm_rbf,0,0,0.02315956311916614,33
MAT,Subject33,svm_rbf,0,0,0.17526318475861732,33
MAT,Subject33,svm_rbf,0,0,0.13602783105243477,33
MAT,Subject33,svm_rbf,0,1,0.5828463914243369,33
MAT,Subject33,svm_rbf,0,1,0.6780448508975412,33
MAT,Subject33,svm_rbf,0,0,0.18119299900094665,33
MAT,Subject33,svm_rbf,0,0,0.04864470690916171,33
MAT,Subject33,svm_rbf,0,0,0.01756950522038628,33
MAT,Subject33,svm_rbf,0,0,0.006060438379729159,33
MAT,Subject33,svm_rbf,0,1,0.5172786606571769,33
MAT,Subject33,svm_rbf,0,0,0.12115781878732458,33
MAT,Subject33,svm_rbf,0,0,0.06409876812359984,33
MAT,Subject33,svm_rbf,0,0,0.08820843681564361,33
MAT,Subject33,svm_rbf,0,0,0.04145039448688226,33
MAT,Subject33,svm_rbf,0,0,0.00022449846094811453,33
MAT,Subject33,svm_rbf,0,0,0.00036911510668388026,33
MAT,Subject33,svm_rbf,0,0,0.090611873109291,33
MAT,Subject33,svm_rbf,0,1,0.48152884806224056,33
MAT,Subject33,svm_rbf,0,0,0.11523604211761111,33
MAT,Subject33,svm_rbf,0,0,0.01209060710278273,33
MAT,Subject33,svm_rbf,0,1,0.4397845266034666,33
MAT,Subject33,svm_rbf,0,1,0.747735867452613,33
MAT,Subject33,svm_rbf,0,0,0.009911378850586915,33
MAT,Subject33,svm_rbf,0,0,0.05211916886394367,33
MAT,Subject33,svm_rbf,0,0,0.057371771107978906,33
MAT,Subject33,svm_rbf,0,0,0.2877567332498476,33
MAT,Subject33,svm_rbf,0,0,0.007006855455876285,33
MAT,Subject33,svm_rbf,0,0,0.03243179879705326,33
MAT,Subject33,svm_rbf,0,0,0.14554163183257965,33
MAT,Subject33,svm_rbf,0,0,0.04160679647395556,33
MAT,Subject33,svm_rbf,0,0,0.08228363560946513,33
MAT,Subject33,svm_rbf,0,0,0.09172296017877722,33
MAT,Subject33,svm_rbf,0,0,0.00632646241435543,33
MAT,Subject33,svm_rbf,0,0,0.0007113615056459176,33
MAT,Subject33,svm_rbf,0,0,0.0015457447506998737,33
MAT,Subject33,svm_rbf,0,0,0.09023887138177382,33
MAT,Subject33,svm_rbf,0,0,0.08826152645895406,33
MAT,Subject33,svm_rbf,0,0,0.010147658686401627,33
MAT,Subject33,svm_rbf,0,0,0.0031411181205386936,33
MAT,Subject33,svm_rbf,0,1,0.37807790071100195,33
MAT,Subject33,svm_rbf,0,0,0.3099436806007391,33
MAT,Subject33,svm_rbf,0,0,0.20543695128168687,33
MAT,Subject33,svm_rbf,0,0,0.16263355628511453,33
MAT,Subject33,svm_rbf,0,0,0.20356448970272462,33
MAT,Subject33,svm_rbf,0,1,0.44380226745999285,33
MAT,Subject33,svm_rbf,1,1,0.9795782941142214,33
MAT,Subject33,svm_rbf,1,1,0.9666602702056468,33
MAT,Subject33,svm_rbf,1,1,0.9934847280196486,33
MAT,Subject33,svm_rbf,1,1,0.9999993282759323,33
MAT,Subject33,svm_rbf,1,1,0.9842774491312313,33
MAT,Subject33,svm_rbf,1,1,0.9068148696115751,33
MAT,Subject33,svm_rbf,1,1,0.8446184675310648,33
MAT,Subject33,svm_rbf,1,1,0.9946935108211269,33
MAT,Subject33,svm_rbf,1,1,0.9965664560515526,33
MAT,Subject33,svm_rbf,1,1,0.9809962759707316,33
MAT,Subject33,svm_rbf,1,1,0.9917021875933864,33
MAT,Subject33,svm_rbf,1,1,0.9844383966608458,33
MAT,Subject33,svm_rbf,1,1,0.9673570328641168,33
MAT,Subject33,svm_rbf,1,1,0.9414279799481734,33
MAT,Subject33,svm_rbf,1,0,0.3159497535965068,33
MAT,Subject33,svm_rbf,1,1,0.6627653636657409,33
MAT,Subject33,svm_rbf,1,1,0.3724549513519858,33
MAT,Subject33,svm_rbf,1,1,0.9440657449386293,33
MAT,Subject33,svm_rbf,1,1,0.968630650979548,33
MAT,Subject33,svm_rbf,1,1,0.9106802812845055,33
MAT,Subject33,svm_rbf,1,1,0.8626334665540184,33
MAT,Subject33,svm_rbf,1,1,0.4853608688922008,33
MAT,Subject33,svm_rbf,1,0,0.1626843720374919,33
MAT,Subject33,svm_rbf,1,1,0.5130204735833686,33
MAT,Subject33,svm_rbf,1,1,0.5981656979117771,33
MAT,Subject33,svm_rbf,1,0,0.11184387140222248,33
MAT,Subject33,svm_rbf,1,1,0.3956899433577785,33
MAT,Subject33,svm_rbf,1,1,0.659376350549695,33
MAT,Subject33,svm_rbf,1,1,0.9044465401021216,33
MAT,Subject33,svm_rbf,1,1,0.8890457169433031,33
MAT,Subject34,svm_rbf,0,0,8.27001763565052e-05,34
MAT,Subject34,svm_rbf,0,0,8.518596207179963e-05,34
MAT,Subject34,svm_rbf,0,0,0.0017803661768119646,34
MAT,Subject34,svm_rbf,0,0,0.005588177030613944,34
MAT,Subject34,svm_rbf,0,0,0.00029963952313533776,34
MAT,Subject34,svm_rbf,0,0,0.22642638103915158,34
MAT,Subject34,svm_rbf,0,1,0.6671338091954573,34
MAT,Subject34,svm_rbf,0,0,0.020043299656497128,34
MAT,Subject34,svm_rbf,0,0,0.03433713458915329,34
MAT,Subject34,svm_rbf,0,1,0.4257946188854484,34
MAT,Subject34,svm_rbf,0,0,0.020462966763339523,34
MAT,Subject34,svm_rbf,0,0,0.015624791735835565,34
MAT,Subject34,svm_rbf,0,0,0.00015159293913020593,34
MAT,Subject34,svm_rbf,0,0,0.0002770431750901101,34
MAT,Subject34,svm_rbf,0,0,0.0003576392389895167,34
MAT,Subject34,svm_rbf,0,0,0.0009913943344154355,34
MAT,Subject34,svm_rbf,0,0,0.011418938837659834,34
MAT,Subject34,svm_rbf,0,0,0.194143598498668,34
MAT,Subject34,svm_rbf,0,0,0.0005359188390631924,34
MAT,Subject34,svm_rbf,0,0,0.0005599323234408044,34
MAT,Subject34,svm_rbf,0,0,0.005689575055165854,34
MAT,Subject34,svm_rbf,0,0,0.033180320653738375,34
MAT,Subject34,svm_rbf,0,0,0.2980552902581594,34
MAT,Subject34,svm_rbf,0,0,0.003648684526843438,34
MAT,Subject34,svm_rbf,0,0,0.0009946592508329906,34
MAT,Subject34,svm_rbf,0,0,0.003121103998655606,34
MAT,Subject34,svm_rbf,0,0,0.0025440060579226963,34
MAT,Subject34,svm_rbf,0,0,0.004228087248230539,34
MAT,Subject34,svm_rbf,0,0,0.007672687518350262,34
MAT,Subject34,svm_rbf,0,0,0.003188156721177872,34
MAT,Subject34,svm_rbf,0,0,0.00037041205587098165,34
MAT,Subject34,svm_rbf,0,0,0.00044971070649063116,34
MAT,Subject34,svm_rbf,0,0,0.003024014757145323,34
MAT,Subject34,svm_rbf,0,0,0.0018159166315392186,34
MAT,Subject34,svm_rbf,0,0,0.0002482558708674237,34
MAT,Subject34,svm_rbf,0,0,0.0007830963362703836,34
MAT,Subject34,svm_rbf,0,0,0.0001359532308838129,34
MAT,Subject34,svm_rbf,0,0,0.0005666450682108143,34
MAT,Subject34,svm_rbf,0,0,0.007857696980540296,34
MAT,Subject34,svm_rbf,0,0,0.0019387589546019845,34
MAT,Subject34,svm_rbf,0,0,0.002739747774601644,34
MAT,Subject34,svm_rbf,0,0,0.008274968427703713,34
MAT,Subject34,svm_rbf,0,0,0.0017463034089688367,34
MAT,Subject34,svm_rbf,0,0,0.00019916873368343486,34
MAT,Subject34,svm_rbf,0,0,0.00019684067808218203,34
MAT,Subject34,svm_rbf,0,0,0.040343798875294296,34
MAT,Subject34,svm_rbf,0,0,0.2584934410717497,34
MAT,Subject34,svm_rbf,0,0,0.0024547521738454417,34
MAT,Subject34,svm_rbf,0,0,0.00022211816244295225,34
MAT,Subject34,svm_rbf,0,0,0.0001371351030752568,34
MAT,Subject34,svm_rbf,0,0,0.0024962561592489496,34
MAT,Subject34,svm_rbf,0,0,0.007248544284443172,34
MAT,Subject34,svm_rbf,0,0,0.0001874343967948072,34
MAT,Subject34,svm_rbf,0,0,0.004245144814088217,34
MAT,Subject34,svm_rbf,0,0,0.0007801377224673719,34
MAT,Subject34,svm_rbf,0,0,0.0010864781698663715,34
MAT,Subject34,svm_rbf,0,0,0.0005926855893233874,34
MAT,Subject34,svm_rbf,0,0,7.006010975840028e-05,34
MAT,Subject34,svm_rbf,0,0,0.0010252625224811357,34
MAT,Subject34,svm_rbf,0,0,0.0002354107069014017,34
MAT,Subject34,svm_rbf,0,0,0.0014142753380703952,34
MAT,Subject34,svm_rbf,0,0,0.012209934319101555,34
MAT,Subject34,svm_rbf,0,0,0.0007273155098654587,34
MAT,Subject34,svm_rbf,0,0,0.03238401327453584,34
MAT,Subject34,svm_rbf,0,0,0.014904877807758756,34
MAT,Subject34,svm_rbf,0,0,0.00127621991015337,34
MAT,Subject34,svm_rbf,0,0,9.089083183015905e-05,34
MAT,Subject34,svm_rbf,0,0,0.00024296717085160873,34
MAT,Subject34,svm_rbf,0,0,0.0001905469137811839,34
MAT,Subject34,svm_rbf,0,0,0.0005925992307180759,34
MAT,Subject34,svm_rbf,0,1,0.3589897946305439,34
MAT,Subject34,svm_rbf,0,1,0.6477466767282198,34
MAT,Subject34,svm_rbf,0,0,0.004344092035413581,34
MAT,Subject34,svm_rbf,0,0,0.006975303944285519,34
MAT,Subject34,svm_rbf,0,0,0.029732441210005376,34
MAT,Subject34,svm_rbf,0,1,0.4668112903925449,34
MAT,Subject34,svm_rbf,0,1,0.6187416380732951,34
MAT,Subject34,svm_rbf,0,0,0.0008733088319274631,34
MAT,Subject34,svm_rbf,0,0,5.4110604032128564e-05,34
MAT,Subject34,svm_rbf,0,0,0.00041844232075735085,34
MAT,Subject34,svm_rbf,0,0,0.0021913592849191667,34
MAT,Subject34,svm_rbf,0,0,0.011550338394317104,34
MAT,Subject34,svm_rbf,0,0,0.002404952343944564,34
MAT,Subject34,svm_rbf,0,0,0.008958068534966022,34
MAT,Subject34,svm_rbf,0,0,0.048571361649292565,34
MAT,Subject34,svm_rbf,0,0,0.0028461554022465698,34
MAT,Subject34,svm_rbf,0,0,0.0022280865404990693,34
MAT,Subject34,svm_rbf,0,0,0.001634397115438148,34
MAT,Subject34,svm_rbf,0,0,0.0006940465831479024,34
MAT,Subject34,svm_rbf,0,1,0.5402207452608462,34
MAT,Subject34,svm_rbf,1,0,0.03797500321991283,34
MAT,Subject34,svm_rbf,1,0,0.13257705059193245,34
MAT,Subject34,svm_rbf,1,0,0.08051526541160371,34
MAT,Subject34,svm_rbf,1,0,0.023448644597256697,34
MAT,Subject34,svm_rbf,1,0,0.15626911485460968,34
MAT,Subject34,svm_rbf,1,0,0.25778100228151124,34
MAT,Subject34,svm_rbf,1,1,0.7315685282298645,34
MAT,Subject34,svm_rbf,1,0,0.006218194451064321,34
MAT,Subject34,svm_rbf,1,0,0.2603037719202176,34
MAT,Subject34,svm_rbf,1,1,0.9233036370909847,34
MAT,Subject34,svm_rbf,1,1,0.8260563295739183,34
MAT,Subject34,svm_rbf,1,1,0.7861615627708212,34
MAT,Subject34,svm_rbf,1,0,0.23072388344940728,34
MAT,Subject34,svm_rbf,1,1,0.40801243192270137,34
MAT,Subject34,svm_rbf,1,0,0.11224484874622917,34
MAT,Subject34,svm_rbf,1,1,0.4237065011616256,34
MAT,Subject34,svm_rbf,1,1,0.43584499092418433,34
MAT,Subject34,svm_rbf,1,0,0.2894029704946406,34
MAT,Subject34,svm_rbf,1,0,0.06920752437452679,34
MAT,Subject34,svm_rbf,1,0,0.017045344109622492,34
MAT,Subject34,svm_rbf,1,0,0.017273739735568377,34
MAT,Subject34,svm_rbf,1,0,0.2912349494024805,34
MAT,Subject34,svm_rbf,1,1,0.3394633476431168,34
MAT,Subject34,svm_rbf,1,0,0.08926952848524218,34
MAT,Subject34,svm_rbf,1,0,0.06456933359022156,34
MAT,Subject34,svm_rbf,1,0,0.010089695957421142,34
MAT,Subject34,svm_rbf,1,0,0.03620141029553247,34
MAT,Subject34,svm_rbf,1,0,0.08847346080294285,34
MAT,Subject34,svm_rbf,1,0,0.2980610036614632,34
MAT,Subject34,svm_rbf,1,1,0.7773501602506705,34
MAT,Subject35,svm_rbf,0,0,0.05650008840306799,35
MAT,Subject35,svm_rbf,0,0,0.10870497760375551,35
MAT,Subject35,svm_rbf,0,0,0.00999328650496056,35
MAT,Subject35,svm_rbf,0,0,0.013569826864885485,35
MAT,Subject35,svm_rbf,0,0,0.1488632213943885,35
MAT,Subject35,svm_rbf,0,0,0.14993052734257026,35
MAT,Subject35,svm_rbf,0,0,0.1937837495413631,35
MAT,Subject35,svm_rbf,0,0,0.17882361957238627,35
MAT,Subject35,svm_rbf,0,0,0.023629332286706727,35
MAT,Subject35,svm_rbf,0,0,0.07957050053342647,35
MAT,Subject35,svm_rbf,0,1,0.5440291233639252,35
MAT,Subject35,svm_rbf,0,0,0.03280734126701162,35
MAT,Subject35,svm_rbf,0,0,0.0033776432440142355,35
MAT,Subject35,svm_rbf,0,0,0.007874368867022533,35
MAT,Subject35,svm_rbf,0,0,0.21635752433966865,35
MAT,Subject35,svm_rbf,0,0,0.15093452620050776,35
MAT,Subject35,svm_rbf,0,0,0.31824965624094376,35
MAT,Subject35,svm_rbf,0,0,0.08258789220417645,35
MAT,Subject35,svm_rbf,0,0,0.08690763850506071,35
MAT,Subject35,svm_rbf,0,0,0.2803104979980795,35
MAT,Subject35,svm_rbf,0,0,0.06737682516251137,35
MAT,Subject35,svm_rbf,0,0,0.10086462292205368,35
MAT,Subject35,svm_rbf,0,0,0.013402114812659674,35
MAT,Subject35,svm_rbf,0,0,0.1352711152199607,35
MAT,Subject35,svm_rbf,0,0,0.02755108018094425,35
MAT,Subject35,svm_rbf,0,0,0.04342397689376302,35
MAT,Subject35,svm_rbf,0,0,0.0011928738330638077,35
MAT,Subject35,svm_rbf,0,0,0.01986332529518268,35
MAT,Subject35,svm_rbf,0,0,0.01421855564189789,35
MAT,Subject35,svm_rbf,0,0,0.004919116784766277,35
MAT,Subject35,svm_rbf,0,0,0.021836511788744267,35
MAT,Subject35,svm_rbf,0,0,0.009987933105671322,35
MAT,Subject35,svm_rbf,0,0,0.07141523042786603,35
MAT,Subject35,svm_rbf,0,0,0.0336727108748906,35
MAT,Subject35,svm_rbf,0,0,0.02158309012234435,35
MAT,Subject35,svm_rbf,0,0,0.04703629473022872,35
MAT,Subject35,svm_rbf,0,1,0.8716936516672171,35
MAT,Subject35,svm_rbf,0,1,0.8005908096192031,35
MAT,Subject35,svm_rbf,0,0,0.06335063901945424,35
MAT,Subject35,svm_rbf,0,0,0.06140744828657578,35
MAT,Subject35,svm_rbf,0,0,0.2526920716843091,35
MAT,Subject35,svm_rbf,0,1,0.39605314058135704,35
MAT,Subject35,svm_rbf,0,0,0.009142898624666454,35
MAT,Subject35,svm_rbf,0,0,0.16326271200947923,35
MAT,Subject35,svm_rbf,0,1,0.33660463764370574,35
MAT,Subject35,svm_rbf,0,0,0.1985489911258062,35
MAT,Subject35,svm_rbf,0,0,0.11307152196123872,35
MAT,Subject35,svm_rbf,0,0,0.0070110714647974815,35
MAT,Subject35,svm_rbf,0,0,0.2156384655661783,35
MAT,Subject35,svm_rbf,0,0,0.008649799062717645,35
MAT,Subject35,svm_rbf,0,0,0.08650821387685023,35
MAT,Subject35,svm_rbf,0,0,0.05572892625192426,35
MAT,Subject35,svm_rbf,0,0,0.22454554641564964,35
MAT,Subject35,svm_rbf,0,1,0.3776332424388909,35
MAT,Subject35,svm_rbf,0,0,0.1329722863950799,35
MAT,Subject35,svm_rbf,0,0,0.014547895632875093,35
MAT,Subject35,svm_rbf,0,0,0.25603357921303366,35
MAT,Subject35,svm_rbf,0,0,0.2373544784505302,35
MAT,Subject35,svm_rbf,0,1,0.33405277883348566,35
MAT,Subject35,svm_rbf,0,1,0.619532745935484,35
MAT,Subject35,svm_rbf,0,1,0.646254135756935,35
MAT,Subject35,svm_rbf,0,1,0.8089934927419132,35
MAT,Subject35,svm_rbf,0,1,0.5052012643621965,35
MAT,Subject35,svm_rbf,0,0,0.144795658326129,35
MAT,Subject35,svm_rbf,0,0,0.23348869151706134,35
MAT,Subject35,svm_rbf,0,1,0.7107180311954534,35
MAT,Subject35,svm_rbf,0,1,0.5877323256027228,35
MAT,Subject35,svm_rbf,0,1,0.5333079656335474,35
MAT,Subject35,svm_rbf,0,0,0.02724728446816001,35
MAT,Subject35,svm_rbf,0,0,0.002631659986366595,35
MAT,Subject35,svm_rbf,0,0,0.21041172505994116,35
MAT,Subject35,svm_rbf,0,0,0.080340365917668,35
MAT,Subject35,svm_rbf,0,0,0.2027720091583834,35
MAT,Subject35,svm_rbf,0,1,0.7635298191905827,35
MAT,Subject35,svm_rbf,0,1,0.9055440875448236,35
MAT,Subject35,svm_rbf,0,1,0.8244817623011582,35
MAT,Subject35,svm_rbf,0,1,0.39639304455107327,35
MAT,Subject35,svm_rbf,0,0,0.1435454134309752,35
MAT,Subject35,svm_rbf,0,0,0.26880842627660173,35
MAT,Subject35,svm_rbf,0,0,0.1395241976556246,35
MAT,Subject35,svm_rbf,0,0,0.15704875917823452,35
MAT,Subject35,svm_rbf,0,1,0.5737387644576027,35
MAT,Subject35,svm_rbf,0,0,0.0021954470452626175,35
MAT,Subject35,svm_rbf,0,0,0.0009073810687948718,35
MAT,Subject35,svm_rbf,0,0,0.10212699391115009,35
MAT,Subject35,svm_rbf,0,1,0.6214950249166972,35
MAT,Subject35,svm_rbf,0,1,0.3806108904998023,35
MAT,Subject35,svm_rbf,0,0,0.16917643664857893,35
MAT,Subject35,svm_rbf,0,0,0.026307765877177074,35
MAT,Subject35,svm_rbf,0,0,0.2834593858825004,35
MAT,Subject35,svm_rbf,1,1,0.4651057065246564,35
MAT,Subject35,svm_rbf,1,1,0.45213952572481,35
MAT,Subject35,svm_rbf,1,1,0.8408718963806013,35
MAT,Subject35,svm_rbf,1,1,0.5333900262423973,35
MAT,Subject35,svm_rbf,1,0,0.24399556253481158,35
MAT,Subject35,svm_rbf,1,1,0.9653958931717336,35
MAT,Subject35,svm_rbf,1,1,0.971038949317039,35
MAT,Subject35,svm_rbf,1,1,0.6455871305179891,35
MAT,Subject35,svm_rbf,1,0,0.131267619788073,35
MAT,Subject35,svm_rbf,1,1,0.49211822190134846,35
MAT,Subject35,svm_rbf,1,1,0.7584634085829324,35
MAT,Subject35,svm_rbf,1,1,0.84630104101379,35
MAT,Subject35,svm_rbf,1,1,0.8760768892203465,35
MAT,Subject35,svm_rbf,1,1,0.6592233116502888,35
MAT,Subject35,svm_rbf,1,1,0.46511149418447784,35
MAT,Subject35,svm_rbf,1,1,0.5,35
MAT,Subject35,svm_rbf,1,0,0.12846909657139757,35
MAT,Subject35,svm_rbf,1,1,0.5819435804731364,35
MAT,Subject35,svm_rbf,1,0,0.22247984355519926,35
MAT,Subject35,svm_rbf,1,0,0.21005362147527573,35
MAT,Subject35,svm_rbf,1,1,0.5794246188808094,35
MAT,Subject35,svm_rbf,1,1,0.891457602427625,35
MAT,Subject35,svm_rbf,1,1,0.9596542543374552,35
MAT,Subject35,svm_rbf,1,1,0.9587074645569406,35
MAT,Subject35,svm_rbf,1,0,0.07400762006078393,35
MAT,Subject35,svm_rbf,1,1,0.5073369604289312,35
MAT,Subject35,svm_rbf,1,1,0.48050542378701555,35
MAT,Subject35,svm_rbf,1,1,0.44930028247126125,35
MAT,Subject35,svm_rbf,1,0,0.2533313565149473,35
MAT,Subject35,svm_rbf,1,1,0.7359724177619547,35
MAT,Subject00,random_forest,0,0,0.4066666666666667,0
MAT,Subject00,random_forest,0,0,0.45666666666666667,0
MAT,Subject00,random_forest,0,0,0.17,0
MAT,Subject00,random_forest,0,0,0.14333333333333334,0
MAT,Subject00,random_forest,0,0,0.15,0
MAT,Subject00,random_forest,0,0,0.13,0
MAT,Subject00,random_forest,0,0,0.11333333333333333,0
MAT,Subject00,random_forest,0,0,0.09333333333333334,0
MAT,Subject00,random_forest,0,0,0.05,0
MAT,Subject00,random_forest,0,0,0.06333333333333334,0
MAT,Subject00,random_forest,0,0,0.12666666666666668,0
MAT,Subject00,random_forest,0,0,0.21666666666666667,0
MAT,Subject00,random_forest,0,0,0.31666666666666665,0
MAT,Subject00,random_forest,0,0,0.20333333333333334,0
MAT,Subject00,random_forest,0,0,0.17333333333333334,0
MAT,Subject00,random_forest,0,0,0.08666666666666667,0
MAT,Subject00,random_forest,0,0,0.056666666666666664,0
MAT,Subject00,random_forest,0,0,0.08666666666666667,0
MAT,Subject00,random_forest,0,0,0.08666666666666667,0
MAT,Subject00,random_forest,0,0,0.07,0
MAT,Subject00,random_forest,0,0,0.16333333333333333,0
MAT,Subject00,random_forest,0,0,0.07666666666666666,0
MAT,Subject00,random_forest,0,0,0.14333333333333334,0
MAT,Subject00,random_forest,0,0,0.22,0
MAT,Subject00,random_forest,0,0,0.23666666666666666,0
MAT,Subject00,random_forest,0,0,0.14333333333333334,0
MAT,Subject00,random_forest,0,0,0.13333333333333333,0
MAT,Subject00,random_forest,0,0,0.15333333333333332,0
MAT,Subject00,random_forest,0,0,0.19333333333333333,0
MAT,Subject00,random_forest,0,0,0.31666666666666665,0
MAT,Subject00,random_forest,0,0,0.25333333333333335,0
MAT,Subject00,random_forest,0,0,0.3333333333333333,0
MAT,Subject00,random_forest,0,0,0.32666666666666666,0
MAT,Subject00,random_forest,0,0,0.17,0
MAT,Subject00,random_forest,0,0,0.16,0
MAT,Subject00,random_forest,0,0,0.19666666666666666,0
MAT,Subject00,random_forest,0,0,0.16666666666666666,0
MAT,Subject00,random_forest,0,0,0.16666666666666666,0
MAT,Subject00,random_forest,0,0,0.08,0
MAT,Subject00,random_forest,0,0,0.1,0
MAT,Subject00,random_forest,0,0,0.22666666666666666,0
MAT,Subject00,random_forest,0,0,0.2633333333333333,0
MAT,Subject00,random_forest,0,0,0.19,0
MAT,Subject00,random_forest,0,0,0.22333333333333333,0
MAT,Subject00,random_forest,0,0,0.2866666666666667,0
MAT,Subject00,random_forest,0,0,0.12666666666666668,0
MAT,Subject00,random_forest,0,0,0.1,0
MAT,Subject00,random_forest,0,0,0.10333333333333333,0
MAT,Subject00,random_forest,0,0,0.09666666666666666,0
MAT,Subject00,random_forest,0,0,0.09333333333333334,0
MAT,Subject00,random_forest,0,0,0.1,0
MAT,Subject00,random_forest,0,0,0.09,0
MAT,Subject00,random_forest,0,0,0.13,0
MAT,Subject00,random_forest,0,0,0.10666666666666667,0
MAT,Subject00,random_forest,0,0,0.12666666666666668,0
MAT,Subject00,random_forest,0,0,0.18333333333333332,0
MAT,Subject00,random_forest,0,0,0.19,0
MAT,Subject00,random_forest,0,0,0.10666666666666667,0
MAT,Subject00,random_forest,0,0,0.05333333333333334,0
MAT,Subject00,random_forest,0,0,0.07,0
MAT,Subject00,random_forest,0,0,0.08666666666666667,0
MAT,Subject00,random_forest,0,0,0.18333333333333332,0
MAT,Subject00,random_forest,0,0,0.2,0
MAT,Subject00,random_forest,0,0,0.09,0
MAT,Subject00,random_forest,0,0,0.05333333333333334,0
MAT,Subject00,random_forest,0,0,0.1,0
MAT,Subject00,random_forest,0,0,0.14,0
MAT,Subject00,random_forest,0,0,0.13333333333333333,0
MAT,Subject00,random_forest,0,0,0.16333333333333333,0
MAT,Subject00,random_forest,0,0,0.12333333333333334,0
MAT,Subject00,random_forest,0,0,0.17333333333333334,0
MAT,Subject00,random_forest,0,0,0.24,0
MAT,Subject00,random_forest,0,0,0.33,0
MAT,Subject00,random_forest,0,0,0.19333333333333333,0
MAT,Subject00,random_forest,0,0,0.16333333333333333,0
MAT,Subject00,random_forest,0,0,0.16333333333333333,0
MAT,Subject00,random_forest,0,0,0.14333333333333334,0
MAT,Subject00,random_forest,0,0,0.19,0
MAT,Subject00,random_forest,0,0,0.18,0
MAT,Subject00,random_forest,0,0,0.18,0
MAT,Subject00,random_forest,0,0,0.32666666666666666,0
MAT,Subject00,random_forest,0,0,0.2733333333333333,0
MAT,Subject00,random_forest,0,0,0.13333333333333333,0
MAT,Subject00,random_forest,0,0,0.14,0
MAT,Subject00,random_forest,0,0,0.08,0
MAT,Subject00,random_forest,0,0,0.08666666666666667,0
MAT,Subject00,random_forest,0,0,0.08333333333333333,0
MAT,Subject00,random_forest,0,0,0.13333333333333333,0
MAT,Subject00,random_forest,0,0,0.11,0
MAT,Subject00,random_forest,0,0,0.28,0
MAT,Subject00,random_forest,1,0,0.4,0
MAT,Subject00,random_forest,1,0,0.2,0
MAT,Subject00,random_forest,1,0,0.25,0
MAT,Subject00,random_forest,1,0,0.21666666666666667,0
MAT,Subject00,random_forest,1,0,0.16666666666666666,0
MAT,Subject00,random_forest,1,0,0.27,0
MAT,Subject00,random_forest,1,0,0.2966666666666667,0
MAT,Subject00,random_forest,1,0,0.29333333333333333,0
MAT,Subject00,random_forest,1,0,0.20333333333333334,0
MAT,Subject00,random_forest,1,0,0.15666666666666668,0
MAT,Subject00,random_forest,1,0,0.2,0
MAT,Subject00,random_forest,1,0,0.15333333333333332,0
MAT,Subject00,random_forest,1,0,0.18666666666666668,0
MAT,Subject00,random_forest,1,1,0.58,0
MAT,Subject00,random_forest,1,1,0.52,0
MAT,Subject00,random_forest,1,0,0.48,0
MAT,Subject00,random_forest,1,1,0.59,0
MAT,Subject00,random_forest,1,1,0.5466666666666666,0
MAT,Subject00,random_forest,1,0,0.32666666666666666,0
MAT,Subject00,random_forest,1,0,0.23,0
MAT,Subject00,random_forest,1,0,0.14,0
MAT,Subject00,random_forest,1,0,0.20666666666666667,0
MAT,Subject00,random_forest,1,0,0.14666666666666667,0
MAT,Subject00,random_forest,1,0,0.08666666666666667,0
MAT,Subject00,random_forest,1,0,0.21,0
MAT,Subject00,random_forest,1,0,0.30666666666666664,0
MAT,Subject00,random_forest,1,0,0.09333333333333334,0
MAT,Subject00,random_forest,1,0,0.09,0
MAT,Subject00,random_forest,1,0,0.08333333333333333,0
MAT,Subject00,random_forest,1,0,0.22,0
MAT,Subject01,random_forest,0,0,0.27666666666666667,1
MAT,Subject01,random_forest,0,0,0.3233333333333333,1
MAT,Subject01,random_forest,0,0,0.37,1
MAT,Subject01,random_forest,0,0,0.27666666666666667,1
MAT,Subject01,random_forest,0,0,0.24666666666666667,1
MAT,Subject01,random_forest,0,0,0.23,1
MAT,Subject01,random_forest,0,0,0.29,1
MAT,Subject01,random_forest,0,0,0.15,1
MAT,Subject01,random_forest,0,0,0.10333333333333333,1
MAT,Subject01,random_forest,0,0,0.1,1
MAT,Subject01,random_forest,0,0,0.12333333333333334,1
MAT,Subject01,random_forest,0,0,0.2733333333333333,1
MAT,Subject01,random_forest,0,0,0.36666666666666664,1
MAT,Subject01,random_forest,0,0,0.27,1
MAT,Subject01,random_forest,0,1,0.5533333333333333,1
MAT,Subject01,random_forest,0,0,0.39,1
MAT,Subject01,random_forest,0,0,0.19666666666666666,1
MAT,Subject01,random_forest,0,0,0.17333333333333334,1
MAT,Subject01,random_forest,0,0,0.3,1
MAT,Subject01,random_forest,0,0,0.25333333333333335,1
MAT,Subject01,random_forest,0,0,0.21333333333333335,1
MAT,Subject01,random_forest,0,0,0.18333333333333332,1
MAT,Subject01,random_forest,0,0,0.11333333333333333,1
MAT,Subject01,random_forest,0,0,0.14333333333333334,1
MAT,Subject01,random_forest,0,0,0.23666666666666666,1
MAT,Subject01,random_forest,0,0,0.06,1
MAT,Subject01,random_forest,0,0,0.15666666666666668,1
MAT,Subject01,random_forest,0,0,0.18,1
MAT,Subject01,random_forest,0,0,0.24333333333333335,1
MAT,Subject01,random_forest,0,0,0.09,1
MAT,Subject01,random_forest,0,0,0.08333333333333333,1
MAT,Subject01,random_forest,0,0,0.10333333333333333,1
MAT,Subject01,random_forest,0,0,0.09666666666666666,1
MAT,Subject01,random_forest,0,0,0.10333333333333333,1
MAT,Subject01,random_forest,0,0,0.03333333333333333,1
MAT,Subject01,random_forest,0,0,0.26,1
MAT,Subject01,random_forest,0,0,0.2966666666666667,1
MAT,Subject01,random_forest,0,0,0.4033333333333333,1
MAT,Subject01,random_forest,0,0,0.26666666666666666,1
MAT,Subject01,random_forest,0,0,0.3,1
MAT,Subject01,random_forest,0,0,0.12,1
MAT,Subject01,random_forest,0,0,0.21,1
MAT,Subject01,random_forest,0,0,0.17333333333333334,1
MAT,Subject01,random_forest,0,0,0.14333333333333334,1
MAT,Subject01,random_forest,0,0,0.24666666666666667,1
MAT,Subject01,random_forest,0,0,0.13,1
MAT,Subject01,random_forest,0,0,0.08666666666666667,1
MAT,Subject01,random_forest,0,0,0.12333333333333334,1
MAT,Subject01,random_forest,0,0,0.18,1
MAT,Subject01,random_forest,0,0,0.3466666666666667,1
MAT,Subject01,random_forest,0,0,0.33666666666666667,1
MAT,Subject01,random_forest,0,0,0.38333333333333336,1
MAT,Subject01,random_forest,0,0,0.4033333333333333,1
MAT,Subject01,random_forest,0,0,0.25333333333333335,1
MAT,Subject01,random_forest,0,0,0.2633333333333333,1
MAT,Subject01,random_forest,0,0,0.21666666666666667,1
MAT,Subject01,random_forest,0,0,0.3,1
MAT,Subject01,random_forest,0,0,0.38666666666666666,1
MAT,Subject01,random_forest,0,0,0.32666666666666666,1
MAT,Subject01,random_forest,0,0,0.3466666666666667,1
MAT,Subject01,random_forest,0,0,0.22,1
MAT,Subject01,random_forest,0,0,0.22,1
MAT,Subject01,random_forest,0,0,0.05,1
MAT,Subject01,random_forest,0,0,0.15,1
MAT,Subject01,random_forest,0,0,0.20666666666666667,1
MAT,Subject01,random_forest,0,0,0.2833333333333333,1
MAT,Subject01,random_forest,0,0,0.38,1
MAT,Subject01,random_forest,0,0,0.45,1
MAT,Subject01,random_forest,0,0,0.19666666666666666,1
MAT,Subject01,random_forest,0,0,0.18666666666666668,1
MAT,Subject01,random_forest,0,0,0.33,1
MAT,Subject01,random_forest,0,0,0.35333333333333333,1
MAT,Subject01,random_forest,0,0,0.43666666666666665,1
MAT,Subject01,random_forest,0,0,0.4066666666666667,1
MAT,Subject01,random_forest,0,0,0.23666666666666666,1
MAT,Subject01,random_forest,0,0,0.07,1
MAT,Subject01,random_forest,0,0,0.2,1
MAT,Subject01,random_forest,0,0,0.22333333333333333,1
MAT,Subject01,random_forest,0,0,0.13,1
MAT,Subject01,random_forest,0,0,0.15333333333333332,1
MAT,Subject01,random_forest,0,0,0.22666666666666666,1
MAT,Subject01,random_forest,0,0,0.15333333333333332,1
MAT,Subject01,random_forest,0,0,0.24,1
MAT,Subject01,random_forest,0,0,0.2,1
MAT,Subject01,random_forest,0,0,0.30666666666666664,1
MAT,Subject01,random_forest,0,0,0.4866666666666667,1
MAT,Subject01,random_forest,0,0,0.46,1
MAT,Subject01,random_forest,0,0,0.4266666666666667,1
MAT,Subject01,random_forest,0,0,0.48,1
MAT,Subject01,random_forest,0,0,0.37333333333333335,1
MAT,Subject01,random_forest,1,1,0.5633333333333334,1
MAT,Subject01,random_forest,1,1,0.5566666666666666,1
MAT,Subject01,random_forest,1,0,0.45666666666666667,1
MAT,Subject01,random_forest,1,0,0.3566666666666667,1
MAT,Subject01,random_forest,1,0,0.26666666666666666,1
MAT,Subject01,random_forest,1,0,0.30333333333333334,1
MAT,Subject01,random_forest,1,0,0.39,1
MAT,Subject01,random_forest,1,0,0.38,1
MAT,Subject01,random_forest,1,0,0.32666666666666666,1
MAT,Subject01,random_forest,1,0,0.42333333333333334,1
MAT,Subject01,random_forest,1,1,0.5566666666666666,1
MAT,Subject01,random_forest,1,1,0.6533333333333333,1
MAT,Subject01,random_forest,1,0,0.38333333333333336,1
MAT,Subject01,random_forest,1,0,0.27,1
MAT,Subject01,random_forest,1,0,0.2866666666666667,1
MAT,Subject01,random_forest,1,0,0.30333333333333334,1
MAT,Subject01,random_forest,1,0,0.37666666666666665,1
MAT,Subject01,random_forest,1,0,0.44333333333333336,1
MAT,Subject01,random_forest,1,0,0.37333333333333335,1
MAT,Subject01,random_forest,1,0,0.4766666666666667,1
MAT,Subject01,random_forest,1,0,0.3933333333333333,1
MAT,Subject01,random_forest,1,0,0.30333333333333334,1
MAT,Subject01,random_forest,1,0,0.2833333333333333,1
MAT,Subject01,random_forest,1,0,0.31666666666666665,1
MAT,Subject01,random_forest,1,0,0.44,1
MAT,Subject01,random_forest,1,0,0.42,1
MAT,Subject01,random_forest,1,0,0.35,1
MAT,Subject01,random_forest,1,0,0.37666666666666665,1
MAT,Subject01,random_forest,1,0,0.29333333333333333,1
MAT,Subject01,random_forest,1,0,0.26,1
MAT,Subject02,random_forest,0,0,0.37333333333333335,2
MAT,Subject02,random_forest,0,0,0.47333333333333333,2
MAT,Subject02,random_forest,0,0,0.48333333333333334,2
MAT,Subject02,random_forest,0,0,0.3466666666666667,2
MAT,Subject02,random_forest,0,0,0.38,2
MAT,Subject02,random_forest,0,0,0.33,2
MAT,Subject02,random_forest,0,0,0.26666666666666666,2
MAT,Subject02,random_forest,0,0,0.36333333333333334,2
MAT,Subject02,random_forest,0,0,0.38333333333333336,2
MAT,Subject02,random_forest,0,0,0.23666666666666666,2
MAT,Subject02,random_forest,0,0,0.23,2
MAT,Subject02,random_forest,0,0,0.37666666666666665,2
MAT,Subject02,random_forest,0,0,0.31,2
MAT,Subject02,random_forest,0,0,0.31666666666666665,2
MAT,Subject02,random_forest,0,0,0.2966666666666667,2
MAT,Subject02,random_forest,0,0,0.36333333333333334,2
MAT,Subject02,random_forest,0,0,0.25333333333333335,2
MAT,Subject02,random_forest,0,0,0.22,2
MAT,Subject02,random_forest,0,0,0.20666666666666667,2
MAT,Subject02,random_forest,0,0,0.2866666666666667,2
MAT,Subject02,random_forest,0,0,0.28,2
MAT,Subject02,random_forest,0,0,0.2966666666666667,2
MAT,Subject02,random_forest,0,0,0.45666666666666667,2
MAT,Subject02,random_forest,0,0,0.39666666666666667,2
MAT,Subject02,random_forest,0,0,0.37,2
MAT,Subject02,random_forest,0,0,0.26,2
MAT,Subject02,random_forest,0,0,0.21,2
MAT,Subject02,random_forest,0,0,0.2,2
MAT,Subject02,random_forest,0,0,0.25666666666666665,2
MAT,Subject02,random_forest,0,0,0.31666666666666665,2
MAT,Subject02,random_forest,0,0,0.3233333333333333,2
MAT,Subject02,random_forest,0,0,0.35,2
MAT,Subject02,random_forest,0,0,0.2833333333333333,2
MAT,Subject02,random_forest,0,0,0.25333333333333335,2
MAT,Subject02,random_forest,0,0,0.21333333333333335,2
MAT,Subject02,random_forest,0,0,0.22,2
MAT,Subject02,random_forest,0,0,0.21,2
MAT,Subject02,random_forest,0,0,0.30333333333333334,2
MAT,Subject02,random_forest,0,0,0.2833333333333333,2
MAT,Subject02,random_forest,0,0,0.25666666666666665,2
MAT,Subject02,random_forest,0,0,0.27666666666666667,2
MAT,Subject02,random_forest,0,0,0.31,2
MAT,Subject02,random_forest,0,0,0.2733333333333333,2
MAT,Subject02,random_forest,0,0,0.18,2
MAT,Subject02,random_forest,0,0,0.20666666666666667,2
MAT,Subject02,random_forest,0,0,0.3333333333333333,2
MAT,Subject02,random_forest,0,0,0.28,2
MAT,Subject02,random_forest,0,0,0.2833333333333333,2
MAT,Subject02,random_forest,0,0,0.36,2
MAT,Subject02,random_forest,0,0,0.4066666666666667,2
MAT,Subject02,random_forest,0,0,0.4166666666666667,2
MAT,Subject02,random_forest,0,0,0.3466666666666667,2
MAT,Subject02,random_forest,0,0,0.45,2
MAT,Subject02,random_forest,0,0,0.41333333333333333,2
MAT,Subject02,random_forest,0,0,0.27,2
MAT,Subject02,random_forest,0,0,0.21,2
MAT,Subject02,random_forest,0,0,0.2833333333333333,2
MAT,Subject02,random_forest,0,0,0.2966666666666667,2
MAT,Subject02,random_forest,0,0,0.23,2
MAT,Subject02,random_forest,0,0,0.30333333333333334,2
MAT,Subject02,random_forest,0,0,0.31666666666666665,2
MAT,Subject02,random_forest,0,0,0.24666666666666667,2
MAT,Subject02,random_forest,0,0,0.25333333333333335,2
MAT,Subject02,random_forest,0,0,0.25,2
MAT,Subject02,random_forest,0,0,0.22,2
MAT,Subject02,random_forest,0,0,0.3,2
MAT,Subject02,random_forest,0,0,0.32,2
MAT,Subject02,random_forest,0,0,0.3,2
MAT,Subject02,random_forest,0,0,0.37666666666666665,2
MAT,Subject02,random_forest,0,0,0.41333333333333333,2
MAT,Subject02,random_forest,0,0,0.4766666666666667,2
MAT,Subject02,random_forest,0,0,0.44333333333333336,2
MAT,Subject02,random_forest,0,0,0.36,2
MAT,Subject02,random_forest,0,0,0.33666666666666667,2
MAT,Subject02,random_forest,0,0,0.33,2
MAT,Subject02,random_forest,0,0,0.29333333333333333,2
MAT,Subject02,random_forest,0,0,0.34,2
MAT,Subject02,random_forest,0,0,0.44666666666666666,2
MAT,Subject02,random_forest,0,0,0.46,2
MAT,Subject02,random_forest,0,0,0.42333333333333334,2
MAT,Subject02,random_forest,0,0,0.38333333333333336,2
MAT,Subject02,random_forest,0,0,0.37,2
MAT,Subject02,random_forest,0,0,0.29,2
MAT,Subject02,random_forest,0,0,0.23,2
MAT,Subject02,random_forest,0,0,0.27,2
MAT,Subject02,random_forest,0,0,0.18,2
MAT,Subject02,random_forest,0,0,0.14666666666666667,2
MAT,Subject02,random_forest,0,0,0.26,2
MAT,Subject02,random_forest,0,0,0.30333333333333334,2
MAT,Subject02,random_forest,0,0,0.24333333333333335,2
MAT,Subject02,random_forest,1,0,0.37333333333333335,2
MAT,Subject02,random_forest,1,0,0.39,2
MAT,Subject02,random_forest,1,0,0.45666666666666667,2
MAT,Subject02,random_forest,1,0,0.4033333333333333,2
MAT,Subject02,random_forest,1,0,0.36,2
MAT,Subject02,random_forest,1,0,0.43666666666666665,2
MAT,Subject02,random_forest,1,0,0.47333333333333333,2
MAT,Subject02,random_forest,1,0,0.47333333333333333,2
MAT,Subject02,random_forest,1,0,0.43,2
MAT,Subject02,random_forest,1,0,0.38333333333333336,2
MAT,Subject02,random_forest,1,0,0.3333333333333333,2
MAT,Subject02,random_forest,1,0,0.38,2
MAT,Subject02,random_forest,1,0,0.49333333333333335,2
MAT,Subject02,random_forest,1,0,0.46,2
MAT,Subject02,random_forest,1,0,0.42333333333333334,2
MAT,Subject02,random_forest,1,0,0.39666666666666667,2
MAT,Subject02,random_forest,1,0,0.46,2
MAT,Subject02,random_forest,1,0,0.49,2
MAT,Subject02,random_forest,1,0,0.42,2
MAT,Subject02,random_forest,1,0,0.4033333333333333,2
MAT,Subject02,random_forest,1,0,0.43666666666666665,2
MAT,Subject02,random_forest,1,0,0.37,2
MAT,Subject02,random_forest,1,0,0.35,2
MAT,Subject02,random_forest,1,0,0.37333333333333335,2
MAT,Subject02,random_forest,1,0,0.37333333333333335,2
MAT,Subject02,random_forest,1,0,0.41,2
MAT,Subject02,random_forest,1,0,0.31333333333333335,2
MAT,Subject02,random_forest,1,0,0.30333333333333334,2
MAT,Subject02,random_forest,1,0,0.4,2
MAT,Subject02,random_forest,1,0,0.22,2
MAT,Subject03,random_forest,0,0,0.07666666666666666,3
MAT,Subject03,random_forest,0,0,0.02,3
MAT,Subject03,random_forest,0,0,0.04,3
MAT,Subject03,random_forest,0,0,0.11,3
MAT,Subject03,random_forest,0,0,0.03333333333333333,3
MAT,Subject03,random_forest,0,0,0.08,3
MAT,Subject03,random_forest,0,0,0.11666666666666667,3
MAT,Subject03,random_forest,0,0,0.04,3
MAT,Subject03,random_forest,0,0,0.03,3
MAT,Subject03,random_forest,0,0,0.02,3
MAT,Subject03,random_forest,0,0,0.013333333333333334,3
MAT,Subject03,random_forest,0,0,0.08666666666666667,3
MAT,Subject03,random_forest,0,0,0.06,3
MAT,Subject03,random_forest,0,0,0.03333333333333333,3
MAT,Subject03,random_forest,0,0,0.056666666666666664,3
MAT,Subject03,random_forest,0,0,0.06333333333333334,3
MAT,Subject03,random_forest,0,0,0.01,3
MAT,Subject03,random_forest,0,0,0.05,3
MAT,Subject03,random_forest,0,0,0.05333333333333334,3
MAT,Subject03,random_forest,0,0,0.02666666666666667,3
MAT,Subject03,random_forest,0,0,0.06666666666666667,3
MAT,Subject03,random_forest,0,0,0.05333333333333334,3
MAT,Subject03,random_forest,0,0,0.06,3
MAT,Subject03,random_forest,0,0,0.19,3
MAT,Subject03,random_forest,0,0,0.10333333333333333,3
MAT,Subject03,random_forest,0,0,0.21666666666666667,3
MAT,Subject03,random_forest,0,0,0.24666666666666667,3
MAT,Subject03,random_forest,0,0,0.21333333333333335,3
MAT,Subject03,random_forest,0,0,0.06,3
MAT,Subject03,random_forest,0,0,0.043333333333333335,3
MAT,Subject03,random_forest,0,0,0.03333333333333333,3
MAT,Subject03,random_forest,0,0,0.07333333333333333,3
MAT,Subject03,random_forest,0,0,0.18333333333333332,3
MAT,Subject03,random_forest,0,0,0.17,3
MAT,Subject03,random_forest,0,0,0.1,3
MAT,Subject03,random_forest,0,0,0.03333333333333333,3
MAT,Subject03,random_forest,0,0,0.05333333333333334,3
MAT,Subject03,random_forest,0,0,0.013333333333333334,3
MAT,Subject03,random_forest,0,0,0.043333333333333335,3
MAT,Subject03,random_forest,0,0,0.04,3
MAT,Subject03,random_forest,0,0,0.05,3
MAT,Subject03,random_forest,0,0,0.06666666666666667,3
MAT,Subject03,random_forest,0,0,0.03666666666666667,3
MAT,Subject03,random_forest,0,0,0.013333333333333334,3
MAT,Subject03,random_forest,0,0,0.0033333333333333335,3
MAT,Subject03,random_forest,0,0,0.02,3
MAT,Subject03,random_forest,0,0,0.03666666666666667,3
MAT,Subject03,random_forest,0,0,0.043333333333333335,3
MAT,Subject03,random_forest,0,0,0.03,3
MAT,Subject03,random_forest,0,0,0.09333333333333334,3
MAT,Subject03,random_forest,0,0,0.02666666666666667,3
MAT,Subject03,random_forest,0,0,0.03,3
MAT,Subject03,random_forest,0,0,0.05333333333333334,3
MAT,Subject03,random_forest,0,0,0.02,3
MAT,Subject03,random_forest,0,0,0.03333333333333333,3
MAT,Subject03,random_forest,0,0,0.08666666666666667,3
MAT,Subject03,random_forest,0,0,0.04666666666666667,3
MAT,Subject03,random_forest,0,0,0.04,3
MAT,Subject03,random_forest,0,0,0.03666666666666667,3
MAT,Subject03,random_forest,0,0,0.11666666666666667,3
MAT,Subject03,random_forest,0,0,0.22,3
MAT,Subject03,random_forest,0,0,0.04,3
MAT,Subject03,random_forest,0,0,0.04,3
MAT,Subject03,random_forest,0,0,0.006666666666666667,3
MAT,Subject03,random_forest,0,0,0.023333333333333334,3
MAT,Subject03,random_forest,0,0,0.02666666666666667,3
MAT,Subject03,random_forest,0,0,0.08,3
MAT,Subject03,random_forest,0,0,0.043333333333333335,3
MAT,Subject03,random_forest,0,0,0.01,3
MAT,Subject03,random_forest,0,0,0.043333333333333335,3
MAT,Subject03,random_forest,0,0,0.043333333333333335,3
MAT,Subject03,random_forest,0,0,0.06666666666666667,3
MAT,Subject03,random_forest,0,0,0.13333333333333333,3
MAT,Subject03,random_forest,0,0,0.09666666666666666,3
MAT,Subject03,random_forest,0,0,0.056666666666666664,3
MAT,Subject03,random_forest,0,0,0.023333333333333334,3
MAT,Subject03,random_forest,0,0,0.04,3
MAT,Subject03,random_forest,0,0,0.006666666666666667,3
MAT,Subject03,random_forest,0,0,0.013333333333333334,3
MAT,Subject03,random_forest,0,0,0.043333333333333335,3
MAT,Subject03,random_forest,0,0,0.04666666666666667,3
MAT,Subject03,random_forest,0,0,0.05333333333333334,3
MAT,Subject03,random_forest,0,0,0.03666666666666667,3
MAT,Subject03,random_forest,0,0,0.023333333333333334,3
MAT,Subject03,random_forest,0,0,0.02666666666666667,3
MAT,Subject03,random_forest,0,0,0.04666666666666667,3
MAT,Subject03,random_forest,0,0,0.043333333333333335,3
MAT,Subject03,random_forest,0,0,0.03666666666666667,3
MAT,Subject03,random_forest,0,0,0.03666666666666667,3
MAT,Subject03,random_forest,0,0,0.11666666666666667,3
MAT,Subject03,random_forest,1,0,0.1,3
MAT,Subject03,random_forest,1,0,0.11666666666666667,3
MAT,Subject03,random_forest,1,0,0.19666666666666666,3
MAT,Subject03,random_forest,1,0,0.15333333333333332,3
MAT,Subject03,random_forest,1,0,0.12,3
MAT,Subject03,random_forest,1,0,0.18666666666666668,3
MAT,Subject03,random_forest,1,0,0.17,3
MAT,Subject03,random_forest,1,0,0.18666666666666668,3
MAT,Subject03,random_forest,1,0,0.22,3
MAT,Subject03,random_forest,1,0,0.11333333333333333,3
MAT,Subject03,random_forest,1,0,0.06,3
MAT,Subject03,random_forest,1,0,0.15333333333333332,3
MAT,Subject03,random_forest,1,0,0.20333333333333334,3
MAT,Subject03,random_forest,1,0,0.2,3
MAT,Subject03,random_forest,1,0,0.09,3
MAT,Subject03,random_forest,1,0,0.21333333333333335,3
MAT,Subject03,random_forest,1,0,0.15,3
MAT,Subject03,random_forest,1,0,0.11,3
MAT,Subject03,random_forest,1,0,0.09666666666666666,3
MAT,Subject03,random_forest,1,0,0.14,3
MAT,Subject03,random_forest,1,0,0.12333333333333334,3
MAT,Subject03,random_forest,1,0,0.16666666666666666,3
MAT,Subject03,random_forest,1,0,0.1,3
MAT,Subject03,random_forest,1,0,0.08,3
MAT,Subject03,random_forest,1,0,0.06666666666666667,3
MAT,Subject03,random_forest,1,0,0.15333333333333332,3
MAT,Subject03,random_forest,1,0,0.056666666666666664,3
MAT,Subject03,random_forest,1,0,0.06666666666666667,3
MAT,Subject03,random_forest,1,0,0.09666666666666666,3
MAT,Subject03,random_forest,1,0,0.3433333333333333,3
MAT,Subject04,random_forest,0,0,0.2966666666666667,4
MAT,Subject04,random_forest,0,0,0.09,4
MAT,Subject04,random_forest,0,0,0.09333333333333334,4
MAT,Subject04,random_forest,0,0,0.24,4
MAT,Subject04,random_forest,0,0,0.31,4
MAT,Subject04,random_forest,0,0,0.08,4
MAT,Subject04,random_forest,0,0,0.12,4
MAT,Subject04,random_forest,0,0,0.17333333333333334,4
MAT,Subject04,random_forest,0,0,0.16333333333333333,4
MAT,Subject04,random_forest,0,0,0.12666666666666668,4
MAT,Subject04,random_forest,0,0,0.08,4
MAT,Subject04,random_forest,0,0,0.20666666666666667,4
MAT,Subject04,random_forest,0,0,0.15666666666666668,4
MAT,Subject04,random_forest,0,0,0.19333333333333333,4
MAT,Subject04,random_forest,0,0,0.19,4
MAT,Subject04,random_forest,0,0,0.12666666666666668,4
MAT,Subject04,random_forest,0,0,0.20333333333333334,4
MAT,Subject04,random_forest,0,0,0.18333333333333332,4
MAT,Subject04,random_forest,0,0,0.13,4
MAT,Subject04,random_forest,0,0,0.13,4
MAT,Subject04,random_forest,0,0,0.14333333333333334,4
MAT,Subject04,random_forest,0,0,0.06333333333333334,4
MAT,Subject04,random_forest,0,0,0.19333333333333333,4
MAT,Subject04,random_forest,0,0,0.22333333333333333,4
MAT,Subject04,random_forest,0,0,0.27666666666666667,4
MAT,Subject04,random_forest,0,0,0.30333333333333334,4
MAT,Subject04,random_forest,0,0,0.32666666666666666,4
MAT,Subject04,random_forest,0,0,0.09,4
MAT,Subject04,random_forest,0,0,0.09666666666666666,4
MAT,Subject04,random_forest,0,0,0.13333333333333333,4
MAT,Subject04,random_forest,0,0,0.08,4
MAT,Subject04,random_forest,0,0,0.07666666666666666,4
MAT,Subject04,random_forest,0,0,0.12,4
MAT,Subject04,random_forest,0,0,0.19333333333333333,4
MAT,Subject04,random_forest,0,0,0.16333333333333333,4
MAT,Subject04,random_forest,0,0,0.17333333333333334,4
MAT,Subject04,random_forest,0,0,0.27666666666666667,4
MAT,Subject04,random_forest,0,0,0.20333333333333334,4
MAT,Subject04,random_forest,0,0,0.18333333333333332,4
MAT,Subject04,random_forest,0,0,0.21666666666666667,4
MAT,Subject04,random_forest,0,0,0.20333333333333334,4
MAT,Subject04,random_forest,0,0,0.30666666666666664,4
MAT,Subject04,random_forest,0,0,0.39,4
MAT,Subject04,random_forest,0,0,0.4166666666666667,4
MAT,Subject04,random_forest,0,0,0.2833333333333333,4
MAT,Subject04,random_forest,0,0,0.3,4
MAT,Subject04,random_forest,0,0,0.38666666666666666,4
MAT,Subject04,random_forest,0,0,0.25333333333333335,4
MAT,Subject04,random_forest,0,0,0.23666666666666666,4
MAT,Subject04,random_forest,0,0,0.34,4
MAT,Subject04,random_forest,0,0,0.20333333333333334,4
MAT,Subject04,random_forest,0,0,0.13666666666666666,4
MAT,Subject04,random_forest,0,0,0.32,4
MAT,Subject04,random_forest,0,0,0.28,4
MAT,Subject04,random_forest,0,0,0.25,4
MAT,Subject04,random_forest,0,0,0.2,4
MAT,Subject04,random_forest,0,0,0.17666666666666667,4
MAT,Subject04,random_forest,0,0,0.25,4
MAT,Subject04,random_forest,0,0,0.17333333333333334,4
MAT,Subject04,random_forest,0,0,0.08333333333333333,4
MAT,Subject04,random_forest,0,0,0.11333333333333333,4
MAT,Subject04,random_forest,0,0,0.18666666666666668,4
MAT,Subject04,random_forest,0,0,0.13333333333333333,4
MAT,Subject04,random_forest,0,0,0.18333333333333332,4
MAT,Subject04,random_forest,0,0,0.15333333333333332,4
MAT,Subject04,random_forest,0,0,0.16333333333333333,4
MAT,Subject04,random_forest,0,0,0.2966666666666667,4
MAT,Subject04,random_forest,0,0,0.29333333333333333,4
MAT,Subject04,random_forest,0,0,0.32666666666666666,4
MAT,Subject04,random_forest,0,0,0.25333333333333335,4
MAT,Subject04,random_forest,0,0,0.31666666666666665,4
MAT,Subject04,random_forest,0,0,0.22333333333333333,4
MAT,Subject04,random_forest,0,0,0.22333333333333333,4
MAT,Subject04,random_forest,0,0,0.24333333333333335,4
MAT,Subject04,random_forest,0,0,0.17333333333333334,4
MAT,Subject04,random_forest,0,0,0.20333333333333334,4
MAT,Subject04,random_forest,0,0,0.20333333333333334,4
MAT,Subject04,random_forest,0,0,0.24,4
MAT,Subject04,random_forest,0,0,0.19666666666666666,4
MAT,Subject04,random_forest,0,0,0.12666666666666668,4
MAT,Subject04,random_forest,0,0,0.13666666666666666,4
MAT,Subject04,random_forest,0,0,0.11,4
MAT,Subject04,random_forest,0,0,0.15333333333333332,4
MAT,Subject04,random_forest,0,0,0.2833333333333333,4
MAT,Subject04,random_forest,1,0,0.32666666666666666,4
MAT,Subject04,random_forest,1,0,0.27,4
MAT,Subject04,random_forest,1,0,0.23666666666666666,4
MAT,Subject04,random_forest,1,0,0.18,4
MAT,Subject04,random_forest,1,0,0.14,4
MAT,Subject04,random_forest,1,0,0.34,4
MAT,Subject04,random_forest,1,0,0.31333333333333335,4
MAT,Subject04,random_forest,1,0,0.43,4
MAT,Subject04,random_forest,1,0,0.17666666666666667,4
MAT,Subject04,random_forest,1,0,0.08,4
MAT,Subject04,random_forest,1,0,0.19333333333333333,4
MAT,Subject04,random_forest,1,0,0.44333333333333336,4
MAT,Subject04,random_forest,1,0,0.3,4
MAT,Subject04,random_forest,1,0,0.21,4
MAT,Subject04,random_forest,1,0,0.09666666666666666,4
MAT,Subject04,random_forest,1,0,0.11333333333333333,4
MAT,Subject04,random_forest,1,0,0.10333333333333333,4
MAT,Subject04,random_forest,1,0,0.11,4
MAT,Subject04,random_forest,1,0,0.23,4
MAT,Subject04,random_forest,1,0,0.22,4
MAT,Subject04,random_forest,1,0,0.27666666666666667,4
MAT,Subject04,random_forest,1,0,0.36,4
MAT,Subject04,random_forest,1,0,0.31333333333333335,4
MAT,Subject04,random_forest,1,0,0.16666666666666666,4
MAT,Subject04,random_forest,1,0,0.18333333333333332,4
MAT,Subject04,random_forest,1,0,0.23666666666666666,4
MAT,Subject04,random_forest,1,0,0.19333333333333333,4
MAT,Subject04,random_forest,1,0,0.06666666666666667,4
MAT,Subject04,random_forest,1,0,0.18,4
MAT,Subject04,random_forest,1,0,0.2966666666666667,4
MAT,Subject05,random_forest,0,0,0.18,5
MAT,Subject05,random_forest,0,0,0.31666666666666665,5
MAT,Subject05,random_forest,0,0,0.2966666666666667,5
MAT,Subject05,random_forest,0,0,0.27,5
MAT,Subject05,random_forest,0,0,0.3333333333333333,5
MAT,Subject05,random_forest,0,0,0.24666666666666667,5
MAT,Subject05,random_forest,0,0,0.18,5
MAT,Subject05,random_forest,0,0,0.12333333333333334,5
MAT,Subject05,random_forest,0,0,0.10666666666666667,5
MAT,Subject05,random_forest,0,0,0.12333333333333334,5
MAT,Subject05,random_forest,0,0,0.27666666666666667,5
MAT,Subject05,random_forest,0,0,0.11666666666666667,5
MAT,Subject05,random_forest,0,0,0.1,5
MAT,Subject05,random_forest,0,0,0.17333333333333334,5
MAT,Subject05,random_forest,0,0,0.11333333333333333,5
MAT,Subject05,random_forest,0,0,0.08,5
MAT,Subject05,random_forest,0,0,0.36,5
MAT,Subject05,random_forest,0,0,0.3933333333333333,5
MAT,Subject05,random_forest,0,0,0.25666666666666665,5
MAT,Subject05,random_forest,0,0,0.19333333333333333,5
MAT,Subject05,random_forest,0,0,0.21,5
MAT,Subject05,random_forest,0,0,0.34,5
MAT,Subject05,random_forest,0,0,0.42,5
MAT,Subject05,random_forest,0,0,0.30333333333333334,5
MAT,Subject05,random_forest,0,0,0.3433333333333333,5
MAT,Subject05,random_forest,0,0,0.2,5
MAT,Subject05,random_forest,0,0,0.30333333333333334,5
MAT,Subject05,random_forest,0,0,0.21,5
MAT,Subject05,random_forest,0,0,0.15666666666666668,5
MAT,Subject05,random_forest,0,0,0.15333333333333332,5
MAT,Subject05,random_forest,0,0,0.10666666666666667,5
MAT,Subject05,random_forest,0,0,0.10666666666666667,5
MAT,Subject05,random_forest,0,0,0.14333333333333334,5
MAT,Subject05,random_forest,0,0,0.17333333333333334,5
MAT,Subject05,random_forest,0,0,0.23333333333333334,5
MAT,Subject05,random_forest,0,0,0.17333333333333334,5
MAT,Subject05,random_forest,0,0,0.12666666666666668,5
MAT,Subject05,random_forest,0,0,0.33,5
MAT,Subject05,random_forest,0,0,0.37666666666666665,5
MAT,Subject05,random_forest,0,0,0.14,5
MAT,Subject05,random_forest,0,0,0.12666666666666668,5
MAT,Subject05,random_forest,0,0,0.15666666666666668,5
MAT,Subject05,random_forest,0,0,0.3,5
MAT,Subject05,random_forest,0,0,0.2633333333333333,5
MAT,Subject05,random_forest,0,0,0.43,5
MAT,Subject05,random_forest,0,0,0.2966666666666667,5
MAT,Subject05,random_forest,0,0,0.2866666666666667,5
MAT,Subject05,random_forest,0,0,0.3,5
MAT,Subject05,random_forest,0,0,0.16333333333333333,5
MAT,Subject05,random_forest,0,0,0.15333333333333332,5
MAT,Subject05,random_forest,0,0,0.16,5
MAT,Subject05,random_forest,0,0,0.16666666666666666,5
MAT,Subject05,random_forest,0,0,0.17666666666666667,5
MAT,Subject05,random_forest,0,0,0.19333333333333333,5
MAT,Subject05,random_forest,0,0,0.20333333333333334,5
MAT,Subject05,random_forest,0,0,0.19,5
MAT,Subject05,random_forest,0,0,0.2633333333333333,5
MAT,Subject05,random_forest,0,0,0.19666666666666666,5
MAT,Subject05,random_forest,0,0,0.12,5
MAT,Subject05,random_forest,0,0,0.14,5
MAT,Subject05,random_forest,0,0,0.2966666666666667,5
MAT,Subject05,random_forest,0,0,0.37333333333333335,5
MAT,Subject05,random_forest,0,0,0.20333333333333334,5
MAT,Subject05,random_forest,0,0,0.13333333333333333,5
MAT,Subject05,random_forest,0,0,0.11333333333333333,5
MAT,Subject05,random_forest,0,0,0.43333333333333335,5
MAT,Subject05,random_forest,0,0,0.3433333333333333,5
MAT,Subject05,random_forest,0,0,0.21333333333333335,5
MAT,Subject05,random_forest,0,0,0.11,5
MAT,Subject05,random_forest,0,0,0.30666666666666664,5
MAT,Subject05,random_forest,0,0,0.4533333333333333,5
MAT,Subject05,random_forest,0,0,0.3,5
MAT,Subject05,random_forest,0,0,0.30333333333333334,5
MAT,Subject05,random_forest,0,0,0.22333333333333333,5
MAT,Subject05,random_forest,0,0,0.16666666666666666,5
MAT,Subject05,random_forest,0,0,0.22333333333333333,5
MAT,Subject05,random_forest,0,0,0.35333333333333333,5
MAT,Subject05,random_forest,0,0,0.23333333333333334,5
MAT,Subject05,random_forest,0,0,0.17333333333333334,5
MAT,Subject05,random_forest,0,0,0.3333333333333333,5
MAT,Subject05,random_forest,0,0,0.10333333333333333,5
MAT,Subject05,random_forest,0,0,0.06333333333333334,5
MAT,Subject05,random_forest,0,0,0.05333333333333334,5
MAT,Subject05,random_forest,0,0,0.25333333333333335,5
MAT,Subject05,random_forest,0,0,0.22333333333333333,5
MAT,Subject05,random_forest,0,0,0.2733333333333333,5
MAT,Subject05,random_forest,0,0,0.12,5
MAT,Subject05,random_forest,0,0,0.19,5
MAT,Subject05,random_forest,0,0,0.30666666666666664,5
MAT,Subject05,random_forest,0,0,0.2,5
MAT,Subject05,random_forest,1,1,0.5833333333333334,5
MAT,Subject05,random_forest,1,0,0.37666666666666665,5
MAT,Subject05,random_forest,1,0,0.3566666666666667,5
MAT,Subject05,random_forest,1,0,0.35333333333333333,5
MAT,Subject05,random_forest,1,0,0.3333333333333333,5
MAT,Subject05,random_forest,1,0,0.3333333333333333,5
MAT,Subject05,random_forest,1,0,0.4266666666666667,5
MAT,Subject05,random_forest,1,0,0.35,5
MAT,Subject05,random_forest,1,0,0.2733333333333333,5
MAT,Subject05,random_forest,1,0,0.24666666666666667,5
MAT,Subject05,random_forest,1,0,0.25666666666666665,5
MAT,Subject05,random_forest,1,0,0.3933333333333333,5
MAT,Subject05,random_forest,1,0,0.24,5
MAT,Subject05,random_forest,1,0,0.38333333333333336,5
MAT,Subject05,random_forest,1,0,0.4666666666666667,5
MAT,Subject05,random_forest,1,0,0.47333333333333333,5
MAT,Subject05,random_forest,1,0,0.4266666666666667,5
MAT,Subject05,random_forest,1,0,0.27666666666666667,5
MAT,Subject05,random_forest,1,0,0.3233333333333333,5
MAT,Subject05,random_forest,1,0,0.2966666666666667,5
MAT,Subject05,random_forest,1,0,0.18,5
MAT,Subject05,random_forest,1,0,0.5,5
MAT,Subject05,random_forest,1,0,0.4633333333333333,5
MAT,Subject05,random_forest,1,0,0.26666666666666666,5
MAT,Subject05,random_forest,1,0,0.25,5
MAT,Subject05,random_forest,1,0,0.16333333333333333,5
MAT,Subject05,random_forest,1,0,0.19333333333333333,5
MAT,Subject05,random_forest,1,0,0.21,5
MAT,Subject05,random_forest,1,0,0.17,5
MAT,Subject05,random_forest,1,0,0.19,5
MAT,Subject06,random_forest,0,0,0.48,6
MAT,Subject06,random_forest,0,1,0.5566666666666666,6
MAT,Subject06,random_forest,0,1,0.5833333333333334,6
MAT,Subject06,random_forest,0,0,0.3933333333333333,6
MAT,Subject06,random_forest,0,0,0.3466666666666667,6
MAT,Subject06,random_forest,0,0,0.12333333333333334,6
MAT,Subject06,random_forest,0,0,0.14333333333333334,6
MAT,Subject06,random_forest,0,0,0.36,6
MAT,Subject06,random_forest,0,0,0.33,6
MAT,Subject06,random_forest,0,0,0.24333333333333335,6
MAT,Subject06,random_forest,0,0,0.23666666666666666,6
MAT,Subject06,random_forest,0,0,0.2866666666666667,6
MAT,Subject06,random_forest,0,0,0.2733333333333333,6
MAT,Subject06,random_forest,0,0,0.3,6
MAT,Subject06,random_forest,0,0,0.23333333333333334,6
MAT,Subject06,random_forest,0,0,0.2833333333333333,6
MAT,Subject06,random_forest,0,0,0.21666666666666667,6
MAT,Subject06,random_forest,0,0,0.36666666666666664,6
MAT,Subject06,random_forest,0,0,0.43333333333333335,6
MAT,Subject06,random_forest,0,0,0.30666666666666664,6
MAT,Subject06,random_forest,0,0,0.36,6
MAT,Subject06,random_forest,0,0,0.44666666666666666,6
MAT,Subject06,random_forest,0,0,0.4533333333333333,6
MAT,Subject06,random_forest,0,0,0.31333333333333335,6
MAT,Subject06,random_forest,0,0,0.4166666666666667,6
MAT,Subject06,random_forest,0,0,0.2833333333333333,6
MAT,Subject06,random_forest,0,0,0.14,6
MAT,Subject06,random_forest,0,0,0.43,6
MAT,Subject06,random_forest,0,0,0.3566666666666667,6
MAT,Subject06,random_forest,0,0,0.19,6
MAT,Subject06,random_forest,0,0,0.16666666666666666,6
MAT,Subject06,random_forest,0,0,0.2,6
MAT,Subject06,random_forest,0,0,0.24333333333333335,6
MAT,Subject06,random_forest,0,0,0.27,6
MAT,Subject06,random_forest,0,0,0.30333333333333334,6
MAT,Subject06,random_forest,0,0,0.37666666666666665,6
MAT,Subject06,random_forest,0,0,0.31333333333333335,6
MAT,Subject06,random_forest,0,0,0.2866666666666667,6
MAT,Subject06,random_forest,0,1,0.5433333333333333,6
MAT,Subject06,random_forest,0,0,0.45666666666666667,6
MAT,Subject06,random_forest,0,0,0.44666666666666666,6
MAT,Subject06,random_forest,0,0,0.14333333333333334,6
MAT,Subject06,random_forest,0,0,0.36333333333333334,6
MAT,Subject06,random_forest,0,0,0.41333333333333333,6
MAT,Subject06,random_forest,0,0,0.3566666666666667,6
MAT,Subject06,random_forest,0,0,0.35333333333333333,6
MAT,Subject06,random_forest,0,0,0.21,6
MAT,Subject06,random_forest,0,0,0.22,6
MAT,Subject06,random_forest,0,0,0.4266666666666667,6
MAT,Subject06,random_forest,0,0,0.08,6
MAT,Subject06,random_forest,0,0,0.44666666666666666,6
MAT,Subject06,random_forest,0,0,0.31666666666666665,6
MAT,Subject06,random_forest,0,0,0.26666666666666666,6
MAT,Subject06,random_forest,0,0,0.35333333333333333,6
MAT,Subject06,random_forest,0,1,0.52,6
MAT,Subject06,random_forest,0,0,0.38666666666666666,6
MAT,Subject06,random_forest,0,0,0.38666666666666666,6
MAT,Subject06,random_forest,0,0,0.3466666666666667,6
MAT,Subject06,random_forest,0,0,0.4,6
MAT,Subject06,random_forest,0,0,0.5,6
MAT,Subject06,random_forest,0,0,0.36333333333333334,6
MAT,Subject06,random_forest,0,0,0.45666666666666667,6
MAT,Subject06,random_forest,0,0,0.49333333333333335,6
MAT,Subject06,random_forest,0,0,0.45,6
MAT,Subject06,random_forest,0,0,0.37333333333333335,6
MAT,Subject06,random_forest,0,0,0.3333333333333333,6
MAT,Subject06,random_forest,0,1,0.5033333333333333,6
MAT,Subject06,random_forest,0,0,0.33666666666666667,6
MAT,Subject06,random_forest,0,0,0.36,6
MAT,Subject06,random_forest,0,0,0.42333333333333334,6
MAT,Subject06,random_forest,0,0,0.30333333333333334,6
MAT,Subject06,random_forest,0,0,0.31333333333333335,6
MAT,Subject06,random_forest,0,0,0.41,6
MAT,Subject06,random_forest,0,1,0.5866666666666667,6
MAT,Subject06,random_forest,0,0,0.5,6
MAT,Subject06,random_forest,0,0,0.4533333333333333,6
MAT,Subject06,random_forest,0,0,0.36,6
MAT,Subject06,random_forest,0,0,0.43666666666666665,6
MAT,Subject06,random_forest,0,0,0.38666666666666666,6
MAT,Subject06,random_forest,0,0,0.37333333333333335,6
MAT,Subject06,random_forest,0,0,0.38,6
MAT,Subject06,random_forest,0,0,0.36,6
MAT,Subject06,random_forest,0,0,0.4033333333333333,6
MAT,Subject06,random_forest,0,0,0.20333333333333334,6
MAT,Subject06,random_forest,0,0,0.17666666666666667,6
MAT,Subject06,random_forest,0,0,0.21,6
MAT,Subject06,random_forest,0,0,0.38333333333333336,6
MAT,Subject06,random_forest,0,0,0.23666666666666666,6
MAT,Subject06,random_forest,0,0,0.29333333333333333,6
MAT,Subject06,random_forest,0,0,0.3233333333333333,6
MAT,Subject06,random_forest,1,0,0.38,6
MAT,Subject06,random_forest,1,0,0.4766666666666667,6
MAT,Subject06,random_forest,1,0,0.41333333333333333,6
MAT,Subject06,random_forest,1,0,0.5,6
MAT,Subject06,random_forest,1,0,0.49666666666666665,6
MAT,Subject06,random_forest,1,0,0.45,6
MAT,Subject06,random_forest,1,0,0.38333333333333336,6
MAT,Subject06,random_forest,1,1,0.5866666666666667,6
MAT,Subject06,random_forest,1,0,0.35,6
MAT,Subject06,random_forest,1,0,0.48,6
MAT,Subject06,random_forest,1,0,0.46,6
MAT,Subject06,random_forest,1,0,0.32,6
MAT,Subject06,random_forest,1,0,0.37333333333333335,6
MAT,Subject06,random_forest,1,0,0.32666666666666666,6
MAT,Subject06,random_forest,1,0,0.37,6
MAT,Subject06,random_forest,1,0,0.36333333333333334,6
MAT,Subject06,random_forest,1,0,0.4766666666666667,6
MAT,Subject06,random_forest,1,0,0.37666666666666665,6
MAT,Subject06,random_forest,1,0,0.4,6
MAT,Subject06,random_forest,1,0,0.3933333333333333,6
MAT,Subject06,random_forest,1,0,0.38,6
MAT,Subject06,random_forest,1,0,0.3566666666666667,6
MAT,Subject06,random_forest,1,0,0.48333333333333334,6
MAT,Subject06,random_forest,1,0,0.4033333333333333,6
MAT,Subject06,random_forest,1,0,0.42,6
MAT,Subject06,random_forest,1,0,0.48,6
MAT,Subject06,random_forest,1,0,0.42333333333333334,6
MAT,Subject06,random_forest,1,0,0.35333333333333333,6
MAT,Subject06,random_forest,1,0,0.36,6
MAT,Subject06,random_forest,1,0,0.33666666666666667,6
MAT,Subject07,random_forest,0,0,0.24666666666666667,7
MAT,Subject07,random_forest,0,0,0.36,7
MAT,Subject07,random_forest,0,0,0.23333333333333334,7
MAT,Subject07,random_forest,0,0,0.18,7
MAT,Subject07,random_forest,0,0,0.44666666666666666,7
MAT,Subject07,random_forest,0,0,0.48333333333333334,7
MAT,Subject07,random_forest,0,1,0.5766666666666667,7
MAT,Subject07,random_forest,0,0,0.17666666666666667,7
MAT,Subject07,random_forest,0,0,0.06333333333333334,7
MAT,Subject07,random_forest,0,0,0.07333333333333333,7
MAT,Subject07,random_forest,0,0,0.49333333333333335,7
MAT,Subject07,random_forest,0,1,0.53,7
MAT,Subject07,random_forest,0,0,0.44333333333333336,7
MAT,Subject07,random_forest,0,0,0.4166666666666667,7
MAT,Subject07,random_forest,0,0,0.37333333333333335,7
MAT,Subject07,random_forest,0,0,0.10333333333333333,7
MAT,Subject07,random_forest,0,0,0.09333333333333334,7
MAT,Subject07,random_forest,0,0,0.13,7
MAT,Subject07,random_forest,0,0,0.10666666666666667,7
MAT,Subject07,random_forest,0,0,0.06666666666666667,7
MAT,Subject07,random_forest,0,0,0.08666666666666667,7
MAT,Subject07,random_forest,0,0,0.23666666666666666,7
MAT,Subject07,random_forest,0,0,0.23,7
MAT,Subject07,random_forest,0,0,0.12,7
MAT,Subject07,random_forest,0,0,0.09666666666666666,7
MAT,Subject07,random_forest,0,0,0.11333333333333333,7
MAT,Subject07,random_forest,0,0,0.12333333333333334,7
MAT,Subject07,random_forest,0,0,0.14666666666666667,7
MAT,Subject07,random_forest,0,0,0.23333333333333334,7
MAT,Subject07,random_forest,0,0,0.16666666666666666,7
MAT,Subject07,random_forest,0,0,0.07,7
MAT,Subject07,random_forest,0,0,0.3433333333333333,7
MAT,Subject07,random_forest,0,0,0.16666666666666666,7
MAT,Subject07,random_forest,0,0,0.056666666666666664,7
MAT,Subject07,random_forest,0,0,0.08666666666666667,7
MAT,Subject07,random_forest,0,0,0.11,7
MAT,Subject07,random_forest,0,0,0.09333333333333334,7
MAT,Subject07,random_forest,0,0,0.03666666666666667,7
MAT,Subject07,random_forest,0,0,0.06333333333333334,7
MAT,Subject07,random_forest,0,0,0.11333333333333333,7
MAT,Subject07,random_forest,0,0,0.15333333333333332,7
MAT,Subject07,random_forest,0,0,0.38,7
MAT,Subject07,random_forest,0,0,0.16333333333333333,7
MAT,Subject07,random_forest,0,0,0.09333333333333334,7
MAT,Subject07,random_forest,0,0,0.2,7
MAT,Subject07,random_forest,0,0,0.43333333333333335,7
MAT,Subject07,random_forest,0,0,0.39,7
MAT,Subject07,random_forest,0,0,0.13333333333333333,7
MAT,Subject07,random_forest,0,0,0.06,7
MAT,Subject07,random_forest,0,0,0.06333333333333334,7
MAT,Subject07,random_forest,0,0,0.043333333333333335,7
MAT,Subject07,random_forest,0,0,0.043333333333333335,7
MAT,Subject07,random_forest,0,0,0.07,7
MAT,Subject07,random_forest,0,0,0.06666666666666667,7
MAT,Subject07,random_forest,0,0,0.04,7
MAT,Subject07,random_forest,0,0,0.03,7
MAT,Subject07,random_forest,0,0,0.09666666666666666,7
MAT,Subject07,random_forest,0,0,0.42,7
MAT,Subject07,random_forest,0,0,0.49333333333333335,7
MAT,Subject07,random_forest,0,0,0.43333333333333335,7
MAT,Subject07,random_forest,0,0,0.10666666666666667,7
MAT,Subject07,random_forest,0,0,0.12,7
MAT,Subject07,random_forest,0,0,0.19,7
MAT,Subject07,random_forest,0,0,0.31,7
MAT,Subject07,random_forest,0,0,0.2633333333333333,7
MAT,Subject07,random_forest,0,0,0.07333333333333333,7
MAT,Subject07,random_forest,0,0,0.15,7
MAT,Subject07,random_forest,0,0,0.36,7
MAT,Subject07,random_forest,0,0,0.38666666666666666,7
MAT,Subject07,random_forest,0,0,0.42,7
MAT,Subject07,random_forest,0,0,0.35333333333333333,7
MAT,Subject07,random_forest,0,0,0.41,7
MAT,Subject07,random_forest,0,0,0.4166666666666667,7
MAT,Subject07,random_forest,0,0,0.19333333333333333,7
MAT,Subject07,random_forest,0,0,0.3933333333333333,7
MAT,Subject07,random_forest,0,0,0.32666666666666666,7
MAT,Subject07,random_forest,0,0,0.19666666666666666,7
MAT,Subject07,random_forest,0,0,0.16666666666666666,7
MAT,Subject07,random_forest,0,0,0.08666666666666667,7
MAT,Subject07,random_forest,0,0,0.10333333333333333,7
MAT,Subject07,random_forest,0,0,0.07,7
MAT,Subject07,random_forest,0,0,0.09666666666666666,7
MAT,Subject07,random_forest,0,0,0.3466666666666667,7
MAT,Subject07,random_forest,0,0,0.42333333333333334,7
MAT,Subject07,random_forest,0,0,0.39,7
MAT,Subject07,random_forest,0,0,0.3933333333333333,7
MAT,Subject07,random_forest,0,1,0.5933333333333334,7
MAT,Subject07,random_forest,0,0,0.36,7
MAT,Subject07,random_forest,0,0,0.06666666666666667,7
MAT,Subject07,random_forest,0,0,0.12666666666666668,7
MAT,Subject07,random_forest,1,1,0.56,7
MAT,Subject07,random_forest,1,0,0.23666666666666666,7
MAT,Subject07,random_forest,1,0,0.39666666666666667,7
MAT,Subject07,random_forest,1,0,0.2966666666666667,7
MAT,Subject07,random_forest,1,0,0.30333333333333334,7
MAT,Subject07,random_forest,1,0,0.43666666666666665,7
MAT,Subject07,random_forest,1,0,0.4533333333333333,7
MAT,Subject07,random_forest,1,0,0.44,7
MAT,Subject07,random_forest,1,0,0.22666666666666666,7
MAT,Subject07,random_forest,1,0,0.29,7
MAT,Subject07,random_forest,1,0,0.23,7
MAT,Subject07,random_forest,1,0,0.2833333333333333,7
MAT,Subject07,random_forest,1,0,0.42,7
MAT,Subject07,random_forest,1,0,0.30333333333333334,7
MAT,Subject07,random_forest,1,0,0.30333333333333334,7
MAT,Subject07,random_forest,1,0,0.37666666666666665,7
MAT,Subject07,random_forest,1,0,0.3433333333333333,7
MAT,Subject07,random_forest,1,0,0.22,7
MAT,Subject07,random_forest,1,0,0.22666666666666666,7
MAT,Subject07,random_forest,1,0,0.25666666666666665,7
MAT,Subject07,random_forest,1,1,0.5233333333333333,7
MAT,Subject07,random_forest,1,0,0.25333333333333335,7
MAT,Subject07,random_forest,1,0,0.31333333333333335,7
MAT,Subject07,random_forest,1,0,0.3,7
MAT,Subject07,random_forest,1,0,0.24666666666666667,7
MAT,Subject07,random_forest,1,0,0.38666666666666666,7
MAT,Subject07,random_forest,1,0,0.4533333333333333,7
MAT,Subject07,random_forest,1,1,0.5633333333333334,7
MAT,Subject07,random_forest,1,0,0.49333333333333335,7
MAT,Subject07,random_forest,1,0,0.4066666666666667,7
MAT,Subject08,random_forest,0,0,0.23666666666666666,8
MAT,Subject08,random_forest,0,0,0.26,8
MAT,Subject08,random_forest,0,0,0.15333333333333332,8
MAT,Subject08,random_forest,0,0,0.08666666666666667,8
MAT,Subject08,random_forest,0,0,0.31666666666666665,8
MAT,Subject08,random_forest,0,0,0.27,8
MAT,Subject08,random_forest,0,0,0.13,8
MAT,Subject08,random_forest,0,0,0.18333333333333332,8
MAT,Subject08,random_forest,0,0,0.30333333333333334,8
MAT,Subject08,random_forest,0,0,0.3933333333333333,8
MAT,Subject08,random_forest,0,0,0.25,8
MAT,Subject08,random_forest,0,0,0.13333333333333333,8
MAT,Subject08,random_forest,0,0,0.16333333333333333,8
MAT,Subject08,random_forest,0,0,0.27,8
MAT,Subject08,random_forest,0,0,0.18,8
MAT,Subject08,random_forest,0,0,0.13,8
MAT,Subject08,random_forest,0,0,0.15,8
MAT,Subject08,random_forest,0,0,0.23333333333333334,8
MAT,Subject08,random_forest,0,0,0.25,8
MAT,Subject08,random_forest,0,0,0.23666666666666666,8
MAT,Subject08,random_forest,0,0,0.14,8
MAT,Subject08,random_forest,0,0,0.11666666666666667,8
MAT,Subject08,random_forest,0,0,0.19666666666666666,8
MAT,Subject08,random_forest,0,0,0.29333333333333333,8
MAT,Subject08,random_forest,0,0,0.24,8
MAT,Subject08,random_forest,0,0,0.26,8
MAT,Subject08,random_forest,0,0,0.15333333333333332,8
MAT,Subject08,random_forest,0,0,0.11666666666666667,8
MAT,Subject08,random_forest,0,0,0.17333333333333334,8
MAT,Subject08,random_forest,0,0,0.21,8
MAT,Subject08,random_forest,0,0,0.3,8
MAT,Subject08,random_forest,0,0,0.23333333333333334,8
MAT,Subject08,random_forest,0,0,0.29333333333333333,8
MAT,Subject08,random_forest,0,0,0.3333333333333333,8
MAT,Subject08,random_forest,0,0,0.08333333333333333,8
MAT,Subject08,random_forest,0,0,0.09666666666666666,8
MAT,Subject08,random_forest,0,0,0.07333333333333333,8
MAT,Subject08,random_forest,0,0,0.13333333333333333,8
MAT,Subject08,random_forest,0,0,0.14666666666666667,8
MAT,Subject08,random_forest,0,0,0.1,8
MAT,Subject08,random_forest,0,0,0.08,8
MAT,Subject08,random_forest,0,0,0.41333333333333333,8
MAT,Subject08,random_forest,0,0,0.3233333333333333,8
MAT,Subject08,random_forest,0,0,0.10666666666666667,8
MAT,Subject08,random_forest,0,0,0.19666666666666666,8
MAT,Subject08,random_forest,0,0,0.13333333333333333,8
MAT,Subject08,random_forest,0,0,0.17,8
MAT,Subject08,random_forest,0,0,0.24333333333333335,8
MAT,Subject08,random_forest,0,0,0.4633333333333333,8
MAT,Subject08,random_forest,0,0,0.4666666666666667,8
MAT,Subject08,random_forest,0,0,0.28,8
MAT,Subject08,random_forest,0,0,0.14,8
MAT,Subject08,random_forest,0,0,0.09333333333333334,8
MAT,Subject08,random_forest,0,0,0.28,8
MAT,Subject08,random_forest,0,0,0.15666666666666668,8
MAT,Subject08,random_forest,0,0,0.13333333333333333,8
MAT,Subject08,random_forest,0,0,0.10666666666666667,8
MAT,Subject08,random_forest,0,0,0.23,8
MAT,Subject08,random_forest,0,0,0.24,8
MAT,Subject08,random_forest,0,0,0.31666666666666665,8
MAT,Subject08,random_forest,0,0,0.2733333333333333,8
MAT,Subject08,random_forest,0,0,0.24,8
MAT,Subject08,random_forest,0,0,0.22,8
MAT,Subject08,random_forest,0,0,0.36666666666666664,8
MAT,Subject08,random_forest,0,0,0.38333333333333336,8
MAT,Subject08,random_forest,0,0,0.3333333333333333,8
MAT,Subject08,random_forest,0,0,0.3566666666666667,8
MAT,Subject08,random_forest,0,0,0.11,8
MAT,Subject08,random_forest,0,0,0.08666666666666667,8
MAT,Subject08,random_forest,0,0,0.10333333333333333,8
MAT,Subject08,random_forest,0,0,0.11333333333333333,8
MAT,Subject08,random_forest,0,0,0.22,8
MAT,Subject08,random_forest,0,0,0.21,8
MAT,Subject08,random_forest,0,0,0.14,8
MAT,Subject08,random_forest,0,0,0.11333333333333333,8
MAT,Subject08,random_forest,0,0,0.08,8
MAT,Subject08,random_forest,0,0,0.25333333333333335,8
MAT,Subject08,random_forest,0,0,0.37,8
MAT,Subject08,random_forest,0,0,0.26,8
MAT,Subject08,random_forest,0,0,0.24,8
MAT,Subject08,random_forest,0,0,0.17666666666666667,8
MAT,Subject08,random_forest,0,0,0.21666666666666667,8
MAT,Subject08,random_forest,0,0,0.09666666666666666,8
MAT,Subject08,random_forest,0,0,0.07,8
MAT,Subject08,random_forest,0,0,0.11,8
MAT,Subject08,random_forest,0,0,0.24333333333333335,8
MAT,Subject08,random_forest,0,0,0.2866666666666667,8
MAT,Subject08,random_forest,0,0,0.35333333333333333,8
MAT,Subject08,random_forest,0,0,0.20333333333333334,8
MAT,Subject08,random_forest,0,0,0.19333333333333333,8
MAT,Subject08,random_forest,1,0,0.36666666666666664,8
MAT,Subject08,random_forest,1,0,0.24666666666666667,8
MAT,Subject08,random_forest,1,0,0.4066666666666667,8
MAT,Subject08,random_forest,1,0,0.4,8
MAT,Subject08,random_forest,1,0,0.3433333333333333,8
MAT,Subject08,random_forest,1,0,0.26,8
MAT,Subject08,random_forest,1,0,0.19666666666666666,8
MAT,Subject08,random_forest,1,0,0.25333333333333335,8
MAT,Subject08,random_forest,1,0,0.45,8
MAT,Subject08,random_forest,1,0,0.35,8
MAT,Subject08,random_forest,1,0,0.45,8
MAT,Subject08,random_forest,1,1,0.54,8
MAT,Subject08,random_forest,1,1,0.6066666666666667,8
MAT,Subject08,random_forest,1,0,0.33666666666666667,8
MAT,Subject08,random_forest,1,1,0.5533333333333333,8
MAT,Subject08,random_forest,1,1,0.5066666666666667,8
MAT,Subject08,random_forest,1,0,0.41333333333333333,8
MAT,Subject08,random_forest,1,0,0.3466666666666667,8
MAT,Subject08,random_forest,1,0,0.4633333333333333,8
MAT,Subject08,random_forest,1,0,0.31333333333333335,8
MAT,Subject08,random_forest,1,0,0.32,8
MAT,Subject08,random_forest,1,0,0.28,8
MAT,Subject08,random_forest,1,0,0.23,8
MAT,Subject08,random_forest,1,0,0.48,8
MAT,Subject08,random_forest,1,0,0.44,8
MAT,Subject08,random_forest,1,0,0.24333333333333335,8
MAT,Subject08,random_forest,1,0,0.26,8
MAT,Subject08,random_forest,1,0,0.23333333333333334,8
MAT,Subject08,random_forest,1,0,0.25666666666666665,8
MAT,Subject08,random_forest,1,0,0.37333333333333335,8
MAT,Subject09,random_forest,0,0,0.26,9
MAT,Subject09,random_forest,0,0,0.33666666666666667,9
MAT,Subject09,random_forest,0,0,0.32666666666666666,9
MAT,Subject09,random_forest,0,0,0.3233333333333333,9
MAT,Subject09,random_forest,0,0,0.27,9
MAT,Subject09,random_forest,0,0,0.31666666666666665,9
MAT,Subject09,random_forest,0,0,0.23333333333333334,9
MAT,Subject09,random_forest,0,0,0.21,9
MAT,Subject09,random_forest,0,0,0.35,9
MAT,Subject09,random_forest,0,0,0.27,9
MAT,Subject09,random_forest,0,0,0.11333333333333333,9
MAT,Subject09,random_forest,0,0,0.13,9
MAT,Subject09,random_forest,0,0,0.12666666666666668,9
MAT,Subject09,random_forest,0,0,0.08,9
MAT,Subject09,random_forest,0,0,0.09333333333333334,9
MAT,Subject09,random_forest,0,0,0.11,9
MAT,Subject09,random_forest,0,0,0.12333333333333334,9
MAT,Subject09,random_forest,0,0,0.10666666666666667,9
MAT,Subject09,random_forest,0,0,0.08333333333333333,9
MAT,Subject09,random_forest,0,0,0.1,9
MAT,Subject09,random_forest,0,0,0.13,9
MAT,Subject09,random_forest,0,0,0.14666666666666667,9
MAT,Subject09,random_forest,0,0,0.18666666666666668,9
MAT,Subject09,random_forest,0,0,0.41,9
MAT,Subject09,random_forest,0,1,0.5066666666666667,9
MAT,Subject09,random_forest,0,0,0.23333333333333334,9
MAT,Subject09,random_forest,0,0,0.15333333333333332,9
MAT,Subject09,random_forest,0,0,0.20666666666666667,9
MAT,Subject09,random_forest,0,0,0.2866666666666667,9
MAT,Subject09,random_forest,0,0,0.14333333333333334,9
MAT,Subject09,random_forest,0,0,0.16333333333333333,9
MAT,Subject09,random_forest,0,0,0.17333333333333334,9
MAT,Subject09,random_forest,0,0,0.22666666666666666,9
MAT,Subject09,random_forest,0,0,0.17,9
MAT,Subject09,random_forest,0,0,0.2733333333333333,9
MAT,Subject09,random_forest,0,0,0.33666666666666667,9
MAT,Subject09,random_forest,0,0,0.34,9
MAT,Subject09,random_forest,0,0,0.13333333333333333,9
MAT,Subject09,random_forest,0,0,0.26666666666666666,9
MAT,Subject09,random_forest,0,0,0.33,9
MAT,Subject09,random_forest,0,0,0.31,9
MAT,Subject09,random_forest,0,0,0.17666666666666667,9
MAT,Subject09,random_forest,0,0,0.16333333333333333,9
MAT,Subject09,random_forest,0,0,0.44333333333333336,9
MAT,Subject09,random_forest,0,1,0.56,9
MAT,Subject09,random_forest,0,1,0.5033333333333333,9
MAT,Subject09,random_forest,0,0,0.18,9
MAT,Subject09,random_forest,0,0,0.43,9
MAT,Subject09,random_forest,0,1,0.5266666666666666,9
MAT,Subject09,random_forest,0,0,0.38,9
MAT,Subject09,random_forest,0,0,0.23,9
MAT,Subject09,random_forest,0,0,0.19333333333333333,9
MAT,Subject09,random_forest,0,0,0.33666666666666667,9
MAT,Subject09,random_forest,0,0,0.46,9
MAT,Subject09,random_forest,0,0,0.19,9
MAT,Subject09,random_forest,0,0,0.15333333333333332,9
MAT,Subject09,random_forest,0,0,0.2,9
MAT,Subject09,random_forest,0,0,0.17,9
MAT,Subject09,random_forest,0,0,0.13666666666666666,9
MAT,Subject09,random_forest,0,0,0.1,9
MAT,Subject09,random_forest,0,0,0.21666666666666667,9
MAT,Subject09,random_forest,0,0,0.25333333333333335,9
MAT,Subject09,random_forest,0,0,0.24333333333333335,9
MAT,Subject09,random_forest,0,0,0.25,9
MAT,Subject09,random_forest,0,0,0.22666666666666666,9
MAT,Subject09,random_forest,0,0,0.24666666666666667,9
MAT,Subject09,random_forest,0,0,0.24666666666666667,9
MAT,Subject09,random_forest,0,0,0.21666666666666667,9
MAT,Subject09,random_forest,0,0,0.07666666666666666,9
MAT,Subject09,random_forest,0,0,0.08333333333333333,9
MAT,Subject09,random_forest,0,0,0.11666666666666667,9
MAT,Subject09,random_forest,0,0,0.14666666666666667,9
MAT,Subject09,random_forest,0,0,0.14666666666666667,9
MAT,Subject09,random_forest,0,0,0.27,9
MAT,Subject09,random_forest,0,0,0.39,9
MAT,Subject09,random_forest,0,0,0.35,9
MAT,Subject09,random_forest,0,0,0.21666666666666667,9
MAT,Subject09,random_forest,0,0,0.19,9
MAT,Subject09,random_forest,0,0,0.36666666666666664,9
MAT,Subject09,random_forest,0,0,0.15,9
MAT,Subject09,random_forest,0,0,0.22333333333333333,9
MAT,Subject09,random_forest,0,0,0.24,9
MAT,Subject09,random_forest,0,0,0.17333333333333334,9
MAT,Subject09,random_forest,0,0,0.12666666666666668,9
MAT,Subject09,random_forest,0,0,0.27,9
MAT,Subject09,random_forest,0,0,0.11,9
MAT,Subject09,random_forest,0,0,0.14333333333333334,9
MAT,Subject09,random_forest,0,0,0.24666666666666667,9
MAT,Subject09,random_forest,0,0,0.22,9
MAT,Subject09,random_forest,0,0,0.2866666666666667,9
MAT,Subject09,random_forest,1,0,0.4033333333333333,9
MAT,Subject09,random_forest,1,0,0.33,9
MAT,Subject09,random_forest,1,0,0.37333333333333335,9
MAT,Subject09,random_forest,1,0,0.33666666666666667,9
MAT,Subject09,random_forest,1,0,0.25333333333333335,9
MAT,Subject09,random_forest,1,0,0.37666666666666665,9
MAT,Subject09,random_forest,1,0,0.31,9
MAT,Subject09,random_forest,1,0,0.35,9
MAT,Subject09,random_forest,1,1,0.5466666666666666,9
MAT,Subject09,random_forest,1,0,0.44333333333333336,9
MAT,Subject09,random_forest,1,0,0.4266666666666667,9
MAT,Subject09,random_forest,1,0,0.4633333333333333,9
MAT,Subject09,random_forest,1,0,0.3933333333333333,9
MAT,Subject09,random_forest,1,0,0.36333333333333334,9
MAT,Subject09,random_forest,1,0,0.3233333333333333,9
MAT,Subject09,random_forest,1,0,0.3933333333333333,9
MAT,Subject09,random_forest,1,0,0.43666666666666665,9
MAT,Subject09,random_forest,1,1,0.5033333333333333,9
MAT,Subject09,random_forest,1,0,0.38666666666666666,9
MAT,Subject09,random_forest,1,0,0.27666666666666667,9
MAT,Subject09,random_forest,1,0,0.24333333333333335,9
MAT,Subject09,random_forest,1,0,0.4533333333333333,9
MAT,Subject09,random_forest,1,0,0.49333333333333335,9
MAT,Subject09,random_forest,1,0,0.48,9
MAT,Subject09,random_forest,1,0,0.42,9
MAT,Subject09,random_forest,1,0,0.35333333333333333,9
MAT,Subject09,random_forest,1,0,0.21333333333333335,9
MAT,Subject09,random_forest,1,0,0.19333333333333333,9
MAT,Subject09,random_forest,1,0,0.38666666666666666,9
MAT,Subject09,random_forest,1,0,0.27666666666666667,9
MAT,Subject10,random_forest,0,1,0.5066666666666667,10
MAT,Subject10,random_forest,0,0,0.26,10
MAT,Subject10,random_forest,0,0,0.11666666666666667,10
MAT,Subject10,random_forest,0,0,0.2866666666666667,10
MAT,Subject10,random_forest,0,0,0.24666666666666667,10
MAT,Subject10,random_forest,0,0,0.24,10
MAT,Subject10,random_forest,0,0,0.10333333333333333,10
MAT,Subject10,random_forest,0,0,0.06666666666666667,10
MAT,Subject10,random_forest,0,0,0.33,10
MAT,Subject10,random_forest,0,0,0.4766666666666667,10
MAT,Subject10,random_forest,0,0,0.25,10
MAT,Subject10,random_forest,0,0,0.33,10
MAT,Subject10,random_forest,0,0,0.23333333333333334,10
MAT,Subject10,random_forest,0,0,0.05,10
MAT,Subject10,random_forest,0,0,0.27666666666666667,10
MAT,Subject10,random_forest,0,0,0.20333333333333334,10
MAT,Subject10,random_forest,0,0,0.2633333333333333,10
MAT,Subject10,random_forest,0,0,0.33,10
MAT,Subject10,random_forest,0,0,0.32666666666666666,10
MAT,Subject10,random_forest,0,0,0.23,10
MAT,Subject10,random_forest,0,0,0.2966666666666667,10
MAT,Subject10,random_forest,0,0,0.3433333333333333,10
MAT,Subject10,random_forest,0,0,0.25333333333333335,10
MAT,Subject10,random_forest,0,0,0.3433333333333333,10
MAT,Subject10,random_forest,0,0,0.3466666666666667,10
MAT,Subject10,random_forest,0,0,0.3933333333333333,10
MAT,Subject10,random_forest,0,0,0.3433333333333333,10
MAT,Subject10,random_forest,0,0,0.2633333333333333,10
MAT,Subject10,random_forest,0,0,0.35333333333333333,10
MAT,Subject10,random_forest,0,0,0.31,10
MAT,Subject10,random_forest,0,0,0.24333333333333335,10
MAT,Subject10,random_forest,0,0,0.26,10
MAT,Subject10,random_forest,0,0,0.31666666666666665,10
MAT,Subject10,random_forest,0,0,0.31666666666666665,10
MAT,Subject10,random_forest,0,0,0.25333333333333335,10
MAT,Subject10,random_forest,0,0,0.31,10
MAT,Subject10,random_forest,0,0,0.3433333333333333,10
MAT,Subject10,random_forest,0,0,0.20666666666666667,10
MAT,Subject10,random_forest,0,0,0.2,10
MAT,Subject10,random_forest,0,0,0.07333333333333333,10
MAT,Subject10,random_forest,0,0,0.11666666666666667,10
MAT,Subject10,random_forest,0,0,0.20333333333333334,10
MAT,Subject10,random_forest,0,0,0.17666666666666667,10
MAT,Subject10,random_forest,0,0,0.29,10
MAT,Subject10,random_forest,0,0,0.37666666666666665,10
MAT,Subject10,random_forest,0,0,0.39,10
MAT,Subject10,random_forest,0,0,0.30333333333333334,10
MAT,Subject10,random_forest,0,0,0.22,10
MAT,Subject10,random_forest,0,0,0.21,10
MAT,Subject10,random_forest,0,0,0.24333333333333335,10
MAT,Subject10,random_forest,0,0,0.27,10
MAT,Subject10,random_forest,0,0,0.3333333333333333,10
MAT,Subject10,random_forest,0,0,0.32,10
MAT,Subject10,random_forest,0,0,0.24333333333333335,10
MAT,Subject10,random_forest,0,0,0.16333333333333333,10
MAT,Subject10,random_forest,0,0,0.23,10
MAT,Subject10,random_forest,0,0,0.33,10
MAT,Subject10,random_forest,0,0,0.3333333333333333,10
MAT,Subject10,random_forest,0,0,0.28,10
MAT,Subject10,random_forest,0,0,0.21,10
MAT,Subject10,random_forest,0,0,0.14666666666666667,10
MAT,Subject10,random_forest,0,0,0.12,10
MAT,Subject10,random_forest,0,0,0.12,10
MAT,Subject10,random_forest,0,0,0.15666666666666668,10
MAT,Subject10,random_forest,0,0,0.31333333333333335,10
MAT,Subject10,random_forest,0,0,0.3,10
MAT,Subject10,random_forest,0,0,0.15666666666666668,10
MAT,Subject10,random_forest,0,0,0.15666666666666668,10
MAT,Subject10,random_forest,0,0,0.19,10
MAT,Subject10,random_forest,0,0,0.21333333333333335,10
MAT,Subject10,random_forest,0,0,0.19333333333333333,10
MAT,Subject10,random_forest,0,0,0.2633333333333333,10
MAT,Subject10,random_forest,0,0,0.23333333333333334,10
MAT,Subject10,random_forest,0,0,0.20666666666666667,10
MAT,Subject10,random_forest,0,0,0.3,10
MAT,Subject10,random_forest,0,0,0.22,10
MAT,Subject10,random_forest,0,0,0.2833333333333333,10
MAT,Subject10,random_forest,0,0,0.23333333333333334,10
MAT,Subject10,random_forest,0,0,0.30666666666666664,10
MAT,Subject10,random_forest,0,0,0.24333333333333335,10
MAT,Subject10,random_forest,0,0,0.28,10
MAT,Subject10,random_forest,0,0,0.25333333333333335,10
MAT,Subject10,random_forest,0,0,0.19666666666666666,10
MAT,Subject10,random_forest,0,0,0.08333333333333333,10
MAT,Subject10,random_forest,0,0,0.11333333333333333,10
MAT,Subject10,random_forest,0,0,0.11666666666666667,10
MAT,Subject10,random_forest,0,0,0.25,10
MAT,Subject10,random_forest,0,0,0.23666666666666666,10
MAT,Subject10,random_forest,0,0,0.31333333333333335,10
MAT,Subject10,random_forest,0,0,0.31333333333333335,10
MAT,Subject10,random_forest,0,0,0.10666666666666667,10
MAT,Subject10,random_forest,0,0,0.11333333333333333,10
MAT,Subject10,random_forest,0,0,0.31,10
MAT,Subject10,random_forest,1,0,0.3333333333333333,10
MAT,Subject10,random_forest,1,0,0.2633333333333333,10
MAT,Subject10,random_forest,1,1,0.6733333333333333,10
MAT,Subject10,random_forest,1,0,0.19666666666666666,10
MAT,Subject10,random_forest,1,0,0.21666666666666667,10
MAT,Subject10,random_forest,1,0,0.36666666666666664,10
MAT,Subject10,random_forest,1,0,0.33666666666666667,10
MAT,Subject10,random_forest,1,0,0.42333333333333334,10
MAT,Subject10,random_forest,1,0,0.34,10
MAT,Subject10,random_forest,1,0,0.06666666666666667,10
MAT,Subject10,random_forest,1,0,0.06333333333333334,10
MAT,Subject10,random_forest,1,0,0.37666666666666665,10
MAT,Subject10,random_forest,1,1,0.62,10
MAT,Subject10,random_forest,1,1,0.55,10
MAT,Subject10,random_forest,1,0,0.48333333333333334,10
MAT,Subject10,random_forest,1,0,0.4766666666666667,10
MAT,Subject10,random_forest,1,0,0.3433333333333333,10
MAT,Subject10,random_forest,1,0,0.27666666666666667,10
MAT,Subject10,random_forest,1,0,0.23666666666666666,10
MAT,Subject10,random_forest,1,0,0.18,10
MAT,Subject10,random_forest,1,0,0.30333333333333334,10
MAT,Subject10,random_forest,1,0,0.25666666666666665,10
MAT,Subject10,random_forest,1,0,0.47333333333333333,10
MAT,Subject10,random_forest,1,0,0.4866666666666667,10
MAT,Subject10,random_forest,1,0,0.44,10
MAT,Subject10,random_forest,1,0,0.27,10
MAT,Subject10,random_forest,1,0,0.10333333333333333,10
MAT,Subject10,random_forest,1,0,0.08,10
MAT,Subject10,random_forest,1,0,0.31666666666666665,10
MAT,Subject10,random_forest,1,0,0.38,10
MAT,Subject11,random_forest,0,0,0.38666666666666666,11
MAT,Subject11,random_forest,0,0,0.43,11
MAT,Subject11,random_forest,0,0,0.44333333333333336,11
MAT,Subject11,random_forest,0,0,0.4166666666666667,11
MAT,Subject11,random_forest,0,0,0.47333333333333333,11
MAT,Subject11,random_forest,0,0,0.5,11
MAT,Subject11,random_forest,0,1,0.5866666666666667,11
MAT,Subject11,random_forest,0,1,0.53,11
MAT,Subject11,random_forest,0,1,0.58,11
MAT,Subject11,random_forest,0,1,0.6366666666666667,11
MAT,Subject11,random_forest,0,1,0.61,11
MAT,Subject11,random_forest,0,1,0.7233333333333334,11
MAT,Subject11,random_forest,0,1,0.6,11
MAT,Subject11,random_forest,0,0,0.44333333333333336,11
MAT,Subject11,random_forest,0,0,0.38333333333333336,11
MAT,Subject11,random_forest,0,0,0.39,11
MAT,Subject11,random_forest,0,0,0.36666666666666664,11
MAT,Subject11,random_forest,0,0,0.37333333333333335,11
MAT,Subject11,random_forest,0,0,0.45666666666666667,11
MAT,Subject11,random_forest,0,0,0.43,11
MAT,Subject11,random_forest,0,0,0.38666666666666666,11
MAT,Subject11,random_forest,0,0,0.4,11
MAT,Subject11,random_forest,0,0,0.3933333333333333,11
MAT,Subject11,random_forest,0,0,0.35,11
MAT,Subject11,random_forest,0,0,0.30333333333333334,11
MAT,Subject11,random_forest,0,1,0.63,11
MAT,Subject11,random_forest,0,0,0.38666666666666666,11
MAT,Subject11,random_forest,0,0,0.2966666666666667,11
MAT,Subject11,random_forest,0,0,0.4866666666666667,11
MAT,Subject11,random_forest,0,0,0.48,11
MAT,Subject11,random_forest,0,1,0.6,11
MAT,Subject11,random_forest,0,0,0.4,11
MAT,Subject11,random_forest,0,1,0.57,11
MAT,Subject11,random_forest,0,1,0.57,11
MAT,Subject11,random_forest,0,1,0.5466666666666666,11
MAT,Subject11,random_forest,0,1,0.5033333333333333,11
MAT,Subject11,random_forest,0,0,0.48,11
MAT,Subject11,random_forest,0,1,0.5033333333333333,11
MAT,Subject11,random_forest,0,0,0.4666666666666667,11
MAT,Subject11,random_forest,0,1,0.52,11
MAT,Subject11,random_forest,0,0,0.41333333333333333,11
MAT,Subject11,random_forest,0,0,0.36,11
MAT,Subject11,random_forest,0,0,0.38,11
MAT,Subject11,random_forest,0,0,0.32666666666666666,11
MAT,Subject11,random_forest,0,0,0.2833333333333333,11
MAT,Subject11,random_forest,0,0,0.39666666666666667,11
MAT,Subject11,random_forest,0,0,0.43,11
MAT,Subject11,random_forest,0,0,0.49333333333333335,11
MAT,Subject11,random_forest,0,0,0.33666666666666667,11
MAT,Subject11,random_forest,0,0,0.35,11
MAT,Subject11,random_forest,0,0,0.4533333333333333,11
MAT,Subject11,random_forest,0,1,0.57,11
MAT,Subject11,random_forest,0,0,0.35333333333333333,11
MAT,Subject11,random_forest,0,0,0.39666666666666667,11
MAT,Subject11,random_forest,0,1,0.58,11
MAT,Subject11,random_forest,0,0,0.4266666666666667,11
MAT,Subject11,random_forest,0,0,0.4666666666666667,11
MAT,Subject11,random_forest,0,1,0.6433333333333333,11
MAT,Subject11,random_forest,0,0,0.3333333333333333,11
MAT,Subject11,random_forest,0,1,0.5966666666666667,11
MAT,Subject11,random_forest,0,1,0.53,11
MAT,Subject11,random_forest,0,1,0.5333333333333333,11
MAT,Subject11,random_forest,0,0,0.49333333333333335,11
MAT,Subject11,random_forest,0,0,0.44333333333333336,11
MAT,Subject11,random_forest,0,0,0.42,11
MAT,Subject11,random_forest,0,0,0.34,11
MAT,Subject11,random_forest,0,0,0.41,11
MAT,Subject11,random_forest,0,0,0.17333333333333334,11
MAT,Subject11,random_forest,0,0,0.22,11
MAT,Subject11,random_forest,0,0,0.17333333333333334,11
MAT,Subject11,random_forest,0,0,0.12,11
MAT,Subject11,random_forest,0,0,0.15333333333333332,11
MAT,Subject11,random_forest,0,0,0.12,11
MAT,Subject11,random_forest,0,0,0.32,11
MAT,Subject11,random_forest,0,0,0.3233333333333333,11
MAT,Subject11,random_forest,0,0,0.11666666666666667,11
MAT,Subject11,random_forest,0,0,0.18666666666666668,11
MAT,Subject11,random_forest,0,0,0.27666666666666667,11
MAT,Subject11,random_forest,0,0,0.12,11
MAT,Subject11,random_forest,0,0,0.13666666666666666,11
MAT,Subject11,random_forest,0,0,0.18333333333333332,11
MAT,Subject11,random_forest,0,0,0.4533333333333333,11
MAT,Subject11,random_forest,0,0,0.24,11
MAT,Subject11,random_forest,0,0,0.3566666666666667,11
MAT,Subject11,random_forest,0,0,0.33666666666666667,11
MAT,Subject11,random_forest,0,0,0.29,11
MAT,Subject11,random_forest,0,0,0.3,11
MAT,Subject11,random_forest,0,0,0.2866666666666667,11
MAT,Subject11,random_forest,0,0,0.36,11
MAT,Subject11,random_forest,0,0,0.4533333333333333,11
MAT,Subject11,random_forest,1,0,0.38333333333333336,11
MAT,Subject11,random_forest,1,0,0.39666666666666667,11
MAT,Subject11,random_forest,1,0,0.43,11
MAT,Subject11,random_forest,1,0,0.43333333333333335,11
MAT,Subject11,random_forest,1,0,0.4166666666666667,11
MAT,Subject11,random_forest,1,0,0.44666666666666666,11
MAT,Subject11,random_forest,1,0,0.3433333333333333,11
MAT,Subject11,random_forest,1,0,0.30333333333333334,11
MAT,Subject11,random_forest,1,0,0.43333333333333335,11
MAT,Subject11,random_forest,1,0,0.45,11
MAT,Subject11,random_forest,1,0,0.4533333333333333,11
MAT,Subject11,random_forest,1,0,0.4533333333333333,11
MAT,Subject11,random_forest,1,0,0.42,11
MAT,Subject11,random_forest,1,0,0.28,11
MAT,Subject11,random_forest,1,0,0.2,11
MAT,Subject11,random_forest,1,0,0.3233333333333333,11
MAT,Subject11,random_forest,1,1,0.5166666666666667,11
MAT,Subject11,random_forest,1,0,0.37,11
MAT,Subject11,random_forest,1,0,0.27666666666666667,11
MAT,Subject11,random_forest,1,0,0.4766666666666667,11
MAT,Subject11,random_forest,1,0,0.4866666666666667,11
MAT,Subject11,random_forest,1,0,0.38,11
MAT,Subject11,random_forest,1,0,0.39,11
MAT,Subject11,random_forest,1,0,0.33666666666666667,11
MAT,Subject11,random_forest,1,0,0.44666666666666666,11
MAT,Subject11,random_forest,1,1,0.7966666666666666,11
MAT,Subject11,random_forest,1,0,0.3566666666666667,11
MAT,Subject11,random_forest,1,0,0.33666666666666667,11
MAT,Subject11,random_forest,1,1,0.6,11
MAT,Subject11,random_forest,1,0,0.41,11
MAT,Subject12,random_forest,0,0,0.2833333333333333,12
MAT,Subject12,random_forest,0,1,0.53,12
MAT,Subject12,random_forest,0,0,0.4666666666666667,12
MAT,Subject12,random_forest,0,0,0.36333333333333334,12
MAT,Subject12,random_forest,0,1,0.5633333333333334,12
MAT,Subject12,random_forest,0,1,0.5966666666666667,12
MAT,Subject12,random_forest,0,1,0.5233333333333333,12
MAT,Subject12,random_forest,0,0,0.26,12
MAT,Subject12,random_forest,0,0,0.18333333333333332,12
MAT,Subject12,random_forest,0,0,0.16,12
MAT,Subject12,random_forest,0,0,0.26,12
MAT,Subject12,random_forest,0,0,0.32666666666666666,12
MAT,Subject12,random_forest,0,1,0.6233333333333333,12
MAT,Subject12,random_forest,0,1,0.53,12
MAT,Subject12,random_forest,0,1,0.5333333333333333,12
MAT,Subject12,random_forest,0,0,0.36333333333333334,12
MAT,Subject12,random_forest,0,0,0.17,12
MAT,Subject12,random_forest,0,0,0.08666666666666667,12
MAT,Subject12,random_forest,0,0,0.21333333333333335,12
MAT,Subject12,random_forest,0,0,0.15666666666666668,12
MAT,Subject12,random_forest,0,0,0.22333333333333333,12
MAT,Subject12,random_forest,0,0,0.31666666666666665,12
MAT,Subject12,random_forest,0,0,0.22666666666666666,12
MAT,Subject12,random_forest,0,0,0.11,12
MAT,Subject12,random_forest,0,0,0.15,12
MAT,Subject12,random_forest,0,0,0.14666666666666667,12
MAT,Subject12,random_forest,0,0,0.16666666666666666,12
MAT,Subject12,random_forest,0,0,0.13,12
MAT,Subject12,random_forest,0,0,0.13,12
MAT,Subject12,random_forest,0,0,0.19,12
MAT,Subject12,random_forest,0,0,0.18333333333333332,12
MAT,Subject12,random_forest,0,0,0.17666666666666667,12
MAT,Subject12,random_forest,0,0,0.5,12
MAT,Subject12,random_forest,0,1,0.6266666666666667,12
MAT,Subject12,random_forest,0,1,0.5566666666666666,12
MAT,Subject12,random_forest,0,0,0.44,12
MAT,Subject12,random_forest,0,0,0.48,12
MAT,Subject12,random_forest,0,0,0.24666666666666667,12
MAT,Subject12,random_forest,0,0,0.26,12
MAT,Subject12,random_forest,0,0,0.37666666666666665,12
MAT,Subject12,random_forest,0,0,0.38666666666666666,12
MAT,Subject12,random_forest,0,1,0.5266666666666666,12
MAT,Subject12,random_forest,0,1,0.51,12
MAT,Subject12,random_forest,0,0,0.2833333333333333,12
MAT,Subject12,random_forest,0,0,0.41,12
MAT,Subject12,random_forest,0,0,0.32666666666666666,12
MAT,Subject12,random_forest,0,0,0.29333333333333333,12
MAT,Subject12,random_forest,0,0,0.27666666666666667,12
MAT,Subject12,random_forest,0,0,0.20666666666666667,12
MAT,Subject12,random_forest,0,0,0.17,12
MAT,Subject12,random_forest,0,0,0.15,12
MAT,Subject12,random_forest,0,0,0.15666666666666668,12
MAT,Subject12,random_forest,0,0,0.23666666666666666,12
MAT,Subject12,random_forest,0,0,0.21666666666666667,12
MAT,Subject12,random_forest,0,0,0.25,12
MAT,Subject12,random_forest,0,0,0.17333333333333334,12
MAT,Subject12,random_forest,0,0,0.25666666666666665,12
MAT,Subject12,random_forest,0,0,0.36,12
MAT,Subject12,random_forest,0,0,0.2733333333333333,12
MAT,Subject12,random_forest,0,0,0.28,12
MAT,Subject12,random_forest,0,0,0.27,12
MAT,Subject12,random_forest,0,0,0.12666666666666668,12
MAT,Subject12,random_forest,0,0,0.16,12
MAT,Subject12,random_forest,0,0,0.17333333333333334,12
MAT,Subject12,random_forest,0,0,0.23666666666666666,12
MAT,Subject12,random_forest,0,0,0.36333333333333334,12
MAT,Subject12,random_forest,0,0,0.25666666666666665,12
MAT,Subject12,random_forest,0,0,0.25333333333333335,12
MAT,Subject12,random_forest,0,0,0.22666666666666666,12
MAT,Subject12,random_forest,0,0,0.19666666666666666,12
MAT,Subject12,random_forest,0,0,0.20666666666666667,12
MAT,Subject12,random_forest,0,0,0.21333333333333335,12
MAT,Subject12,random_forest,0,0,0.20666666666666667,12
MAT,Subject12,random_forest,0,0,0.23666666666666666,12
MAT,Subject12,random_forest,0,0,0.35333333333333333,12
MAT,Subject12,random_forest,0,0,0.3333333333333333,12
MAT,Subject12,random_forest,0,0,0.31666666666666665,12
MAT,Subject12,random_forest,0,0,0.28,12
MAT,Subject12,random_forest,0,1,0.5666666666666667,12
MAT,Subject12,random_forest,0,0,0.4666666666666667,12
MAT,Subject12,random_forest,0,0,0.36666666666666664,12
MAT,Subject12,random_forest,0,0,0.44666666666666666,12
MAT,Subject12,random_forest,0,1,0.5033333333333333,12
MAT,Subject12,random_forest,0,0,0.39666666666666667,12
MAT,Subject12,random_forest,0,0,0.3933333333333333,12
MAT,Subject12,random_forest,0,1,0.54,12
MAT,Subject12,random_forest,0,1,0.52,12
MAT,Subject12,random_forest,0,0,0.47333333333333333,12
MAT,Subject12,random_forest,0,0,0.21,12
MAT,Subject12,random_forest,0,0,0.15666666666666668,12
MAT,Subject12,random_forest,1,0,0.18333333333333332,12
MAT,Subject12,random_forest,1,0,0.3,12
MAT,Subject12,random_forest,1,0,0.17333333333333334,12
MAT,Subject12,random_forest,1,0,0.20666666666666667,12
MAT,Subject12,random_forest,1,0,0.18333333333333332,12
MAT,Subject12,random_forest,1,0,0.17666666666666667,12
MAT,Subject12,random_forest,1,0,0.15666666666666668,12
MAT,Subject12,random_forest,1,0,0.23333333333333334,12
MAT,Subject12,random_forest,1,0,0.32,12
MAT,Subject12,random_forest,1,0,0.16,12
MAT,Subject12,random_forest,1,0,0.13666666666666666,12
MAT,Subject12,random_forest,1,0,0.16666666666666666,12
MAT,Subject12,random_forest,1,0,0.23,12
MAT,Subject12,random_forest,1,0,0.21333333333333335,12
MAT,Subject12,random_forest,1,0,0.27666666666666667,12
MAT,Subject12,random_forest,1,0,0.31,12
MAT,Subject12,random_forest,1,0,0.33,12
MAT,Subject12,random_forest,1,0,0.20666666666666667,12
MAT,Subject12,random_forest,1,0,0.24666666666666667,12
MAT,Subject12,random_forest,1,0,0.19333333333333333,12
MAT,Subject12,random_forest,1,0,0.1,12
MAT,Subject12,random_forest,1,0,0.12666666666666668,12
MAT,Subject12,random_forest,1,0,0.19,12
MAT,Subject12,random_forest,1,0,0.18666666666666668,12
MAT,Subject12,random_forest,1,0,0.27,12
MAT,Subject12,random_forest,1,0,0.18333333333333332,12
MAT,Subject12,random_forest,1,0,0.36666666666666664,12
MAT,Subject12,random_forest,1,0,0.23666666666666666,12
MAT,Subject12,random_forest,1,0,0.14666666666666667,12
MAT,Subject12,random_forest,1,0,0.17333333333333334,12
MAT,Subject13,random_forest,0,0,0.41333333333333333,13
MAT,Subject13,random_forest,0,0,0.4,13
MAT,Subject13,random_forest,0,0,0.41333333333333333,13
MAT,Subject13,random_forest,0,0,0.30666666666666664,13
MAT,Subject13,random_forest,0,0,0.37666666666666665,13
MAT,Subject13,random_forest,0,1,0.5433333333333333,13
MAT,Subject13,random_forest,0,0,0.4533333333333333,13
MAT,Subject13,random_forest,0,1,0.5066666666666667,13
MAT,Subject13,random_forest,0,1,0.5966666666666667,13
MAT,Subject13,random_forest,0,1,0.5633333333333334,13
MAT,Subject13,random_forest,0,0,0.46,13
MAT,Subject13,random_forest,0,0,0.49666666666666665,13
MAT,Subject13,random_forest,0,1,0.6266666666666667,13
MAT,Subject13,random_forest,0,1,0.51,13
MAT,Subject13,random_forest,0,0,0.25333333333333335,13
MAT,Subject13,random_forest,0,0,0.3566666666666667,13
MAT,Subject13,random_forest,0,0,0.44666666666666666,13
MAT,Subject13,random_forest,0,1,0.5366666666666666,13
MAT,Subject13,random_forest,0,0,0.37666666666666665,13
MAT,Subject13,random_forest,0,0,0.43333333333333335,13
MAT,Subject13,random_forest,0,0,0.47333333333333333,13
MAT,Subject13,random_forest,0,1,0.57,13
MAT,Subject13,random_forest,0,1,0.5233333333333333,13
MAT,Subject13,random_forest,0,0,0.45666666666666667,13
MAT,Subject13,random_forest,0,0,0.37666666666666665,13
MAT,Subject13,random_forest,0,0,0.41,13
MAT,Subject13,random_forest,0,0,0.3466666666666667,13
MAT,Subject13,random_forest,0,0,0.45,13
MAT,Subject13,random_forest,0,1,0.5033333333333333,13
MAT,Subject13,random_forest,0,0,0.5,13
MAT,Subject13,random_forest,0,0,0.49,13
MAT,Subject13,random_forest,0,0,0.4033333333333333,13
MAT,Subject13,random_forest,0,0,0.5,13
MAT,Subject13,random_forest,0,1,0.5733333333333334,13
MAT,Subject13,random_forest,0,1,0.5866666666666667,13
MAT,Subject13,random_forest,0,1,0.6566666666666666,13
MAT,Subject13,random_forest,0,1,0.6333333333333333,13
MAT,Subject13,random_forest,0,1,0.5666666666666667,13
MAT,Subject13,random_forest,0,0,0.47333333333333333,13
MAT,Subject13,random_forest,0,0,0.43,13
MAT,Subject13,random_forest,0,0,0.42,13
MAT,Subject13,random_forest,0,0,0.37666666666666665,13
MAT,Subject13,random_forest,0,0,0.34,13
MAT,Subject13,random_forest,0,0,0.4666666666666667,13
MAT,Subject13,random_forest,0,1,0.6233333333333333,13
MAT,Subject13,random_forest,0,1,0.6533333333333333,13
MAT,Subject13,random_forest,0,1,0.6233333333333333,13
MAT,Subject13,random_forest,0,0,0.45,13
MAT,Subject13,random_forest,0,0,0.4166666666666667,13
MAT,Subject13,random_forest,0,0,0.4633333333333333,13
MAT,Subject13,random_forest,0,1,0.5466666666666666,13
MAT,Subject13,random_forest,0,1,0.5733333333333334,13
MAT,Subject13,random_forest,0,1,0.6233333333333333,13
MAT,Subject13,random_forest,0,0,0.37333333333333335,13
MAT,Subject13,random_forest,0,1,0.52,13
MAT,Subject13,random_forest,0,0,0.48333333333333334,13
MAT,Subject13,random_forest,0,0,0.36333333333333334,13
MAT,Subject13,random_forest,0,0,0.33666666666666667,13
MAT,Subject13,random_forest,0,0,0.38333333333333336,13
MAT,Subject13,random_forest,0,0,0.39666666666666667,13
MAT,Subject13,random_forest,0,0,0.5,13
MAT,Subject13,random_forest,0,1,0.67,13
MAT,Subject13,random_forest,0,1,0.5166666666666667,13
MAT,Subject13,random_forest,0,0,0.49,13
MAT,Subject13,random_forest,0,0,0.43666666666666665,13
MAT,Subject13,random_forest,0,0,0.47,13
MAT,Subject13,random_forest,0,1,0.6266666666666667,13
MAT,Subject13,random_forest,0,1,0.63,13
MAT,Subject13,random_forest,0,1,0.5866666666666667,13
MAT,Subject13,random_forest,0,0,0.49,13
MAT,Subject13,random_forest,0,0,0.45,13
MAT,Subject13,random_forest,0,1,0.52,13
MAT,Subject13,random_forest,0,0,0.46,13
MAT,Subject13,random_forest,0,0,0.4266666666666667,13
MAT,Subject13,random_forest,0,0,0.3433333333333333,13
MAT,Subject13,random_forest,0,0,0.4866666666666667,13
MAT,Subject13,random_forest,0,0,0.43,13
MAT,Subject13,random_forest,0,1,0.51,13
MAT,Subject13,random_forest,0,1,0.53,13
MAT,Subject13,random_forest,0,0,0.49,13
MAT,Subject13,random_forest,0,0,0.4866666666666667,13
MAT,Subject13,random_forest,0,1,0.54,13
MAT,Subject13,random_forest,0,1,0.55,13
MAT,Subject13,random_forest,0,0,0.4866666666666667,13
MAT,Subject13,random_forest,0,0,0.3933333333333333,13
MAT,Subject13,random_forest,0,0,0.35,13
MAT,Subject13,random_forest,0,0,0.4533333333333333,13
MAT,Subject13,random_forest,0,1,0.56,13
MAT,Subject13,random_forest,0,1,0.5166666666666667,13
MAT,Subject13,random_forest,0,0,0.42,13
MAT,Subject13,random_forest,1,0,0.2633333333333333,13
MAT,Subject13,random_forest,1,0,0.2733333333333333,13
MAT,Subject13,random_forest,1,0,0.31666666666666665,13
MAT,Subject13,random_forest,1,0,0.2633333333333333,13
MAT,Subject13,random_forest,1,0,0.26666666666666666,13
MAT,Subject13,random_forest,1,0,0.21666666666666667,13
MAT,Subject13,random_forest,1,0,0.24666666666666667,13
MAT,Subject13,random_forest,1,0,0.27,13
MAT,Subject13,random_forest,1,0,0.26666666666666666,13
MAT,Subject13,random_forest,1,0,0.35333333333333333,13
MAT,Subject13,random_forest,1,0,0.3333333333333333,13
MAT,Subject13,random_forest,1,0,0.3333333333333333,13
MAT,Subject13,random_forest,1,0,0.33666666666666667,13
MAT,Subject13,random_forest,1,0,0.30333333333333334,13
MAT,Subject13,random_forest,1,0,0.29333333333333333,13
MAT,Subject13,random_forest,1,0,0.29333333333333333,13
MAT,Subject13,random_forest,1,0,0.27,13
MAT,Subject13,random_forest,1,0,0.24666666666666667,13
MAT,Subject13,random_forest,1,0,0.35,13
MAT,Subject13,random_forest,1,0,0.2966666666666667,13
MAT,Subject13,random_forest,1,0,0.2733333333333333,13
MAT,Subject13,random_forest,1,0,0.26,13
MAT,Subject13,random_forest,1,0,0.31333333333333335,13
MAT,Subject13,random_forest,1,0,0.29333333333333333,13
MAT,Subject13,random_forest,1,0,0.27666666666666667,13
MAT,Subject13,random_forest,1,0,0.33,13
MAT,Subject13,random_forest,1,0,0.31666666666666665,13
MAT,Subject13,random_forest,1,0,0.32666666666666666,13
MAT,Subject13,random_forest,1,0,0.3466666666666667,13
MAT,Subject13,random_forest,1,0,0.35333333333333333,13
MAT,Subject14,random_forest,0,0,0.36666666666666664,14
MAT,Subject14,random_forest,0,0,0.47,14
MAT,Subject14,random_forest,0,0,0.36333333333333334,14
MAT,Subject14,random_forest,0,1,0.5066666666666667,14
MAT,Subject14,random_forest,0,0,0.48333333333333334,14
MAT,Subject14,random_forest,0,0,0.4766666666666667,14
MAT,Subject14,random_forest,0,0,0.36333333333333334,14
MAT,Subject14,random_forest,0,0,0.32,14
MAT,Subject14,random_forest,0,0,0.43666666666666665,14
MAT,Subject14,random_forest,0,0,0.2833333333333333,14
MAT,Subject14,random_forest,0,1,0.53,14
MAT,Subject14,random_forest,0,0,0.45,14
MAT,Subject14,random_forest,0,0,0.31666666666666665,14
MAT,Subject14,random_forest,0,0,0.26666666666666666,14
MAT,Subject14,random_forest,0,0,0.35333333333333333,14
MAT,Subject14,random_forest,0,0,0.41,14
MAT,Subject14,random_forest,0,0,0.32666666666666666,14
MAT,Subject14,random_forest,0,0,0.22666666666666666,14
MAT,Subject14,random_forest,0,0,0.44333333333333336,14
MAT,Subject14,random_forest,0,0,0.46,14
MAT,Subject14,random_forest,0,0,0.3933333333333333,14
MAT,Subject14,random_forest,0,0,0.4633333333333333,14
MAT,Subject14,random_forest,0,0,0.18,14
MAT,Subject14,random_forest,0,0,0.15333333333333332,14
MAT,Subject14,random_forest,0,0,0.39,14
MAT,Subject14,random_forest,0,0,0.45,14
MAT,Subject14,random_forest,0,0,0.47,14
MAT,Subject14,random_forest,0,0,0.33666666666666667,14
MAT,Subject14,random_forest,0,0,0.3566666666666667,14
MAT,Subject14,random_forest,0,0,0.3433333333333333,14
MAT,Subject14,random_forest,0,0,0.24,14
MAT,Subject14,random_forest,0,0,0.23,14
MAT,Subject14,random_forest,0,0,0.2966666666666667,14
MAT,Subject14,random_forest,0,0,0.2733333333333333,14
MAT,Subject14,random_forest,0,0,0.4633333333333333,14
MAT,Subject14,random_forest,0,0,0.36,14
MAT,Subject14,random_forest,0,1,0.5266666666666666,14
MAT,Subject14,random_forest,0,1,0.6966666666666667,14
MAT,Subject14,random_forest,0,1,0.62,14
MAT,Subject14,random_forest,0,0,0.4066666666666667,14
MAT,Subject14,random_forest,0,1,0.5366666666666666,14
MAT,Subject14,random_forest,0,0,0.5,14
MAT,Subject14,random_forest,0,1,0.5933333333333334,14
MAT,Subject14,random_forest,0,1,0.6266666666666667,14
MAT,Subject14,random_forest,0,1,0.6033333333333334,14
MAT,Subject14,random_forest,0,0,0.4533333333333333,14
MAT,Subject14,random_forest,0,0,0.39666666666666667,14
MAT,Subject14,random_forest,0,0,0.43333333333333335,14
MAT,Subject14,random_forest,0,1,0.54,14
MAT,Subject14,random_forest,0,1,0.6133333333333333,14
MAT,Subject14,random_forest,0,0,0.3333333333333333,14
MAT,Subject14,random_forest,0,0,0.30333333333333334,14
MAT,Subject14,random_forest,0,0,0.36,14
MAT,Subject14,random_forest,0,0,0.4266666666666667,14
MAT,Subject14,random_forest,0,0,0.4266666666666667,14
MAT,Subject14,random_forest,0,0,0.32666666666666666,14
MAT,Subject14,random_forest,0,0,0.41333333333333333,14
MAT,Subject14,random_forest,0,0,0.37333333333333335,14
MAT,Subject14,random_forest,0,0,0.44,14
MAT,Subject14,random_forest,0,0,0.45666666666666667,14
MAT,Subject14,random_forest,0,0,0.3333333333333333,14
MAT,Subject14,random_forest,0,0,0.38666666666666666,14
MAT,Subject14,random_forest,0,1,0.5766666666666667,14
MAT,Subject14,random_forest,0,1,0.5733333333333334,14
MAT,Subject14,random_forest,0,0,0.49666666666666665,14
MAT,Subject14,random_forest,0,0,0.29333333333333333,14
MAT,Subject14,random_forest,0,0,0.15333333333333332,14
MAT,Subject14,random_forest,0,0,0.43,14
MAT,Subject14,random_forest,0,0,0.43,14
MAT,Subject14,random_forest,0,0,0.27,14
MAT,Subject14,random_forest,0,1,0.54,14
MAT,Subject14,random_forest,0,1,0.6733333333333333,14
MAT,Subject14,random_forest,0,0,0.44333333333333336,14
MAT,Subject14,random_forest,0,0,0.4066666666666667,14
MAT,Subject14,random_forest,0,0,0.43,14
MAT,Subject14,random_forest,0,0,0.29,14
MAT,Subject14,random_forest,0,0,0.2966666666666667,14
MAT,Subject14,random_forest,0,0,0.2866666666666667,14
MAT,Subject14,random_forest,0,0,0.47333333333333333,14
MAT,Subject14,random_forest,0,1,0.5466666666666666,14
MAT,Subject14,random_forest,0,1,0.56,14
MAT,Subject14,random_forest,0,0,0.43666666666666665,14
MAT,Subject14,random_forest,0,0,0.38,14
MAT,Subject14,random_forest,0,0,0.4,14
MAT,Subject14,random_forest,0,0,0.37666666666666665,14
MAT,Subject14,random_forest,0,0,0.43666666666666665,14
MAT,Subject14,random_forest,0,0,0.41333333333333333,14
MAT,Subject14,random_forest,0,0,0.16333333333333333,14
MAT,Subject14,random_forest,0,0,0.09666666666666666,14
MAT,Subject14,random_forest,0,0,0.3233333333333333,14
MAT,Subject14,random_forest,1,0,0.4,14
MAT,Subject14,random_forest,1,0,0.45666666666666667,14
MAT,Subject14,random_forest,1,0,0.45,14
MAT,Subject14,random_forest,1,0,0.2966666666666667,14
MAT,Subject14,random_forest,1,0,0.3,14
MAT,Subject14,random_forest,1,0,0.3233333333333333,14
MAT,Subject14,random_forest,1,1,0.5333333333333333,14
MAT,Subject14,random_forest,1,1,0.55,14
MAT,Subject14,random_forest,1,0,0.37666666666666665,14
MAT,Subject14,random_forest,1,0,0.31666666666666665,14
MAT,Subject14,random_forest,1,0,0.33,14
MAT,Subject14,random_forest,1,0,0.3433333333333333,14
MAT,Subject14,random_forest,1,0,0.4666666666666667,14
MAT,Subject14,random_forest,1,0,0.4266666666666667,14
MAT,Subject14,random_forest,1,0,0.3933333333333333,14
MAT,Subject14,random_forest,1,0,0.4666666666666667,14
MAT,Subject14,random_forest,1,0,0.36666666666666664,14
MAT,Subject14,random_forest,1,0,0.31333333333333335,14
MAT,Subject14,random_forest,1,0,0.27,14
MAT,Subject14,random_forest,1,0,0.31,14
MAT,Subject14,random_forest,1,0,0.41333333333333333,14
MAT,Subject14,random_forest,1,1,0.5566666666666666,14
MAT,Subject14,random_forest,1,1,0.59,14
MAT,Subject14,random_forest,1,0,0.21333333333333335,14
MAT,Subject14,random_forest,1,0,0.3233333333333333,14
MAT,Subject14,random_forest,1,0,0.47,14
MAT,Subject14,random_forest,1,1,0.5333333333333333,14
MAT,Subject14,random_forest,1,0,0.4266666666666667,14
MAT,Subject14,random_forest,1,0,0.2633333333333333,14
MAT,Subject14,random_forest,1,0,0.2833333333333333,14
MAT,Subject15,random_forest,0,0,0.09333333333333334,15
MAT,Subject15,random_forest,0,0,0.14333333333333334,15
MAT,Subject15,random_forest,0,0,0.11666666666666667,15
MAT,Subject15,random_forest,0,0,0.11666666666666667,15
MAT,Subject15,random_forest,0,0,0.08666666666666667,15
MAT,Subject15,random_forest,0,0,0.06333333333333334,15
MAT,Subject15,random_forest,0,0,0.08666666666666667,15
MAT,Subject15,random_forest,0,0,0.23666666666666666,15
MAT,Subject15,random_forest,0,0,0.27,15
MAT,Subject15,random_forest,0,0,0.16,15
MAT,Subject15,random_forest,0,0,0.05,15
MAT,Subject15,random_forest,0,0,0.14,15
MAT,Subject15,random_forest,0,0,0.12333333333333334,15
MAT,Subject15,random_forest,0,0,0.16,15
MAT,Subject15,random_forest,0,0,0.3,15
MAT,Subject15,random_forest,0,0,0.24333333333333335,15
MAT,Subject15,random_forest,0,0,0.21333333333333335,15
MAT,Subject15,random_forest,0,0,0.14333333333333334,15
MAT,Subject15,random_forest,0,0,0.09333333333333334,15
MAT,Subject15,random_forest,0,0,0.07333333333333333,15
MAT,Subject15,random_forest,0,0,0.06333333333333334,15
MAT,Subject15,random_forest,0,0,0.05,15
MAT,Subject15,random_forest,0,0,0.07666666666666666,15
MAT,Subject15,random_forest,0,0,0.09666666666666666,15
MAT,Subject15,random_forest,0,0,0.10666666666666667,15
MAT,Subject15,random_forest,0,0,0.11333333333333333,15
MAT,Subject15,random_forest,0,0,0.22,15
MAT,Subject15,random_forest,0,0,0.21,15
MAT,Subject15,random_forest,0,0,0.10666666666666667,15
MAT,Subject15,random_forest,0,0,0.11333333333333333,15
MAT,Subject15,random_forest,0,0,0.10333333333333333,15
MAT,Subject15,random_forest,0,0,0.05,15
MAT,Subject15,random_forest,0,0,0.08666666666666667,15
MAT,Subject15,random_forest,0,0,0.13333333333333333,15
MAT,Subject15,random_forest,0,0,0.12,15
MAT,Subject15,random_forest,0,0,0.15666666666666668,15
MAT,Subject15,random_forest,0,0,0.17333333333333334,15
MAT,Subject15,random_forest,0,0,0.21666666666666667,15
MAT,Subject15,random_forest,0,0,0.22666666666666666,15
MAT,Subject15,random_forest,0,0,0.24333333333333335,15
MAT,Subject15,random_forest,0,0,0.15666666666666668,15
MAT,Subject15,random_forest,0,0,0.09333333333333334,15
MAT,Subject15,random_forest,0,0,0.10333333333333333,15
MAT,Subject15,random_forest,0,0,0.10333333333333333,15
MAT,Subject15,random_forest,0,0,0.10666666666666667,15
MAT,Subject15,random_forest,0,0,0.10333333333333333,15
MAT,Subject15,random_forest,0,0,0.12333333333333334,15
MAT,Subject15,random_forest,0,0,0.22,15
MAT,Subject15,random_forest,0,0,0.09333333333333334,15
MAT,Subject15,random_forest,0,0,0.09333333333333334,15
MAT,Subject15,random_forest,0,0,0.12666666666666668,15
MAT,Subject15,random_forest,0,0,0.18,15
MAT,Subject15,random_forest,0,0,0.056666666666666664,15
MAT,Subject15,random_forest,0,0,0.07333333333333333,15
MAT,Subject15,random_forest,0,0,0.16666666666666666,15
MAT,Subject15,random_forest,0,0,0.19333333333333333,15
MAT,Subject15,random_forest,0,0,0.05333333333333334,15
MAT,Subject15,random_forest,0,0,0.05333333333333334,15
MAT,Subject15,random_forest,0,0,0.1,15
MAT,Subject15,random_forest,0,0,0.38666666666666666,15
MAT,Subject15,random_forest,0,0,0.2633333333333333,15
MAT,Subject15,random_forest,0,0,0.08666666666666667,15
MAT,Subject15,random_forest,0,0,0.14,15
MAT,Subject15,random_forest,0,0,0.09333333333333334,15
MAT,Subject15,random_forest,0,0,0.056666666666666664,15
MAT,Subject15,random_forest,0,0,0.08,15
MAT,Subject15,random_forest,0,0,0.08333333333333333,15
MAT,Subject15,random_forest,0,0,0.056666666666666664,15
MAT,Subject15,random_forest,0,0,0.05333333333333334,15
MAT,Subject15,random_forest,0,0,0.12,15
MAT,Subject15,random_forest,0,0,0.21,15
MAT,Subject15,random_forest,0,0,0.19333333333333333,15
MAT,Subject15,random_forest,0,0,0.19333333333333333,15
MAT,Subject15,random_forest,0,0,0.12333333333333334,15
MAT,Subject15,random_forest,0,0,0.11,15
MAT,Subject15,random_forest,0,0,0.08333333333333333,15
MAT,Subject15,random_forest,0,0,0.12666666666666668,15
MAT,Subject15,random_forest,0,0,0.08333333333333333,15
MAT,Subject15,random_forest,0,0,0.08333333333333333,15
MAT,Subject15,random_forest,0,0,0.11,15
MAT,Subject15,random_forest,0,0,0.09333333333333334,15
MAT,Subject15,random_forest,0,0,0.12333333333333334,15
MAT,Subject15,random_forest,0,0,0.16,15
MAT,Subject15,random_forest,0,0,0.10666666666666667,15
MAT,Subject15,random_forest,0,0,0.07333333333333333,15
MAT,Subject15,random_forest,0,0,0.07,15
MAT,Subject15,random_forest,0,0,0.05,15
MAT,Subject15,random_forest,0,0,0.07,15
MAT,Subject15,random_forest,0,0,0.04666666666666667,15
MAT,Subject15,random_forest,0,0,0.17,15
MAT,Subject15,random_forest,1,0,0.3,15
MAT,Subject15,random_forest,1,0,0.35333333333333333,15
MAT,Subject15,random_forest,1,0,0.26,15
MAT,Subject15,random_forest,1,0,0.21,15
MAT,Subject15,random_forest,1,0,0.21,15
MAT,Subject15,random_forest,1,0,0.16333333333333333,15
MAT,Subject15,random_forest,1,0,0.14,15
MAT,Subject15,random_forest,1,0,0.16333333333333333,15
MAT,Subject15,random_forest,1,0,0.24333333333333335,15
MAT,Subject15,random_forest,1,0,0.22333333333333333,15
MAT,Subject15,random_forest,1,0,0.2,15
MAT,Subject15,random_forest,1,0,0.30666666666666664,15
MAT,Subject15,random_forest,1,0,0.27,15
MAT,Subject15,random_forest,1,0,0.23,15
MAT,Subject15,random_forest,1,0,0.20666666666666667,15
MAT,Subject15,random_forest,1,0,0.14333333333333334,15
MAT,Subject15,random_forest,1,0,0.10666666666666667,15
MAT,Subject15,random_forest,1,0,0.10666666666666667,15
MAT,Subject15,random_forest,1,0,0.27,15
MAT,Subject15,random_forest,1,0,0.18,15
MAT,Subject15,random_forest,1,0,0.09333333333333334,15
MAT,Subject15,random_forest,1,0,0.10333333333333333,15
MAT,Subject15,random_forest,1,0,0.18666666666666668,15
MAT,Subject15,random_forest,1,0,0.25666666666666665,15
MAT,Subject15,random_forest,1,0,0.22666666666666666,15
MAT,Subject15,random_forest,1,0,0.29333333333333333,15
MAT,Subject15,random_forest,1,0,0.25333333333333335,15
MAT,Subject15,random_forest,1,0,0.20333333333333334,15
MAT,Subject15,random_forest,1,0,0.21333333333333335,15
MAT,Subject15,random_forest,1,0,0.30666666666666664,15
MAT,Subject16,random_forest,0,1,0.53,16
MAT,Subject16,random_forest,0,0,0.41333333333333333,16
MAT,Subject16,random_forest,0,0,0.2833333333333333,16
MAT,Subject16,random_forest,0,0,0.48333333333333334,16
MAT,Subject16,random_forest,0,1,0.5333333333333333,16
MAT,Subject16,random_forest,0,0,0.43666666666666665,16
MAT,Subject16,random_forest,0,0,0.30666666666666664,16
MAT,Subject16,random_forest,0,0,0.32,16
MAT,Subject16,random_forest,0,1,0.5666666666666667,16
MAT,Subject16,random_forest,0,1,0.6033333333333334,16
MAT,Subject16,random_forest,0,1,0.68,16
MAT,Subject16,random_forest,0,1,0.6266666666666667,16
MAT,Subject16,random_forest,0,1,0.6066666666666667,16
MAT,Subject16,random_forest,0,0,0.24666666666666667,16
MAT,Subject16,random_forest,0,0,0.4066666666666667,16
MAT,Subject16,random_forest,0,0,0.43,16
MAT,Subject16,random_forest,0,0,0.45666666666666667,16
MAT,Subject16,random_forest,0,0,0.38666666666666666,16
MAT,Subject16,random_forest,0,0,0.4766666666666667,16
MAT,Subject16,random_forest,0,0,0.36333333333333334,16
MAT,Subject16,random_forest,0,1,0.59,16
MAT,Subject16,random_forest,0,1,0.5233333333333333,16
MAT,Subject16,random_forest,0,0,0.3466666666666667,16
MAT,Subject16,random_forest,0,0,0.33,16
MAT,Subject16,random_forest,0,0,0.44,16
MAT,Subject16,random_forest,0,0,0.2733333333333333,16
MAT,Subject16,random_forest,0,0,0.22333333333333333,16
MAT,Subject16,random_forest,0,0,0.31666666666666665,16
MAT,Subject16,random_forest,0,0,0.4266666666666667,16
MAT,Subject16,random_forest,0,0,0.20666666666666667,16
MAT,Subject16,random_forest,0,0,0.12,16
MAT,Subject16,random_forest,0,0,0.42,16
MAT,Subject16,random_forest,0,0,0.32,16
MAT,Subject16,random_forest,0,0,0.4066666666666667,16
MAT,Subject16,random_forest,0,0,0.45,16
MAT,Subject16,random_forest,0,0,0.33,16
MAT,Subject16,random_forest,0,0,0.12333333333333334,16
MAT,Subject16,random_forest,0,0,0.21,16
MAT,Subject16,random_forest,0,0,0.31666666666666665,16
MAT,Subject16,random_forest,0,0,0.35,16
MAT,Subject16,random_forest,0,0,0.15,16
MAT,Subject16,random_forest,0,0,0.30333333333333334,16
MAT,Subject16,random_forest,0,0,0.31,16
MAT,Subject16,random_forest,0,0,0.2966666666666667,16
MAT,Subject16,random_forest,0,0,0.33666666666666667,16
MAT,Subject16,random_forest,0,0,0.36,16
MAT,Subject16,random_forest,0,0,0.4166666666666667,16
MAT,Subject16,random_forest,0,0,0.38,16
MAT,Subject16,random_forest,0,0,0.36666666666666664,16
MAT,Subject16,random_forest,0,0,0.38666666666666666,16
MAT,Subject16,random_forest,0,0,0.2833333333333333,16
MAT,Subject16,random_forest,0,0,0.42333333333333334,16
MAT,Subject16,random_forest,0,0,0.30666666666666664,16
MAT,Subject16,random_forest,0,0,0.28,16
MAT,Subject16,random_forest,0,0,0.29,16
MAT,Subject16,random_forest,0,0,0.41333333333333333,16
MAT,Subject16,random_forest,0,0,0.38,16
MAT,Subject16,random_forest,0,0,0.4166666666666667,16
MAT,Subject16,random_forest,0,0,0.41333333333333333,16
MAT,Subject16,random_forest,0,0,0.49,16
MAT,Subject16,random_forest,0,0,0.24666666666666667,16
MAT,Subject16,random_forest,0,0,0.09333333333333334,16
MAT,Subject16,random_forest,0,0,0.03,16
MAT,Subject16,random_forest,0,0,0.02,16
MAT,Subject16,random_forest,0,0,0.06,16
MAT,Subject16,random_forest,0,0,0.07333333333333333,16
MAT,Subject16,random_forest,0,0,0.03666666666666667,16
MAT,Subject16,random_forest,0,0,0.07333333333333333,16
MAT,Subject16,random_forest,0,0,0.04666666666666667,16
MAT,Subject16,random_forest,0,0,0.05333333333333334,16
MAT,Subject16,random_forest,0,0,0.09,16
MAT,Subject16,random_forest,0,0,0.18333333333333332,16
MAT,Subject16,random_forest,0,0,0.32666666666666666,16
MAT,Subject16,random_forest,0,0,0.15,16
MAT,Subject16,random_forest,0,0,0.10666666666666667,16
MAT,Subject16,random_forest,0,0,0.09666666666666666,16
MAT,Subject16,random_forest,0,0,0.1,16
MAT,Subject16,random_forest,0,0,0.24,16
MAT,Subject16,random_forest,0,0,0.16333333333333333,16
MAT,Subject16,random_forest,0,0,0.09,16
MAT,Subject16,random_forest,0,0,0.17666666666666667,16
MAT,Subject16,random_forest,0,0,0.42333333333333334,16
MAT,Subject16,random_forest,0,0,0.3466666666666667,16
MAT,Subject16,random_forest,0,0,0.18,16
MAT,Subject16,random_forest,0,0,0.17666666666666667,16
MAT,Subject16,random_forest,0,0,0.16666666666666666,16
MAT,Subject16,random_forest,0,0,0.29333333333333333,16
MAT,Subject16,random_forest,0,0,0.23,16
MAT,Subject16,random_forest,0,0,0.06666666666666667,16
MAT,Subject16,random_forest,0,0,0.31333333333333335,16
MAT,Subject16,random_forest,1,0,0.18666666666666668,16
MAT,Subject16,random_forest,1,0,0.24,16
MAT,Subject16,random_forest,1,0,0.3566666666666667,16
MAT,Subject16,random_forest,1,0,0.2966666666666667,16
MAT,Subject16,random_forest,1,0,0.19,16
MAT,Subject16,random_forest,1,0,0.24666666666666667,16
MAT,Subject16,random_forest,1,1,0.55,16
MAT,Subject16,random_forest,1,0,0.5,16
MAT,Subject16,random_forest,1,0,0.44666666666666666,16
MAT,Subject16,random_forest,1,0,0.43333333333333335,16
MAT,Subject16,random_forest,1,0,0.30666666666666664,16
MAT,Subject16,random_forest,1,0,0.3933333333333333,16
MAT,Subject16,random_forest,1,1,0.52,16
MAT,Subject16,random_forest,1,1,0.5666666666666667,16
MAT,Subject16,random_forest,1,1,0.52,16
MAT,Subject16,random_forest,1,0,0.49,16
MAT,Subject16,random_forest,1,0,0.4533333333333333,16
MAT,Subject16,random_forest,1,0,0.44666666666666666,16
MAT,Subject16,random_forest,1,0,0.4033333333333333,16
MAT,Subject16,random_forest,1,0,0.31666666666666665,16
MAT,Subject16,random_forest,1,0,0.31333333333333335,16
MAT,Subject16,random_forest,1,0,0.4266666666666667,16
MAT,Subject16,random_forest,1,0,0.44333333333333336,16
MAT,Subject16,random_forest,1,1,0.5733333333333334,16
MAT,Subject16,random_forest,1,0,0.49333333333333335,16
MAT,Subject16,random_forest,1,0,0.4166666666666667,16
MAT,Subject16,random_forest,1,0,0.44333333333333336,16
MAT,Subject16,random_forest,1,1,0.5433333333333333,16
MAT,Subject16,random_forest,1,1,0.5433333333333333,16
MAT,Subject16,random_forest,1,0,0.3933333333333333,16
MAT,Subject17,random_forest,0,0,0.25666666666666665,17
MAT,Subject17,random_forest,0,0,0.27,17
MAT,Subject17,random_forest,0,0,0.34,17
MAT,Subject17,random_forest,0,1,0.5866666666666667,17
MAT,Subject17,random_forest,0,0,0.3933333333333333,17
MAT,Subject17,random_forest,0,0,0.39666666666666667,17
MAT,Subject17,random_forest,0,0,0.42333333333333334,17
MAT,Subject17,random_forest,0,0,0.35333333333333333,17
MAT,Subject17,random_forest,0,0,0.17333333333333334,17
MAT,Subject17,random_forest,0,0,0.25333333333333335,17
MAT,Subject17,random_forest,0,0,0.41,17
MAT,Subject17,random_forest,0,0,0.42333333333333334,17
MAT,Subject17,random_forest,0,0,0.37,17
MAT,Subject17,random_forest,0,0,0.25333333333333335,17
MAT,Subject17,random_forest,0,0,0.16333333333333333,17
MAT,Subject17,random_forest,0,0,0.24,17
MAT,Subject17,random_forest,0,0,0.38666666666666666,17
MAT,Subject17,random_forest,0,0,0.27666666666666667,17
MAT,Subject17,random_forest,0,0,0.27666666666666667,17
MAT,Subject17,random_forest,0,0,0.38666666666666666,17
MAT,Subject17,random_forest,0,0,0.43,17
MAT,Subject17,random_forest,0,0,0.48,17
MAT,Subject17,random_forest,0,0,0.15666666666666668,17
MAT,Subject17,random_forest,0,0,0.12666666666666668,17
MAT,Subject17,random_forest,0,0,0.14666666666666667,17
MAT,Subject17,random_forest,0,0,0.20333333333333334,17
MAT,Subject17,random_forest,0,0,0.22,17
MAT,Subject17,random_forest,0,0,0.2,17
MAT,Subject17,random_forest,0,0,0.14,17
MAT,Subject17,random_forest,0,0,0.14666666666666667,17
MAT,Subject17,random_forest,0,0,0.33,17
MAT,Subject17,random_forest,0,0,0.25333333333333335,17
MAT,Subject17,random_forest,0,0,0.2966666666666667,17
MAT,Subject17,random_forest,0,0,0.39666666666666667,17
MAT,Subject17,random_forest,0,1,0.6166666666666667,17
MAT,Subject17,random_forest,0,0,0.42,17
MAT,Subject17,random_forest,0,0,0.3233333333333333,17
MAT,Subject17,random_forest,0,0,0.31666666666666665,17
MAT,Subject17,random_forest,0,0,0.27,17
MAT,Subject17,random_forest,0,0,0.33666666666666667,17
MAT,Subject17,random_forest,0,0,0.30666666666666664,17
MAT,Subject17,random_forest,0,0,0.2633333333333333,17
MAT,Subject17,random_forest,0,0,0.32,17
MAT,Subject17,random_forest,0,1,0.6033333333333334,17
MAT,Subject17,random_forest,0,1,0.7,17
MAT,Subject17,random_forest,0,1,0.6433333333333333,17
MAT,Subject17,random_forest,0,0,0.22666666666666666,17
MAT,Subject17,random_forest,0,0,0.24,17
MAT,Subject17,random_forest,0,0,0.48,17
MAT,Subject17,random_forest,0,0,0.22666666666666666,17
MAT,Subject17,random_forest,0,0,0.31666666666666665,17
MAT,Subject17,random_forest,0,1,0.55,17
MAT,Subject17,random_forest,0,0,0.4266666666666667,17
MAT,Subject17,random_forest,0,1,0.58,17
MAT,Subject17,random_forest,0,1,0.65,17
MAT,Subject17,random_forest,0,1,0.6133333333333333,17
MAT,Subject17,random_forest,0,0,0.45666666666666667,17
MAT,Subject17,random_forest,0,0,0.20333333333333334,17
MAT,Subject17,random_forest,0,0,0.22,17
MAT,Subject17,random_forest,0,1,0.5633333333333334,17
MAT,Subject17,random_forest,0,1,0.5533333333333333,17
MAT,Subject17,random_forest,0,0,0.4266666666666667,17
MAT,Subject17,random_forest,0,0,0.32666666666666666,17
MAT,Subject17,random_forest,0,0,0.3933333333333333,17
MAT,Subject17,random_forest,0,0,0.25333333333333335,17
MAT,Subject17,random_forest,0,0,0.2633333333333333,17
MAT,Subject17,random_forest,0,0,0.35333333333333333,17
MAT,Subject17,random_forest,0,0,0.18666666666666668,17
MAT,Subject17,random_forest,0,0,0.28,17
MAT,Subject17,random_forest,0,0,0.34,17
MAT,Subject17,random_forest,0,0,0.26666666666666666,17
MAT,Subject17,random_forest,0,0,0.22666666666666666,17
MAT,Subject17,random_forest,0,0,0.42333333333333334,17
MAT,Subject17,random_forest,0,0,0.2733333333333333,17
MAT,Subject17,random_forest,0,0,0.3933333333333333,17
MAT,Subject17,random_forest,0,0,0.46,17
MAT,Subject17,random_forest,0,0,0.34,17
MAT,Subject17,random_forest,0,0,0.20333333333333334,17
MAT,Subject17,random_forest,0,0,0.21666666666666667,17
MAT,Subject17,random_forest,0,0,0.30666666666666664,17
MAT,Subject17,random_forest,0,0,0.44,17
MAT,Subject17,random_forest,0,1,0.62,17
MAT,Subject17,random_forest,0,1,0.57,17
MAT,Subject17,random_forest,0,0,0.26,17
MAT,Subject17,random_forest,0,0,0.15,17
MAT,Subject17,random_forest,0,0,0.30666666666666664,17
MAT,Subject17,random_forest,0,0,0.17,17
MAT,Subject17,random_forest,0,0,0.26666666666666666,17
MAT,Subject17,random_forest,0,0,0.19333333333333333,17
MAT,Subject17,random_forest,0,0,0.4266666666666667,17
MAT,Subject17,random_forest,1,0,0.44,17
MAT,Subject17,random_forest,1,0,0.35,17
MAT,Subject17,random_forest,1,0,0.44666666666666666,17
MAT,Subject17,random_forest,1,1,0.6,17
MAT,Subject17,random_forest,1,1,0.5266666666666666,17
MAT,Subject17,random_forest,1,1,0.5866666666666667,17
MAT,Subject17,random_forest,1,0,0.3566666666666667,17
MAT,Subject17,random_forest,1,0,0.23666666666666666,17
MAT,Subject17,random_forest,1,0,0.34,17
MAT,Subject17,random_forest,1,0,0.35333333333333333,17
MAT,Subject17,random_forest,1,0,0.4033333333333333,17
MAT,Subject17,random_forest,1,0,0.4266666666666667,17
MAT,Subject17,random_forest,1,1,0.66,17
MAT,Subject17,random_forest,1,0,0.4266666666666667,17
MAT,Subject17,random_forest,1,0,0.30666666666666664,17
MAT,Subject17,random_forest,1,0,0.4533333333333333,17
MAT,Subject17,random_forest,1,0,0.3933333333333333,17
MAT,Subject17,random_forest,1,0,0.47,17
MAT,Subject17,random_forest,1,0,0.42333333333333334,17
MAT,Subject17,random_forest,1,0,0.4066666666666667,17
MAT,Subject17,random_forest,1,1,0.5533333333333333,17
MAT,Subject17,random_forest,1,0,0.3933333333333333,17
MAT,Subject17,random_forest,1,0,0.31,17
MAT,Subject17,random_forest,1,0,0.3333333333333333,17
MAT,Subject17,random_forest,1,0,0.42333333333333334,17
MAT,Subject17,random_forest,1,0,0.4033333333333333,17
MAT,Subject17,random_forest,1,0,0.35333333333333333,17
MAT,Subject17,random_forest,1,0,0.41,17
MAT,Subject17,random_forest,1,0,0.30666666666666664,17
MAT,Subject17,random_forest,1,0,0.37666666666666665,17
MAT,Subject18,random_forest,0,0,0.25333333333333335,18
MAT,Subject18,random_forest,0,0,0.3566666666666667,18
MAT,Subject18,random_forest,0,0,0.27,18
MAT,Subject18,random_forest,0,0,0.21666666666666667,18
MAT,Subject18,random_forest,0,0,0.07333333333333333,18
MAT,Subject18,random_forest,0,0,0.06,18
MAT,Subject18,random_forest,0,0,0.17333333333333334,18
MAT,Subject18,random_forest,0,0,0.19,18
MAT,Subject18,random_forest,0,0,0.07333333333333333,18
MAT,Subject18,random_forest,0,0,0.05,18
MAT,Subject18,random_forest,0,0,0.36333333333333334,18
MAT,Subject18,random_forest,0,0,0.12333333333333334,18
MAT,Subject18,random_forest,0,0,0.11333333333333333,18
MAT,Subject18,random_forest,0,0,0.20333333333333334,18
MAT,Subject18,random_forest,0,0,0.10666666666666667,18
MAT,Subject18,random_forest,0,0,0.17333333333333334,18
MAT,Subject18,random_forest,0,0,0.2866666666666667,18
MAT,Subject18,random_forest,0,0,0.27,18
MAT,Subject18,random_forest,0,0,0.18,18
MAT,Subject18,random_forest,0,0,0.31333333333333335,18
MAT,Subject18,random_forest,0,0,0.37666666666666665,18
MAT,Subject18,random_forest,0,0,0.13333333333333333,18
MAT,Subject18,random_forest,0,0,0.13,18
MAT,Subject18,random_forest,0,0,0.10666666666666667,18
MAT,Subject18,random_forest,0,0,0.14666666666666667,18
MAT,Subject18,random_forest,0,0,0.08333333333333333,18
MAT,Subject18,random_forest,0,0,0.043333333333333335,18
MAT,Subject18,random_forest,0,0,0.08333333333333333,18
MAT,Subject18,random_forest,0,0,0.09333333333333334,18
MAT,Subject18,random_forest,0,0,0.08,18
MAT,Subject18,random_forest,0,0,0.13666666666666666,18
MAT,Subject18,random_forest,0,0,0.14,18
MAT,Subject18,random_forest,0,0,0.10666666666666667,18
MAT,Subject18,random_forest,0,0,0.20666666666666667,18
MAT,Subject18,random_forest,0,0,0.18333333333333332,18
MAT,Subject18,random_forest,0,0,0.26666666666666666,18
MAT,Subject18,random_forest,0,0,0.3233333333333333,18
MAT,Subject18,random_forest,0,0,0.25666666666666665,18
MAT,Subject18,random_forest,0,0,0.1,18
MAT,Subject18,random_forest,0,0,0.24666666666666667,18
MAT,Subject18,random_forest,0,0,0.25333333333333335,18
MAT,Subject18,random_forest,0,0,0.2633333333333333,18
MAT,Subject18,random_forest,0,0,0.20666666666666667,18
MAT,Subject18,random_forest,0,0,0.19,18
MAT,Subject18,random_forest,0,0,0.14666666666666667,18
MAT,Subject18,random_forest,0,0,0.16333333333333333,18
MAT,Subject18,random_forest,0,0,0.16666666666666666,18
MAT,Subject18,random_forest,0,0,0.10666666666666667,18
MAT,Subject18,random_forest,0,0,0.11666666666666667,18
MAT,Subject18,random_forest,0,0,0.17333333333333334,18
MAT,Subject18,random_forest,0,0,0.11666666666666667,18
MAT,Subject18,random_forest,0,0,0.09666666666666666,18
MAT,Subject18,random_forest,0,0,0.19,18
MAT,Subject18,random_forest,0,0,0.4066666666666667,18
MAT,Subject18,random_forest,0,0,0.20333333333333334,18
MAT,Subject18,random_forest,0,0,0.14666666666666667,18
MAT,Subject18,random_forest,0,0,0.11,18
MAT,Subject18,random_forest,0,0,0.20333333333333334,18
MAT,Subject18,random_forest,0,0,0.15666666666666668,18
MAT,Subject18,random_forest,0,0,0.14333333333333334,18
MAT,Subject18,random_forest,0,0,0.12333333333333334,18
MAT,Subject18,random_forest,0,0,0.05333333333333334,18
MAT,Subject18,random_forest,0,0,0.07333333333333333,18
MAT,Subject18,random_forest,0,0,0.056666666666666664,18
MAT,Subject18,random_forest,0,0,0.11,18
MAT,Subject18,random_forest,0,0,0.09,18
MAT,Subject18,random_forest,0,0,0.04666666666666667,18
MAT,Subject18,random_forest,0,0,0.08,18
MAT,Subject18,random_forest,0,0,0.34,18
MAT,Subject18,random_forest,0,0,0.09666666666666666,18
MAT,Subject18,random_forest,0,0,0.17666666666666667,18
MAT,Subject18,random_forest,0,0,0.33,18
MAT,Subject18,random_forest,0,0,0.23666666666666666,18
MAT,Subject18,random_forest,0,0,0.2,18
MAT,Subject18,random_forest,0,0,0.23333333333333334,18
MAT,Subject18,random_forest,0,0,0.08333333333333333,18
MAT,Subject18,random_forest,0,0,0.05,18
MAT,Subject18,random_forest,0,0,0.043333333333333335,18
MAT,Subject18,random_forest,0,0,0.24666666666666667,18
MAT,Subject18,random_forest,0,0,0.23333333333333334,18
MAT,Subject18,random_forest,0,0,0.2966666666666667,18
MAT,Subject18,random_forest,0,0,0.11666666666666667,18
MAT,Subject18,random_forest,0,0,0.06333333333333334,18
MAT,Subject18,random_forest,0,0,0.14,18
MAT,Subject18,random_forest,0,0,0.14333333333333334,18
MAT,Subject18,random_forest,0,0,0.06,18
MAT,Subject18,random_forest,0,0,0.03,18
MAT,Subject18,random_forest,0,0,0.10666666666666667,18
MAT,Subject18,random_forest,0,0,0.19333333333333333,18
MAT,Subject18,random_forest,0,0,0.2733333333333333,18
MAT,Subject18,random_forest,1,0,0.4166666666666667,18
MAT,Subject18,random_forest,1,0,0.2966666666666667,18
MAT,Subject18,random_forest,1,0,0.29333333333333333,18
MAT,Subject18,random_forest,1,0,0.38333333333333336,18
MAT,Subject18,random_forest,1,0,0.43,18
MAT,Subject18,random_forest,1,0,0.35,18
MAT,Subject18,random_forest,1,0,0.21,18
MAT,Subject18,random_forest,1,0,0.29333333333333333,18
MAT,Subject18,random_forest,1,0,0.18666666666666668,18
MAT,Subject18,random_forest,1,0,0.25666666666666665,18
MAT,Subject18,random_forest,1,0,0.3433333333333333,18
MAT,Subject18,random_forest,1,0,0.42333333333333334,18
MAT,Subject18,random_forest,1,0,0.23,18
MAT,Subject18,random_forest,1,0,0.2833333333333333,18
MAT,Subject18,random_forest,1,0,0.20333333333333334,18
MAT,Subject18,random_forest,1,0,0.17333333333333334,18
MAT,Subject18,random_forest,1,0,0.31,18
MAT,Subject18,random_forest,1,0,0.3566666666666667,18
MAT,Subject18,random_forest,1,0,0.22,18
MAT,Subject18,random_forest,1,0,0.11666666666666667,18
MAT,Subject18,random_forest,1,0,0.13666666666666666,18
MAT,Subject18,random_forest,1,0,0.3466666666666667,18
MAT,Subject18,random_forest,1,0,0.32666666666666666,18
MAT,Subject18,random_forest,1,0,0.2833333333333333,18
MAT,Subject18,random_forest,1,0,0.29333333333333333,18
MAT,Subject18,random_forest,1,0,0.3233333333333333,18
MAT,Subject18,random_forest,1,0,0.31,18
MAT,Subject18,random_forest,1,0,0.23,18
MAT,Subject18,random_forest,1,0,0.18333333333333332,18
MAT,Subject18,random_forest,1,0,0.30666666666666664,18
MAT,Subject19,random_forest,0,0,0.16666666666666666,19
MAT,Subject19,random_forest,0,0,0.17666666666666667,19
MAT,Subject19,random_forest,0,0,0.18666666666666668,19
MAT,Subject19,random_forest,0,0,0.2,19
MAT,Subject19,random_forest,0,0,0.17666666666666667,19
MAT,Subject19,random_forest,0,0,0.24666666666666667,19
MAT,Subject19,random_forest,0,0,0.22333333333333333,19
MAT,Subject19,random_forest,0,0,0.3466666666666667,19
MAT,Subject19,random_forest,0,0,0.34,19
MAT,Subject19,random_forest,0,0,0.2966666666666667,19
MAT,Subject19,random_forest,0,0,0.31333333333333335,19
MAT,Subject19,random_forest,0,0,0.33666666666666667,19
MAT,Subject19,random_forest,0,0,0.44333333333333336,19
MAT,Subject19,random_forest,0,0,0.3433333333333333,19
MAT,Subject19,random_forest,0,0,0.19333333333333333,19
MAT,Subject19,random_forest,0,0,0.2,19
MAT,Subject19,random_forest,0,0,0.13666666666666666,19
MAT,Subject19,random_forest,0,0,0.09666666666666666,19
MAT,Subject19,random_forest,0,0,0.16,19
MAT,Subject19,random_forest,0,0,0.14666666666666667,19
MAT,Subject19,random_forest,0,0,0.15,19
MAT,Subject19,random_forest,0,0,0.18666666666666668,19
MAT,Subject19,random_forest,0,0,0.20333333333333334,19
MAT,Subject19,random_forest,0,0,0.18666666666666668,19
MAT,Subject19,random_forest,0,0,0.16333333333333333,19
MAT,Subject19,random_forest,0,0,0.16,19
MAT,Subject19,random_forest,0,0,0.21,19
MAT,Subject19,random_forest,0,0,0.21333333333333335,19
MAT,Subject19,random_forest,0,0,0.18333333333333332,19
MAT,Subject19,random_forest,0,0,0.15,19
MAT,Subject19,random_forest,0,0,0.13333333333333333,19
MAT,Subject19,random_forest,0,0,0.16666666666666666,19
MAT,Subject19,random_forest,0,0,0.14333333333333334,19
MAT,Subject19,random_forest,0,0,0.15666666666666668,19
MAT,Subject19,random_forest,0,0,0.15,19
MAT,Subject19,random_forest,0,0,0.14666666666666667,19
MAT,Subject19,random_forest,0,0,0.14333333333333334,19
MAT,Subject19,random_forest,0,0,0.2,19
MAT,Subject19,random_forest,0,0,0.18333333333333332,19
MAT,Subject19,random_forest,0,0,0.19333333333333333,19
MAT,Subject19,random_forest,0,0,0.15333333333333332,19
MAT,Subject19,random_forest,0,0,0.15,19
MAT,Subject19,random_forest,0,0,0.12,19
MAT,Subject19,random_forest,0,0,0.13333333333333333,19
MAT,Subject19,random_forest,0,0,0.24,19
MAT,Subject19,random_forest,0,0,0.16,19
MAT,Subject19,random_forest,0,0,0.13333333333333333,19
MAT,Subject19,random_forest,0,0,0.13333333333333333,19
MAT,Subject19,random_forest,0,0,0.13,19
MAT,Subject19,random_forest,0,0,0.12,19
MAT,Subject19,random_forest,0,0,0.16,19
MAT,Subject19,random_forest,0,0,0.15666666666666668,19
MAT,Subject19,random_forest,0,0,0.13,19
MAT,Subject19,random_forest,0,0,0.15666666666666668,19
MAT,Subject19,random_forest,0,0,0.17666666666666667,19
MAT,Subject19,random_forest,0,0,0.14333333333333334,19
MAT,Subject19,random_forest,0,0,0.14,19
MAT,Subject19,random_forest,0,0,0.14666666666666667,19
MAT,Subject19,random_forest,0,0,0.11333333333333333,19
MAT,Subject19,random_forest,0,0,0.10666666666666667,19
MAT,Subject19,random_forest,0,0,0.16,19
MAT,Subject19,random_forest,0,0,0.16,19
MAT,Subject19,random_forest,0,0,0.16333333333333333,19
MAT,Subject19,random_forest,0,0,0.15,19
MAT,Subject19,random_forest,0,0,0.13333333333333333,19
MAT,Subject19,random_forest,0,0,0.13333333333333333,19
MAT,Subject19,random_forest,0,0,0.11666666666666667,19
MAT,Subject19,random_forest,0,0,0.13666666666666666,19
MAT,Subject19,random_forest,0,0,0.11,19
MAT,Subject19,random_forest,0,0,0.2,19
MAT,Subject19,random_forest,0,0,0.19666666666666666,19
MAT,Subject19,random_forest,0,0,0.18333333333333332,19
MAT,Subject19,random_forest,0,0,0.19333333333333333,19
MAT,Subject19,random_forest,0,0,0.13666666666666666,19
MAT,Subject19,random_forest,0,0,0.17,19
MAT,Subject19,random_forest,0,0,0.15666666666666668,19
MAT,Subject19,random_forest,0,0,0.12666666666666668,19
MAT,Subject19,random_forest,0,0,0.11666666666666667,19
MAT,Subject19,random_forest,0,0,0.12,19
MAT,Subject19,random_forest,0,0,0.12666666666666668,19
MAT,Subject19,random_forest,0,0,0.14333333333333334,19
MAT,Subject19,random_forest,0,0,0.17,19
MAT,Subject19,random_forest,0,0,0.16,19
MAT,Subject19,random_forest,0,0,0.15,19
MAT,Subject19,random_forest,0,0,0.19333333333333333,19
MAT,Subject19,random_forest,0,0,0.18666666666666668,19
MAT,Subject19,random_forest,0,0,0.17666666666666667,19
MAT,Subject19,random_forest,0,0,0.17333333333333334,19
MAT,Subject19,random_forest,0,0,0.18,19
MAT,Subject19,random_forest,0,0,0.24333333333333335,19
MAT,Subject19,random_forest,1,0,0.49,19
MAT,Subject19,random_forest,1,0,0.43666666666666665,19
MAT,Subject19,random_forest,1,0,0.38333333333333336,19
MAT,Subject19,random_forest,1,0,0.31333333333333335,19
MAT,Subject19,random_forest,1,0,0.36,19
MAT,Subject19,random_forest,1,0,0.36333333333333334,19
MAT,Subject19,random_forest,1,1,0.6066666666666667,19
MAT,Subject19,random_forest,1,0,0.5,19
MAT,Subject19,random_forest,1,0,0.47333333333333333,19
MAT,Subject19,random_forest,1,0,0.4766666666666667,19
MAT,Subject19,random_forest,1,1,0.5433333333333333,19
MAT,Subject19,random_forest,1,0,0.46,19
MAT,Subject19,random_forest,1,0,0.3566666666666667,19
MAT,Subject19,random_forest,1,1,0.6266666666666667,19
MAT,Subject19,random_forest,1,1,0.5133333333333333,19
MAT,Subject19,random_forest,1,0,0.46,19
MAT,Subject19,random_forest,1,1,0.5433333333333333,19
MAT,Subject19,random_forest,1,1,0.6333333333333333,19
MAT,Subject19,random_forest,1,0,0.46,19
MAT,Subject19,random_forest,1,0,0.4066666666666667,19
MAT,Subject19,random_forest,1,0,0.34,19
MAT,Subject19,random_forest,1,0,0.32666666666666666,19
MAT,Subject19,random_forest,1,1,0.5133333333333333,19
MAT,Subject19,random_forest,1,1,0.5566666666666666,19
MAT,Subject19,random_forest,1,1,0.5266666666666666,19
MAT,Subject19,random_forest,1,0,0.33666666666666667,19
MAT,Subject19,random_forest,1,0,0.2966666666666667,19
MAT,Subject19,random_forest,1,0,0.38,19
MAT,Subject19,random_forest,1,0,0.3,19
MAT,Subject19,random_forest,1,0,0.44666666666666666,19
MAT,Subject20,random_forest,0,0,0.1,20
MAT,Subject20,random_forest,0,0,0.07333333333333333,20
MAT,Subject20,random_forest,0,0,0.08,20
MAT,Subject20,random_forest,0,0,0.07,20
MAT,Subject20,random_forest,0,0,0.056666666666666664,20
MAT,Subject20,random_forest,0,0,0.09,20
MAT,Subject20,random_forest,0,0,0.09333333333333334,20
MAT,Subject20,random_forest,0,0,0.07,20
MAT,Subject20,random_forest,0,0,0.05,20
MAT,Subject20,random_forest,0,0,0.03,20
MAT,Subject20,random_forest,0,0,0.06,20
MAT,Subject20,random_forest,0,0,0.07,20
MAT,Subject20,random_forest,0,0,0.12666666666666668,20
MAT,Subject20,random_forest,0,0,0.16666666666666666,20
MAT,Subject20,random_forest,0,0,0.21666666666666667,20
MAT,Subject20,random_forest,0,0,0.29333333333333333,20
MAT,Subject20,random_forest,0,0,0.21,20
MAT,Subject20,random_forest,0,0,0.15,20
MAT,Subject20,random_forest,0,0,0.15666666666666668,20
MAT,Subject20,random_forest,0,0,0.19666666666666666,20
MAT,Subject20,random_forest,0,0,0.14333333333333334,20
MAT,Subject20,random_forest,0,0,0.15,20
MAT,Subject20,random_forest,0,0,0.17333333333333334,20
MAT,Subject20,random_forest,0,0,0.14333333333333334,20
MAT,Subject20,random_forest,0,0,0.16333333333333333,20
MAT,Subject20,random_forest,0,0,0.19666666666666666,20
MAT,Subject20,random_forest,0,0,0.14,20
MAT,Subject20,random_forest,0,0,0.14333333333333334,20
MAT,Subject20,random_forest,0,0,0.13,20
MAT,Subject20,random_forest,0,0,0.20333333333333334,20
MAT,Subject20,random_forest,0,0,0.21666666666666667,20
MAT,Subject20,random_forest,0,0,0.16666666666666666,20
MAT,Subject20,random_forest,0,0,0.22,20
MAT,Subject20,random_forest,0,0,0.11333333333333333,20
MAT,Subject20,random_forest,0,0,0.12,20
MAT,Subject20,random_forest,0,0,0.11333333333333333,20
MAT,Subject20,random_forest,0,0,0.16333333333333333,20
MAT,Subject20,random_forest,0,0,0.21666666666666667,20
MAT,Subject20,random_forest,0,0,0.10333333333333333,20
MAT,Subject20,random_forest,0,0,0.13,20
MAT,Subject20,random_forest,0,0,0.13,20
MAT,Subject20,random_forest,0,0,0.20666666666666667,20
MAT,Subject20,random_forest,0,0,0.18333333333333332,20
MAT,Subject20,random_forest,0,0,0.19666666666666666,20
MAT,Subject20,random_forest,0,0,0.19333333333333333,20
MAT,Subject20,random_forest,0,0,0.14,20
MAT,Subject20,random_forest,0,0,0.17333333333333334,20
MAT,Subject20,random_forest,0,0,0.19,20
MAT,Subject20,random_forest,0,0,0.16666666666666666,20
MAT,Subject20,random_forest,0,0,0.06333333333333334,20
MAT,Subject20,random_forest,0,0,0.07333333333333333,20
MAT,Subject20,random_forest,0,0,0.14,20
MAT,Subject20,random_forest,0,0,0.16,20
MAT,Subject20,random_forest,0,0,0.13666666666666666,20
MAT,Subject20,random_forest,0,0,0.14333333333333334,20
MAT,Subject20,random_forest,0,0,0.13666666666666666,20
MAT,Subject20,random_forest,0,0,0.15,20
MAT,Subject20,random_forest,0,0,0.15,20
MAT,Subject20,random_forest,0,0,0.11333333333333333,20
MAT,Subject20,random_forest,0,0,0.15333333333333332,20
MAT,Subject20,random_forest,0,0,0.08333333333333333,20
MAT,Subject20,random_forest,0,0,0.08666666666666667,20
MAT,Subject20,random_forest,0,0,0.12333333333333334,20
MAT,Subject20,random_forest,0,0,0.12333333333333334,20
MAT,Subject20,random_forest,0,0,0.12,20
MAT,Subject20,random_forest,0,0,0.12666666666666668,20
MAT,Subject20,random_forest,0,0,0.16,20
MAT,Subject20,random_forest,0,0,0.22333333333333333,20
MAT,Subject20,random_forest,0,0,0.22666666666666666,20
MAT,Subject20,random_forest,0,0,0.19,20
MAT,Subject20,random_forest,0,0,0.15333333333333332,20
MAT,Subject20,random_forest,0,0,0.09666666666666666,20
MAT,Subject20,random_forest,0,0,0.18333333333333332,20
MAT,Subject20,random_forest,0,0,0.16,20
MAT,Subject20,random_forest,0,0,0.15,20
MAT,Subject20,random_forest,0,0,0.19666666666666666,20
MAT,Subject20,random_forest,0,0,0.11333333333333333,20
MAT,Subject20,random_forest,0,0,0.11666666666666667,20
MAT,Subject20,random_forest,0,0,0.08333333333333333,20
MAT,Subject20,random_forest,0,0,0.17333333333333334,20
MAT,Subject20,random_forest,0,0,0.14666666666666667,20
MAT,Subject20,random_forest,0,0,0.12333333333333334,20
MAT,Subject20,random_forest,0,0,0.16333333333333333,20
MAT,Subject20,random_forest,0,0,0.12333333333333334,20
MAT,Subject20,random_forest,0,0,0.18666666666666668,20
MAT,Subject20,random_forest,0,0,0.18333333333333332,20
MAT,Subject20,random_forest,0,0,0.19333333333333333,20
MAT,Subject20,random_forest,0,0,0.17333333333333334,20
MAT,Subject20,random_forest,0,0,0.2,20
MAT,Subject20,random_forest,0,0,0.25,20
MAT,Subject20,random_forest,1,0,0.2,20
MAT,Subject20,random_forest,1,0,0.24666666666666667,20
MAT,Subject20,random_forest,1,0,0.3233333333333333,20
MAT,Subject20,random_forest,1,0,0.31,20
MAT,Subject20,random_forest,1,0,0.2833333333333333,20
MAT,Subject20,random_forest,1,0,0.25,20
MAT,Subject20,random_forest,1,0,0.31,20
MAT,Subject20,random_forest,1,0,0.31,20
MAT,Subject20,random_forest,1,0,0.2733333333333333,20
MAT,Subject20,random_forest,1,0,0.3566666666666667,20
MAT,Subject20,random_forest,1,0,0.27,20
MAT,Subject20,random_forest,1,0,0.25666666666666665,20
MAT,Subject20,random_forest,1,0,0.3433333333333333,20
MAT,Subject20,random_forest,1,0,0.24,20
MAT,Subject20,random_forest,1,0,0.25666666666666665,20
MAT,Subject20,random_forest,1,0,0.32,20
MAT,Subject20,random_forest,1,0,0.23333333333333334,20
MAT,Subject20,random_forest,1,0,0.26666666666666666,20
MAT,Subject20,random_forest,1,0,0.30666666666666664,20
MAT,Subject20,random_forest,1,0,0.2966666666666667,20
MAT,Subject20,random_forest,1,0,0.24333333333333335,20
MAT,Subject20,random_forest,1,0,0.2,20
MAT,Subject20,random_forest,1,0,0.24333333333333335,20
MAT,Subject20,random_forest,1,0,0.22333333333333333,20
MAT,Subject20,random_forest,1,0,0.18,20
MAT,Subject20,random_forest,1,0,0.24333333333333335,20
MAT,Subject20,random_forest,1,0,0.2866666666666667,20
MAT,Subject20,random_forest,1,0,0.31666666666666665,20
MAT,Subject20,random_forest,1,0,0.35,20
MAT,Subject20,random_forest,1,0,0.33,20
MAT,Subject21,random_forest,0,0,0.20666666666666667,21
MAT,Subject21,random_forest,0,0,0.29333333333333333,21
MAT,Subject21,random_forest,0,0,0.43666666666666665,21
MAT,Subject21,random_forest,0,0,0.32,21
MAT,Subject21,random_forest,0,1,0.5133333333333333,21
MAT,Subject21,random_forest,0,1,0.5633333333333334,21
MAT,Subject21,random_forest,0,0,0.4066666666666667,21
MAT,Subject21,random_forest,0,0,0.37666666666666665,21
MAT,Subject21,random_forest,0,0,0.47333333333333333,21
MAT,Subject21,random_forest,0,0,0.43666666666666665,21
MAT,Subject21,random_forest,0,0,0.33666666666666667,21
MAT,Subject21,random_forest,0,0,0.36,21
MAT,Subject21,random_forest,0,0,0.29333333333333333,21
MAT,Subject21,random_forest,0,0,0.22666666666666666,21
MAT,Subject21,random_forest,0,0,0.37,21
MAT,Subject21,random_forest,0,0,0.2633333333333333,21
MAT,Subject21,random_forest,0,1,0.63,21
MAT,Subject21,random_forest,0,1,0.61,21
MAT,Subject21,random_forest,0,0,0.46,21
MAT,Subject21,random_forest,0,0,0.20333333333333334,21
MAT,Subject21,random_forest,0,0,0.21,21
MAT,Subject21,random_forest,0,0,0.4066666666666667,21
MAT,Subject21,random_forest,0,1,0.53,21
MAT,Subject21,random_forest,0,1,0.6166666666666667,21
MAT,Subject21,random_forest,0,0,0.46,21
MAT,Subject21,random_forest,0,0,0.44666666666666666,21
MAT,Subject21,random_forest,0,0,0.25666666666666665,21
MAT,Subject21,random_forest,0,0,0.14,21
MAT,Subject21,random_forest,0,0,0.22,21
MAT,Subject21,random_forest,0,0,0.3466666666666667,21
MAT,Subject21,random_forest,0,0,0.11333333333333333,21
MAT,Subject21,random_forest,0,0,0.18,21
MAT,Subject21,random_forest,0,0,0.20333333333333334,21
MAT,Subject21,random_forest,0,0,0.45,21
MAT,Subject21,random_forest,0,0,0.43333333333333335,21
MAT,Subject21,random_forest,0,0,0.41333333333333333,21
MAT,Subject21,random_forest,0,0,0.4033333333333333,21
MAT,Subject21,random_forest,0,0,0.19,21
MAT,Subject21,random_forest,0,0,0.26,21
MAT,Subject21,random_forest,0,0,0.42333333333333334,21
MAT,Subject21,random_forest,0,1,0.5666666666666667,21
MAT,Subject21,random_forest,0,1,0.6033333333333334,21
MAT,Subject21,random_forest,0,0,0.2833333333333333,21
MAT,Subject21,random_forest,0,0,0.27,21
MAT,Subject21,random_forest,0,0,0.33666666666666667,21
MAT,Subject21,random_forest,0,0,0.24,21
MAT,Subject21,random_forest,0,0,0.2866666666666667,21
MAT,Subject21,random_forest,0,0,0.3433333333333333,21
MAT,Subject21,random_forest,0,0,0.3433333333333333,21
MAT,Subject21,random_forest,0,0,0.4033333333333333,21
MAT,Subject21,random_forest,0,0,0.4533333333333333,21
MAT,Subject21,random_forest,0,0,0.18666666666666668,21
MAT,Subject21,random_forest,0,0,0.21666666666666667,21
MAT,Subject21,random_forest,0,0,0.4266666666666667,21
MAT,Subject21,random_forest,0,0,0.44,21
MAT,Subject21,random_forest,0,0,0.2633333333333333,21
MAT,Subject21,random_forest,0,0,0.27666666666666667,21
MAT,Subject21,random_forest,0,0,0.25666666666666665,21
MAT,Subject21,random_forest,0,0,0.14333333333333334,21
MAT,Subject21,random_forest,0,0,0.29333333333333333,21
MAT,Subject21,random_forest,0,0,0.2633333333333333,21
MAT,Subject21,random_forest,0,0,0.20333333333333334,21
MAT,Subject21,random_forest,0,0,0.15333333333333332,21
MAT,Subject21,random_forest,0,0,0.2966666666666667,21
MAT,Subject21,random_forest,0,0,0.2,21
MAT,Subject21,random_forest,0,0,0.21666666666666667,21
MAT,Subject21,random_forest,0,0,0.18666666666666668,21
MAT,Subject21,random_forest,0,0,0.31,21
MAT,Subject21,random_forest,0,0,0.23666666666666666,21
MAT,Subject21,random_forest,0,0,0.13333333333333333,21
MAT,Subject21,random_forest,0,0,0.14,21
MAT,Subject21,random_forest,0,0,0.07666666666666666,21
MAT,Subject21,random_forest,0,0,0.016666666666666666,21
MAT,Subject21,random_forest,0,0,0.16666666666666666,21
MAT,Subject21,random_forest,0,0,0.4,21
MAT,Subject21,random_forest,0,0,0.3433333333333333,21
MAT,Subject21,random_forest,0,0,0.29,21
MAT,Subject21,random_forest,0,0,0.39666666666666667,21
MAT,Subject21,random_forest,0,0,0.31666666666666665,21
MAT,Subject21,random_forest,0,0,0.24666666666666667,21
MAT,Subject21,random_forest,0,0,0.3566666666666667,21
MAT,Subject21,random_forest,0,0,0.32666666666666666,21
MAT,Subject21,random_forest,0,0,0.33,21
MAT,Subject21,random_forest,0,0,0.37666666666666665,21
MAT,Subject21,random_forest,0,0,0.31333333333333335,21
MAT,Subject21,random_forest,0,0,0.3333333333333333,21
MAT,Subject21,random_forest,0,0,0.4066666666666667,21
MAT,Subject21,random_forest,0,0,0.4166666666666667,21
MAT,Subject21,random_forest,0,0,0.36333333333333334,21
MAT,Subject21,random_forest,0,0,0.2866666666666667,21
MAT,Subject21,random_forest,1,0,0.27,21
MAT,Subject21,random_forest,1,0,0.29,21
MAT,Subject21,random_forest,1,0,0.14666666666666667,21
MAT,Subject21,random_forest,1,0,0.15333333333333332,21
MAT,Subject21,random_forest,1,0,0.26666666666666666,21
MAT,Subject21,random_forest,1,0,0.4,21
MAT,Subject21,random_forest,1,0,0.18,21
MAT,Subject21,random_forest,1,0,0.06666666666666667,21
MAT,Subject21,random_forest,1,0,0.22333333333333333,21
MAT,Subject21,random_forest,1,0,0.25666666666666665,21
MAT,Subject21,random_forest,1,0,0.2,21
MAT,Subject21,random_forest,1,0,0.22666666666666666,21
MAT,Subject21,random_forest,1,0,0.25,21
MAT,Subject21,random_forest,1,0,0.19666666666666666,21
MAT,Subject21,random_forest,1,0,0.19,21
MAT,Subject21,random_forest,1,0,0.22,21
MAT,Subject21,random_forest,1,0,0.3933333333333333,21
MAT,Subject21,random_forest,1,0,0.31,21
MAT,Subject21,random_forest,1,0,0.3333333333333333,21
MAT,Subject21,random_forest,1,0,0.30666666666666664,21
MAT,Subject21,random_forest,1,0,0.07666666666666666,21
MAT,Subject21,random_forest,1,0,0.12666666666666668,21
MAT,Subject21,random_forest,1,0,0.27666666666666667,21
MAT,Subject21,random_forest,1,0,0.27,21
MAT,Subject21,random_forest,1,0,0.20333333333333334,21
MAT,Subject21,random_forest,1,0,0.14333333333333334,21
MAT,Subject21,random_forest,1,0,0.18,21
MAT,Subject21,random_forest,1,0,0.22333333333333333,21
MAT,Subject21,random_forest,1,0,0.21,21
MAT,Subject21,random_forest,1,0,0.31666666666666665,21
MAT,Subject22,random_forest,0,0,0.14,22
MAT,Subject22,random_forest,0,0,0.16666666666666666,22
MAT,Subject22,random_forest,0,0,0.19333333333333333,22
MAT,Subject22,random_forest,0,0,0.19666666666666666,22
MAT,Subject22,random_forest,0,0,0.17,22
MAT,Subject22,random_forest,0,0,0.21,22
MAT,Subject22,random_forest,0,0,0.30666666666666664,22
MAT,Subject22,random_forest,0,0,0.23666666666666666,22
MAT,Subject22,random_forest,0,0,0.2,22
MAT,Subject22,random_forest,0,0,0.14333333333333334,22
MAT,Subject22,random_forest,0,0,0.2,22
MAT,Subject22,random_forest,0,0,0.08,22
MAT,Subject22,random_forest,0,0,0.1,22
MAT,Subject22,random_forest,0,0,0.10333333333333333,22
MAT,Subject22,random_forest,0,0,0.15666666666666668,22
MAT,Subject22,random_forest,0,0,0.06,22
MAT,Subject22,random_forest,0,0,0.15,22
MAT,Subject22,random_forest,0,0,0.25,22
MAT,Subject22,random_forest,0,0,0.2733333333333333,22
MAT,Subject22,random_forest,0,0,0.21,22
MAT,Subject22,random_forest,0,0,0.056666666666666664,22
MAT,Subject22,random_forest,0,0,0.07666666666666666,22
MAT,Subject22,random_forest,0,0,0.08,22
MAT,Subject22,random_forest,0,0,0.16,22
MAT,Subject22,random_forest,0,0,0.13666666666666666,22
MAT,Subject22,random_forest,0,0,0.09666666666666666,22
MAT,Subject22,random_forest,0,0,0.07333333333333333,22
MAT,Subject22,random_forest,0,0,0.14333333333333334,22
MAT,Subject22,random_forest,0,0,0.13333333333333333,22
MAT,Subject22,random_forest,0,0,0.14666666666666667,22
MAT,Subject22,random_forest,0,0,0.19333333333333333,22
MAT,Subject22,random_forest,0,0,0.26,22
MAT,Subject22,random_forest,0,0,0.19333333333333333,22
MAT,Subject22,random_forest,0,0,0.18666666666666668,22
MAT,Subject22,random_forest,0,0,0.19333333333333333,22
MAT,Subject22,random_forest,0,0,0.14666666666666667,22
MAT,Subject22,random_forest,0,0,0.043333333333333335,22
MAT,Subject22,random_forest,0,0,0.08333333333333333,22
MAT,Subject22,random_forest,0,0,0.08,22
MAT,Subject22,random_forest,0,0,0.09333333333333334,22
MAT,Subject22,random_forest,0,0,0.06333333333333334,22
MAT,Subject22,random_forest,0,0,0.14333333333333334,22
MAT,Subject22,random_forest,0,0,0.07666666666666666,22
MAT,Subject22,random_forest,0,0,0.08,22
MAT,Subject22,random_forest,0,0,0.09666666666666666,22
MAT,Subject22,random_forest,0,0,0.07666666666666666,22
MAT,Subject22,random_forest,0,0,0.09,22
MAT,Subject22,random_forest,0,0,0.1,22
MAT,Subject22,random_forest,0,0,0.06333333333333334,22
MAT,Subject22,random_forest,0,0,0.07,22
MAT,Subject22,random_forest,0,0,0.19,22
MAT,Subject22,random_forest,0,0,0.25333333333333335,22
MAT,Subject22,random_forest,0,0,0.09333333333333334,22
MAT,Subject22,random_forest,0,0,0.15333333333333332,22
MAT,Subject22,random_forest,0,0,0.25333333333333335,22
MAT,Subject22,random_forest,0,0,0.13,22
MAT,Subject22,random_forest,0,0,0.15666666666666668,22
MAT,Subject22,random_forest,0,0,0.17333333333333334,22
MAT,Subject22,random_forest,0,0,0.17666666666666667,22
MAT,Subject22,random_forest,0,0,0.09,22
MAT,Subject22,random_forest,0,0,0.11333333333333333,22
MAT,Subject22,random_forest,0,0,0.08666666666666667,22
MAT,Subject22,random_forest,0,0,0.056666666666666664,22
MAT,Subject22,random_forest,0,0,0.14,22
MAT,Subject22,random_forest,0,0,0.17,22
MAT,Subject22,random_forest,0,0,0.08,22
MAT,Subject22,random_forest,0,0,0.15,22
MAT,Subject22,random_forest,0,0,0.11333333333333333,22
MAT,Subject22,random_forest,0,0,0.12,22
MAT,Subject22,random_forest,0,0,0.20333333333333334,22
MAT,Subject22,random_forest,0,0,0.06666666666666667,22
MAT,Subject22,random_forest,0,0,0.07,22
MAT,Subject22,random_forest,0,0,0.15333333333333332,22
MAT,Subject22,random_forest,0,0,0.10333333333333333,22
MAT,Subject22,random_forest,0,0,0.11666666666666667,22
MAT,Subject22,random_forest,0,0,0.14333333333333334,22
MAT,Subject22,random_forest,0,0,0.16666666666666666,22
MAT,Subject22,random_forest,0,0,0.17333333333333334,22
MAT,Subject22,random_forest,0,0,0.14333333333333334,22
MAT,Subject22,random_forest,0,0,0.20666666666666667,22
MAT,Subject22,random_forest,0,0,0.14333333333333334,22
MAT,Subject22,random_forest,0,0,0.13666666666666666,22
MAT,Subject22,random_forest,0,0,0.13333333333333333,22
MAT,Subject22,random_forest,0,0,0.07666666666666666,22
MAT,Subject22,random_forest,0,0,0.08333333333333333,22
MAT,Subject22,random_forest,0,0,0.06333333333333334,22
MAT,Subject22,random_forest,0,0,0.07666666666666666,22
MAT,Subject22,random_forest,0,0,0.17666666666666667,22
MAT,Subject22,random_forest,0,0,0.16333333333333333,22
MAT,Subject22,random_forest,0,0,0.18333333333333332,22
MAT,Subject22,random_forest,1,0,0.31666666666666665,22
MAT,Subject22,random_forest,1,0,0.30333333333333334,22
MAT,Subject22,random_forest,1,0,0.20666666666666667,22
MAT,Subject22,random_forest,1,0,0.18333333333333332,22
MAT,Subject22,random_forest,1,0,0.39666666666666667,22
MAT,Subject22,random_forest,1,0,0.33,22
MAT,Subject22,random_forest,1,0,0.24666666666666667,22
MAT,Subject22,random_forest,1,0,0.33,22
MAT,Subject22,random_forest,1,0,0.20666666666666667,22
MAT,Subject22,random_forest,1,0,0.2,22
MAT,Subject22,random_forest,1,0,0.2966666666666667,22
MAT,Subject22,random_forest,1,0,0.31333333333333335,22
MAT,Subject22,random_forest,1,0,0.35333333333333333,22
MAT,Subject22,random_forest,1,0,0.38333333333333336,22
MAT,Subject22,random_forest,1,0,0.48,22
MAT,Subject22,random_forest,1,0,0.2733333333333333,22
MAT,Subject22,random_forest,1,0,0.4266666666666667,22
MAT,Subject22,random_forest,1,0,0.32666666666666666,22
MAT,Subject22,random_forest,1,0,0.38,22
MAT,Subject22,random_forest,1,0,0.24,22
MAT,Subject22,random_forest,1,1,0.5366666666666666,22
MAT,Subject22,random_forest,1,0,0.44666666666666666,22
MAT,Subject22,random_forest,1,0,0.32,22
MAT,Subject22,random_forest,1,0,0.35,22
MAT,Subject22,random_forest,1,0,0.38666666666666666,22
MAT,Subject22,random_forest,1,0,0.37333333333333335,22
MAT,Subject22,random_forest,1,0,0.4166666666666667,22
MAT,Subject22,random_forest,1,0,0.18333333333333332,22
MAT,Subject22,random_forest,1,0,0.14333333333333334,22
MAT,Subject22,random_forest,1,0,0.36333333333333334,22
MAT,Subject23,random_forest,0,0,0.10333333333333333,23
MAT,Subject23,random_forest,0,0,0.08666666666666667,23
MAT,Subject23,random_forest,0,0,0.08666666666666667,23
MAT,Subject23,random_forest,0,0,0.10333333333333333,23
MAT,Subject23,random_forest,0,0,0.12333333333333334,23
MAT,Subject23,random_forest,0,0,0.09,23
MAT,Subject23,random_forest,0,0,0.15,23
MAT,Subject23,random_forest,0,0,0.25,23
MAT,Subject23,random_forest,0,0,0.18,23
MAT,Subject23,random_forest,0,0,0.15666666666666668,23
MAT,Subject23,random_forest,0,0,0.31,23
MAT,Subject23,random_forest,0,0,0.20666666666666667,23
MAT,Subject23,random_forest,0,0,0.15,23
MAT,Subject23,random_forest,0,0,0.17,23
MAT,Subject23,random_forest,0,0,0.17666666666666667,23
MAT,Subject23,random_forest,0,0,0.2,23
MAT,Subject23,random_forest,0,0,0.15666666666666668,23
MAT,Subject23,random_forest,0,0,0.17333333333333334,23
MAT,Subject23,random_forest,0,0,0.13,23
MAT,Subject23,random_forest,0,0,0.23,23
MAT,Subject23,random_forest,0,0,0.11666666666666667,23
MAT,Subject23,random_forest,0,0,0.12666666666666668,23
MAT,Subject23,random_forest,0,0,0.23,23
MAT,Subject23,random_forest,0,0,0.15,23
MAT,Subject23,random_forest,0,0,0.12,23
MAT,Subject23,random_forest,0,0,0.10333333333333333,23
MAT,Subject23,random_forest,0,0,0.15,23
MAT,Subject23,random_forest,0,0,0.09,23
MAT,Subject23,random_forest,0,0,0.15666666666666668,23
MAT,Subject23,random_forest,0,0,0.19666666666666666,23
MAT,Subject23,random_forest,0,0,0.25666666666666665,23
MAT,Subject23,random_forest,0,0,0.11333333333333333,23
MAT,Subject23,random_forest,0,0,0.17333333333333334,23
MAT,Subject23,random_forest,0,0,0.24666666666666667,23
MAT,Subject23,random_forest,0,0,0.25666666666666665,23
MAT,Subject23,random_forest,0,0,0.21333333333333335,23
MAT,Subject23,random_forest,0,0,0.20666666666666667,23
MAT,Subject23,random_forest,0,0,0.21,23
MAT,Subject23,random_forest,0,0,0.12666666666666668,23
MAT,Subject23,random_forest,0,0,0.11666666666666667,23
MAT,Subject23,random_forest,0,0,0.12666666666666668,23
MAT,Subject23,random_forest,0,0,0.13666666666666666,23
MAT,Subject23,random_forest,0,0,0.18333333333333332,23
MAT,Subject23,random_forest,0,0,0.21,23
MAT,Subject23,random_forest,0,0,0.31333333333333335,23
MAT,Subject23,random_forest,0,0,0.08,23
MAT,Subject23,random_forest,0,0,0.21333333333333335,23
MAT,Subject23,random_forest,0,0,0.12,23
MAT,Subject23,random_forest,0,0,0.12,23
MAT,Subject23,random_forest,0,0,0.056666666666666664,23
MAT,Subject23,random_forest,0,0,0.21,23
MAT,Subject23,random_forest,0,0,0.14666666666666667,23
MAT,Subject23,random_forest,0,0,0.09,23
MAT,Subject23,random_forest,0,0,0.16,23
MAT,Subject23,random_forest,0,0,0.16666666666666666,23
MAT,Subject23,random_forest,0,0,0.16666666666666666,23
MAT,Subject23,random_forest,0,0,0.06333333333333334,23
MAT,Subject23,random_forest,0,0,0.25,23
MAT,Subject23,random_forest,0,0,0.23333333333333334,23
MAT,Subject23,random_forest,0,0,0.15666666666666668,23
MAT,Subject23,random_forest,0,0,0.23666666666666666,23
MAT,Subject23,random_forest,0,0,0.18666666666666668,23
MAT,Subject23,random_forest,0,0,0.19333333333333333,23
MAT,Subject23,random_forest,0,0,0.12,23
MAT,Subject23,random_forest,0,0,0.16333333333333333,23
MAT,Subject23,random_forest,0,0,0.11666666666666667,23
MAT,Subject23,random_forest,0,0,0.14333333333333334,23
MAT,Subject23,random_forest,0,0,0.14,23
MAT,Subject23,random_forest,0,0,0.13333333333333333,23
MAT,Subject23,random_forest,0,0,0.19,23
MAT,Subject23,random_forest,0,0,0.2,23
MAT,Subject23,random_forest,0,0,0.25,23
MAT,Subject23,random_forest,0,0,0.18,23
MAT,Subject23,random_forest,0,0,0.25333333333333335,23
MAT,Subject23,random_forest,0,0,0.21333333333333335,23
MAT,Subject23,random_forest,0,0,0.23,23
MAT,Subject23,random_forest,0,0,0.14333333333333334,23
MAT,Subject23,random_forest,0,0,0.12333333333333334,23
MAT,Subject23,random_forest,0,0,0.16,23
MAT,Subject23,random_forest,0,0,0.04666666666666667,23
MAT,Subject23,random_forest,0,0,0.056666666666666664,23
MAT,Subject23,random_forest,0,0,0.07,23
MAT,Subject23,random_forest,0,0,0.26,23
MAT,Subject23,random_forest,0,0,0.25,23
MAT,Subject23,random_forest,0,0,0.33666666666666667,23
MAT,Subject23,random_forest,0,0,0.23,23
MAT,Subject23,random_forest,0,0,0.09666666666666666,23
MAT,Subject23,random_forest,0,0,0.15333333333333332,23
MAT,Subject23,random_forest,0,0,0.12333333333333334,23
MAT,Subject23,random_forest,0,0,0.11666666666666667,23
MAT,Subject23,random_forest,1,0,0.27,23
MAT,Subject23,random_forest,1,0,0.34,23
MAT,Subject23,random_forest,1,0,0.2,23
MAT,Subject23,random_forest,1,0,0.37666666666666665,23
MAT,Subject23,random_forest,1,0,0.3433333333333333,23
MAT,Subject23,random_forest,1,0,0.12333333333333334,23
MAT,Subject23,random_forest,1,0,0.17666666666666667,23
MAT,Subject23,random_forest,1,0,0.16,23
MAT,Subject23,random_forest,1,0,0.18,23
MAT,Subject23,random_forest,1,0,0.24333333333333335,23
MAT,Subject23,random_forest,1,0,0.18333333333333332,23
MAT,Subject23,random_forest,1,0,0.11333333333333333,23
MAT,Subject23,random_forest,1,0,0.19333333333333333,23
MAT,Subject23,random_forest,1,0,0.43333333333333335,23
MAT,Subject23,random_forest,1,0,0.4266666666666667,23
MAT,Subject23,random_forest,1,0,0.3,23
MAT,Subject23,random_forest,1,0,0.31333333333333335,23
MAT,Subject23,random_forest,1,0,0.30666666666666664,23
MAT,Subject23,random_forest,1,0,0.21666666666666667,23
MAT,Subject23,random_forest,1,0,0.29333333333333333,23
MAT,Subject23,random_forest,1,0,0.21,23
MAT,Subject23,random_forest,1,0,0.15,23
MAT,Subject23,random_forest,1,0,0.17,23
MAT,Subject23,random_forest,1,0,0.19,23
MAT,Subject23,random_forest,1,0,0.22666666666666666,23
MAT,Subject23,random_forest,1,0,0.23,23
MAT,Subject23,random_forest,1,0,0.2966666666666667,23
MAT,Subject23,random_forest,1,0,0.15666666666666668,23
MAT,Subject23,random_forest,1,0,0.043333333333333335,23
MAT,Subject23,random_forest,1,0,0.26,23
MAT,Subject24,random_forest,0,1,0.5066666666666667,24
MAT,Subject24,random_forest,0,1,0.5233333333333333,24
MAT,Subject24,random_forest,0,0,0.44666666666666666,24
MAT,Subject24,random_forest,0,0,0.27666666666666667,24
MAT,Subject24,random_forest,0,0,0.38,24
MAT,Subject24,random_forest,0,1,0.55,24
MAT,Subject24,random_forest,0,0,0.47,24
MAT,Subject24,random_forest,0,0,0.4766666666666667,24
MAT,Subject24,random_forest,0,0,0.12666666666666668,24
MAT,Subject24,random_forest,0,0,0.21666666666666667,24
MAT,Subject24,random_forest,0,0,0.16666666666666666,24
MAT,Subject24,random_forest,0,0,0.17666666666666667,24
MAT,Subject24,random_forest,0,0,0.15666666666666668,24
MAT,Subject24,random_forest,0,0,0.13,24
MAT,Subject24,random_forest,0,0,0.17666666666666667,24
MAT,Subject24,random_forest,0,0,0.28,24
MAT,Subject24,random_forest,0,0,0.27,24
MAT,Subject24,random_forest,0,0,0.17333333333333334,24
MAT,Subject24,random_forest,0,0,0.36333333333333334,24
MAT,Subject24,random_forest,0,0,0.17,24
MAT,Subject24,random_forest,0,0,0.09666666666666666,24
MAT,Subject24,random_forest,0,0,0.23666666666666666,24
MAT,Subject24,random_forest,0,0,0.2866666666666667,24
MAT,Subject24,random_forest,0,0,0.3233333333333333,24
MAT,Subject24,random_forest,0,0,0.24333333333333335,24
MAT,Subject24,random_forest,0,0,0.21,24
MAT,Subject24,random_forest,0,0,0.16333333333333333,24
MAT,Subject24,random_forest,0,0,0.15666666666666668,24
MAT,Subject24,random_forest,0,0,0.19333333333333333,24
MAT,Subject24,random_forest,0,0,0.47333333333333333,24
MAT,Subject24,random_forest,0,0,0.27,24
MAT,Subject24,random_forest,0,0,0.39,24
MAT,Subject24,random_forest,0,0,0.36,24
MAT,Subject24,random_forest,0,0,0.24,24
MAT,Subject24,random_forest,0,0,0.23666666666666666,24
MAT,Subject24,random_forest,0,0,0.2866666666666667,24
MAT,Subject24,random_forest,0,0,0.36666666666666664,24
MAT,Subject24,random_forest,0,0,0.25,24
MAT,Subject24,random_forest,0,0,0.25,24
MAT,Subject24,random_forest,0,0,0.20666666666666667,24
MAT,Subject24,random_forest,0,0,0.15,24
MAT,Subject24,random_forest,0,0,0.16333333333333333,24
MAT,Subject24,random_forest,0,0,0.11,24
MAT,Subject24,random_forest,0,0,0.2,24
MAT,Subject24,random_forest,0,0,0.13333333333333333,24
MAT,Subject24,random_forest,0,0,0.2633333333333333,24
MAT,Subject24,random_forest,0,0,0.33,24
MAT,Subject24,random_forest,0,0,0.23,24
MAT,Subject24,random_forest,0,0,0.2733333333333333,24
MAT,Subject24,random_forest,0,0,0.15,24
MAT,Subject24,random_forest,0,0,0.15333333333333332,24
MAT,Subject24,random_forest,0,0,0.17,24
MAT,Subject24,random_forest,0,0,0.18333333333333332,24
MAT,Subject24,random_forest,0,0,0.25333333333333335,24
MAT,Subject24,random_forest,0,0,0.21333333333333335,24
MAT,Subject24,random_forest,0,0,0.3333333333333333,24
MAT,Subject24,random_forest,0,0,0.16,24
MAT,Subject24,random_forest,0,0,0.1,24
MAT,Subject24,random_forest,0,0,0.15333333333333332,24
MAT,Subject24,random_forest,0,0,0.29,24
MAT,Subject24,random_forest,0,0,0.29,24
MAT,Subject24,random_forest,0,0,0.32,24
MAT,Subject24,random_forest,0,0,0.28,24
MAT,Subject24,random_forest,0,0,0.15,24
MAT,Subject24,random_forest,0,0,0.09333333333333334,24
MAT,Subject24,random_forest,0,0,0.11333333333333333,24
MAT,Subject24,random_forest,0,0,0.32,24
MAT,Subject24,random_forest,0,0,0.25333333333333335,24
MAT,Subject24,random_forest,0,0,0.38333333333333336,24
MAT,Subject24,random_forest,0,0,0.2833333333333333,24
MAT,Subject24,random_forest,0,0,0.22666666666666666,24
MAT,Subject24,random_forest,0,0,0.43333333333333335,24
MAT,Subject24,random_forest,0,0,0.41333333333333333,24
MAT,Subject24,random_forest,0,0,0.38666666666666666,24
MAT,Subject24,random_forest,0,0,0.3466666666666667,24
MAT,Subject24,random_forest,0,0,0.18333333333333332,24
MAT,Subject24,random_forest,0,0,0.4033333333333333,24
MAT,Subject24,random_forest,0,0,0.44666666666666666,24
MAT,Subject24,random_forest,0,0,0.26666666666666666,24
MAT,Subject24,random_forest,0,0,0.27,24
MAT,Subject24,random_forest,0,0,0.37,24
MAT,Subject24,random_forest,0,0,0.16666666666666666,24
MAT,Subject24,random_forest,0,0,0.10333333333333333,24
MAT,Subject24,random_forest,0,0,0.2733333333333333,24
MAT,Subject24,random_forest,0,0,0.2833333333333333,24
MAT,Subject24,random_forest,0,0,0.32666666666666666,24
MAT,Subject24,random_forest,0,0,0.2966666666666667,24
MAT,Subject24,random_forest,0,0,0.27,24
MAT,Subject24,random_forest,0,0,0.37333333333333335,24
MAT,Subject24,random_forest,0,0,0.37666666666666665,24
MAT,Subject24,random_forest,1,0,0.20333333333333334,24
MAT,Subject24,random_forest,1,0,0.24666666666666667,24
MAT,Subject24,random_forest,1,0,0.22666666666666666,24
MAT,Subject24,random_forest,1,0,0.2633333333333333,24
MAT,Subject24,random_forest,1,1,0.55,24
MAT,Subject24,random_forest,1,0,0.47,24
MAT,Subject24,random_forest,1,0,0.4633333333333333,24
MAT,Subject24,random_forest,1,0,0.35,24
MAT,Subject24,random_forest,1,0,0.3933333333333333,24
MAT,Subject24,random_forest,1,0,0.43333333333333335,24
MAT,Subject24,random_forest,1,0,0.4166666666666667,24
MAT,Subject24,random_forest,1,0,0.4266666666666667,24
MAT,Subject24,random_forest,1,0,0.35,24
MAT,Subject24,random_forest,1,0,0.26,24
MAT,Subject24,random_forest,1,0,0.20333333333333334,24
MAT,Subject24,random_forest,1,0,0.29,24
MAT,Subject24,random_forest,1,0,0.31333333333333335,24
MAT,Subject24,random_forest,1,0,0.27,24
MAT,Subject24,random_forest,1,0,0.4166666666666667,24
MAT,Subject24,random_forest,1,0,0.43666666666666665,24
MAT,Subject24,random_forest,1,0,0.3333333333333333,24
MAT,Subject24,random_forest,1,0,0.2733333333333333,24
MAT,Subject24,random_forest,1,0,0.3566666666666667,24
MAT,Subject24,random_forest,1,0,0.3566666666666667,24
MAT,Subject24,random_forest,1,0,0.43,24
MAT,Subject24,random_forest,1,0,0.37,24
MAT,Subject24,random_forest,1,0,0.21666666666666667,24
MAT,Subject24,random_forest,1,0,0.26,24
MAT,Subject24,random_forest,1,0,0.3466666666666667,24
MAT,Subject24,random_forest,1,0,0.31666666666666665,24
MAT,Subject25,random_forest,0,0,0.06666666666666667,25
MAT,Subject25,random_forest,0,0,0.09333333333333334,25
MAT,Subject25,random_forest,0,0,0.13666666666666666,25
MAT,Subject25,random_forest,0,0,0.10666666666666667,25
MAT,Subject25,random_forest,0,0,0.11333333333333333,25
MAT,Subject25,random_forest,0,0,0.17666666666666667,25
MAT,Subject25,random_forest,0,0,0.11,25
MAT,Subject25,random_forest,0,0,0.13666666666666666,25
MAT,Subject25,random_forest,0,0,0.13,25
MAT,Subject25,random_forest,0,0,0.19333333333333333,25
MAT,Subject25,random_forest,0,0,0.12,25
MAT,Subject25,random_forest,0,0,0.13666666666666666,25
MAT,Subject25,random_forest,0,0,0.12666666666666668,25
MAT,Subject25,random_forest,0,0,0.17,25
MAT,Subject25,random_forest,0,0,0.13666666666666666,25
MAT,Subject25,random_forest,0,0,0.12,25
MAT,Subject25,random_forest,0,0,0.11,25
MAT,Subject25,random_forest,0,0,0.10333333333333333,25
MAT,Subject25,random_forest,0,0,0.05333333333333334,25
MAT,Subject25,random_forest,0,0,0.09666666666666666,25
MAT,Subject25,random_forest,0,0,0.13,25
MAT,Subject25,random_forest,0,0,0.14333333333333334,25
MAT,Subject25,random_forest,0,0,0.09666666666666666,25
MAT,Subject25,random_forest,0,0,0.09666666666666666,25
MAT,Subject25,random_forest,0,0,0.13,25
MAT,Subject25,random_forest,0,0,0.18333333333333332,25
MAT,Subject25,random_forest,0,0,0.15666666666666668,25
MAT,Subject25,random_forest,0,0,0.11666666666666667,25
MAT,Subject25,random_forest,0,0,0.14333333333333334,25
MAT,Subject25,random_forest,0,0,0.16,25
MAT,Subject25,random_forest,0,0,0.14333333333333334,25
MAT,Subject25,random_forest,0,0,0.1,25
MAT,Subject25,random_forest,0,0,0.11,25
MAT,Subject25,random_forest,0,0,0.13333333333333333,25
MAT,Subject25,random_forest,0,0,0.10333333333333333,25
MAT,Subject25,random_forest,0,0,0.09,25
MAT,Subject25,random_forest,0,0,0.09,25
MAT,Subject25,random_forest,0,0,0.13333333333333333,25
MAT,Subject25,random_forest,0,0,0.15333333333333332,25
MAT,Subject25,random_forest,0,0,0.1,25
MAT,Subject25,random_forest,0,0,0.04666666666666667,25
MAT,Subject25,random_forest,0,0,0.06666666666666667,25
MAT,Subject25,random_forest,0,0,0.06666666666666667,25
MAT,Subject25,random_forest,0,0,0.08666666666666667,25
MAT,Subject25,random_forest,0,0,0.26,25
MAT,Subject25,random_forest,0,0,0.15333333333333332,25
MAT,Subject25,random_forest,0,0,0.07666666666666666,25
MAT,Subject25,random_forest,0,0,0.08666666666666667,25
MAT,Subject25,random_forest,0,0,0.08333333333333333,25
MAT,Subject25,random_forest,0,0,0.07666666666666666,25
MAT,Subject25,random_forest,0,0,0.07666666666666666,25
MAT,Subject25,random_forest,0,0,0.05,25
MAT,Subject25,random_forest,0,0,0.09,25
MAT,Subject25,random_forest,0,0,0.15666666666666668,25
MAT,Subject25,random_forest,0,0,0.15,25
MAT,Subject25,random_forest,0,0,0.16,25
MAT,Subject25,random_forest,0,0,0.14333333333333334,25
MAT,Subject25,random_forest,0,0,0.14,25
MAT,Subject25,random_forest,0,0,0.16,25
MAT,Subject25,random_forest,0,0,0.07333333333333333,25
MAT,Subject25,random_forest,0,0,0.06,25
MAT,Subject25,random_forest,0,0,0.10666666666666667,25
MAT,Subject25,random_forest,0,0,0.09,25
MAT,Subject25,random_forest,0,0,0.08333333333333333,25
MAT,Subject25,random_forest,0,0,0.08,25
MAT,Subject25,random_forest,0,0,0.03666666666666667,25
MAT,Subject25,random_forest,0,0,0.016666666666666666,25
MAT,Subject25,random_forest,0,0,0.043333333333333335,25
MAT,Subject25,random_forest,0,0,0.05333333333333334,25
MAT,Subject25,random_forest,0,0,0.06,25
MAT,Subject25,random_forest,0,0,0.03333333333333333,25
MAT,Subject25,random_forest,0,0,0.09333333333333334,25
MAT,Subject25,random_forest,0,0,0.18,25
MAT,Subject25,random_forest,0,0,0.14666666666666667,25
MAT,Subject25,random_forest,0,0,0.06333333333333334,25
MAT,Subject25,random_forest,0,0,0.03333333333333333,25
MAT,Subject25,random_forest,0,0,0.07,25
MAT,Subject25,random_forest,0,0,0.12666666666666668,25
MAT,Subject25,random_forest,0,0,0.13,25
MAT,Subject25,random_forest,0,0,0.07666666666666666,25
MAT,Subject25,random_forest,0,0,0.03333333333333333,25
MAT,Subject25,random_forest,0,0,0.08,25
MAT,Subject25,random_forest,0,0,0.056666666666666664,25
MAT,Subject25,random_forest,0,0,0.08666666666666667,25
MAT,Subject25,random_forest,0,0,0.17666666666666667,25
MAT,Subject25,random_forest,0,0,0.13333333333333333,25
MAT,Subject25,random_forest,0,0,0.19333333333333333,25
MAT,Subject25,random_forest,0,0,0.056666666666666664,25
MAT,Subject25,random_forest,0,0,0.02,25
MAT,Subject25,random_forest,0,0,0.18666666666666668,25
MAT,Subject25,random_forest,1,0,0.11666666666666667,25
MAT,Subject25,random_forest,1,0,0.09,25
MAT,Subject25,random_forest,1,0,0.08,25
MAT,Subject25,random_forest,1,0,0.11333333333333333,25
MAT,Subject25,random_forest,1,0,0.16333333333333333,25
MAT,Subject25,random_forest,1,0,0.23666666666666666,25
MAT,Subject25,random_forest,1,0,0.16,25
MAT,Subject25,random_forest,1,0,0.17666666666666667,25
MAT,Subject25,random_forest,1,0,0.16333333333333333,25
MAT,Subject25,random_forest,1,0,0.32666666666666666,25
MAT,Subject25,random_forest,1,0,0.26,25
MAT,Subject25,random_forest,1,0,0.18,25
MAT,Subject25,random_forest,1,0,0.1,25
MAT,Subject25,random_forest,1,0,0.11666666666666667,25
MAT,Subject25,random_forest,1,0,0.08,25
MAT,Subject25,random_forest,1,0,0.056666666666666664,25
MAT,Subject25,random_forest,1,0,0.03,25
MAT,Subject25,random_forest,1,0,0.1,25
MAT,Subject25,random_forest,1,0,0.19666666666666666,25
MAT,Subject25,random_forest,1,0,0.23,25
MAT,Subject25,random_forest,1,0,0.14666666666666667,25
MAT,Subject25,random_forest,1,0,0.14333333333333334,25
MAT,Subject25,random_forest,1,0,0.18,25
MAT,Subject25,random_forest,1,0,0.18333333333333332,25
MAT,Subject25,random_forest,1,0,0.21333333333333335,25
MAT,Subject25,random_forest,1,0,0.21,25
MAT,Subject25,random_forest,1,0,0.15666666666666668,25
MAT,Subject25,random_forest,1,0,0.25,25
MAT,Subject25,random_forest,1,0,0.15666666666666668,25
MAT,Subject25,random_forest,1,0,0.21,25
MAT,Subject26,random_forest,0,0,0.29,26
MAT,Subject26,random_forest,0,0,0.42333333333333334,26
MAT,Subject26,random_forest,0,0,0.2633333333333333,26
MAT,Subject26,random_forest,0,0,0.16666666666666666,26
MAT,Subject26,random_forest,0,0,0.14666666666666667,26
MAT,Subject26,random_forest,0,0,0.12333333333333334,26
MAT,Subject26,random_forest,0,0,0.15333333333333332,26
MAT,Subject26,random_forest,0,0,0.12,26
MAT,Subject26,random_forest,0,0,0.12,26
MAT,Subject26,random_forest,0,0,0.15333333333333332,26
MAT,Subject26,random_forest,0,0,0.09666666666666666,26
MAT,Subject26,random_forest,0,0,0.11333333333333333,26
MAT,Subject26,random_forest,0,0,0.13333333333333333,26
MAT,Subject26,random_forest,0,0,0.20333333333333334,26
MAT,Subject26,random_forest,0,0,0.22333333333333333,26
MAT,Subject26,random_forest,0,0,0.10333333333333333,26
MAT,Subject26,random_forest,0,0,0.15,26
MAT,Subject26,random_forest,0,0,0.16333333333333333,26
MAT,Subject26,random_forest,0,0,0.1,26
MAT,Subject26,random_forest,0,0,0.07666666666666666,26
MAT,Subject26,random_forest,0,0,0.07666666666666666,26
MAT,Subject26,random_forest,0,0,0.22,26
MAT,Subject26,random_forest,0,0,0.3433333333333333,26
MAT,Subject26,random_forest,0,0,0.4033333333333333,26
MAT,Subject26,random_forest,0,0,0.25666666666666665,26
MAT,Subject26,random_forest,0,0,0.2866666666666667,26
MAT,Subject26,random_forest,0,0,0.32,26
MAT,Subject26,random_forest,0,0,0.2,26
MAT,Subject26,random_forest,0,0,0.19,26
MAT,Subject26,random_forest,0,0,0.22,26
MAT,Subject26,random_forest,0,0,0.25,26
MAT,Subject26,random_forest,0,0,0.21666666666666667,26
MAT,Subject26,random_forest,0,0,0.19333333333333333,26
MAT,Subject26,random_forest,0,0,0.13666666666666666,26
MAT,Subject26,random_forest,0,0,0.15666666666666668,26
MAT,Subject26,random_forest,0,0,0.16333333333333333,26
MAT,Subject26,random_forest,0,0,0.15,26
MAT,Subject26,random_forest,0,0,0.16666666666666666,26
MAT,Subject26,random_forest,0,0,0.23,26
MAT,Subject26,random_forest,0,0,0.12,26
MAT,Subject26,random_forest,0,0,0.12,26
MAT,Subject26,random_forest,0,0,0.17,26
MAT,Subject26,random_forest,0,0,0.18666666666666668,26
MAT,Subject26,random_forest,0,0,0.2733333333333333,26
MAT,Subject26,random_forest,0,0,0.22666666666666666,26
MAT,Subject26,random_forest,0,0,0.20333333333333334,26
MAT,Subject26,random_forest,0,0,0.2,26
MAT,Subject26,random_forest,0,0,0.10333333333333333,26
MAT,Subject26,random_forest,0,0,0.12666666666666668,26
MAT,Subject26,random_forest,0,0,0.11333333333333333,26
MAT,Subject26,random_forest,0,0,0.09666666666666666,26
MAT,Subject26,random_forest,0,0,0.14,26
MAT,Subject26,random_forest,0,0,0.20333333333333334,26
MAT,Subject26,random_forest,0,0,0.15666666666666668,26
MAT,Subject26,random_forest,0,0,0.19,26
MAT,Subject26,random_forest,0,0,0.12666666666666668,26
MAT,Subject26,random_forest,0,0,0.12666666666666668,26
MAT,Subject26,random_forest,0,0,0.14333333333333334,26
MAT,Subject26,random_forest,0,0,0.15333333333333332,26
MAT,Subject26,random_forest,0,0,0.13,26
MAT,Subject26,random_forest,0,0,0.13333333333333333,26
MAT,Subject26,random_forest,0,0,0.24666666666666667,26
MAT,Subject26,random_forest,0,0,0.14,26
MAT,Subject26,random_forest,0,0,0.12666666666666668,26
MAT,Subject26,random_forest,0,0,0.16333333333333333,26
MAT,Subject26,random_forest,0,0,0.20666666666666667,26
MAT,Subject26,random_forest,0,0,0.17666666666666667,26
MAT,Subject26,random_forest,0,0,0.25,26
MAT,Subject26,random_forest,0,0,0.13,26
MAT,Subject26,random_forest,0,0,0.12,26
MAT,Subject26,random_forest,0,0,0.15333333333333332,26
MAT,Subject26,random_forest,0,0,0.21,26
MAT,Subject26,random_forest,0,0,0.20333333333333334,26
MAT,Subject26,random_forest,0,0,0.07333333333333333,26
MAT,Subject26,random_forest,0,0,0.11666666666666667,26
MAT,Subject26,random_forest,0,0,0.21666666666666667,26
MAT,Subject26,random_forest,0,0,0.22666666666666666,26
MAT,Subject26,random_forest,0,0,0.13,26
MAT,Subject26,random_forest,0,0,0.19,26
MAT,Subject26,random_forest,0,0,0.31333333333333335,26
MAT,Subject26,random_forest,0,0,0.27,26
MAT,Subject26,random_forest,0,0,0.22666666666666666,26
MAT,Subject26,random_forest,0,0,0.16666666666666666,26
MAT,Subject26,random_forest,0,0,0.21333333333333335,26
MAT,Subject26,random_forest,0,0,0.22,26
MAT,Subject26,random_forest,0,0,0.21333333333333335,26
MAT,Subject26,random_forest,0,0,0.16666666666666666,26
MAT,Subject26,random_forest,0,0,0.18,26
MAT,Subject26,random_forest,0,0,0.23333333333333334,26
MAT,Subject26,random_forest,0,0,0.30333333333333334,26
MAT,Subject26,random_forest,1,0,0.15333333333333332,26
MAT,Subject26,random_forest,1,0,0.23,26
MAT,Subject26,random_forest,1,0,0.14333333333333334,26
MAT,Subject26,random_forest,1,0,0.17666666666666667,26
MAT,Subject26,random_forest,1,0,0.16333333333333333,26
MAT,Subject26,random_forest,1,0,0.3466666666666667,26
MAT,Subject26,random_forest,1,0,0.37,26
MAT,Subject26,random_forest,1,0,0.33,26
MAT,Subject26,random_forest,1,0,0.22,26
MAT,Subject26,random_forest,1,0,0.18333333333333332,26
MAT,Subject26,random_forest,1,0,0.21666666666666667,26
MAT,Subject26,random_forest,1,0,0.26,26
MAT,Subject26,random_forest,1,0,0.2966666666666667,26
MAT,Subject26,random_forest,1,0,0.31666666666666665,26
MAT,Subject26,random_forest,1,0,0.3333333333333333,26
MAT,Subject26,random_forest,1,0,0.29,26
MAT,Subject26,random_forest,1,0,0.17666666666666667,26
MAT,Subject26,random_forest,1,0,0.15,26
MAT,Subject26,random_forest,1,0,0.22333333333333333,26
MAT,Subject26,random_forest,1,0,0.23333333333333334,26
MAT,Subject26,random_forest,1,0,0.16666666666666666,26
MAT,Subject26,random_forest,1,0,0.37333333333333335,26
MAT,Subject26,random_forest,1,0,0.25666666666666665,26
MAT,Subject26,random_forest,1,0,0.32,26
MAT,Subject26,random_forest,1,0,0.41,26
MAT,Subject26,random_forest,1,0,0.20333333333333334,26
MAT,Subject26,random_forest,1,0,0.15666666666666668,26
MAT,Subject26,random_forest,1,0,0.18666666666666668,26
MAT,Subject26,random_forest,1,0,0.21666666666666667,26
MAT,Subject26,random_forest,1,0,0.38,26
MAT,Subject27,random_forest,0,0,0.17,27
MAT,Subject27,random_forest,0,0,0.15,27
MAT,Subject27,random_forest,0,0,0.4533333333333333,27
MAT,Subject27,random_forest,0,0,0.25333333333333335,27
MAT,Subject27,random_forest,0,0,0.41333333333333333,27
MAT,Subject27,random_forest,0,0,0.18,27
MAT,Subject27,random_forest,0,0,0.37333333333333335,27
MAT,Subject27,random_forest,0,0,0.41,27
MAT,Subject27,random_forest,0,0,0.29,27
MAT,Subject27,random_forest,0,0,0.18,27
MAT,Subject27,random_forest,0,0,0.09333333333333334,27
MAT,Subject27,random_forest,0,0,0.3466666666666667,27
MAT,Subject27,random_forest,0,0,0.36666666666666664,27
MAT,Subject27,random_forest,0,0,0.43333333333333335,27
MAT,Subject27,random_forest,0,0,0.36333333333333334,27
MAT,Subject27,random_forest,0,0,0.2833333333333333,27
MAT,Subject27,random_forest,0,0,0.27,27
MAT,Subject27,random_forest,0,0,0.19666666666666666,27
MAT,Subject27,random_forest,0,0,0.18666666666666668,27
MAT,Subject27,random_forest,0,0,0.19333333333333333,27
MAT,Subject27,random_forest,0,0,0.2866666666666667,27
MAT,Subject27,random_forest,0,0,0.16333333333333333,27
MAT,Subject27,random_forest,0,0,0.07666666666666666,27
MAT,Subject27,random_forest,0,0,0.10333333333333333,27
MAT,Subject27,random_forest,0,0,0.15666666666666668,27
MAT,Subject27,random_forest,0,0,0.11,27
MAT,Subject27,random_forest,0,0,0.08666666666666667,27
MAT,Subject27,random_forest,0,0,0.13,27
MAT,Subject27,random_forest,0,0,0.3233333333333333,27
MAT,Subject27,random_forest,0,0,0.43666666666666665,27
MAT,Subject27,random_forest,0,0,0.27666666666666667,27
MAT,Subject27,random_forest,0,0,0.22333333333333333,27
MAT,Subject27,random_forest,0,0,0.18666666666666668,27
MAT,Subject27,random_forest,0,0,0.31,27
MAT,Subject27,random_forest,0,0,0.21333333333333335,27
MAT,Subject27,random_forest,0,0,0.27,27
MAT,Subject27,random_forest,0,0,0.34,27
MAT,Subject27,random_forest,0,0,0.3233333333333333,27
MAT,Subject27,random_forest,0,0,0.19666666666666666,27
MAT,Subject27,random_forest,0,0,0.49333333333333335,27
MAT,Subject27,random_forest,0,0,0.35333333333333333,27
MAT,Subject27,random_forest,0,0,0.47,27
MAT,Subject27,random_forest,0,0,0.19666666666666666,27
MAT,Subject27,random_forest,0,0,0.42,27
MAT,Subject27,random_forest,0,1,0.5333333333333333,27
MAT,Subject27,random_forest,0,0,0.43333333333333335,27
MAT,Subject27,random_forest,0,0,0.31333333333333335,27
MAT,Subject27,random_forest,0,0,0.25666666666666665,27
MAT,Subject27,random_forest,0,0,0.19333333333333333,27
MAT,Subject27,random_forest,0,0,0.19,27
MAT,Subject27,random_forest,0,0,0.29333333333333333,27
MAT,Subject27,random_forest,0,0,0.13666666666666666,27
MAT,Subject27,random_forest,0,0,0.08666666666666667,27
MAT,Subject27,random_forest,0,0,0.18666666666666668,27
MAT,Subject27,random_forest,0,0,0.12,27
MAT,Subject27,random_forest,0,0,0.11666666666666667,27
MAT,Subject27,random_forest,0,0,0.15,27
MAT,Subject27,random_forest,0,0,0.23333333333333334,27
MAT,Subject27,random_forest,0,0,0.25333333333333335,27
MAT,Subject27,random_forest,0,0,0.26666666666666666,27
MAT,Subject27,random_forest,0,0,0.27,27
MAT,Subject27,random_forest,0,0,0.23666666666666666,27
MAT,Subject27,random_forest,0,0,0.25,27
MAT,Subject27,random_forest,0,0,0.29333333333333333,27
MAT,Subject27,random_forest,0,0,0.25666666666666665,27
MAT,Subject27,random_forest,0,0,0.36,27
MAT,Subject27,random_forest,0,0,0.3933333333333333,27
MAT,Subject27,random_forest,0,0,0.43666666666666665,27
MAT,Subject27,random_forest,0,0,0.49,27
MAT,Subject27,random_forest,0,0,0.5,27
MAT,Subject27,random_forest,0,1,0.5766666666666667,27
MAT,Subject27,random_forest,0,0,0.30666666666666664,27
MAT,Subject27,random_forest,0,0,0.17,27
MAT,Subject27,random_forest,0,0,0.11,27
MAT,Subject27,random_forest,0,0,0.16333333333333333,27
MAT,Subject27,random_forest,0,0,0.3233333333333333,27
MAT,Subject27,random_forest,0,0,0.3433333333333333,27
MAT,Subject27,random_forest,0,0,0.30333333333333334,27
MAT,Subject27,random_forest,0,0,0.29,27
MAT,Subject27,random_forest,0,0,0.32,27
MAT,Subject27,random_forest,0,0,0.19666666666666666,27
MAT,Subject27,random_forest,0,0,0.38,27
MAT,Subject27,random_forest,0,0,0.4533333333333333,27
MAT,Subject27,random_forest,0,1,0.6333333333333333,27
MAT,Subject27,random_forest,0,1,0.7266666666666667,27
MAT,Subject27,random_forest,0,1,0.8166666666666667,27
MAT,Subject27,random_forest,0,0,0.43333333333333335,27
MAT,Subject27,random_forest,0,0,0.2833333333333333,27
MAT,Subject27,random_forest,0,0,0.31666666666666665,27
MAT,Subject27,random_forest,0,0,0.4066666666666667,27
MAT,Subject27,random_forest,1,0,0.37333333333333335,27
MAT,Subject27,random_forest,1,1,0.5433333333333333,27
MAT,Subject27,random_forest,1,1,0.5733333333333334,27
MAT,Subject27,random_forest,1,1,0.5066666666666667,27
MAT,Subject27,random_forest,1,0,0.30333333333333334,27
MAT,Subject27,random_forest,1,0,0.4866666666666667,27
MAT,Subject27,random_forest,1,1,0.5366666666666666,27
MAT,Subject27,random_forest,1,0,0.49333333333333335,27
MAT,Subject27,random_forest,1,1,0.5566666666666666,27
MAT,Subject27,random_forest,1,1,0.6633333333333333,27
MAT,Subject27,random_forest,1,1,0.6766666666666666,27
MAT,Subject27,random_forest,1,1,0.6133333333333333,27
MAT,Subject27,random_forest,1,1,0.5766666666666667,27
MAT,Subject27,random_forest,1,0,0.38,27
MAT,Subject27,random_forest,1,1,0.5533333333333333,27
MAT,Subject27,random_forest,1,1,0.5233333333333333,27
MAT,Subject27,random_forest,1,0,0.4866666666666667,27
MAT,Subject27,random_forest,1,1,0.71,27
MAT,Subject27,random_forest,1,1,0.7066666666666667,27
MAT,Subject27,random_forest,1,1,0.6466666666666666,27
MAT,Subject27,random_forest,1,1,0.6633333333333333,27
MAT,Subject27,random_forest,1,0,0.4666666666666667,27
MAT,Subject27,random_forest,1,0,0.45,27
MAT,Subject27,random_forest,1,1,0.5766666666666667,27
MAT,Subject27,random_forest,1,1,0.5533333333333333,27
MAT,Subject27,random_forest,1,0,0.35333333333333333,27
MAT,Subject27,random_forest,1,0,0.38,27
MAT,Subject27,random_forest,1,0,0.41,27
MAT,Subject27,random_forest,1,1,0.5066666666666667,27
MAT,Subject27,random_forest,1,0,0.35,27
MAT,Subject28,random_forest,0,0,0.23,28
MAT,Subject28,random_forest,0,0,0.18,28
MAT,Subject28,random_forest,0,0,0.10666666666666667,28
MAT,Subject28,random_forest,0,0,0.21333333333333335,28
MAT,Subject28,random_forest,0,0,0.23333333333333334,28
MAT,Subject28,random_forest,0,0,0.26,28
MAT,Subject28,random_forest,0,0,0.28,28
MAT,Subject28,random_forest,0,0,0.11333333333333333,28
MAT,Subject28,random_forest,0,0,0.06,28
MAT,Subject28,random_forest,0,0,0.15333333333333332,28
MAT,Subject28,random_forest,0,0,0.02666666666666667,28
MAT,Subject28,random_forest,0,0,0.07,28
MAT,Subject28,random_forest,0,0,0.07,28
MAT,Subject28,random_forest,0,0,0.13,28
MAT,Subject28,random_forest,0,0,0.12333333333333334,28
MAT,Subject28,random_forest,0,0,0.12333333333333334,28
MAT,Subject28,random_forest,0,0,0.11666666666666667,28
MAT,Subject28,random_forest,0,0,0.1,28
MAT,Subject28,random_forest,0,0,0.09666666666666666,28
MAT,Subject28,random_forest,0,0,0.07666666666666666,28
MAT,Subject28,random_forest,0,0,0.06,28
MAT,Subject28,random_forest,0,0,0.12333333333333334,28
MAT,Subject28,random_forest,0,0,0.05333333333333334,28
MAT,Subject28,random_forest,0,0,0.06,28
MAT,Subject28,random_forest,0,0,0.08,28
MAT,Subject28,random_forest,0,0,0.07,28
MAT,Subject28,random_forest,0,0,0.21,28
MAT,Subject28,random_forest,0,0,0.17,28
MAT,Subject28,random_forest,0,0,0.14333333333333334,28
MAT,Subject28,random_forest,0,0,0.20666666666666667,28
MAT,Subject28,random_forest,0,0,0.21,28
MAT,Subject28,random_forest,0,0,0.27,28
MAT,Subject28,random_forest,0,0,0.20666666666666667,28
MAT,Subject28,random_forest,0,0,0.17,28
MAT,Subject28,random_forest,0,0,0.12666666666666668,28
MAT,Subject28,random_forest,0,0,0.08666666666666667,28
MAT,Subject28,random_forest,0,0,0.11,28
MAT,Subject28,random_forest,0,0,0.12333333333333334,28
MAT,Subject28,random_forest,0,0,0.09333333333333334,28
MAT,Subject28,random_forest,0,0,0.14,28
MAT,Subject28,random_forest,0,0,0.13666666666666666,28
MAT,Subject28,random_forest,0,0,0.12333333333333334,28
MAT,Subject28,random_forest,0,0,0.10666666666666667,28
MAT,Subject28,random_forest,0,0,0.13333333333333333,28
MAT,Subject28,random_forest,0,0,0.18666666666666668,28
MAT,Subject28,random_forest,0,0,0.17,28
MAT,Subject28,random_forest,0,0,0.07666666666666666,28
MAT,Subject28,random_forest,0,0,0.16666666666666666,28
MAT,Subject28,random_forest,0,0,0.24,28
MAT,Subject28,random_forest,0,0,0.16333333333333333,28
MAT,Subject28,random_forest,0,0,0.07666666666666666,28
MAT,Subject28,random_forest,0,0,0.22,28
MAT,Subject28,random_forest,0,0,0.19,28
MAT,Subject28,random_forest,0,0,0.11666666666666667,28
MAT,Subject28,random_forest,0,0,0.09333333333333334,28
MAT,Subject28,random_forest,0,0,0.07666666666666666,28
MAT,Subject28,random_forest,0,0,0.23333333333333334,28
MAT,Subject28,random_forest,0,0,0.09333333333333334,28
MAT,Subject28,random_forest,0,0,0.06,28
MAT,Subject28,random_forest,0,0,0.19,28
MAT,Subject28,random_forest,0,0,0.15666666666666668,28
MAT,Subject28,random_forest,0,0,0.15333333333333332,28
MAT,Subject28,random_forest,0,0,0.14333333333333334,28
MAT,Subject28,random_forest,0,0,0.17666666666666667,28
MAT,Subject28,random_forest,0,0,0.11333333333333333,28
MAT,Subject28,random_forest,0,0,0.19,28
MAT,Subject28,random_forest,0,0,0.15333333333333332,28
MAT,Subject28,random_forest,0,0,0.18333333333333332,28
MAT,Subject28,random_forest,0,0,0.06666666666666667,28
MAT,Subject28,random_forest,0,0,0.12666666666666668,28
MAT,Subject28,random_forest,0,0,0.16333333333333333,28
MAT,Subject28,random_forest,0,0,0.09,28
MAT,Subject28,random_forest,0,0,0.17666666666666667,28
MAT,Subject28,random_forest,0,0,0.15,28
MAT,Subject28,random_forest,0,0,0.11333333333333333,28
MAT,Subject28,random_forest,0,0,0.19,28
MAT,Subject28,random_forest,0,0,0.27666666666666667,28
MAT,Subject28,random_forest,0,0,0.07,28
MAT,Subject28,random_forest,0,0,0.12666666666666668,28
MAT,Subject28,random_forest,0,0,0.24666666666666667,28
MAT,Subject28,random_forest,0,0,0.19,28
MAT,Subject28,random_forest,0,0,0.17,28
MAT,Subject28,random_forest,0,0,0.25,28
MAT,Subject28,random_forest,0,0,0.16,28
MAT,Subject28,random_forest,0,0,0.21666666666666667,28
MAT,Subject28,random_forest,0,0,0.27,28
MAT,Subject28,random_forest,0,0,0.13333333333333333,28
MAT,Subject28,random_forest,0,0,0.16,28
MAT,Subject28,random_forest,0,0,0.07666666666666666,28
MAT,Subject28,random_forest,0,0,0.18,28
MAT,Subject28,random_forest,1,0,0.45,28
MAT,Subject28,random_forest,1,0,0.32666666666666666,28
MAT,Subject28,random_forest,1,1,0.56,28
MAT,Subject28,random_forest,1,1,0.5333333333333333,28
MAT,Subject28,random_forest,1,0,0.35,28
MAT,Subject28,random_forest,1,0,0.25333333333333335,28
MAT,Subject28,random_forest,1,0,0.3233333333333333,28
MAT,Subject28,random_forest,1,1,0.5533333333333333,28
MAT,Subject28,random_forest,1,0,0.38666666666666666,28
MAT,Subject28,random_forest,1,0,0.41333333333333333,28
MAT,Subject28,random_forest,1,0,0.49333333333333335,28
MAT,Subject28,random_forest,1,0,0.32666666666666666,28
MAT,Subject28,random_forest,1,0,0.17666666666666667,28
MAT,Subject28,random_forest,1,0,0.4166666666666667,28
MAT,Subject28,random_forest,1,0,0.43666666666666665,28
MAT,Subject28,random_forest,1,0,0.45,28
MAT,Subject28,random_forest,1,0,0.4633333333333333,28
MAT,Subject28,random_forest,1,0,0.31,28
MAT,Subject28,random_forest,1,0,0.36666666666666664,28
MAT,Subject28,random_forest,1,0,0.5,28
MAT,Subject28,random_forest,1,1,0.52,28
MAT,Subject28,random_forest,1,0,0.4266666666666667,28
MAT,Subject28,random_forest,1,0,0.18,28
MAT,Subject28,random_forest,1,0,0.3933333333333333,28
MAT,Subject28,random_forest,1,0,0.39666666666666667,28
MAT,Subject28,random_forest,1,0,0.46,28
MAT,Subject28,random_forest,1,1,0.56,28
MAT,Subject28,random_forest,1,0,0.31666666666666665,28
MAT,Subject28,random_forest,1,0,0.24666666666666667,28
MAT,Subject28,random_forest,1,0,0.26,28
MAT,Subject29,random_forest,0,0,0.03,29
MAT,Subject29,random_forest,0,0,0.02,29
MAT,Subject29,random_forest,0,0,0.023333333333333334,29
MAT,Subject29,random_forest,0,0,0.08333333333333333,29
MAT,Subject29,random_forest,0,0,0.09,29
MAT,Subject29,random_forest,0,0,0.016666666666666666,29
MAT,Subject29,random_forest,0,0,0.016666666666666666,29
MAT,Subject29,random_forest,0,0,0.02666666666666667,29
MAT,Subject29,random_forest,0,0,0.023333333333333334,29
MAT,Subject29,random_forest,0,0,0.04666666666666667,29
MAT,Subject29,random_forest,0,0,0.05,29
MAT,Subject29,random_forest,0,0,0.04,29
MAT,Subject29,random_forest,0,0,0.15333333333333332,29
MAT,Subject29,random_forest,0,0,0.10666666666666667,29
MAT,Subject29,random_forest,0,0,0.06333333333333334,29
MAT,Subject29,random_forest,0,0,0.023333333333333334,29
MAT,Subject29,random_forest,0,0,0.03,29
MAT,Subject29,random_forest,0,0,0.01,29
MAT,Subject29,random_forest,0,0,0.07333333333333333,29
MAT,Subject29,random_forest,0,0,0.09333333333333334,29
MAT,Subject29,random_forest,0,0,0.01,29
MAT,Subject29,random_forest,0,0,0.023333333333333334,29
MAT,Subject29,random_forest,0,0,0.06,29
MAT,Subject29,random_forest,0,0,0.06333333333333334,29
MAT,Subject29,random_forest,0,0,0.07666666666666666,29
MAT,Subject29,random_forest,0,0,0.0033333333333333335,29
MAT,Subject29,random_forest,0,0,0.043333333333333335,29
MAT,Subject29,random_forest,0,0,0.02,29
MAT,Subject29,random_forest,0,0,0.04,29
MAT,Subject29,random_forest,0,0,0.05,29
MAT,Subject29,random_forest,0,0,0.006666666666666667,29
MAT,Subject29,random_forest,0,0,0.01,29
MAT,Subject29,random_forest,0,0,0.06333333333333334,29
MAT,Subject29,random_forest,0,0,0.023333333333333334,29
MAT,Subject29,random_forest,0,0,0.043333333333333335,29
MAT,Subject29,random_forest,0,0,0.10666666666666667,29
MAT,Subject29,random_forest,0,0,0.12666666666666668,29
MAT,Subject29,random_forest,0,0,0.07333333333333333,29
MAT,Subject29,random_forest,0,0,0.03,29
MAT,Subject29,random_forest,0,0,0.02,29
MAT,Subject29,random_forest,0,0,0.05,29
MAT,Subject29,random_forest,0,0,0.07666666666666666,29
MAT,Subject29,random_forest,0,0,0.12666666666666668,29
MAT,Subject29,random_forest,0,0,0.1,29
MAT,Subject29,random_forest,0,0,0.08,29
MAT,Subject29,random_forest,0,0,0.04,29
MAT,Subject29,random_forest,0,0,0.02,29
MAT,Subject29,random_forest,0,0,0.03333333333333333,29
MAT,Subject29,random_forest,0,0,0.02,29
MAT,Subject29,random_forest,0,0,0.043333333333333335,29
MAT,Subject29,random_forest,0,0,0.01,29
MAT,Subject29,random_forest,0,0,0.023333333333333334,29
MAT,Subject29,random_forest,0,0,0.013333333333333334,29
MAT,Subject29,random_forest,0,0,0.03333333333333333,29
MAT,Subject29,random_forest,0,0,0.06,29
MAT,Subject29,random_forest,0,0,0.06333333333333334,29
MAT,Subject29,random_forest,0,0,0.03,29
MAT,Subject29,random_forest,0,0,0.03,29
MAT,Subject29,random_forest,0,0,0.04,29
MAT,Subject29,random_forest,0,0,0.056666666666666664,29
MAT,Subject29,random_forest,0,0,0.02,29
MAT,Subject29,random_forest,0,0,0.023333333333333334,29
MAT,Subject29,random_forest,0,0,0.02666666666666667,29
MAT,Subject29,random_forest,0,0,0.05,29
MAT,Subject29,random_forest,0,0,0.02,29
MAT,Subject29,random_forest,0,0,0.07666666666666666,29
MAT,Subject29,random_forest,0,0,0.11333333333333333,29
MAT,Subject29,random_forest,0,0,0.08,29
MAT,Subject29,random_forest,0,0,0.15,29
MAT,Subject29,random_forest,0,0,0.3333333333333333,29
MAT,Subject29,random_forest,0,0,0.3433333333333333,29
MAT,Subject29,random_forest,0,0,0.17,29
MAT,Subject29,random_forest,0,0,0.25333333333333335,29
MAT,Subject29,random_forest,0,0,0.11666666666666667,29
MAT,Subject29,random_forest,0,0,0.1,29
MAT,Subject29,random_forest,0,0,0.11333333333333333,29
MAT,Subject29,random_forest,0,0,0.22666666666666666,29
MAT,Subject29,random_forest,0,0,0.17,29
MAT,Subject29,random_forest,0,0,0.09,29
MAT,Subject29,random_forest,0,0,0.11,29
MAT,Subject29,random_forest,0,0,0.09333333333333334,29
MAT,Subject29,random_forest,0,0,0.05,29
MAT,Subject29,random_forest,0,0,0.05333333333333334,29
MAT,Subject29,random_forest,0,0,0.09666666666666666,29
MAT,Subject29,random_forest,0,0,0.07666666666666666,29
MAT,Subject29,random_forest,0,0,0.03666666666666667,29
MAT,Subject29,random_forest,0,0,0.21666666666666667,29
MAT,Subject29,random_forest,0,0,0.3,29
MAT,Subject29,random_forest,0,0,0.25666666666666665,29
MAT,Subject29,random_forest,0,0,0.17,29
MAT,Subject29,random_forest,1,0,0.24333333333333335,29
MAT,Subject29,random_forest,1,0,0.15666666666666668,29
MAT,Subject29,random_forest,1,0,0.15,29
MAT,Subject29,random_forest,1,0,0.20333333333333334,29
MAT,Subject29,random_forest,1,0,0.16666666666666666,29
MAT,Subject29,random_forest,1,0,0.07,29
MAT,Subject29,random_forest,1,0,0.043333333333333335,29
MAT,Subject29,random_forest,1,0,0.10333333333333333,29
MAT,Subject29,random_forest,1,0,0.23333333333333334,29
MAT,Subject29,random_forest,1,0,0.16,29
MAT,Subject29,random_forest,1,0,0.13333333333333333,29
MAT,Subject29,random_forest,1,0,0.25,29
MAT,Subject29,random_forest,1,0,0.26666666666666666,29
MAT,Subject29,random_forest,1,0,0.27666666666666667,29
MAT,Subject29,random_forest,1,0,0.21,29
MAT,Subject29,random_forest,1,0,0.18666666666666668,29
MAT,Subject29,random_forest,1,0,0.08,29
MAT,Subject29,random_forest,1,0,0.09666666666666666,29
MAT,Subject29,random_forest,1,0,0.14333333333333334,29
MAT,Subject29,random_forest,1,0,0.15,29
MAT,Subject29,random_forest,1,0,0.14666666666666667,29
MAT,Subject29,random_forest,1,0,0.1,29
MAT,Subject29,random_forest,1,0,0.16666666666666666,29
MAT,Subject29,random_forest,1,0,0.18333333333333332,29
MAT,Subject29,random_forest,1,0,0.11666666666666667,29
MAT,Subject29,random_forest,1,0,0.20333333333333334,29
MAT,Subject29,random_forest,1,0,0.14666666666666667,29
MAT,Subject29,random_forest,1,0,0.056666666666666664,29
MAT,Subject29,random_forest,1,0,0.13666666666666666,29
MAT,Subject29,random_forest,1,0,0.19666666666666666,29
MAT,Subject30,random_forest,0,0,0.26,30
MAT,Subject30,random_forest,0,0,0.3333333333333333,30
MAT,Subject30,random_forest,0,0,0.22333333333333333,30
MAT,Subject30,random_forest,0,0,0.12333333333333334,30
MAT,Subject30,random_forest,0,0,0.08666666666666667,30
MAT,Subject30,random_forest,0,0,0.11333333333333333,30
MAT,Subject30,random_forest,0,0,0.07,30
MAT,Subject30,random_forest,0,0,0.11333333333333333,30
MAT,Subject30,random_forest,0,0,0.15666666666666668,30
MAT,Subject30,random_forest,0,0,0.13,30
MAT,Subject30,random_forest,0,0,0.14,30
MAT,Subject30,random_forest,0,0,0.19666666666666666,30
MAT,Subject30,random_forest,0,0,0.17666666666666667,30
MAT,Subject30,random_forest,0,0,0.12,30
MAT,Subject30,random_forest,0,0,0.11666666666666667,30
MAT,Subject30,random_forest,0,0,0.13333333333333333,30
MAT,Subject30,random_forest,0,0,0.12333333333333334,30
MAT,Subject30,random_forest,0,0,0.11333333333333333,30
MAT,Subject30,random_forest,0,0,0.18666666666666668,30
MAT,Subject30,random_forest,0,0,0.19333333333333333,30
MAT,Subject30,random_forest,0,0,0.26666666666666666,30
MAT,Subject30,random_forest,0,0,0.38,30
MAT,Subject30,random_forest,0,0,0.3233333333333333,30
MAT,Subject30,random_forest,0,0,0.15666666666666668,30
MAT,Subject30,random_forest,0,0,0.15,30
MAT,Subject30,random_forest,0,0,0.10666666666666667,30
MAT,Subject30,random_forest,0,0,0.10333333333333333,30
MAT,Subject30,random_forest,0,0,0.15666666666666668,30
MAT,Subject30,random_forest,0,0,0.19,30
MAT,Subject30,random_forest,0,0,0.21,30
MAT,Subject30,random_forest,0,0,0.23666666666666666,30
MAT,Subject30,random_forest,0,0,0.11,30
MAT,Subject30,random_forest,0,0,0.09666666666666666,30
MAT,Subject30,random_forest,0,0,0.05,30
MAT,Subject30,random_forest,0,0,0.14,30
MAT,Subject30,random_forest,0,0,0.19,30
MAT,Subject30,random_forest,0,0,0.15,30
MAT,Subject30,random_forest,0,0,0.14333333333333334,30
MAT,Subject30,random_forest,0,0,0.18,30
MAT,Subject30,random_forest,0,0,0.09,30
MAT,Subject30,random_forest,0,0,0.11333333333333333,30
MAT,Subject30,random_forest,0,0,0.31333333333333335,30
MAT,Subject30,random_forest,0,0,0.12,30
MAT,Subject30,random_forest,0,0,0.07,30
MAT,Subject30,random_forest,0,0,0.22666666666666666,30
MAT,Subject30,random_forest,0,0,0.23,30
MAT,Subject30,random_forest,0,0,0.16,30
MAT,Subject30,random_forest,0,0,0.07,30
MAT,Subject30,random_forest,0,0,0.06666666666666667,30
MAT,Subject30,random_forest,0,0,0.16333333333333333,30
MAT,Subject30,random_forest,0,0,0.16,30
MAT,Subject30,random_forest,0,0,0.25666666666666665,30
MAT,Subject30,random_forest,0,0,0.25333333333333335,30
MAT,Subject30,random_forest,0,0,0.24333333333333335,30
MAT,Subject30,random_forest,0,0,0.10333333333333333,30
MAT,Subject30,random_forest,0,0,0.13333333333333333,30
MAT,Subject30,random_forest,0,0,0.25666666666666665,30
MAT,Subject30,random_forest,0,0,0.23666666666666666,30
MAT,Subject30,random_forest,0,0,0.22333333333333333,30
MAT,Subject30,random_forest,0,0,0.18666666666666668,30
MAT,Subject30,random_forest,0,0,0.2,30
MAT,Subject30,random_forest,0,0,0.28,30
MAT,Subject30,random_forest,0,0,0.19,30
MAT,Subject30,random_forest,0,0,0.16333333333333333,30
MAT,Subject30,random_forest,0,0,0.09666666666666666,30
MAT,Subject30,random_forest,0,0,0.07666666666666666,30
MAT,Subject30,random_forest,0,0,0.1,30
MAT,Subject30,random_forest,0,0,0.34,30
MAT,Subject30,random_forest,0,0,0.35,30
MAT,Subject30,random_forest,0,0,0.20333333333333334,30
MAT,Subject30,random_forest,0,0,0.24666666666666667,30
MAT,Subject30,random_forest,0,0,0.18,30
MAT,Subject30,random_forest,0,0,0.18333333333333332,30
MAT,Subject30,random_forest,0,0,0.16,30
MAT,Subject30,random_forest,0,0,0.16666666666666666,30
MAT,Subject30,random_forest,0,0,0.13666666666666666,30
MAT,Subject30,random_forest,0,0,0.15666666666666668,30
MAT,Subject30,random_forest,0,0,0.31666666666666665,30
MAT,Subject30,random_forest,0,0,0.36333333333333334,30
MAT,Subject30,random_forest,0,0,0.31666666666666665,30
MAT,Subject30,random_forest,0,0,0.23,30
MAT,Subject30,random_forest,0,0,0.19333333333333333,30
MAT,Subject30,random_forest,0,0,0.22666666666666666,30
MAT,Subject30,random_forest,0,0,0.26,30
MAT,Subject30,random_forest,0,0,0.22,30
MAT,Subject30,random_forest,0,0,0.19333333333333333,30
MAT,Subject30,random_forest,0,0,0.22,30
MAT,Subject30,random_forest,0,0,0.14,30
MAT,Subject30,random_forest,0,0,0.16666666666666666,30
MAT,Subject30,random_forest,0,0,0.36666666666666664,30
MAT,Subject30,random_forest,1,0,0.36333333333333334,30
MAT,Subject30,random_forest,1,0,0.4633333333333333,30
MAT,Subject30,random_forest,1,0,0.4866666666666667,30
MAT,Subject30,random_forest,1,0,0.4,30
MAT,Subject30,random_forest,1,0,0.30333333333333334,30
MAT,Subject30,random_forest,1,0,0.29,30
MAT,Subject30,random_forest,1,0,0.27,30
MAT,Subject30,random_forest,1,0,0.37,30
MAT,Subject30,random_forest,1,0,0.4066666666666667,30
MAT,Subject30,random_forest,1,0,0.33,30
MAT,Subject30,random_forest,1,0,0.31,30
MAT,Subject30,random_forest,1,0,0.42333333333333334,30
MAT,Subject30,random_forest,1,0,0.36,30
MAT,Subject30,random_forest,1,0,0.3333333333333333,30
MAT,Subject30,random_forest,1,0,0.2633333333333333,30
MAT,Subject30,random_forest,1,0,0.31333333333333335,30
MAT,Subject30,random_forest,1,0,0.27,30
MAT,Subject30,random_forest,1,0,0.33,30
MAT,Subject30,random_forest,1,0,0.32,30
MAT,Subject30,random_forest,1,0,0.25666666666666665,30
MAT,Subject30,random_forest,1,0,0.3,30
MAT,Subject30,random_forest,1,0,0.31666666666666665,30
MAT,Subject30,random_forest,1,0,0.42,30
MAT,Subject30,random_forest,1,0,0.3433333333333333,30
MAT,Subject30,random_forest,1,0,0.38333333333333336,30
MAT,Subject30,random_forest,1,0,0.25333333333333335,30
MAT,Subject30,random_forest,1,0,0.26,30
MAT,Subject30,random_forest,1,0,0.41,30
MAT,Subject30,random_forest,1,0,0.36333333333333334,30
MAT,Subject30,random_forest,1,0,0.36666666666666664,30
MAT,Subject31,random_forest,0,0,0.13333333333333333,31
MAT,Subject31,random_forest,0,0,0.09333333333333334,31
MAT,Subject31,random_forest,0,0,0.12333333333333334,31
MAT,Subject31,random_forest,0,0,0.23333333333333334,31
MAT,Subject31,random_forest,0,0,0.17333333333333334,31
MAT,Subject31,random_forest,0,0,0.17333333333333334,31
MAT,Subject31,random_forest,0,0,0.17666666666666667,31
MAT,Subject31,random_forest,0,0,0.16333333333333333,31
MAT,Subject31,random_forest,0,0,0.14333333333333334,31
MAT,Subject31,random_forest,0,0,0.16,31
MAT,Subject31,random_forest,0,0,0.26,31
MAT,Subject31,random_forest,0,0,0.23333333333333334,31
MAT,Subject31,random_forest,0,0,0.30333333333333334,31
MAT,Subject31,random_forest,0,0,0.16,31
MAT,Subject31,random_forest,0,0,0.17333333333333334,31
MAT,Subject31,random_forest,0,0,0.24,31
MAT,Subject31,random_forest,0,0,0.4866666666666667,31
MAT,Subject31,random_forest,0,0,0.45666666666666667,31
MAT,Subject31,random_forest,0,0,0.24666666666666667,31
MAT,Subject31,random_forest,0,0,0.34,31
MAT,Subject31,random_forest,0,0,0.2966666666666667,31
MAT,Subject31,random_forest,0,0,0.18666666666666668,31
MAT,Subject31,random_forest,0,0,0.24333333333333335,31
MAT,Subject31,random_forest,0,0,0.26666666666666666,31
MAT,Subject31,random_forest,0,0,0.1,31
MAT,Subject31,random_forest,0,0,0.15333333333333332,31
MAT,Subject31,random_forest,0,0,0.26,31
MAT,Subject31,random_forest,0,0,0.22333333333333333,31
MAT,Subject31,random_forest,0,0,0.22,31
MAT,Subject31,random_forest,0,0,0.2633333333333333,31
MAT,Subject31,random_forest,0,0,0.3233333333333333,31
MAT,Subject31,random_forest,0,0,0.24666666666666667,31
MAT,Subject31,random_forest,0,0,0.27666666666666667,31
MAT,Subject31,random_forest,0,0,0.07333333333333333,31
MAT,Subject31,random_forest,0,0,0.10666666666666667,31
MAT,Subject31,random_forest,0,0,0.12333333333333334,31
MAT,Subject31,random_forest,0,0,0.27,31
MAT,Subject31,random_forest,0,0,0.24333333333333335,31
MAT,Subject31,random_forest,0,0,0.28,31
MAT,Subject31,random_forest,1,1,0.5166666666666667,31
MAT,Subject31,random_forest,1,1,0.5166666666666667,31
MAT,Subject31,random_forest,1,0,0.24333333333333335,31
MAT,Subject31,random_forest,1,0,0.23666666666666666,31
MAT,Subject31,random_forest,1,0,0.24333333333333335,31
MAT,Subject31,random_forest,1,0,0.24333333333333335,31
MAT,Subject31,random_forest,1,0,0.45666666666666667,31
MAT,Subject31,random_forest,1,0,0.47333333333333333,31
MAT,Subject31,random_forest,1,1,0.5333333333333333,31
MAT,Subject31,random_forest,1,0,0.4866666666666667,31
MAT,Subject31,random_forest,1,1,0.55,31
MAT,Subject31,random_forest,1,0,0.38333333333333336,31
MAT,Subject31,random_forest,1,1,0.56,31
MAT,Subject31,random_forest,1,1,0.5433333333333333,31
MAT,Subject31,random_forest,1,1,0.5533333333333333,31
MAT,Subject31,random_forest,1,1,0.5833333333333334,31
MAT,Subject31,random_forest,1,1,0.5566666666666666,31
MAT,Subject31,random_forest,1,0,0.37333333333333335,31
MAT,Subject31,random_forest,1,1,0.5733333333333334,31
MAT,Subject31,random_forest,1,0,0.32666666666666666,31
MAT,Subject31,random_forest,1,0,0.44666666666666666,31
MAT,Subject31,random_forest,1,0,0.32,31
MAT,Subject31,random_forest,1,0,0.26,31
MAT,Subject31,random_forest,1,0,0.27,31
MAT,Subject31,random_forest,1,0,0.31333333333333335,31
MAT,Subject31,random_forest,1,0,0.30666666666666664,31
MAT,Subject31,random_forest,1,0,0.25333333333333335,31
MAT,Subject31,random_forest,1,0,0.3333333333333333,31
MAT,Subject31,random_forest,1,0,0.41,31
MAT,Subject31,random_forest,1,0,0.2966666666666667,31
MAT,Subject32,random_forest,0,0,0.18,32
MAT,Subject32,random_forest,0,0,0.16666666666666666,32
MAT,Subject32,random_forest,0,0,0.16666666666666666,32
MAT,Subject32,random_forest,0,0,0.13333333333333333,32
MAT,Subject32,random_forest,0,0,0.13333333333333333,32
MAT,Subject32,random_forest,0,0,0.23,32
MAT,Subject32,random_forest,0,0,0.18666666666666668,32
MAT,Subject32,random_forest,0,0,0.15,32
MAT,Subject32,random_forest,0,0,0.25,32
MAT,Subject32,random_forest,0,0,0.22666666666666666,32
MAT,Subject32,random_forest,0,0,0.11,32
MAT,Subject32,random_forest,0,0,0.08666666666666667,32
MAT,Subject32,random_forest,0,0,0.13666666666666666,32
MAT,Subject32,random_forest,0,0,0.10333333333333333,32
MAT,Subject32,random_forest,0,0,0.10333333333333333,32
MAT,Subject32,random_forest,0,0,0.14333333333333334,32
MAT,Subject32,random_forest,0,0,0.20666666666666667,32
MAT,Subject32,random_forest,0,1,0.55,32
MAT,Subject32,random_forest,0,0,0.42333333333333334,32
MAT,Subject32,random_forest,0,0,0.43333333333333335,32
MAT,Subject32,random_forest,0,0,0.23333333333333334,32
MAT,Subject32,random_forest,0,0,0.13333333333333333,32
MAT,Subject32,random_forest,0,0,0.1,32
MAT,Subject32,random_forest,0,0,0.18,32
MAT,Subject32,random_forest,0,0,0.21,32
MAT,Subject32,random_forest,0,0,0.20666666666666667,32
MAT,Subject32,random_forest,0,0,0.26666666666666666,32
MAT,Subject32,random_forest,0,0,0.2,32
MAT,Subject32,random_forest,0,0,0.13,32
MAT,Subject32,random_forest,0,0,0.22,32
MAT,Subject32,random_forest,0,0,0.2866666666666667,32
MAT,Subject32,random_forest,0,0,0.24666666666666667,32
MAT,Subject32,random_forest,0,0,0.21666666666666667,32
MAT,Subject32,random_forest,0,0,0.18333333333333332,32
MAT,Subject32,random_forest,0,0,0.14333333333333334,32
MAT,Subject32,random_forest,0,0,0.19666666666666666,32
MAT,Subject32,random_forest,0,0,0.18666666666666668,32
MAT,Subject32,random_forest,0,0,0.18,32
MAT,Subject32,random_forest,0,0,0.14333333333333334,32
MAT,Subject32,random_forest,0,0,0.12,32
MAT,Subject32,random_forest,0,0,0.14666666666666667,32
MAT,Subject32,random_forest,0,0,0.13666666666666666,32
MAT,Subject32,random_forest,0,0,0.12666666666666668,32
MAT,Subject32,random_forest,0,0,0.11666666666666667,32
MAT,Subject32,random_forest,0,0,0.17,32
MAT,Subject32,random_forest,0,0,0.17333333333333334,32
MAT,Subject32,random_forest,0,0,0.2,32
MAT,Subject32,random_forest,0,0,0.17666666666666667,32
MAT,Subject32,random_forest,0,0,0.21333333333333335,32
MAT,Subject32,random_forest,0,0,0.21,32
MAT,Subject32,random_forest,0,0,0.2733333333333333,32
MAT,Subject32,random_forest,0,0,0.13333333333333333,32
MAT,Subject32,random_forest,0,0,0.15666666666666668,32
MAT,Subject32,random_forest,0,0,0.19,32
MAT,Subject32,random_forest,0,0,0.26666666666666666,32
MAT,Subject32,random_forest,0,0,0.21,32
MAT,Subject32,random_forest,0,0,0.15,32
MAT,Subject32,random_forest,0,0,0.22,32
MAT,Subject32,random_forest,0,0,0.23,32
MAT,Subject32,random_forest,0,0,0.25,32
MAT,Subject32,random_forest,0,0,0.2633333333333333,32
MAT,Subject32,random_forest,0,0,0.2966666666666667,32
MAT,Subject32,random_forest,0,0,0.19666666666666666,32
MAT,Subject32,random_forest,0,0,0.2966666666666667,32
MAT,Subject32,random_forest,0,0,0.17666666666666667,32
MAT,Subject32,random_forest,0,0,0.14666666666666667,32
MAT,Subject32,random_forest,0,0,0.10666666666666667,32
MAT,Subject32,random_forest,0,0,0.16,32
MAT,Subject32,random_forest,0,0,0.20666666666666667,32
MAT,Subject32,random_forest,0,0,0.15,32
MAT,Subject32,random_forest,0,0,0.07333333333333333,32
MAT,Subject32,random_forest,0,0,0.19333333333333333,32
MAT,Subject32,random_forest,0,0,0.17666666666666667,32
MAT,Subject32,random_forest,0,0,0.13333333333333333,32
MAT,Subject32,random_forest,0,0,0.20333333333333334,32
MAT,Subject32,random_forest,0,0,0.09666666666666666,32
MAT,Subject32,random_forest,0,0,0.14333333333333334,32
MAT,Subject32,random_forest,0,0,0.29333333333333333,32
MAT,Subject32,random_forest,0,0,0.13666666666666666,32
MAT,Subject32,random_forest,0,0,0.14,32
MAT,Subject32,random_forest,0,0,0.10666666666666667,32
MAT,Subject32,random_forest,0,0,0.19666666666666666,32
MAT,Subject32,random_forest,0,0,0.25,32
MAT,Subject32,random_forest,0,0,0.19333333333333333,32
MAT,Subject32,random_forest,0,0,0.15,32
MAT,Subject32,random_forest,0,0,0.09666666666666666,32
MAT,Subject32,random_forest,0,0,0.11666666666666667,32
MAT,Subject32,random_forest,0,0,0.15,32
MAT,Subject32,random_forest,0,0,0.10666666666666667,32
MAT,Subject32,random_forest,0,0,0.19,32
MAT,Subject32,random_forest,1,0,0.24,32
MAT,Subject32,random_forest,1,0,0.26666666666666666,32
MAT,Subject32,random_forest,1,0,0.17,32
MAT,Subject32,random_forest,1,0,0.27666666666666667,32
MAT,Subject32,random_forest,1,0,0.29333333333333333,32
MAT,Subject32,random_forest,1,0,0.32,32
MAT,Subject32,random_forest,1,0,0.2833333333333333,32
MAT,Subject32,random_forest,1,0,0.24,32
MAT,Subject32,random_forest,1,0,0.22333333333333333,32
MAT,Subject32,random_forest,1,0,0.19,32
MAT,Subject32,random_forest,1,0,0.14666666666666667,32
MAT,Subject32,random_forest,1,0,0.15,32
MAT,Subject32,random_forest,1,0,0.12666666666666668,32
MAT,Subject32,random_forest,1,0,0.12333333333333334,32
MAT,Subject32,random_forest,1,0,0.13666666666666666,32
MAT,Subject32,random_forest,1,0,0.26666666666666666,32
MAT,Subject32,random_forest,1,0,0.2733333333333333,32
MAT,Subject32,random_forest,1,0,0.21333333333333335,32
MAT,Subject32,random_forest,1,0,0.24666666666666667,32
MAT,Subject32,random_forest,1,0,0.19,32
MAT,Subject32,random_forest,1,0,0.20333333333333334,32
MAT,Subject32,random_forest,1,0,0.16666666666666666,32
MAT,Subject32,random_forest,1,0,0.22,32
MAT,Subject32,random_forest,1,0,0.18666666666666668,32
MAT,Subject32,random_forest,1,0,0.24,32
MAT,Subject32,random_forest,1,0,0.17666666666666667,32
MAT,Subject32,random_forest,1,0,0.24,32
MAT,Subject32,random_forest,1,0,0.29333333333333333,32
MAT,Subject32,random_forest,1,0,0.29,32
MAT,Subject32,random_forest,1,0,0.25,32
MAT,Subject33,random_forest,0,0,0.04,33
MAT,Subject33,random_forest,0,0,0.08,33
MAT,Subject33,random_forest,0,0,0.15,33
MAT,Subject33,random_forest,0,0,0.4033333333333333,33
MAT,Subject33,random_forest,0,0,0.38,33
MAT,Subject33,random_forest,0,0,0.28,33
MAT,Subject33,random_forest,0,0,0.22,33
MAT,Subject33,random_forest,0,0,0.16,33
MAT,Subject33,random_forest,0,0,0.17333333333333334,33
MAT,Subject33,random_forest,0,0,0.14,33
MAT,Subject33,random_forest,0,0,0.08333333333333333,33
MAT,Subject33,random_forest,0,0,0.07666666666666666,33
MAT,Subject33,random_forest,0,0,0.09333333333333334,33
MAT,Subject33,random_forest,0,0,0.15666666666666668,33
MAT,Subject33,random_forest,0,0,0.14,33
MAT,Subject33,random_forest,0,0,0.20333333333333334,33
MAT,Subject33,random_forest,0,0,0.25666666666666665,33
MAT,Subject33,random_forest,0,0,0.12666666666666668,33
MAT,Subject33,random_forest,0,0,0.09,33
MAT,Subject33,random_forest,0,0,0.12333333333333334,33
MAT,Subject33,random_forest,0,0,0.09333333333333334,33
MAT,Subject33,random_forest,0,0,0.10333333333333333,33
MAT,Subject33,random_forest,0,0,0.12,33
MAT,Subject33,random_forest,0,0,0.14666666666666667,33
MAT,Subject33,random_forest,0,0,0.17666666666666667,33
MAT,Subject33,random_forest,0,0,0.25,33
MAT,Subject33,random_forest,0,0,0.22333333333333333,33
MAT,Subject33,random_forest,0,0,0.11333333333333333,33
MAT,Subject33,random_forest,0,0,0.21,33
MAT,Subject33,random_forest,0,0,0.24,33
MAT,Subject33,random_forest,0,0,0.11333333333333333,33
MAT,Subject33,random_forest,0,0,0.18333333333333332,33
MAT,Subject33,random_forest,0,1,0.52,33
MAT,Subject33,random_forest,0,0,0.24333333333333335,33
MAT,Subject33,random_forest,0,0,0.23,33
MAT,Subject33,random_forest,0,0,0.2966666666666667,33
MAT,Subject33,random_forest,0,0,0.16,33
MAT,Subject33,random_forest,0,0,0.09666666666666666,33
MAT,Subject33,random_forest,0,0,0.19,33
MAT,Subject33,random_forest,0,0,0.29,33
MAT,Subject33,random_forest,0,0,0.30333333333333334,33
MAT,Subject33,random_forest,0,0,0.4033333333333333,33
MAT,Subject33,random_forest,0,0,0.31333333333333335,33
MAT,Subject33,random_forest,0,0,0.13,33
MAT,Subject33,random_forest,0,0,0.03333333333333333,33
MAT,Subject33,random_forest,0,0,0.10666666666666667,33
MAT,Subject33,random_forest,0,0,0.12333333333333334,33
MAT,Subject33,random_forest,0,0,0.12,33
MAT,Subject33,random_forest,0,0,0.17333333333333334,33
MAT,Subject33,random_forest,0,0,0.19,33
MAT,Subject33,random_forest,0,0,0.17,33
MAT,Subject33,random_forest,0,0,0.11666666666666667,33
MAT,Subject33,random_forest,0,0,0.15333333333333332,33
MAT,Subject33,random_forest,0,0,0.13333333333333333,33
MAT,Subject33,random_forest,0,0,0.23333333333333334,33
MAT,Subject33,random_forest,0,0,0.18,33
MAT,Subject33,random_forest,0,0,0.18,33
MAT,Subject33,random_forest,0,0,0.15,33
MAT,Subject33,random_forest,0,0,0.13666666666666666,33
MAT,Subject33,random_forest,0,0,0.05333333333333334,33
MAT,Subject33,random_forest,0,0,0.04666666666666667,33
MAT,Subject33,random_forest,0,0,0.24,33
MAT,Subject33,random_forest,0,0,0.18666666666666668,33
MAT,Subject33,random_forest,0,0,0.12666666666666668,33
MAT,Subject33,random_forest,0,0,0.13333333333333333,33
MAT,Subject33,random_forest,0,0,0.45,33
MAT,Subject33,random_forest,0,1,0.5066666666666667,33
MAT,Subject33,random_forest,0,0,0.11666666666666667,33
MAT,Subject33,random_forest,0,0,0.15333333333333332,33
MAT,Subject33,random_forest,0,0,0.17666666666666667,33
MAT,Subject33,random_forest,0,0,0.15,33
MAT,Subject33,random_forest,0,0,0.07333333333333333,33
MAT,Subject33,random_forest,0,0,0.22,33
MAT,Subject33,random_forest,0,0,0.21666666666666667,33
MAT,Subject33,random_forest,0,0,0.16333333333333333,33
MAT,Subject33,random_forest,0,0,0.19333333333333333,33
MAT,Subject33,random_forest,0,0,0.17666666666666667,33
MAT,Subject33,random_forest,0,0,0.09666666666666666,33
MAT,Subject33,random_forest,0,0,0.14,33
MAT,Subject33,random_forest,0,0,0.14666666666666667,33
MAT,Subject33,random_forest,0,0,0.17,33
MAT,Subject33,random_forest,0,0,0.19333333333333333,33
MAT,Subject33,random_forest,0,0,0.16333333333333333,33
MAT,Subject33,random_forest,0,0,0.12,33
MAT,Subject33,random_forest,0,0,0.37,33
MAT,Subject33,random_forest,0,0,0.19333333333333333,33
MAT,Subject33,random_forest,0,0,0.12333333333333334,33
MAT,Subject33,random_forest,0,0,0.15666666666666668,33
MAT,Subject33,random_forest,0,0,0.21,33
MAT,Subject33,random_forest,0,0,0.2866666666666667,33
MAT,Subject33,random_forest,1,1,0.66,33
MAT,Subject33,random_forest,1,1,0.6266666666666667,33
MAT,Subject33,random_forest,1,1,0.5733333333333334,33
MAT,Subject33,random_forest,1,1,0.66,33
MAT,Subject33,random_forest,1,1,0.6233333333333333,33
MAT,Subject33,random_forest,1,1,0.65,33
MAT,Subject33,random_forest,1,1,0.7033333333333334,33
MAT,Subject33,random_forest,1,1,0.7566666666666667,33
MAT,Subject33,random_forest,1,1,0.76,33
MAT,Subject33,random_forest,1,1,0.5633333333333334,33
MAT,Subject33,random_forest,1,1,0.5366666666666666,33
MAT,Subject33,random_forest,1,1,0.75,33
MAT,Subject33,random_forest,1,1,0.7066666666666667,33
MAT,Subject33,random_forest,1,1,0.6366666666666667,33
MAT,Subject33,random_forest,1,0,0.39,33
MAT,Subject33,random_forest,1,0,0.34,33
MAT,Subject33,random_forest,1,0,0.44333333333333336,33
MAT,Subject33,random_forest,1,1,0.6433333333333333,33
MAT,Subject33,random_forest,1,1,0.55,33
MAT,Subject33,random_forest,1,1,0.5133333333333333,33
MAT,Subject33,random_forest,1,0,0.4266666666666667,33
MAT,Subject33,random_forest,1,1,0.52,33
MAT,Subject33,random_forest,1,0,0.4,33
MAT,Subject33,random_forest,1,0,0.4666666666666667,33
MAT,Subject33,random_forest,1,0,0.43666666666666665,33
MAT,Subject33,random_forest,1,0,0.39,33
MAT,Subject33,random_forest,1,1,0.5466666666666666,33
MAT,Subject33,random_forest,1,0,0.42333333333333334,33
MAT,Subject33,random_forest,1,0,0.48333333333333334,33
MAT,Subject33,random_forest,1,0,0.45666666666666667,33
MAT,Subject34,random_forest,0,0,0.13333333333333333,34
MAT,Subject34,random_forest,0,0,0.12333333333333334,34
MAT,Subject34,random_forest,0,0,0.16,34
MAT,Subject34,random_forest,0,0,0.13,34
MAT,Subject34,random_forest,0,0,0.05333333333333334,34
MAT,Subject34,random_forest,0,0,0.26666666666666666,34
MAT,Subject34,random_forest,0,0,0.3933333333333333,34
MAT,Subject34,random_forest,0,0,0.25333333333333335,34
MAT,Subject34,random_forest,0,0,0.22,34
MAT,Subject34,random_forest,0,0,0.2866666666666667,34
MAT,Subject34,random_forest,0,0,0.26666666666666666,34
MAT,Subject34,random_forest,0,0,0.18666666666666668,34
MAT,Subject34,random_forest,0,0,0.07666666666666666,34
MAT,Subject34,random_forest,0,0,0.13333333333333333,34
MAT,Subject34,random_forest,0,0,0.09333333333333334,34
MAT,Subject34,random_forest,0,0,0.16666666666666666,34
MAT,Subject34,random_forest,0,0,0.16666666666666666,34
MAT,Subject34,random_forest,0,0,0.3566666666666667,34
MAT,Subject34,random_forest,0,0,0.13666666666666666,34
MAT,Subject34,random_forest,0,0,0.11,34
MAT,Subject34,random_forest,0,0,0.13333333333333333,34
MAT,Subject34,random_forest,0,0,0.18,34
MAT,Subject34,random_forest,0,0,0.2633333333333333,34
MAT,Subject34,random_forest,0,0,0.14666666666666667,34
MAT,Subject34,random_forest,0,0,0.12333333333333334,34
MAT,Subject34,random_forest,0,0,0.23333333333333334,34
MAT,Subject34,random_forest,0,0,0.26666666666666666,34
MAT,Subject34,random_forest,0,0,0.13333333333333333,34
MAT,Subject34,random_forest,0,0,0.19333333333333333,34
MAT,Subject34,random_forest,0,0,0.10666666666666667,34
MAT,Subject34,random_forest,0,0,0.17333333333333334,34
MAT,Subject34,random_forest,0,0,0.20666666666666667,34
MAT,Subject34,random_forest,0,0,0.1,34
MAT,Subject34,random_forest,0,0,0.11666666666666667,34
MAT,Subject34,random_forest,0,0,0.09333333333333334,34
MAT,Subject34,random_forest,0,0,0.18333333333333332,34
MAT,Subject34,random_forest,0,0,0.20333333333333334,34
MAT,Subject34,random_forest,0,0,0.18333333333333332,34
MAT,Subject34,random_forest,0,0,0.24,34
MAT,Subject34,random_forest,0,0,0.15666666666666668,34
MAT,Subject34,random_forest,0,0,0.15666666666666668,34
MAT,Subject34,random_forest,0,0,0.13666666666666666,34
MAT,Subject34,random_forest,0,0,0.15,34
MAT,Subject34,random_forest,0,0,0.15333333333333332,34
MAT,Subject34,random_forest,0,0,0.17333333333333334,34
MAT,Subject34,random_forest,0,0,0.24,34
MAT,Subject34,random_forest,0,0,0.31666666666666665,34
MAT,Subject34,random_forest,0,0,0.15666666666666668,34
MAT,Subject34,random_forest,0,0,0.10333333333333333,34
MAT,Subject34,random_forest,0,0,0.08,34
MAT,Subject34,random_forest,0,0,0.13,34
MAT,Subject34,random_forest,0,0,0.22,34
MAT,Subject34,random_forest,0,0,0.07,34
MAT,Subject34,random_forest,0,0,0.18,34
MAT,Subject34,random_forest,0,0,0.23,34
MAT,Subject34,random_forest,0,0,0.23333333333333334,34
MAT,Subject34,random_forest,0,0,0.07333333333333333,34
MAT,Subject34,random_forest,0,0,0.05333333333333334,34
MAT,Subject34,random_forest,0,0,0.15,34
MAT,Subject34,random_forest,0,0,0.08666666666666667,34
MAT,Subject34,random_forest,0,0,0.056666666666666664,34
MAT,Subject34,random_forest,0,0,0.12666666666666668,34
MAT,Subject34,random_forest,0,0,0.06666666666666667,34
MAT,Subject34,random_forest,0,0,0.11333333333333333,34
MAT,Subject34,random_forest,0,0,0.17,34
MAT,Subject34,random_forest,0,0,0.19666666666666666,34
MAT,Subject34,random_forest,0,0,0.08,34
MAT,Subject34,random_forest,0,0,0.07666666666666666,34
MAT,Subject34,random_forest,0,0,0.14666666666666667,34
MAT,Subject34,random_forest,0,0,0.18,34
MAT,Subject34,random_forest,0,0,0.2733333333333333,34
MAT,Subject34,random_forest,0,0,0.2833333333333333,34
MAT,Subject34,random_forest,0,0,0.09333333333333334,34
MAT,Subject34,random_forest,0,0,0.20666666666666667,34
MAT,Subject34,random_forest,0,0,0.25666666666666665,34
MAT,Subject34,random_forest,0,0,0.38666666666666666,34
MAT,Subject34,random_forest,0,0,0.2966666666666667,34
MAT,Subject34,random_forest,0,0,0.12,34
MAT,Subject34,random_forest,0,0,0.12666666666666668,34
MAT,Subject34,random_forest,0,0,0.15666666666666668,34
MAT,Subject34,random_forest,0,0,0.23333333333333334,34
MAT,Subject34,random_forest,0,0,0.14,34
MAT,Subject34,random_forest,0,0,0.17,34
MAT,Subject34,random_forest,0,0,0.18666666666666668,34
MAT,Subject34,random_forest,0,0,0.26666666666666666,34
MAT,Subject34,random_forest,0,0,0.22,34
MAT,Subject34,random_forest,0,0,0.16666666666666666,34
MAT,Subject34,random_forest,0,0,0.09,34
MAT,Subject34,random_forest,0,0,0.13333333333333333,34
MAT,Subject34,random_forest,0,0,0.21,34
MAT,Subject34,random_forest,1,0,0.2833333333333333,34
MAT,Subject34,random_forest,1,0,0.41333333333333333,34
MAT,Subject34,random_forest,1,0,0.37333333333333335,34
MAT,Subject34,random_forest,1,0,0.25666666666666665,34
MAT,Subject34,random_forest,1,0,0.31333333333333335,34
MAT,Subject34,random_forest,1,0,0.44666666666666666,34
MAT,Subject34,random_forest,1,1,0.5466666666666666,34
MAT,Subject34,random_forest,1,0,0.20666666666666667,34
MAT,Subject34,random_forest,1,0,0.35333333333333333,34
MAT,Subject34,random_forest,1,0,0.44666666666666666,34
MAT,Subject34,random_forest,1,0,0.4866666666666667,34
MAT,Subject34,random_forest,1,0,0.45,34
MAT,Subject34,random_forest,1,0,0.37333333333333335,34
MAT,Subject34,random_forest,1,0,0.41,34
MAT,Subject34,random_forest,1,0,0.27,34
MAT,Subject34,random_forest,1,0,0.30333333333333334,34
MAT,Subject34,random_forest,1,0,0.36,34
MAT,Subject34,random_forest,1,0,0.4066666666666667,34
MAT,Subject34,random_forest,1,0,0.38333333333333336,34
MAT,Subject34,random_forest,1,0,0.3433333333333333,34
MAT,Subject34,random_forest,1,0,0.20666666666666667,34
MAT,Subject34,random_forest,1,0,0.25666666666666665,34
MAT,Subject34,random_forest,1,0,0.3,34
MAT,Subject34,random_forest,1,0,0.36333333333333334,34
MAT,Subject34,random_forest,1,0,0.27666666666666667,34
MAT,Subject34,random_forest,1,0,0.20666666666666667,34
MAT,Subject34,random_forest,1,0,0.2866666666666667,34
MAT,Subject34,random_forest,1,0,0.24333333333333335,34
MAT,Subject34,random_forest,1,0,0.37,34
MAT,Subject34,random_forest,1,0,0.43,34
MAT,Subject35,random_forest,0,0,0.2833333333333333,35
MAT,Subject35,random_forest,0,0,0.32,35
MAT,Subject35,random_forest,0,0,0.22666666666666666,35
MAT,Subject35,random_forest,0,0,0.30333333333333334,35
MAT,Subject35,random_forest,0,0,0.38333333333333336,35
MAT,Subject35,random_forest,0,0,0.28,35
MAT,Subject35,random_forest,0,0,0.33666666666666667,35
MAT,Subject35,random_forest,0,0,0.26666666666666666,35
MAT,Subject35,random_forest,0,0,0.17666666666666667,35
MAT,Subject35,random_forest,0,0,0.2833333333333333,35
MAT,Subject35,random_forest,0,1,0.51,35
MAT,Subject35,random_forest,0,0,0.39666666666666667,35
MAT,Subject35,random_forest,0,0,0.18,35
MAT,Subject35,random_forest,0,0,0.24666666666666667,35
MAT,Subject35,random_forest,0,0,0.2733333333333333,35
MAT,Subject35,random_forest,0,0,0.23666666666666666,35
MAT,Subject35,random_forest,0,0,0.45666666666666667,35
MAT,Subject35,random_forest,0,0,0.37666666666666665,35
MAT,Subject35,random_forest,0,0,0.23333333333333334,35
MAT,Subject35,random_forest,0,0,0.20333333333333334,35
MAT,Subject35,random_forest,0,0,0.23666666666666666,35
MAT,Subject35,random_forest,0,0,0.3466666666666667,35
MAT,Subject35,random_forest,0,0,0.34,35
MAT,Subject35,random_forest,0,0,0.31,35
MAT,Subject35,random_forest,0,0,0.27666666666666667,35
MAT,Subject35,random_forest,0,0,0.30666666666666664,35
MAT,Subject35,random_forest,0,0,0.2,35
MAT,Subject35,random_forest,0,0,0.18666666666666668,35
MAT,Subject35,random_forest,0,0,0.13333333333333333,35
MAT,Subject35,random_forest,0,0,0.17333333333333334,35
MAT,Subject35,random_forest,0,0,0.24,35
MAT,Subject35,random_forest,0,0,0.38666666666666666,35
MAT,Subject35,random_forest,0,0,0.4766666666666667,35
MAT,Subject35,random_forest,0,0,0.2966666666666667,35
MAT,Subject35,random_forest,0,0,0.18666666666666668,35
MAT,Subject35,random_forest,0,0,0.24666666666666667,35
MAT,Subject35,random_forest,0,0,0.5,35
MAT,Subject35,random_forest,0,0,0.43333333333333335,35
MAT,Subject35,random_forest,0,0,0.34,35
MAT,Subject35,random_forest,0,0,0.23,35
MAT,Subject35,random_forest,0,0,0.38333333333333336,35
MAT,Subject35,random_forest,0,0,0.42,35
MAT,Subject35,random_forest,0,0,0.21,35
MAT,Subject35,random_forest,0,0,0.2633333333333333,35
MAT,Subject35,random_forest,0,0,0.5,35
MAT,Subject35,random_forest,0,0,0.47333333333333333,35
MAT,Subject35,random_forest,0,0,0.35,35
MAT,Subject35,random_forest,0,0,0.23666666666666666,35
MAT,Subject35,random_forest,0,0,0.4533333333333333,35
MAT,Subject35,random_forest,0,0,0.23,35
MAT,Subject35,random_forest,0,0,0.30666666666666664,35
MAT,Subject35,random_forest,0,0,0.3,35
MAT,Subject35,random_forest,0,0,0.45,35
MAT,Subject35,random_forest,0,1,0.5733333333333334,35
MAT,Subject35,random_forest,0,0,0.4766666666666667,35
MAT,Subject35,random_forest,0,0,0.11666666666666667,35
MAT,Subject35,random_forest,0,0,0.27,35
MAT,Subject35,random_forest,0,0,0.26666666666666666,35
MAT,Subject35,random_forest,0,0,0.29333333333333333,35
MAT,Subject35,random_forest,0,0,0.41,35
MAT,Subject35,random_forest,0,1,0.6566666666666666,35
MAT,Subject35,random_forest,0,1,0.5266666666666666,35
MAT,Subject35,random_forest,0,0,0.49333333333333335,35
MAT,Subject35,random_forest,0,0,0.35,35
MAT,Subject35,random_forest,0,0,0.29333333333333333,35
MAT,Subject35,random_forest,0,0,0.47333333333333333,35
MAT,Subject35,random_forest,0,1,0.5066666666666667,35
MAT,Subject35,random_forest,0,0,0.32666666666666666,35
MAT,Subject35,random_forest,0,0,0.23666666666666666,35
MAT,Subject35,random_forest,0,0,0.2633333333333333,35
MAT,Subject35,random_forest,0,0,0.3933333333333333,35
MAT,Subject35,random_forest,0,0,0.22,35
MAT,Subject35,random_forest,0,0,0.31666666666666665,35
MAT,Subject35,random_forest,0,0,0.34,35
MAT,Subject35,random_forest,0,0,0.41333333333333333,35
MAT,Subject35,random_forest,0,0,0.45,35
MAT,Subject35,random_forest,0,1,0.5266666666666666,35
MAT,Subject35,random_forest,0,0,0.48333333333333334,35
MAT,Subject35,random_forest,0,0,0.3433333333333333,35
MAT,Subject35,random_forest,0,0,0.3,35
MAT,Subject35,random_forest,0,0,0.37333333333333335,35
MAT,Subject35,random_forest,0,0,0.4666666666666667,35
MAT,Subject35,random_forest,0,0,0.22666666666666666,35
MAT,Subject35,random_forest,0,0,0.19333333333333333,35
MAT,Subject35,random_forest,0,0,0.34,35
MAT,Subject35,random_forest,0,0,0.43666666666666665,35
MAT,Subject35,random_forest,0,1,0.5566666666666666,35
MAT,Subject35,random_forest,0,0,0.41333333333333333,35
MAT,Subject35,random_forest,0,0,0.23333333333333334,35
MAT,Subject35,random_forest,0,0,0.27666666666666667,35
MAT,Subject35,random_forest,1,0,0.44,35
MAT,Subject35,random_forest,1,0,0.4166666666666667,35
MAT,Subject35,random_forest,1,0,0.49333333333333335,35
MAT,Subject35,random_forest,1,0,0.42333333333333334,35
MAT,Subject35,random_forest,1,0,0.31333333333333335,35
MAT,Subject35,random_forest,1,1,0.65,35
MAT,Subject35,random_forest,1,1,0.63,35
MAT,Subject35,random_forest,1,0,0.3933333333333333,35
MAT,Subject35,random_forest,1,0,0.29,35
MAT,Subject35,random_forest,1,1,0.5633333333333334,35
MAT,Subject35,random_forest,1,1,0.6233333333333333,35
MAT,Subject35,random_forest,1,1,0.5633333333333334,35
MAT,Subject35,random_forest,1,0,0.4533333333333333,35
MAT,Subject35,random_forest,1,0,0.43,35
MAT,Subject35,random_forest,1,0,0.32666666666666666,35
MAT,Subject35,random_forest,1,0,0.3933333333333333,35
MAT,Subject35,random_forest,1,0,0.4166666666666667,35
MAT,Subject35,random_forest,1,0,0.45,35
MAT,Subject35,random_forest,1,0,0.39666666666666667,35
MAT,Subject35,random_forest,1,0,0.2633333333333333,35
MAT,Subject35,random_forest,1,0,0.31,35
MAT,Subject35,random_forest,1,0,0.45,35
MAT,Subject35,random_forest,1,1,0.62,35
MAT,Subject35,random_forest,1,1,0.5466666666666666,35
MAT,Subject35,random_forest,1,0,0.22333333333333333,35
MAT,Subject35,random_forest,1,0,0.35,35
MAT,Subject35,random_forest,1,0,0.43333333333333335,35
MAT,Subject35,random_forest,1,0,0.39666666666666667,35
MAT,Subject35,random_forest,1,0,0.37333333333333335,35
MAT,Subject35,random_forest,1,0,0.48,35
