dataset,subject_id,model,true_label,pred_label,score_workload,fold
STEW,1,logistic_regression,1,1,0.5064638579241042,0
STEW,1,logistic_regression,1,0,0.263563565416376,0
STEW,1,logistic_regression,1,1,0.9979627864219065,0
STEW,1,logistic_regression,1,0,0.3862664761916221,0
STEW,1,logistic_regression,1,0,0.015642061096056818,0
STEW,1,logistic_regression,1,0,0.45527438633379036,0
STEW,1,logistic_regression,1,0,0.171098757397691,0
STEW,1,logistic_regression,1,1,0.9940682455723272,0
STEW,1,logistic_regression,1,1,0.5116246806026168,0
STEW,1,logistic_regression,1,1,0.5579097749184204,0
STEW,1,logistic_regression,1,1,0.6553739022771781,0
STEW,1,logistic_regression,1,0,0.2752451681585066,0
STEW,1,logistic_regression,1,1,0.5327036971270732,0
STEW,1,logistic_regression,1,1,0.571727104736242,0
STEW,1,logistic_regression,1,0,0.4803162730346157,0
STEW,1,logistic_regression,1,1,0.7309562072448954,0
STEW,1,logistic_regression,0,1,0.9999999999895459,0
STEW,1,logistic_regression,0,1,1.0,0
STEW,1,logistic_regression,0,1,1.0,0
STEW,1,logistic_regression,0,1,1.0,0
STEW,1,logistic_regression,0,1,1.0,0
STEW,1,logistic_regression,0,1,1.0,0
STEW,1,logistic_regression,0,1,1.0,0
STEW,1,logistic_regression,0,1,1.0,0
STEW,1,logistic_regression,0,1,1.0,0
STEW,1,logistic_regression,0,1,1.0,0
STEW,1,logistic_regression,0,1,1.0,0
STEW,1,logistic_regression,0,1,1.0,0
STEW,1,logistic_regression,0,1,1.0,0
STEW,1,logistic_regression,0,1,1.0,0
STEW,1,logistic_regression,0,1,0.9999999999997449,0
STEW,1,logistic_regression,0,1,0.9999999999999112,0
STEW,1,logistic_regression,0,1,1.0,0
STEW,1,logistic_regression,0,1,1.0,0
STEW,1,logistic_regression,0,1,1.0,0
STEW,1,logistic_regression,0,1,1.0,0
STEW,10,logistic_regression,0,0,0.38906655757945946,1
STEW,10,logistic_regression,0,1,0.6207919651151098,1
STEW,10,logistic_regression,0,1,0.8809876054863894,1
STEW,10,logistic_regression,0,1,0.7765514019590829,1
STEW,10,logistic_regression,0,0,0.3736699162694571,1
STEW,10,logistic_regression,0,0,0.28885251465609213,1
STEW,10,logistic_regression,0,0,0.0714003021433914,1
STEW,10,logistic_regression,0,0,0.07888210781243098,1
STEW,10,logistic_regression,0,0,0.3097953920023784,1
STEW,10,logistic_regression,0,0,0.19701667378363974,1
STEW,10,logistic_regression,0,0,0.30572878775279755,1
STEW,10,logistic_regression,0,0,0.34013079700669785,1
STEW,10,logistic_regression,0,0,0.07340750376803204,1
STEW,10,logistic_regression,0,0,0.44370220794219317,1
STEW,10,logistic_regression,0,0,0.39211419467039277,1
STEW,10,logistic_regression,0,0,0.08796519510740747,1
STEW,10,logistic_regression,0,1,0.5045292158643254,1
STEW,10,logistic_regression,0,0,0.07822358124726592,1
STEW,10,logistic_regression,1,1,0.6396373543480213,1
STEW,10,logistic_regression,1,1,0.6505536156541164,1
STEW,10,logistic_regression,1,1,0.9092118226179885,1
STEW,10,logistic_regression,1,1,0.7765528062317605,1
STEW,10,logistic_regression,1,1,0.8543123464728034,1
STEW,10,logistic_regression,1,1,0.7338304179493822,1
STEW,10,logistic_regression,1,0,0.20144824517718157,1
STEW,10,logistic_regression,1,0,0.43410026964974785,1
STEW,10,logistic_regression,1,1,0.5646651471666344,1
STEW,10,logistic_regression,1,1,0.587766609509918,1
STEW,10,logistic_regression,1,0,0.48185102653263295,1
STEW,10,logistic_regression,1,0,0.3424798923710909,1
STEW,10,logistic_regression,1,0,0.22443138748181732,1
STEW,10,logistic_regression,1,0,0.43996611507100647,1
STEW,10,logistic_regression,1,0,0.2577837595113454,1
STEW,10,logistic_regression,1,1,0.8133459917784103,1
STEW,10,logistic_regression,1,1,0.7446736262085656,1
STEW,10,logistic_regression,1,0,0.39383204671205185,1
STEW,10,logistic_regression,1,1,0.8450893995260865,1
STEW,10,logistic_regression,1,1,0.9846687629607008,1
STEW,10,logistic_regression,1,0,0.21583714748355853,1
STEW,10,logistic_regression,1,1,0.9298006424591047,1
STEW,11,logistic_regression,1,1,0.5748452768207121,2
STEW,11,logistic_regression,1,1,0.9688203514994586,2
STEW,11,logistic_regression,1,1,0.999994769525795,2
STEW,11,logistic_regression,1,1,0.9922651140497453,2
STEW,11,logistic_regression,1,1,0.7603027722742122,2
STEW,11,logistic_regression,1,1,0.7765107238226783,2
STEW,11,logistic_regression,1,0,0.06225914525019874,2
STEW,11,logistic_regression,1,1,0.9999525412797997,2
STEW,11,logistic_regression,1,1,0.7781949097872538,2
STEW,11,logistic_regression,1,1,0.9949108130480283,2
STEW,11,logistic_regression,1,1,0.9850497083836003,2
STEW,11,logistic_regression,1,1,0.8966178500852927,2
STEW,11,logistic_regression,1,1,0.9444066430362191,2
STEW,11,logistic_regression,1,1,0.5965116432378449,2
STEW,11,logistic_regression,1,1,0.867696292526419,2
STEW,11,logistic_regression,1,1,0.9919919073704158,2
STEW,11,logistic_regression,1,1,0.9703425017608366,2
STEW,11,logistic_regression,1,1,0.975530307539346,2
STEW,11,logistic_regression,1,1,0.9988836979607862,2
STEW,11,logistic_regression,1,1,0.993353590402154,2
STEW,11,logistic_regression,0,0,0.022420215187304176,2
STEW,11,logistic_regression,0,1,0.7108207814818616,2
STEW,11,logistic_regression,0,0,0.003232963772469435,2
STEW,11,logistic_regression,0,0,0.01544229892207194,2
STEW,11,logistic_regression,0,0,0.08401294220539852,2
STEW,11,logistic_regression,0,1,0.7622794733365352,2
STEW,11,logistic_regression,0,0,0.022916978422745767,2
STEW,11,logistic_regression,0,0,0.49151891888776955,2
STEW,11,logistic_regression,0,0,0.2745189570983416,2
STEW,11,logistic_regression,0,0,0.4289194748384652,2
STEW,11,logistic_regression,0,0,0.4067736581960205,2
STEW,11,logistic_regression,0,1,0.5439920267742304,2
STEW,11,logistic_regression,0,1,0.5546019322882098,2
STEW,11,logistic_regression,0,0,0.010036157368963737,2
STEW,11,logistic_regression,0,1,0.7608985171485525,2
STEW,12,logistic_regression,1,1,0.9566728040911427,3
STEW,12,logistic_regression,1,1,0.9119350671961429,3
STEW,12,logistic_regression,1,1,0.899751067152277,3
STEW,12,logistic_regression,1,1,0.8932184097872108,3
STEW,12,logistic_regression,1,1,0.8008718524277864,3
STEW,12,logistic_regression,1,0,0.29765735732796195,3
STEW,12,logistic_regression,1,1,0.6574629171192866,3
STEW,12,logistic_regression,1,1,0.9885365110286907,3
STEW,12,logistic_regression,1,1,0.7120376302898828,3
STEW,12,logistic_regression,1,0,0.3542700190322029,3
STEW,12,logistic_regression,1,1,0.5502495935150251,3
STEW,12,logistic_regression,1,1,0.917699758479562,3
STEW,12,logistic_regression,1,1,0.6990461759469746,3
STEW,12,logistic_regression,1,1,0.7256879569633989,3
STEW,12,logistic_regression,1,1,0.7602881277760605,3
STEW,12,logistic_regression,1,0,0.38083512207507114,3
STEW,12,logistic_regression,1,1,0.5481369363986464,3
STEW,12,logistic_regression,1,0,0.44815519678396126,3
STEW,12,logistic_regression,1,1,0.7794225403716144,3
STEW,12,logistic_regression,1,0,0.4603825669823628,3
STEW,12,logistic_regression,1,1,0.5956985129100962,3
STEW,12,logistic_regression,1,1,0.899221027164683,3
STEW,12,logistic_regression,1,1,0.8338384258030466,3
STEW,12,logistic_regression,1,1,0.5975759046459715,3
STEW,12,logistic_regression,1,1,0.8791039086902938,3
STEW,12,logistic_regression,1,1,0.9750666162515195,3
STEW,12,logistic_regression,1,1,0.7962033635887342,3
STEW,12,logistic_regression,0,0,0.09626031247661375,3
STEW,12,logistic_regression,0,0,0.005593892445623166,3
STEW,12,logistic_regression,0,0,0.04833462626476956,3
STEW,12,logistic_regression,0,0,0.03202709943450396,3
STEW,12,logistic_regression,0,0,0.010073958432727577,3
STEW,12,logistic_regression,0,0,0.06294639246692911,3
STEW,12,logistic_regression,0,0,0.09590176946925527,3
STEW,12,logistic_regression,0,0,0.036871480757652,3
STEW,12,logistic_regression,0,0,0.17727921961998386,3
STEW,12,logistic_regression,0,0,0.06253610072742355,3
STEW,12,logistic_regression,0,0,0.04505573439242626,3
STEW,12,logistic_regression,0,0,0.053778732300373756,3
STEW,12,logistic_regression,0,0,0.14391675175486512,3
STEW,12,logistic_regression,0,0,0.023046858364811795,3
STEW,12,logistic_regression,0,0,0.0062134408750073224,3
STEW,12,logistic_regression,0,0,0.0070453824821984645,3
STEW,12,logistic_regression,0,0,0.04045306746399756,3
STEW,12,logistic_regression,0,0,0.1838716824578251,3
STEW,13,logistic_regression,0,0,0.25408157875614057,4
STEW,13,logistic_regression,0,1,0.9999999964734552,4
STEW,13,logistic_regression,0,1,0.9976413616117137,4
STEW,13,logistic_regression,0,1,0.9861867301266349,4
STEW,13,logistic_regression,0,1,0.9986461567210836,4
STEW,13,logistic_regression,0,1,0.9998782345722437,4
STEW,13,logistic_regression,0,1,0.9866445447689833,4
STEW,13,logistic_regression,0,1,0.9571625082031099,4
STEW,13,logistic_regression,0,1,0.9986741444730252,4
STEW,13,logistic_regression,0,0,0.4156840517004801,4
STEW,13,logistic_regression,0,1,0.9992019565370287,4
STEW,13,logistic_regression,0,1,0.7855842739048658,4
STEW,13,logistic_regression,0,1,0.9999596521609101,4
STEW,13,logistic_regression,0,1,0.9999103726643314,4
STEW,13,logistic_regression,0,1,0.6612558660802802,4
STEW,13,logistic_regression,0,1,0.8518731988304157,4
STEW,13,logistic_regression,0,1,0.5331935989588826,4
STEW,13,logistic_regression,0,1,0.9996777642546226,4
STEW,13,logistic_regression,0,0,0.28045751432139304,4
STEW,13,logistic_regression,0,0,0.10057586106163627,4
STEW,13,logistic_regression,0,1,0.706661916124046,4
STEW,13,logistic_regression,0,0,0.09889390279475828,4
STEW,13,logistic_regression,0,1,0.930924950837943,4
STEW,13,logistic_regression,0,1,0.9995718615538967,4
STEW,13,logistic_regression,0,1,0.7548885601147466,4
STEW,13,logistic_regression,0,1,0.9999762930410044,4
STEW,13,logistic_regression,0,0,0.13910302382555495,4
STEW,13,logistic_regression,0,1,0.9998415005851031,4
STEW,13,logistic_regression,0,1,0.9994932225485104,4
STEW,13,logistic_regression,0,1,0.8478752094414155,4
STEW,13,logistic_regression,1,1,0.7638780449504387,4
STEW,13,logistic_regression,1,1,0.9555850334316216,4
STEW,13,logistic_regression,1,1,0.8659533198145309,4
STEW,13,logistic_regression,1,1,0.9892729379869833,4
STEW,13,logistic_regression,1,0,0.42837207428957413,4
STEW,13,logistic_regression,1,1,0.9158694112603121,4
STEW,13,logistic_regression,1,1,0.7433057753278791,4
STEW,13,logistic_regression,1,1,0.9522873003431642,4
STEW,13,logistic_regression,1,1,0.9095422454964448,4
STEW,13,logistic_regression,1,1,0.5606115863018809,4
STEW,13,logistic_regression,1,1,0.9678517959141248,4
STEW,13,logistic_regression,1,1,0.9759871952426226,4
STEW,13,logistic_regression,1,1,0.9950803120876762,4
STEW,13,logistic_regression,1,1,0.9968324943763088,4
STEW,13,logistic_regression,1,1,0.9604364933908911,4
STEW,13,logistic_regression,1,1,0.9965898753434889,4
STEW,13,logistic_regression,1,1,0.5155189620237175,4
STEW,13,logistic_regression,1,1,0.510570699724168,4
STEW,13,logistic_regression,1,1,0.6670955365228122,4
STEW,13,logistic_regression,1,1,0.8958469358786848,4
STEW,13,logistic_regression,1,1,0.9444583217570167,4
STEW,13,logistic_regression,1,1,1.0,4
STEW,14,logistic_regression,0,1,0.9937450031960768,5
STEW,14,logistic_regression,0,1,0.7654785401613471,5
STEW,14,logistic_regression,0,1,0.9466197368628552,5
STEW,14,logistic_regression,0,1,0.997211412209407,5
STEW,14,logistic_regression,0,1,0.91134314212743,5
STEW,14,logistic_regression,0,1,0.927059313450264,5
STEW,14,logistic_regression,0,1,0.92569843359917,5
STEW,14,logistic_regression,0,1,0.8803637648802025,5
STEW,14,logistic_regression,0,1,0.8545443591594832,5
STEW,14,logistic_regression,0,1,0.7415863368126183,5
STEW,14,logistic_regression,0,1,0.8367604959149618,5
STEW,14,logistic_regression,0,1,0.6931970332747233,5
STEW,14,logistic_regression,0,1,0.9506752441799685,5
STEW,14,logistic_regression,0,1,0.9039636947700699,5
STEW,14,logistic_regression,0,1,0.9902555725338131,5
STEW,14,logistic_regression,0,1,0.9029703212575817,5
STEW,14,logistic_regression,0,1,0.9579635693174015,5
STEW,14,logistic_regression,0,1,0.8537859495779295,5
STEW,14,logistic_regression,0,1,0.881159201971817,5
STEW,14,logistic_regression,1,1,0.9906751978194703,5
STEW,14,logistic_regression,1,1,0.9968334084670065,5
STEW,14,logistic_regression,1,1,0.9979765042217247,5
STEW,14,logistic_regression,1,1,0.9890582717908324,5
STEW,14,logistic_regression,1,1,0.8682600919015748,5
STEW,14,logistic_regression,1,1,0.9952631439338145,5
STEW,14,logistic_regression,1,1,0.9993503167208017,5
STEW,14,logistic_regression,1,1,0.8848472964928171,5
STEW,14,logistic_regression,1,1,0.9770557787556267,5
STEW,14,logistic_regression,1,1,0.8497319531413823,5
STEW,14,logistic_regression,1,1,0.9171634194569842,5
STEW,14,logistic_regression,1,1,0.8825050862768835,5
STEW,14,logistic_regression,1,1,0.9851155061300602,5
STEW,14,logistic_regression,1,1,0.9453670043392528,5
STEW,14,logistic_regression,1,1,0.9721361311694419,5
STEW,14,logistic_regression,1,1,0.9954297094581918,5
STEW,14,logistic_regression,1,1,0.9515530445610378,5
STEW,14,logistic_regression,1,0,0.23222246812887792,5
STEW,14,logistic_regression,1,1,0.6949520833481231,5
STEW,14,logistic_regression,1,1,0.9857789635768037,5
STEW,14,logistic_regression,1,1,0.9656709197540811,5
STEW,15,logistic_regression,1,1,0.647653249515676,6
STEW,15,logistic_regression,1,0,0.3536672411902839,6
STEW,15,logistic_regression,1,1,0.7685996477663811,6
STEW,15,logistic_regression,1,1,0.6815363807965332,6
STEW,15,logistic_regression,1,1,0.887780329727477,6
STEW,15,logistic_regression,1,1,0.8494272523567695,6
STEW,15,logistic_regression,1,1,0.9447677763987039,6
STEW,15,logistic_regression,1,1,0.6954637375415741,6
STEW,15,logistic_regression,1,1,0.675104436695643,6
STEW,15,logistic_regression,1,1,0.6706958511518865,6
STEW,15,logistic_regression,1,0,0.24558456346928004,6
STEW,15,logistic_regression,1,0,0.48461721052326484,6
STEW,15,logistic_regression,1,1,0.8554687069671576,6
STEW,15,logistic_regression,1,1,0.7315659075222043,6
STEW,15,logistic_regression,1,1,0.982534589859804,6
STEW,15,logistic_regression,1,1,0.8630993278598017,6
STEW,15,logistic_regression,1,1,0.6459945820283248,6
STEW,15,logistic_regression,1,1,0.9527687465146675,6
STEW,15,logistic_regression,1,1,0.8053513613773495,6
STEW,15,logistic_regression,1,0,0.29082648167384234,6
STEW,15,logistic_regression,1,1,0.8616567786493184,6
STEW,15,logistic_regression,1,1,0.8328204159703444,6
STEW,15,logistic_regression,1,0,0.46950106498383454,6
STEW,15,logistic_regression,1,1,0.7460659110322619,6
STEW,15,logistic_regression,1,1,0.7121693452935568,6
STEW,15,logistic_regression,1,1,0.5344395414509379,6
STEW,15,logistic_regression,1,1,0.9131956245809205,6
STEW,15,logistic_regression,1,1,0.6233894417093326,6
STEW,15,logistic_regression,1,1,0.8151357857729262,6
STEW,15,logistic_regression,1,1,0.8352028745697961,6
STEW,15,logistic_regression,0,1,0.6692027817315878,6
STEW,15,logistic_regression,0,0,0.24620472527814097,6
STEW,15,logistic_regression,0,1,0.5541021500816595,6
STEW,15,logistic_regression,0,0,0.4422023164917319,6
STEW,15,logistic_regression,0,0,0.30475875895615856,6
STEW,15,logistic_regression,0,0,0.3425734990363897,6
STEW,15,logistic_regression,0,1,0.8959078612813223,6
STEW,15,logistic_regression,0,1,0.9850689039579585,6
STEW,15,logistic_regression,0,1,0.7846070808776406,6
STEW,15,logistic_regression,0,1,0.6269342859023979,6
STEW,15,logistic_regression,0,0,0.2840129792992993,6
STEW,15,logistic_regression,0,1,0.8383824757106857,6
STEW,15,logistic_regression,0,0,0.20364348389255563,6
STEW,15,logistic_regression,0,0,0.40994541950549396,6
STEW,15,logistic_regression,0,1,0.5260702875620167,6
STEW,15,logistic_regression,0,0,0.2072186765922177,6
STEW,15,logistic_regression,0,1,0.7508351962815647,6
STEW,15,logistic_regression,0,1,0.7870791853656259,6
STEW,15,logistic_regression,0,0,0.2194357833627997,6
STEW,15,logistic_regression,0,1,0.8400001792410533,6
STEW,15,logistic_regression,0,1,0.6228384121070867,6
STEW,15,logistic_regression,0,1,0.898400738315009,6
STEW,15,logistic_regression,0,1,0.6351052825343828,6
STEW,15,logistic_regression,0,1,0.5713853123179675,6
STEW,15,logistic_regression,0,1,0.5791815214382883,6
STEW,15,logistic_regression,0,1,0.9563176813491562,6
STEW,16,logistic_regression,0,0,0.011726307621897712,7
STEW,16,logistic_regression,0,0,0.44309905492493834,7
STEW,16,logistic_regression,0,0,0.16164453093996403,7
STEW,16,logistic_regression,0,0,0.05816839650667657,7
STEW,16,logistic_regression,0,0,0.07730364630076345,7
STEW,16,logistic_regression,0,0,0.46814794130504767,7
STEW,16,logistic_regression,0,1,0.6479311086441837,7
STEW,16,logistic_regression,0,0,0.49848010222876427,7
STEW,16,logistic_regression,0,0,0.15919685222006497,7
STEW,16,logistic_regression,0,0,0.4786626512041709,7
STEW,16,logistic_regression,0,1,0.6865842961381817,7
STEW,16,logistic_regression,0,0,0.2972331392418038,7
STEW,16,logistic_regression,0,1,0.5559655023908198,7
STEW,16,logistic_regression,0,0,0.3202502792037497,7
STEW,16,logistic_regression,0,1,0.6217416434012796,7
STEW,16,logistic_regression,0,0,0.09097702306815617,7
STEW,16,logistic_regression,0,0,0.0317076426449877,7
STEW,16,logistic_regression,0,0,0.4981606701617629,7
STEW,16,logistic_regression,0,0,0.07473263344209673,7
STEW,16,logistic_regression,0,0,0.06485757628469986,7
STEW,16,logistic_regression,0,0,0.043210809237573165,7
STEW,16,logistic_regression,0,0,0.34765831879899034,7
STEW,16,logistic_regression,0,1,0.6410247564859118,7
STEW,16,logistic_regression,0,1,0.5165720231041909,7
STEW,16,logistic_regression,0,0,0.006959057782130375,7
STEW,16,logistic_regression,1,1,0.9989207482086886,7
STEW,16,logistic_regression,1,0,0.19473784156375398,7
STEW,16,logistic_regression,1,1,0.8570162866098493,7
STEW,16,logistic_regression,1,0,0.2984101275670134,7
STEW,16,logistic_regression,1,0,0.2896129199937517,7
STEW,16,logistic_regression,1,1,0.8255874638029127,7
STEW,16,logistic_regression,1,1,0.9999999999999389,7
STEW,16,logistic_regression,1,1,0.943763128559064,7
STEW,16,logistic_regression,1,1,0.9993583662611152,7
STEW,16,logistic_regression,1,1,0.9139679716992714,7
STEW,16,logistic_regression,1,1,0.6849905629683959,7
STEW,16,logistic_regression,1,1,0.9460113868487604,7
STEW,16,logistic_regression,1,1,0.9648243729223267,7
STEW,16,logistic_regression,1,0,1.2632868698278418e-05,7
STEW,16,logistic_regression,1,1,0.5877625470282943,7
STEW,16,logistic_regression,1,0,0.28618383356564486,7
STEW,16,logistic_regression,1,1,0.6920797782035734,7
STEW,16,logistic_regression,1,1,0.5495433253884314,7
STEW,16,logistic_regression,1,1,0.7448555753923811,7
STEW,16,logistic_regression,1,1,0.8398537762648903,7
STEW,16,logistic_regression,1,1,0.8025183189249668,7
STEW,16,logistic_regression,1,1,0.8793388978867523,7
STEW,16,logistic_regression,1,1,0.8017396404043685,7
STEW,16,logistic_regression,1,1,0.8653059029915334,7
STEW,17,logistic_regression,1,1,0.7379579046320355,8
STEW,17,logistic_regression,1,1,0.9545157912495346,8
STEW,17,logistic_regression,1,1,0.7435356041585951,8
STEW,17,logistic_regression,1,1,0.9108813466640964,8
STEW,17,logistic_regression,1,1,0.8729956819730719,8
STEW,17,logistic_regression,1,1,0.9312517278465468,8
STEW,17,logistic_regression,1,0,0.19413894005944363,8
STEW,17,logistic_regression,1,1,0.8253379988734325,8
STEW,17,logistic_regression,1,0,0.4061058387911147,8
STEW,17,logistic_regression,1,1,0.913306474500107,8
STEW,17,logistic_regression,1,1,0.7958266644236389,8
STEW,17,logistic_regression,1,1,0.7327123552711466,8
STEW,17,logistic_regression,1,1,0.7068215148226263,8
STEW,17,logistic_regression,1,1,0.7919240001246716,8
STEW,17,logistic_regression,1,1,0.8112287843739389,8
STEW,17,logistic_regression,1,1,0.9257304091597611,8
STEW,17,logistic_regression,1,1,0.9136995614061988,8
STEW,17,logistic_regression,1,1,0.816706858417777,8
STEW,17,logistic_regression,1,1,0.6252204786801216,8
STEW,17,logistic_regression,1,0,0.4003602340030469,8
STEW,17,logistic_regression,1,0,0.3183176282865554,8
STEW,17,logistic_regression,1,1,0.9148447816931249,8
STEW,17,logistic_regression,1,0,0.02068915505471614,8
STEW,17,logistic_regression,1,1,0.5224927551092009,8
STEW,17,logistic_regression,1,1,0.6529549989780111,8
STEW,17,logistic_regression,1,1,0.7912937816641875,8
STEW,17,logistic_regression,0,1,0.7179150976496368,8
STEW,17,logistic_regression,0,1,0.6713053073753997,8
STEW,17,logistic_regression,0,0,0.32519495841725565,8
STEW,17,logistic_regression,0,1,0.5598610360158126,8
STEW,17,logistic_regression,0,0,0.12022379386513866,8
STEW,17,logistic_regression,0,0,0.36526742544988905,8
STEW,17,logistic_regression,0,0,0.41937780139224196,8
STEW,17,logistic_regression,0,0,0.13649379816120646,8
STEW,17,logistic_regression,0,0,0.3418671379411668,8
STEW,17,logistic_regression,0,0,0.29846951646040915,8
STEW,17,logistic_regression,0,1,0.614031920929884,8
STEW,17,logistic_regression,0,0,0.280312368041657,8
STEW,17,logistic_regression,0,0,0.028140331330394928,8
STEW,17,logistic_regression,0,1,0.8862955774297203,8
STEW,17,logistic_regression,0,1,0.5194250656809816,8
STEW,17,logistic_regression,0,1,0.854513641854902,8
STEW,17,logistic_regression,0,1,0.8957235277939857,8
STEW,17,logistic_regression,0,0,0.29895845963873613,8
STEW,18,logistic_regression,0,0,0.17934470051112636,9
STEW,18,logistic_regression,0,0,0.0040994459297314925,9
STEW,18,logistic_regression,0,0,0.3199925258712526,9
STEW,18,logistic_regression,0,1,0.9997473134980992,9
STEW,18,logistic_regression,0,1,0.5595548440526846,9
STEW,18,logistic_regression,0,1,0.717571364244156,9
STEW,18,logistic_regression,0,1,0.998216863431623,9
STEW,18,logistic_regression,0,1,0.999097170507982,9
STEW,18,logistic_regression,0,1,0.9592756814768254,9
STEW,18,logistic_regression,0,1,0.5248987096621553,9
STEW,18,logistic_regression,0,1,0.5202675119197355,9
STEW,18,logistic_regression,0,1,0.6435464187441079,9
STEW,18,logistic_regression,0,0,0.2078136759262204,9
STEW,18,logistic_regression,0,0,0.23857092529399837,9
STEW,18,logistic_regression,0,0,0.13348138349426,9
STEW,18,logistic_regression,0,0,0.08486920943419123,9
STEW,18,logistic_regression,0,0,0.2455910962292851,9
STEW,18,logistic_regression,0,0,0.1510443677345176,9
STEW,18,logistic_regression,0,0,0.10564865782695496,9
STEW,18,logistic_regression,0,0,0.25119510022328784,9
STEW,18,logistic_regression,0,0,0.13385217294915971,9
STEW,18,logistic_regression,0,0,0.23819726916948458,9
STEW,18,logistic_regression,0,0,0.31256932858853026,9
STEW,18,logistic_regression,0,0,0.19224634687993847,9
STEW,18,logistic_regression,0,1,0.5499311016228601,9
STEW,18,logistic_regression,1,0,0.3445735115388677,9
STEW,18,logistic_regression,1,1,0.564191378016208,9
STEW,18,logistic_regression,1,1,0.8985810613209139,9
STEW,18,logistic_regression,1,1,0.860384775533529,9
STEW,18,logistic_regression,1,1,0.5708801717815923,9
STEW,18,logistic_regression,1,0,0.003973648952215453,9
STEW,18,logistic_regression,1,1,0.851033590560552,9
STEW,18,logistic_regression,1,1,0.877227728284561,9
STEW,18,logistic_regression,1,0,0.32147559257303865,9
STEW,18,logistic_regression,1,1,0.9532838674627266,9
STEW,18,logistic_regression,1,1,0.9728495187486222,9
STEW,18,logistic_regression,1,1,0.9602319593929582,9
STEW,18,logistic_regression,1,1,0.7100917402189102,9
STEW,18,logistic_regression,1,1,0.7989695032348937,9
STEW,18,logistic_regression,1,1,0.7342612397029239,9
STEW,18,logistic_regression,1,1,0.9253571435732967,9
STEW,18,logistic_regression,1,1,0.7794681824123479,9
STEW,18,logistic_regression,1,1,0.8660120527364117,9
STEW,18,logistic_regression,1,1,0.77842491075013,9
STEW,18,logistic_regression,1,1,0.7065321554072279,9
STEW,18,logistic_regression,1,1,0.8222410728330193,9
STEW,18,logistic_regression,1,1,0.8405598422378036,9
STEW,18,logistic_regression,1,1,0.502498853367268,9
STEW,19,logistic_regression,1,0,0.37355288410522325,10
STEW,19,logistic_regression,1,1,0.9277839778934527,10
STEW,19,logistic_regression,1,1,0.857816414492511,10
STEW,19,logistic_regression,1,1,0.5859108663047289,10
STEW,19,logistic_regression,1,1,0.8106035145691389,10
STEW,19,logistic_regression,1,0,0.3020980140175605,10
STEW,19,logistic_regression,1,1,0.7962773579072754,10
STEW,19,logistic_regression,1,1,0.8289471788573146,10
STEW,19,logistic_regression,1,0,0.3722329350517658,10
STEW,19,logistic_regression,1,1,0.5955227934699082,10
STEW,19,logistic_regression,1,1,0.790552433240205,10
STEW,19,logistic_regression,1,0,0.418796107927868,10
STEW,19,logistic_regression,1,1,0.7307935190669472,10
STEW,19,logistic_regression,1,0,0.4822840966918998,10
STEW,19,logistic_regression,1,1,0.5924604562299698,10
STEW,19,logistic_regression,1,0,0.46670633879296863,10
STEW,19,logistic_regression,1,1,0.9313289151571098,10
STEW,19,logistic_regression,1,1,0.9871501151381136,10
STEW,19,logistic_regression,1,1,0.8769308922243846,10
STEW,19,logistic_regression,1,1,0.9392575328054245,10
STEW,19,logistic_regression,1,0,0.010760224360277942,10
STEW,19,logistic_regression,0,0,0.3846531372375905,10
STEW,19,logistic_regression,0,0,0.37637726104496194,10
STEW,19,logistic_regression,0,0,0.020197009565775813,10
STEW,19,logistic_regression,0,0,0.053292225217079194,10
STEW,19,logistic_regression,0,0,0.12818185258251766,10
STEW,19,logistic_regression,0,1,0.8548329242747035,10
STEW,19,logistic_regression,0,0,0.17714157697247315,10
STEW,19,logistic_regression,0,0,0.2476493505005444,10
STEW,19,logistic_regression,0,0,0.253138726873783,10
STEW,19,logistic_regression,0,0,0.037506662573608705,10
STEW,19,logistic_regression,0,0,0.053044519864517636,10
STEW,19,logistic_regression,0,0,0.02244142305513446,10
STEW,19,logistic_regression,0,0,0.05185083056614639,10
STEW,19,logistic_regression,0,0,0.07498005773985035,10
STEW,19,logistic_regression,0,0,0.053364118841172474,10
STEW,19,logistic_regression,0,0,0.11430601413293029,10
STEW,19,logistic_regression,0,0,0.31423473132940843,10
STEW,19,logistic_regression,0,0,0.08243743377590046,10
STEW,19,logistic_regression,0,0,0.036614576296406194,10
STEW,19,logistic_regression,0,0,0.09347906306104621,10
STEW,19,logistic_regression,0,0,0.16553181978797277,10
STEW,19,logistic_regression,0,0,0.03319154290848786,10
STEW,19,logistic_regression,0,0,0.020061542525348468,10
STEW,19,logistic_regression,0,0,0.22298517806367674,10
STEW,19,logistic_regression,0,1,0.999959747656178,10
STEW,19,logistic_regression,0,0,0.0840179973606591,10
STEW,19,logistic_regression,0,1,0.6722134258141756,10
STEW,2,logistic_regression,1,1,0.939786353908263,11
STEW,2,logistic_regression,1,1,0.8493798374073944,11
STEW,2,logistic_regression,1,1,0.937195957346605,11
STEW,2,logistic_regression,1,1,0.8039282070836589,11
STEW,2,logistic_regression,1,1,0.9804050477300118,11
STEW,2,logistic_regression,1,1,0.9953985277748422,11
STEW,2,logistic_regression,1,1,0.9924271464100147,11
STEW,2,logistic_regression,1,1,0.9932729489023434,11
STEW,2,logistic_regression,1,1,0.9111945200385646,11
STEW,2,logistic_regression,1,1,0.9760321153132357,11
STEW,2,logistic_regression,1,1,0.7022861964186672,11
STEW,2,logistic_regression,1,1,0.979721927310939,11
STEW,2,logistic_regression,1,1,0.93861237066667,11
STEW,2,logistic_regression,1,1,0.9606401844641457,11
STEW,2,logistic_regression,1,1,0.97640226614858,11
STEW,2,logistic_regression,0,0,0.2708556187135246,11
STEW,2,logistic_regression,0,0,0.28978737879027544,11
STEW,2,logistic_regression,0,0,0.1591857804898623,11
STEW,2,logistic_regression,0,0,0.2884512364407999,11
STEW,2,logistic_regression,0,1,0.5985639896172208,11
STEW,2,logistic_regression,0,0,0.20736565832982293,11
STEW,2,logistic_regression,0,0,0.4655579748312666,11
STEW,2,logistic_regression,0,1,0.6049317622994005,11
STEW,2,logistic_regression,0,0,0.2575862043919244,11
STEW,2,logistic_regression,0,0,0.10193375908112448,11
STEW,2,logistic_regression,0,0,0.3259556838940788,11
STEW,2,logistic_regression,0,0,0.47878970428244194,11
STEW,2,logistic_regression,0,0,0.3564997468694814,11
STEW,2,logistic_regression,0,0,0.18500139542153557,11
STEW,2,logistic_regression,0,1,0.5889171112512969,11
STEW,2,logistic_regression,0,0,0.43296323061251435,11
STEW,2,logistic_regression,0,1,0.5790071032230479,11
STEW,2,logistic_regression,0,0,0.32453815305717104,11
STEW,2,logistic_regression,0,1,0.7509340824833549,11
STEW,2,logistic_regression,0,1,0.5949505376255912,11
STEW,2,logistic_regression,0,0,0.2666363840334356,11
STEW,20,logistic_regression,0,0,0.04101577692731389,12
STEW,20,logistic_regression,0,0,0.0232527876842515,12
STEW,20,logistic_regression,0,1,0.9685186272700278,12
STEW,20,logistic_regression,0,1,0.5470718130303541,12
STEW,20,logistic_regression,0,0,0.04983137117938576,12
STEW,20,logistic_regression,0,1,0.518904540630354,12
STEW,20,logistic_regression,0,0,0.11513829529525448,12
STEW,20,logistic_regression,0,0,0.08375213213956746,12
STEW,20,logistic_regression,0,0,0.1286255642602475,12
STEW,20,logistic_regression,0,1,0.6345042493498532,12
STEW,20,logistic_regression,0,0,0.33635317855694996,12
STEW,20,logistic_regression,0,0,0.14803514447040045,12
STEW,20,logistic_regression,0,0,0.13357762079835933,12
STEW,20,logistic_regression,0,0,0.3890897802896455,12
STEW,20,logistic_regression,0,0,0.23760492646335574,12
STEW,20,logistic_regression,0,0,0.0314935175068681,12
STEW,20,logistic_regression,0,0,0.29191093917091565,12
STEW,20,logistic_regression,0,1,0.7456773189321582,12
STEW,20,logistic_regression,0,0,0.06816546653337112,12
STEW,20,logistic_regression,0,0,0.41690546874301904,12
STEW,20,logistic_regression,0,0,0.27532884506351857,12
STEW,20,logistic_regression,1,1,0.9847923107154137,12
STEW,20,logistic_regression,1,1,0.9475137331324286,12
STEW,20,logistic_regression,1,1,0.9441002059034319,12
STEW,20,logistic_regression,1,1,0.8138110248535332,12
STEW,20,logistic_regression,1,1,0.9652926075653782,12
STEW,20,logistic_regression,1,1,0.9096578430886944,12
STEW,20,logistic_regression,1,1,0.8661482029786387,12
STEW,20,logistic_regression,1,1,0.9713557368429888,12
STEW,20,logistic_regression,1,1,0.6046248480438985,12
STEW,20,logistic_regression,1,1,0.8928009941153837,12
STEW,20,logistic_regression,1,1,0.999569410972605,12
STEW,20,logistic_regression,1,1,0.8370408935844045,12
STEW,20,logistic_regression,1,1,0.7519222028437167,12
STEW,20,logistic_regression,1,1,0.561541532900605,12
STEW,20,logistic_regression,1,1,0.6246621281440088,12
STEW,20,logistic_regression,1,1,0.8442905641652054,12
STEW,20,logistic_regression,1,0,0.24715507212155075,12
STEW,20,logistic_regression,1,1,0.6113383256113909,12
STEW,20,logistic_regression,1,1,0.7980020471723682,12
STEW,20,logistic_regression,1,1,0.6054339062075086,12
STEW,20,logistic_regression,1,1,0.8315752199354972,12
STEW,21,logistic_regression,1,0,0.10539027074290301,13
STEW,21,logistic_regression,1,0,0.033255914254626845,13
STEW,21,logistic_regression,1,0,0.06442283642724506,13
STEW,21,logistic_regression,1,0,0.35686064502792375,13
STEW,21,logistic_regression,1,0,0.10345166441025883,13
STEW,21,logistic_regression,1,1,0.6096794289133517,13
STEW,21,logistic_regression,1,0,0.4138343815923716,13
STEW,21,logistic_regression,1,0,0.3155057966532471,13
STEW,21,logistic_regression,1,1,0.6191407347766358,13
STEW,21,logistic_regression,1,1,0.6050655257105981,13
STEW,21,logistic_regression,1,1,0.6554812915224614,13
STEW,21,logistic_regression,1,1,0.9805653964840433,13
STEW,21,logistic_regression,1,0,0.3382869469829864,13
STEW,21,logistic_regression,1,0,0.4090505872455731,13
STEW,21,logistic_regression,1,0,0.20492934355895598,13
STEW,21,logistic_regression,1,1,0.9383859020068883,13
STEW,21,logistic_regression,1,1,0.959168346268011,13
STEW,21,logistic_regression,1,1,0.8335544347967236,13
STEW,21,logistic_regression,1,0,0.4004491789154151,13
STEW,21,logistic_regression,1,1,0.9285934857536136,13
STEW,21,logistic_regression,1,1,0.7762662969228245,13
STEW,21,logistic_regression,1,1,0.9058664866347291,13
STEW,21,logistic_regression,1,1,0.9625728061816438,13
STEW,21,logistic_regression,1,1,0.8941242608024592,13
STEW,21,logistic_regression,1,1,0.999999991325271,13
STEW,21,logistic_regression,1,0,0.4490254802858264,13
STEW,21,logistic_regression,1,0,0.3524676319701626,13
STEW,21,logistic_regression,1,0,0.3881914674946399,13
STEW,21,logistic_regression,1,0,0.4121289252918526,13
STEW,21,logistic_regression,0,0,0.37371700927444884,13
STEW,21,logistic_regression,0,0,0.15077238277775723,13
STEW,21,logistic_regression,0,0,0.40652291347018576,13
STEW,21,logistic_regression,0,1,0.6822464359398979,13
STEW,21,logistic_regression,0,0,0.39011930935549144,13
STEW,21,logistic_regression,0,0,0.1385409839071844,13
STEW,21,logistic_regression,0,0,0.056965119998129844,13
STEW,21,logistic_regression,0,0,0.17416328967764227,13
STEW,21,logistic_regression,0,0,0.4212420973769686,13
STEW,21,logistic_regression,0,0,0.4453983937015665,13
STEW,21,logistic_regression,0,0,0.1918578279676497,13
STEW,21,logistic_regression,0,0,0.09675675842679815,13
STEW,21,logistic_regression,0,0,0.27160335015263065,13
STEW,21,logistic_regression,0,0,0.38533060013084675,13
STEW,21,logistic_regression,0,0,0.09798317947294649,13
STEW,21,logistic_regression,0,0,0.04327869439795832,13
STEW,21,logistic_regression,0,0,0.39792552297842115,13
STEW,21,logistic_regression,0,0,0.13729837243935264,13
STEW,21,logistic_regression,0,0,0.37053478519812494,13
STEW,21,logistic_regression,0,1,0.5464689472628713,13
STEW,21,logistic_regression,0,0,0.1191046933717141,13
STEW,21,logistic_regression,0,1,0.5746856691981879,13
STEW,21,logistic_regression,0,0,0.20396236539462687,13
STEW,22,logistic_regression,0,0,0.00044501246687106687,14
STEW,22,logistic_regression,0,0,6.444551597111875e-09,14
STEW,22,logistic_regression,0,0,0.002861467200585302,14
STEW,22,logistic_regression,0,1,0.5744427139494469,14
STEW,22,logistic_regression,0,1,0.526453993163732,14
STEW,22,logistic_regression,0,0,0.3106216301455746,14
STEW,22,logistic_regression,0,0,0.12578365589977986,14
STEW,22,logistic_regression,0,0,0.2416713914826418,14
STEW,22,logistic_regression,0,0,0.16152417171072084,14
STEW,22,logistic_regression,0,0,0.12155387888500488,14
STEW,22,logistic_regression,0,1,0.9211342113522778,14
STEW,22,logistic_regression,0,0,0.033496954683481774,14
STEW,22,logistic_regression,0,0,0.41806355496788683,14
STEW,22,logistic_regression,0,1,0.8039239723257808,14
STEW,22,logistic_regression,0,1,0.9991961476735668,14
STEW,22,logistic_regression,0,1,0.9342895119774582,14
STEW,22,logistic_regression,1,1,0.9813491067740847,14
STEW,22,logistic_regression,1,1,0.931358801639194,14
STEW,22,logistic_regression,1,1,0.9164925456781279,14
STEW,22,logistic_regression,1,0,0.36804568055688636,14
STEW,22,logistic_regression,1,1,0.8666757245378706,14
STEW,22,logistic_regression,1,0,0.39639963764722025,14
STEW,22,logistic_regression,1,1,0.8106856127932544,14
STEW,22,logistic_regression,1,1,0.9740333190521855,14
STEW,22,logistic_regression,1,1,0.9818840892764149,14
STEW,22,logistic_regression,1,1,0.8084431863109012,14
STEW,22,logistic_regression,1,1,0.9385775136288198,14
STEW,22,logistic_regression,1,1,0.7560100143976488,14
STEW,22,logistic_regression,1,1,0.5430731458896197,14
STEW,22,logistic_regression,1,1,0.8633483679528628,14
STEW,22,logistic_regression,1,1,0.9967529358556495,14
STEW,22,logistic_regression,1,1,0.997334735451037,14
STEW,22,logistic_regression,1,1,0.9476924619738929,14
STEW,22,logistic_regression,1,1,0.6202104254456123,14
STEW,22,logistic_regression,1,1,0.9221043312340832,14
STEW,22,logistic_regression,1,1,0.9604277588226745,14
STEW,22,logistic_regression,1,1,0.9851317916338167,14
STEW,23,logistic_regression,1,1,0.9155698288195613,15
STEW,23,logistic_regression,1,1,0.5197272843849332,15
STEW,23,logistic_regression,1,0,0.40422203292051223,15
STEW,23,logistic_regression,1,1,0.823980818754823,15
STEW,23,logistic_regression,1,1,0.8883311686036127,15
STEW,23,logistic_regression,1,0,0.4353589637545432,15
STEW,23,logistic_regression,1,1,0.961056248360805,15
STEW,23,logistic_regression,1,1,0.7636916627193785,15
STEW,23,logistic_regression,1,0,0.46546187946986806,15
STEW,23,logistic_regression,1,1,0.8639014716162255,15
STEW,23,logistic_regression,0,0,0.038170761986992596,15
STEW,23,logistic_regression,0,0,0.007855678381129947,15
STEW,23,logistic_regression,0,0,0.1785019004084884,15
STEW,23,logistic_regression,0,0,0.0665415021534204,15
STEW,23,logistic_regression,0,0,0.07282002476942007,15
STEW,23,logistic_regression,0,0,0.07336824546750279,15
STEW,23,logistic_regression,0,0,0.020369756350738333,15
STEW,23,logistic_regression,0,0,0.1302968680531578,15
STEW,23,logistic_regression,0,0,0.046690343022268155,15
STEW,23,logistic_regression,0,0,0.02362330687324442,15
STEW,23,logistic_regression,0,0,0.09536575309817014,15
STEW,24,logistic_regression,0,0,0.3825267027559374,16
STEW,24,logistic_regression,1,0,0.022641965538411645,16
STEW,24,logistic_regression,1,1,0.9639858845875315,16
STEW,24,logistic_regression,1,1,0.9103831492752951,16
STEW,24,logistic_regression,1,0,0.3914795293950981,16
STEW,24,logistic_regression,1,0,0.07900792859995216,16
STEW,24,logistic_regression,1,1,0.7485011083802708,16
STEW,24,logistic_regression,1,1,0.5696690381283053,16
STEW,24,logistic_regression,1,0,0.36220863375820145,16
STEW,24,logistic_regression,1,0,0.18831326288214728,16
STEW,24,logistic_regression,1,1,0.7380392140027945,16
STEW,24,logistic_regression,1,1,0.5785774710734767,16
STEW,24,logistic_regression,1,0,0.48574751970665103,16
STEW,24,logistic_regression,1,0,0.3038792459531982,16
STEW,24,logistic_regression,1,0,0.2712604301326463,16
STEW,24,logistic_regression,1,1,0.6341656750345979,16
STEW,24,logistic_regression,1,1,0.720580924875262,16
STEW,24,logistic_regression,1,0,0.4593889145459757,16
STEW,24,logistic_regression,1,0,0.39318285520654017,16
STEW,24,logistic_regression,0,0,0.0546123118308985,16
STEW,24,logistic_regression,0,0,0.00932511166332269,16
STEW,24,logistic_regression,0,0,0.005117237311392756,16
STEW,24,logistic_regression,0,0,0.1357233592675449,16
STEW,24,logistic_regression,0,0,0.11743017910406812,16
STEW,24,logistic_regression,0,0,0.42761622167592295,16
STEW,24,logistic_regression,0,0,0.02444609515694016,16
STEW,24,logistic_regression,0,0,0.002960621419041291,16
STEW,24,logistic_regression,0,0,0.006851497529877252,16
STEW,24,logistic_regression,0,0,0.31924615026270275,16
STEW,24,logistic_regression,0,0,0.2543737083717891,16
STEW,24,logistic_regression,0,0,0.11012486091013743,16
STEW,24,logistic_regression,0,0,0.08978406926393033,16
STEW,24,logistic_regression,0,1,0.5193389255005978,16
STEW,24,logistic_regression,0,0,0.09769084091876322,16
STEW,24,logistic_regression,0,0,0.1604264259824453,16
STEW,24,logistic_regression,0,0,0.07402434993708353,16
STEW,24,logistic_regression,0,0,0.22522363472373272,16
STEW,24,logistic_regression,0,0,0.025033158989533844,16
STEW,25,logistic_regression,1,0,0.09403538323229035,17
STEW,25,logistic_regression,1,0,0.20092030493399232,17
STEW,25,logistic_regression,1,1,0.9999848933625066,17
STEW,25,logistic_regression,1,1,0.9999874360207588,17
STEW,25,logistic_regression,1,1,0.774018146478842,17
STEW,25,logistic_regression,1,1,0.9614857973821227,17
STEW,25,logistic_regression,1,1,0.506762114361521,17
STEW,25,logistic_regression,1,1,0.8090944094337051,17
STEW,25,logistic_regression,1,0,0.21213621542576497,17
STEW,25,logistic_regression,1,0,0.3631647245433656,17
STEW,25,logistic_regression,1,0,0.22973195837669177,17
STEW,25,logistic_regression,1,1,0.6092278784340419,17
STEW,25,logistic_regression,1,0,0.26511666979126736,17
STEW,25,logistic_regression,1,0,0.40171099992684034,17
STEW,25,logistic_regression,1,0,0.1777986805445966,17
STEW,25,logistic_regression,1,0,0.09584090233971533,17
STEW,25,logistic_regression,1,0,0.337030549609645,17
STEW,25,logistic_regression,1,0,0.08019618362209573,17
STEW,25,logistic_regression,1,0,0.2149091761418744,17
STEW,25,logistic_regression,1,1,0.8589446825598119,17
STEW,25,logistic_regression,1,1,0.7656516773493047,17
STEW,25,logistic_regression,1,0,0.07053474217187318,17
STEW,25,logistic_regression,1,0,0.3038902476847393,17
STEW,25,logistic_regression,1,0,0.03132489037542118,17
STEW,25,logistic_regression,0,0,0.03096126797287253,17
STEW,25,logistic_regression,0,0,0.0183923305769502,17
STEW,25,logistic_regression,0,0,0.16015146838643604,17
STEW,25,logistic_regression,0,1,0.6903976154228693,17
STEW,25,logistic_regression,0,0,0.2194205597605223,17
STEW,25,logistic_regression,0,0,0.050408390771629986,17
STEW,25,logistic_regression,0,0,0.04912339573214607,17
STEW,25,logistic_regression,0,0,0.28097848549584725,17
STEW,25,logistic_regression,0,0,0.25681976507729326,17
STEW,25,logistic_regression,0,1,0.8298787312344822,17
STEW,25,logistic_regression,0,1,0.8122386112049449,17
STEW,25,logistic_regression,0,0,0.04247511942949753,17
STEW,25,logistic_regression,0,0,0.4092096324773707,17
STEW,25,logistic_regression,0,0,0.21165089513960716,17
STEW,25,logistic_regression,0,1,0.5477160130076182,17
STEW,25,logistic_regression,0,0,0.13913732622585248,17
STEW,26,logistic_regression,0,0,0.08961843711357285,18
STEW,26,logistic_regression,0,1,0.5541855883806881,18
STEW,26,logistic_regression,0,0,0.12544233447815772,18
STEW,26,logistic_regression,0,1,0.5059616999378684,18
STEW,26,logistic_regression,0,0,0.10212051328661526,18
STEW,26,logistic_regression,0,0,0.23554321352146998,18
STEW,26,logistic_regression,0,0,0.35168890641898376,18
STEW,26,logistic_regression,0,1,0.7706927832901584,18
STEW,26,logistic_regression,0,0,0.09634343993088182,18
STEW,26,logistic_regression,0,0,0.06030499880364479,18
STEW,26,logistic_regression,0,0,0.3670261552995306,18
STEW,26,logistic_regression,0,1,0.654064796470396,18
STEW,26,logistic_regression,0,0,0.46988332793223886,18
STEW,26,logistic_regression,0,0,0.24931919545914,18
STEW,26,logistic_regression,0,0,0.24476307577587753,18
STEW,26,logistic_regression,0,0,0.10055864685571038,18
STEW,26,logistic_regression,0,1,0.8244424418603431,18
STEW,26,logistic_regression,0,1,0.5893203249079236,18
STEW,26,logistic_regression,0,0,0.22694077506647248,18
STEW,26,logistic_regression,0,0,0.3653543477444514,18
STEW,26,logistic_regression,0,0,0.36106121398581376,18
STEW,26,logistic_regression,0,1,0.5114216547777908,18
STEW,26,logistic_regression,0,1,0.506404088959059,18
STEW,26,logistic_regression,0,1,0.7086938409332716,18
STEW,26,logistic_regression,0,0,0.3789760170980809,18
STEW,26,logistic_regression,0,0,0.09592766739629142,18
STEW,26,logistic_regression,0,0,0.24497676278015534,18
STEW,26,logistic_regression,1,1,0.9968240760447666,18
STEW,26,logistic_regression,1,1,0.9663493556469461,18
STEW,26,logistic_regression,1,1,0.9950881043070937,18
STEW,26,logistic_regression,1,1,0.9590228786841991,18
STEW,26,logistic_regression,1,1,0.8530137976208291,18
STEW,26,logistic_regression,1,1,0.913919671476867,18
STEW,26,logistic_regression,1,1,0.9459998144210368,18
STEW,26,logistic_regression,1,0,0.3665166783096519,18
STEW,26,logistic_regression,1,1,0.8881840489374395,18
STEW,26,logistic_regression,1,1,0.6060868861818242,18
STEW,26,logistic_regression,1,1,0.9091153988468279,18
STEW,26,logistic_regression,1,1,0.8131885902643636,18
STEW,26,logistic_regression,1,1,0.9795438920262911,18
STEW,26,logistic_regression,1,1,0.9895473077692241,18
STEW,26,logistic_regression,1,1,0.560073825332334,18
STEW,26,logistic_regression,1,1,0.8640708306574303,18
STEW,26,logistic_regression,1,1,0.9773620603416747,18
STEW,26,logistic_regression,1,1,0.9346234294525096,18
STEW,26,logistic_regression,1,1,0.9498617256493925,18
STEW,27,logistic_regression,0,0,0.2806733022824572,19
STEW,27,logistic_regression,0,0,0.18628619225025542,19
STEW,27,logistic_regression,0,0,0.12152416718570662,19
STEW,27,logistic_regression,0,0,0.2747760604254879,19
STEW,27,logistic_regression,0,1,0.5414057510916632,19
STEW,27,logistic_regression,0,1,0.896876883723407,19
STEW,27,logistic_regression,0,0,0.2412880891494386,19
STEW,27,logistic_regression,0,0,0.16553016581160634,19
STEW,27,logistic_regression,0,0,0.4583559270155628,19
STEW,27,logistic_regression,0,0,0.2276584982558562,19
STEW,27,logistic_regression,0,0,0.2125454306545166,19
STEW,27,logistic_regression,0,0,0.10835509090941634,19
STEW,27,logistic_regression,0,0,0.12235401714901598,19
STEW,27,logistic_regression,0,0,0.05640588834471061,19
STEW,27,logistic_regression,0,0,0.06587224430727075,19
STEW,27,logistic_regression,0,0,0.4310388769738935,19
STEW,27,logistic_regression,0,0,0.07470508350118095,19
STEW,27,logistic_regression,0,0,0.006727549152498996,19
STEW,27,logistic_regression,0,0,0.06001158456261343,19
STEW,27,logistic_regression,0,0,0.2309661297980804,19
STEW,27,logistic_regression,0,1,0.5263557367879883,19
STEW,27,logistic_regression,0,0,0.3395974286110759,19
STEW,27,logistic_regression,1,1,0.9076066216288899,19
STEW,27,logistic_regression,1,1,0.8824099271046896,19
STEW,27,logistic_regression,1,1,0.6999364301663794,19
STEW,27,logistic_regression,1,1,0.8183564765052264,19
STEW,27,logistic_regression,1,1,0.8197687205373925,19
STEW,27,logistic_regression,1,1,0.9704164688159904,19
STEW,27,logistic_regression,1,1,0.509399673787539,19
STEW,27,logistic_regression,1,1,0.9856816116761088,19
STEW,27,logistic_regression,1,1,0.8764249645979793,19
STEW,27,logistic_regression,1,1,0.8142256932965297,19
STEW,27,logistic_regression,1,1,0.8057871556019193,19
STEW,27,logistic_regression,1,1,0.9180348164524185,19
STEW,27,logistic_regression,1,1,0.9025079258599821,19
STEW,27,logistic_regression,1,1,0.9671317894870404,19
STEW,27,logistic_regression,1,1,0.9072770375381779,19
STEW,27,logistic_regression,1,0,0.46054403828622825,19
STEW,27,logistic_regression,1,1,0.9646770914727152,19
STEW,27,logistic_regression,1,1,0.9623668643825485,19
STEW,27,logistic_regression,1,1,0.9971422777113879,19
STEW,28,logistic_regression,1,1,0.9944156252213279,20
STEW,28,logistic_regression,1,1,0.797170719073744,20
STEW,28,logistic_regression,1,1,0.8417260715151027,20
STEW,28,logistic_regression,1,0,0.48897357025103616,20
STEW,28,logistic_regression,1,1,0.7919454286340976,20
STEW,28,logistic_regression,1,0,0.4557219314195111,20
STEW,28,logistic_regression,1,1,0.9475162913184698,20
STEW,28,logistic_regression,1,1,0.768644836594216,20
STEW,28,logistic_regression,1,1,0.6206321253799075,20
STEW,28,logistic_regression,1,1,0.9141619320118023,20
STEW,28,logistic_regression,1,0,0.4729800311359109,20
STEW,28,logistic_regression,1,0,0.27475911701099925,20
STEW,28,logistic_regression,1,1,0.9370504926299377,20
STEW,28,logistic_regression,1,1,0.8650537392271814,20
STEW,28,logistic_regression,1,1,0.9327258441414686,20
STEW,28,logistic_regression,1,0,0.44284564473120097,20
STEW,28,logistic_regression,1,1,0.8300265258582562,20
STEW,28,logistic_regression,1,1,0.9305672799627236,20
STEW,28,logistic_regression,1,0,0.1300805773375812,20
STEW,28,logistic_regression,1,0,0.3388508856533908,20
STEW,28,logistic_regression,1,0,0.08601362619319358,20
STEW,28,logistic_regression,1,0,0.10845292274533533,20
STEW,28,logistic_regression,1,1,0.7172180901073952,20
STEW,28,logistic_regression,0,1,0.7660987195248135,20
STEW,28,logistic_regression,0,1,0.7331602904379502,20
STEW,28,logistic_regression,0,0,0.1768123604901406,20
STEW,28,logistic_regression,0,1,0.5857941941484625,20
STEW,28,logistic_regression,0,0,0.21904548184148634,20
STEW,28,logistic_regression,0,0,0.24555550908427823,20
STEW,28,logistic_regression,0,0,0.22882347209621665,20
STEW,28,logistic_regression,0,0,0.3736301336540417,20
STEW,28,logistic_regression,0,0,0.4481383241759262,20
STEW,28,logistic_regression,0,1,0.8999429539639205,20
STEW,28,logistic_regression,0,0,0.1223945280197618,20
STEW,28,logistic_regression,0,0,0.022427214451247648,20
STEW,28,logistic_regression,0,0,0.03416433692380007,20
STEW,28,logistic_regression,0,0,0.13251015114325818,20
STEW,28,logistic_regression,0,1,0.7247714416101482,20
STEW,28,logistic_regression,0,1,0.5717867807273874,20
STEW,28,logistic_regression,0,0,0.30977382092419264,20
STEW,28,logistic_regression,0,0,0.35486551579540787,20
STEW,28,logistic_regression,0,1,0.527501698091508,20
STEW,28,logistic_regression,0,0,0.14388465432539033,20
STEW,28,logistic_regression,0,0,0.09957017093768886,20
STEW,28,logistic_regression,0,1,0.7206389483237288,20
STEW,29,logistic_regression,0,0,0.19319153816820853,21
STEW,29,logistic_regression,0,1,0.6877174260053333,21
STEW,29,logistic_regression,0,0,0.41370718595044603,21
STEW,29,logistic_regression,0,0,0.47391476299343016,21
STEW,29,logistic_regression,0,0,0.1015503545270642,21
STEW,29,logistic_regression,0,1,0.5970440917439064,21
STEW,29,logistic_regression,0,1,0.646354525892081,21
STEW,29,logistic_regression,0,0,0.2749647335517622,21
STEW,29,logistic_regression,0,0,0.305872174860482,21
STEW,29,logistic_regression,0,0,0.2595748638196103,21
STEW,29,logistic_regression,0,0,0.4627713095970514,21
STEW,29,logistic_regression,0,0,0.4383721106580536,21
STEW,29,logistic_regression,1,1,0.9748965591431912,21
STEW,29,logistic_regression,1,1,0.9881579537147168,21
STEW,29,logistic_regression,1,1,0.7800912446423305,21
STEW,29,logistic_regression,1,1,0.9412454450812294,21
STEW,29,logistic_regression,1,1,0.9002973702964628,21
STEW,29,logistic_regression,1,1,0.983400619678312,21
STEW,29,logistic_regression,1,1,0.9978055421015124,21
STEW,29,logistic_regression,1,1,0.7248248689872868,21
STEW,29,logistic_regression,1,1,0.8489827707648588,21
STEW,29,logistic_regression,1,1,0.9714047443476963,21
STEW,29,logistic_regression,1,1,0.6258853922169082,21
STEW,29,logistic_regression,1,1,0.9902995371048975,21
STEW,29,logistic_regression,1,1,0.9951638621137094,21
STEW,29,logistic_regression,1,1,0.5330817201299243,21
STEW,29,logistic_regression,1,1,0.7544251413016485,21
STEW,29,logistic_regression,1,0,0.4015611371656674,21
STEW,29,logistic_regression,1,1,0.6192136960374256,21
STEW,29,logistic_regression,1,1,0.9632181161183337,21
STEW,29,logistic_regression,1,1,0.7774868126556561,21
STEW,29,logistic_regression,1,1,0.9820310992325925,21
STEW,3,logistic_regression,0,0,0.11672854592569039,22
STEW,3,logistic_regression,0,0,0.30484590235362785,22
STEW,3,logistic_regression,0,1,0.7385218833077847,22
STEW,3,logistic_regression,0,1,0.8765856701057946,22
STEW,3,logistic_regression,0,0,0.13655529110243922,22
STEW,3,logistic_regression,0,1,0.5294942179253834,22
STEW,3,logistic_regression,0,1,0.6072621365249656,22
STEW,3,logistic_regression,0,1,0.6149148608143903,22
STEW,3,logistic_regression,0,1,0.5346628536573287,22
STEW,3,logistic_regression,0,0,0.23686267983957762,22
STEW,3,logistic_regression,0,0,0.16709341208112694,22
STEW,3,logistic_regression,0,0,0.25730407712024306,22
STEW,3,logistic_regression,0,0,0.03881152948736114,22
STEW,3,logistic_regression,0,0,0.12554772223194735,22
STEW,3,logistic_regression,0,0,0.009568114606160732,22
STEW,3,logistic_regression,0,0,0.20257498461070061,22
STEW,3,logistic_regression,0,0,0.06853272518644872,22
STEW,3,logistic_regression,1,1,0.5314464255488908,22
STEW,3,logistic_regression,1,1,0.8747449414096944,22
STEW,3,logistic_regression,1,1,0.8649318772358106,22
STEW,3,logistic_regression,1,0,0.13331666884650134,22
STEW,3,logistic_regression,1,1,0.900276967075565,22
STEW,3,logistic_regression,1,1,0.7394510816845152,22
STEW,3,logistic_regression,1,0,0.11897567533939768,22
STEW,3,logistic_regression,1,1,0.5260535848057715,22
STEW,3,logistic_regression,1,0,0.11177634687885121,22
STEW,3,logistic_regression,1,1,0.640141210978527,22
STEW,3,logistic_regression,1,0,0.32027536460702916,22
STEW,3,logistic_regression,1,1,0.8775766808226563,22
STEW,3,logistic_regression,1,1,0.7730723238940175,22
STEW,3,logistic_regression,1,1,0.5751883340803251,22
STEW,3,logistic_regression,1,1,0.8969174200275458,22
STEW,3,logistic_regression,1,1,0.9181527563939403,22
STEW,3,logistic_regression,1,1,0.6338743999255986,22
STEW,3,logistic_regression,1,0,0.20584179485771684,22
STEW,3,logistic_regression,1,1,0.7600797856700822,22
STEW,3,logistic_regression,1,0,0.3241848044090362,22
STEW,3,logistic_regression,1,1,0.9592733178958252,22
STEW,3,logistic_regression,1,1,0.9749935668805332,22
STEW,3,logistic_regression,1,1,0.6729724992358532,22
STEW,30,logistic_regression,1,1,0.9869082949595614,23
STEW,30,logistic_regression,1,1,0.9137916868908643,23
STEW,30,logistic_regression,1,1,0.9707995004494614,23
STEW,30,logistic_regression,1,1,0.986112053264072,23
STEW,30,logistic_regression,1,1,0.9716343859455704,23
STEW,30,logistic_regression,1,0,0.12290320786617279,23
STEW,30,logistic_regression,1,1,0.9994196199979298,23
STEW,30,logistic_regression,1,1,0.9658119184388686,23
STEW,30,logistic_regression,1,1,0.9764777076844752,23
STEW,30,logistic_regression,1,1,0.9758077458908637,23
STEW,30,logistic_regression,1,1,0.9662757929096432,23
STEW,30,logistic_regression,0,1,0.7573724755495033,23
STEW,30,logistic_regression,0,0,0.16013140641102594,23
STEW,30,logistic_regression,0,0,0.3147558767782522,23
STEW,30,logistic_regression,0,0,0.4961826850263983,23
STEW,30,logistic_regression,0,1,0.7785828900145405,23
STEW,30,logistic_regression,0,0,0.36953962380993477,23
STEW,30,logistic_regression,0,1,0.9824715350577499,23
STEW,30,logistic_regression,0,0,0.3877937877779383,23
STEW,30,logistic_regression,0,1,0.9045725926806334,23
STEW,30,logistic_regression,0,1,0.8927514712365586,23
STEW,30,logistic_regression,0,0,0.19988896581261195,23
STEW,30,logistic_regression,0,1,0.9366252448557467,23
STEW,30,logistic_regression,0,1,0.685115519371093,23
STEW,30,logistic_regression,0,0,0.09362908230607096,23
STEW,30,logistic_regression,0,0,0.11575411447304323,23
STEW,31,logistic_regression,1,1,0.7870218915021477,24
STEW,31,logistic_regression,1,1,0.7795511459012586,24
STEW,31,logistic_regression,1,1,0.8524429476506791,24
STEW,31,logistic_regression,1,0,0.26236642101128643,24
STEW,31,logistic_regression,1,0,0.4521844011099912,24
STEW,31,logistic_regression,1,0,0.4202392027803654,24
STEW,31,logistic_regression,1,1,0.6884638298989467,24
STEW,31,logistic_regression,1,1,0.5762113085162895,24
STEW,31,logistic_regression,1,0,0.4020667178623957,24
STEW,31,logistic_regression,1,1,0.7897557553596808,24
STEW,31,logistic_regression,1,1,0.7905381979384647,24
STEW,31,logistic_regression,1,1,0.6584190539852081,24
STEW,31,logistic_regression,1,1,0.9614862539726564,24
STEW,31,logistic_regression,1,1,0.9999999999999862,24
STEW,31,logistic_regression,1,0,0.23194812414956564,24
STEW,31,logistic_regression,1,1,0.8808357021012823,24
STEW,31,logistic_regression,1,1,0.8441081343250386,24
STEW,31,logistic_regression,1,1,0.8441927618948253,24
STEW,31,logistic_regression,1,1,0.6480670477887798,24
STEW,31,logistic_regression,0,0,0.013023810490276958,24
STEW,31,logistic_regression,0,0,0.19213254898614385,24
STEW,31,logistic_regression,0,0,0.02899919140768716,24
STEW,31,logistic_regression,0,0,0.020193720028248943,24
STEW,31,logistic_regression,0,0,0.043445168561560485,24
STEW,31,logistic_regression,0,0,0.12023740876263601,24
STEW,31,logistic_regression,0,0,0.08418339969716523,24
STEW,31,logistic_regression,0,0,0.06520421197679253,24
STEW,31,logistic_regression,0,0,0.015989639159066336,24
STEW,31,logistic_regression,0,0,0.021479179940549587,24
STEW,31,logistic_regression,0,0,0.4484237622370576,24
STEW,31,logistic_regression,0,0,0.2990662941799274,24
STEW,31,logistic_regression,0,0,0.08218477956210556,24
STEW,31,logistic_regression,0,0,0.3910109098789684,24
STEW,31,logistic_regression,0,0,0.13861699032063937,24
STEW,31,logistic_regression,0,0,0.2980994649711321,24
STEW,31,logistic_regression,0,0,0.4045867966285508,24
STEW,31,logistic_regression,0,0,0.4627153819570513,24
STEW,31,logistic_regression,0,0,0.05816907336492575,24
STEW,31,logistic_regression,0,0,0.1400810073798353,24
STEW,31,logistic_regression,0,0,0.09992991175331359,24
STEW,31,logistic_regression,0,0,0.1320069267544777,24
STEW,31,logistic_regression,0,0,0.14813903605074832,24
STEW,31,logistic_regression,0,0,0.023285925241396253,24
STEW,31,logistic_regression,0,0,0.12528029243862013,24
STEW,31,logistic_regression,0,0,0.12482569019211819,24
STEW,31,logistic_regression,0,0,0.05649775709304487,24
STEW,31,logistic_regression,0,0,0.27200380885077785,24
STEW,31,logistic_regression,0,0,0.06132785852969321,24
STEW,31,logistic_regression,0,0,0.09149844217281355,24
STEW,31,logistic_regression,0,0,0.07173145105716301,24
STEW,32,logistic_regression,0,1,0.9767593705215383,25
STEW,32,logistic_regression,0,1,0.9540791701239869,25
STEW,32,logistic_regression,0,1,0.8841934182538667,25
STEW,32,logistic_regression,0,1,0.9095642226381214,25
STEW,32,logistic_regression,0,0,0.258580498071754,25
STEW,32,logistic_regression,0,0,0.4694602759320651,25
STEW,32,logistic_regression,0,1,0.7657870040538446,25
STEW,32,logistic_regression,0,1,0.6978483773321168,25
STEW,32,logistic_regression,0,1,0.9586809162538602,25
STEW,32,logistic_regression,0,1,0.9972512256876188,25
STEW,32,logistic_regression,0,1,0.8005355899953652,25
STEW,32,logistic_regression,0,1,0.9970943089126691,25
STEW,32,logistic_regression,0,1,0.962235921999649,25
STEW,32,logistic_regression,0,1,0.5824729211072779,25
STEW,32,logistic_regression,0,0,0.32183972566362645,25
STEW,32,logistic_regression,1,1,0.9552318938949301,25
STEW,32,logistic_regression,1,1,0.7117129221272298,25
STEW,32,logistic_regression,1,1,0.7483791071729436,25
STEW,32,logistic_regression,1,1,0.5929961724970173,25
STEW,32,logistic_regression,1,1,0.7284630316871216,25
STEW,32,logistic_regression,1,1,0.9892338612874481,25
STEW,32,logistic_regression,1,1,0.9994583647511567,25
STEW,32,logistic_regression,1,1,0.7327002236602314,25
STEW,32,logistic_regression,1,0,0.471153876273366,25
STEW,32,logistic_regression,1,1,0.9519970838463837,25
STEW,32,logistic_regression,1,1,0.7266229127511401,25
STEW,32,logistic_regression,1,1,0.6278045591241401,25
STEW,32,logistic_regression,1,1,0.9783654855057676,25
STEW,32,logistic_regression,1,1,0.9755648363060501,25
STEW,32,logistic_regression,1,1,0.7745050300550465,25
STEW,32,logistic_regression,1,1,0.5921219783599755,25
STEW,32,logistic_regression,1,1,0.8567390871033596,25
STEW,32,logistic_regression,1,1,0.9970100020460514,25
STEW,33,logistic_regression,0,0,0.11816830881709643,26
STEW,33,logistic_regression,0,1,0.5620654752230998,26
STEW,33,logistic_regression,0,0,0.17254878843193033,26
STEW,33,logistic_regression,0,0,0.3906322592773473,26
STEW,33,logistic_regression,0,1,0.6037688700128001,26
STEW,33,logistic_regression,0,0,0.1555166316262091,26
STEW,33,logistic_regression,0,0,0.01831058109660576,26
STEW,33,logistic_regression,0,0,0.07246748611120638,26
STEW,33,logistic_regression,0,0,0.48366038339591894,26
STEW,33,logistic_regression,0,0,0.018650894111559065,26
STEW,33,logistic_regression,0,0,0.08464874470461532,26
STEW,33,logistic_regression,0,0,0.06625858604234365,26
STEW,33,logistic_regression,0,0,0.16803047432948837,26
STEW,33,logistic_regression,0,1,0.571105276507313,26
STEW,33,logistic_regression,0,1,0.7139067308187057,26
STEW,33,logistic_regression,0,1,0.8614374011696952,26
STEW,33,logistic_regression,0,1,0.9331769217770953,26
STEW,33,logistic_regression,0,0,0.4948311158674907,26
STEW,33,logistic_regression,0,1,0.5067080965860181,26
STEW,33,logistic_regression,0,1,0.9484705982886034,26
STEW,33,logistic_regression,0,1,0.9485774013439552,26
STEW,33,logistic_regression,0,1,0.9999999964375317,26
STEW,33,logistic_regression,1,0,0.2677140682942838,26
STEW,33,logistic_regression,1,1,0.9697470570936295,26
STEW,33,logistic_regression,1,1,0.9999999999999842,26
STEW,33,logistic_regression,1,1,0.999437202571029,26
STEW,33,logistic_regression,1,1,0.9112760308207584,26
STEW,33,logistic_regression,1,1,0.9499082851872288,26
STEW,33,logistic_regression,1,1,1.0,26
STEW,33,logistic_regression,1,1,0.9999999999999993,26
STEW,33,logistic_regression,1,1,0.9996620922266973,26
STEW,33,logistic_regression,1,1,0.9943578205829467,26
STEW,33,logistic_regression,1,1,0.9983745691991638,26
STEW,33,logistic_regression,1,1,0.9997293631990937,26
STEW,33,logistic_regression,1,1,0.9990961596305662,26
STEW,33,logistic_regression,1,1,0.9917322583580451,26
STEW,33,logistic_regression,1,1,0.8860767714982566,26
STEW,33,logistic_regression,1,1,0.6506996936435713,26
STEW,33,logistic_regression,1,1,0.999999999998904,26
STEW,33,logistic_regression,1,1,0.9988418227480704,26
STEW,33,logistic_regression,1,1,0.9998192214542738,26
STEW,33,logistic_regression,1,1,0.9751569821347285,26
STEW,33,logistic_regression,1,1,0.9979521309590296,26
STEW,33,logistic_regression,1,1,0.9993828091018396,26
STEW,33,logistic_regression,1,1,0.9898507072680102,26
STEW,33,logistic_regression,1,1,0.9159602363998174,26
STEW,33,logistic_regression,1,1,0.9606948484175198,26
STEW,33,logistic_regression,1,1,0.9086758888307627,26
STEW,33,logistic_regression,1,1,0.9964764242848965,26
STEW,33,logistic_regression,1,1,0.9666766045000239,26
STEW,34,logistic_regression,0,0,0.012402113592511673,27
STEW,34,logistic_regression,0,0,0.04359575764340076,27
STEW,34,logistic_regression,0,0,0.007024749736164314,27
STEW,34,logistic_regression,0,0,0.14504161064151366,27
STEW,34,logistic_regression,0,0,0.12647777775230137,27
STEW,34,logistic_regression,0,1,0.7541117529679741,27
STEW,34,logistic_regression,0,0,0.00045126234234499536,27
STEW,34,logistic_regression,0,0,0.005245683043969255,27
STEW,34,logistic_regression,0,0,0.002634290968338256,27
STEW,34,logistic_regression,0,0,0.023555005146910685,27
STEW,34,logistic_regression,0,0,0.020001381335291685,27
STEW,34,logistic_regression,0,0,0.008726366538923008,27
STEW,34,logistic_regression,0,0,0.0339702057801387,27
STEW,34,logistic_regression,0,0,0.0855147646396794,27
STEW,34,logistic_regression,0,0,0.0025249705790988844,27
STEW,34,logistic_regression,0,0,0.006995088197602429,27
STEW,34,logistic_regression,1,0,0.14865791449778545,27
STEW,34,logistic_regression,1,0,0.14370387513115548,27
STEW,34,logistic_regression,1,0,0.028880076457102687,27
STEW,34,logistic_regression,1,0,0.08389788184359755,27
STEW,34,logistic_regression,1,1,0.8920102894288303,27
STEW,34,logistic_regression,1,0,0.08245703209986495,27
STEW,34,logistic_regression,1,0,0.002640137352233759,27
STEW,34,logistic_regression,1,0,0.040603495526810085,27
STEW,34,logistic_regression,1,0,0.01109525788011563,27
STEW,34,logistic_regression,1,0,0.016704989607963138,27
STEW,34,logistic_regression,1,0,0.27339850457335624,27
STEW,34,logistic_regression,1,0,0.0002394726487813856,27
STEW,34,logistic_regression,1,1,0.601107579607914,27
STEW,34,logistic_regression,1,0,1.3392476009599343e-05,27
STEW,34,logistic_regression,1,0,0.0021600385471250384,27
STEW,34,logistic_regression,1,0,0.1866371875238352,27
STEW,34,logistic_regression,1,0,2.7985348453169213e-11,27
STEW,34,logistic_regression,1,0,0.3106607734241169,27
STEW,34,logistic_regression,1,0,0.12156198876290894,27
STEW,34,logistic_regression,1,0,0.36448499107291654,27
STEW,34,logistic_regression,1,1,0.5777744577005538,27
STEW,35,logistic_regression,0,1,0.7480794920310608,28
STEW,35,logistic_regression,0,0,0.09763052331923573,28
STEW,35,logistic_regression,0,0,0.2811687648361971,28
STEW,35,logistic_regression,0,0,0.13289435838780717,28
STEW,35,logistic_regression,0,0,0.4850977138005875,28
STEW,35,logistic_regression,0,0,0.0015166075356411162,28
STEW,35,logistic_regression,0,0,0.14430269958426062,28
STEW,35,logistic_regression,0,1,0.7055381214744524,28
STEW,35,logistic_regression,0,0,0.05135710167613554,28
STEW,35,logistic_regression,0,0,0.1444166193406371,28
STEW,35,logistic_regression,0,0,0.18746269356627376,28
STEW,35,logistic_regression,0,1,0.8169313820990297,28
STEW,35,logistic_regression,0,0,0.01578073751380323,28
STEW,35,logistic_regression,0,0,0.021698429743736286,28
STEW,35,logistic_regression,0,0,0.050443272421915486,28
STEW,35,logistic_regression,0,0,0.4329174871459794,28
STEW,35,logistic_regression,0,0,0.25559842462104365,28
STEW,35,logistic_regression,1,0,0.44269619453197984,28
STEW,35,logistic_regression,1,0,0.04168450563973823,28
STEW,35,logistic_regression,1,0,0.00017054239992895446,28
STEW,35,logistic_regression,1,0,0.1549277646728129,28
STEW,35,logistic_regression,1,1,0.9438727493868673,28
STEW,35,logistic_regression,1,0,0.10964377288529471,28
STEW,35,logistic_regression,1,1,0.8574696320055862,28
STEW,35,logistic_regression,1,0,0.24280588880483708,28
STEW,35,logistic_regression,1,0,0.1969026577867809,28
STEW,35,logistic_regression,1,0,0.30808490933474475,28
STEW,35,logistic_regression,1,1,0.8913375619711642,28
STEW,35,logistic_regression,1,1,0.666289080135657,28
STEW,35,logistic_regression,1,1,0.6017318362390354,28
STEW,35,logistic_regression,1,0,0.07012648858397931,28
STEW,35,logistic_regression,1,0,0.21469526153180948,28
STEW,35,logistic_regression,1,1,0.8172084133208215,28
STEW,35,logistic_regression,1,1,0.6375935602620724,28
STEW,35,logistic_regression,1,0,0.27243704516819683,28
STEW,35,logistic_regression,1,0,0.483752147783919,28
STEW,35,logistic_regression,1,0,0.10868550381269654,28
STEW,35,logistic_regression,1,1,0.7469490442729486,28
STEW,35,logistic_regression,1,0,0.31621744345329483,28
STEW,36,logistic_regression,1,1,0.7494346797624177,29
STEW,36,logistic_regression,1,1,0.8546982594436069,29
STEW,36,logistic_regression,1,1,0.8987751167888031,29
STEW,36,logistic_regression,1,1,0.7631300504785942,29
STEW,36,logistic_regression,1,1,0.9659682259377852,29
STEW,36,logistic_regression,1,1,0.9759078323207809,29
STEW,36,logistic_regression,1,1,0.8555067398279,29
STEW,36,logistic_regression,1,1,0.9647985545910029,29
STEW,36,logistic_regression,1,1,0.986205137456705,29
STEW,36,logistic_regression,1,1,0.9002392818669749,29
STEW,36,logistic_regression,1,1,0.9281352418567641,29
STEW,36,logistic_regression,1,1,0.8943364682198978,29
STEW,36,logistic_regression,1,1,0.8383930400432575,29
STEW,36,logistic_regression,1,1,0.7962694934983556,29
STEW,36,logistic_regression,1,1,0.8976804986157382,29
STEW,36,logistic_regression,1,1,0.7763424527270399,29
STEW,36,logistic_regression,1,1,0.9642521112142706,29
STEW,36,logistic_regression,1,1,0.9290513372187772,29
STEW,36,logistic_regression,0,0,0.1454124540571429,29
STEW,36,logistic_regression,0,0,0.020178368356730807,29
STEW,36,logistic_regression,0,0,0.3171467967173263,29
STEW,36,logistic_regression,0,0,0.27778215239659193,29
STEW,36,logistic_regression,0,0,0.28226983027947566,29
STEW,36,logistic_regression,0,0,0.19511363852943628,29
STEW,36,logistic_regression,0,0,0.10365297925278835,29
STEW,36,logistic_regression,0,0,0.49525380808746156,29
STEW,36,logistic_regression,0,0,0.21662523424403424,29
STEW,36,logistic_regression,0,0,0.11611101883496601,29
STEW,36,logistic_regression,0,0,0.4697299092253593,29
STEW,36,logistic_regression,0,0,0.056307290751725074,29
STEW,36,logistic_regression,0,1,0.7491018550904598,29
STEW,36,logistic_regression,0,1,0.6608789402534125,29
STEW,36,logistic_regression,0,1,0.8707059661527682,29
STEW,36,logistic_regression,0,0,0.12150744865855599,29
STEW,36,logistic_regression,0,0,0.369282114748583,29
STEW,36,logistic_regression,0,0,0.4935449257125001,29
STEW,36,logistic_regression,0,1,0.6840567663714711,29
STEW,36,logistic_regression,0,0,0.4476514504986779,29
STEW,36,logistic_regression,0,0,0.35409216141206684,29
STEW,36,logistic_regression,0,0,0.3638012542705954,29
STEW,36,logistic_regression,0,0,0.02528310626797959,29
STEW,36,logistic_regression,0,1,0.9183701583764915,29
STEW,36,logistic_regression,0,1,0.7843187746647008,29
STEW,36,logistic_regression,0,0,0.03647749642787321,29
STEW,36,logistic_regression,0,0,0.3028851053123146,29
STEW,36,logistic_regression,0,0,0.2829524582052226,29
STEW,37,logistic_regression,0,1,0.9927513504353669,30
STEW,37,logistic_regression,0,1,0.7169281497742389,30
STEW,37,logistic_regression,0,0,0.4449773130446816,30
STEW,37,logistic_regression,0,0,0.2874359909351166,30
STEW,37,logistic_regression,0,1,0.6555661168419997,30
STEW,37,logistic_regression,0,1,0.5347940434519806,30
STEW,37,logistic_regression,0,0,0.4903585311329408,30
STEW,37,logistic_regression,0,0,0.4702402382207951,30
STEW,37,logistic_regression,0,1,0.851618374769383,30
STEW,37,logistic_regression,0,1,0.6631084542202492,30
STEW,37,logistic_regression,0,1,0.9469758634598916,30
STEW,37,logistic_regression,0,1,0.9819063956817283,30
STEW,37,logistic_regression,0,1,0.9897727988889561,30
STEW,37,logistic_regression,0,1,0.6214687335062339,30
STEW,37,logistic_regression,0,1,0.6791531578963302,30
STEW,37,logistic_regression,0,1,0.8455842905666093,30
STEW,37,logistic_regression,0,1,0.954180398543148,30
STEW,37,logistic_regression,0,1,0.927167331061872,30
STEW,37,logistic_regression,0,1,0.6697426770040841,30
STEW,37,logistic_regression,0,1,0.6322673642398056,30
STEW,37,logistic_regression,0,0,0.4401681061858335,30
STEW,37,logistic_regression,1,1,0.7857779394958047,30
STEW,37,logistic_regression,1,1,0.9567588610475667,30
STEW,37,logistic_regression,1,1,0.7743081217251395,30
STEW,37,logistic_regression,1,1,0.5170774896531508,30
STEW,37,logistic_regression,1,1,0.7795433058203014,30
STEW,37,logistic_regression,1,0,0.3489167973206286,30
STEW,37,logistic_regression,1,1,0.9344529428013773,30
STEW,37,logistic_regression,1,1,0.9336839561093557,30
STEW,37,logistic_regression,1,1,0.8358757923647957,30
STEW,37,logistic_regression,1,0,0.1380825203541308,30
STEW,37,logistic_regression,1,1,0.7813151760528577,30
STEW,37,logistic_regression,1,1,0.8030732949517112,30
STEW,37,logistic_regression,1,1,0.9244407533995244,30
STEW,37,logistic_regression,1,0,0.37662911302626395,30
STEW,37,logistic_regression,1,1,0.9045350021909824,30
STEW,37,logistic_regression,1,1,0.7469605247892401,30
STEW,37,logistic_regression,1,1,0.5103402443225094,30
STEW,37,logistic_regression,1,0,0.3636290128287706,30
STEW,37,logistic_regression,1,1,0.778426544307117,30
STEW,37,logistic_regression,1,1,0.660680028011862,30
STEW,37,logistic_regression,1,1,0.8157691392598493,30
STEW,37,logistic_regression,1,1,0.5239217273258745,30
STEW,37,logistic_regression,1,0,0.2568670728427843,30
STEW,37,logistic_regression,1,1,0.9757400088441707,30
STEW,37,logistic_regression,1,1,0.7865211526766628,30
STEW,37,logistic_regression,1,1,0.7045805770925094,30
STEW,37,logistic_regression,1,1,0.8789587555151868,30
STEW,38,logistic_regression,1,1,0.9928117912594823,31
STEW,38,logistic_regression,1,1,0.9228352119139588,31
STEW,38,logistic_regression,1,1,0.8933006346165433,31
STEW,38,logistic_regression,1,1,0.7778104938211503,31
STEW,38,logistic_regression,1,1,0.9324587222317394,31
STEW,38,logistic_regression,1,1,0.6545887995606422,31
STEW,38,logistic_regression,1,0,0.18046007803082265,31
STEW,38,logistic_regression,1,0,0.18098234542472522,31
STEW,38,logistic_regression,1,0,0.3841044799738343,31
STEW,38,logistic_regression,1,1,0.6458771921457247,31
STEW,38,logistic_regression,1,1,0.9132210602631889,31
STEW,38,logistic_regression,1,0,0.21845816429459908,31
STEW,38,logistic_regression,1,1,0.9182081035351262,31
STEW,38,logistic_regression,1,1,0.949366393960906,31
STEW,38,logistic_regression,1,1,0.9029895807818359,31
STEW,38,logistic_regression,1,0,0.07195061652728416,31
STEW,38,logistic_regression,1,1,0.922619513299959,31
STEW,38,logistic_regression,1,1,0.7067412738077944,31
STEW,38,logistic_regression,1,1,0.646997691322409,31
STEW,38,logistic_regression,1,1,0.8691203870850563,31
STEW,38,logistic_regression,0,1,0.6667251382097984,31
STEW,38,logistic_regression,0,1,0.7274411236579988,31
STEW,38,logistic_regression,0,1,0.7838769990625455,31
STEW,38,logistic_regression,0,0,0.1601764486573321,31
STEW,38,logistic_regression,0,1,0.5621970908229997,31
STEW,38,logistic_regression,0,0,0.18807752413262324,31
STEW,38,logistic_regression,0,1,0.7487052478672992,31
STEW,38,logistic_regression,0,1,0.8539801452252426,31
STEW,38,logistic_regression,0,0,0.3546639280654385,31
STEW,38,logistic_regression,0,1,0.9881678064505959,31
STEW,38,logistic_regression,0,1,0.9826997116128184,31
STEW,38,logistic_regression,0,1,0.8434744074236952,31
STEW,38,logistic_regression,0,0,0.3921194529858807,31
STEW,38,logistic_regression,0,1,0.5646825943823294,31
STEW,38,logistic_regression,0,1,0.9152391179979864,31
STEW,38,logistic_regression,0,0,0.19147491629252658,31
STEW,38,logistic_regression,0,1,0.6033268951779595,31
STEW,38,logistic_regression,0,1,0.9189598017372327,31
STEW,38,logistic_regression,0,0,0.0649963274204884,31
STEW,39,logistic_regression,1,1,0.9415596263237813,32
STEW,39,logistic_regression,1,1,0.9374361519873146,32
STEW,39,logistic_regression,1,0,0.43035347675705754,32
STEW,39,logistic_regression,1,0,0.16812782629898126,32
STEW,39,logistic_regression,1,1,0.8449624944961316,32
STEW,39,logistic_regression,1,0,0.03222142593308803,32
STEW,39,logistic_regression,1,1,0.852020758644835,32
STEW,39,logistic_regression,1,1,0.9710935305152587,32
STEW,39,logistic_regression,1,1,0.7214056668769125,32
STEW,39,logistic_regression,1,1,0.8831866958672188,32
STEW,39,logistic_regression,1,1,0.9098092515920895,32
STEW,39,logistic_regression,1,0,0.3385052639176465,32
STEW,39,logistic_regression,1,1,0.7911842528872703,32
STEW,39,logistic_regression,1,0,0.4425528729802294,32
STEW,39,logistic_regression,1,1,0.9549952929909761,32
STEW,39,logistic_regression,1,0,0.44356150263854055,32
STEW,39,logistic_regression,1,0,0.15016878416860213,32
STEW,39,logistic_regression,1,1,0.5169467695704223,32
STEW,39,logistic_regression,1,0,0.1434380282007852,32
STEW,39,logistic_regression,0,0,0.02676000173144203,32
STEW,39,logistic_regression,0,0,0.19710798219338918,32
STEW,39,logistic_regression,0,0,0.24453008157275952,32
STEW,39,logistic_regression,0,0,0.2258941902368612,32
STEW,39,logistic_regression,0,0,0.2528625463284215,32
STEW,39,logistic_regression,0,0,0.3786820881607782,32
STEW,39,logistic_regression,0,0,0.31495503220868515,32
STEW,39,logistic_regression,0,0,0.11233291782380934,32
STEW,39,logistic_regression,0,1,0.5457524445407872,32
STEW,39,logistic_regression,0,0,0.4091689528037791,32
STEW,39,logistic_regression,0,0,0.08943481981443796,32
STEW,39,logistic_regression,0,0,0.4698333146672332,32
STEW,39,logistic_regression,0,1,0.5372817183910112,32
STEW,39,logistic_regression,0,1,0.6324593298675786,32
STEW,39,logistic_regression,0,0,0.3270150510702479,32
STEW,39,logistic_regression,0,1,0.7831258578811938,32
STEW,39,logistic_regression,0,0,0.13157393955179528,32
STEW,39,logistic_regression,0,0,0.04549366731483249,32
STEW,39,logistic_regression,0,0,0.08012924405614515,32
STEW,39,logistic_regression,0,0,0.03636871374931878,32
STEW,4,logistic_regression,1,1,0.9553212165581962,33
STEW,4,logistic_regression,1,1,0.9706059503842038,33
STEW,4,logistic_regression,1,0,0.265789384069573,33
STEW,4,logistic_regression,1,1,0.874167860081668,33
STEW,4,logistic_regression,1,0,0.050409563962832,33
STEW,4,logistic_regression,1,1,0.6732657415109242,33
STEW,4,logistic_regression,1,0,0.33624795846799405,33
STEW,4,logistic_regression,1,1,0.5308738945910385,33
STEW,4,logistic_regression,1,1,0.8029233138352313,33
STEW,4,logistic_regression,1,1,0.6827920169112395,33
STEW,4,logistic_regression,1,0,0.09801292484368247,33
STEW,4,logistic_regression,1,1,0.978680423819422,33
STEW,4,logistic_regression,1,0,0.1740320999999827,33
STEW,4,logistic_regression,1,1,0.7526853544039245,33
STEW,4,logistic_regression,1,1,0.7342106397046111,33
STEW,4,logistic_regression,1,1,0.5488105632099034,33
STEW,4,logistic_regression,1,1,0.81898135757557,33
STEW,4,logistic_regression,1,1,0.5225908222658845,33
STEW,4,logistic_regression,1,0,0.3019839073047037,33
STEW,4,logistic_regression,1,0,0.2815559309538621,33
STEW,4,logistic_regression,1,0,0.09724282311985918,33
STEW,4,logistic_regression,1,0,0.29230247845613405,33
STEW,4,logistic_regression,1,0,0.2793552395537706,33
STEW,4,logistic_regression,0,0,0.09838845408169955,33
STEW,4,logistic_regression,0,0,0.3299834461243907,33
STEW,4,logistic_regression,0,0,0.19852964200033202,33
STEW,4,logistic_regression,0,1,0.9999999975353739,33
STEW,4,logistic_regression,0,1,0.9988839488225574,33
STEW,4,logistic_regression,0,0,0.14668114121809261,33
STEW,4,logistic_regression,0,0,0.008546200654360472,33
STEW,4,logistic_regression,0,0,0.44786210685000044,33
STEW,4,logistic_regression,0,0,0.009105185899515334,33
STEW,4,logistic_regression,0,0,0.009892760345760322,33
STEW,4,logistic_regression,0,1,0.9987194489256708,33
STEW,4,logistic_regression,0,0,0.08421692613567541,33
STEW,4,logistic_regression,0,0,0.03623058924305151,33
STEW,4,logistic_regression,0,0,0.008040121016666417,33
STEW,4,logistic_regression,0,0,0.004213417642004296,33
STEW,4,logistic_regression,0,0,0.06043425291216122,33
STEW,4,logistic_regression,0,0,0.005576503951097814,33
STEW,4,logistic_regression,0,0,0.0012811158320049077,33
STEW,40,logistic_regression,1,0,0.24334378999384967,34
STEW,40,logistic_regression,1,0,0.18837800818486553,34
STEW,40,logistic_regression,1,1,0.6865741198900045,34
STEW,40,logistic_regression,1,0,0.21695701732044909,34
STEW,40,logistic_regression,1,0,0.04846415722241347,34
STEW,40,logistic_regression,1,1,0.6620385733997012,34
STEW,40,logistic_regression,1,0,0.2740331339179495,34
STEW,40,logistic_regression,1,0,0.024774469967599216,34
STEW,40,logistic_regression,1,0,0.3421409971713106,34
STEW,40,logistic_regression,1,0,0.3064107442083189,34
STEW,40,logistic_regression,1,1,0.8321750653562027,34
STEW,40,logistic_regression,1,1,0.9178740938616998,34
STEW,40,logistic_regression,1,0,0.35868694463846845,34
STEW,40,logistic_regression,1,1,0.8482166852520754,34
STEW,40,logistic_regression,1,1,0.5756525066593404,34
STEW,40,logistic_regression,1,0,0.047821805841430864,34
STEW,40,logistic_regression,1,1,0.8458148234885821,34
STEW,40,logistic_regression,1,1,0.8087486141001524,34
STEW,40,logistic_regression,1,1,0.8439477180246162,34
STEW,40,logistic_regression,1,0,0.48299144347636597,34
STEW,40,logistic_regression,1,1,0.8018494066205935,34
STEW,40,logistic_regression,1,1,0.5844136601346316,34
STEW,40,logistic_regression,1,1,0.9282392906665858,34
STEW,40,logistic_regression,0,1,0.7180314556665834,34
STEW,40,logistic_regression,0,0,0.00117254787849083,34
STEW,40,logistic_regression,0,0,0.0024316837301189107,34
STEW,40,logistic_regression,0,0,0.14908162169168443,34
STEW,40,logistic_regression,0,0,0.02568040492146205,34
STEW,40,logistic_regression,0,0,0.42215338537281283,34
STEW,40,logistic_regression,0,0,0.17556056083796964,34
STEW,40,logistic_regression,0,0,0.12067440076439367,34
STEW,40,logistic_regression,0,0,0.45698193996885866,34
STEW,40,logistic_regression,0,0,0.41644406312900717,34
STEW,40,logistic_regression,0,0,0.27028011131976704,34
STEW,40,logistic_regression,0,0,0.17572624136329257,34
STEW,40,logistic_regression,0,0,0.1809229963425771,34
STEW,40,logistic_regression,0,0,0.06148710980595819,34
STEW,40,logistic_regression,0,0,0.08958477950895409,34
STEW,40,logistic_regression,0,0,0.08716195168796785,34
STEW,40,logistic_regression,0,0,0.2026923132462815,34
STEW,40,logistic_regression,0,0,0.3122978271737691,34
STEW,40,logistic_regression,0,0,0.09735755434425238,34
STEW,40,logistic_regression,0,0,0.20773493279093014,34
STEW,40,logistic_regression,0,0,0.09081055935701676,34
STEW,40,logistic_regression,0,0,0.07780500183874679,34
STEW,40,logistic_regression,0,0,0.10671496945630718,34
STEW,40,logistic_regression,0,0,0.021515723597078717,34
STEW,41,logistic_regression,1,0,0.3929789683503964,35
STEW,41,logistic_regression,1,0,0.12309399343424858,35
STEW,41,logistic_regression,1,0,0.06690929570845888,35
STEW,41,logistic_regression,1,0,0.10921106134102607,35
STEW,41,logistic_regression,1,1,0.6463213002688338,35
STEW,41,logistic_regression,1,0,0.4239994228006608,35
STEW,41,logistic_regression,1,1,0.6749026188409074,35
STEW,41,logistic_regression,1,0,0.24311345750081423,35
STEW,41,logistic_regression,1,1,0.8731732807765578,35
STEW,41,logistic_regression,1,1,0.960472081142199,35
STEW,41,logistic_regression,1,0,0.4534862655106709,35
STEW,41,logistic_regression,1,1,0.7183387629565835,35
STEW,41,logistic_regression,1,1,0.6922387895969742,35
STEW,41,logistic_regression,1,0,0.02314387048615586,35
STEW,41,logistic_regression,1,1,0.6244783516015504,35
STEW,41,logistic_regression,1,1,0.9066313887213238,35
STEW,41,logistic_regression,1,0,0.42944931858502633,35
STEW,41,logistic_regression,1,1,0.8001248583870484,35
STEW,41,logistic_regression,1,1,0.636031525884644,35
STEW,41,logistic_regression,1,1,0.9550051303417509,35
STEW,41,logistic_regression,1,1,0.8605738647637343,35
STEW,41,logistic_regression,0,0,0.0024316502612057723,35
STEW,41,logistic_regression,0,0,0.21505885606030473,35
STEW,41,logistic_regression,0,0,0.0392940850415817,35
STEW,41,logistic_regression,0,0,0.0350509239716193,35
STEW,41,logistic_regression,0,0,0.015482780861995692,35
STEW,41,logistic_regression,0,0,0.043837932866576855,35
STEW,41,logistic_regression,0,0,0.07322128791497923,35
STEW,41,logistic_regression,0,0,0.2610219417766681,35
STEW,41,logistic_regression,0,0,0.05937342251615728,35
STEW,41,logistic_regression,0,0,0.0077705794012023445,35
STEW,41,logistic_regression,0,0,4.6447438117508273e-05,35
STEW,41,logistic_regression,0,0,0.0023904231771156013,35
STEW,41,logistic_regression,0,0,0.033413105758758034,35
STEW,41,logistic_regression,0,0,0.029356282742575592,35
STEW,41,logistic_regression,0,0,0.009652514082716092,35
STEW,41,logistic_regression,0,0,0.01025468810040023,35
STEW,41,logistic_regression,0,0,0.0011711372259603787,35
STEW,41,logistic_regression,0,0,0.02159993269182903,35
STEW,41,logistic_regression,0,0,0.029860567218377432,35
STEW,41,logistic_regression,0,0,0.017054970752254494,35
STEW,41,logistic_regression,0,0,0.06870664925183993,35
STEW,41,logistic_regression,0,0,0.00829208837096538,35
STEW,41,logistic_regression,0,0,0.04277735369778711,35
STEW,41,logistic_regression,0,0,0.0071913878462248225,35
STEW,41,logistic_regression,0,0,0.05757697433094595,35
STEW,42,logistic_regression,1,1,0.652499571115999,36
STEW,42,logistic_regression,1,1,0.9367426997279324,36
STEW,42,logistic_regression,1,0,0.16089283087918851,36
STEW,42,logistic_regression,1,1,0.5132070596168545,36
STEW,42,logistic_regression,1,1,0.6061973889079055,36
STEW,42,logistic_regression,1,0,0.28525552985155794,36
STEW,42,logistic_regression,1,0,0.3640524792019941,36
STEW,42,logistic_regression,1,1,0.8171423493778047,36
STEW,42,logistic_regression,1,0,0.25411091986333284,36
STEW,42,logistic_regression,1,0,0.09559174900763344,36
STEW,42,logistic_regression,1,0,0.38670189063885524,36
STEW,42,logistic_regression,1,0,0.14365476003069136,36
STEW,42,logistic_regression,1,0,0.031039340875964255,36
STEW,42,logistic_regression,1,0,0.4988048443286259,36
STEW,42,logistic_regression,1,0,0.036975008942891574,36
STEW,42,logistic_regression,1,0,0.05542392959941595,36
STEW,42,logistic_regression,1,0,0.4834245452203567,36
STEW,42,logistic_regression,1,0,0.3520302473074512,36
STEW,42,logistic_regression,1,0,0.19829757501779846,36
STEW,42,logistic_regression,1,0,0.3004471300592048,36
STEW,42,logistic_regression,1,1,0.8615096655475676,36
STEW,42,logistic_regression,1,0,0.4954300125685479,36
STEW,42,logistic_regression,1,1,0.5236525233649041,36
STEW,42,logistic_regression,1,1,0.6563991839740713,36
STEW,42,logistic_regression,1,0,0.32962081968308055,36
STEW,42,logistic_regression,1,0,0.24057343257725253,36
STEW,42,logistic_regression,1,1,0.9632619531891131,36
STEW,42,logistic_regression,1,1,0.506542475263284,36
STEW,42,logistic_regression,1,1,0.5800576830230796,36
STEW,42,logistic_regression,1,0,0.26397620458295806,36
STEW,42,logistic_regression,0,0,0.05982056980914382,36
STEW,42,logistic_regression,0,0,0.010641496724031849,36
STEW,42,logistic_regression,0,0,0.029863988059993313,36
STEW,42,logistic_regression,0,0,0.035295971669056084,36
STEW,42,logistic_regression,0,0,0.023207845394462145,36
STEW,42,logistic_regression,0,0,0.01927602064437677,36
STEW,42,logistic_regression,0,0,0.007788523924038801,36
STEW,42,logistic_regression,0,0,0.00012538742109008175,36
STEW,42,logistic_regression,0,0,0.0018371588327864743,36
STEW,42,logistic_regression,0,0,0.23667388629794814,36
STEW,42,logistic_regression,0,0,0.030823416971449812,36
STEW,42,logistic_regression,0,0,0.037674549215050875,36
STEW,42,logistic_regression,0,0,0.0036664125472789483,36
STEW,42,logistic_regression,0,0,0.0011377409370866886,36
STEW,42,logistic_regression,0,0,0.043449209478320046,36
STEW,42,logistic_regression,0,0,0.4267087123913166,36
STEW,42,logistic_regression,0,0,0.08311853895540529,36
STEW,42,logistic_regression,0,0,0.09571586711923954,36
STEW,42,logistic_regression,0,0,0.03676670402105424,36
STEW,42,logistic_regression,0,0,0.04699426714750868,36
STEW,42,logistic_regression,0,0,0.4372611705614303,36
STEW,42,logistic_regression,0,0,0.41134791339238613,36
STEW,42,logistic_regression,0,0,0.26138797643810713,36
STEW,42,logistic_regression,0,0,0.1089871831280654,36
STEW,43,logistic_regression,0,1,0.9831742670288759,37
STEW,43,logistic_regression,0,0,0.08838376897655115,37
STEW,43,logistic_regression,0,0,0.16364383719266448,37
STEW,43,logistic_regression,0,0,0.3107071222425253,37
STEW,43,logistic_regression,0,0,0.002957474007667442,37
STEW,43,logistic_regression,0,0,0.0015202071530242712,37
STEW,43,logistic_regression,0,0,0.0024446072299171,37
STEW,43,logistic_regression,0,0,0.007129114818818136,37
STEW,43,logistic_regression,0,0,0.003573615483686123,37
STEW,43,logistic_regression,0,0,0.0006662584498074666,37
STEW,43,logistic_regression,0,0,0.005433674732633027,37
STEW,43,logistic_regression,0,0,0.06161847336512189,37
STEW,43,logistic_regression,0,1,0.9887436825616649,37
STEW,43,logistic_regression,0,0,0.10801539384525788,37
STEW,43,logistic_regression,0,0,0.006183580498992407,37
STEW,43,logistic_regression,1,0,0.2987451601322181,37
STEW,43,logistic_regression,1,1,0.8449458748855437,37
STEW,43,logistic_regression,1,0,0.20865343047294257,37
STEW,43,logistic_regression,1,0,0.31493017396663037,37
STEW,43,logistic_regression,1,1,0.7387133301663804,37
STEW,43,logistic_regression,1,0,0.026847408201965715,37
STEW,43,logistic_regression,1,0,0.09471309382562416,37
STEW,43,logistic_regression,1,0,0.22581782919311394,37
STEW,43,logistic_regression,1,0,0.15469800856272503,37
STEW,43,logistic_regression,1,1,0.6559222049935015,37
STEW,43,logistic_regression,1,0,0.3947540801265051,37
STEW,43,logistic_regression,1,1,0.5448903711246206,37
STEW,43,logistic_regression,1,0,0.04957273630104358,37
STEW,43,logistic_regression,1,0,0.019964216150999477,37
STEW,43,logistic_regression,1,1,0.8690838248466004,37
STEW,43,logistic_regression,1,0,0.2676601646167226,37
STEW,43,logistic_regression,1,0,0.12914248713450455,37
STEW,43,logistic_regression,1,0,0.051118207154127536,37
STEW,44,logistic_regression,1,1,0.9868439256477121,38
STEW,44,logistic_regression,1,1,0.760098620957393,38
STEW,44,logistic_regression,1,0,0.26047296371458994,38
STEW,44,logistic_regression,1,0,0.23161782891189356,38
STEW,44,logistic_regression,1,0,0.3735148621238322,38
STEW,44,logistic_regression,1,0,0.46899818469997956,38
STEW,44,logistic_regression,1,1,0.7009729271428848,38
STEW,44,logistic_regression,1,1,0.5288709843850214,38
STEW,44,logistic_regression,1,1,0.9646979272447179,38
STEW,44,logistic_regression,1,1,0.9368912380248432,38
STEW,44,logistic_regression,1,1,0.828238900223152,38
STEW,44,logistic_regression,1,1,1.0,38
STEW,44,logistic_regression,1,1,0.7586688242538879,38
STEW,44,logistic_regression,1,1,0.9362848355736352,38
STEW,44,logistic_regression,1,1,0.7043165314682949,38
STEW,44,logistic_regression,1,0,1.2403625597089073e-06,38
STEW,44,logistic_regression,1,1,0.9197599508462129,38
STEW,44,logistic_regression,1,1,0.8108314034999765,38
STEW,44,logistic_regression,1,0,0.40669086752801614,38
STEW,44,logistic_regression,1,1,0.6522490480599163,38
STEW,44,logistic_regression,0,1,0.9776071291943543,38
STEW,44,logistic_regression,0,0,0.1521764498610182,38
STEW,44,logistic_regression,0,1,0.660245371798646,38
STEW,44,logistic_regression,0,1,0.9835352676557247,38
STEW,44,logistic_regression,0,0,0.4044246657117014,38
STEW,44,logistic_regression,0,0,0.17185152824757308,38
STEW,44,logistic_regression,0,0,0.2344453607575294,38
STEW,44,logistic_regression,0,0,0.40699536316927437,38
STEW,44,logistic_regression,0,1,0.604713882726548,38
STEW,44,logistic_regression,0,1,0.5960745769074293,38
STEW,44,logistic_regression,0,0,0.3814435816591899,38
STEW,44,logistic_regression,0,0,0.059658690325750656,38
STEW,44,logistic_regression,0,0,0.11786231908360006,38
STEW,44,logistic_regression,0,0,0.2962462486868079,38
STEW,44,logistic_regression,0,0,0.1087325813740947,38
STEW,44,logistic_regression,0,0,0.10799104875093578,38
STEW,44,logistic_regression,0,1,0.9518492653402006,38
STEW,44,logistic_regression,0,1,0.7442154920166427,38
STEW,44,logistic_regression,0,1,0.9853459097799647,38
STEW,44,logistic_regression,0,0,0.228104018904094,38
STEW,45,logistic_regression,1,1,0.7106094558775017,39
STEW,45,logistic_regression,1,1,0.9942305088229246,39
STEW,45,logistic_regression,1,1,0.9835316656812279,39
STEW,45,logistic_regression,1,1,0.9582105859097899,39
STEW,45,logistic_regression,1,1,0.7914262486762679,39
STEW,45,logistic_regression,1,1,0.926418599533038,39
STEW,45,logistic_regression,1,1,0.9975870134230741,39
STEW,45,logistic_regression,1,1,0.9988785467117383,39
STEW,45,logistic_regression,1,1,0.998048719202907,39
STEW,45,logistic_regression,1,1,0.9439849543308714,39
STEW,45,logistic_regression,1,1,0.5007371684886596,39
STEW,45,logistic_regression,1,1,0.9936674534536435,39
STEW,45,logistic_regression,1,1,0.9964678177016847,39
STEW,45,logistic_regression,1,1,0.9806772352470966,39
STEW,45,logistic_regression,0,0,0.0033710375915743528,39
STEW,45,logistic_regression,0,0,0.012914255815395913,39
STEW,45,logistic_regression,0,0,0.02580357542764271,39
STEW,45,logistic_regression,0,0,0.1775292737549384,39
STEW,45,logistic_regression,0,0,0.09516124295869008,39
STEW,45,logistic_regression,0,0,0.09431658033888099,39
STEW,45,logistic_regression,0,0,0.07966980064792878,39
STEW,45,logistic_regression,0,0,0.07982896174785756,39
STEW,45,logistic_regression,0,0,0.025264962305349494,39
STEW,45,logistic_regression,0,0,0.01713483362901094,39
STEW,45,logistic_regression,0,0,0.011266811420846106,39
STEW,45,logistic_regression,0,0,0.02912649535316876,39
STEW,45,logistic_regression,0,0,0.004717124490987718,39
STEW,45,logistic_regression,0,0,0.03239133233743003,39
STEW,45,logistic_regression,0,0,0.0009242458233328055,39
STEW,45,logistic_regression,0,0,0.024508833697546393,39
STEW,45,logistic_regression,0,0,0.0004996090462909292,39
STEW,45,logistic_regression,0,0,0.029767026649576787,39
STEW,45,logistic_regression,0,0,0.012429888554532937,39
STEW,45,logistic_regression,0,0,0.04296501855099863,39
STEW,45,logistic_regression,0,0,0.38149673526285105,39
STEW,45,logistic_regression,0,0,0.011629434052923646,39
STEW,46,logistic_regression,0,0,0.004925512090503891,40
STEW,46,logistic_regression,0,0,0.05589189101981177,40
STEW,46,logistic_regression,0,0,0.36129175897130344,40
STEW,46,logistic_regression,0,1,0.5283302345540033,40
STEW,46,logistic_regression,0,1,0.7224226285576164,40
STEW,46,logistic_regression,0,0,0.038583612824990336,40
STEW,46,logistic_regression,0,0,0.03417276850995571,40
STEW,46,logistic_regression,0,0,0.03256024419546436,40
STEW,46,logistic_regression,0,0,0.294464408966087,40
STEW,46,logistic_regression,0,0,0.21215305141638935,40
STEW,46,logistic_regression,0,0,0.411168745503428,40
STEW,46,logistic_regression,0,1,0.8963526515592449,40
STEW,46,logistic_regression,0,1,0.8778449765639804,40
STEW,46,logistic_regression,0,1,0.945336667510373,40
STEW,46,logistic_regression,0,1,0.9490145646031363,40
STEW,46,logistic_regression,0,1,0.6463288296434921,40
STEW,46,logistic_regression,0,0,0.4036423503185585,40
STEW,46,logistic_regression,0,1,0.8253129245909038,40
STEW,46,logistic_regression,0,1,0.7706871208662917,40
STEW,46,logistic_regression,0,1,0.7783693752559206,40
STEW,46,logistic_regression,1,1,0.7787709507561668,40
STEW,46,logistic_regression,1,1,0.6004937657901113,40
STEW,46,logistic_regression,1,1,0.6009880374480594,40
STEW,46,logistic_regression,1,1,0.9781312556482357,40
STEW,46,logistic_regression,1,1,0.9859096718451356,40
STEW,46,logistic_regression,1,1,0.9728803199783338,40
STEW,46,logistic_regression,1,1,0.9880234580080254,40
STEW,46,logistic_regression,1,1,0.9973942902825429,40
STEW,46,logistic_regression,1,1,0.9237808645076521,40
STEW,46,logistic_regression,1,1,0.7495743756365545,40
STEW,46,logistic_regression,1,1,0.9527764634197674,40
STEW,46,logistic_regression,1,1,0.9960008248794251,40
STEW,46,logistic_regression,1,1,0.960893135477802,40
STEW,46,logistic_regression,1,1,0.971361411392169,40
STEW,46,logistic_regression,1,1,0.9977370450555983,40
STEW,46,logistic_regression,1,1,0.9999996379012107,40
STEW,46,logistic_regression,1,1,0.9914357971125665,40
STEW,46,logistic_regression,1,1,0.8764375001356058,40
STEW,46,logistic_regression,1,1,0.9582038444312339,40
STEW,46,logistic_regression,1,1,0.8741687362247984,40
STEW,46,logistic_regression,1,0,0.24437937613874397,40
STEW,46,logistic_regression,1,1,0.9291400619363483,40
STEW,46,logistic_regression,1,1,0.9582250171052846,40
STEW,46,logistic_regression,1,1,0.9483051010529906,40
STEW,46,logistic_regression,1,1,0.8598657607926259,40
STEW,46,logistic_regression,1,0,0.3407901823467093,40
STEW,47,logistic_regression,0,0,0.008130862608457511,41
STEW,47,logistic_regression,0,1,0.5081205734206475,41
STEW,47,logistic_regression,0,0,0.4012616259926943,41
STEW,47,logistic_regression,0,0,0.44943902417093584,41
STEW,47,logistic_regression,0,1,0.8586282789300574,41
STEW,47,logistic_regression,0,0,0.07366677278317518,41
STEW,47,logistic_regression,0,1,0.6121921501732184,41
STEW,47,logistic_regression,0,0,0.3475781320786793,41
STEW,47,logistic_regression,0,0,0.13053569451722163,41
STEW,47,logistic_regression,0,1,0.6501204778875889,41
STEW,47,logistic_regression,0,0,0.15326885168391574,41
STEW,47,logistic_regression,0,1,0.6294781048891559,41
STEW,47,logistic_regression,0,1,0.5976342334240893,41
STEW,47,logistic_regression,0,1,0.8952987716485985,41
STEW,47,logistic_regression,0,0,0.38471408975598137,41
STEW,47,logistic_regression,0,1,0.6798423028099115,41
STEW,47,logistic_regression,0,0,0.3797680813064317,41
STEW,47,logistic_regression,0,1,0.7173144968283296,41
STEW,47,logistic_regression,0,0,0.1076127396376267,41
STEW,47,logistic_regression,0,1,0.890590949498151,41
STEW,47,logistic_regression,0,1,0.9513145384534025,41
STEW,47,logistic_regression,0,1,0.9275825538607493,41
STEW,47,logistic_regression,0,1,0.9547058326187076,41
STEW,47,logistic_regression,1,1,0.7648061633089549,41
STEW,47,logistic_regression,1,1,0.794058264204266,41
STEW,47,logistic_regression,1,1,0.8795308518896211,41
STEW,47,logistic_regression,1,1,0.9955167952737194,41
STEW,47,logistic_regression,1,1,0.5054421009513947,41
STEW,47,logistic_regression,1,1,0.7740708455687656,41
STEW,47,logistic_regression,1,1,0.7764647827716469,41
STEW,47,logistic_regression,1,1,0.8524124992205304,41
STEW,47,logistic_regression,1,1,0.8977650232509152,41
STEW,47,logistic_regression,1,0,0.004616899131903015,41
STEW,47,logistic_regression,1,1,0.8710757904743055,41
STEW,47,logistic_regression,1,1,0.7212876714399108,41
STEW,47,logistic_regression,1,1,0.9996005381457468,41
STEW,47,logistic_regression,1,1,0.7362060857337421,41
STEW,47,logistic_regression,1,0,0.30647510731556193,41
STEW,47,logistic_regression,1,0,0.1820577959420197,41
STEW,47,logistic_regression,1,1,0.5645727808139166,41
STEW,47,logistic_regression,1,1,0.9998905758325185,41
STEW,47,logistic_regression,1,1,0.999335420103943,41
STEW,47,logistic_regression,1,1,0.995586913932545,41
STEW,47,logistic_regression,1,1,0.9924760135098909,41
STEW,47,logistic_regression,1,1,0.8831263103158793,41
STEW,47,logistic_regression,1,1,0.8586969882753724,41
STEW,47,logistic_regression,1,1,0.670151817315345,41
STEW,47,logistic_regression,1,1,0.9650847424830974,41
STEW,47,logistic_regression,1,1,0.9141244125436708,41
STEW,47,logistic_regression,1,1,0.8564607093824242,41
STEW,48,logistic_regression,0,0,0.1275168415516103,42
STEW,48,logistic_regression,0,1,0.9528552512760495,42
STEW,48,logistic_regression,0,0,0.11531928167057179,42
STEW,48,logistic_regression,0,1,0.6254356855359398,42
STEW,48,logistic_regression,0,0,0.43619403313645666,42
STEW,48,logistic_regression,0,0,0.15854304341643308,42
STEW,48,logistic_regression,0,0,0.41829827132505526,42
STEW,48,logistic_regression,0,1,0.7967795837867789,42
STEW,48,logistic_regression,0,1,0.5389410356394776,42
STEW,48,logistic_regression,0,1,0.8201416688143903,42
STEW,48,logistic_regression,0,0,0.4184471284163154,42
STEW,48,logistic_regression,0,0,0.2990633834518382,42
STEW,48,logistic_regression,0,0,0.10801219788003288,42
STEW,48,logistic_regression,0,1,0.5390831009915134,42
STEW,48,logistic_regression,0,0,0.36547882713906427,42
STEW,48,logistic_regression,0,0,0.34321486040993954,42
STEW,48,logistic_regression,0,1,0.8401764886143624,42
STEW,48,logistic_regression,0,1,0.7758401985975799,42
STEW,48,logistic_regression,0,1,0.938179789339761,42
STEW,48,logistic_regression,1,1,0.9004696244597662,42
STEW,48,logistic_regression,1,1,0.956909915033304,42
STEW,48,logistic_regression,1,1,0.9821392610647994,42
STEW,48,logistic_regression,1,1,0.7313371290525289,42
STEW,48,logistic_regression,1,1,0.9321431540146015,42
STEW,48,logistic_regression,1,1,0.7988221126744213,42
STEW,48,logistic_regression,1,0,0.016982411504971574,42
STEW,48,logistic_regression,1,1,0.9790439857456364,42
STEW,48,logistic_regression,1,0,0.021242881835617622,42
STEW,48,logistic_regression,1,0,0.05519101706459333,42
STEW,48,logistic_regression,1,1,0.675085364712405,42
STEW,48,logistic_regression,1,1,0.6845489364563923,42
STEW,48,logistic_regression,1,1,0.9790050032873246,42
STEW,48,logistic_regression,1,1,0.9914816773035217,42
STEW,48,logistic_regression,1,1,0.9788314480344741,42
STEW,48,logistic_regression,1,1,0.8809951098403713,42
STEW,48,logistic_regression,1,0,0.4055729389863479,42
STEW,48,logistic_regression,1,1,0.6191671780146194,42
STEW,48,logistic_regression,1,1,0.7501554101107122,42
STEW,48,logistic_regression,1,1,0.9860724977356395,42
STEW,5,logistic_regression,1,1,0.9368560731654602,43
STEW,5,logistic_regression,1,0,0.4150066944940771,43
STEW,5,logistic_regression,1,1,0.9999958728980192,43
STEW,5,logistic_regression,1,1,0.9888235832096046,43
STEW,5,logistic_regression,1,1,0.9234185212385242,43
STEW,5,logistic_regression,1,0,0.10868496142960062,43
STEW,5,logistic_regression,1,1,0.6354129874474646,43
STEW,5,logistic_regression,1,1,0.9916309598179925,43
STEW,5,logistic_regression,1,1,0.993687244773455,43
STEW,5,logistic_regression,1,1,0.6746754048504183,43
STEW,5,logistic_regression,1,1,0.5948992143667923,43
STEW,5,logistic_regression,1,1,0.5615804215870034,43
STEW,5,logistic_regression,1,1,0.7887764656513276,43
STEW,5,logistic_regression,1,0,0.339390767415173,43
STEW,5,logistic_regression,1,1,0.9141814912571118,43
STEW,5,logistic_regression,1,1,0.9411078589986472,43
STEW,5,logistic_regression,1,1,0.7055389311890006,43
STEW,5,logistic_regression,1,0,0.2525971295402321,43
STEW,5,logistic_regression,1,1,0.8131372317552453,43
STEW,5,logistic_regression,1,1,0.6152352106249959,43
STEW,5,logistic_regression,1,0,0.1849751159290139,43
STEW,5,logistic_regression,1,1,0.8452759744035357,43
STEW,5,logistic_regression,0,0,0.1411798680745514,43
STEW,5,logistic_regression,0,0,0.28945416565244925,43
STEW,5,logistic_regression,0,0,0.24469260835997403,43
STEW,5,logistic_regression,0,0,0.3597329157929199,43
STEW,5,logistic_regression,0,0,0.43744787138351765,43
STEW,5,logistic_regression,0,1,0.5146353871360799,43
STEW,5,logistic_regression,0,0,0.11287534146179865,43
STEW,5,logistic_regression,0,0,0.2124830105267523,43
STEW,5,logistic_regression,0,1,0.652321493360176,43
STEW,5,logistic_regression,0,0,0.3927855348917393,43
STEW,5,logistic_regression,0,0,0.38106437512176095,43
STEW,5,logistic_regression,0,1,0.69984264794541,43
STEW,5,logistic_regression,0,1,0.7081801820602455,43
STEW,5,logistic_regression,0,0,0.39358764471086755,43
STEW,5,logistic_regression,0,0,0.14054681322303403,43
STEW,5,logistic_regression,0,0,0.3557327281771292,43
STEW,5,logistic_regression,0,0,0.45210480279428816,43
STEW,5,logistic_regression,0,0,0.2642360165707068,43
STEW,5,logistic_regression,0,1,0.597399925131162,43
STEW,5,logistic_regression,0,1,0.5809008740663074,43
STEW,5,logistic_regression,0,1,0.5181613653288859,43
STEW,5,logistic_regression,0,0,0.2101254479797079,43
STEW,5,logistic_regression,0,0,0.12048328869214694,43
STEW,6,logistic_regression,0,0,0.19826400152021556,44
STEW,6,logistic_regression,0,1,0.6944308338648646,44
STEW,6,logistic_regression,0,0,0.3935412291667416,44
STEW,6,logistic_regression,0,0,0.34929823441171687,44
STEW,6,logistic_regression,0,0,0.19195206400244968,44
STEW,6,logistic_regression,0,1,0.8867913351076443,44
STEW,6,logistic_regression,0,1,0.586932224276037,44
STEW,6,logistic_regression,0,1,0.7549124031056333,44
STEW,6,logistic_regression,0,1,0.9818851884983144,44
STEW,6,logistic_regression,0,1,0.6266141870257359,44
STEW,6,logistic_regression,0,1,0.7703585353303367,44
STEW,6,logistic_regression,0,0,0.1936402647022976,44
STEW,6,logistic_regression,0,0,0.36852375455945124,44
STEW,6,logistic_regression,0,1,0.9743216664153008,44
STEW,6,logistic_regression,0,1,0.9189710068747918,44
STEW,6,logistic_regression,0,0,0.08312691986602001,44
STEW,6,logistic_regression,0,1,0.9836009778934774,44
STEW,6,logistic_regression,0,1,0.8182093634325602,44
STEW,6,logistic_regression,0,1,0.6784952848512233,44
STEW,6,logistic_regression,0,0,0.14603045746669618,44
STEW,6,logistic_regression,0,1,0.9734239326096759,44
STEW,6,logistic_regression,0,0,0.016207368963453282,44
STEW,6,logistic_regression,1,1,0.8947546201024784,44
STEW,6,logistic_regression,1,1,0.9369076936372718,44
STEW,6,logistic_regression,1,1,0.624747585968354,44
STEW,6,logistic_regression,1,1,0.9558804343432786,44
STEW,6,logistic_regression,1,1,0.8223049201851602,44
STEW,6,logistic_regression,1,1,0.5931236823390991,44
STEW,6,logistic_regression,1,1,0.8185428071332017,44
STEW,6,logistic_regression,1,1,0.8715887371590461,44
STEW,6,logistic_regression,1,1,0.8257027824877495,44
STEW,6,logistic_regression,1,1,0.9996013604485877,44
STEW,6,logistic_regression,1,1,0.9989241257073049,44
STEW,6,logistic_regression,1,1,0.9626629479404204,44
STEW,6,logistic_regression,1,1,0.9271880737808622,44
STEW,6,logistic_regression,1,1,0.9452920339563478,44
STEW,6,logistic_regression,1,0,0.3556564947758254,44
STEW,7,logistic_regression,0,0,0.2460578181208774,45
STEW,7,logistic_regression,0,0,0.08933870315557661,45
STEW,7,logistic_regression,0,0,0.00016114175061074108,45
STEW,7,logistic_regression,0,0,0.01292174149364825,45
STEW,7,logistic_regression,0,0,0.045766518679152934,45
STEW,7,logistic_regression,0,0,0.02247807753438203,45
STEW,7,logistic_regression,0,0,0.0025223398320445107,45
STEW,7,logistic_regression,0,0,0.21132245707061004,45
STEW,7,logistic_regression,0,1,0.72896375362375,45
STEW,7,logistic_regression,0,0,0.2904774422723701,45
STEW,7,logistic_regression,0,0,0.025165856531552063,45
STEW,7,logistic_regression,0,0,0.0974629270679544,45
STEW,7,logistic_regression,0,0,0.007829764776258446,45
STEW,7,logistic_regression,0,0,0.006022983414265002,45
STEW,7,logistic_regression,0,0,0.004673379808861367,45
STEW,7,logistic_regression,0,0,0.01924358411665124,45
STEW,7,logistic_regression,0,0,0.03534382241368292,45
STEW,7,logistic_regression,0,0,0.009287431859272628,45
STEW,7,logistic_regression,0,0,0.009718128919683254,45
STEW,7,logistic_regression,0,0,0.14529733792341093,45
STEW,7,logistic_regression,0,1,0.778738867854814,45
STEW,7,logistic_regression,0,0,0.15569138069103908,45
STEW,7,logistic_regression,1,1,0.9408721949714676,45
STEW,7,logistic_regression,1,1,0.9579844442238508,45
STEW,7,logistic_regression,1,1,0.714115731007133,45
STEW,7,logistic_regression,1,0,0.4041165368189651,45
STEW,7,logistic_regression,1,1,0.5054078423262044,45
STEW,7,logistic_regression,1,1,0.6850971603362063,45
STEW,7,logistic_regression,1,1,0.8486249686607417,45
STEW,7,logistic_regression,1,0,0.47024539173352453,45
STEW,7,logistic_regression,1,1,0.6802033515307058,45
STEW,7,logistic_regression,1,1,0.6918314401973545,45
STEW,7,logistic_regression,1,1,0.8137938272869728,45
STEW,7,logistic_regression,1,1,0.9817140123106133,45
STEW,7,logistic_regression,1,1,0.7899215596237443,45
STEW,7,logistic_regression,1,1,0.6978441090912898,45
STEW,7,logistic_regression,1,1,0.5573201211108596,45
STEW,7,logistic_regression,1,0,0.48568467136700555,45
STEW,7,logistic_regression,1,1,0.8253398138621787,45
STEW,7,logistic_regression,1,1,0.6594121409466669,45
STEW,7,logistic_regression,1,0,0.39984345381589126,45
STEW,7,logistic_regression,1,1,0.6373727057352354,45
STEW,7,logistic_regression,1,1,0.6722322650987875,45
STEW,7,logistic_regression,1,0,0.19828135322450563,45
STEW,7,logistic_regression,1,0,0.47668322425765797,45
STEW,7,logistic_regression,1,1,0.8410569847226317,45
STEW,7,logistic_regression,1,0,0.1956502249801039,45
STEW,8,logistic_regression,1,1,0.9924631722101204,46
STEW,8,logistic_regression,1,1,0.999997937182949,46
STEW,8,logistic_regression,1,0,0.4871312096651328,46
STEW,8,logistic_regression,1,1,0.9795513971060746,46
STEW,8,logistic_regression,1,0,0.4026802090850113,46
STEW,8,logistic_regression,1,1,0.7722456946230917,46
STEW,8,logistic_regression,1,1,0.866032393696302,46
STEW,8,logistic_regression,1,1,0.9487969160416487,46
STEW,8,logistic_regression,1,1,0.9310743228754131,46
STEW,8,logistic_regression,1,0,0.058528356005831575,46
STEW,8,logistic_regression,1,0,0.2479947510477962,46
STEW,8,logistic_regression,1,1,0.9386935005463304,46
STEW,8,logistic_regression,1,1,0.9424323497785091,46
STEW,8,logistic_regression,1,1,0.9714710827682059,46
STEW,8,logistic_regression,1,1,0.9293318279519989,46
STEW,8,logistic_regression,1,1,0.8264671348479344,46
STEW,8,logistic_regression,0,1,0.9610054303230111,46
STEW,8,logistic_regression,0,0,0.21957392371723353,46
STEW,8,logistic_regression,0,0,0.10823730713908968,46
STEW,8,logistic_regression,0,0,0.1022528781022169,46
STEW,8,logistic_regression,0,0,0.21087518019842433,46
STEW,8,logistic_regression,0,0,0.09198316581604908,46
STEW,8,logistic_regression,0,0,0.045233864749307434,46
STEW,8,logistic_regression,0,0,0.22216094355170124,46
STEW,8,logistic_regression,0,0,0.18696200635297228,46
STEW,8,logistic_regression,0,0,0.07154655497193367,46
STEW,8,logistic_regression,0,1,0.5485862063020158,46
STEW,8,logistic_regression,0,0,0.1735802496503851,46
STEW,8,logistic_regression,0,0,0.04991645675998612,46
STEW,8,logistic_regression,0,0,0.46319187157978986,46
STEW,8,logistic_regression,0,0,0.0783845384147477,46
STEW,8,logistic_regression,0,0,0.15544089726224009,46
STEW,9,logistic_regression,0,0,0.004658834486859403,47
STEW,9,logistic_regression,0,0,0.20287575636384503,47
STEW,9,logistic_regression,0,0,0.22664660865992262,47
STEW,9,logistic_regression,0,1,0.8279204434143003,47
STEW,9,logistic_regression,0,0,0.09318699572090691,47
STEW,9,logistic_regression,0,0,0.12497980685708394,47
STEW,9,logistic_regression,0,0,0.1360750544618991,47
STEW,9,logistic_regression,0,0,0.14210082169402413,47
STEW,9,logistic_regression,0,0,0.0288435936617577,47
STEW,9,logistic_regression,0,0,0.06264295406231046,47
STEW,9,logistic_regression,0,0,0.3503323146264317,47
STEW,9,logistic_regression,0,0,0.18981421133615173,47
STEW,9,logistic_regression,0,1,0.6903111567835561,47
STEW,9,logistic_regression,0,0,0.1326152468823154,47
STEW,9,logistic_regression,0,0,0.35759258343183764,47
STEW,9,logistic_regression,0,0,0.2641620179777234,47
STEW,9,logistic_regression,0,0,0.01348995402131021,47
STEW,9,logistic_regression,0,0,0.021022886763833074,47
STEW,9,logistic_regression,1,1,0.6389230363314748,47
STEW,9,logistic_regression,1,0,0.4230467608863309,47
STEW,9,logistic_regression,1,0,0.296140162402263,47
STEW,9,logistic_regression,1,1,0.921362689547514,47
STEW,9,logistic_regression,1,1,0.9312876556678362,47
STEW,9,logistic_regression,1,1,0.7619926211845712,47
STEW,9,logistic_regression,1,1,0.7387848182656769,47
STEW,9,logistic_regression,1,1,0.570098827356219,47
STEW,9,logistic_regression,1,0,0.26366772836391716,47
STEW,9,logistic_regression,1,0,0.01477940113285853,47
STEW,9,logistic_regression,1,0,0.3069022298203356,47
STEW,9,logistic_regression,1,1,0.7447418711286209,47
STEW,9,logistic_regression,1,0,0.10219452466423026,47
STEW,9,logistic_regression,1,0,0.31476334753309343,47
STEW,9,logistic_regression,1,1,0.6308975505950399,47
STEW,9,logistic_regression,1,0,0.203875153736006,47
STEW,9,logistic_regression,1,1,0.8651353375484607,47
STEW,9,logistic_regression,1,1,0.8100273735481437,47
STEW,9,logistic_regression,1,1,0.5565927873363067,47
STEW,1,svm_rbf,1,1,0.7765558666565858,0
STEW,1,svm_rbf,1,1,0.6752431246033268,0
STEW,1,svm_rbf,1,1,0.7375721934604776,0
STEW,1,svm_rbf,1,1,0.849280769245039,0
STEW,1,svm_rbf,1,1,0.633961632056928,0
STEW,1,svm_rbf,1,1,0.7693471289012136,0
STEW,1,svm_rbf,1,0,0.4015225249313135,0
STEW,1,svm_rbf,1,1,0.8756839290013024,0
STEW,1,svm_rbf,1,1,0.5585687740770109,0
STEW,1,svm_rbf,1,1,0.8469074741534226,0
STEW,1,svm_rbf,1,1,0.844150800542756,0
STEW,1,svm_rbf,1,1,0.5119561392260885,0
STEW,1,svm_rbf,1,0,0.34017956221307283,0
STEW,1,svm_rbf,1,1,0.7379410168342078,0
STEW,1,svm_rbf,1,1,0.7187014003935226,0
STEW,1,svm_rbf,1,1,0.5444044825090794,0
STEW,1,svm_rbf,0,1,0.803449402084059,0
STEW,1,svm_rbf,0,1,0.7206701373691922,0
STEW,1,svm_rbf,0,1,0.7206701312177412,0
STEW,1,svm_rbf,0,1,0.7306609184746932,0
STEW,1,svm_rbf,0,1,0.7224746026818142,0
STEW,1,svm_rbf,0,1,0.7230332877650469,0
STEW,1,svm_rbf,0,1,0.7221135176603959,0
STEW,1,svm_rbf,0,1,0.7206714611495114,0
STEW,1,svm_rbf,0,1,0.7207469614025852,0
STEW,1,svm_rbf,0,1,0.7206701309104928,0
STEW,1,svm_rbf,0,1,0.7211354058635202,0
STEW,1,svm_rbf,0,1,0.7211161717787993,0
STEW,1,svm_rbf,0,1,0.7207232209142217,0
STEW,1,svm_rbf,0,1,0.7213335778087471,0
STEW,1,svm_rbf,0,1,0.7274590078374724,0
STEW,1,svm_rbf,0,1,0.7207169266272584,0
STEW,1,svm_rbf,0,1,0.7206701337226545,0
STEW,1,svm_rbf,0,1,0.72067013135855,0
STEW,1,svm_rbf,0,1,0.7206701310766086,0
STEW,1,svm_rbf,0,1,0.7216809524898159,0
STEW,10,svm_rbf,0,0,0.4513723842762668,1
STEW,10,svm_rbf,0,1,0.6253405034893162,1
STEW,10,svm_rbf,0,1,0.8225686655783373,1
STEW,10,svm_rbf,0,1,0.6938001979427785,1
STEW,10,svm_rbf,0,0,0.44302538891504334,1
STEW,10,svm_rbf,0,0,0.3587667190789137,1
STEW,10,svm_rbf,0,0,0.14816011427011075,1
STEW,10,svm_rbf,0,0,0.2316891951311933,1
STEW,10,svm_rbf,0,0,0.339577803414313,1
STEW,10,svm_rbf,0,0,0.12443445676515041,1
STEW,10,svm_rbf,0,0,0.40319613006252586,1
STEW,10,svm_rbf,0,0,0.37400849994620805,1
STEW,10,svm_rbf,0,0,0.2609565325166657,1
STEW,10,svm_rbf,0,0,0.17044314507477148,1
STEW,10,svm_rbf,0,1,0.5228160521788715,1
STEW,10,svm_rbf,0,0,0.10076013367718337,1
STEW,10,svm_rbf,0,1,0.5062182382530438,1
STEW,10,svm_rbf,0,0,0.3482991086548269,1
STEW,10,svm_rbf,1,1,0.6225359002135319,1
STEW,10,svm_rbf,1,1,0.6343138231905354,1
STEW,10,svm_rbf,1,1,0.9678473016989374,1
STEW,10,svm_rbf,1,1,0.7400667285969277,1
STEW,10,svm_rbf,1,1,0.5439385861938235,1
STEW,10,svm_rbf,1,1,0.8906660486954261,1
STEW,10,svm_rbf,1,0,0.20114520185667414,1
STEW,10,svm_rbf,1,1,0.6256505668000001,1
STEW,10,svm_rbf,1,1,0.7537136951876249,1
STEW,10,svm_rbf,1,1,0.6827089943111426,1
STEW,10,svm_rbf,1,0,0.35719576339144293,1
STEW,10,svm_rbf,1,1,0.6148273772651656,1
STEW,10,svm_rbf,1,0,0.4200724434181031,1
STEW,10,svm_rbf,1,1,0.6985111766848138,1
STEW,10,svm_rbf,1,1,0.5303626533192226,1
STEW,10,svm_rbf,1,1,0.9098183927357825,1
STEW,10,svm_rbf,1,1,0.8477016396287599,1
STEW,10,svm_rbf,1,1,0.6459857224573208,1
STEW,10,svm_rbf,1,1,0.92377111982923,1
STEW,10,svm_rbf,1,1,0.9593837659742331,1
STEW,10,svm_rbf,1,0,0.1796406016613493,1
STEW,10,svm_rbf,1,1,0.8072075957499124,1
STEW,11,svm_rbf,1,1,0.6813573079179127,2
STEW,11,svm_rbf,1,1,0.916062073550247,2
STEW,11,svm_rbf,1,1,0.6694425860380235,2
STEW,11,svm_rbf,1,1,0.9608180474646866,2
STEW,11,svm_rbf,1,1,0.9680162623615216,2
STEW,11,svm_rbf,1,1,0.8116615823553991,2
STEW,11,svm_rbf,1,0,0.04054871114028645,2
STEW,11,svm_rbf,1,1,0.6753532127011554,2
STEW,11,svm_rbf,1,1,0.8377427225178636,2
STEW,11,svm_rbf,1,1,0.9735336742346098,2
STEW,11,svm_rbf,1,1,0.9773054664734737,2
STEW,11,svm_rbf,1,1,0.9388261364765321,2
STEW,11,svm_rbf,1,1,0.9253197874023811,2
STEW,11,svm_rbf,1,1,0.7356377122139438,2
STEW,11,svm_rbf,1,1,0.9251014066017083,2
STEW,11,svm_rbf,1,1,0.9408552329614321,2
STEW,11,svm_rbf,1,1,0.9506288194953199,2
STEW,11,svm_rbf,1,1,0.9409287745806402,2
STEW,11,svm_rbf,1,1,0.856983615344416,2
STEW,11,svm_rbf,1,1,0.7619013133312628,2
STEW,11,svm_rbf,0,0,0.15995093780762348,2
STEW,11,svm_rbf,0,0,0.5,2
STEW,11,svm_rbf,0,0,0.02308011014260442,2
STEW,11,svm_rbf,0,0,0.017566736795987598,2
STEW,11,svm_rbf,0,0,0.11083259217941147,2
STEW,11,svm_rbf,0,1,0.5624961779485089,2
STEW,11,svm_rbf,0,0,0.03913183442746926,2
STEW,11,svm_rbf,0,1,0.5756239207242135,2
STEW,11,svm_rbf,0,1,0.7591022373063332,2
STEW,11,svm_rbf,0,1,0.7113286410009944,2
STEW,11,svm_rbf,0,0,0.32924039092934254,2
STEW,11,svm_rbf,0,0,0.5,2
STEW,11,svm_rbf,0,1,0.6014609009471998,2
STEW,11,svm_rbf,0,0,0.028172284423151513,2
STEW,11,svm_rbf,0,0,0.26209218118296695,2
STEW,12,svm_rbf,1,1,0.9770643717999906,3
STEW,12,svm_rbf,1,1,0.9368804595339201,3
STEW,12,svm_rbf,1,1,0.7478164938370016,3
STEW,12,svm_rbf,1,1,0.838156440644109,3
STEW,12,svm_rbf,1,1,0.5595382046393867,3
STEW,12,svm_rbf,1,1,0.8634859323759426,3
STEW,12,svm_rbf,1,1,0.8185135219709437,3
STEW,12,svm_rbf,1,1,0.8893526418314769,3
STEW,12,svm_rbf,1,1,0.5777634389271903,3
STEW,12,svm_rbf,1,0,0.48150966067636786,3
STEW,12,svm_rbf,1,0,0.4353286462825279,3
STEW,12,svm_rbf,1,1,0.9718633079725948,3
STEW,12,svm_rbf,1,1,0.8791533448196809,3
STEW,12,svm_rbf,1,1,0.913588137359668,3
STEW,12,svm_rbf,1,1,0.9143824379053536,3
STEW,12,svm_rbf,1,0,0.2204691625581652,3
STEW,12,svm_rbf,1,0,0.29128584847179356,3
STEW,12,svm_rbf,1,1,0.5210736191707893,3
STEW,12,svm_rbf,1,1,0.8993790381280685,3
STEW,12,svm_rbf,1,1,0.7473354525714946,3
STEW,12,svm_rbf,1,1,0.5669101592381938,3
STEW,12,svm_rbf,1,1,0.9499983783696663,3
STEW,12,svm_rbf,1,1,0.9401648980666032,3
STEW,12,svm_rbf,1,1,0.8627542102262052,3
STEW,12,svm_rbf,1,1,0.9536477404854423,3
STEW,12,svm_rbf,1,1,0.9829870876223025,3
STEW,12,svm_rbf,1,1,0.6961310088071553,3
STEW,12,svm_rbf,0,0,0.061269194841430424,3
STEW,12,svm_rbf,0,0,0.03260922729306306,3
STEW,12,svm_rbf,0,0,0.043602844555250486,3
STEW,12,svm_rbf,0,0,0.02131007060027557,3
STEW,12,svm_rbf,0,0,0.05239650796158643,3
STEW,12,svm_rbf,0,0,0.0987152310326017,3
STEW,12,svm_rbf,0,0,0.24480101430287182,3
STEW,12,svm_rbf,0,0,0.07160312752852793,3
STEW,12,svm_rbf,0,1,0.6324468789917845,3
STEW,12,svm_rbf,0,0,0.17889636657820485,3
STEW,12,svm_rbf,0,0,0.09013787357482247,3
STEW,12,svm_rbf,0,0,0.06868154362423388,3
STEW,12,svm_rbf,0,0,0.17854036327574277,3
STEW,12,svm_rbf,0,0,0.05362407728342377,3
STEW,12,svm_rbf,0,0,0.08809040323841598,3
STEW,12,svm_rbf,0,0,0.029870690355257336,3
STEW,12,svm_rbf,0,0,0.045832455339503725,3
STEW,12,svm_rbf,0,1,0.6001389300851203,3
STEW,13,svm_rbf,0,0,0.4345185081779527,4
STEW,13,svm_rbf,0,1,0.676425861041143,4
STEW,13,svm_rbf,0,0,0.4542633089113396,4
STEW,13,svm_rbf,0,0,0.3573005898874302,4
STEW,13,svm_rbf,0,1,0.7592759845436129,4
STEW,13,svm_rbf,0,1,0.7035189210052033,4
STEW,13,svm_rbf,0,1,0.7631915239225654,4
STEW,13,svm_rbf,0,1,0.6542887683254515,4
STEW,13,svm_rbf,0,1,0.6479833600351078,4
STEW,13,svm_rbf,0,0,0.2374087954947566,4
STEW,13,svm_rbf,0,1,0.8263733695251496,4
STEW,13,svm_rbf,0,1,0.6326376585606266,4
STEW,13,svm_rbf,0,1,0.7838562973444556,4
STEW,13,svm_rbf,0,1,0.7363513273985837,4
STEW,13,svm_rbf,0,0,0.14835102334621691,4
STEW,13,svm_rbf,0,0,0.4242442637359931,4
STEW,13,svm_rbf,0,0,0.352404869170991,4
STEW,13,svm_rbf,0,1,0.6548291577307191,4
STEW,13,svm_rbf,0,0,0.330366713260708,4
STEW,13,svm_rbf,0,0,0.19302483989503194,4
STEW,13,svm_rbf,0,1,0.6056666556431975,4
STEW,13,svm_rbf,0,0,0.07305304738954281,4
STEW,13,svm_rbf,0,0,0.29713361000378,4
STEW,13,svm_rbf,0,1,0.6012077152160926,4
STEW,13,svm_rbf,0,0,0.3041113545738231,4
STEW,13,svm_rbf,0,1,0.6882301736831825,4
STEW,13,svm_rbf,0,1,0.730138887436671,4
STEW,13,svm_rbf,0,1,0.8718353625994091,4
STEW,13,svm_rbf,0,1,0.935695670144523,4
STEW,13,svm_rbf,0,0,0.4114096394255215,4
STEW,13,svm_rbf,1,1,0.8885239290744011,4
STEW,13,svm_rbf,1,1,0.8148001840636331,4
STEW,13,svm_rbf,1,1,0.9413185707931805,4
STEW,13,svm_rbf,1,1,0.9948141432618477,4
STEW,13,svm_rbf,1,0,0.4503879690626839,4
STEW,13,svm_rbf,1,1,0.5593914441606341,4
STEW,13,svm_rbf,1,1,0.7221606179165454,4
STEW,13,svm_rbf,1,1,0.764023472889266,4
STEW,13,svm_rbf,1,1,0.9513607661867127,4
STEW,13,svm_rbf,1,1,0.8371528706006757,4
STEW,13,svm_rbf,1,1,0.9830831533500951,4
STEW,13,svm_rbf,1,1,0.9670570931367414,4
STEW,13,svm_rbf,1,1,0.9118565738054456,4
STEW,13,svm_rbf,1,1,0.7838750627118699,4
STEW,13,svm_rbf,1,1,0.8352435336599494,4
STEW,13,svm_rbf,1,1,0.9262078860001579,4
STEW,13,svm_rbf,1,1,0.7170564699797282,4
STEW,13,svm_rbf,1,0,0.3170097553835974,4
STEW,13,svm_rbf,1,1,0.6426597419971085,4
STEW,13,svm_rbf,1,1,0.7686144702387476,4
STEW,13,svm_rbf,1,1,0.9058152327876826,4
STEW,13,svm_rbf,1,1,0.6860216918378168,4
STEW,14,svm_rbf,0,1,0.5817667377223134,5
STEW,14,svm_rbf,0,1,0.5524094515780898,5
STEW,14,svm_rbf,0,1,0.5238683837430769,5
STEW,14,svm_rbf,0,1,0.9173444881161165,5
STEW,14,svm_rbf,0,0,0.30971772239913736,5
STEW,14,svm_rbf,0,0,0.2998300060439771,5
STEW,14,svm_rbf,0,1,0.5346451172351377,5
STEW,14,svm_rbf,0,0,0.43741108364423725,5
STEW,14,svm_rbf,0,0,0.4368118548571815,5
STEW,14,svm_rbf,0,0,0.06133656277809113,5
STEW,14,svm_rbf,0,0,0.21042273574970644,5
STEW,14,svm_rbf,0,0,0.1915670783382579,5
STEW,14,svm_rbf,0,1,0.8059082298289475,5
STEW,14,svm_rbf,0,0,0.4018094980001135,5
STEW,14,svm_rbf,0,1,0.9653577514786363,5
STEW,14,svm_rbf,0,0,0.3274898289815027,5
STEW,14,svm_rbf,0,1,0.8429357482391027,5
STEW,14,svm_rbf,0,1,0.6618041848695098,5
STEW,14,svm_rbf,0,0,0.16616662597357285,5
STEW,14,svm_rbf,1,1,0.9067972425773814,5
STEW,14,svm_rbf,1,1,0.8833178770685928,5
STEW,14,svm_rbf,1,1,0.9635079856374323,5
STEW,14,svm_rbf,1,1,0.6695458810591877,5
STEW,14,svm_rbf,1,0,0.19241692087237275,5
STEW,14,svm_rbf,1,1,0.9931136708836212,5
STEW,14,svm_rbf,1,1,0.9959767468681696,5
STEW,14,svm_rbf,1,1,0.5093197612626128,5
STEW,14,svm_rbf,1,1,0.6864976584290311,5
STEW,14,svm_rbf,1,0,0.4722056659217772,5
STEW,14,svm_rbf,1,1,0.7868033964329524,5
STEW,14,svm_rbf,1,0,0.43254994665256846,5
STEW,14,svm_rbf,1,1,0.7131315574700657,5
STEW,14,svm_rbf,1,1,0.9474894304916888,5
STEW,14,svm_rbf,1,1,0.7353182509051812,5
STEW,14,svm_rbf,1,1,0.9316720480976554,5
STEW,14,svm_rbf,1,1,0.5429742549376362,5
STEW,14,svm_rbf,1,1,0.5075029865532799,5
STEW,14,svm_rbf,1,1,0.7792138770979854,5
STEW,14,svm_rbf,1,1,0.960014668450948,5
STEW,14,svm_rbf,1,1,0.7727428927423031,5
STEW,15,svm_rbf,1,1,0.962258941388706,6
STEW,15,svm_rbf,1,0,0.17300203245866266,6
STEW,15,svm_rbf,1,1,0.8705588335414092,6
STEW,15,svm_rbf,1,1,0.8815210996233345,6
STEW,15,svm_rbf,1,1,0.9058738816326101,6
STEW,15,svm_rbf,1,1,0.8185081702899273,6
STEW,15,svm_rbf,1,1,0.9291684508198912,6
STEW,15,svm_rbf,1,1,0.7664283971229939,6
STEW,15,svm_rbf,1,0,0.46031889753303296,6
STEW,15,svm_rbf,1,0,0.4437678923459636,6
STEW,15,svm_rbf,1,1,0.6627973456595357,6
STEW,15,svm_rbf,1,1,0.6633686123015659,6
STEW,15,svm_rbf,1,1,0.948908899837744,6
STEW,15,svm_rbf,1,1,0.7954734796015208,6
STEW,15,svm_rbf,1,1,0.963399160504555,6
STEW,15,svm_rbf,1,1,0.9868291668590089,6
STEW,15,svm_rbf,1,1,0.9452005188710733,6
STEW,15,svm_rbf,1,1,0.9644220833221592,6
STEW,15,svm_rbf,1,1,0.8360891962610355,6
STEW,15,svm_rbf,1,0,0.45044925517489115,6
STEW,15,svm_rbf,1,1,0.8140161813762623,6
STEW,15,svm_rbf,1,1,0.9678323989972611,6
STEW,15,svm_rbf,1,1,0.7326904272997833,6
STEW,15,svm_rbf,1,1,0.9095225193689114,6
STEW,15,svm_rbf,1,1,0.8799513746587336,6
STEW,15,svm_rbf,1,1,0.8797256179053354,6
STEW,15,svm_rbf,1,1,0.9563766294969526,6
STEW,15,svm_rbf,1,1,0.7992467719814046,6
STEW,15,svm_rbf,1,1,0.9152506791601328,6
STEW,15,svm_rbf,1,1,0.9690936538640661,6
STEW,15,svm_rbf,0,1,0.7281666604198102,6
STEW,15,svm_rbf,0,1,0.7471086062612755,6
STEW,15,svm_rbf,0,1,0.7824323277065434,6
STEW,15,svm_rbf,0,0,0.40668272754666074,6
STEW,15,svm_rbf,0,1,0.7395129478861956,6
STEW,15,svm_rbf,0,1,0.5678430381280509,6
STEW,15,svm_rbf,0,1,0.9178650816699898,6
STEW,15,svm_rbf,0,1,0.9768317393236561,6
STEW,15,svm_rbf,0,1,0.8519787999990915,6
STEW,15,svm_rbf,0,1,0.581405204121192,6
STEW,15,svm_rbf,0,1,0.6481322809415939,6
STEW,15,svm_rbf,0,1,0.7308729344591258,6
STEW,15,svm_rbf,0,1,0.7187825459767729,6
STEW,15,svm_rbf,0,1,0.5807628793644616,6
STEW,15,svm_rbf,0,1,0.5237236878143041,6
STEW,15,svm_rbf,0,1,0.5406636656379307,6
STEW,15,svm_rbf,0,1,0.7565073367719332,6
STEW,15,svm_rbf,0,1,0.9166161832122698,6
STEW,15,svm_rbf,0,1,0.5242443393029601,6
STEW,15,svm_rbf,0,1,0.6998197258513165,6
STEW,15,svm_rbf,0,1,0.6562094078955665,6
STEW,15,svm_rbf,0,1,0.8779851173593659,6
STEW,15,svm_rbf,0,1,0.7088622273153276,6
STEW,15,svm_rbf,0,1,0.8230294662752681,6
STEW,15,svm_rbf,0,1,0.9160545984587402,6
STEW,15,svm_rbf,0,1,0.8715548178811755,6
STEW,16,svm_rbf,0,0,0.2782525197849176,7
STEW,16,svm_rbf,0,0,0.11063081129421615,7
STEW,16,svm_rbf,0,0,0.35429088297972855,7
STEW,16,svm_rbf,0,0,0.07290025729266911,7
STEW,16,svm_rbf,0,0,0.04215656935839829,7
STEW,16,svm_rbf,0,0,0.4493456825806885,7
STEW,16,svm_rbf,0,1,0.5,7
STEW,16,svm_rbf,0,1,0.5928494493858071,7
STEW,16,svm_rbf,0,0,0.48298819399144,7
STEW,16,svm_rbf,0,0,0.29404945997633836,7
STEW,16,svm_rbf,0,1,0.8551538363400739,7
STEW,16,svm_rbf,0,1,0.5819655075993748,7
STEW,16,svm_rbf,0,0,0.3069706724865668,7
STEW,16,svm_rbf,0,0,0.23714262396432895,7
STEW,16,svm_rbf,0,1,0.7089259596890103,7
STEW,16,svm_rbf,0,0,0.12329846399305765,7
STEW,16,svm_rbf,0,0,0.06572867179288737,7
STEW,16,svm_rbf,0,0,0.16015321137944497,7
STEW,16,svm_rbf,0,0,0.07591128191848033,7
STEW,16,svm_rbf,0,0,0.09111341681295916,7
STEW,16,svm_rbf,0,0,0.12739446356527048,7
STEW,16,svm_rbf,0,0,0.23541891184317826,7
STEW,16,svm_rbf,0,1,0.6316173871345268,7
STEW,16,svm_rbf,0,0,0.33696677762931104,7
STEW,16,svm_rbf,0,0,0.04419212320978735,7
STEW,16,svm_rbf,1,1,0.9310622256456764,7
STEW,16,svm_rbf,1,0,0.19953230653685072,7
STEW,16,svm_rbf,1,1,0.8172747151027293,7
STEW,16,svm_rbf,1,0,0.28730889564046647,7
STEW,16,svm_rbf,1,1,0.7375986046761983,7
STEW,16,svm_rbf,1,1,0.7610722893911777,7
STEW,16,svm_rbf,1,1,0.7203963720426323,7
STEW,16,svm_rbf,1,1,0.8698969078951679,7
STEW,16,svm_rbf,1,1,0.7831746217640755,7
STEW,16,svm_rbf,1,1,0.7483535078535889,7
STEW,16,svm_rbf,1,0,0.4283399443192422,7
STEW,16,svm_rbf,1,1,0.9353675975869178,7
STEW,16,svm_rbf,1,1,0.9555093338084222,7
STEW,16,svm_rbf,1,1,0.6723852038821002,7
STEW,16,svm_rbf,1,1,0.6316718844670406,7
STEW,16,svm_rbf,1,0,0.3362186429733401,7
STEW,16,svm_rbf,1,1,0.668576658011824,7
STEW,16,svm_rbf,1,1,0.8665058692628739,7
STEW,16,svm_rbf,1,1,0.9399280510056294,7
STEW,16,svm_rbf,1,1,0.867395113910775,7
STEW,16,svm_rbf,1,1,0.9289763213037583,7
STEW,16,svm_rbf,1,1,0.9363239821047883,7
STEW,16,svm_rbf,1,1,0.8031070064314865,7
STEW,16,svm_rbf,1,1,0.896543675582665,7
STEW,17,svm_rbf,1,1,0.8218367497763298,8
STEW,17,svm_rbf,1,1,0.9191978165029054,8
STEW,17,svm_rbf,1,1,0.7520658631726622,8
STEW,17,svm_rbf,1,1,0.8788083076852028,8
STEW,17,svm_rbf,1,1,0.8413849434617583,8
STEW,17,svm_rbf,1,1,0.6564547916173706,8
STEW,17,svm_rbf,1,0,0.08443746616849424,8
STEW,17,svm_rbf,1,1,0.8915030001439019,8
STEW,17,svm_rbf,1,0,0.35935290599071934,8
STEW,17,svm_rbf,1,1,0.942441561655378,8
STEW,17,svm_rbf,1,1,0.6577569904056396,8
STEW,17,svm_rbf,1,1,0.7271643451600494,8
STEW,17,svm_rbf,1,1,0.6137521780980393,8
STEW,17,svm_rbf,1,0,0.42717194973547284,8
STEW,17,svm_rbf,1,0,0.4760803480267322,8
STEW,17,svm_rbf,1,1,0.9520839034086701,8
STEW,17,svm_rbf,1,1,0.9419857242487674,8
STEW,17,svm_rbf,1,1,0.7061267505813502,8
STEW,17,svm_rbf,1,1,0.8294376348428856,8
STEW,17,svm_rbf,1,0,0.2932033772823988,8
STEW,17,svm_rbf,1,0,0.34544731462840816,8
STEW,17,svm_rbf,1,1,0.7404057916519045,8
STEW,17,svm_rbf,1,0,0.14213194998033518,8
STEW,17,svm_rbf,1,1,0.7112954377156938,8
STEW,17,svm_rbf,1,1,0.5612686648623322,8
STEW,17,svm_rbf,1,0,0.2965415878400405,8
STEW,17,svm_rbf,0,1,0.7089244975593381,8
STEW,17,svm_rbf,0,1,0.5342541880922873,8
STEW,17,svm_rbf,0,0,0.1755723057661516,8
STEW,17,svm_rbf,0,0,0.2514800841075565,8
STEW,17,svm_rbf,0,0,0.16166723277284367,8
STEW,17,svm_rbf,0,0,0.24048544099638614,8
STEW,17,svm_rbf,0,1,0.60732101106043,8
STEW,17,svm_rbf,0,0,0.08780216326008933,8
STEW,17,svm_rbf,0,0,0.15567681092044716,8
STEW,17,svm_rbf,0,0,0.21562858521163192,8
STEW,17,svm_rbf,0,0,0.206990376145868,8
STEW,17,svm_rbf,0,0,0.1307416014877226,8
STEW,17,svm_rbf,0,0,0.047094902514845716,8
STEW,17,svm_rbf,0,1,0.8817067925443447,8
STEW,17,svm_rbf,0,0,0.13497681301208062,8
STEW,17,svm_rbf,0,1,0.8997888593027146,8
STEW,17,svm_rbf,0,1,0.8888647690821444,8
STEW,17,svm_rbf,0,0,0.173618216843808,8
STEW,18,svm_rbf,0,1,0.5702934547484696,9
STEW,18,svm_rbf,0,1,0.7068704081684758,9
STEW,18,svm_rbf,0,1,0.7068704081684758,9
STEW,18,svm_rbf,0,1,0.706870408168476,9
STEW,18,svm_rbf,0,1,0.6604981564809228,9
STEW,18,svm_rbf,0,1,0.5,9
STEW,18,svm_rbf,0,1,0.7142040131501693,9
STEW,18,svm_rbf,0,1,0.7068705230661987,9
STEW,18,svm_rbf,0,1,0.6553325163737295,9
STEW,18,svm_rbf,0,1,0.8080059753420415,9
STEW,18,svm_rbf,0,0,0.38468475374599675,9
STEW,18,svm_rbf,0,0,0.46097208324415456,9
STEW,18,svm_rbf,0,0,0.2744948129122021,9
STEW,18,svm_rbf,0,0,0.33351816975528553,9
STEW,18,svm_rbf,0,0,0.09165710243150652,9
STEW,18,svm_rbf,0,0,0.12000571480619336,9
STEW,18,svm_rbf,0,0,0.14259352314832632,9
STEW,18,svm_rbf,0,0,0.2930236218737406,9
STEW,18,svm_rbf,0,0,0.07511410963425402,9
STEW,18,svm_rbf,0,0,0.22863731828973974,9
STEW,18,svm_rbf,0,0,0.2411056400303698,9
STEW,18,svm_rbf,0,0,0.3340945468880458,9
STEW,18,svm_rbf,0,0,0.3604441781874589,9
STEW,18,svm_rbf,0,0,0.14642804236806137,9
STEW,18,svm_rbf,0,0,0.11596718322818735,9
STEW,18,svm_rbf,1,1,0.818860237735602,9
STEW,18,svm_rbf,1,1,0.8974918117357056,9
STEW,18,svm_rbf,1,1,0.9583829555217022,9
STEW,18,svm_rbf,1,1,0.9371435959800569,9
STEW,18,svm_rbf,1,1,0.7317612975395211,9
STEW,18,svm_rbf,1,0,0.42456657387724894,9
STEW,18,svm_rbf,1,1,0.909799884916383,9
STEW,18,svm_rbf,1,1,0.9757382297877972,9
STEW,18,svm_rbf,1,0,0.48574808847177503,9
STEW,18,svm_rbf,1,1,0.8944887524539586,9
STEW,18,svm_rbf,1,1,0.9756038195010706,9
STEW,18,svm_rbf,1,1,0.9657694979724112,9
STEW,18,svm_rbf,1,1,0.7416579564394787,9
STEW,18,svm_rbf,1,1,0.7093459916769629,9
STEW,18,svm_rbf,1,1,0.9723295935351187,9
STEW,18,svm_rbf,1,1,0.9572613147207436,9
STEW,18,svm_rbf,1,1,0.7863777076129779,9
STEW,18,svm_rbf,1,1,0.8060498781913656,9
STEW,18,svm_rbf,1,1,0.6007106141117389,9
STEW,18,svm_rbf,1,0,0.48595670126139245,9
STEW,18,svm_rbf,1,1,0.882669642637338,9
STEW,18,svm_rbf,1,1,0.9604151547736081,9
STEW,18,svm_rbf,1,1,0.6364012877653251,9
STEW,19,svm_rbf,1,1,0.5537751841549278,10
STEW,19,svm_rbf,1,1,0.8236431213911083,10
STEW,19,svm_rbf,1,1,0.9279926193397487,10
STEW,19,svm_rbf,1,1,0.6743780800404283,10
STEW,19,svm_rbf,1,1,0.8232433656742254,10
STEW,19,svm_rbf,1,1,0.6527933253125637,10
STEW,19,svm_rbf,1,1,0.8567110345644441,10
STEW,19,svm_rbf,1,1,0.8038396053963353,10
STEW,19,svm_rbf,1,1,0.7169243163204102,10
STEW,19,svm_rbf,1,1,0.8877569087837919,10
STEW,19,svm_rbf,1,1,0.833302544634054,10
STEW,19,svm_rbf,1,1,0.6053289765641995,10
STEW,19,svm_rbf,1,1,0.6478904956974982,10
STEW,19,svm_rbf,1,1,0.5070533774561052,10
STEW,19,svm_rbf,1,1,0.7038852696466792,10
STEW,19,svm_rbf,1,1,0.5898306096603981,10
STEW,19,svm_rbf,1,1,0.8657928277008525,10
STEW,19,svm_rbf,1,1,0.96040362665828,10
STEW,19,svm_rbf,1,1,0.9280234366297515,10
STEW,19,svm_rbf,1,1,0.9208072567640933,10
STEW,19,svm_rbf,1,0,0.03139932988199711,10
STEW,19,svm_rbf,0,1,0.6423863354720077,10
STEW,19,svm_rbf,0,0,0.33026078136165504,10
STEW,19,svm_rbf,0,0,0.058248934524183456,10
STEW,19,svm_rbf,0,0,0.10388765509641319,10
STEW,19,svm_rbf,0,0,0.4048012077531306,10
STEW,19,svm_rbf,0,1,0.8973715189608431,10
STEW,19,svm_rbf,0,0,0.144571090271515,10
STEW,19,svm_rbf,0,0,0.10315370161968909,10
STEW,19,svm_rbf,0,0,0.17446792112808399,10
STEW,19,svm_rbf,0,0,0.08172057913999202,10
STEW,19,svm_rbf,0,0,0.19289837046338212,10
STEW,19,svm_rbf,0,0,0.07155251766819151,10
STEW,19,svm_rbf,0,0,0.155591385401042,10
STEW,19,svm_rbf,0,0,0.18663581900694404,10
STEW,19,svm_rbf,0,0,0.090890420533011,10
STEW,19,svm_rbf,0,0,0.039689021208526146,10
STEW,19,svm_rbf,0,0,0.4484695144756153,10
STEW,19,svm_rbf,0,0,0.06114214903348743,10
STEW,19,svm_rbf,0,0,0.03515945109888361,10
STEW,19,svm_rbf,0,0,0.05493158575064688,10
STEW,19,svm_rbf,0,0,0.21169034834892084,10
STEW,19,svm_rbf,0,0,0.039841316891248896,10
STEW,19,svm_rbf,0,0,0.020480421089180533,10
STEW,19,svm_rbf,0,0,0.2765289817057464,10
STEW,19,svm_rbf,0,1,0.6993195328276551,10
STEW,19,svm_rbf,0,0,0.02062813375963919,10
STEW,19,svm_rbf,0,1,0.5844008860201485,10
STEW,2,svm_rbf,1,1,0.9089168376149637,11
STEW,2,svm_rbf,1,0,0.488820294406765,11
STEW,2,svm_rbf,1,1,0.6962516333784546,11
STEW,2,svm_rbf,1,1,0.7086270020210056,11
STEW,2,svm_rbf,1,1,0.8880393272628619,11
STEW,2,svm_rbf,1,1,0.608049940053053,11
STEW,2,svm_rbf,1,1,0.8985374735765597,11
STEW,2,svm_rbf,1,1,0.8528388650701016,11
STEW,2,svm_rbf,1,0,0.3447105327095066,11
STEW,2,svm_rbf,1,1,0.922115715012498,11
STEW,2,svm_rbf,1,0,0.35915547021707783,11
STEW,2,svm_rbf,1,1,0.9671394409132616,11
STEW,2,svm_rbf,1,1,0.9316270976584459,11
STEW,2,svm_rbf,1,1,0.9462780737219182,11
STEW,2,svm_rbf,1,1,0.9619855639652064,11
STEW,2,svm_rbf,0,0,0.1387965307776483,11
STEW,2,svm_rbf,0,0,0.2982880877783152,11
STEW,2,svm_rbf,0,0,0.16783572925275422,11
STEW,2,svm_rbf,0,0,0.23181747022877866,11
STEW,2,svm_rbf,0,1,0.5480186958494203,11
STEW,2,svm_rbf,0,0,0.41844743844250626,11
STEW,2,svm_rbf,0,0,0.1606707849713561,11
STEW,2,svm_rbf,0,0,0.17135177752242658,11
STEW,2,svm_rbf,0,0,0.04728750101025378,11
STEW,2,svm_rbf,0,0,0.10804858653847417,11
STEW,2,svm_rbf,0,0,0.2619964078275474,11
STEW,2,svm_rbf,0,0,0.15337557497480828,11
STEW,2,svm_rbf,0,0,0.12863181245220867,11
STEW,2,svm_rbf,0,0,0.2135019744777707,11
STEW,2,svm_rbf,0,0,0.11200867769284789,11
STEW,2,svm_rbf,0,0,0.09315061234523901,11
STEW,2,svm_rbf,0,0,0.09377989277907481,11
STEW,2,svm_rbf,0,0,0.033099864873340795,11
STEW,2,svm_rbf,0,0,0.28096850156540265,11
STEW,2,svm_rbf,0,0,0.2934379571203509,11
STEW,2,svm_rbf,0,0,0.3040213120143025,11
STEW,20,svm_rbf,0,0,0.08847678675159895,12
STEW,20,svm_rbf,0,0,0.04436024067513315,12
STEW,20,svm_rbf,0,1,0.9781635911949172,12
STEW,20,svm_rbf,0,0,0.3600212553753568,12
STEW,20,svm_rbf,0,0,0.07422919165381563,12
STEW,20,svm_rbf,0,0,0.48461463436145896,12
STEW,20,svm_rbf,0,0,0.07095710402426489,12
STEW,20,svm_rbf,0,0,0.11327872529318485,12
STEW,20,svm_rbf,0,0,0.18273504219498035,12
STEW,20,svm_rbf,0,1,0.6230366631190583,12
STEW,20,svm_rbf,0,1,0.5874764464304784,12
STEW,20,svm_rbf,0,1,0.5107386074365424,12
STEW,20,svm_rbf,0,0,0.28920715654965423,12
STEW,20,svm_rbf,0,0,0.1661159255855339,12
STEW,20,svm_rbf,0,0,0.21498371398500343,12
STEW,20,svm_rbf,0,0,0.07991197180692179,12
STEW,20,svm_rbf,0,0,0.28123291603644285,12
STEW,20,svm_rbf,0,1,0.5718077000838055,12
STEW,20,svm_rbf,0,0,0.04256934433418389,12
STEW,20,svm_rbf,0,1,0.6853252482112708,12
STEW,20,svm_rbf,0,0,0.3521522130754844,12
STEW,20,svm_rbf,1,1,0.9731931044830174,12
STEW,20,svm_rbf,1,1,0.9451587582658821,12
STEW,20,svm_rbf,1,1,0.956899686016175,12
STEW,20,svm_rbf,1,1,0.8226578456583912,12
STEW,20,svm_rbf,1,1,0.9572522342044724,12
STEW,20,svm_rbf,1,1,0.8822900710029755,12
STEW,20,svm_rbf,1,1,0.8543728290157694,12
STEW,20,svm_rbf,1,1,0.9783598567350633,12
STEW,20,svm_rbf,1,1,0.5751895429947137,12
STEW,20,svm_rbf,1,1,0.8696129229591227,12
STEW,20,svm_rbf,1,1,0.6573030842599514,12
STEW,20,svm_rbf,1,1,0.8369189633195697,12
STEW,20,svm_rbf,1,1,0.8997251743517125,12
STEW,20,svm_rbf,1,1,0.6869677505607642,12
STEW,20,svm_rbf,1,1,0.5238737391842027,12
STEW,20,svm_rbf,1,1,0.6532106497200033,12
STEW,20,svm_rbf,1,0,0.10431191220293254,12
STEW,20,svm_rbf,1,1,0.6712875461084301,12
STEW,20,svm_rbf,1,1,0.9142687817908143,12
STEW,20,svm_rbf,1,0,0.25459958013909406,12
STEW,20,svm_rbf,1,1,0.9254502329238914,12
STEW,21,svm_rbf,1,0,0.28748438243116076,13
STEW,21,svm_rbf,1,0,0.2263376469290002,13
STEW,21,svm_rbf,1,1,0.5654314405665357,13
STEW,21,svm_rbf,1,0,0.1302539035837663,13
STEW,21,svm_rbf,1,1,0.5939265909739037,13
STEW,21,svm_rbf,1,1,0.5,13
STEW,21,svm_rbf,1,0,0.12620560778955778,13
STEW,21,svm_rbf,1,0,0.3362947036696499,13
STEW,21,svm_rbf,1,0,0.4580242810463691,13
STEW,21,svm_rbf,1,1,0.9211193187179479,13
STEW,21,svm_rbf,1,1,0.861080812798637,13
STEW,21,svm_rbf,1,1,0.9697056669382182,13
STEW,21,svm_rbf,1,0,0.30647260888097067,13
STEW,21,svm_rbf,1,1,0.6142176892967499,13
STEW,21,svm_rbf,1,1,0.5973009843720543,13
STEW,21,svm_rbf,1,1,0.9803225188906425,13
STEW,21,svm_rbf,1,1,0.9623284353620948,13
STEW,21,svm_rbf,1,1,0.7793964615046669,13
STEW,21,svm_rbf,1,1,0.8256739518334083,13
STEW,21,svm_rbf,1,1,0.9369365697489693,13
STEW,21,svm_rbf,1,1,0.7821432580917064,13
STEW,21,svm_rbf,1,1,0.6671292304410069,13
STEW,21,svm_rbf,1,1,0.9411009742687536,13
STEW,21,svm_rbf,1,1,0.8676011992211705,13
STEW,21,svm_rbf,1,1,0.6599981234551372,13
STEW,21,svm_rbf,1,0,0.23769192709816975,13
STEW,21,svm_rbf,1,1,0.628092166128855,13
STEW,21,svm_rbf,1,0,0.15028900720720992,13
STEW,21,svm_rbf,1,0,0.4436569624028494,13
STEW,21,svm_rbf,0,1,0.5420599478905777,13
STEW,21,svm_rbf,0,0,0.21918738191768258,13
STEW,21,svm_rbf,0,1,0.5,13
STEW,21,svm_rbf,0,1,0.7109761309698319,13
STEW,21,svm_rbf,0,0,0.4082421649675405,13
STEW,21,svm_rbf,0,0,0.14056430159323458,13
STEW,21,svm_rbf,0,0,0.06342375437756352,13
STEW,21,svm_rbf,0,0,0.4843217966177838,13
STEW,21,svm_rbf,0,1,0.5299599985048913,13
STEW,21,svm_rbf,0,0,0.300499415642626,13
STEW,21,svm_rbf,0,0,0.4313608421177431,13
STEW,21,svm_rbf,0,0,0.09693772577780696,13
STEW,21,svm_rbf,0,1,0.5945490437823653,13
STEW,21,svm_rbf,0,0,0.44065943180303263,13
STEW,21,svm_rbf,0,0,0.050281470806165025,13
STEW,21,svm_rbf,0,0,0.04773742066170352,13
STEW,21,svm_rbf,0,0,0.19113216514696502,13
STEW,21,svm_rbf,0,0,0.17017872452388885,13
STEW,21,svm_rbf,0,0,0.2274502039085491,13
STEW,21,svm_rbf,0,0,0.24740494065103086,13
STEW,21,svm_rbf,0,0,0.08146979580056068,13
STEW,21,svm_rbf,0,1,0.5287006592039909,13
STEW,21,svm_rbf,0,0,0.22584333728289274,13
STEW,22,svm_rbf,0,0,0.30492741485251595,14
STEW,22,svm_rbf,0,1,0.6897875056503906,14
STEW,22,svm_rbf,0,0,0.36246853866003687,14
STEW,22,svm_rbf,0,0,0.3617404124330361,14
STEW,22,svm_rbf,0,1,0.5356105739989506,14
STEW,22,svm_rbf,0,0,0.221647871039048,14
STEW,22,svm_rbf,0,0,0.13330084526029415,14
STEW,22,svm_rbf,0,0,0.1945346836884227,14
STEW,22,svm_rbf,0,0,0.20711066024344132,14
STEW,22,svm_rbf,0,0,0.2181555025487752,14
STEW,22,svm_rbf,0,0,0.3095808845562229,14
STEW,22,svm_rbf,0,0,0.12452468359502399,14
STEW,22,svm_rbf,0,0,0.3916685956858862,14
STEW,22,svm_rbf,0,0,0.30148453853569523,14
STEW,22,svm_rbf,0,1,0.6022728408166703,14
STEW,22,svm_rbf,0,1,0.6392070156435278,14
STEW,22,svm_rbf,1,1,0.9668226017610784,14
STEW,22,svm_rbf,1,1,0.9527664159479117,14
STEW,22,svm_rbf,1,1,0.898444648152738,14
STEW,22,svm_rbf,1,0,0.23202607814115106,14
STEW,22,svm_rbf,1,1,0.7782073150965814,14
STEW,22,svm_rbf,1,0,0.06177599692378722,14
STEW,22,svm_rbf,1,1,0.702793522680922,14
STEW,22,svm_rbf,1,1,0.8883431020229456,14
STEW,22,svm_rbf,1,1,0.7964243497842782,14
STEW,22,svm_rbf,1,1,0.7225916955526798,14
STEW,22,svm_rbf,1,1,0.8900169617823285,14
STEW,22,svm_rbf,1,1,0.8099797504482257,14
STEW,22,svm_rbf,1,0,0.2752162937537456,14
STEW,22,svm_rbf,1,1,0.7770497083369243,14
STEW,22,svm_rbf,1,1,0.9951215164985371,14
STEW,22,svm_rbf,1,1,0.9824645673740624,14
STEW,22,svm_rbf,1,1,0.885531134484151,14
STEW,22,svm_rbf,1,1,0.5357382961915719,14
STEW,22,svm_rbf,1,1,0.7280023675322649,14
STEW,22,svm_rbf,1,1,0.9826440210023695,14
STEW,22,svm_rbf,1,1,0.8698977081114362,14
STEW,23,svm_rbf,1,1,0.9650401128707192,15
STEW,23,svm_rbf,1,1,0.9529451583810591,15
STEW,23,svm_rbf,1,1,0.8469817779805565,15
STEW,23,svm_rbf,1,1,0.8537333086281084,15
STEW,23,svm_rbf,1,1,0.8774084102360101,15
STEW,23,svm_rbf,1,1,0.8103173870778039,15
STEW,23,svm_rbf,1,1,0.9420576880605126,15
STEW,23,svm_rbf,1,1,0.6700660690652608,15
STEW,23,svm_rbf,1,0,0.49001908975240677,15
STEW,23,svm_rbf,1,1,0.8145926606489933,15
STEW,23,svm_rbf,0,0,0.022748563956888505,15
STEW,23,svm_rbf,0,0,0.03531934724134175,15
STEW,23,svm_rbf,0,0,0.28930807602036424,15
STEW,23,svm_rbf,0,0,0.033975442617674885,15
STEW,23,svm_rbf,0,0,0.13233026260692687,15
STEW,23,svm_rbf,0,0,0.12807900584150803,15
STEW,23,svm_rbf,0,0,0.19970281665354817,15
STEW,23,svm_rbf,0,0,0.35429941518592895,15
STEW,23,svm_rbf,0,0,0.16475295155404324,15
STEW,23,svm_rbf,0,0,0.03357291047570542,15
STEW,23,svm_rbf,0,0,0.35874569805274253,15
STEW,24,svm_rbf,0,0,0.3360429821787404,16
STEW,24,svm_rbf,1,1,0.5482071154750555,16
STEW,24,svm_rbf,1,1,0.8151864358652231,16
STEW,24,svm_rbf,1,1,0.7292233648924821,16
STEW,24,svm_rbf,1,0,0.20033053661436778,16
STEW,24,svm_rbf,1,0,0.2779879467267702,16
STEW,24,svm_rbf,1,0,0.3396353611014563,16
STEW,24,svm_rbf,1,1,0.734779237979939,16
STEW,24,svm_rbf,1,1,0.49283607509788824,16
STEW,24,svm_rbf,1,0,0.46672953844492276,16
STEW,24,svm_rbf,1,0,0.30085472599447943,16
STEW,24,svm_rbf,1,1,0.5201322818885425,16
STEW,24,svm_rbf,1,0,0.15263081494061329,16
STEW,24,svm_rbf,1,0,0.32009364161676923,16
STEW,24,svm_rbf,1,0,0.17221867056894757,16
STEW,24,svm_rbf,1,1,0.7794315258393337,16
STEW,24,svm_rbf,1,1,0.6490245299862244,16
STEW,24,svm_rbf,1,0,0.2165815025130179,16
STEW,24,svm_rbf,1,1,0.692983425699377,16
STEW,24,svm_rbf,0,0,0.04778569931628083,16
STEW,24,svm_rbf,0,0,0.11643718154467164,16
STEW,24,svm_rbf,0,0,0.0604535384544855,16
STEW,24,svm_rbf,0,0,0.23330444901817707,16
STEW,24,svm_rbf,0,0,0.2531157049895376,16
STEW,24,svm_rbf,0,1,0.5691430792597584,16
STEW,24,svm_rbf,0,0,0.035083257688364435,16
STEW,24,svm_rbf,0,0,0.035001718081856044,16
STEW,24,svm_rbf,0,0,0.018879561805106353,16
STEW,24,svm_rbf,0,0,0.1648256691221877,16
STEW,24,svm_rbf,0,0,0.25161593983460717,16
STEW,24,svm_rbf,0,0,0.21837828307657306,16
STEW,24,svm_rbf,0,0,0.1289436035371718,16
STEW,24,svm_rbf,0,0,0.3988974882355333,16
STEW,24,svm_rbf,0,0,0.26131736338541645,16
STEW,24,svm_rbf,0,0,0.23019186283211848,16
STEW,24,svm_rbf,0,0,0.27830926573823284,16
STEW,24,svm_rbf,0,0,0.1645741217479629,16
STEW,24,svm_rbf,0,0,0.12221105453567502,16
STEW,25,svm_rbf,1,0,0.11302144668912698,17
STEW,25,svm_rbf,1,1,0.5151151266576747,17
STEW,25,svm_rbf,1,1,0.6518593018390952,17
STEW,25,svm_rbf,1,1,0.6518589595938413,17
STEW,25,svm_rbf,1,1,0.9019286873037514,17
STEW,25,svm_rbf,1,1,0.9478997916147417,17
STEW,25,svm_rbf,1,1,0.8984992254046662,17
STEW,25,svm_rbf,1,1,0.6474423302264706,17
STEW,25,svm_rbf,1,1,0.5,17
STEW,25,svm_rbf,1,1,0.7826632210028505,17
STEW,25,svm_rbf,1,0,0.45715421011384294,17
STEW,25,svm_rbf,1,1,0.7788058496269032,17
STEW,25,svm_rbf,1,1,0.6387758398639777,17
STEW,25,svm_rbf,1,1,0.6427438118905058,17
STEW,25,svm_rbf,1,0,0.1290880198148337,17
STEW,25,svm_rbf,1,0,0.2859806466265042,17
STEW,25,svm_rbf,1,1,0.5,17
STEW,25,svm_rbf,1,0,0.08466556396310418,17
STEW,25,svm_rbf,1,1,0.5922706024996451,17
STEW,25,svm_rbf,1,1,0.8993689373440272,17
STEW,25,svm_rbf,1,1,0.6804712250442021,17
STEW,25,svm_rbf,1,0,0.4377240851121406,17
STEW,25,svm_rbf,1,1,0.6531021165010219,17
STEW,25,svm_rbf,1,1,0.6818744705096317,17
STEW,25,svm_rbf,0,0,0.06165992894625899,17
STEW,25,svm_rbf,0,0,0.07534590101786624,17
STEW,25,svm_rbf,0,0,0.17368932070476625,17
STEW,25,svm_rbf,0,0,0.4579993307373913,17
STEW,25,svm_rbf,0,0,0.3754699059584411,17
STEW,25,svm_rbf,0,0,0.06148470189445158,17
STEW,25,svm_rbf,0,0,0.10500489614373786,17
STEW,25,svm_rbf,0,1,0.5069748439220496,17
STEW,25,svm_rbf,0,0,0.24803116730074093,17
STEW,25,svm_rbf,0,0,0.33187960837818015,17
STEW,25,svm_rbf,0,0,0.3223962070678604,17
STEW,25,svm_rbf,0,0,0.1334204986732721,17
STEW,25,svm_rbf,0,0,0.25699837457163566,17
STEW,25,svm_rbf,0,0,0.22802570102517947,17
STEW,25,svm_rbf,0,0,0.46659442782130195,17
STEW,25,svm_rbf,0,0,0.2083466778908691,17
STEW,26,svm_rbf,0,0,0.2378024703537158,18
STEW,26,svm_rbf,0,0,0.4246872412725784,18
STEW,26,svm_rbf,0,1,0.5251934309406616,18
STEW,26,svm_rbf,0,0,0.40954158167246096,18
STEW,26,svm_rbf,0,0,0.06350745998232116,18
STEW,26,svm_rbf,0,0,0.11451174071435051,18
STEW,26,svm_rbf,0,1,0.6963561418480737,18
STEW,26,svm_rbf,0,1,0.6423634522990823,18
STEW,26,svm_rbf,0,0,0.18578225442470647,18
STEW,26,svm_rbf,0,0,0.031510312136547924,18
STEW,26,svm_rbf,0,0,0.3630114261065667,18
STEW,26,svm_rbf,0,0,0.35961924432440945,18
STEW,26,svm_rbf,0,0,0.3495886324380056,18
STEW,26,svm_rbf,0,0,0.13363720848840846,18
STEW,26,svm_rbf,0,0,0.3323175325053785,18
STEW,26,svm_rbf,0,0,0.2546170167652331,18
STEW,26,svm_rbf,0,1,0.6951899639705764,18
STEW,26,svm_rbf,0,1,0.8039022539349276,18
STEW,26,svm_rbf,0,0,0.46027523463147607,18
STEW,26,svm_rbf,0,0,0.45890087881787517,18
STEW,26,svm_rbf,0,0,0.4534117369134641,18
STEW,26,svm_rbf,0,0,0.46514510748767596,18
STEW,26,svm_rbf,0,0,0.1775916713913157,18
STEW,26,svm_rbf,0,0,0.14029505012072643,18
STEW,26,svm_rbf,0,0,0.11456296731282355,18
STEW,26,svm_rbf,0,0,0.08842872389833559,18
STEW,26,svm_rbf,0,0,0.07565272788582304,18
STEW,26,svm_rbf,1,1,0.966252135935751,18
STEW,26,svm_rbf,1,1,0.9395819136877099,18
STEW,26,svm_rbf,1,1,0.6822779158913388,18
STEW,26,svm_rbf,1,1,0.7450008232045239,18
STEW,26,svm_rbf,1,1,0.8782395520004614,18
STEW,26,svm_rbf,1,1,0.7144189887110339,18
STEW,26,svm_rbf,1,1,0.9773473124739644,18
STEW,26,svm_rbf,1,1,0.7266137135122895,18
STEW,26,svm_rbf,1,1,0.9654831535553046,18
STEW,26,svm_rbf,1,1,0.753423186856076,18
STEW,26,svm_rbf,1,1,0.9026373657008286,18
STEW,26,svm_rbf,1,0,0.23858051820871554,18
STEW,26,svm_rbf,1,1,0.9611685704226822,18
STEW,26,svm_rbf,1,1,0.9408606857572169,18
STEW,26,svm_rbf,1,1,0.8423113865229683,18
STEW,26,svm_rbf,1,1,0.895703162761888,18
STEW,26,svm_rbf,1,1,0.967875686999569,18
STEW,26,svm_rbf,1,1,0.9069695692230403,18
STEW,26,svm_rbf,1,1,0.9612371407107735,18
STEW,27,svm_rbf,0,1,0.7473570966655748,19
STEW,27,svm_rbf,0,0,0.3326880796193628,19
STEW,27,svm_rbf,0,0,0.13388217597825897,19
STEW,27,svm_rbf,0,0,0.12644096113739337,19
STEW,27,svm_rbf,0,1,0.7324961641763027,19
STEW,27,svm_rbf,0,1,0.573485293989857,19
STEW,27,svm_rbf,0,0,0.10584103341800487,19
STEW,27,svm_rbf,0,0,0.16478268501086998,19
STEW,27,svm_rbf,0,0,0.2595824078404192,19
STEW,27,svm_rbf,0,0,0.42009108287956237,19
STEW,27,svm_rbf,0,0,0.23856879961187416,19
STEW,27,svm_rbf,0,0,0.14189936949687454,19
STEW,27,svm_rbf,0,0,0.1942941419612713,19
STEW,27,svm_rbf,0,0,0.0661392190987493,19
STEW,27,svm_rbf,0,0,0.06311891524204492,19
STEW,27,svm_rbf,0,0,0.33446123282621393,19
STEW,27,svm_rbf,0,0,0.05064905792752558,19
STEW,27,svm_rbf,0,0,0.07224429798279465,19
STEW,27,svm_rbf,0,0,0.060079046681289654,19
STEW,27,svm_rbf,0,0,0.11883683136029234,19
STEW,27,svm_rbf,0,0,0.23776884310103316,19
STEW,27,svm_rbf,0,0,0.45133637437110313,19
STEW,27,svm_rbf,1,1,0.8184116982916895,19
STEW,27,svm_rbf,1,1,0.6204119292640936,19
STEW,27,svm_rbf,1,0,0.4169124316137261,19
STEW,27,svm_rbf,1,1,0.5764960782579388,19
STEW,27,svm_rbf,1,0,0.5,19
STEW,27,svm_rbf,1,1,0.7010793465626753,19
STEW,27,svm_rbf,1,1,0.6296288692565739,19
STEW,27,svm_rbf,1,1,0.7598601277943366,19
STEW,27,svm_rbf,1,1,0.6607608958613336,19
STEW,27,svm_rbf,1,1,0.6996056204922247,19
STEW,27,svm_rbf,1,1,0.906121060213996,19
STEW,27,svm_rbf,1,1,0.8312548625626802,19
STEW,27,svm_rbf,1,1,0.9298742259991472,19
STEW,27,svm_rbf,1,1,0.9110102256029576,19
STEW,27,svm_rbf,1,1,0.6722133539869775,19
STEW,27,svm_rbf,1,1,0.6763660539370505,19
STEW,27,svm_rbf,1,1,0.6534123926720782,19
STEW,27,svm_rbf,1,1,0.7263062803226201,19
STEW,27,svm_rbf,1,1,0.7343514113337873,19
STEW,28,svm_rbf,1,1,0.9806660765981667,20
STEW,28,svm_rbf,1,1,0.6132996575035063,20
STEW,28,svm_rbf,1,1,0.8950237629298586,20
STEW,28,svm_rbf,1,1,0.5844982911667701,20
STEW,28,svm_rbf,1,1,0.8592456041762153,20
STEW,28,svm_rbf,1,1,0.7218827265079338,20
STEW,28,svm_rbf,1,1,0.7424846101893582,20
STEW,28,svm_rbf,1,1,0.5933460384636942,20
STEW,28,svm_rbf,1,0,0.4012820040891067,20
STEW,28,svm_rbf,1,1,0.8883120424144301,20
STEW,28,svm_rbf,1,1,0.7740679120734374,20
STEW,28,svm_rbf,1,1,0.6600311142583111,20
STEW,28,svm_rbf,1,1,0.8575205446631364,20
STEW,28,svm_rbf,1,1,0.9201404647874467,20
STEW,28,svm_rbf,1,1,0.966137172203757,20
STEW,28,svm_rbf,1,0,0.453365265861724,20
STEW,28,svm_rbf,1,1,0.8340942683443319,20
STEW,28,svm_rbf,1,1,0.7905446946963899,20
STEW,28,svm_rbf,1,0,0.35980655401012374,20
STEW,28,svm_rbf,1,1,0.5266504094353431,20
STEW,28,svm_rbf,1,0,0.14802425834075034,20
STEW,28,svm_rbf,1,0,0.3803760387131625,20
STEW,28,svm_rbf,1,1,0.8366642483871021,20
STEW,28,svm_rbf,0,1,0.898024408781614,20
STEW,28,svm_rbf,0,1,0.8932319681104013,20
STEW,28,svm_rbf,0,0,0.45312256007924656,20
STEW,28,svm_rbf,0,0,0.3636238803005865,20
STEW,28,svm_rbf,0,0,0.07027472557034703,20
STEW,28,svm_rbf,0,0,0.04357934778488195,20
STEW,28,svm_rbf,0,0,0.34333822574405665,20
STEW,28,svm_rbf,0,0,0.13889920046651866,20
STEW,28,svm_rbf,0,1,0.6628179792303492,20
STEW,28,svm_rbf,0,1,0.8293213028340061,20
STEW,28,svm_rbf,0,0,0.09524320053338335,20
STEW,28,svm_rbf,0,0,0.03806146356974031,20
STEW,28,svm_rbf,0,0,0.07553116823128533,20
STEW,28,svm_rbf,0,0,0.16546775148258838,20
STEW,28,svm_rbf,0,1,0.6146951855437267,20
STEW,28,svm_rbf,0,0,0.22152840764970666,20
STEW,28,svm_rbf,0,0,0.3628340794687785,20
STEW,28,svm_rbf,0,0,0.4624235410664133,20
STEW,28,svm_rbf,0,1,0.7519943592693954,20
STEW,28,svm_rbf,0,0,0.4332379724480838,20
STEW,28,svm_rbf,0,0,0.41758404886361206,20
STEW,28,svm_rbf,0,1,0.7167495135798991,20
STEW,29,svm_rbf,0,0,0.4509413580107686,21
STEW,29,svm_rbf,0,1,0.7395746282772939,21
STEW,29,svm_rbf,0,0,0.23666698176696427,21
STEW,29,svm_rbf,0,1,0.6886247900726689,21
STEW,29,svm_rbf,0,0,0.1115589064316008,21
STEW,29,svm_rbf,0,1,0.7324711161955866,21
STEW,29,svm_rbf,0,1,0.6320567133366414,21
STEW,29,svm_rbf,0,1,0.727264730589341,21
STEW,29,svm_rbf,0,0,0.35324540910512614,21
STEW,29,svm_rbf,0,1,0.6042927734520814,21
STEW,29,svm_rbf,0,1,0.8047119032830935,21
STEW,29,svm_rbf,0,1,0.8689095151815895,21
STEW,29,svm_rbf,1,1,0.9553762084768895,21
STEW,29,svm_rbf,1,1,0.9865214900832795,21
STEW,29,svm_rbf,1,1,0.7209486998230162,21
STEW,29,svm_rbf,1,1,0.9156441320442201,21
STEW,29,svm_rbf,1,1,0.9378405571559645,21
STEW,29,svm_rbf,1,1,0.5711097709823274,21
STEW,29,svm_rbf,1,1,0.8865971373086694,21
STEW,29,svm_rbf,1,1,0.6431100566716595,21
STEW,29,svm_rbf,1,1,0.754902467242267,21
STEW,29,svm_rbf,1,1,0.9498491214331614,21
STEW,29,svm_rbf,1,1,0.6178072411417405,21
STEW,29,svm_rbf,1,1,0.9479464672615796,21
STEW,29,svm_rbf,1,1,0.9833214908296336,21
STEW,29,svm_rbf,1,1,0.5331565383475014,21
STEW,29,svm_rbf,1,1,0.6301401259128264,21
STEW,29,svm_rbf,1,0,0.47083882514473663,21
STEW,29,svm_rbf,1,1,0.8758415915936255,21
STEW,29,svm_rbf,1,1,0.9875033698464768,21
STEW,29,svm_rbf,1,1,0.9027638577352624,21
STEW,29,svm_rbf,1,1,0.9908967465786116,21
STEW,3,svm_rbf,0,0,0.02529252228380777,22
STEW,3,svm_rbf,0,0,0.11356265324845068,22
STEW,3,svm_rbf,0,0,0.22195990775037552,22
STEW,3,svm_rbf,0,1,0.7106881304919158,22
STEW,3,svm_rbf,0,0,0.35182392186206546,22
STEW,3,svm_rbf,0,1,0.5523829340415353,22
STEW,3,svm_rbf,0,0,0.3936912018380498,22
STEW,3,svm_rbf,0,0,0.12133983638758775,22
STEW,3,svm_rbf,0,0,0.14633122286963074,22
STEW,3,svm_rbf,0,0,0.09446413327020095,22
STEW,3,svm_rbf,0,0,0.09177562700416027,22
STEW,3,svm_rbf,0,0,0.08580466354925764,22
STEW,3,svm_rbf,0,0,0.1287286783911804,22
STEW,3,svm_rbf,0,0,0.057424653820218864,22
STEW,3,svm_rbf,0,0,0.09177874521925179,22
STEW,3,svm_rbf,0,0,0.06096496670467145,22
STEW,3,svm_rbf,0,0,0.028536808480263735,22
STEW,3,svm_rbf,1,0,0.3360226727596986,22
STEW,3,svm_rbf,1,1,0.8754366767578576,22
STEW,3,svm_rbf,1,1,0.8760317815284087,22
STEW,3,svm_rbf,1,1,0.7008353981301786,22
STEW,3,svm_rbf,1,1,0.9350761484756198,22
STEW,3,svm_rbf,1,1,0.9736709837924042,22
STEW,3,svm_rbf,1,0,0.2575542600577286,22
STEW,3,svm_rbf,1,1,0.6103296643631676,22
STEW,3,svm_rbf,1,0,0.3824167902865899,22
STEW,3,svm_rbf,1,1,0.6544088632127942,22
STEW,3,svm_rbf,1,0,0.299971653454212,22
STEW,3,svm_rbf,1,1,0.6829768995408564,22
STEW,3,svm_rbf,1,0,0.3681738311512136,22
STEW,3,svm_rbf,1,0,0.3962666413627087,22
STEW,3,svm_rbf,1,0,0.17005647544678562,22
STEW,3,svm_rbf,1,1,0.6722334476544508,22
STEW,3,svm_rbf,1,1,0.7181642742363644,22
STEW,3,svm_rbf,1,0,0.31773617178796687,22
STEW,3,svm_rbf,1,1,0.9259781846595478,22
STEW,3,svm_rbf,1,0,0.09602784530870857,22
STEW,3,svm_rbf,1,1,0.87613523512602,22
STEW,3,svm_rbf,1,1,0.8656125505751041,22
STEW,3,svm_rbf,1,1,0.678620531510876,22
STEW,30,svm_rbf,1,1,0.9606169569352709,23
STEW,30,svm_rbf,1,1,0.8465366187634107,23
STEW,30,svm_rbf,1,1,0.9836046878795387,23
STEW,30,svm_rbf,1,1,0.9746626764993727,23
STEW,30,svm_rbf,1,1,0.9815106510307615,23
STEW,30,svm_rbf,1,0,0.22017083441236399,23
STEW,30,svm_rbf,1,1,0.9970896598022908,23
STEW,30,svm_rbf,1,1,0.9413570635792624,23
STEW,30,svm_rbf,1,1,0.9812791665351001,23
STEW,30,svm_rbf,1,1,0.9627284618085216,23
STEW,30,svm_rbf,1,1,0.9408822073367195,23
STEW,30,svm_rbf,0,1,0.6928102249350666,23
STEW,30,svm_rbf,0,1,0.6675013947765788,23
STEW,30,svm_rbf,0,1,0.5745270109994302,23
STEW,30,svm_rbf,0,1,0.7458737643011029,23
STEW,30,svm_rbf,0,1,0.9188356817657262,23
STEW,30,svm_rbf,0,1,0.7205743790275452,23
STEW,30,svm_rbf,0,1,0.695229049225802,23
STEW,30,svm_rbf,0,1,0.695730241377148,23
STEW,30,svm_rbf,0,1,0.6955476312754322,23
STEW,30,svm_rbf,0,1,0.9299615348775803,23
STEW,30,svm_rbf,0,1,0.8147687535005261,23
STEW,30,svm_rbf,0,1,0.6983390294037287,23
STEW,30,svm_rbf,0,1,0.7581302585852787,23
STEW,30,svm_rbf,0,1,0.7482146434893896,23
STEW,30,svm_rbf,0,0,0.20325490414227038,23
STEW,31,svm_rbf,1,1,0.5587137678664489,24
STEW,31,svm_rbf,1,1,0.674314335419921,24
STEW,31,svm_rbf,1,1,0.8312590963627254,24
STEW,31,svm_rbf,1,0,0.5,24
STEW,31,svm_rbf,1,0,0.22251305301505223,24
STEW,31,svm_rbf,1,0,0.15355329156126704,24
STEW,31,svm_rbf,1,0,0.15273131161305273,24
STEW,31,svm_rbf,1,0,0.20386245116893761,24
STEW,31,svm_rbf,1,0,0.3667521990471275,24
STEW,31,svm_rbf,1,1,0.767235308094663,24
STEW,31,svm_rbf,1,1,0.718431631221256,24
STEW,31,svm_rbf,1,1,0.5763800159426424,24
STEW,31,svm_rbf,1,1,0.7453958430431503,24
STEW,31,svm_rbf,1,1,0.6691906778602884,24
STEW,31,svm_rbf,1,1,0.6199712563298486,24
STEW,31,svm_rbf,1,1,0.8283326363585145,24
STEW,31,svm_rbf,1,1,0.6729682771022379,24
STEW,31,svm_rbf,1,1,0.5318557996409138,24
STEW,31,svm_rbf,1,1,0.7482388764251215,24
STEW,31,svm_rbf,0,0,0.032550739303654604,24
STEW,31,svm_rbf,0,0,0.11799066759758774,24
STEW,31,svm_rbf,0,0,0.07966572124939894,24
STEW,31,svm_rbf,0,0,0.05435551100186208,24
STEW,31,svm_rbf,0,0,0.11237936182214875,24
STEW,31,svm_rbf,0,0,0.15919843665418962,24
STEW,31,svm_rbf,0,0,0.1500712167390103,24
STEW,31,svm_rbf,0,0,0.12008102310043085,24
STEW,31,svm_rbf,0,0,0.05169074659769392,24
STEW,31,svm_rbf,0,0,0.03950795384153656,24
STEW,31,svm_rbf,0,0,0.3797617010661022,24
STEW,31,svm_rbf,0,0,0.21949814866399883,24
STEW,31,svm_rbf,0,0,0.061009202253943136,24
STEW,31,svm_rbf,0,0,0.20749549910649948,24
STEW,31,svm_rbf,0,0,0.1326561295331532,24
STEW,31,svm_rbf,0,0,0.23234858008868703,24
STEW,31,svm_rbf,0,0,0.2501193834905439,24
STEW,31,svm_rbf,0,1,0.5789668923695409,24
STEW,31,svm_rbf,0,0,0.03574483063136882,24
STEW,31,svm_rbf,0,0,0.05329592763456087,24
STEW,31,svm_rbf,0,0,0.22572525163591392,24
STEW,31,svm_rbf,0,0,0.05513586560982664,24
STEW,31,svm_rbf,0,0,0.06935378301703331,24
STEW,31,svm_rbf,0,0,0.06382745416778512,24
STEW,31,svm_rbf,0,0,0.07030542849391076,24
STEW,31,svm_rbf,0,0,0.24059606666903313,24
STEW,31,svm_rbf,0,0,0.3222076976039644,24
STEW,31,svm_rbf,0,0,0.1571448537573316,24
STEW,31,svm_rbf,0,0,0.04488190547646644,24
STEW,31,svm_rbf,0,0,0.052319027411614295,24
STEW,31,svm_rbf,0,0,0.06040846696064773,24
STEW,32,svm_rbf,0,1,0.9337046226464305,25
STEW,32,svm_rbf,0,1,0.7097215505297809,25
STEW,32,svm_rbf,0,1,0.9292837724578554,25
STEW,32,svm_rbf,0,1,0.9186218057518245,25
STEW,32,svm_rbf,0,0,0.15079473327722562,25
STEW,32,svm_rbf,0,0,0.1990624579015951,25
STEW,32,svm_rbf,0,1,0.9684652072614329,25
STEW,32,svm_rbf,0,1,0.5586035646121463,25
STEW,32,svm_rbf,0,1,0.7798997911171086,25
STEW,32,svm_rbf,0,1,0.9928412976772457,25
STEW,32,svm_rbf,0,1,0.9236415998180918,25
STEW,32,svm_rbf,0,1,0.9650968030982183,25
STEW,32,svm_rbf,0,1,0.737126279792597,25
STEW,32,svm_rbf,0,1,0.9315454713524616,25
STEW,32,svm_rbf,0,0,0.29167311521799033,25
STEW,32,svm_rbf,1,1,0.9421538396104757,25
STEW,32,svm_rbf,1,1,0.5126787613095954,25
STEW,32,svm_rbf,1,1,0.9339206456788973,25
STEW,32,svm_rbf,1,1,0.7416482470986558,25
STEW,32,svm_rbf,1,1,0.8068041687467965,25
STEW,32,svm_rbf,1,1,0.7105163730620094,25
STEW,32,svm_rbf,1,1,0.677141370558699,25
STEW,32,svm_rbf,1,1,0.7885619085200843,25
STEW,32,svm_rbf,1,1,0.5944892028752035,25
STEW,32,svm_rbf,1,1,0.9091651381237992,25
STEW,32,svm_rbf,1,1,0.9309131759700757,25
STEW,32,svm_rbf,1,1,0.8672386006525383,25
STEW,32,svm_rbf,1,1,0.854174645937394,25
STEW,32,svm_rbf,1,1,0.9278938153626426,25
STEW,32,svm_rbf,1,1,0.7431074411466602,25
STEW,32,svm_rbf,1,1,0.6310432688955256,25
STEW,32,svm_rbf,1,1,0.8939589619749524,25
STEW,32,svm_rbf,1,1,0.9999850387997211,25
STEW,33,svm_rbf,0,0,0.23447332145785846,26
STEW,33,svm_rbf,0,1,0.5771362205404879,26
STEW,33,svm_rbf,0,0,0.394469556410702,26
STEW,33,svm_rbf,0,0,0.3989940413558644,26
STEW,33,svm_rbf,0,1,0.6693799492999812,26
STEW,33,svm_rbf,0,1,0.647709142391803,26
STEW,33,svm_rbf,0,0,0.06038122398115181,26
STEW,33,svm_rbf,0,0,0.09083266973589016,26
STEW,33,svm_rbf,0,0,0.23874452983306058,26
STEW,33,svm_rbf,0,0,0.05999612246924445,26
STEW,33,svm_rbf,0,0,0.20280475472285536,26
STEW,33,svm_rbf,0,0,0.14449381592008467,26
STEW,33,svm_rbf,0,0,0.2129013357312877,26
STEW,33,svm_rbf,0,1,0.827827702520848,26
STEW,33,svm_rbf,0,1,0.8844971160389452,26
STEW,33,svm_rbf,0,1,0.5639242403520872,26
STEW,33,svm_rbf,0,0,0.37742754295239894,26
STEW,33,svm_rbf,0,0,0.20894179411664573,26
STEW,33,svm_rbf,0,0,0.4357981380319651,26
STEW,33,svm_rbf,0,1,0.8856558421083054,26
STEW,33,svm_rbf,0,1,0.9054282260671475,26
STEW,33,svm_rbf,0,1,0.9807961247976179,26
STEW,33,svm_rbf,1,1,0.7217466389479716,26
STEW,33,svm_rbf,1,1,0.9195470851843379,26
STEW,33,svm_rbf,1,1,0.692288922278789,26
STEW,33,svm_rbf,1,1,0.9952931860794104,26
STEW,33,svm_rbf,1,1,0.7683000208490545,26
STEW,33,svm_rbf,1,1,0.9434952206927899,26
STEW,33,svm_rbf,1,1,0.658467475002047,26
STEW,33,svm_rbf,1,1,0.6581425650807968,26
STEW,33,svm_rbf,1,1,0.9682439483934766,26
STEW,33,svm_rbf,1,1,0.8587557157704677,26
STEW,33,svm_rbf,1,1,0.9697741393790835,26
STEW,33,svm_rbf,1,1,0.9999912733751005,26
STEW,33,svm_rbf,1,1,0.9780323883084204,26
STEW,33,svm_rbf,1,1,0.7522042628746285,26
STEW,33,svm_rbf,1,1,0.6089107954181522,26
STEW,33,svm_rbf,1,0,0.3779257987036489,26
STEW,33,svm_rbf,1,1,0.7169634396372304,26
STEW,33,svm_rbf,1,1,0.9136836348731208,26
STEW,33,svm_rbf,1,1,0.9631007109296993,26
STEW,33,svm_rbf,1,1,0.8834858162137581,26
STEW,33,svm_rbf,1,1,0.9664905937482223,26
STEW,33,svm_rbf,1,1,0.9343883631758266,26
STEW,33,svm_rbf,1,1,0.800759045422651,26
STEW,33,svm_rbf,1,0,0.5,26
STEW,33,svm_rbf,1,1,0.8655063738253151,26
STEW,33,svm_rbf,1,1,0.8702121886634882,26
STEW,33,svm_rbf,1,1,0.7748234161169248,26
STEW,33,svm_rbf,1,1,0.775468306792883,26
STEW,34,svm_rbf,0,0,0.08665566168927165,27
STEW,34,svm_rbf,0,0,0.11085714316956814,27
STEW,34,svm_rbf,0,0,0.10720611771852814,27
STEW,34,svm_rbf,0,0,0.22600572788330092,27
STEW,34,svm_rbf,0,0,0.16214637921776862,27
STEW,34,svm_rbf,0,0,0.3155283597023034,27
STEW,34,svm_rbf,0,0,0.19507428199188434,27
STEW,34,svm_rbf,0,0,0.057552209151099286,27
STEW,34,svm_rbf,0,0,0.021323056118751224,27
STEW,34,svm_rbf,0,0,0.047693790741717826,27
STEW,34,svm_rbf,0,0,0.11752348147063925,27
STEW,34,svm_rbf,0,0,0.017577607248669448,27
STEW,34,svm_rbf,0,0,0.010599293351983148,27
STEW,34,svm_rbf,0,0,0.06254326811622889,27
STEW,34,svm_rbf,0,0,0.006448240162652413,27
STEW,34,svm_rbf,0,0,0.047213440864442104,27
STEW,34,svm_rbf,1,1,0.5701705380193073,27
STEW,34,svm_rbf,1,1,0.5,27
STEW,34,svm_rbf,1,1,0.69962432362941,27
STEW,34,svm_rbf,1,0,0.42364329663646266,27
STEW,34,svm_rbf,1,1,0.8549631130617222,27
STEW,34,svm_rbf,1,1,0.6134173225592987,27
STEW,34,svm_rbf,1,0,0.45262353164758135,27
STEW,34,svm_rbf,1,0,0.241238574981714,27
STEW,34,svm_rbf,1,0,0.204668796431571,27
STEW,34,svm_rbf,1,0,0.24862384502596974,27
STEW,34,svm_rbf,1,0,0.27643519322570004,27
STEW,34,svm_rbf,1,0,0.2957371497359648,27
STEW,34,svm_rbf,1,0,0.4888027395685578,27
STEW,34,svm_rbf,1,0,0.4001146683978152,27
STEW,34,svm_rbf,1,1,0.6297765461386555,27
STEW,34,svm_rbf,1,0,0.45391915880942013,27
STEW,34,svm_rbf,1,0,0.48976055789871437,27
STEW,34,svm_rbf,1,1,0.7269179673371916,27
STEW,34,svm_rbf,1,0,0.409856650242674,27
STEW,34,svm_rbf,1,0,0.28383126238545187,27
STEW,34,svm_rbf,1,1,0.8941782672250441,27
STEW,35,svm_rbf,0,1,0.6430231698850234,28
STEW,35,svm_rbf,0,0,0.10408951803539077,28
STEW,35,svm_rbf,0,0,0.11789876037048229,28
STEW,35,svm_rbf,0,0,0.03962482174836592,28
STEW,35,svm_rbf,0,1,0.7357045488534306,28
STEW,35,svm_rbf,0,0,0.05976969323667847,28
STEW,35,svm_rbf,0,0,0.22761477714097084,28
STEW,35,svm_rbf,0,0,0.3195393522282711,28
STEW,35,svm_rbf,0,0,0.29192273289115167,28
STEW,35,svm_rbf,0,0,0.38978002595633965,28
STEW,35,svm_rbf,0,0,0.2849145002737537,28
STEW,35,svm_rbf,0,1,0.76170221275627,28
STEW,35,svm_rbf,0,0,0.05259067142979759,28
STEW,35,svm_rbf,0,0,0.0490223084832983,28
STEW,35,svm_rbf,0,0,0.08645653113868923,28
STEW,35,svm_rbf,0,0,0.3773428143493709,28
STEW,35,svm_rbf,0,0,0.19787416881730602,28
STEW,35,svm_rbf,1,0,0.4630016912289123,28
STEW,35,svm_rbf,1,0,0.21457196315611782,28
STEW,35,svm_rbf,1,1,0.64271189713043,28
STEW,35,svm_rbf,1,1,0.6446529177356711,28
STEW,35,svm_rbf,1,1,0.8946240326218661,28
STEW,35,svm_rbf,1,1,0.6146914535156864,28
STEW,35,svm_rbf,1,1,0.7444123547015512,28
STEW,35,svm_rbf,1,0,0.266018904705266,28
STEW,35,svm_rbf,1,0,0.3288646231710449,28
STEW,35,svm_rbf,1,1,0.5721359551879864,28
STEW,35,svm_rbf,1,0,0.4075893091923385,28
STEW,35,svm_rbf,1,1,0.6475322612100981,28
STEW,35,svm_rbf,1,1,0.8350228630503408,28
STEW,35,svm_rbf,1,0,0.14103645173569354,28
STEW,35,svm_rbf,1,0,0.1512578061255283,28
STEW,35,svm_rbf,1,1,0.82712441518151,28
STEW,35,svm_rbf,1,1,0.7536047371259791,28
STEW,35,svm_rbf,1,0,0.17671663380143568,28
STEW,35,svm_rbf,1,1,0.869665733932864,28
STEW,35,svm_rbf,1,0,0.21227538648897873,28
STEW,35,svm_rbf,1,1,0.7654161859497006,28
STEW,35,svm_rbf,1,1,0.593047395782132,28
STEW,36,svm_rbf,1,1,0.8103332757431274,29
STEW,36,svm_rbf,1,1,0.9482914670160125,29
STEW,36,svm_rbf,1,1,0.8237867010337704,29
STEW,36,svm_rbf,1,1,0.7658480002785912,29
STEW,36,svm_rbf,1,1,0.9654418380232991,29
STEW,36,svm_rbf,1,1,0.9263148171629472,29
STEW,36,svm_rbf,1,1,0.8845092124989201,29
STEW,36,svm_rbf,1,1,0.9431328369762148,29
STEW,36,svm_rbf,1,1,0.9424392927234496,29
STEW,36,svm_rbf,1,1,0.9393428745426271,29
STEW,36,svm_rbf,1,1,0.9218976680618448,29
STEW,36,svm_rbf,1,1,0.9326789978154444,29
STEW,36,svm_rbf,1,1,0.8474927689328493,29
STEW,36,svm_rbf,1,1,0.8527750830146476,29
STEW,36,svm_rbf,1,1,0.8390215732908718,29
STEW,36,svm_rbf,1,1,0.914173811218018,29
STEW,36,svm_rbf,1,1,0.8444467638526832,29
STEW,36,svm_rbf,1,1,0.8303089621217022,29
STEW,36,svm_rbf,0,0,0.09719364384686889,29
STEW,36,svm_rbf,0,0,0.08644960070528084,29
STEW,36,svm_rbf,0,1,0.600269279984604,29
STEW,36,svm_rbf,0,1,0.6455713867567701,29
STEW,36,svm_rbf,0,1,0.6373217860844724,29
STEW,36,svm_rbf,0,0,0.40421960634642895,29
STEW,36,svm_rbf,0,0,0.2122140191203333,29
STEW,36,svm_rbf,0,0,0.4664517969034818,29
STEW,36,svm_rbf,0,0,0.3680669451310736,29
STEW,36,svm_rbf,0,1,0.6569870825885774,29
STEW,36,svm_rbf,0,0,0.38415498463085745,29
STEW,36,svm_rbf,0,0,0.15234483058798462,29
STEW,36,svm_rbf,0,1,0.6967460341045821,29
STEW,36,svm_rbf,0,0,0.44996315644382023,29
STEW,36,svm_rbf,0,1,0.764325170768026,29
STEW,36,svm_rbf,0,0,0.3027099532743751,29
STEW,36,svm_rbf,0,1,0.5962091796393914,29
STEW,36,svm_rbf,0,1,0.8614468074037337,29
STEW,36,svm_rbf,0,1,0.8471192590740749,29
STEW,36,svm_rbf,0,1,0.83669873382327,29
STEW,36,svm_rbf,0,1,0.6151079066401316,29
STEW,36,svm_rbf,0,1,0.6777600682062663,29
STEW,36,svm_rbf,0,1,0.5366226410938956,29
STEW,36,svm_rbf,0,1,0.9627203627872368,29
STEW,36,svm_rbf,0,1,0.6873770985842259,29
STEW,36,svm_rbf,0,0,0.23927186106509357,29
STEW,36,svm_rbf,0,1,0.6023976420460607,29
STEW,36,svm_rbf,0,0,0.15963487384046665,29
STEW,37,svm_rbf,0,1,0.6781669504299465,30
STEW,37,svm_rbf,0,1,0.6442170806697692,30
STEW,37,svm_rbf,0,0,0.16693484988641655,30
STEW,37,svm_rbf,0,0,0.21968073541909738,30
STEW,37,svm_rbf,0,0,0.4109996219723601,30
STEW,37,svm_rbf,0,0,0.1968110583841896,30
STEW,37,svm_rbf,0,1,0.5670423292459226,30
STEW,37,svm_rbf,0,1,0.5439483214401538,30
STEW,37,svm_rbf,0,1,0.8693216115340016,30
STEW,37,svm_rbf,0,1,0.6037284946680962,30
STEW,37,svm_rbf,0,1,0.8222742172135014,30
STEW,37,svm_rbf,0,1,0.8572190326853243,30
STEW,37,svm_rbf,0,1,0.8699685531971012,30
STEW,37,svm_rbf,0,0,0.37865890929902574,30
STEW,37,svm_rbf,0,1,0.7149582942069176,30
STEW,37,svm_rbf,0,0,0.43334025788615993,30
STEW,37,svm_rbf,0,1,0.7921264487560777,30
STEW,37,svm_rbf,0,1,0.8393882239579523,30
STEW,37,svm_rbf,0,1,0.7980342444283348,30
STEW,37,svm_rbf,0,0,0.28190006957816927,30
STEW,37,svm_rbf,0,0,0.4714039008696425,30
STEW,37,svm_rbf,1,1,0.8656596810976817,30
STEW,37,svm_rbf,1,1,0.9448480904198797,30
STEW,37,svm_rbf,1,1,0.7306392644254218,30
STEW,37,svm_rbf,1,0,0.41784720402750225,30
STEW,37,svm_rbf,1,1,0.6584872094631158,30
STEW,37,svm_rbf,1,0,0.31409903051652,30
STEW,37,svm_rbf,1,1,0.8396399450153259,30
STEW,37,svm_rbf,1,1,0.9586792218768276,30
STEW,37,svm_rbf,1,1,0.7652142002419662,30
STEW,37,svm_rbf,1,0,0.29219908696886965,30
STEW,37,svm_rbf,1,0,0.2284788929367581,30
STEW,37,svm_rbf,1,1,0.9483517150526649,30
STEW,37,svm_rbf,1,1,0.8922639572570106,30
STEW,37,svm_rbf,1,0,0.3475347619299756,30
STEW,37,svm_rbf,1,1,0.8900524657707926,30
STEW,37,svm_rbf,1,1,0.8198615083837913,30
STEW,37,svm_rbf,1,1,0.5798164910622735,30
STEW,37,svm_rbf,1,0,0.3416164032082238,30
STEW,37,svm_rbf,1,1,0.7777282561296389,30
STEW,37,svm_rbf,1,1,0.7602194270558709,30
STEW,37,svm_rbf,1,1,0.811311359852321,30
STEW,37,svm_rbf,1,0,0.22325965358003066,30
STEW,37,svm_rbf,1,1,0.5989007430659483,30
STEW,37,svm_rbf,1,1,0.9786614634708667,30
STEW,37,svm_rbf,1,1,0.8282597809985118,30
STEW,37,svm_rbf,1,1,0.6331474364563311,30
STEW,37,svm_rbf,1,1,0.9176545766159225,30
STEW,38,svm_rbf,1,1,0.7210118767512693,31
STEW,38,svm_rbf,1,1,0.7888202606327496,31
STEW,38,svm_rbf,1,1,0.7180619375660424,31
STEW,38,svm_rbf,1,1,0.7148959425436883,31
STEW,38,svm_rbf,1,1,0.6525234463540865,31
STEW,38,svm_rbf,1,1,0.7051418280253438,31
STEW,38,svm_rbf,1,0,0.46540111052526945,31
STEW,38,svm_rbf,1,0,0.31578549282766033,31
STEW,38,svm_rbf,1,0,0.5,31
STEW,38,svm_rbf,1,0,0.4873345978794227,31
STEW,38,svm_rbf,1,1,0.7075264556767433,31
STEW,38,svm_rbf,1,1,0.6468994553730618,31
STEW,38,svm_rbf,1,1,0.8922020088516943,31
STEW,38,svm_rbf,1,1,0.9171660784852831,31
STEW,38,svm_rbf,1,1,0.5207164864664311,31
STEW,38,svm_rbf,1,1,0.5840026203246322,31
STEW,38,svm_rbf,1,1,0.7622248125530648,31
STEW,38,svm_rbf,1,0,0.43623481159061445,31
STEW,38,svm_rbf,1,0,0.4689685614363151,31
STEW,38,svm_rbf,1,1,0.8776683979531591,31
STEW,38,svm_rbf,0,0,0.2743503135431249,31
STEW,38,svm_rbf,0,1,0.8282358363744512,31
STEW,38,svm_rbf,0,1,0.7838610936544684,31
STEW,38,svm_rbf,0,0,0.30751233991421223,31
STEW,38,svm_rbf,0,1,0.6644862418486429,31
STEW,38,svm_rbf,0,1,0.5229704579999619,31
STEW,38,svm_rbf,0,1,0.7071076545575757,31
STEW,38,svm_rbf,0,1,0.7573928635809004,31
STEW,38,svm_rbf,0,1,0.6176590623884521,31
STEW,38,svm_rbf,0,1,0.7646427658431356,31
STEW,38,svm_rbf,0,1,0.820492177015206,31
STEW,38,svm_rbf,0,1,0.9311718360348844,31
STEW,38,svm_rbf,0,0,0.41963387280374376,31
STEW,38,svm_rbf,0,1,0.7249177286555645,31
STEW,38,svm_rbf,0,1,0.8742653347084404,31
STEW,38,svm_rbf,0,1,0.5399817561983445,31
STEW,38,svm_rbf,0,1,0.6018977054978362,31
STEW,38,svm_rbf,0,1,0.9300994926867728,31
STEW,38,svm_rbf,0,0,0.19823754677636277,31
STEW,39,svm_rbf,1,1,0.9087930276093116,32
STEW,39,svm_rbf,1,1,0.6831461410208227,32
STEW,39,svm_rbf,1,0,0.16377407201727662,32
STEW,39,svm_rbf,1,0,0.12443789443206416,32
STEW,39,svm_rbf,1,1,0.5897231480838789,32
STEW,39,svm_rbf,1,0,0.14277355670271888,32
STEW,39,svm_rbf,1,1,0.6931192829869026,32
STEW,39,svm_rbf,1,1,0.9836907853772514,32
STEW,39,svm_rbf,1,1,0.709416636922764,32
STEW,39,svm_rbf,1,1,0.5432992350152201,32
STEW,39,svm_rbf,1,1,0.9437277498878213,32
STEW,39,svm_rbf,1,0,0.1498904044086327,32
STEW,39,svm_rbf,1,1,0.8424969851955731,32
STEW,39,svm_rbf,1,1,0.5633664318143676,32
STEW,39,svm_rbf,1,1,0.5278547395019891,32
STEW,39,svm_rbf,1,1,0.5511489304400583,32
STEW,39,svm_rbf,1,0,0.38499495583932225,32
STEW,39,svm_rbf,1,1,0.5082014530206705,32
STEW,39,svm_rbf,1,0,0.3219224920901045,32
STEW,39,svm_rbf,0,0,0.05158504792590371,32
STEW,39,svm_rbf,0,0,0.37886086515964096,32
STEW,39,svm_rbf,0,0,0.16640447528523591,32
STEW,39,svm_rbf,0,0,0.2673611211325267,32
STEW,39,svm_rbf,0,0,0.08693475747887816,32
STEW,39,svm_rbf,0,1,0.5278071557796862,32
STEW,39,svm_rbf,0,0,0.17088174188036806,32
STEW,39,svm_rbf,0,0,0.06575066136874386,32
STEW,39,svm_rbf,0,1,0.9490249955998851,32
STEW,39,svm_rbf,0,0,0.41248698177749116,32
STEW,39,svm_rbf,0,0,0.12224751785619734,32
STEW,39,svm_rbf,0,0,0.3504459640667351,32
STEW,39,svm_rbf,0,1,0.8343486926271735,32
STEW,39,svm_rbf,0,1,0.8364037980743307,32
STEW,39,svm_rbf,0,1,0.6576423232185299,32
STEW,39,svm_rbf,0,1,0.6527673495168396,32
STEW,39,svm_rbf,0,0,0.41453722146446415,32
STEW,39,svm_rbf,0,0,0.39201443165298305,32
STEW,39,svm_rbf,0,0,0.435456357602473,32
STEW,39,svm_rbf,0,0,0.36613662927170854,32
STEW,4,svm_rbf,1,1,0.982688715164021,33
STEW,4,svm_rbf,1,1,0.7787743899269536,33
STEW,4,svm_rbf,1,1,0.5,33
STEW,4,svm_rbf,1,1,0.7911945086918529,33
STEW,4,svm_rbf,1,0,0.23806181382201586,33
STEW,4,svm_rbf,1,1,0.7920374341817692,33
STEW,4,svm_rbf,1,0,0.3709830899993515,33
STEW,4,svm_rbf,1,1,0.5,33
STEW,4,svm_rbf,1,1,0.7203188161306106,33
STEW,4,svm_rbf,1,1,0.731808379176666,33
STEW,4,svm_rbf,1,0,0.15966216496798064,33
STEW,4,svm_rbf,1,1,0.961473258018371,33
STEW,4,svm_rbf,1,0,0.43103474378860984,33
STEW,4,svm_rbf,1,1,0.7940046088155024,33
STEW,4,svm_rbf,1,1,0.8352328126689679,33
STEW,4,svm_rbf,1,1,0.872756342185034,33
STEW,4,svm_rbf,1,1,0.5886750463816635,33
STEW,4,svm_rbf,1,0,0.3012448414387864,33
STEW,4,svm_rbf,1,1,0.6118008810595599,33
STEW,4,svm_rbf,1,0,0.18880495246193948,33
STEW,4,svm_rbf,1,0,0.22006740914932268,33
STEW,4,svm_rbf,1,0,0.4483748878024976,33
STEW,4,svm_rbf,1,1,0.7098551071245537,33
STEW,4,svm_rbf,0,0,0.41792865153332653,33
STEW,4,svm_rbf,0,0,0.14259797167821944,33
STEW,4,svm_rbf,0,0,0.05957626897915392,33
STEW,4,svm_rbf,0,1,0.6819971065212771,33
STEW,4,svm_rbf,0,1,0.6820238318106386,33
STEW,4,svm_rbf,0,0,0.11274177839991373,33
STEW,4,svm_rbf,0,0,0.03466040468214648,33
STEW,4,svm_rbf,0,0,0.38885488518692074,33
STEW,4,svm_rbf,0,0,0.06105778035680224,33
STEW,4,svm_rbf,0,0,0.01817793243230193,33
STEW,4,svm_rbf,0,1,0.7506530429433517,33
STEW,4,svm_rbf,0,0,0.30076994308534344,33
STEW,4,svm_rbf,0,0,0.20402922692059855,33
STEW,4,svm_rbf,0,0,0.09871179928218458,33
STEW,4,svm_rbf,0,0,0.006897173595973814,33
STEW,4,svm_rbf,0,0,0.02084329509949403,33
STEW,4,svm_rbf,0,0,0.013188768242000591,33
STEW,4,svm_rbf,0,0,0.008729025604371785,33
STEW,40,svm_rbf,1,0,0.29580197607412356,34
STEW,40,svm_rbf,1,0,0.1812010638361083,34
STEW,40,svm_rbf,1,1,0.8771804571481142,34
STEW,40,svm_rbf,1,0,0.13994130156751092,34
STEW,40,svm_rbf,1,0,0.1432282659932495,34
STEW,40,svm_rbf,1,0,0.1432458215042508,34
STEW,40,svm_rbf,1,0,0.15092704463527815,34
STEW,40,svm_rbf,1,0,0.27320087772182117,34
STEW,40,svm_rbf,1,1,0.6226646081874868,34
STEW,40,svm_rbf,1,0,0.46123470388691706,34
STEW,40,svm_rbf,1,1,0.6730817405266866,34
STEW,40,svm_rbf,1,1,0.877877911630865,34
STEW,40,svm_rbf,1,0,0.37119551537678735,34
STEW,40,svm_rbf,1,1,0.9368547533119382,34
STEW,40,svm_rbf,1,1,0.6400503807766554,34
STEW,40,svm_rbf,1,0,0.1568960156863935,34
STEW,40,svm_rbf,1,1,0.8867581185881818,34
STEW,40,svm_rbf,1,1,0.5585473523606119,34
STEW,40,svm_rbf,1,1,0.855503790797527,34
STEW,40,svm_rbf,1,1,0.5750810516619766,34
STEW,40,svm_rbf,1,1,0.5477341770088588,34
STEW,40,svm_rbf,1,1,0.7315346996322036,34
STEW,40,svm_rbf,1,1,0.9512539740218353,34
STEW,40,svm_rbf,0,0,0.3221048863040388,34
STEW,40,svm_rbf,0,0,0.03012094812677808,34
STEW,40,svm_rbf,0,0,0.10651141136132664,34
STEW,40,svm_rbf,0,0,0.2642139860308448,34
STEW,40,svm_rbf,0,0,0.18592742573320237,34
STEW,40,svm_rbf,0,0,0.4209643424301699,34
STEW,40,svm_rbf,0,0,0.33926306009863466,34
STEW,40,svm_rbf,0,0,0.08192328892067446,34
STEW,40,svm_rbf,0,0,0.1846840233915211,34
STEW,40,svm_rbf,0,0,0.4071902893908939,34
STEW,40,svm_rbf,0,0,0.21462790051302483,34
STEW,40,svm_rbf,0,0,0.14833088028817562,34
STEW,40,svm_rbf,0,0,0.34928928905666723,34
STEW,40,svm_rbf,0,0,0.16789970656071226,34
STEW,40,svm_rbf,0,0,0.1173722135593592,34
STEW,40,svm_rbf,0,0,0.05466347589400829,34
STEW,40,svm_rbf,0,0,0.07670723361541848,34
STEW,40,svm_rbf,0,0,0.1025328504865983,34
STEW,40,svm_rbf,0,0,0.1326928354871027,34
STEW,40,svm_rbf,0,0,0.13772041587860423,34
STEW,40,svm_rbf,0,0,0.11192319935170858,34
STEW,40,svm_rbf,0,0,0.2734599217115708,34
STEW,40,svm_rbf,0,0,0.14323534830986376,34
STEW,40,svm_rbf,0,0,0.12085388613738739,34
STEW,41,svm_rbf,1,0,0.22070176378873105,35
STEW,41,svm_rbf,1,0,0.2687514733913088,35
STEW,41,svm_rbf,1,0,0.2183369752940354,35
STEW,41,svm_rbf,1,0,0.3460327565848734,35
STEW,41,svm_rbf,1,1,0.8295115925155672,35
STEW,41,svm_rbf,1,1,0.6119589954886714,35
STEW,41,svm_rbf,1,1,0.6763715467286786,35
STEW,41,svm_rbf,1,0,0.1490279842141032,35
STEW,41,svm_rbf,1,1,0.957181020046264,35
STEW,41,svm_rbf,1,0,0.44408020974011836,35
STEW,41,svm_rbf,1,1,0.5751321665429154,35
STEW,41,svm_rbf,1,1,0.787690239671818,35
STEW,41,svm_rbf,1,1,0.8943248438997803,35
STEW,41,svm_rbf,1,0,0.40106385777549663,35
STEW,41,svm_rbf,1,1,0.697559751466229,35
STEW,41,svm_rbf,1,1,0.9143639500499151,35
STEW,41,svm_rbf,1,1,0.6847520029687136,35
STEW,41,svm_rbf,1,1,0.9035433476220394,35
STEW,41,svm_rbf,1,1,0.8322679100985175,35
STEW,41,svm_rbf,1,1,0.9193905816443053,35
STEW,41,svm_rbf,1,1,0.7098498311569577,35
STEW,41,svm_rbf,0,0,0.09828341045884037,35
STEW,41,svm_rbf,0,0,0.36734773119431796,35
STEW,41,svm_rbf,0,0,0.09354076594413456,35
STEW,41,svm_rbf,0,0,0.16441620972300378,35
STEW,41,svm_rbf,0,0,0.17863550138871379,35
STEW,41,svm_rbf,0,0,0.24390854207145016,35
STEW,41,svm_rbf,0,0,0.406552190735231,35
STEW,41,svm_rbf,0,0,0.38230979638080625,35
STEW,41,svm_rbf,0,0,0.1820955315415037,35
STEW,41,svm_rbf,0,0,0.2050848036301441,35
STEW,41,svm_rbf,0,0,0.07630953257134872,35
STEW,41,svm_rbf,0,0,0.08840206295209932,35
STEW,41,svm_rbf,0,0,0.13838408382895506,35
STEW,41,svm_rbf,0,0,0.1251753393679524,35
STEW,41,svm_rbf,0,0,0.09304554796733815,35
STEW,41,svm_rbf,0,0,0.06959146053973439,35
STEW,41,svm_rbf,0,0,0.03136299319719339,35
STEW,41,svm_rbf,0,1,0.5499689121058284,35
STEW,41,svm_rbf,0,0,0.23003267098843322,35
STEW,41,svm_rbf,0,0,0.16431625438759087,35
STEW,41,svm_rbf,0,0,0.41881998569057766,35
STEW,41,svm_rbf,0,0,0.20662828578083442,35
STEW,41,svm_rbf,0,0,0.22080801420072557,35
STEW,41,svm_rbf,0,0,0.11139771515401603,35
STEW,41,svm_rbf,0,0,0.2908643452424877,35
STEW,42,svm_rbf,1,0,0.3553502275533942,36
STEW,42,svm_rbf,1,1,0.8701497697230897,36
STEW,42,svm_rbf,1,0,0.21060614486624715,36
STEW,42,svm_rbf,1,1,0.5533359286232197,36
STEW,42,svm_rbf,1,1,0.560830851181399,36
STEW,42,svm_rbf,1,0,0.4629842217019417,36
STEW,42,svm_rbf,1,0,0.16102367120408803,36
STEW,42,svm_rbf,1,1,0.8884912273062006,36
STEW,42,svm_rbf,1,0,0.19519498402205024,36
STEW,42,svm_rbf,1,0,0.09909882177523674,36
STEW,42,svm_rbf,1,0,0.4772776612301756,36
STEW,42,svm_rbf,1,0,0.27180020507440966,36
STEW,42,svm_rbf,1,0,0.08299316025886928,36
STEW,42,svm_rbf,1,1,0.5404779964452525,36
STEW,42,svm_rbf,1,0,0.053401137306171784,36
STEW,42,svm_rbf,1,0,0.05623875778401746,36
STEW,42,svm_rbf,1,1,0.5,36
STEW,42,svm_rbf,1,0,0.4847367099143306,36
STEW,42,svm_rbf,1,1,0.6478493923472239,36
STEW,42,svm_rbf,1,0,0.10925083785454849,36
STEW,42,svm_rbf,1,1,0.8041559250803654,36
STEW,42,svm_rbf,1,1,0.8330738636987775,36
STEW,42,svm_rbf,1,1,0.5,36
STEW,42,svm_rbf,1,1,0.7818921616790313,36
STEW,42,svm_rbf,1,0,0.40112572561637777,36
STEW,42,svm_rbf,1,0,0.2947431959387994,36
STEW,42,svm_rbf,1,1,0.7476831119538437,36
STEW,42,svm_rbf,1,0,0.5,36
STEW,42,svm_rbf,1,0,0.28695394633359605,36
STEW,42,svm_rbf,1,0,0.42751272094449133,36
STEW,42,svm_rbf,0,0,0.24775541719053212,36
STEW,42,svm_rbf,0,0,0.02922169900295869,36
STEW,42,svm_rbf,0,0,0.060049303183966944,36
STEW,42,svm_rbf,0,0,0.091834818068673,36
STEW,42,svm_rbf,0,0,0.021513968626275425,36
STEW,42,svm_rbf,0,0,0.06313118943260936,36
STEW,42,svm_rbf,0,0,0.036132860641995335,36
STEW,42,svm_rbf,0,0,0.005553466084233398,36
STEW,42,svm_rbf,0,0,0.020427903107371238,36
STEW,42,svm_rbf,0,1,0.5241038096661427,36
STEW,42,svm_rbf,0,0,0.030905858195246938,36
STEW,42,svm_rbf,0,0,0.13863583820746656,36
STEW,42,svm_rbf,0,0,0.022007223492766542,36
STEW,42,svm_rbf,0,0,0.011256916049009446,36
STEW,42,svm_rbf,0,0,0.06860241813894394,36
STEW,42,svm_rbf,0,0,0.3156143961423495,36
STEW,42,svm_rbf,0,0,0.13480117265761662,36
STEW,42,svm_rbf,0,0,0.1603821948957412,36
STEW,42,svm_rbf,0,0,0.12469022006254066,36
STEW,42,svm_rbf,0,0,0.08862622391403496,36
STEW,42,svm_rbf,0,0,0.4305835734317861,36
STEW,42,svm_rbf,0,1,0.5806314097361344,36
STEW,42,svm_rbf,0,0,0.3735711003323132,36
STEW,42,svm_rbf,0,1,0.8969412783169355,36
STEW,43,svm_rbf,0,1,0.5221563051484475,37
STEW,43,svm_rbf,0,0,0.11832420812735513,37
STEW,43,svm_rbf,0,0,0.1472951001936473,37
STEW,43,svm_rbf,0,1,0.6515799533560275,37
STEW,43,svm_rbf,0,0,0.02060176526626917,37
STEW,43,svm_rbf,0,0,0.005538939920580477,37
STEW,43,svm_rbf,0,0,0.041044638225113936,37
STEW,43,svm_rbf,0,0,0.015048848934376068,37
STEW,43,svm_rbf,0,0,0.02641501220570342,37
STEW,43,svm_rbf,0,0,0.004057893563967881,37
STEW,43,svm_rbf,0,0,0.022712568823030584,37
STEW,43,svm_rbf,0,0,0.10337237300858551,37
STEW,43,svm_rbf,0,1,0.8389285325821242,37
STEW,43,svm_rbf,0,0,0.25505393280060795,37
STEW,43,svm_rbf,0,0,0.02444920790252749,37
STEW,43,svm_rbf,1,0,0.15344407085358347,37
STEW,43,svm_rbf,1,1,0.7450169389611503,37
STEW,43,svm_rbf,1,0,0.3174954367041711,37
STEW,43,svm_rbf,1,0,0.4596453020464666,37
STEW,43,svm_rbf,1,0,0.336633582430197,37
STEW,43,svm_rbf,1,0,0.03200895345666142,37
STEW,43,svm_rbf,1,0,0.21072288415381882,37
STEW,43,svm_rbf,1,1,0.5097105065721937,37
STEW,43,svm_rbf,1,0,0.25216451931681183,37
STEW,43,svm_rbf,1,1,0.5782265620857713,37
STEW,43,svm_rbf,1,0,0.3680056385828782,37
STEW,43,svm_rbf,1,0,0.43685678945156453,37
STEW,43,svm_rbf,1,0,0.06779373347232545,37
STEW,43,svm_rbf,1,0,0.04164901694394773,37
STEW,43,svm_rbf,1,1,0.7673264836995789,37
STEW,43,svm_rbf,1,0,0.060533365868791586,37
STEW,43,svm_rbf,1,0,0.22509936908591552,37
STEW,43,svm_rbf,1,0,0.13530910502925453,37
STEW,44,svm_rbf,1,1,0.6647817463860741,38
STEW,44,svm_rbf,1,1,0.7286555449337405,38
STEW,44,svm_rbf,1,1,0.5312963813480364,38
STEW,44,svm_rbf,1,0,0.2544693053777971,38
STEW,44,svm_rbf,1,0,0.10993286024093557,38
STEW,44,svm_rbf,1,1,0.6616546504037419,38
STEW,44,svm_rbf,1,1,0.801990649372233,38
STEW,44,svm_rbf,1,0,0.4106463123600823,38
STEW,44,svm_rbf,1,1,0.9531700914303873,38
STEW,44,svm_rbf,1,1,0.8598706503301766,38
STEW,44,svm_rbf,1,1,0.7276467795087203,38
STEW,44,svm_rbf,1,1,0.661653070650156,38
STEW,44,svm_rbf,1,1,0.8426802989761436,38
STEW,44,svm_rbf,1,1,0.907544214031737,38
STEW,44,svm_rbf,1,1,0.8330931253194392,38
STEW,44,svm_rbf,1,1,0.6616530706173275,38
STEW,44,svm_rbf,1,0,0.38195180921389194,38
STEW,44,svm_rbf,1,1,0.6826346526080407,38
STEW,44,svm_rbf,1,0,0.42977016690631176,38
STEW,44,svm_rbf,1,0,0.2813534901662109,38
STEW,44,svm_rbf,0,1,0.661653070650156,38
STEW,44,svm_rbf,0,0,0.2633078266951128,38
STEW,44,svm_rbf,0,0,0.4826835877936872,38
STEW,44,svm_rbf,0,1,0.5536112134724517,38
STEW,44,svm_rbf,0,0,0.4315249154834429,38
STEW,44,svm_rbf,0,0,0.22289645884825218,38
STEW,44,svm_rbf,0,0,0.11598921358881825,38
STEW,44,svm_rbf,0,0,0.3292027798248845,38
STEW,44,svm_rbf,0,1,0.5367535025170038,38
STEW,44,svm_rbf,0,0,0.2957896949097861,38
STEW,44,svm_rbf,0,0,0.3995193585642848,38
STEW,44,svm_rbf,0,0,0.2386411995359604,38
STEW,44,svm_rbf,0,0,0.13310024703573006,38
STEW,44,svm_rbf,0,0,0.08141902292147078,38
STEW,44,svm_rbf,0,0,0.1349839004811817,38
STEW,44,svm_rbf,0,0,0.11264921188887733,38
STEW,44,svm_rbf,0,1,0.7062133673957742,38
STEW,44,svm_rbf,0,0,0.24438475796657927,38
STEW,44,svm_rbf,0,1,0.7619796949575062,38
STEW,44,svm_rbf,0,0,0.2406924676560659,38
STEW,45,svm_rbf,1,0,0.47792032867577944,39
STEW,45,svm_rbf,1,1,0.9420161178991396,39
STEW,45,svm_rbf,1,1,0.7778506475258533,39
STEW,45,svm_rbf,1,1,0.7874433713248675,39
STEW,45,svm_rbf,1,1,0.8714206518180126,39
STEW,45,svm_rbf,1,1,0.8313993525272109,39
STEW,45,svm_rbf,1,1,0.9757610911211442,39
STEW,45,svm_rbf,1,1,0.9956566387088313,39
STEW,45,svm_rbf,1,1,0.9936516234780766,39
STEW,45,svm_rbf,1,1,0.7556449077228258,39
STEW,45,svm_rbf,1,1,0.8371277000826062,39
STEW,45,svm_rbf,1,1,0.9787643506301144,39
STEW,45,svm_rbf,1,1,0.9853198196381496,39
STEW,45,svm_rbf,1,1,0.9818952393858313,39
STEW,45,svm_rbf,0,0,0.009687376019343304,39
STEW,45,svm_rbf,0,0,0.1278580647918666,39
STEW,45,svm_rbf,0,0,0.06549324279103906,39
STEW,45,svm_rbf,0,0,0.240083869918928,39
STEW,45,svm_rbf,0,0,0.20307185039480125,39
STEW,45,svm_rbf,0,0,0.26856458389355364,39
STEW,45,svm_rbf,0,0,0.052041110506015884,39
STEW,45,svm_rbf,0,0,0.3066543630770868,39
STEW,45,svm_rbf,0,0,0.04758759542173564,39
STEW,45,svm_rbf,0,0,0.17531762340096751,39
STEW,45,svm_rbf,0,0,0.213646643616407,39
STEW,45,svm_rbf,0,0,0.04722116216495617,39
STEW,45,svm_rbf,0,0,0.0527512769549714,39
STEW,45,svm_rbf,0,0,0.15015705186755823,39
STEW,45,svm_rbf,0,0,0.03759820440660798,39
STEW,45,svm_rbf,0,0,0.05176708185583119,39
STEW,45,svm_rbf,0,0,0.13723594847388026,39
STEW,45,svm_rbf,0,0,0.09021021318610152,39
STEW,45,svm_rbf,0,0,0.06052739422151065,39
STEW,45,svm_rbf,0,0,0.13866547512760297,39
STEW,45,svm_rbf,0,0,0.1864991139299983,39
STEW,45,svm_rbf,0,0,0.03820034473456637,39
STEW,46,svm_rbf,0,0,0.05129573178983718,40
STEW,46,svm_rbf,0,0,0.44182836082784666,40
STEW,46,svm_rbf,0,0,0.48394689880005876,40
STEW,46,svm_rbf,0,1,0.7389285067634663,40
STEW,46,svm_rbf,0,1,0.6832898231871326,40
STEW,46,svm_rbf,0,0,0.010996420641990919,40
STEW,46,svm_rbf,0,0,0.04640710294155608,40
STEW,46,svm_rbf,0,0,0.13339043683282548,40
STEW,46,svm_rbf,0,0,0.3292955027191455,40
STEW,46,svm_rbf,0,0,0.25616751445084684,40
STEW,46,svm_rbf,0,0,0.30995456984165154,40
STEW,46,svm_rbf,0,1,0.9506422787374593,40
STEW,46,svm_rbf,0,1,0.8371492382458047,40
STEW,46,svm_rbf,0,1,0.9194029464609441,40
STEW,46,svm_rbf,0,1,0.9723815351724903,40
STEW,46,svm_rbf,0,1,0.8159004089976044,40
STEW,46,svm_rbf,0,1,0.7106949289686632,40
STEW,46,svm_rbf,0,1,0.7937545027334401,40
STEW,46,svm_rbf,0,1,0.8238920888380283,40
STEW,46,svm_rbf,0,1,0.7746906444865087,40
STEW,46,svm_rbf,1,1,0.6047793014186786,40
STEW,46,svm_rbf,1,1,0.5741933855753527,40
STEW,46,svm_rbf,1,1,0.7061494899058013,40
STEW,46,svm_rbf,1,1,0.8089532579375138,40
STEW,46,svm_rbf,1,1,0.9816951306138908,40
STEW,46,svm_rbf,1,1,0.9422445651628983,40
STEW,46,svm_rbf,1,1,0.9895847916726199,40
STEW,46,svm_rbf,1,1,0.9347878820285647,40
STEW,46,svm_rbf,1,1,0.8571024656076089,40
STEW,46,svm_rbf,1,1,0.7311956333344287,40
STEW,46,svm_rbf,1,1,0.9324667957340009,40
STEW,46,svm_rbf,1,1,0.9820489516781364,40
STEW,46,svm_rbf,1,1,0.9407431896075377,40
STEW,46,svm_rbf,1,1,0.81939638200793,40
STEW,46,svm_rbf,1,1,0.9131423000556733,40
STEW,46,svm_rbf,1,1,0.6918083400169803,40
STEW,46,svm_rbf,1,1,0.983047645812965,40
STEW,46,svm_rbf,1,1,0.7905363060753345,40
STEW,46,svm_rbf,1,1,0.8056563949318102,40
STEW,46,svm_rbf,1,1,0.7892502105153771,40
STEW,46,svm_rbf,1,0,0.3617054003944801,40
STEW,46,svm_rbf,1,1,0.6750629968416488,40
STEW,46,svm_rbf,1,1,0.8974427294189111,40
STEW,46,svm_rbf,1,1,0.9613138049912258,40
STEW,46,svm_rbf,1,1,0.6810561500271968,40
STEW,46,svm_rbf,1,0,0.22571293113142685,40
STEW,47,svm_rbf,0,0,0.04206830305340713,41
STEW,47,svm_rbf,0,0,0.3958595629730862,41
STEW,47,svm_rbf,0,1,0.5406789505706117,41
STEW,47,svm_rbf,0,0,0.47906558581231695,41
STEW,47,svm_rbf,0,1,0.6790178581524636,41
STEW,47,svm_rbf,0,0,0.023488743457042587,41
STEW,47,svm_rbf,0,0,0.2922989683374087,41
STEW,47,svm_rbf,0,0,0.33250642570687944,41
STEW,47,svm_rbf,0,0,0.39787451193002893,41
STEW,47,svm_rbf,0,1,0.8422171592786558,41
STEW,47,svm_rbf,0,0,0.16499312271365837,41
STEW,47,svm_rbf,0,1,0.5679791804488376,41
STEW,47,svm_rbf,0,1,0.8873926498345794,41
STEW,47,svm_rbf,0,1,0.7549939780572756,41
STEW,47,svm_rbf,0,0,0.23965897371229616,41
STEW,47,svm_rbf,0,1,0.7225786399045314,41
STEW,47,svm_rbf,0,0,0.2800918006549651,41
STEW,47,svm_rbf,0,1,0.736483471230563,41
STEW,47,svm_rbf,0,1,0.5446626479251561,41
STEW,47,svm_rbf,0,1,0.8187455761794461,41
STEW,47,svm_rbf,0,1,0.898945494442136,41
STEW,47,svm_rbf,0,1,0.5876077965073981,41
STEW,47,svm_rbf,0,1,0.9812519475545214,41
STEW,47,svm_rbf,1,1,0.6268029458800918,41
STEW,47,svm_rbf,1,1,0.9036880209093652,41
STEW,47,svm_rbf,1,1,0.8043308271682221,41
STEW,47,svm_rbf,1,1,0.9819577234395774,41
STEW,47,svm_rbf,1,1,0.8166452824026443,41
STEW,47,svm_rbf,1,1,0.5,41
STEW,47,svm_rbf,1,1,0.5746589945119854,41
STEW,47,svm_rbf,1,1,0.6526528048662372,41
STEW,47,svm_rbf,1,1,0.6891280686490148,41
STEW,47,svm_rbf,1,1,0.6636456967869052,41
STEW,47,svm_rbf,1,1,0.5591710418259692,41
STEW,47,svm_rbf,1,1,0.6242506645261702,41
STEW,47,svm_rbf,1,1,0.9097590981172461,41
STEW,47,svm_rbf,1,0,0.42535980652862354,41
STEW,47,svm_rbf,1,0,0.2112956058239559,41
STEW,47,svm_rbf,1,1,0.5618561978869733,41
STEW,47,svm_rbf,1,0,0.3612429912157541,41
STEW,47,svm_rbf,1,1,0.9782411663071194,41
STEW,47,svm_rbf,1,1,0.9344588244612996,41
STEW,47,svm_rbf,1,1,0.9770119415127866,41
STEW,47,svm_rbf,1,1,0.9561479820150741,41
STEW,47,svm_rbf,1,1,0.710231074818081,41
STEW,47,svm_rbf,1,1,0.800859138733262,41
STEW,47,svm_rbf,1,1,0.6933162169652836,41
STEW,47,svm_rbf,1,1,0.9736961111230098,41
STEW,47,svm_rbf,1,1,0.9606982109957487,41
STEW,47,svm_rbf,1,1,0.6810514360702138,41
STEW,48,svm_rbf,0,0,0.4009008609402922,42
STEW,48,svm_rbf,0,1,0.8887338856343001,42
STEW,48,svm_rbf,0,0,0.10876957188460554,42
STEW,48,svm_rbf,0,1,0.6434110792415189,42
STEW,48,svm_rbf,0,0,0.4645477236763237,42
STEW,48,svm_rbf,0,0,0.20620977077925717,42
STEW,48,svm_rbf,0,0,0.21824242731317212,42
STEW,48,svm_rbf,0,1,0.8801163903507315,42
STEW,48,svm_rbf,0,1,0.7556605754187511,42
STEW,48,svm_rbf,0,1,0.8205139780134988,42
STEW,48,svm_rbf,0,0,0.30298970999147434,42
STEW,48,svm_rbf,0,1,0.7115081840690138,42
STEW,48,svm_rbf,0,0,0.04831981159345981,42
STEW,48,svm_rbf,0,0,0.21024592806459008,42
STEW,48,svm_rbf,0,0,0.1721656306671999,42
STEW,48,svm_rbf,0,0,0.10724874967206402,42
STEW,48,svm_rbf,0,1,0.7555192522201137,42
STEW,48,svm_rbf,0,1,0.7480389411431796,42
STEW,48,svm_rbf,0,1,0.8980575167783112,42
STEW,48,svm_rbf,1,1,0.9734046170109946,42
STEW,48,svm_rbf,1,1,0.9751874176421644,42
STEW,48,svm_rbf,1,1,0.9892441437042544,42
STEW,48,svm_rbf,1,1,0.7521577157488305,42
STEW,48,svm_rbf,1,1,0.9347003613930449,42
STEW,48,svm_rbf,1,1,0.651919653974414,42
STEW,48,svm_rbf,1,0,0.0414212350559423,42
STEW,48,svm_rbf,1,1,0.9524614545231281,42
STEW,48,svm_rbf,1,0,0.08702623000206772,42
STEW,48,svm_rbf,1,0,0.04945522669422732,42
STEW,48,svm_rbf,1,1,0.8096478790899674,42
STEW,48,svm_rbf,1,0,0.24281361388807748,42
STEW,48,svm_rbf,1,1,0.9563058847438966,42
STEW,48,svm_rbf,1,1,0.975932023148851,42
STEW,48,svm_rbf,1,1,0.940846041647309,42
STEW,48,svm_rbf,1,1,0.9324987182296246,42
STEW,48,svm_rbf,1,1,0.6641015916423875,42
STEW,48,svm_rbf,1,0,0.24664624271169966,42
STEW,48,svm_rbf,1,1,0.8671591227354856,42
STEW,48,svm_rbf,1,1,0.9253736859016707,42
STEW,5,svm_rbf,1,1,0.6742611290165135,43
STEW,5,svm_rbf,1,1,0.5911028464328463,43
STEW,5,svm_rbf,1,1,0.7827147426339657,43
STEW,5,svm_rbf,1,1,0.6221394104308193,43
STEW,5,svm_rbf,1,1,0.971690669303364,43
STEW,5,svm_rbf,1,1,0.7184674663387255,43
STEW,5,svm_rbf,1,1,0.8269164020786269,43
STEW,5,svm_rbf,1,1,0.9414052638689353,43
STEW,5,svm_rbf,1,1,0.9271416142859453,43
STEW,5,svm_rbf,1,1,0.6197519656897783,43
STEW,5,svm_rbf,1,1,0.8303504922735071,43
STEW,5,svm_rbf,1,0,0.3575459780389969,43
STEW,5,svm_rbf,1,1,0.8996897212074196,43
STEW,5,svm_rbf,1,0,0.3563437063213131,43
STEW,5,svm_rbf,1,1,0.9084064092882873,43
STEW,5,svm_rbf,1,1,0.8857317043710766,43
STEW,5,svm_rbf,1,1,0.8800634753785429,43
STEW,5,svm_rbf,1,1,0.7901815504341022,43
STEW,5,svm_rbf,1,1,0.784558638375002,43
STEW,5,svm_rbf,1,1,0.6945320446111818,43
STEW,5,svm_rbf,1,0,0.445893590508215,43
STEW,5,svm_rbf,1,1,0.9175424812374016,43
STEW,5,svm_rbf,0,0,0.13922711020475462,43
STEW,5,svm_rbf,0,0,0.20538739222722277,43
STEW,5,svm_rbf,0,0,0.25695414187680216,43
STEW,5,svm_rbf,0,0,0.15659346412988448,43
STEW,5,svm_rbf,0,0,0.20096481667671054,43
STEW,5,svm_rbf,0,0,0.1450009377878379,43
STEW,5,svm_rbf,0,0,0.10690743269088156,43
STEW,5,svm_rbf,0,0,0.035204230417213885,43
STEW,5,svm_rbf,0,0,0.3820832429106327,43
STEW,5,svm_rbf,0,0,0.32771411077934653,43
STEW,5,svm_rbf,0,0,0.34203457212263294,43
STEW,5,svm_rbf,0,0,0.4600830416164867,43
STEW,5,svm_rbf,0,1,0.6759471539907402,43
STEW,5,svm_rbf,0,0,0.11337742049794682,43
STEW,5,svm_rbf,0,0,0.12672838553713756,43
STEW,5,svm_rbf,0,1,0.508472868753373,43
STEW,5,svm_rbf,0,0,0.0914801946191176,43
STEW,5,svm_rbf,0,0,0.170815170729015,43
STEW,5,svm_rbf,0,1,0.6658201475621466,43
STEW,5,svm_rbf,0,0,0.17739903996049292,43
STEW,5,svm_rbf,0,0,0.40690364626906006,43
STEW,5,svm_rbf,0,0,0.14238755523769556,43
STEW,5,svm_rbf,0,0,0.06927097923884507,43
STEW,6,svm_rbf,0,0,0.12514137502074832,44
STEW,6,svm_rbf,0,1,0.6454185332716706,44
STEW,6,svm_rbf,0,0,0.19004126206959887,44
STEW,6,svm_rbf,0,0,0.2993380193840115,44
STEW,6,svm_rbf,0,0,0.13875724169999754,44
STEW,6,svm_rbf,0,1,0.7958480284199387,44
STEW,6,svm_rbf,0,0,0.26731775419049547,44
STEW,6,svm_rbf,0,1,0.8113460942742263,44
STEW,6,svm_rbf,0,1,0.8318434791768728,44
STEW,6,svm_rbf,0,1,0.7165055770443307,44
STEW,6,svm_rbf,0,1,0.7229367907280285,44
STEW,6,svm_rbf,0,0,0.2152842911332038,44
STEW,6,svm_rbf,0,0,0.23094382019118617,44
STEW,6,svm_rbf,0,0,0.2826285325420192,44
STEW,6,svm_rbf,0,1,0.5876673005096791,44
STEW,6,svm_rbf,0,0,0.05882976197451785,44
STEW,6,svm_rbf,0,1,0.9627666941264381,44
STEW,6,svm_rbf,0,1,0.8987582964098703,44
STEW,6,svm_rbf,0,1,0.6416937679061228,44
STEW,6,svm_rbf,0,0,0.45918745754322926,44
STEW,6,svm_rbf,0,1,0.9624891583088966,44
STEW,6,svm_rbf,0,0,0.3494166922030357,44
STEW,6,svm_rbf,1,0,0.4747717663662483,44
STEW,6,svm_rbf,1,1,0.5113716808905681,44
STEW,6,svm_rbf,1,1,0.6332590160779381,44
STEW,6,svm_rbf,1,1,0.8177661640771087,44
STEW,6,svm_rbf,1,1,0.6441970616393918,44
STEW,6,svm_rbf,1,0,0.35412284743869665,44
STEW,6,svm_rbf,1,1,0.5617282549413929,44
STEW,6,svm_rbf,1,1,0.7102771892714349,44
STEW,6,svm_rbf,1,1,0.5280801779373984,44
STEW,6,svm_rbf,1,1,0.8886305185957313,44
STEW,6,svm_rbf,1,1,0.913984129891127,44
STEW,6,svm_rbf,1,1,0.7045829884921518,44
STEW,6,svm_rbf,1,1,0.8799531519559314,44
STEW,6,svm_rbf,1,1,0.6902123782917967,44
STEW,6,svm_rbf,1,0,0.4680952575755663,44
STEW,7,svm_rbf,0,0,0.4131898943700854,45
STEW,7,svm_rbf,0,0,0.28872670734660594,45
STEW,7,svm_rbf,0,0,0.018363214814027452,45
STEW,7,svm_rbf,0,0,0.05160635096193588,45
STEW,7,svm_rbf,0,0,0.0844504099548939,45
STEW,7,svm_rbf,0,0,0.4409022560310493,45
STEW,7,svm_rbf,0,0,0.28110786002466426,45
STEW,7,svm_rbf,0,0,0.3111547403553866,45
STEW,7,svm_rbf,0,1,0.7477652505987219,45
STEW,7,svm_rbf,0,0,0.3335099195244241,45
STEW,7,svm_rbf,0,0,0.12598931346020917,45
STEW,7,svm_rbf,0,0,0.20865775973179249,45
STEW,7,svm_rbf,0,0,0.02767810712194959,45
STEW,7,svm_rbf,0,0,0.1534007363456834,45
STEW,7,svm_rbf,0,0,0.11091476410996277,45
STEW,7,svm_rbf,0,0,0.14386260368606088,45
STEW,7,svm_rbf,0,0,0.09382441128208846,45
STEW,7,svm_rbf,0,0,0.16283261517679173,45
STEW,7,svm_rbf,0,0,0.088259106373003,45
STEW,7,svm_rbf,0,0,0.22038106792051781,45
STEW,7,svm_rbf,0,1,0.728817828201152,45
STEW,7,svm_rbf,0,0,0.356772904314081,45
STEW,7,svm_rbf,1,1,0.9734132859965251,45
STEW,7,svm_rbf,1,1,0.990662723823997,45
STEW,7,svm_rbf,1,1,0.9482672607389537,45
STEW,7,svm_rbf,1,1,0.7431881167675186,45
STEW,7,svm_rbf,1,1,0.7526820777715473,45
STEW,7,svm_rbf,1,1,0.9446232460612187,45
STEW,7,svm_rbf,1,1,0.9431106820090801,45
STEW,7,svm_rbf,1,1,0.8164911451559835,45
STEW,7,svm_rbf,1,1,0.926472979840305,45
STEW,7,svm_rbf,1,1,0.909639868006093,45
STEW,7,svm_rbf,1,1,0.9282347114874399,45
STEW,7,svm_rbf,1,1,0.857578781701261,45
STEW,7,svm_rbf,1,1,0.6338873018599662,45
STEW,7,svm_rbf,1,1,0.879854031569895,45
STEW,7,svm_rbf,1,1,0.9565860925846551,45
STEW,7,svm_rbf,1,1,0.8503928391978156,45
STEW,7,svm_rbf,1,1,0.9318694596975339,45
STEW,7,svm_rbf,1,1,0.9352802802149924,45
STEW,7,svm_rbf,1,1,0.7016798371250405,45
STEW,7,svm_rbf,1,1,0.7953033501007883,45
STEW,7,svm_rbf,1,1,0.6558286968955299,45
STEW,7,svm_rbf,1,0,0.21986071000405188,45
STEW,7,svm_rbf,1,1,0.881768701474754,45
STEW,7,svm_rbf,1,1,0.9280186660407621,45
STEW,7,svm_rbf,1,1,0.8154904209984224,45
STEW,8,svm_rbf,1,1,0.6533339840214348,46
STEW,8,svm_rbf,1,1,0.6594264410291056,46
STEW,8,svm_rbf,1,0,0.4905606534630411,46
STEW,8,svm_rbf,1,1,0.8604586376773652,46
STEW,8,svm_rbf,1,0,0.2615783200582654,46
STEW,8,svm_rbf,1,1,0.6799824599620911,46
STEW,8,svm_rbf,1,1,0.8548141941276348,46
STEW,8,svm_rbf,1,1,0.9561639506349754,46
STEW,8,svm_rbf,1,1,0.9445564847503952,46
STEW,8,svm_rbf,1,0,0.42811919949876365,46
STEW,8,svm_rbf,1,0,0.3827532296527609,46
STEW,8,svm_rbf,1,1,0.8798579684916934,46
STEW,8,svm_rbf,1,1,0.9568362688792436,46
STEW,8,svm_rbf,1,1,0.962525989041288,46
STEW,8,svm_rbf,1,1,0.9684598096596517,46
STEW,8,svm_rbf,1,1,0.8681017819693417,46
STEW,8,svm_rbf,0,1,0.9404694224493876,46
STEW,8,svm_rbf,0,0,0.4756035623578782,46
STEW,8,svm_rbf,0,0,0.2564247344753762,46
STEW,8,svm_rbf,0,0,0.46370825163921137,46
STEW,8,svm_rbf,0,0,0.18706964568796938,46
STEW,8,svm_rbf,0,0,0.24377495901487709,46
STEW,8,svm_rbf,0,0,0.25490840668671216,46
STEW,8,svm_rbf,0,0,0.416448101434274,46
STEW,8,svm_rbf,0,1,0.5368577747019162,46
STEW,8,svm_rbf,0,0,0.05603543330131079,46
STEW,8,svm_rbf,0,0,0.14287069017532894,46
STEW,8,svm_rbf,0,0,0.2750225333802298,46
STEW,8,svm_rbf,0,0,0.02528993673511495,46
STEW,8,svm_rbf,0,0,0.2534090450401432,46
STEW,8,svm_rbf,0,0,0.14741186524711,46
STEW,8,svm_rbf,0,0,0.3116088841974878,46
STEW,9,svm_rbf,0,0,0.05922810970007894,47
STEW,9,svm_rbf,0,0,0.0661001616545227,47
STEW,9,svm_rbf,0,0,0.14952068963040197,47
STEW,9,svm_rbf,0,0,0.3585030708521865,47
STEW,9,svm_rbf,0,0,0.04324396283873164,47
STEW,9,svm_rbf,0,0,0.1651698017828829,47
STEW,9,svm_rbf,0,0,0.17242049814833077,47
STEW,9,svm_rbf,0,0,0.029178368459661933,47
STEW,9,svm_rbf,0,0,0.019598155384672602,47
STEW,9,svm_rbf,0,0,0.035666831364828545,47
STEW,9,svm_rbf,0,0,0.3204781149278698,47
STEW,9,svm_rbf,0,0,0.10231103060849199,47
STEW,9,svm_rbf,0,0,0.3733931793011747,47
STEW,9,svm_rbf,0,0,0.11977809300894111,47
STEW,9,svm_rbf,0,0,0.1519300784283687,47
STEW,9,svm_rbf,0,0,0.24822499825356448,47
STEW,9,svm_rbf,0,0,0.020845181169131463,47
STEW,9,svm_rbf,0,0,0.023133821945937567,47
STEW,9,svm_rbf,1,1,0.5132908311619833,47
STEW,9,svm_rbf,1,0,0.26209153082343606,47
STEW,9,svm_rbf,1,0,0.33151253543158526,47
STEW,9,svm_rbf,1,1,0.9129563583106994,47
STEW,9,svm_rbf,1,1,0.885389603500718,47
STEW,9,svm_rbf,1,0,0.34828332140077756,47
STEW,9,svm_rbf,1,0,0.388520717197016,47
STEW,9,svm_rbf,1,0,0.42332964256129235,47
STEW,9,svm_rbf,1,0,0.1830089366918574,47
STEW,9,svm_rbf,1,0,0.025926733471320806,47
STEW,9,svm_rbf,1,0,0.3611977332726726,47
STEW,9,svm_rbf,1,1,0.843144770099746,47
STEW,9,svm_rbf,1,0,0.14961734994212028,47
STEW,9,svm_rbf,1,0,0.18945066005882094,47
STEW,9,svm_rbf,1,0,0.3038261173646486,47
STEW,9,svm_rbf,1,0,0.32089512527934294,47
STEW,9,svm_rbf,1,1,0.5817718326351258,47
STEW,9,svm_rbf,1,1,0.6467330774944811,47
STEW,9,svm_rbf,1,0,0.23275367001893615,47
STEW,1,random_forest,1,1,0.5833333333333334,0
STEW,1,random_forest,1,1,0.7233333333333334,0
STEW,1,random_forest,1,1,0.7133333333333334,0
STEW,1,random_forest,1,1,0.7633333333333333,0
STEW,1,random_forest,1,1,0.59,0
STEW,1,random_forest,1,1,0.6366666666666667,0
STEW,1,random_forest,1,1,0.6066666666666667,0
STEW,1,random_forest,1,1,0.8366666666666667,0
STEW,1,random_forest,1,1,0.62,0
STEW,1,random_forest,1,1,0.8133333333333334,0
STEW,1,random_forest,1,1,0.8533333333333334,0
STEW,1,random_forest,1,0,0.4266666666666667,0
STEW,1,random_forest,1,1,0.58,0
STEW,1,random_forest,1,1,0.5366666666666666,0
STEW,1,random_forest,1,1,0.7533333333333333,0
STEW,1,random_forest,1,1,0.5666666666666667,0
STEW,1,random_forest,0,1,0.6233333333333333,0
STEW,1,random_forest,0,0,0.48333333333333334,0
STEW,1,random_forest,0,1,0.53,0
STEW,1,random_forest,0,1,0.6166666666666667,0
STEW,1,random_forest,0,1,0.5766666666666667,0
STEW,1,random_forest,0,1,0.5533333333333333,0
STEW,1,random_forest,0,1,0.6266666666666667,0
STEW,1,random_forest,0,1,0.7166666666666667,0
STEW,1,random_forest,0,1,0.57,0
STEW,1,random_forest,0,1,0.6466666666666666,0
STEW,1,random_forest,0,1,0.5933333333333334,0
STEW,1,random_forest,0,0,0.5,0
STEW,1,random_forest,0,1,0.73,0
STEW,1,random_forest,0,1,0.57,0
STEW,1,random_forest,0,1,0.5566666666666666,0
STEW,1,random_forest,0,1,0.5933333333333334,0
STEW,1,random_forest,0,1,0.6033333333333334,0
STEW,1,random_forest,0,0,0.4866666666666667,0
STEW,1,random_forest,0,1,0.5666666666666667,0
STEW,1,random_forest,0,1,0.5366666666666666,0
STEW,10,random_forest,0,0,0.13333333333333333,1
STEW,10,random_forest,0,0,0.19666666666666666,1
STEW,10,random_forest,0,0,0.4166666666666667,1
STEW,10,random_forest,0,0,0.18333333333333332,1
STEW,10,random_forest,0,0,0.25,1
STEW,10,random_forest,0,0,0.21,1
STEW,10,random_forest,0,0,0.09333333333333334,1
STEW,10,random_forest,0,0,0.3466666666666667,1
STEW,10,random_forest,0,0,0.17,1
STEW,10,random_forest,0,0,0.10666666666666667,1
STEW,10,random_forest,0,0,0.10333333333333333,1
STEW,10,random_forest,0,0,0.17,1
STEW,10,random_forest,0,0,0.16,1
STEW,10,random_forest,0,0,0.14,1
STEW,10,random_forest,0,0,0.27666666666666667,1
STEW,10,random_forest,0,0,0.24666666666666667,1
STEW,10,random_forest,0,0,0.2,1
STEW,10,random_forest,0,0,0.25666666666666665,1
STEW,10,random_forest,1,1,0.5966666666666667,1
STEW,10,random_forest,1,1,0.5066666666666667,1
STEW,10,random_forest,1,1,0.62,1
STEW,10,random_forest,1,1,0.8333333333333334,1
STEW,10,random_forest,1,1,0.7366666666666667,1
STEW,10,random_forest,1,1,0.6066666666666667,1
STEW,10,random_forest,1,1,0.5233333333333333,1
STEW,10,random_forest,1,0,0.4066666666666667,1
STEW,10,random_forest,1,1,0.6666666666666666,1
STEW,10,random_forest,1,1,0.8766666666666667,1
STEW,10,random_forest,1,1,0.7233333333333334,1
STEW,10,random_forest,1,1,0.6966666666666667,1
STEW,10,random_forest,1,1,0.6666666666666666,1
STEW,10,random_forest,1,1,0.5766666666666667,1
STEW,10,random_forest,1,0,0.3566666666666667,1
STEW,10,random_forest,1,1,0.9133333333333333,1
STEW,10,random_forest,1,1,0.5033333333333333,1
STEW,10,random_forest,1,1,0.77,1
STEW,10,random_forest,1,1,0.8633333333333333,1
STEW,10,random_forest,1,1,0.8533333333333334,1
STEW,10,random_forest,1,0,0.17333333333333334,1
STEW,10,random_forest,1,1,0.7633333333333333,1
STEW,11,random_forest,1,0,0.41,2
STEW,11,random_forest,1,0,0.49333333333333335,2
STEW,11,random_forest,1,1,0.5566666666666666,2
STEW,11,random_forest,1,1,0.5833333333333334,2
STEW,11,random_forest,1,1,0.5966666666666667,2
STEW,11,random_forest,1,0,0.23666666666666666,2
STEW,11,random_forest,1,0,0.12333333333333334,2
STEW,11,random_forest,1,0,0.4666666666666667,2
STEW,11,random_forest,1,1,0.6466666666666666,2
STEW,11,random_forest,1,0,0.48,2
STEW,11,random_forest,1,0,0.4533333333333333,2
STEW,11,random_forest,1,1,0.5966666666666667,2
STEW,11,random_forest,1,0,0.3333333333333333,2
STEW,11,random_forest,1,0,0.25,2
STEW,11,random_forest,1,1,0.6033333333333334,2
STEW,11,random_forest,1,1,0.76,2
STEW,11,random_forest,1,1,0.77,2
STEW,11,random_forest,1,1,0.6133333333333333,2
STEW,11,random_forest,1,1,0.6033333333333334,2
STEW,11,random_forest,1,1,0.6333333333333333,2
STEW,11,random_forest,0,0,0.3333333333333333,2
STEW,11,random_forest,0,0,0.44666666666666666,2
STEW,11,random_forest,0,0,0.09,2
STEW,11,random_forest,0,0,0.06,2
STEW,11,random_forest,0,0,0.21333333333333335,2
STEW,11,random_forest,0,0,0.25333333333333335,2
STEW,11,random_forest,0,0,0.13,2
STEW,11,random_forest,0,0,0.25333333333333335,2
STEW,11,random_forest,0,0,0.36333333333333334,2
STEW,11,random_forest,0,1,0.5166666666666667,2
STEW,11,random_forest,0,0,0.18666666666666668,2
STEW,11,random_forest,0,0,0.3466666666666667,2
STEW,11,random_forest,0,0,0.43,2
STEW,11,random_forest,0,0,0.06,2
STEW,11,random_forest,0,1,0.5366666666666666,2
STEW,12,random_forest,1,1,0.8533333333333334,3
STEW,12,random_forest,1,1,0.8433333333333334,3
STEW,12,random_forest,1,1,0.74,3
STEW,12,random_forest,1,1,0.77,3
STEW,12,random_forest,1,1,0.7,3
STEW,12,random_forest,1,1,0.8066666666666666,3
STEW,12,random_forest,1,1,0.9466666666666667,3
STEW,12,random_forest,1,1,0.85,3
STEW,12,random_forest,1,1,0.74,3
STEW,12,random_forest,1,1,0.7133333333333334,3
STEW,12,random_forest,1,1,0.78,3
STEW,12,random_forest,1,1,0.7366666666666667,3
STEW,12,random_forest,1,1,0.8833333333333333,3
STEW,12,random_forest,1,1,0.7833333333333333,3
STEW,12,random_forest,1,1,0.72,3
STEW,12,random_forest,1,0,0.3433333333333333,3
STEW,12,random_forest,1,0,0.48,3
STEW,12,random_forest,1,0,0.43333333333333335,3
STEW,12,random_forest,1,1,0.8533333333333334,3
STEW,12,random_forest,1,1,0.8433333333333334,3
STEW,12,random_forest,1,1,0.7233333333333334,3
STEW,12,random_forest,1,1,0.84,3
STEW,12,random_forest,1,1,0.8066666666666666,3
STEW,12,random_forest,1,1,0.7333333333333333,3
STEW,12,random_forest,1,1,0.69,3
STEW,12,random_forest,1,1,0.71,3
STEW,12,random_forest,1,1,0.5466666666666666,3
STEW,12,random_forest,0,0,0.21333333333333335,3
STEW,12,random_forest,0,0,0.25666666666666665,3
STEW,12,random_forest,0,0,0.36333333333333334,3
STEW,12,random_forest,0,0,0.34,3
STEW,12,random_forest,0,0,0.49333333333333335,3
STEW,12,random_forest,0,0,0.4666666666666667,3
STEW,12,random_forest,0,0,0.4666666666666667,3
STEW,12,random_forest,0,1,0.5033333333333333,3
STEW,12,random_forest,0,1,0.6566666666666666,3
STEW,12,random_forest,0,0,0.3933333333333333,3
STEW,12,random_forest,0,0,0.22333333333333333,3
STEW,12,random_forest,0,0,0.22666666666666666,3
STEW,12,random_forest,0,0,0.17333333333333334,3
STEW,12,random_forest,0,1,0.5366666666666666,3
STEW,12,random_forest,0,0,0.36666666666666664,3
STEW,12,random_forest,0,0,0.33,3
STEW,12,random_forest,0,0,0.49666666666666665,3
STEW,12,random_forest,0,1,0.55,3
STEW,13,random_forest,0,0,0.36,4
STEW,13,random_forest,0,1,0.6066666666666667,4
STEW,13,random_forest,0,0,0.3933333333333333,4
STEW,13,random_forest,0,0,0.36666666666666664,4
STEW,13,random_forest,0,1,0.6833333333333333,4
STEW,13,random_forest,0,0,0.4866666666666667,4
STEW,13,random_forest,0,0,0.5,4
STEW,13,random_forest,0,0,0.4633333333333333,4
STEW,13,random_forest,0,0,0.3233333333333333,4
STEW,13,random_forest,0,0,0.49666666666666665,4
STEW,13,random_forest,0,0,0.48,4
STEW,13,random_forest,0,0,0.38333333333333336,4
STEW,13,random_forest,0,1,0.5133333333333333,4
STEW,13,random_forest,0,0,0.4533333333333333,4
STEW,13,random_forest,0,0,0.35,4
STEW,13,random_forest,0,0,0.48,4
STEW,13,random_forest,0,0,0.39,4
STEW,13,random_forest,0,0,0.42333333333333334,4
STEW,13,random_forest,0,0,0.36,4
STEW,13,random_forest,0,0,0.3933333333333333,4
STEW,13,random_forest,0,0,0.4666666666666667,4
STEW,13,random_forest,0,0,0.37,4
STEW,13,random_forest,0,1,0.56,4
STEW,13,random_forest,0,0,0.38,4
STEW,13,random_forest,0,0,0.3566666666666667,4
STEW,13,random_forest,0,0,0.4266666666666667,4
STEW,13,random_forest,0,1,0.6033333333333334,4
STEW,13,random_forest,0,1,0.71,4
STEW,13,random_forest,0,1,0.7066666666666667,4
STEW,13,random_forest,0,0,0.35,4
STEW,13,random_forest,1,1,0.9266666666666666,4
STEW,13,random_forest,1,1,0.86,4
STEW,13,random_forest,1,1,0.82,4
STEW,13,random_forest,1,1,0.88,4
STEW,13,random_forest,1,0,0.2733333333333333,4
STEW,13,random_forest,1,1,0.8933333333333333,4
STEW,13,random_forest,1,1,0.8766666666666667,4
STEW,13,random_forest,1,1,0.76,4
STEW,13,random_forest,1,1,0.9,4
STEW,13,random_forest,1,1,0.57,4
STEW,13,random_forest,1,1,0.9333333333333333,4
STEW,13,random_forest,1,1,0.8866666666666667,4
STEW,13,random_forest,1,1,0.7133333333333334,4
STEW,13,random_forest,1,1,0.5533333333333333,4
STEW,13,random_forest,1,1,0.7233333333333334,4
STEW,13,random_forest,1,1,0.64,4
STEW,13,random_forest,1,1,0.7266666666666667,4
STEW,13,random_forest,1,1,0.6766666666666666,4
STEW,13,random_forest,1,1,0.8,4
STEW,13,random_forest,1,1,0.71,4
STEW,13,random_forest,1,1,0.7333333333333333,4
STEW,13,random_forest,1,0,0.4633333333333333,4
STEW,14,random_forest,0,1,0.5933333333333334,5
STEW,14,random_forest,0,0,0.49333333333333335,5
STEW,14,random_forest,0,1,0.55,5
STEW,14,random_forest,0,1,0.6133333333333333,5
STEW,14,random_forest,0,1,0.5733333333333334,5
STEW,14,random_forest,0,1,0.5666666666666667,5
STEW,14,random_forest,0,0,0.44333333333333336,5
STEW,14,random_forest,0,0,0.45,5
STEW,14,random_forest,0,0,0.47333333333333333,5
STEW,14,random_forest,0,0,0.23666666666666666,5
STEW,14,random_forest,0,0,0.2866666666666667,5
STEW,14,random_forest,0,0,0.34,5
STEW,14,random_forest,0,0,0.39666666666666667,5
STEW,14,random_forest,0,1,0.5433333333333333,5
STEW,14,random_forest,0,1,0.8433333333333334,5
STEW,14,random_forest,0,0,0.45,5
STEW,14,random_forest,0,1,0.7833333333333333,5
STEW,14,random_forest,0,1,0.5033333333333333,5
STEW,14,random_forest,0,0,0.21333333333333335,5
STEW,14,random_forest,1,1,0.5666666666666667,5
STEW,14,random_forest,1,0,0.4533333333333333,5
STEW,14,random_forest,1,1,0.77,5
STEW,14,random_forest,1,0,0.42,5
STEW,14,random_forest,1,0,0.48,5
STEW,14,random_forest,1,1,0.92,5
STEW,14,random_forest,1,1,0.86,5
STEW,14,random_forest,1,0,0.44666666666666666,5
STEW,14,random_forest,1,1,0.5366666666666666,5
STEW,14,random_forest,1,1,0.56,5
STEW,14,random_forest,1,1,0.5333333333333333,5
STEW,14,random_forest,1,0,0.47,5
STEW,14,random_forest,1,1,0.59,5
STEW,14,random_forest,1,1,0.7366666666666667,5
STEW,14,random_forest,1,1,0.5733333333333334,5
STEW,14,random_forest,1,1,0.5633333333333334,5
STEW,14,random_forest,1,1,0.64,5
STEW,14,random_forest,1,1,0.6866666666666666,5
STEW,14,random_forest,1,1,0.6433333333333333,5
STEW,14,random_forest,1,1,0.7166666666666667,5
STEW,14,random_forest,1,1,0.6733333333333333,5
STEW,15,random_forest,1,1,0.68,6
STEW,15,random_forest,1,0,0.39,6
STEW,15,random_forest,1,1,0.5533333333333333,6
STEW,15,random_forest,1,1,0.6566666666666666,6
STEW,15,random_forest,1,1,0.6233333333333333,6
STEW,15,random_forest,1,0,0.45,6
STEW,15,random_forest,1,1,0.51,6
STEW,15,random_forest,1,1,0.61,6
STEW,15,random_forest,1,0,0.4533333333333333,6
STEW,15,random_forest,1,0,0.31666666666666665,6
STEW,15,random_forest,1,0,0.33,6
STEW,15,random_forest,1,0,0.49,6
STEW,15,random_forest,1,1,0.7533333333333333,6
STEW,15,random_forest,1,0,0.49,6
STEW,15,random_forest,1,1,0.6366666666666667,6
STEW,15,random_forest,1,1,0.95,6
STEW,15,random_forest,1,1,0.8933333333333333,6
STEW,15,random_forest,1,1,0.7733333333333333,6
STEW,15,random_forest,1,1,0.6133333333333333,6
STEW,15,random_forest,1,0,0.42,6
STEW,15,random_forest,1,0,0.48333333333333334,6
STEW,15,random_forest,1,1,0.77,6
STEW,15,random_forest,1,0,0.4,6
STEW,15,random_forest,1,1,0.7833333333333333,6
STEW,15,random_forest,1,1,0.9,6
STEW,15,random_forest,1,1,0.89,6
STEW,15,random_forest,1,1,0.9366666666666666,6
STEW,15,random_forest,1,1,0.56,6
STEW,15,random_forest,1,1,0.7333333333333333,6
STEW,15,random_forest,1,1,0.91,6
STEW,15,random_forest,0,1,0.6866666666666666,6
STEW,15,random_forest,0,1,0.56,6
STEW,15,random_forest,0,0,0.3233333333333333,6
STEW,15,random_forest,0,0,0.36,6
STEW,15,random_forest,0,0,0.38666666666666666,6
STEW,15,random_forest,0,1,0.5033333333333333,6
STEW,15,random_forest,0,1,0.7033333333333334,6
STEW,15,random_forest,0,1,0.5266666666666666,6
STEW,15,random_forest,0,1,0.5666666666666667,6
STEW,15,random_forest,0,1,0.52,6
STEW,15,random_forest,0,0,0.4,6
STEW,15,random_forest,0,0,0.48,6
STEW,15,random_forest,0,0,0.4533333333333333,6
STEW,15,random_forest,0,1,0.5833333333333334,6
STEW,15,random_forest,0,0,0.24333333333333335,6
STEW,15,random_forest,0,0,0.28,6
STEW,15,random_forest,0,1,0.5366666666666666,6
STEW,15,random_forest,0,1,0.5266666666666666,6
STEW,15,random_forest,0,0,0.49,6
STEW,15,random_forest,0,1,0.54,6
STEW,15,random_forest,0,0,0.3933333333333333,6
STEW,15,random_forest,0,1,0.5933333333333334,6
STEW,15,random_forest,0,0,0.5,6
STEW,15,random_forest,0,0,0.48333333333333334,6
STEW,15,random_forest,0,1,0.6033333333333334,6
STEW,15,random_forest,0,1,0.7333333333333333,6
STEW,16,random_forest,0,1,0.57,7
STEW,16,random_forest,0,1,0.55,7
STEW,16,random_forest,0,0,0.5,7
STEW,16,random_forest,0,0,0.37,7
STEW,16,random_forest,0,0,0.36,7
STEW,16,random_forest,0,0,0.4066666666666667,7
STEW,16,random_forest,0,1,0.55,7
STEW,16,random_forest,0,1,0.6066666666666667,7
STEW,16,random_forest,0,1,0.65,7
STEW,16,random_forest,0,0,0.42333333333333334,7
STEW,16,random_forest,0,1,0.6966666666666667,7
STEW,16,random_forest,0,1,0.6866666666666666,7
STEW,16,random_forest,0,1,0.5266666666666666,7
STEW,16,random_forest,0,0,0.4266666666666667,7
STEW,16,random_forest,0,0,0.4166666666666667,7
STEW,16,random_forest,0,0,0.27666666666666667,7
STEW,16,random_forest,0,0,0.37,7
STEW,16,random_forest,0,0,0.38333333333333336,7
STEW,16,random_forest,0,0,0.46,7
STEW,16,random_forest,0,0,0.39,7
STEW,16,random_forest,0,1,0.6566666666666666,7
STEW,16,random_forest,0,1,0.54,7
STEW,16,random_forest,0,1,0.6333333333333333,7
STEW,16,random_forest,0,1,0.5366666666666666,7
STEW,16,random_forest,0,0,0.4033333333333333,7
STEW,16,random_forest,1,1,0.6166666666666667,7
STEW,16,random_forest,1,1,0.7233333333333334,7
STEW,16,random_forest,1,1,0.54,7
STEW,16,random_forest,1,0,0.4,7
STEW,16,random_forest,1,1,0.59,7
STEW,16,random_forest,1,1,0.7766666666666666,7
STEW,16,random_forest,1,1,0.5966666666666667,7
STEW,16,random_forest,1,1,0.8466666666666667,7
STEW,16,random_forest,1,1,0.5566666666666666,7
STEW,16,random_forest,1,1,0.73,7
STEW,16,random_forest,1,1,0.69,7
STEW,16,random_forest,1,1,0.8333333333333334,7
STEW,16,random_forest,1,1,0.6866666666666666,7
STEW,16,random_forest,1,1,0.6866666666666666,7
STEW,16,random_forest,1,1,0.7266666666666667,7
STEW,16,random_forest,1,1,0.69,7
STEW,16,random_forest,1,1,0.79,7
STEW,16,random_forest,1,1,0.7966666666666666,7
STEW,16,random_forest,1,1,0.7333333333333333,7
STEW,16,random_forest,1,1,0.8466666666666667,7
STEW,16,random_forest,1,1,0.8133333333333334,7
STEW,16,random_forest,1,1,0.7633333333333333,7
STEW,16,random_forest,1,1,0.76,7
STEW,16,random_forest,1,1,0.74,7
STEW,17,random_forest,1,1,0.7233333333333334,8
STEW,17,random_forest,1,1,0.7466666666666667,8
STEW,17,random_forest,1,1,0.5733333333333334,8
STEW,17,random_forest,1,1,0.7333333333333333,8
STEW,17,random_forest,1,1,0.6533333333333333,8
STEW,17,random_forest,1,0,0.45666666666666667,8
STEW,17,random_forest,1,0,0.42,8
STEW,17,random_forest,1,1,0.7766666666666666,8
STEW,17,random_forest,1,0,0.46,8
STEW,17,random_forest,1,1,0.5866666666666667,8
STEW,17,random_forest,1,0,0.49,8
STEW,17,random_forest,1,1,0.6533333333333333,8
STEW,17,random_forest,1,0,0.4033333333333333,8
STEW,17,random_forest,1,0,0.44333333333333336,8
STEW,17,random_forest,1,0,0.5,8
STEW,17,random_forest,1,1,0.6866666666666666,8
STEW,17,random_forest,1,1,0.64,8
STEW,17,random_forest,1,0,0.49666666666666665,8
STEW,17,random_forest,1,0,0.49333333333333335,8
STEW,17,random_forest,1,1,0.5333333333333333,8
STEW,17,random_forest,1,1,0.5233333333333333,8
STEW,17,random_forest,1,1,0.52,8
STEW,17,random_forest,1,0,0.41,8
STEW,17,random_forest,1,0,0.4666666666666667,8
STEW,17,random_forest,1,1,0.5133333333333333,8
STEW,17,random_forest,1,0,0.4066666666666667,8
STEW,17,random_forest,0,1,0.6933333333333334,8
STEW,17,random_forest,0,0,0.3333333333333333,8
STEW,17,random_forest,0,0,0.38333333333333336,8
STEW,17,random_forest,0,0,0.35,8
STEW,17,random_forest,0,0,0.22,8
STEW,17,random_forest,0,0,0.39666666666666667,8
STEW,17,random_forest,0,0,0.38,8
STEW,17,random_forest,0,0,0.24666666666666667,8
STEW,17,random_forest,0,0,0.3,8
STEW,17,random_forest,0,0,0.33666666666666667,8
STEW,17,random_forest,0,0,0.3233333333333333,8
STEW,17,random_forest,0,0,0.39666666666666667,8
STEW,17,random_forest,0,0,0.22,8
STEW,17,random_forest,0,0,0.4866666666666667,8
STEW,17,random_forest,0,0,0.14666666666666667,8
STEW,17,random_forest,0,1,0.7533333333333333,8
STEW,17,random_forest,0,1,0.7933333333333333,8
STEW,17,random_forest,0,0,0.2633333333333333,8
STEW,18,random_forest,0,1,0.5666666666666667,9
STEW,18,random_forest,0,0,0.32666666666666666,9
STEW,18,random_forest,0,0,0.49,9
STEW,18,random_forest,0,0,0.35,9
STEW,18,random_forest,0,0,0.48333333333333334,9
STEW,18,random_forest,0,0,0.30333333333333334,9
STEW,18,random_forest,0,0,0.25,9
STEW,18,random_forest,0,1,0.6166666666666667,9
STEW,18,random_forest,0,0,0.49666666666666665,9
STEW,18,random_forest,0,1,0.7533333333333333,9
STEW,18,random_forest,0,0,0.39666666666666667,9
STEW,18,random_forest,0,0,0.4,9
STEW,18,random_forest,0,0,0.36333333333333334,9
STEW,18,random_forest,0,0,0.42333333333333334,9
STEW,18,random_forest,0,0,0.45666666666666667,9
STEW,18,random_forest,0,0,0.38666666666666666,9
STEW,18,random_forest,0,0,0.23666666666666666,9
STEW,18,random_forest,0,0,0.17333333333333334,9
STEW,18,random_forest,0,0,0.28,9
STEW,18,random_forest,0,0,0.4,9
STEW,18,random_forest,0,0,0.20333333333333334,9
STEW,18,random_forest,0,0,0.33666666666666667,9
STEW,18,random_forest,0,0,0.38333333333333336,9
STEW,18,random_forest,0,0,0.33666666666666667,9
STEW,18,random_forest,0,0,0.37333333333333335,9
STEW,18,random_forest,1,1,0.6133333333333333,9
STEW,18,random_forest,1,1,0.7033333333333334,9
STEW,18,random_forest,1,1,0.7666666666666667,9
STEW,18,random_forest,1,1,0.8333333333333334,9
STEW,18,random_forest,1,1,0.62,9
STEW,18,random_forest,1,1,0.64,9
STEW,18,random_forest,1,1,0.74,9
STEW,18,random_forest,1,1,0.77,9
STEW,18,random_forest,1,1,0.5966666666666667,9
STEW,18,random_forest,1,1,0.7733333333333333,9
STEW,18,random_forest,1,1,0.9533333333333334,9
STEW,18,random_forest,1,1,0.75,9
STEW,18,random_forest,1,1,0.65,9
STEW,18,random_forest,1,1,0.8066666666666666,9
STEW,18,random_forest,1,1,0.82,9
STEW,18,random_forest,1,1,0.8433333333333334,9
STEW,18,random_forest,1,1,0.7266666666666667,9
STEW,18,random_forest,1,1,0.75,9
STEW,18,random_forest,1,1,0.7033333333333334,9
STEW,18,random_forest,1,1,0.7433333333333333,9
STEW,18,random_forest,1,1,0.8033333333333333,9
STEW,18,random_forest,1,1,0.7633333333333333,9
STEW,18,random_forest,1,1,0.7966666666666666,9
STEW,19,random_forest,1,1,0.8766666666666667,10
STEW,19,random_forest,1,1,0.8666666666666667,10
STEW,19,random_forest,1,1,0.9033333333333333,10
STEW,19,random_forest,1,1,0.81,10
STEW,19,random_forest,1,1,0.6966666666666667,10
STEW,19,random_forest,1,1,0.7066666666666667,10
STEW,19,random_forest,1,1,0.9066666666666666,10
STEW,19,random_forest,1,1,0.88,10
STEW,19,random_forest,1,1,0.7933333333333333,10
STEW,19,random_forest,1,1,0.8233333333333334,10
STEW,19,random_forest,1,1,0.9533333333333334,10
STEW,19,random_forest,1,1,0.6333333333333333,10
STEW,19,random_forest,1,1,0.8433333333333334,10
STEW,19,random_forest,1,1,0.6066666666666667,10
STEW,19,random_forest,1,1,0.7333333333333333,10
STEW,19,random_forest,1,1,0.7666666666666667,10
STEW,19,random_forest,1,1,0.7933333333333333,10
STEW,19,random_forest,1,1,0.8666666666666667,10
STEW,19,random_forest,1,1,0.8866666666666667,10
STEW,19,random_forest,1,1,0.9233333333333333,10
STEW,19,random_forest,1,0,0.22,10
STEW,19,random_forest,0,0,0.4033333333333333,10
STEW,19,random_forest,0,0,0.37,10
STEW,19,random_forest,0,0,0.19333333333333333,10
STEW,19,random_forest,0,0,0.3433333333333333,10
STEW,19,random_forest,0,0,0.3566666666666667,10
STEW,19,random_forest,0,0,0.47,10
STEW,19,random_forest,0,0,0.23333333333333334,10
STEW,19,random_forest,0,0,0.38,10
STEW,19,random_forest,0,0,0.3233333333333333,10
STEW,19,random_forest,0,0,0.23333333333333334,10
STEW,19,random_forest,0,0,0.23333333333333334,10
STEW,19,random_forest,0,0,0.16333333333333333,10
STEW,19,random_forest,0,0,0.42,10
STEW,19,random_forest,0,0,0.24,10
STEW,19,random_forest,0,0,0.33666666666666667,10
STEW,19,random_forest,0,0,0.22333333333333333,10
STEW,19,random_forest,0,0,0.3233333333333333,10
STEW,19,random_forest,0,0,0.17666666666666667,10
STEW,19,random_forest,0,0,0.15,10
STEW,19,random_forest,0,0,0.08,10
STEW,19,random_forest,0,0,0.13,10
STEW,19,random_forest,0,0,0.10333333333333333,10
STEW,19,random_forest,0,0,0.08666666666666667,10
STEW,19,random_forest,0,0,0.4,10
STEW,19,random_forest,0,1,0.6333333333333333,10
STEW,19,random_forest,0,0,0.09,10
STEW,19,random_forest,0,1,0.51,10
STEW,2,random_forest,1,1,0.72,11
STEW,2,random_forest,1,1,0.55,11
STEW,2,random_forest,1,1,0.7266666666666667,11
STEW,2,random_forest,1,1,0.7,11
STEW,2,random_forest,1,1,0.7633333333333333,11
STEW,2,random_forest,1,1,0.64,11
STEW,2,random_forest,1,1,0.7766666666666666,11
STEW,2,random_forest,1,1,0.5733333333333334,11
STEW,2,random_forest,1,1,0.5766666666666667,11
STEW,2,random_forest,1,1,0.8233333333333334,11
STEW,2,random_forest,1,1,0.76,11
STEW,2,random_forest,1,1,0.8133333333333334,11
STEW,2,random_forest,1,1,0.84,11
STEW,2,random_forest,1,1,0.8766666666666667,11
STEW,2,random_forest,1,1,0.87,11
STEW,2,random_forest,0,0,0.37333333333333335,11
STEW,2,random_forest,0,0,0.41333333333333333,11
STEW,2,random_forest,0,0,0.18333333333333332,11
STEW,2,random_forest,0,0,0.44333333333333336,11
STEW,2,random_forest,0,1,0.5133333333333333,11
STEW,2,random_forest,0,0,0.4633333333333333,11
STEW,2,random_forest,0,0,0.17666666666666667,11
STEW,2,random_forest,0,0,0.3333333333333333,11
STEW,2,random_forest,0,0,0.27666666666666667,11
STEW,2,random_forest,0,0,0.24333333333333335,11
STEW,2,random_forest,0,0,0.3233333333333333,11
STEW,2,random_forest,0,0,0.34,11
STEW,2,random_forest,0,0,0.33666666666666667,11
STEW,2,random_forest,0,0,0.15333333333333332,11
STEW,2,random_forest,0,0,0.2733333333333333,11
STEW,2,random_forest,0,0,0.23,11
STEW,2,random_forest,0,0,0.22,11
STEW,2,random_forest,0,0,0.17666666666666667,11
STEW,2,random_forest,0,0,0.3933333333333333,11
STEW,2,random_forest,0,0,0.38666666666666666,11
STEW,2,random_forest,0,0,0.47333333333333333,11
STEW,20,random_forest,0,0,0.26,12
STEW,20,random_forest,0,0,0.26666666666666666,12
STEW,20,random_forest,0,1,0.9033333333333333,12
STEW,20,random_forest,0,0,0.15,12
STEW,20,random_forest,0,0,0.19333333333333333,12
STEW,20,random_forest,0,0,0.3466666666666667,12
STEW,20,random_forest,0,0,0.32,12
STEW,20,random_forest,0,0,0.14333333333333334,12
STEW,20,random_forest,0,0,0.07,12
STEW,20,random_forest,0,0,0.21,12
STEW,20,random_forest,0,0,0.3233333333333333,12
STEW,20,random_forest,0,0,0.3566666666666667,12
STEW,20,random_forest,0,0,0.21,12
STEW,20,random_forest,0,0,0.09333333333333334,12
STEW,20,random_forest,0,0,0.18333333333333332,12
STEW,20,random_forest,0,0,0.03333333333333333,12
STEW,20,random_forest,0,0,0.21666666666666667,12
STEW,20,random_forest,0,0,0.19666666666666666,12
STEW,20,random_forest,0,0,0.18666666666666668,12
STEW,20,random_forest,0,1,0.56,12
STEW,20,random_forest,0,0,0.2,12
STEW,20,random_forest,1,1,0.5933333333333334,12
STEW,20,random_forest,1,1,0.68,12
STEW,20,random_forest,1,1,0.7633333333333333,12
STEW,20,random_forest,1,1,0.66,12
STEW,20,random_forest,1,1,0.7433333333333333,12
STEW,20,random_forest,1,1,0.7166666666666667,12
STEW,20,random_forest,1,1,0.6566666666666666,12
STEW,20,random_forest,1,1,0.7666666666666667,12
STEW,20,random_forest,1,0,0.45,12
STEW,20,random_forest,1,1,0.6433333333333333,12
STEW,20,random_forest,1,1,0.63,12
STEW,20,random_forest,1,1,0.62,12
STEW,20,random_forest,1,1,0.71,12
STEW,20,random_forest,1,1,0.6633333333333333,12
STEW,20,random_forest,1,0,0.4533333333333333,12
STEW,20,random_forest,1,1,0.64,12
STEW,20,random_forest,1,1,0.52,12
STEW,20,random_forest,1,1,0.6633333333333333,12
STEW,20,random_forest,1,1,0.7833333333333333,12
STEW,20,random_forest,1,1,0.5466666666666666,12
STEW,20,random_forest,1,1,0.61,12
STEW,21,random_forest,1,0,0.2833333333333333,13
STEW,21,random_forest,1,0,0.41333333333333333,13
STEW,21,random_forest,1,1,0.52,13
STEW,21,random_forest,1,0,0.4633333333333333,13
STEW,21,random_forest,1,1,0.75,13
STEW,21,random_forest,1,0,0.44,13
STEW,21,random_forest,1,0,0.45,13
STEW,21,random_forest,1,0,0.38,13
STEW,21,random_forest,1,1,0.6533333333333333,13
STEW,21,random_forest,1,1,0.9266666666666666,13
STEW,21,random_forest,1,1,0.9433333333333334,13
STEW,21,random_forest,1,1,0.8933333333333333,13
STEW,21,random_forest,1,0,0.25666666666666665,13
STEW,21,random_forest,1,1,0.5733333333333334,13
STEW,21,random_forest,1,1,0.6366666666666667,13
STEW,21,random_forest,1,1,0.8766666666666667,13
STEW,21,random_forest,1,1,0.8966666666666666,13
STEW,21,random_forest,1,1,0.7233333333333334,13
STEW,21,random_forest,1,0,0.4633333333333333,13
STEW,21,random_forest,1,1,0.6766666666666666,13
STEW,21,random_forest,1,1,0.5233333333333333,13
STEW,21,random_forest,1,1,0.6,13
STEW,21,random_forest,1,1,0.6833333333333333,13
STEW,21,random_forest,1,1,0.6466666666666666,13
STEW,21,random_forest,1,1,0.6333333333333333,13
STEW,21,random_forest,1,0,0.41333333333333333,13
STEW,21,random_forest,1,1,0.5633333333333334,13
STEW,21,random_forest,1,1,0.5533333333333333,13
STEW,21,random_forest,1,0,0.5,13
STEW,21,random_forest,0,0,0.20666666666666667,13
STEW,21,random_forest,0,0,0.18666666666666668,13
STEW,21,random_forest,0,0,0.27666666666666667,13
STEW,21,random_forest,0,0,0.30333333333333334,13
STEW,21,random_forest,0,0,0.23333333333333334,13
STEW,21,random_forest,0,0,0.17666666666666667,13
STEW,21,random_forest,0,0,0.16333333333333333,13
STEW,21,random_forest,0,0,0.39666666666666667,13
STEW,21,random_forest,0,0,0.36,13
STEW,21,random_forest,0,0,0.21,13
STEW,21,random_forest,0,0,0.27666666666666667,13
STEW,21,random_forest,0,0,0.14666666666666667,13
STEW,21,random_forest,0,0,0.37666666666666665,13
STEW,21,random_forest,0,0,0.27666666666666667,13
STEW,21,random_forest,0,0,0.17333333333333334,13
STEW,21,random_forest,0,0,0.21,13
STEW,21,random_forest,0,0,0.26,13
STEW,21,random_forest,0,0,0.32666666666666666,13
STEW,21,random_forest,0,0,0.3233333333333333,13
STEW,21,random_forest,0,0,0.39,13
STEW,21,random_forest,0,0,0.24666666666666667,13
STEW,21,random_forest,0,0,0.30333333333333334,13
STEW,21,random_forest,0,0,0.27666666666666667,13
STEW,22,random_forest,0,0,0.30666666666666664,14
STEW,22,random_forest,0,0,0.41,14
STEW,22,random_forest,0,0,0.37666666666666665,14
STEW,22,random_forest,0,0,0.37333333333333335,14
STEW,22,random_forest,0,0,0.39,14
STEW,22,random_forest,0,0,0.30333333333333334,14
STEW,22,random_forest,0,0,0.24,14
STEW,22,random_forest,0,0,0.45666666666666667,14
STEW,22,random_forest,0,0,0.3566666666666667,14
STEW,22,random_forest,0,0,0.3433333333333333,14
STEW,22,random_forest,0,0,0.3566666666666667,14
STEW,22,random_forest,0,0,0.25,14
STEW,22,random_forest,0,0,0.41333333333333333,14
STEW,22,random_forest,0,0,0.4266666666666667,14
STEW,22,random_forest,0,0,0.45,14
STEW,22,random_forest,0,0,0.38666666666666666,14
STEW,22,random_forest,1,1,0.7066666666666667,14
STEW,22,random_forest,1,1,0.8,14
STEW,22,random_forest,1,1,0.6466666666666666,14
STEW,22,random_forest,1,0,0.47,14
STEW,22,random_forest,1,1,0.7766666666666666,14
STEW,22,random_forest,1,0,0.25,14
STEW,22,random_forest,1,1,0.7666666666666667,14
STEW,22,random_forest,1,0,0.42333333333333334,14
STEW,22,random_forest,1,1,0.5166666666666667,14
STEW,22,random_forest,1,1,0.65,14
STEW,22,random_forest,1,1,0.71,14
STEW,22,random_forest,1,1,0.6,14
STEW,22,random_forest,1,0,0.30333333333333334,14
STEW,22,random_forest,1,0,0.48333333333333334,14
STEW,22,random_forest,1,1,0.72,14
STEW,22,random_forest,1,1,0.8066666666666666,14
STEW,22,random_forest,1,1,0.73,14
STEW,22,random_forest,1,1,0.6,14
STEW,22,random_forest,1,0,0.43333333333333335,14
STEW,22,random_forest,1,1,0.8833333333333333,14
STEW,22,random_forest,1,1,0.6733333333333333,14
STEW,23,random_forest,1,1,0.77,15
STEW,23,random_forest,1,1,0.65,15
STEW,23,random_forest,1,0,0.48,15
STEW,23,random_forest,1,1,0.6666666666666666,15
STEW,23,random_forest,1,1,0.5033333333333333,15
STEW,23,random_forest,1,1,0.5566666666666666,15
STEW,23,random_forest,1,0,0.42333333333333334,15
STEW,23,random_forest,1,0,0.4533333333333333,15
STEW,23,random_forest,1,0,0.30666666666666664,15
STEW,23,random_forest,1,1,0.6,15
STEW,23,random_forest,0,0,0.17666666666666667,15
STEW,23,random_forest,0,0,0.17,15
STEW,23,random_forest,0,0,0.31666666666666665,15
STEW,23,random_forest,0,0,0.09666666666666666,15
STEW,23,random_forest,0,0,0.11666666666666667,15
STEW,23,random_forest,0,0,0.10333333333333333,15
STEW,23,random_forest,0,0,0.21666666666666667,15
STEW,23,random_forest,0,0,0.2866666666666667,15
STEW,23,random_forest,0,0,0.24,15
STEW,23,random_forest,0,0,0.07,15
STEW,23,random_forest,0,0,0.13666666666666666,15
STEW,24,random_forest,0,0,0.23333333333333334,16
STEW,24,random_forest,1,1,0.51,16
STEW,24,random_forest,1,1,0.6833333333333333,16
STEW,24,random_forest,1,1,0.5233333333333333,16
STEW,24,random_forest,1,0,0.36666666666666664,16
STEW,24,random_forest,1,0,0.31666666666666665,16
STEW,24,random_forest,1,0,0.36,16
STEW,24,random_forest,1,1,0.6,16
STEW,24,random_forest,1,1,0.5533333333333333,16
STEW,24,random_forest,1,1,0.6,16
STEW,24,random_forest,1,0,0.3433333333333333,16
STEW,24,random_forest,1,0,0.3566666666666667,16
STEW,24,random_forest,1,0,0.3566666666666667,16
STEW,24,random_forest,1,0,0.36,16
STEW,24,random_forest,1,0,0.32,16
STEW,24,random_forest,1,1,0.7233333333333334,16
STEW,24,random_forest,1,0,0.36333333333333334,16
STEW,24,random_forest,1,0,0.38666666666666666,16
STEW,24,random_forest,1,1,0.53,16
STEW,24,random_forest,0,0,0.20666666666666667,16
STEW,24,random_forest,0,0,0.22333333333333333,16
STEW,24,random_forest,0,0,0.18333333333333332,16
STEW,24,random_forest,0,0,0.30333333333333334,16
STEW,24,random_forest,0,0,0.27,16
STEW,24,random_forest,0,0,0.36333333333333334,16
STEW,24,random_forest,0,0,0.14666666666666667,16
STEW,24,random_forest,0,0,0.22,16
STEW,24,random_forest,0,0,0.13,16
STEW,24,random_forest,0,0,0.17333333333333334,16
STEW,24,random_forest,0,0,0.30333333333333334,16
STEW,24,random_forest,0,0,0.29333333333333333,16
STEW,24,random_forest,0,0,0.22666666666666666,16
STEW,24,random_forest,0,0,0.32666666666666666,16
STEW,24,random_forest,0,0,0.26666666666666666,16
STEW,24,random_forest,0,0,0.39666666666666667,16
STEW,24,random_forest,0,0,0.3433333333333333,16
STEW,24,random_forest,0,0,0.3333333333333333,16
STEW,24,random_forest,0,0,0.19333333333333333,16
STEW,25,random_forest,1,0,0.15333333333333332,17
STEW,25,random_forest,1,0,0.19333333333333333,17
STEW,25,random_forest,1,0,0.38333333333333336,17
STEW,25,random_forest,1,0,0.4033333333333333,17
STEW,25,random_forest,1,0,0.33666666666666667,17
STEW,25,random_forest,1,0,0.49666666666666665,17
STEW,25,random_forest,1,1,0.5666666666666667,17
STEW,25,random_forest,1,1,0.5166666666666667,17
STEW,25,random_forest,1,0,0.4066666666666667,17
STEW,25,random_forest,1,0,0.31333333333333335,17
STEW,25,random_forest,1,0,0.14333333333333334,17
STEW,25,random_forest,1,0,0.37,17
STEW,25,random_forest,1,0,0.27666666666666667,17
STEW,25,random_forest,1,1,0.6533333333333333,17
STEW,25,random_forest,1,0,0.47333333333333333,17
STEW,25,random_forest,1,0,0.16333333333333333,17
STEW,25,random_forest,1,0,0.18333333333333332,17
STEW,25,random_forest,1,0,0.31333333333333335,17
STEW,25,random_forest,1,0,0.25,17
STEW,25,random_forest,1,1,0.5466666666666666,17
STEW,25,random_forest,1,0,0.33666666666666667,17
STEW,25,random_forest,1,0,0.28,17
STEW,25,random_forest,1,0,0.3566666666666667,17
STEW,25,random_forest,1,1,0.5333333333333333,17
STEW,25,random_forest,0,0,0.13333333333333333,17
STEW,25,random_forest,0,0,0.12666666666666668,17
STEW,25,random_forest,0,0,0.08666666666666667,17
STEW,25,random_forest,0,0,0.2,17
STEW,25,random_forest,0,0,0.11333333333333333,17
STEW,25,random_forest,0,0,0.18666666666666668,17
STEW,25,random_forest,0,0,0.07333333333333333,17
STEW,25,random_forest,0,0,0.30333333333333334,17
STEW,25,random_forest,0,0,0.11,17
STEW,25,random_forest,0,0,0.11333333333333333,17
STEW,25,random_forest,0,0,0.24666666666666667,17
STEW,25,random_forest,0,0,0.13,17
STEW,25,random_forest,0,0,0.11,17
STEW,25,random_forest,0,0,0.04666666666666667,17
STEW,25,random_forest,0,1,0.6266666666666667,17
STEW,25,random_forest,0,0,0.10333333333333333,17
STEW,26,random_forest,0,0,0.38333333333333336,18
STEW,26,random_forest,0,0,0.38666666666666666,18
STEW,26,random_forest,0,0,0.49333333333333335,18
STEW,26,random_forest,0,1,0.5266666666666666,18
STEW,26,random_forest,0,0,0.2,18
STEW,26,random_forest,0,0,0.3,18
STEW,26,random_forest,0,0,0.3433333333333333,18
STEW,26,random_forest,0,0,0.47,18
STEW,26,random_forest,0,0,0.2833333333333333,18
STEW,26,random_forest,0,0,0.03666666666666667,18
STEW,26,random_forest,0,0,0.3933333333333333,18
STEW,26,random_forest,0,0,0.31333333333333335,18
STEW,26,random_forest,0,0,0.35,18
STEW,26,random_forest,0,0,0.39666666666666667,18
STEW,26,random_forest,0,0,0.25666666666666665,18
STEW,26,random_forest,0,0,0.39666666666666667,18
STEW,26,random_forest,0,1,0.6033333333333334,18
STEW,26,random_forest,0,1,0.8033333333333333,18
STEW,26,random_forest,0,0,0.33,18
STEW,26,random_forest,0,1,0.64,18
STEW,26,random_forest,0,1,0.58,18
STEW,26,random_forest,0,1,0.6033333333333334,18
STEW,26,random_forest,0,0,0.36333333333333334,18
STEW,26,random_forest,0,0,0.32666666666666666,18
STEW,26,random_forest,0,0,0.25333333333333335,18
STEW,26,random_forest,0,0,0.4266666666666667,18
STEW,26,random_forest,0,0,0.26666666666666666,18
STEW,26,random_forest,1,1,0.6366666666666667,18
STEW,26,random_forest,1,1,0.6866666666666666,18
STEW,26,random_forest,1,0,0.30666666666666664,18
STEW,26,random_forest,1,0,0.4633333333333333,18
STEW,26,random_forest,1,0,0.49333333333333335,18
STEW,26,random_forest,1,0,0.42333333333333334,18
STEW,26,random_forest,1,1,0.54,18
STEW,26,random_forest,1,1,0.5033333333333333,18
STEW,26,random_forest,1,1,0.71,18
STEW,26,random_forest,1,1,0.6833333333333333,18
STEW,26,random_forest,1,1,0.5933333333333334,18
STEW,26,random_forest,1,0,0.3433333333333333,18
STEW,26,random_forest,1,0,0.4266666666666667,18
STEW,26,random_forest,1,0,0.4166666666666667,18
STEW,26,random_forest,1,1,0.59,18
STEW,26,random_forest,1,1,0.6833333333333333,18
STEW,26,random_forest,1,1,0.8066666666666666,18
STEW,26,random_forest,1,1,0.7266666666666667,18
STEW,26,random_forest,1,1,0.7333333333333333,18
STEW,27,random_forest,0,0,0.49666666666666665,19
STEW,27,random_forest,0,0,0.35,19
STEW,27,random_forest,0,0,0.25333333333333335,19
STEW,27,random_forest,0,0,0.47333333333333333,19
STEW,27,random_forest,0,1,0.84,19
STEW,27,random_forest,0,1,0.65,19
STEW,27,random_forest,0,0,0.41,19
STEW,27,random_forest,0,0,0.43,19
STEW,27,random_forest,0,0,0.48333333333333334,19
STEW,27,random_forest,0,0,0.49666666666666665,19
STEW,27,random_forest,0,0,0.31333333333333335,19
STEW,27,random_forest,0,0,0.43,19
STEW,27,random_forest,0,0,0.41,19
STEW,27,random_forest,0,0,0.23333333333333334,19
STEW,27,random_forest,0,0,0.4266666666666667,19
STEW,27,random_forest,0,1,0.5666666666666667,19
STEW,27,random_forest,0,0,0.3566666666666667,19
STEW,27,random_forest,0,0,0.33,19
STEW,27,random_forest,0,0,0.43,19
STEW,27,random_forest,0,0,0.22666666666666666,19
STEW,27,random_forest,0,1,0.63,19
STEW,27,random_forest,0,1,0.52,19
STEW,27,random_forest,1,1,0.7333333333333333,19
STEW,27,random_forest,1,1,0.5566666666666666,19
STEW,27,random_forest,1,1,0.5333333333333333,19
STEW,27,random_forest,1,1,0.6,19
STEW,27,random_forest,1,1,0.6433333333333333,19
STEW,27,random_forest,1,1,0.6633333333333333,19
STEW,27,random_forest,1,1,0.7666666666666667,19
STEW,27,random_forest,1,1,0.7066666666666667,19
STEW,27,random_forest,1,1,0.6966666666666667,19
STEW,27,random_forest,1,1,0.6466666666666666,19
STEW,27,random_forest,1,1,0.8866666666666667,19
STEW,27,random_forest,1,1,0.7466666666666667,19
STEW,27,random_forest,1,1,0.8266666666666667,19
STEW,27,random_forest,1,1,0.6633333333333333,19
STEW,27,random_forest,1,1,0.6266666666666667,19
STEW,27,random_forest,1,1,0.64,19
STEW,27,random_forest,1,1,0.5366666666666666,19
STEW,27,random_forest,1,1,0.6933333333333334,19
STEW,27,random_forest,1,1,0.72,19
STEW,28,random_forest,1,1,0.92,20
STEW,28,random_forest,1,1,0.82,20
STEW,28,random_forest,1,1,0.9133333333333333,20
STEW,28,random_forest,1,1,0.8433333333333334,20
STEW,28,random_forest,1,1,0.8733333333333333,20
STEW,28,random_forest,1,1,0.9,20
STEW,28,random_forest,1,1,0.7033333333333334,20
STEW,28,random_forest,1,1,0.7233333333333334,20
STEW,28,random_forest,1,0,0.33666666666666667,20
STEW,28,random_forest,1,1,0.8533333333333334,20
STEW,28,random_forest,1,1,0.7966666666666666,20
STEW,28,random_forest,1,1,0.7033333333333334,20
STEW,28,random_forest,1,1,0.8366666666666667,20
STEW,28,random_forest,1,1,0.8866666666666667,20
STEW,28,random_forest,1,1,0.7666666666666667,20
STEW,28,random_forest,1,1,0.8133333333333334,20
STEW,28,random_forest,1,1,0.64,20
STEW,28,random_forest,1,1,0.76,20
STEW,28,random_forest,1,1,0.5866666666666667,20
STEW,28,random_forest,1,1,0.6533333333333333,20
STEW,28,random_forest,1,1,0.6366666666666667,20
STEW,28,random_forest,1,0,0.47,20
STEW,28,random_forest,1,1,0.6233333333333333,20
STEW,28,random_forest,0,1,0.6466666666666666,20
STEW,28,random_forest,0,1,0.6266666666666667,20
STEW,28,random_forest,0,0,0.34,20
STEW,28,random_forest,0,1,0.5033333333333333,20
STEW,28,random_forest,0,0,0.29,20
STEW,28,random_forest,0,0,0.39,20
STEW,28,random_forest,0,0,0.38333333333333336,20
STEW,28,random_forest,0,0,0.33,20
STEW,28,random_forest,0,1,0.52,20
STEW,28,random_forest,0,1,0.7233333333333334,20
STEW,28,random_forest,0,0,0.48,20
STEW,28,random_forest,0,0,0.30333333333333334,20
STEW,28,random_forest,0,0,0.2833333333333333,20
STEW,28,random_forest,0,0,0.2633333333333333,20
STEW,28,random_forest,0,1,0.5466666666666666,20
STEW,28,random_forest,0,1,0.5833333333333334,20
STEW,28,random_forest,0,1,0.5633333333333334,20
STEW,28,random_forest,0,1,0.5266666666666666,20
STEW,28,random_forest,0,0,0.44666666666666666,20
STEW,28,random_forest,0,0,0.4866666666666667,20
STEW,28,random_forest,0,0,0.37333333333333335,20
STEW,28,random_forest,0,0,0.38666666666666666,20
STEW,29,random_forest,0,0,0.41333333333333333,21
STEW,29,random_forest,0,1,0.77,21
STEW,29,random_forest,0,0,0.44,21
STEW,29,random_forest,0,1,0.89,21
STEW,29,random_forest,0,0,0.20666666666666667,21
STEW,29,random_forest,0,0,0.37,21
STEW,29,random_forest,0,0,0.3466666666666667,21
STEW,29,random_forest,0,0,0.3233333333333333,21
STEW,29,random_forest,0,1,0.6333333333333333,21
STEW,29,random_forest,0,1,0.5566666666666666,21
STEW,29,random_forest,0,1,0.5666666666666667,21
STEW,29,random_forest,0,1,0.61,21
STEW,29,random_forest,1,1,0.9133333333333333,21
STEW,29,random_forest,1,1,0.9266666666666666,21
STEW,29,random_forest,1,1,0.91,21
STEW,29,random_forest,1,1,0.8,21
STEW,29,random_forest,1,1,0.9133333333333333,21
STEW,29,random_forest,1,1,0.7433333333333333,21
STEW,29,random_forest,1,1,0.6766666666666666,21
STEW,29,random_forest,1,1,0.7066666666666667,21
STEW,29,random_forest,1,1,0.65,21
STEW,29,random_forest,1,1,0.8933333333333333,21
STEW,29,random_forest,1,1,0.6433333333333333,21
STEW,29,random_forest,1,1,0.8833333333333333,21
STEW,29,random_forest,1,1,0.8866666666666667,21
STEW,29,random_forest,1,1,0.65,21
STEW,29,random_forest,1,1,0.7066666666666667,21
STEW,29,random_forest,1,1,0.75,21
STEW,29,random_forest,1,1,0.82,21
STEW,29,random_forest,1,1,0.8366666666666667,21
STEW,29,random_forest,1,1,0.9233333333333333,21
STEW,29,random_forest,1,1,0.92,21
STEW,3,random_forest,0,0,0.22333333333333333,22
STEW,3,random_forest,0,0,0.41,22
STEW,3,random_forest,0,0,0.4033333333333333,22
STEW,3,random_forest,0,1,0.7233333333333334,22
STEW,3,random_forest,0,1,0.7933333333333333,22
STEW,3,random_forest,0,1,0.72,22
STEW,3,random_forest,0,1,0.8266666666666667,22
STEW,3,random_forest,0,1,0.61,22
STEW,3,random_forest,0,1,0.68,22
STEW,3,random_forest,0,0,0.2866666666666667,22
STEW,3,random_forest,0,0,0.43333333333333335,22
STEW,3,random_forest,0,0,0.28,22
STEW,3,random_forest,0,0,0.37,22
STEW,3,random_forest,0,0,0.27666666666666667,22
STEW,3,random_forest,0,0,0.3333333333333333,22
STEW,3,random_forest,0,0,0.22,22
STEW,3,random_forest,0,0,0.26,22
STEW,3,random_forest,1,1,0.78,22
STEW,3,random_forest,1,1,0.5533333333333333,22
STEW,3,random_forest,1,0,0.44333333333333336,22
STEW,3,random_forest,1,1,0.7033333333333334,22
STEW,3,random_forest,1,1,0.8666666666666667,22
STEW,3,random_forest,1,1,0.9166666666666666,22
STEW,3,random_forest,1,0,0.49333333333333335,22
STEW,3,random_forest,1,1,0.6433333333333333,22
STEW,3,random_forest,1,1,0.66,22
STEW,3,random_forest,1,1,0.79,22
STEW,3,random_forest,1,0,0.41333333333333333,22
STEW,3,random_forest,1,0,0.4266666666666667,22
STEW,3,random_forest,1,1,0.63,22
STEW,3,random_forest,1,1,0.54,22
STEW,3,random_forest,1,0,0.37,22
STEW,3,random_forest,1,1,0.82,22
STEW,3,random_forest,1,1,0.8066666666666666,22
STEW,3,random_forest,1,0,0.44,22
STEW,3,random_forest,1,1,0.7066666666666667,22
STEW,3,random_forest,1,0,0.3466666666666667,22
STEW,3,random_forest,1,1,0.8866666666666667,22
STEW,3,random_forest,1,1,0.8833333333333333,22
STEW,3,random_forest,1,1,0.8866666666666667,22
STEW,30,random_forest,1,1,0.8533333333333334,23
STEW,30,random_forest,1,1,0.6933333333333334,23
STEW,30,random_forest,1,1,0.89,23
STEW,30,random_forest,1,1,0.8533333333333334,23
STEW,30,random_forest,1,1,0.9266666666666666,23
STEW,30,random_forest,1,0,0.3466666666666667,23
STEW,30,random_forest,1,1,0.9166666666666666,23
STEW,30,random_forest,1,1,0.75,23
STEW,30,random_forest,1,1,0.9266666666666666,23
STEW,30,random_forest,1,1,0.9066666666666666,23
STEW,30,random_forest,1,1,0.8633333333333333,23
STEW,30,random_forest,0,0,0.31,23
STEW,30,random_forest,0,0,0.36,23
STEW,30,random_forest,0,1,0.51,23
STEW,30,random_forest,0,0,0.38666666666666666,23
STEW,30,random_forest,0,1,0.5633333333333334,23
STEW,30,random_forest,0,0,0.29,23
STEW,30,random_forest,0,1,0.5533333333333333,23
STEW,30,random_forest,0,1,0.5366666666666666,23
STEW,30,random_forest,0,0,0.37,23
STEW,30,random_forest,0,1,0.6433333333333333,23
STEW,30,random_forest,0,0,0.45666666666666667,23
STEW,30,random_forest,0,0,0.31,23
STEW,30,random_forest,0,0,0.31333333333333335,23
STEW,30,random_forest,0,0,0.36333333333333334,23
STEW,30,random_forest,0,0,0.2733333333333333,23
STEW,31,random_forest,1,1,0.59,24
STEW,31,random_forest,1,0,0.49333333333333335,24
STEW,31,random_forest,1,1,0.8233333333333334,24
STEW,31,random_forest,1,1,0.6533333333333333,24
STEW,31,random_forest,1,1,0.7133333333333334,24
STEW,31,random_forest,1,1,0.7333333333333333,24
STEW,31,random_forest,1,1,0.7166666666666667,24
STEW,31,random_forest,1,1,0.6266666666666667,24
STEW,31,random_forest,1,1,0.69,24
STEW,31,random_forest,1,1,0.6566666666666666,24
STEW,31,random_forest,1,1,0.6766666666666666,24
STEW,31,random_forest,1,1,0.6733333333333333,24
STEW,31,random_forest,1,1,0.7933333333333333,24
STEW,31,random_forest,1,1,0.75,24
STEW,31,random_forest,1,1,0.7266666666666667,24
STEW,31,random_forest,1,1,0.8933333333333333,24
STEW,31,random_forest,1,1,0.7,24
STEW,31,random_forest,1,1,0.6166666666666667,24
STEW,31,random_forest,1,1,0.82,24
STEW,31,random_forest,0,0,0.16333333333333333,24
STEW,31,random_forest,0,0,0.22,24
STEW,31,random_forest,0,0,0.26666666666666666,24
STEW,31,random_forest,0,0,0.03666666666666667,24
STEW,31,random_forest,0,0,0.25,24
STEW,31,random_forest,0,0,0.2833333333333333,24
STEW,31,random_forest,0,0,0.3333333333333333,24
STEW,31,random_forest,0,0,0.31,24
STEW,31,random_forest,0,0,0.29,24
STEW,31,random_forest,0,0,0.27666666666666667,24
STEW,31,random_forest,0,0,0.2733333333333333,24
STEW,31,random_forest,0,0,0.30333333333333334,24
STEW,31,random_forest,0,0,0.13,24
STEW,31,random_forest,0,1,0.5466666666666666,24
STEW,31,random_forest,0,0,0.22,24
STEW,31,random_forest,0,0,0.38333333333333336,24
STEW,31,random_forest,0,0,0.41333333333333333,24
STEW,31,random_forest,0,1,0.5933333333333334,24
STEW,31,random_forest,0,0,0.22,24
STEW,31,random_forest,0,0,0.24,24
STEW,31,random_forest,0,0,0.32666666666666666,24
STEW,31,random_forest,0,0,0.23,24
STEW,31,random_forest,0,0,0.27,24
STEW,31,random_forest,0,0,0.35,24
STEW,31,random_forest,0,0,0.2966666666666667,24
STEW,31,random_forest,0,0,0.4866666666666667,24
STEW,31,random_forest,0,0,0.3566666666666667,24
STEW,31,random_forest,0,0,0.3233333333333333,24
STEW,31,random_forest,0,0,0.21333333333333335,24
STEW,31,random_forest,0,0,0.20333333333333334,24
STEW,31,random_forest,0,0,0.23,24
STEW,32,random_forest,0,1,0.7933333333333333,25
STEW,32,random_forest,0,1,0.7033333333333334,25
STEW,32,random_forest,0,1,0.7066666666666667,25
STEW,32,random_forest,0,1,0.9233333333333333,25
STEW,32,random_forest,0,0,0.25,25
STEW,32,random_forest,0,0,0.21,25
STEW,32,random_forest,0,1,0.8133333333333334,25
STEW,32,random_forest,0,1,0.75,25
STEW,32,random_forest,0,1,0.6466666666666666,25
STEW,32,random_forest,0,1,0.8733333333333333,25
STEW,32,random_forest,0,1,0.7866666666666666,25
STEW,32,random_forest,0,1,0.7533333333333333,25
STEW,32,random_forest,0,1,0.5433333333333333,25
STEW,32,random_forest,0,1,0.7566666666666667,25
STEW,32,random_forest,0,1,0.5366666666666666,25
STEW,32,random_forest,1,1,0.67,25
STEW,32,random_forest,1,1,0.6866666666666666,25
STEW,32,random_forest,1,1,0.6833333333333333,25
STEW,32,random_forest,1,1,0.5566666666666666,25
STEW,32,random_forest,1,1,0.5466666666666666,25
STEW,32,random_forest,1,1,0.75,25
STEW,32,random_forest,1,1,0.8,25
STEW,32,random_forest,1,1,0.53,25
STEW,32,random_forest,1,1,0.67,25
STEW,32,random_forest,1,1,0.6266666666666667,25
STEW,32,random_forest,1,1,0.63,25
STEW,32,random_forest,1,1,0.5233333333333333,25
STEW,32,random_forest,1,0,0.27666666666666667,25
STEW,32,random_forest,1,1,0.6433333333333333,25
STEW,32,random_forest,1,0,0.39666666666666667,25
STEW,32,random_forest,1,1,0.6333333333333333,25
STEW,32,random_forest,1,1,0.5833333333333334,25
STEW,32,random_forest,1,1,0.92,25
STEW,33,random_forest,0,0,0.3433333333333333,26
STEW,33,random_forest,0,1,0.5033333333333333,26
STEW,33,random_forest,0,0,0.35333333333333333,26
STEW,33,random_forest,0,0,0.45,26
STEW,33,random_forest,0,0,0.38333333333333336,26
STEW,33,random_forest,0,0,0.45,26
STEW,33,random_forest,0,0,0.24,26
STEW,33,random_forest,0,0,0.24666666666666667,26
STEW,33,random_forest,0,0,0.28,26
STEW,33,random_forest,0,0,0.27,26
STEW,33,random_forest,0,0,0.2966666666666667,26
STEW,33,random_forest,0,0,0.25333333333333335,26
STEW,33,random_forest,0,0,0.30666666666666664,26
STEW,33,random_forest,0,1,0.6233333333333333,26
STEW,33,random_forest,0,1,0.61,26
STEW,33,random_forest,0,0,0.2866666666666667,26
STEW,33,random_forest,0,0,0.30666666666666664,26
STEW,33,random_forest,0,0,0.27666666666666667,26
STEW,33,random_forest,0,0,0.41333333333333333,26
STEW,33,random_forest,0,1,0.55,26
STEW,33,random_forest,0,1,0.52,26
STEW,33,random_forest,0,1,0.5933333333333334,26
STEW,33,random_forest,1,1,0.57,26
STEW,33,random_forest,1,1,0.8366666666666667,26
STEW,33,random_forest,1,1,0.7166666666666667,26
STEW,33,random_forest,1,1,0.7466666666666667,26
STEW,33,random_forest,1,0,0.5,26
STEW,33,random_forest,1,1,0.7333333333333333,26
STEW,33,random_forest,1,1,0.6566666666666666,26
STEW,33,random_forest,1,1,0.6766666666666666,26
STEW,33,random_forest,1,1,0.7233333333333334,26
STEW,33,random_forest,1,1,0.7433333333333333,26
STEW,33,random_forest,1,1,0.81,26
STEW,33,random_forest,1,1,0.7633333333333333,26
STEW,33,random_forest,1,1,0.8666666666666667,26
STEW,33,random_forest,1,1,0.7766666666666666,26
STEW,33,random_forest,1,0,0.4866666666666667,26
STEW,33,random_forest,1,0,0.38333333333333336,26
STEW,33,random_forest,1,1,0.8333333333333334,26
STEW,33,random_forest,1,1,0.62,26
STEW,33,random_forest,1,1,0.7266666666666667,26
STEW,33,random_forest,1,1,0.5666666666666667,26
STEW,33,random_forest,1,1,0.71,26
STEW,33,random_forest,1,1,0.85,26
STEW,33,random_forest,1,1,0.7333333333333333,26
STEW,33,random_forest,1,1,0.5766666666666667,26
STEW,33,random_forest,1,0,0.44666666666666666,26
STEW,33,random_forest,1,1,0.86,26
STEW,33,random_forest,1,1,0.61,26
STEW,33,random_forest,1,0,0.4866666666666667,26
STEW,34,random_forest,0,0,0.20666666666666667,27
STEW,34,random_forest,0,0,0.23666666666666666,27
STEW,34,random_forest,0,0,0.23666666666666666,27
STEW,34,random_forest,0,0,0.33666666666666667,27
STEW,34,random_forest,0,0,0.35333333333333333,27
STEW,34,random_forest,0,0,0.37666666666666665,27
STEW,34,random_forest,0,0,0.36,27
STEW,34,random_forest,0,0,0.23666666666666666,27
STEW,34,random_forest,0,0,0.24666666666666667,27
STEW,34,random_forest,0,0,0.10666666666666667,27
STEW,34,random_forest,0,0,0.22,27
STEW,34,random_forest,0,0,0.13,27
STEW,34,random_forest,0,0,0.09666666666666666,27
STEW,34,random_forest,0,0,0.27666666666666667,27
STEW,34,random_forest,0,0,0.16,27
STEW,34,random_forest,0,0,0.23333333333333334,27
STEW,34,random_forest,1,1,0.6233333333333333,27
STEW,34,random_forest,1,0,0.5,27
STEW,34,random_forest,1,1,0.5166666666666667,27
STEW,34,random_forest,1,1,0.5933333333333334,27
STEW,34,random_forest,1,1,0.67,27
STEW,34,random_forest,1,0,0.4766666666666667,27
STEW,34,random_forest,1,0,0.3433333333333333,27
STEW,34,random_forest,1,0,0.49666666666666665,27
STEW,34,random_forest,1,0,0.19333333333333333,27
STEW,34,random_forest,1,0,0.18333333333333332,27
STEW,34,random_forest,1,0,0.2966666666666667,27
STEW,34,random_forest,1,0,0.27666666666666667,27
STEW,34,random_forest,1,0,0.2833333333333333,27
STEW,34,random_forest,1,0,0.37,27
STEW,34,random_forest,1,1,0.5266666666666666,27
STEW,34,random_forest,1,0,0.5,27
STEW,34,random_forest,1,0,0.47333333333333333,27
STEW,34,random_forest,1,1,0.6933333333333334,27
STEW,34,random_forest,1,0,0.44,27
STEW,34,random_forest,1,0,0.43,27
STEW,34,random_forest,1,1,0.5933333333333334,27
STEW,35,random_forest,0,0,0.4,28
STEW,35,random_forest,0,0,0.2,28
STEW,35,random_forest,0,0,0.10333333333333333,28
STEW,35,random_forest,0,0,0.17,28
STEW,35,random_forest,0,0,0.23,28
STEW,35,random_forest,0,0,0.21333333333333335,28
STEW,35,random_forest,0,0,0.31666666666666665,28
STEW,35,random_forest,0,0,0.2633333333333333,28
STEW,35,random_forest,0,0,0.22666666666666666,28
STEW,35,random_forest,0,0,0.31333333333333335,28
STEW,35,random_forest,0,0,0.15,28
STEW,35,random_forest,0,0,0.25,28
STEW,35,random_forest,0,0,0.09333333333333334,28
STEW,35,random_forest,0,0,0.05,28
STEW,35,random_forest,0,0,0.10333333333333333,28
STEW,35,random_forest,0,0,0.18,28
STEW,35,random_forest,0,0,0.09666666666666666,28
STEW,35,random_forest,1,0,0.07,28
STEW,35,random_forest,1,0,0.47,28
STEW,35,random_forest,1,1,0.5033333333333333,28
STEW,35,random_forest,1,1,0.68,28
STEW,35,random_forest,1,1,0.7333333333333333,28
STEW,35,random_forest,1,1,0.67,28
STEW,35,random_forest,1,1,0.62,28
STEW,35,random_forest,1,0,0.04666666666666667,28
STEW,35,random_forest,1,0,0.26,28
STEW,35,random_forest,1,0,0.27666666666666667,28
STEW,35,random_forest,1,0,0.26666666666666666,28
STEW,35,random_forest,1,0,0.3433333333333333,28
STEW,35,random_forest,1,0,0.21666666666666667,28
STEW,35,random_forest,1,0,0.25333333333333335,28
STEW,35,random_forest,1,0,0.13666666666666666,28
STEW,35,random_forest,1,0,0.23333333333333334,28
STEW,35,random_forest,1,0,0.4766666666666667,28
STEW,35,random_forest,1,0,0.25333333333333335,28
STEW,35,random_forest,1,0,0.3333333333333333,28
STEW,35,random_forest,1,0,0.07666666666666666,28
STEW,35,random_forest,1,0,0.4866666666666667,28
STEW,35,random_forest,1,0,0.48,28
STEW,36,random_forest,1,1,0.7766666666666666,29
STEW,36,random_forest,1,1,0.8033333333333333,29
STEW,36,random_forest,1,1,0.8033333333333333,29
STEW,36,random_forest,1,1,0.8433333333333334,29
STEW,36,random_forest,1,1,0.8666666666666667,29
STEW,36,random_forest,1,1,0.8666666666666667,29
STEW,36,random_forest,1,1,0.7866666666666666,29
STEW,36,random_forest,1,1,0.9,29
STEW,36,random_forest,1,1,0.85,29
STEW,36,random_forest,1,1,0.8233333333333334,29
STEW,36,random_forest,1,1,0.8433333333333334,29
STEW,36,random_forest,1,1,0.8366666666666667,29
STEW,36,random_forest,1,1,0.8,29
STEW,36,random_forest,1,1,0.7633333333333333,29
STEW,36,random_forest,1,1,0.7733333333333333,29
STEW,36,random_forest,1,1,0.7233333333333334,29
STEW,36,random_forest,1,1,0.65,29
STEW,36,random_forest,1,1,0.6933333333333334,29
STEW,36,random_forest,0,0,0.23,29
STEW,36,random_forest,0,0,0.22666666666666666,29
STEW,36,random_forest,0,1,0.5633333333333334,29
STEW,36,random_forest,0,1,0.6433333333333333,29
STEW,36,random_forest,0,1,0.5333333333333333,29
STEW,36,random_forest,0,0,0.4766666666666667,29
STEW,36,random_forest,0,0,0.20666666666666667,29
STEW,36,random_forest,0,0,0.38,29
STEW,36,random_forest,0,0,0.3433333333333333,29
STEW,36,random_forest,0,0,0.4633333333333333,29
STEW,36,random_forest,0,0,0.5,29
STEW,36,random_forest,0,0,0.22333333333333333,29
STEW,36,random_forest,0,1,0.58,29
STEW,36,random_forest,0,0,0.26,29
STEW,36,random_forest,0,0,0.36,29
STEW,36,random_forest,0,0,0.37666666666666665,29
STEW,36,random_forest,0,1,0.51,29
STEW,36,random_forest,0,1,0.5733333333333334,29
STEW,36,random_forest,0,1,0.75,29
STEW,36,random_forest,0,1,0.62,29
STEW,36,random_forest,0,0,0.4666666666666667,29
STEW,36,random_forest,0,1,0.68,29
STEW,36,random_forest,0,0,0.38333333333333336,29
STEW,36,random_forest,0,1,0.7466666666666667,29
STEW,36,random_forest,0,1,0.59,29
STEW,36,random_forest,0,0,0.41333333333333333,29
STEW,36,random_forest,0,1,0.5066666666666667,29
STEW,36,random_forest,0,0,0.21,29
STEW,37,random_forest,0,1,0.7666666666666667,30
STEW,37,random_forest,0,1,0.7133333333333334,30
STEW,37,random_forest,0,1,0.66,30
STEW,37,random_forest,0,0,0.42333333333333334,30
STEW,37,random_forest,0,1,0.62,30
STEW,37,random_forest,0,1,0.61,30
STEW,37,random_forest,0,1,0.54,30
STEW,37,random_forest,0,1,0.6766666666666666,30
STEW,37,random_forest,0,1,0.7266666666666667,30
STEW,37,random_forest,0,1,0.6766666666666666,30
STEW,37,random_forest,0,1,0.8566666666666667,30
STEW,37,random_forest,0,1,0.6766666666666666,30
STEW,37,random_forest,0,1,0.5966666666666667,30
STEW,37,random_forest,0,1,0.7533333333333333,30
STEW,37,random_forest,0,1,0.7966666666666666,30
STEW,37,random_forest,0,1,0.67,30
STEW,37,random_forest,0,1,0.8066666666666666,30
STEW,37,random_forest,0,1,0.82,30
STEW,37,random_forest,0,1,0.62,30
STEW,37,random_forest,0,1,0.5533333333333333,30
STEW,37,random_forest,0,1,0.6166666666666667,30
STEW,37,random_forest,1,1,0.8266666666666667,30
STEW,37,random_forest,1,1,0.7866666666666666,30
STEW,37,random_forest,1,1,0.5733333333333334,30
STEW,37,random_forest,1,1,0.5066666666666667,30
STEW,37,random_forest,1,1,0.5533333333333333,30
STEW,37,random_forest,1,1,0.6633333333333333,30
STEW,37,random_forest,1,1,0.5766666666666667,30
STEW,37,random_forest,1,1,0.66,30
STEW,37,random_forest,1,1,0.67,30
STEW,37,random_forest,1,0,0.4033333333333333,30
STEW,37,random_forest,1,0,0.44333333333333336,30
STEW,37,random_forest,1,1,0.84,30
STEW,37,random_forest,1,1,0.8533333333333334,30
STEW,37,random_forest,1,1,0.5566666666666666,30
STEW,37,random_forest,1,1,0.5066666666666667,30
STEW,37,random_forest,1,0,0.4666666666666667,30
STEW,37,random_forest,1,1,0.5866666666666667,30
STEW,37,random_forest,1,1,0.6566666666666666,30
STEW,37,random_forest,1,1,0.7166666666666667,30
STEW,37,random_forest,1,1,0.55,30
STEW,37,random_forest,1,1,0.73,30
STEW,37,random_forest,1,1,0.5166666666666667,30
STEW,37,random_forest,1,1,0.6433333333333333,30
STEW,37,random_forest,1,1,0.8533333333333334,30
STEW,37,random_forest,1,1,0.7,30
STEW,37,random_forest,1,1,0.58,30
STEW,37,random_forest,1,1,0.7666666666666667,30
STEW,38,random_forest,1,1,0.5133333333333333,31
STEW,38,random_forest,1,1,0.6066666666666667,31
STEW,38,random_forest,1,1,0.5433333333333333,31
STEW,38,random_forest,1,0,0.47,31
STEW,38,random_forest,1,0,0.3933333333333333,31
STEW,38,random_forest,1,0,0.4033333333333333,31
STEW,38,random_forest,1,0,0.36333333333333334,31
STEW,38,random_forest,1,0,0.46,31
STEW,38,random_forest,1,0,0.42333333333333334,31
STEW,38,random_forest,1,0,0.42333333333333334,31
STEW,38,random_forest,1,0,0.49666666666666665,31
STEW,38,random_forest,1,1,0.6133333333333333,31
STEW,38,random_forest,1,1,0.72,31
STEW,38,random_forest,1,1,0.65,31
STEW,38,random_forest,1,1,0.6466666666666666,31
STEW,38,random_forest,1,0,0.49333333333333335,31
STEW,38,random_forest,1,1,0.6566666666666666,31
STEW,38,random_forest,1,0,0.4866666666666667,31
STEW,38,random_forest,1,0,0.43666666666666665,31
STEW,38,random_forest,1,1,0.5733333333333334,31
STEW,38,random_forest,0,0,0.20666666666666667,31
STEW,38,random_forest,0,0,0.47333333333333333,31
STEW,38,random_forest,0,0,0.42333333333333334,31
STEW,38,random_forest,0,0,0.37333333333333335,31
STEW,38,random_forest,0,0,0.3,31
STEW,38,random_forest,0,0,0.4166666666666667,31
STEW,38,random_forest,0,0,0.4666666666666667,31
STEW,38,random_forest,0,0,0.44,31
STEW,38,random_forest,0,0,0.33,31
STEW,38,random_forest,0,0,0.38333333333333336,31
STEW,38,random_forest,0,0,0.35333333333333333,31
STEW,38,random_forest,0,1,0.53,31
STEW,38,random_forest,0,0,0.37666666666666665,31
STEW,38,random_forest,0,1,0.5233333333333333,31
STEW,38,random_forest,0,0,0.47,31
STEW,38,random_forest,0,0,0.49333333333333335,31
STEW,38,random_forest,0,0,0.36,31
STEW,38,random_forest,0,1,0.5333333333333333,31
STEW,38,random_forest,0,0,0.2833333333333333,31
STEW,39,random_forest,1,0,0.3233333333333333,32
STEW,39,random_forest,1,0,0.2833333333333333,32
STEW,39,random_forest,1,0,0.14666666666666667,32
STEW,39,random_forest,1,0,0.10333333333333333,32
STEW,39,random_forest,1,1,0.6,32
STEW,39,random_forest,1,0,0.22,32
STEW,39,random_forest,1,1,0.5433333333333333,32
STEW,39,random_forest,1,1,0.8966666666666666,32
STEW,39,random_forest,1,1,0.7833333333333333,32
STEW,39,random_forest,1,1,0.7233333333333334,32
STEW,39,random_forest,1,1,0.9333333333333333,32
STEW,39,random_forest,1,0,0.44,32
STEW,39,random_forest,1,1,0.8233333333333334,32
STEW,39,random_forest,1,0,0.3466666666666667,32
STEW,39,random_forest,1,0,0.3933333333333333,32
STEW,39,random_forest,1,0,0.3566666666666667,32
STEW,39,random_forest,1,0,0.4266666666666667,32
STEW,39,random_forest,1,0,0.42333333333333334,32
STEW,39,random_forest,1,0,0.39,32
STEW,39,random_forest,0,0,0.22333333333333333,32
STEW,39,random_forest,0,1,0.53,32
STEW,39,random_forest,0,0,0.16333333333333333,32
STEW,39,random_forest,0,0,0.22666666666666666,32
STEW,39,random_forest,0,0,0.18666666666666668,32
STEW,39,random_forest,0,0,0.20666666666666667,32
STEW,39,random_forest,0,0,0.15666666666666668,32
STEW,39,random_forest,0,0,0.14333333333333334,32
STEW,39,random_forest,0,1,0.6466666666666666,32
STEW,39,random_forest,0,0,0.25,32
STEW,39,random_forest,0,0,0.24666666666666667,32
STEW,39,random_forest,0,0,0.4166666666666667,32
STEW,39,random_forest,0,1,0.6333333333333333,32
STEW,39,random_forest,0,1,0.66,32
STEW,39,random_forest,0,1,0.6233333333333333,32
STEW,39,random_forest,0,1,0.5366666666666666,32
STEW,39,random_forest,0,0,0.47,32
STEW,39,random_forest,0,0,0.25666666666666665,32
STEW,39,random_forest,0,0,0.31333333333333335,32
STEW,39,random_forest,0,0,0.29333333333333333,32
STEW,4,random_forest,1,1,0.8666666666666667,33
STEW,4,random_forest,1,1,0.8133333333333334,33
STEW,4,random_forest,1,1,0.8666666666666667,33
STEW,4,random_forest,1,1,0.7133333333333334,33
STEW,4,random_forest,1,0,0.24,33
STEW,4,random_forest,1,1,0.6633333333333333,33
STEW,4,random_forest,1,1,0.7133333333333334,33
STEW,4,random_forest,1,0,0.49333333333333335,33
STEW,4,random_forest,1,1,0.83,33
STEW,4,random_forest,1,1,0.83,33
STEW,4,random_forest,1,1,0.5366666666666666,33
STEW,4,random_forest,1,1,0.8366666666666667,33
STEW,4,random_forest,1,1,0.6566666666666666,33
STEW,4,random_forest,1,1,0.8833333333333333,33
STEW,4,random_forest,1,1,0.6333333333333333,33
STEW,4,random_forest,1,1,0.78,33
STEW,4,random_forest,1,1,0.64,33
STEW,4,random_forest,1,1,0.6066666666666667,33
STEW,4,random_forest,1,1,0.8333333333333334,33
STEW,4,random_forest,1,0,0.49,33
STEW,4,random_forest,1,1,0.7566666666666667,33
STEW,4,random_forest,1,0,0.33,33
STEW,4,random_forest,1,1,0.8333333333333334,33
STEW,4,random_forest,0,1,0.5033333333333333,33
STEW,4,random_forest,0,0,0.49,33
STEW,4,random_forest,0,0,0.43,33
STEW,4,random_forest,0,1,0.8133333333333334,33
STEW,4,random_forest,0,1,0.5233333333333333,33
STEW,4,random_forest,0,0,0.2633333333333333,33
STEW,4,random_forest,0,0,0.21,33
STEW,4,random_forest,0,0,0.44666666666666666,33
STEW,4,random_forest,0,0,0.2633333333333333,33
STEW,4,random_forest,0,0,0.25,33
STEW,4,random_forest,0,1,0.76,33
STEW,4,random_forest,0,0,0.4866666666666667,33
STEW,4,random_forest,0,1,0.66,33
STEW,4,random_forest,0,0,0.43666666666666665,33
STEW,4,random_forest,0,0,0.22333333333333333,33
STEW,4,random_forest,0,0,0.18666666666666668,33
STEW,4,random_forest,0,0,0.24333333333333335,33
STEW,4,random_forest,0,0,0.2733333333333333,33
STEW,40,random_forest,1,0,0.38,34
STEW,40,random_forest,1,0,0.36333333333333334,34
STEW,40,random_forest,1,1,0.7966666666666666,34
STEW,40,random_forest,1,0,0.31,34
STEW,40,random_forest,1,0,0.49,34
STEW,40,random_forest,1,1,0.52,34
STEW,40,random_forest,1,1,0.57,34
STEW,40,random_forest,1,0,0.27666666666666667,34
STEW,40,random_forest,1,1,0.5833333333333334,34
STEW,40,random_forest,1,1,0.5566666666666666,34
STEW,40,random_forest,1,1,0.5966666666666667,34
STEW,40,random_forest,1,1,0.81,34
STEW,40,random_forest,1,1,0.7933333333333333,34
STEW,40,random_forest,1,1,0.86,34
STEW,40,random_forest,1,1,0.7066666666666667,34
STEW,40,random_forest,1,1,0.5466666666666666,34
STEW,40,random_forest,1,1,0.9033333333333333,34
STEW,40,random_forest,1,1,0.5933333333333334,34
STEW,40,random_forest,1,1,0.89,34
STEW,40,random_forest,1,0,0.44,34
STEW,40,random_forest,1,1,0.6766666666666666,34
STEW,40,random_forest,1,1,0.9033333333333333,34
STEW,40,random_forest,1,1,0.76,34
STEW,40,random_forest,0,1,0.59,34
STEW,40,random_forest,0,0,0.27666666666666667,34
STEW,40,random_forest,0,0,0.35333333333333333,34
STEW,40,random_forest,0,0,0.49666666666666665,34
STEW,40,random_forest,0,0,0.3233333333333333,34
STEW,40,random_forest,0,1,0.55,34
STEW,40,random_forest,0,0,0.4033333333333333,34
STEW,40,random_forest,0,0,0.42,34
STEW,40,random_forest,0,0,0.2733333333333333,34
STEW,40,random_forest,0,0,0.3933333333333333,34
STEW,40,random_forest,0,1,0.6166666666666667,34
STEW,40,random_forest,0,0,0.2733333333333333,34
STEW,40,random_forest,0,0,0.48333333333333334,34
STEW,40,random_forest,0,0,0.31,34
STEW,40,random_forest,0,0,0.2733333333333333,34
STEW,40,random_forest,0,0,0.27666666666666667,34
STEW,40,random_forest,0,0,0.29333333333333333,34
STEW,40,random_forest,0,0,0.25,34
STEW,40,random_forest,0,0,0.31666666666666665,34
STEW,40,random_forest,0,0,0.38,34
STEW,40,random_forest,0,0,0.3233333333333333,34
STEW,40,random_forest,0,0,0.25333333333333335,34
STEW,40,random_forest,0,0,0.27,34
STEW,40,random_forest,0,0,0.44,34
STEW,41,random_forest,1,1,0.6366666666666667,35
STEW,41,random_forest,1,1,0.61,35
STEW,41,random_forest,1,0,0.3,35
STEW,41,random_forest,1,1,0.6633333333333333,35
STEW,41,random_forest,1,1,0.94,35
STEW,41,random_forest,1,1,0.7366666666666667,35
STEW,41,random_forest,1,1,0.5633333333333334,35
STEW,41,random_forest,1,1,0.5233333333333333,35
STEW,41,random_forest,1,1,0.94,35
STEW,41,random_forest,1,1,0.6566666666666666,35
STEW,41,random_forest,1,1,0.6566666666666666,35
STEW,41,random_forest,1,1,0.8266666666666667,35
STEW,41,random_forest,1,1,0.8866666666666667,35
STEW,41,random_forest,1,1,0.6733333333333333,35
STEW,41,random_forest,1,1,0.8533333333333334,35
STEW,41,random_forest,1,1,0.85,35
STEW,41,random_forest,1,1,0.7866666666666666,35
STEW,41,random_forest,1,1,0.7966666666666666,35
STEW,41,random_forest,1,1,0.77,35
STEW,41,random_forest,1,1,0.8033333333333333,35
STEW,41,random_forest,1,1,0.7766666666666666,35
STEW,41,random_forest,0,0,0.43666666666666665,35
STEW,41,random_forest,0,0,0.49333333333333335,35
STEW,41,random_forest,0,0,0.4166666666666667,35
STEW,41,random_forest,0,0,0.37333333333333335,35
STEW,41,random_forest,0,0,0.36,35
STEW,41,random_forest,0,0,0.42333333333333334,35
STEW,41,random_forest,0,1,0.5833333333333334,35
STEW,41,random_forest,0,1,0.6133333333333333,35
STEW,41,random_forest,0,0,0.23333333333333334,35
STEW,41,random_forest,0,0,0.4766666666666667,35
STEW,41,random_forest,0,0,0.37666666666666665,35
STEW,41,random_forest,0,1,0.6066666666666667,35
STEW,41,random_forest,0,1,0.5066666666666667,35
STEW,41,random_forest,0,0,0.4766666666666667,35
STEW,41,random_forest,0,0,0.35333333333333333,35
STEW,41,random_forest,0,1,0.68,35
STEW,41,random_forest,0,0,0.49,35
STEW,41,random_forest,0,1,0.5633333333333334,35
STEW,41,random_forest,0,0,0.4266666666666667,35
STEW,41,random_forest,0,1,0.7233333333333334,35
STEW,41,random_forest,0,1,0.58,35
STEW,41,random_forest,0,0,0.49666666666666665,35
STEW,41,random_forest,0,0,0.4866666666666667,35
STEW,41,random_forest,0,0,0.49333333333333335,35
STEW,41,random_forest,0,1,0.5633333333333334,35
STEW,42,random_forest,1,0,0.48,36
STEW,42,random_forest,1,1,0.9166666666666666,36
STEW,42,random_forest,1,0,0.38,36
STEW,42,random_forest,1,1,0.72,36
STEW,42,random_forest,1,1,0.8433333333333334,36
STEW,42,random_forest,1,1,0.63,36
STEW,42,random_forest,1,0,0.4633333333333333,36
STEW,42,random_forest,1,1,0.8966666666666666,36
STEW,42,random_forest,1,1,0.6333333333333333,36
STEW,42,random_forest,1,0,0.2866666666666667,36
STEW,42,random_forest,1,1,0.57,36
STEW,42,random_forest,1,0,0.26,36
STEW,42,random_forest,1,0,0.26666666666666666,36
STEW,42,random_forest,1,1,0.6466666666666666,36
STEW,42,random_forest,1,0,0.27666666666666667,36
STEW,42,random_forest,1,0,0.41,36
STEW,42,random_forest,1,1,0.63,36
STEW,42,random_forest,1,1,0.8433333333333334,36
STEW,42,random_forest,1,1,0.7166666666666667,36
STEW,42,random_forest,1,0,0.49,36
STEW,42,random_forest,1,1,0.85,36
STEW,42,random_forest,1,1,0.74,36
STEW,42,random_forest,1,0,0.4633333333333333,36
STEW,42,random_forest,1,1,0.7833333333333333,36
STEW,42,random_forest,1,1,0.5866666666666667,36
STEW,42,random_forest,1,0,0.19,36
STEW,42,random_forest,1,0,0.42333333333333334,36
STEW,42,random_forest,1,1,0.73,36
STEW,42,random_forest,1,0,0.42333333333333334,36
STEW,42,random_forest,1,1,0.5266666666666666,36
STEW,42,random_forest,0,0,0.32,36
STEW,42,random_forest,0,0,0.2,36
STEW,42,random_forest,0,0,0.10666666666666667,36
STEW,42,random_forest,0,0,0.056666666666666664,36
STEW,42,random_forest,0,0,0.08666666666666667,36
STEW,42,random_forest,0,0,0.06666666666666667,36
STEW,42,random_forest,0,0,0.20333333333333334,36
STEW,42,random_forest,0,0,0.08,36
STEW,42,random_forest,0,0,0.08666666666666667,36
STEW,42,random_forest,0,0,0.27,36
STEW,42,random_forest,0,0,0.11333333333333333,36
STEW,42,random_forest,0,0,0.1,36
STEW,42,random_forest,0,0,0.14333333333333334,36
STEW,42,random_forest,0,0,0.13333333333333333,36
STEW,42,random_forest,0,0,0.19666666666666666,36
STEW,42,random_forest,0,0,0.18666666666666668,36
STEW,42,random_forest,0,0,0.08333333333333333,36
STEW,42,random_forest,0,0,0.06,36
STEW,42,random_forest,0,0,0.17666666666666667,36
STEW,42,random_forest,0,0,0.07666666666666666,36
STEW,42,random_forest,0,0,0.1,36
STEW,42,random_forest,0,0,0.06,36
STEW,42,random_forest,0,0,0.11,36
STEW,42,random_forest,0,0,0.41333333333333333,36
STEW,43,random_forest,0,0,0.46,37
STEW,43,random_forest,0,0,0.5,37
STEW,43,random_forest,0,0,0.44,37
STEW,43,random_forest,0,1,0.5466666666666666,37
STEW,43,random_forest,0,0,0.4,37
STEW,43,random_forest,0,0,0.42,37
STEW,43,random_forest,0,0,0.38666666666666666,37
STEW,43,random_forest,0,0,0.36666666666666664,37
STEW,43,random_forest,0,0,0.30333333333333334,37
STEW,43,random_forest,0,0,0.38,37
STEW,43,random_forest,0,0,0.3466666666666667,37
STEW,43,random_forest,0,1,0.6033333333333334,37
STEW,43,random_forest,0,1,0.74,37
STEW,43,random_forest,0,1,0.5733333333333334,37
STEW,43,random_forest,0,0,0.4866666666666667,37
STEW,43,random_forest,1,0,0.4266666666666667,37
STEW,43,random_forest,1,1,0.54,37
STEW,43,random_forest,1,0,0.19666666666666666,37
STEW,43,random_forest,1,1,0.56,37
STEW,43,random_forest,1,1,0.6266666666666667,37
STEW,43,random_forest,1,0,0.48333333333333334,37
STEW,43,random_forest,1,1,0.8033333333333333,37
STEW,43,random_forest,1,1,0.79,37
STEW,43,random_forest,1,1,0.73,37
STEW,43,random_forest,1,1,0.7666666666666667,37
STEW,43,random_forest,1,1,0.6233333333333333,37
STEW,43,random_forest,1,1,0.6733333333333333,37
STEW,43,random_forest,1,0,0.44,37
STEW,43,random_forest,1,1,0.5833333333333334,37
STEW,43,random_forest,1,1,0.83,37
STEW,43,random_forest,1,1,0.5266666666666666,37
STEW,43,random_forest,1,1,0.8233333333333334,37
STEW,43,random_forest,1,1,0.6266666666666667,37
STEW,44,random_forest,1,1,0.5266666666666666,38
STEW,44,random_forest,1,1,0.67,38
STEW,44,random_forest,1,1,0.6233333333333333,38
STEW,44,random_forest,1,0,0.32,38
STEW,44,random_forest,1,0,0.29333333333333333,38
STEW,44,random_forest,1,1,0.62,38
STEW,44,random_forest,1,1,0.8466666666666667,38
STEW,44,random_forest,1,1,0.6333333333333333,38
STEW,44,random_forest,1,1,0.8133333333333334,38
STEW,44,random_forest,1,1,0.72,38
STEW,44,random_forest,1,1,0.5466666666666666,38
STEW,44,random_forest,1,1,0.61,38
STEW,44,random_forest,1,1,0.8366666666666667,38
STEW,44,random_forest,1,1,0.85,38
STEW,44,random_forest,1,1,0.8033333333333333,38
STEW,44,random_forest,1,1,0.71,38
STEW,44,random_forest,1,1,0.66,38
STEW,44,random_forest,1,1,0.6266666666666667,38
STEW,44,random_forest,1,0,0.49666666666666665,38
STEW,44,random_forest,1,1,0.5366666666666666,38
STEW,44,random_forest,0,0,0.3933333333333333,38
STEW,44,random_forest,0,0,0.34,38
STEW,44,random_forest,0,1,0.5266666666666666,38
STEW,44,random_forest,0,0,0.31,38
STEW,44,random_forest,0,0,0.3333333333333333,38
STEW,44,random_forest,0,0,0.29333333333333333,38
STEW,44,random_forest,0,0,0.17666666666666667,38
STEW,44,random_forest,0,0,0.42333333333333334,38
STEW,44,random_forest,0,0,0.32666666666666666,38
STEW,44,random_forest,0,0,0.45,38
STEW,44,random_forest,0,0,0.24333333333333335,38
STEW,44,random_forest,0,0,0.29,38
STEW,44,random_forest,0,0,0.23,38
STEW,44,random_forest,0,0,0.16333333333333333,38
STEW,44,random_forest,0,0,0.3,38
STEW,44,random_forest,0,0,0.19,38
STEW,44,random_forest,0,0,0.44333333333333336,38
STEW,44,random_forest,0,0,0.25666666666666665,38
STEW,44,random_forest,0,0,0.49666666666666665,38
STEW,44,random_forest,0,0,0.16666666666666666,38
STEW,45,random_forest,1,1,0.7833333333333333,39
STEW,45,random_forest,1,1,0.9166666666666666,39
STEW,45,random_forest,1,1,0.78,39
STEW,45,random_forest,1,1,0.6933333333333334,39
STEW,45,random_forest,1,1,0.6766666666666666,39
STEW,45,random_forest,1,1,0.71,39
STEW,45,random_forest,1,1,0.8033333333333333,39
STEW,45,random_forest,1,1,0.9166666666666666,39
STEW,45,random_forest,1,1,0.87,39
STEW,45,random_forest,1,1,0.6966666666666667,39
STEW,45,random_forest,1,1,0.6933333333333334,39
STEW,45,random_forest,1,1,0.9466666666666667,39
STEW,45,random_forest,1,1,0.9633333333333334,39
STEW,45,random_forest,1,1,0.8966666666666666,39
STEW,45,random_forest,0,0,0.27,39
STEW,45,random_forest,0,0,0.2,39
STEW,45,random_forest,0,0,0.2966666666666667,39
STEW,45,random_forest,0,0,0.35333333333333333,39
STEW,45,random_forest,0,0,0.35,39
STEW,45,random_forest,0,0,0.2733333333333333,39
STEW,45,random_forest,0,0,0.24333333333333335,39
STEW,45,random_forest,0,0,0.23666666666666666,39
STEW,45,random_forest,0,0,0.2866666666666667,39
STEW,45,random_forest,0,0,0.20333333333333334,39
STEW,45,random_forest,0,0,0.31,39
STEW,45,random_forest,0,0,0.13666666666666666,39
STEW,45,random_forest,0,0,0.21,39
STEW,45,random_forest,0,0,0.21333333333333335,39
STEW,45,random_forest,0,0,0.17333333333333334,39
STEW,45,random_forest,0,0,0.10666666666666667,39
STEW,45,random_forest,0,0,0.2833333333333333,39
STEW,45,random_forest,0,0,0.17,39
STEW,45,random_forest,0,0,0.18333333333333332,39
STEW,45,random_forest,0,0,0.16333333333333333,39
STEW,45,random_forest,0,0,0.22666666666666666,39
STEW,45,random_forest,0,0,0.12666666666666668,39
STEW,46,random_forest,0,0,0.2833333333333333,40
STEW,46,random_forest,0,0,0.30333333333333334,40
STEW,46,random_forest,0,0,0.3466666666666667,40
STEW,46,random_forest,0,1,0.5866666666666667,40
STEW,46,random_forest,0,1,0.51,40
STEW,46,random_forest,0,0,0.17666666666666667,40
STEW,46,random_forest,0,0,0.22,40
STEW,46,random_forest,0,0,0.3,40
STEW,46,random_forest,0,0,0.37,40
STEW,46,random_forest,0,0,0.38333333333333336,40
STEW,46,random_forest,0,0,0.38666666666666666,40
STEW,46,random_forest,0,1,0.8333333333333334,40
STEW,46,random_forest,0,1,0.75,40
STEW,46,random_forest,0,1,0.9,40
STEW,46,random_forest,0,1,0.8833333333333333,40
STEW,46,random_forest,0,1,0.7733333333333333,40
STEW,46,random_forest,0,1,0.5566666666666666,40
STEW,46,random_forest,0,1,0.7466666666666667,40
STEW,46,random_forest,0,0,0.43666666666666665,40
STEW,46,random_forest,0,1,0.5633333333333334,40
STEW,46,random_forest,1,0,0.41,40
STEW,46,random_forest,1,1,0.72,40
STEW,46,random_forest,1,1,0.6966666666666667,40
STEW,46,random_forest,1,1,0.7266666666666667,40
STEW,46,random_forest,1,1,0.9666666666666667,40
STEW,46,random_forest,1,1,0.66,40
STEW,46,random_forest,1,1,0.9033333333333333,40
STEW,46,random_forest,1,1,0.7633333333333333,40
STEW,46,random_forest,1,1,0.8033333333333333,40
STEW,46,random_forest,1,1,0.6733333333333333,40
STEW,46,random_forest,1,1,0.9433333333333334,40
STEW,46,random_forest,1,1,0.8266666666666667,40
STEW,46,random_forest,1,1,0.8,40
STEW,46,random_forest,1,1,0.6133333333333333,40
STEW,46,random_forest,1,1,0.54,40
STEW,46,random_forest,1,1,0.7733333333333333,40
STEW,46,random_forest,1,1,0.9266666666666666,40
STEW,46,random_forest,1,1,0.7933333333333333,40
STEW,46,random_forest,1,1,0.72,40
STEW,46,random_forest,1,1,0.5666666666666667,40
STEW,46,random_forest,1,1,0.6233333333333333,40
STEW,46,random_forest,1,1,0.5566666666666666,40
STEW,46,random_forest,1,1,0.73,40
STEW,46,random_forest,1,1,0.9333333333333333,40
STEW,46,random_forest,1,1,0.5733333333333334,40
STEW,46,random_forest,1,0,0.2966666666666667,40
STEW,47,random_forest,0,0,0.4,41
STEW,47,random_forest,0,1,0.7966666666666666,41
STEW,47,random_forest,0,1,0.6666666666666666,41
STEW,47,random_forest,0,0,0.3566666666666667,41
STEW,47,random_forest,0,1,0.5066666666666667,41
STEW,47,random_forest,0,0,0.07333333333333333,41
STEW,47,random_forest,0,1,0.52,41
STEW,47,random_forest,0,1,0.5666666666666667,41
STEW,47,random_forest,0,1,0.6866666666666666,41
STEW,47,random_forest,0,1,0.8866666666666667,41
STEW,47,random_forest,0,1,0.5133333333333333,41
STEW,47,random_forest,0,1,0.67,41
STEW,47,random_forest,0,1,0.51,41
STEW,47,random_forest,0,1,0.66,41
STEW,47,random_forest,0,0,0.39666666666666667,41
STEW,47,random_forest,0,1,0.7033333333333334,41
STEW,47,random_forest,0,0,0.4266666666666667,41
STEW,47,random_forest,0,1,0.79,41
STEW,47,random_forest,0,1,0.6333333333333333,41
STEW,47,random_forest,0,1,0.84,41
STEW,47,random_forest,0,1,0.8133333333333334,41
STEW,47,random_forest,0,1,0.6433333333333333,41
STEW,47,random_forest,0,1,0.7466666666666667,41
STEW,47,random_forest,1,1,0.5266666666666666,41
STEW,47,random_forest,1,1,0.76,41
STEW,47,random_forest,1,1,0.85,41
STEW,47,random_forest,1,1,0.8733333333333333,41
STEW,47,random_forest,1,1,0.6866666666666666,41
STEW,47,random_forest,1,1,0.7333333333333333,41
STEW,47,random_forest,1,1,0.67,41
STEW,47,random_forest,1,1,0.7933333333333333,41
STEW,47,random_forest,1,1,0.8133333333333334,41
STEW,47,random_forest,1,1,0.6533333333333333,41
STEW,47,random_forest,1,1,0.7333333333333333,41
STEW,47,random_forest,1,1,0.7766666666666666,41
STEW,47,random_forest,1,1,0.8433333333333334,41
STEW,47,random_forest,1,0,0.49333333333333335,41
STEW,47,random_forest,1,1,0.55,41
STEW,47,random_forest,1,1,0.5133333333333333,41
STEW,47,random_forest,1,1,0.7066666666666667,41
STEW,47,random_forest,1,1,0.82,41
STEW,47,random_forest,1,1,0.83,41
STEW,47,random_forest,1,1,0.9233333333333333,41
STEW,47,random_forest,1,1,0.84,41
STEW,47,random_forest,1,1,0.76,41
STEW,47,random_forest,1,1,0.7133333333333334,41
STEW,47,random_forest,1,1,0.7333333333333333,41
STEW,47,random_forest,1,1,0.7766666666666666,41
STEW,47,random_forest,1,1,0.71,41
STEW,47,random_forest,1,1,0.67,41
STEW,48,random_forest,0,0,0.4266666666666667,42
STEW,48,random_forest,0,0,0.35,42
STEW,48,random_forest,0,0,0.16666666666666666,42
STEW,48,random_forest,0,1,0.6133333333333333,42
STEW,48,random_forest,0,0,0.49666666666666665,42
STEW,48,random_forest,0,0,0.46,42
STEW,48,random_forest,0,0,0.35333333333333333,42
STEW,48,random_forest,0,1,0.6433333333333333,42
STEW,48,random_forest,0,1,0.6833333333333333,42
STEW,48,random_forest,0,1,0.6766666666666666,42
STEW,48,random_forest,0,1,0.5233333333333333,42
STEW,48,random_forest,0,1,0.59,42
STEW,48,random_forest,0,0,0.14,42
STEW,48,random_forest,0,0,0.24333333333333335,42
STEW,48,random_forest,0,0,0.3466666666666667,42
STEW,48,random_forest,0,0,0.2733333333333333,42
STEW,48,random_forest,0,0,0.48,42
STEW,48,random_forest,0,0,0.48333333333333334,42
STEW,48,random_forest,0,0,0.31333333333333335,42
STEW,48,random_forest,1,1,0.7533333333333333,42
STEW,48,random_forest,1,1,0.8366666666666667,42
STEW,48,random_forest,1,1,0.8766666666666667,42
STEW,48,random_forest,1,1,0.7366666666666667,42
STEW,48,random_forest,1,1,0.7533333333333333,42
STEW,48,random_forest,1,1,0.69,42
STEW,48,random_forest,1,0,0.2966666666666667,42
STEW,48,random_forest,1,1,0.8066666666666666,42
STEW,48,random_forest,1,0,0.3,42
STEW,48,random_forest,1,0,0.33666666666666667,42
STEW,48,random_forest,1,1,0.58,42
STEW,48,random_forest,1,1,0.75,42
STEW,48,random_forest,1,1,0.8566666666666667,42
STEW,48,random_forest,1,1,0.8933333333333333,42
STEW,48,random_forest,1,1,0.82,42
STEW,48,random_forest,1,1,0.8833333333333333,42
STEW,48,random_forest,1,1,0.74,42
STEW,48,random_forest,1,0,0.48333333333333334,42
STEW,48,random_forest,1,1,0.8733333333333333,42
STEW,48,random_forest,1,1,0.8633333333333333,42
STEW,5,random_forest,1,1,0.58,43
STEW,5,random_forest,1,1,0.6966666666666667,43
STEW,5,random_forest,1,1,0.6566666666666666,43
STEW,5,random_forest,1,1,0.7666666666666667,43
STEW,5,random_forest,1,1,0.8266666666666667,43
STEW,5,random_forest,1,1,0.68,43
STEW,5,random_forest,1,1,0.7366666666666667,43
STEW,5,random_forest,1,1,0.7066666666666667,43
STEW,5,random_forest,1,1,0.6966666666666667,43
STEW,5,random_forest,1,1,0.7933333333333333,43
STEW,5,random_forest,1,1,0.7833333333333333,43
STEW,5,random_forest,1,1,0.7733333333333333,43
STEW,5,random_forest,1,1,0.7966666666666666,43
STEW,5,random_forest,1,1,0.77,43
STEW,5,random_forest,1,1,0.7866666666666666,43
STEW,5,random_forest,1,1,0.8,43
STEW,5,random_forest,1,1,0.83,43
STEW,5,random_forest,1,1,0.82,43
STEW,5,random_forest,1,1,0.7133333333333334,43
STEW,5,random_forest,1,1,0.8,43
STEW,5,random_forest,1,1,0.8133333333333334,43
STEW,5,random_forest,1,1,0.8266666666666667,43
STEW,5,random_forest,0,0,0.38,43
STEW,5,random_forest,0,0,0.3466666666666667,43
STEW,5,random_forest,0,0,0.3566666666666667,43
STEW,5,random_forest,0,0,0.35333333333333333,43
STEW,5,random_forest,0,0,0.32,43
STEW,5,random_forest,0,0,0.27666666666666667,43
STEW,5,random_forest,0,0,0.48333333333333334,43
STEW,5,random_forest,0,0,0.27666666666666667,43
STEW,5,random_forest,0,0,0.37333333333333335,43
STEW,5,random_forest,0,0,0.43,43
STEW,5,random_forest,0,0,0.36333333333333334,43
STEW,5,random_forest,0,0,0.48,43
STEW,5,random_forest,0,0,0.46,43
STEW,5,random_forest,0,0,0.3466666666666667,43
STEW,5,random_forest,0,0,0.36333333333333334,43
STEW,5,random_forest,0,0,0.4666666666666667,43
STEW,5,random_forest,0,0,0.22333333333333333,43
STEW,5,random_forest,0,0,0.36666666666666664,43
STEW,5,random_forest,0,0,0.49333333333333335,43
STEW,5,random_forest,0,0,0.4066666666666667,43
STEW,5,random_forest,0,0,0.4533333333333333,43
STEW,5,random_forest,0,0,0.27,43
STEW,5,random_forest,0,0,0.24666666666666667,43
STEW,6,random_forest,0,0,0.22333333333333333,44
STEW,6,random_forest,0,0,0.19333333333333333,44
STEW,6,random_forest,0,0,0.29333333333333333,44
STEW,6,random_forest,0,0,0.49666666666666665,44
STEW,6,random_forest,0,0,0.31333333333333335,44
STEW,6,random_forest,0,1,0.7266666666666667,44
STEW,6,random_forest,0,1,0.78,44
STEW,6,random_forest,0,0,0.44666666666666666,44
STEW,6,random_forest,0,0,0.2966666666666667,44
STEW,6,random_forest,0,0,0.37,44
STEW,6,random_forest,0,0,0.32666666666666666,44
STEW,6,random_forest,0,0,0.3933333333333333,44
STEW,6,random_forest,0,0,0.38333333333333336,44
STEW,6,random_forest,0,0,0.3,44
STEW,6,random_forest,0,0,0.2966666666666667,44
STEW,6,random_forest,0,1,0.5966666666666667,44
STEW,6,random_forest,0,1,0.8966666666666666,44
STEW,6,random_forest,0,1,0.78,44
STEW,6,random_forest,0,1,0.7233333333333334,44
STEW,6,random_forest,0,1,0.7366666666666667,44
STEW,6,random_forest,0,1,0.78,44
STEW,6,random_forest,0,0,0.35333333333333333,44
STEW,6,random_forest,1,1,0.79,44
STEW,6,random_forest,1,1,0.76,44
STEW,6,random_forest,1,1,0.71,44
STEW,6,random_forest,1,1,0.7866666666666666,44
STEW,6,random_forest,1,1,0.8033333333333333,44
STEW,6,random_forest,1,1,0.74,44
STEW,6,random_forest,1,1,0.7933333333333333,44
STEW,6,random_forest,1,1,0.75,44
STEW,6,random_forest,1,0,0.4666666666666667,44
STEW,6,random_forest,1,1,0.63,44
STEW,6,random_forest,1,1,0.61,44
STEW,6,random_forest,1,1,0.7133333333333334,44
STEW,6,random_forest,1,1,0.81,44
STEW,6,random_forest,1,1,0.74,44
STEW,6,random_forest,1,0,0.45666666666666667,44
STEW,7,random_forest,0,0,0.16666666666666666,45
STEW,7,random_forest,0,0,0.18,45
STEW,7,random_forest,0,0,0.11333333333333333,45
STEW,7,random_forest,0,0,0.11666666666666667,45
STEW,7,random_forest,0,0,0.18333333333333332,45
STEW,7,random_forest,0,0,0.29,45
STEW,7,random_forest,0,0,0.26,45
STEW,7,random_forest,0,0,0.3,45
STEW,7,random_forest,0,0,0.47,45
STEW,7,random_forest,0,0,0.4633333333333333,45
STEW,7,random_forest,0,0,0.2633333333333333,45
STEW,7,random_forest,0,1,0.6333333333333333,45
STEW,7,random_forest,0,0,0.09,45
STEW,7,random_forest,0,0,0.2,45
STEW,7,random_forest,0,0,0.22,45
STEW,7,random_forest,0,0,0.31666666666666665,45
STEW,7,random_forest,0,0,0.21666666666666667,45
STEW,7,random_forest,0,0,0.24,45
STEW,7,random_forest,0,0,0.21666666666666667,45
STEW,7,random_forest,0,0,0.17666666666666667,45
STEW,7,random_forest,0,1,0.5166666666666667,45
STEW,7,random_forest,0,0,0.29333333333333333,45
STEW,7,random_forest,1,0,0.47,45
STEW,7,random_forest,1,1,0.76,45
STEW,7,random_forest,1,1,0.6233333333333333,45
STEW,7,random_forest,1,1,0.74,45
STEW,7,random_forest,1,1,0.5266666666666666,45
STEW,7,random_forest,1,1,0.7333333333333333,45
STEW,7,random_forest,1,1,0.83,45
STEW,7,random_forest,1,1,0.7966666666666666,45
STEW,7,random_forest,1,1,0.64,45
STEW,7,random_forest,1,1,0.6166666666666667,45
STEW,7,random_forest,1,1,0.55,45
STEW,7,random_forest,1,1,0.58,45
STEW,7,random_forest,1,0,0.42,45
STEW,7,random_forest,1,0,0.3233333333333333,45
STEW,7,random_forest,1,1,0.7266666666666667,45
STEW,7,random_forest,1,1,0.5866666666666667,45
STEW,7,random_forest,1,1,0.6133333333333333,45
STEW,7,random_forest,1,1,0.6966666666666667,45
STEW,7,random_forest,1,1,0.59,45
STEW,7,random_forest,1,1,0.5466666666666666,45
STEW,7,random_forest,1,1,0.52,45
STEW,7,random_forest,1,0,0.4033333333333333,45
STEW,7,random_forest,1,1,0.8166666666666667,45
STEW,7,random_forest,1,1,0.6766666666666666,45
STEW,7,random_forest,1,1,0.5533333333333333,45
STEW,8,random_forest,1,0,0.47333333333333333,46
STEW,8,random_forest,1,0,0.4666666666666667,46
STEW,8,random_forest,1,0,0.44666666666666666,46
STEW,8,random_forest,1,1,0.6266666666666667,46
STEW,8,random_forest,1,1,0.66,46
STEW,8,random_forest,1,1,0.5433333333333333,46
STEW,8,random_forest,1,1,0.8533333333333334,46
STEW,8,random_forest,1,1,0.87,46
STEW,8,random_forest,1,1,0.9033333333333333,46
STEW,8,random_forest,1,1,0.8166666666666667,46
STEW,8,random_forest,1,1,0.8,46
STEW,8,random_forest,1,1,0.8666666666666667,46
STEW,8,random_forest,1,1,0.7933333333333333,46
STEW,8,random_forest,1,1,0.61,46
STEW,8,random_forest,1,1,0.78,46
STEW,8,random_forest,1,1,0.8333333333333334,46
STEW,8,random_forest,0,1,0.5433333333333333,46
STEW,8,random_forest,0,0,0.37333333333333335,46
STEW,8,random_forest,0,0,0.33666666666666667,46
STEW,8,random_forest,0,0,0.45,46
STEW,8,random_forest,0,0,0.38,46
STEW,8,random_forest,0,0,0.2866666666666667,46
STEW,8,random_forest,0,0,0.3566666666666667,46
STEW,8,random_forest,0,0,0.35,46
STEW,8,random_forest,0,1,0.6366666666666667,46
STEW,8,random_forest,0,0,0.23333333333333334,46
STEW,8,random_forest,0,0,0.3466666666666667,46
STEW,8,random_forest,0,0,0.2866666666666667,46
STEW,8,random_forest,0,0,0.16,46
STEW,8,random_forest,0,1,0.5066666666666667,46
STEW,8,random_forest,0,0,0.30666666666666664,46
STEW,8,random_forest,0,0,0.21666666666666667,46
STEW,9,random_forest,0,0,0.29,47
STEW,9,random_forest,0,0,0.31333333333333335,47
STEW,9,random_forest,0,0,0.2733333333333333,47
STEW,9,random_forest,0,0,0.45,47
STEW,9,random_forest,0,0,0.24,47
STEW,9,random_forest,0,0,0.3233333333333333,47
STEW,9,random_forest,0,0,0.33666666666666667,47
STEW,9,random_forest,0,0,0.3333333333333333,47
STEW,9,random_forest,0,0,0.2633333333333333,47
STEW,9,random_forest,0,0,0.33,47
STEW,9,random_forest,0,1,0.6733333333333333,47
STEW,9,random_forest,0,0,0.38666666666666666,47
STEW,9,random_forest,0,0,0.4266666666666667,47
STEW,9,random_forest,0,0,0.32,47
STEW,9,random_forest,0,0,0.3333333333333333,47
STEW,9,random_forest,0,0,0.28,47
STEW,9,random_forest,0,0,0.42,47
STEW,9,random_forest,0,0,0.32,47
STEW,9,random_forest,1,0,0.49,47
STEW,9,random_forest,1,0,0.4533333333333333,47
STEW,9,random_forest,1,0,0.44666666666666666,47
STEW,9,random_forest,1,1,0.61,47
STEW,9,random_forest,1,1,0.6766666666666666,47
STEW,9,random_forest,1,0,0.48,47
STEW,9,random_forest,1,1,0.5166666666666667,47
STEW,9,random_forest,1,0,0.45,47
STEW,9,random_forest,1,0,0.42,47
STEW,9,random_forest,1,0,0.22666666666666666,47
STEW,9,random_forest,1,1,0.57,47
STEW,9,random_forest,1,1,0.6333333333333333,47
STEW,9,random_forest,1,1,0.52,47
STEW,9,random_forest,1,0,0.29,47
STEW,9,random_forest,1,0,0.4066666666666667,47
STEW,9,random_forest,1,1,0.5433333333333333,47
STEW,9,random_forest,1,1,0.54,47
STEW,9,random_forest,1,0,0.49333333333333335,47
STEW,9,random_forest,1,0,0.3933333333333333,47
